{"type": "FeatureCollection", "features": [{"id": "1590212", "type": "Feature", "properties": {"id": "1590212", "CVEGEO": "2004400010407058", "POBTOT": 14.0, "score_nse": 0.0, "NSE": "ND", "VIVTOT": 6.0, "GRAPROES": 7.75, "_ent": "20", "_mun": "044", "_loc": "0001"}, "geometry": {"type": "Polygon", "coordinates": [[[-95.88679, 18.10211], [-95.88646, 18.10272], [-95.88612, 18.10258], [-95.88645, 18.10194], [-95.88679, 18.10211]]]}}, {"id": "1590213", "type": "Feature", "properties": {"id": "1590213", "CVEGEO": "2004400010407054", "POBTOT": 24.0, "score_nse": 0.0, "NSE": "ND", "VIVTOT": 5.0, "GRAPROES": 7.59, "_ent": "20", "_mun": "044", "_loc": "0001"}, "geometry": {"type": "Polygon", "coordinates": [[[-95.88642, 18.10277], [-95.88601, 18.1036], [-95.88568, 18.10355], [-95.88607, 18.10264], [-95.88642, 18.10277]]]}}, {"id": "1590214", "type": "Feature", "properties": {"id": "1590214", "CVEGEO": "2004400010407055", "POBTOT": 36.0, "score_nse": 58.6344, "NSE": "C", "VIVTOT": 17.0, "GRAPROES": 10.03, "_ent": "20", "_mun": "044", "_loc": "0001"}, "geometry": {"type": "Polygon", "coordinates": [[[-95.88639, 18.10192], [-95.88562, 18.10355], [-95.88512, 18.10349], [-95.88579, 18.10166], [-95.88639, 18.10192]]]}}, {"id": "1590218", "type": "Feature", "properties": {"id": "1590218", "CVEGEO": "2004400010233050", "POBTOT": 20.0, "score_nse": 0.0, "NSE": "ND", "VIVTOT": 8.0, "GRAPROES": 10.15, "_ent": "20", "_mun": "044", "_loc": "0001"}, "geometry": {"type": "Polygon", "coordinates": [[[-95.88916, 18.11246], [-95.88845, 18.11291], [-95.88838, 18.11253], [-95.88895, 18.11217], [-95.88916, 18.11246]]]}}, {"id": "1590219", "type": "Feature", "properties": {"id": "1590219", "CVEGEO": "2004400010271031", "POBTOT": 53.0, "score_nse": 45.164, "NSE": "C-", "VIVTOT": 25.0, "GRAPROES": 7.6, "_ent": "20", "_mun": "044", "_loc": "0001"}, "geometry": {"type": "Polygon", "coordinates": [[[-95.87844, 18.11626], [-95.87784, 18.11658], [-95.87743, 18.11659], [-95.87746, 18.11726], [-95.87679, 18.11644], [-95.87801, 18.11566], [-95.87844, 18.11626]]]}}, {"id": "1590223", "type": "Feature", "properties": {"id": "1590223", "CVEGEO": "2004400010214015", "POBTOT": 43.0, "score_nse": 0.0, "NSE": "ND", "VIVTOT": 17.0, "GRAPROES": 6.84, "_ent": "20", "_mun": "044", "_loc": "0001"}, "geometry": {"type": "Polygon", "coordinates": [[[-95.87895, 18.09537], [-95.87798, 18.09536], [-95.87799, 18.09498], [-95.87896, 18.09507], [-95.87895, 18.09537]]]}}, {"id": "1590224", "type": "Feature", "properties": {"id": "1590224", "CVEGEO": "2004400010214010", "POBTOT": 4.0, "score_nse": 0.0, "NSE": "ND", "VIVTOT": 7.0, "GRAPROES": 8.25, "_ent": "20", "_mun": "044", "_loc": "0001"}, "geometry": {"type": "Polygon", "coordinates": [[[-95.87721, 18.09444], [-95.8768, 18.09442], [-95.87668, 18.09403], [-95.87708, 18.09404], [-95.87721, 18.09444]]]}}, {"id": "1590225", "type": "Feature", "properties": {"id": "1590225", "CVEGEO": "2004400010430001", "POBTOT": 14.0, "score_nse": 0.0, "NSE": "ND", "VIVTOT": 5.0, "GRAPROES": 9.22, "_ent": "20", "_mun": "044", "_loc": "0001"}, "geometry": {"type": "Polygon", "coordinates": [[[-95.86806, 18.10388], [-95.868, 18.10483], [-95.86769, 18.1048], [-95.86774, 18.10385], [-95.86806, 18.10388]]]}}, {"id": "1590226", "type": "Feature", "properties": {"id": "1590226", "CVEGEO": "2004400010426016", "POBTOT": 12.0, "score_nse": 35.75, "NSE": "D+", "VIVTOT": 4.0, "GRAPROES": 5.1, "_ent": "20", "_mun": "044", "_loc": "0001"}, "geometry": {"type": "Polygon", "coordinates": [[[-95.89037, 18.10865], [-95.88968, 18.10848], [-95.88961, 18.1084], [-95.88998, 18.10817], [-95.89037, 18.10865]]]}}, {"id": "1590227", "type": "Feature", "properties": {"id": "1590227", "CVEGEO": "2004400010318025", "POBTOT": 116.0, "score_nse": 0.0, "NSE": "ND", "VIVTOT": 34.0, "GRAPROES": 7.73, "_ent": "20", "_mun": "044", "_loc": "0001"}, "geometry": {"type": "Polygon", "coordinates": [[[-95.87314, 18.10046], [-95.8729, 18.10123], [-95.87137, 18.10112], [-95.87142, 18.10033], [-95.87314, 18.10046]]]}}, {"id": "1590228", "type": "Feature", "properties": {"id": "1590228", "CVEGEO": "2004400010318024", "POBTOT": 110.0, "score_nse": 54.1907, "NSE": "C-", "VIVTOT": 42.0, "GRAPROES": 7.84, "_ent": "20", "_mun": "044", "_loc": "0001"}, "geometry": {"type": "Polygon", "coordinates": [[[-95.87522, 18.10066], [-95.87511, 18.10139], [-95.87301, 18.10123], [-95.87325, 18.10046], [-95.87522, 18.10066]]]}}, {"id": "1590229", "type": "Feature", "properties": {"id": "1590229", "CVEGEO": "2004400010318023", "POBTOT": 21.0, "score_nse": 0.0, "NSE": "ND", "VIVTOT": 6.0, "GRAPROES": 7.31, "_ent": "20", "_mun": "044", "_loc": "0001"}, "geometry": {"type": "Polygon", "coordinates": [[[-95.87475, 18.09735], [-95.87471, 18.0976], [-95.87395, 18.09756], [-95.87398, 18.09731], [-95.87475, 18.09735]]]}}, {"id": "1590230", "type": "Feature", "properties": {"id": "1590230", "CVEGEO": "2004400010303019", "POBTOT": 4.0, "score_nse": 0.0, "NSE": "ND", "VIVTOT": 1.0, "GRAPROES": 0.0, "_ent": "20", "_mun": "044", "_loc": "0001"}, "geometry": {"type": "Polygon", "coordinates": [[[-95.87646, 18.09697], [-95.87635, 18.0977], [-95.87578, 18.09769], [-95.87587, 18.09706], [-95.87646, 18.09697]]]}}, {"id": "1590231", "type": "Feature", "properties": {"id": "1590231", "CVEGEO": "2004400010303010", "POBTOT": 36.0, "score_nse": 0.0, "NSE": "ND", "VIVTOT": 13.0, "GRAPROES": 6.81, "_ent": "20", "_mun": "044", "_loc": "0001"}, "geometry": {"type": "Polygon", "coordinates": [[[-95.87558, 18.09832], [-95.87552, 18.09869], [-95.87465, 18.09863], [-95.8747, 18.09826], [-95.87558, 18.09832]]]}}, {"id": "1590232", "type": "Feature", "properties": {"id": "1590232", "CVEGEO": "2004400010303009", "POBTOT": 26.0, "score_nse": 57.8509, "NSE": "C", "VIVTOT": 11.0, "GRAPROES": 8.9, "_ent": "20", "_mun": "044", "_loc": "0001"}, "geometry": {"type": "Polygon", "coordinates": [[[-95.8755, 18.09881], [-95.87545, 18.09917], [-95.87459, 18.09911], [-95.87463, 18.09874], [-95.8755, 18.09881]]]}}, {"id": "1590233", "type": "Feature", "properties": {"id": "1590233", "CVEGEO": "2004400010286031", "POBTOT": 55.0, "score_nse": 53.6991, "NSE": "C-", "VIVTOT": 23.0, "GRAPROES": 8.53, "_ent": "20", "_mun": "044", "_loc": "0001"}, "geometry": {"type": "Polygon", "coordinates": [[[-95.88605, 18.1005], [-95.88585, 18.10106], [-95.88421, 18.10085], [-95.88429, 18.10026], [-95.88605, 18.1005]]]}}, {"id": "1590234", "type": "Feature", "properties": {"id": "1590234", "CVEGEO": "2004400010286017", "POBTOT": 23.0, "score_nse": 0.0, "NSE": "ND", "VIVTOT": 14.0, "GRAPROES": 6.44, "_ent": "20", "_mun": "044", "_loc": "0001"}, "geometry": {"type": "Polygon", "coordinates": [[[-95.887, 18.09792], [-95.88632, 18.09981], [-95.88443, 18.09953], [-95.88473, 18.0976], [-95.887, 18.09792]]]}}, {"id": "1590235", "type": "Feature", "properties": {"id": "1590235", "CVEGEO": "2004400010271033", "POBTOT": 84.0, "score_nse": 0.0, "NSE": "ND", "VIVTOT": 35.0, "GRAPROES": 7.73, "_ent": "20", "_mun": "044", "_loc": "0001"}, "geometry": {"type": "Polygon", "coordinates": [[[-95.87928, 18.11748], [-95.87825, 18.11816], [-95.87758, 18.11737], [-95.87869, 18.11662], [-95.87928, 18.11748]]]}}, {"id": "1590236", "type": "Feature", "properties": {"id": "1590236", "CVEGEO": "2004400010271032", "POBTOT": 14.0, "score_nse": 0.0, "NSE": "ND", "VIVTOT": 5.0, "GRAPROES": 8.88, "_ent": "20", "_mun": "044", "_loc": "0001"}, "geometry": {"type": "Polygon", "coordinates": [[[-95.87862, 18.11654], [-95.87761, 18.11718], [-95.87751, 18.11661], [-95.87786, 18.11665], [-95.87848, 18.11634], [-95.87862, 18.11654]]]}}, {"id": "1590237", "type": "Feature", "properties": {"id": "1590237", "CVEGEO": "2004400010271007", "POBTOT": 31.0, "score_nse": 0.0, "NSE": "ND", "VIVTOT": 11.0, "GRAPROES": 9.0, "_ent": "20", "_mun": "044", "_loc": "0001"}, "geometry": {"type": "Polygon", "coordinates": [[[-95.87318, 18.11854], [-95.87286, 18.11874], [-95.87232, 18.11803], [-95.87266, 18.1178], [-95.87318, 18.11854]]]}}, {"id": "1590238", "type": "Feature", "properties": {"id": "1590238", "CVEGEO": "2004400010271006", "POBTOT": 17.0, "score_nse": 0.0, "NSE": "ND", "VIVTOT": 6.0, "GRAPROES": 9.71, "_ent": "20", "_mun": "044", "_loc": "0001"}, "geometry": {"type": "Polygon", "coordinates": [[[-95.87395, 18.11805], [-95.87377, 18.11817], [-95.87326, 18.11742], [-95.87343, 18.11732], [-95.87395, 18.11805]]]}}, {"id": "1590239", "type": "Feature", "properties": {"id": "1590239", "CVEGEO": "2004400010267005", "POBTOT": 0.0, "score_nse": 10.0, "NSE": "E", "VIVTOT": 1.0, "GRAPROES": 0.0, "_ent": "20", "_mun": "044", "_loc": "0001"}, "geometry": {"type": "Polygon", "coordinates": [[[-95.88106, 18.11302], [-95.88095, 18.11319], [-95.8809, 18.11313], [-95.88106, 18.11302]]]}}, {"id": "1590240", "type": "Feature", "properties": {"id": "1590240", "CVEGEO": "2004400010252055", "POBTOT": 21.0, "score_nse": 0.0, "NSE": "ND", "VIVTOT": 11.0, "GRAPROES": 9.21, "_ent": "20", "_mun": "044", "_loc": "0001"}, "geometry": {"type": "Polygon", "coordinates": [[[-95.87158, 18.10643], [-95.87139, 18.10742], [-95.87076, 18.10734], [-95.87078, 18.10685], [-95.87025, 18.10685], [-95.87028, 18.10633], [-95.87158, 18.10643]]]}}, {"id": "1590241", "type": "Feature", "properties": {"id": "1590241", "CVEGEO": "2004400010252054", "POBTOT": 6.0, "score_nse": 0.0, "NSE": "ND", "VIVTOT": 1.0, "GRAPROES": 0.0, "_ent": "20", "_mun": "044", "_loc": "0001"}, "geometry": {"type": "Polygon", "coordinates": [[[-95.86917, 18.10625], [-95.86914, 18.10675], [-95.86871, 18.10673], [-95.86874, 18.10622], [-95.86917, 18.10625]]]}}, {"id": "1590242", "type": "Feature", "properties": {"id": "1590242", "CVEGEO": "2004400010252053", "POBTOT": 27.0, "score_nse": 0.0, "NSE": "ND", "VIVTOT": 8.0, "GRAPROES": 6.0, "_ent": "20", "_mun": "044", "_loc": "0001"}, "geometry": {"type": "Polygon", "coordinates": [[[-95.87018, 18.10631], [-95.87014, 18.10685], [-95.8692, 18.10676], [-95.86923, 18.10625], [-95.87018, 18.10631]]]}}, {"id": "1590243", "type": "Feature", "properties": {"id": "1590243", "CVEGEO": "2004400010252051", "POBTOT": 42.0, "score_nse": 0.0, "NSE": "ND", "VIVTOT": 15.0, "GRAPROES": 7.57, "_ent": "20", "_mun": "044", "_loc": "0001"}, "geometry": {"type": "Polygon", "coordinates": [[[-95.86922, 18.10507], [-95.86917, 18.10618], [-95.86875, 18.10616], [-95.86883, 18.10502], [-95.86922, 18.10507]]]}}, {"id": "1590244", "type": "Feature", "properties": {"id": "1590244", "CVEGEO": "2004400010252013", "POBTOT": 18.0, "score_nse": 0.0, "NSE": "ND", "VIVTOT": 7.0, "GRAPROES": 5.87, "_ent": "20", "_mun": "044", "_loc": "0001"}, "geometry": {"type": "Polygon", "coordinates": [[[-95.8718, 18.10231], [-95.87167, 18.10324], [-95.87147, 18.10321], [-95.87148, 18.10227], [-95.8718, 18.10231]]]}}, {"id": "1590245", "type": "Feature", "properties": {"id": "1590245", "CVEGEO": "2004400010252002", "POBTOT": 41.0, "score_nse": 63.18, "NSE": "C", "VIVTOT": 10.0, "GRAPROES": 8.76, "_ent": "20", "_mun": "044", "_loc": "0001"}, "geometry": {"type": "Polygon", "coordinates": [[[-95.87243, 18.10451], [-95.87227, 18.10539], [-95.87186, 18.10532], [-95.87204, 18.10445], [-95.87243, 18.10451]]]}}, {"id": "1590246", "type": "Feature", "properties": {"id": "1590246", "CVEGEO": "2004400010233023", "POBTOT": 36.0, "score_nse": 0.0, "NSE": "ND", "VIVTOT": 11.0, "GRAPROES": 7.61, "_ent": "20", "_mun": "044", "_loc": "0001"}, "geometry": {"type": "Polygon", "coordinates": [[[-95.887, 18.11616], [-95.88639, 18.11654], [-95.88608, 18.11613], [-95.88669, 18.11577], [-95.887, 18.11616]]]}}, {"id": "1590247", "type": "Feature", "properties": {"id": "1590247", "CVEGEO": "2004400010233007", "POBTOT": 15.0, "score_nse": 0.0, "NSE": "ND", "VIVTOT": 8.0, "GRAPROES": 5.85, "_ent": "20", "_mun": "044", "_loc": "0001"}, "geometry": {"type": "Polygon", "coordinates": [[[-95.88855, 18.11348], [-95.88813, 18.11374], [-95.88786, 18.11336], [-95.88845, 18.11299], [-95.88855, 18.11348]]]}}, {"id": "1590248", "type": "Feature", "properties": {"id": "1590248", "CVEGEO": "2004400010159022", "POBTOT": 97.0, "score_nse": 45.6885, "NSE": "C-", "VIVTOT": 80.0, "GRAPROES": 11.2, "_ent": "20", "_mun": "044", "_loc": "0001"}, "geometry": {"type": "Polygon", "coordinates": [[[-95.88204, 18.10794], [-95.88193, 18.10882], [-95.88056, 18.10864], [-95.88069, 18.1077], [-95.88204, 18.10794]]]}}, {"id": "1590249", "type": "Feature", "properties": {"id": "1590249", "CVEGEO": "2004400010159003", "POBTOT": 35.0, "score_nse": 0.0, "NSE": "ND", "VIVTOT": 21.0, "GRAPROES": 8.21, "_ent": "20", "_mun": "044", "_loc": "0001"}, "geometry": {"type": "Polygon", "coordinates": [[[-95.88521, 18.10716], [-95.88426, 18.10703], [-95.88447, 18.10611], [-95.88452, 18.10612], [-95.88521, 18.10716]]]}}, {"id": "1590250", "type": "Feature", "properties": {"id": "1590250", "CVEGEO": "2004400010144048", "POBTOT": 14.0, "score_nse": 0.0, "NSE": "ND", "VIVTOT": 7.0, "GRAPROES": 8.45, "_ent": "20", "_mun": "044", "_loc": "0001"}, "geometry": {"type": "Polygon", "coordinates": [[[-95.8895, 18.11001], [-95.88904, 18.11029], [-95.8889, 18.11011], [-95.88932, 18.10979], [-95.8895, 18.11001]]]}}, {"id": "1590251", "type": "Feature", "properties": {"id": "1590251", "CVEGEO": "2004400010144031", "POBTOT": 75.0, "score_nse": 0.0, "NSE": "ND", "VIVTOT": 22.0, "GRAPROES": 6.43, "_ent": "20", "_mun": "044", "_loc": "0001"}, "geometry": {"type": "Polygon", "coordinates": [[[-95.88989, 18.1074], [-95.88963, 18.10755], [-95.88924, 18.10694], [-95.88949, 18.10678], [-95.88989, 18.1074]]]}}, {"id": "1590252", "type": "Feature", "properties": {"id": "1590252", "CVEGEO": "2004400010144030", "POBTOT": 63.0, "score_nse": 44.8899, "NSE": "C-", "VIVTOT": 23.0, "GRAPROES": 7.6, "_ent": "20", "_mun": "044", "_loc": "0001"}, "geometry": {"type": "Polygon", "coordinates": [[[-95.88855, 18.10647], [-95.88862, 18.10684], [-95.88819, 18.10722], [-95.88826, 18.10767], [-95.88782, 18.108], [-95.88729, 18.10721], [-95.88855, 18.10647]]]}}, {"id": "1590253", "type": "Feature", "properties": {"id": "1590253", "CVEGEO": "2004400010144010", "POBTOT": 99.0, "score_nse": 0.0, "NSE": "ND", "VIVTOT": 44.0, "GRAPROES": 10.65, "_ent": "20", "_mun": "044", "_loc": "0001"}, "geometry": {"type": "Polygon", "coordinates": [[[-95.8851, 18.11234], [-95.88393, 18.11309], [-95.88337, 18.1123], [-95.88454, 18.11155], [-95.8851, 18.11234]]]}}, {"id": "1590254", "type": "Feature", "properties": {"id": "1590254", "CVEGEO": "2004400010144009", "POBTOT": 96.0, "score_nse": 46.449, "NSE": "C-", "VIVTOT": 41.0, "GRAPROES": 9.63, "_ent": "20", "_mun": "044", "_loc": "0001"}, "geometry": {"type": "Polygon", "coordinates": [[[-95.88576, 18.11327], [-95.88459, 18.11405], [-95.88398, 18.1132], [-95.88516, 18.11245], [-95.88576, 18.11327]]]}}, {"id": "1590293", "type": "Feature", "properties": {"id": "1590293", "CVEGEO": "200440001045A001", "POBTOT": 0.0, "score_nse": 0.0, "NSE": "ND", "VIVTOT": 0.0, "GRAPROES": 0.0, "_ent": "20", "_mun": "044", "_loc": "0001"}, "geometry": {"type": "Polygon", "coordinates": [[[-95.88616, 18.12273], [-95.88568, 18.12318], [-95.88546, 18.12299], [-95.88594, 18.12252], [-95.88616, 18.12273]]]}}, {"id": "1590294", "type": "Feature", "properties": {"id": "1590294", "CVEGEO": "2004400010407020", "POBTOT": 59.0, "score_nse": 45.844, "NSE": "C-", "VIVTOT": 24.0, "GRAPROES": 8.41, "_ent": "20", "_mun": "044", "_loc": "0001"}, "geometry": {"type": "Polygon", "coordinates": [[[-95.8909, 18.10452], [-95.89032, 18.10493], [-95.89048, 18.10466], [-95.88989, 18.10436], [-95.89004, 18.10409], [-95.8909, 18.10452]]]}}, {"id": "1590295", "type": "Feature", "properties": {"id": "1590295", "CVEGEO": "2004400010394021", "POBTOT": 111.0, "score_nse": 0.0, "NSE": "ND", "VIVTOT": 35.0, "GRAPROES": 7.39, "_ent": "20", "_mun": "044", "_loc": "0001"}, "geometry": {"type": "Polygon", "coordinates": [[[-95.8799, 18.11841], [-95.87898, 18.11901], [-95.87834, 18.11825], [-95.87936, 18.1176], [-95.87963, 18.11801], [-95.87933, 18.11822], [-95.87965, 18.11804], [-95.8799, 18.11841]]]}}, {"id": "1590296", "type": "Feature", "properties": {"id": "1590296", "CVEGEO": "2004400010407056", "POBTOT": 11.0, "score_nse": 0.0, "NSE": "ND", "VIVTOT": 4.0, "GRAPROES": 9.38, "_ent": "20", "_mun": "044", "_loc": "0001"}, "geometry": {"type": "Polygon", "coordinates": [[[-95.88767, 18.10335], [-95.88744, 18.1038], [-95.88704, 18.10374], [-95.88731, 18.10318], [-95.88767, 18.10335]]]}}, {"id": "1590297", "type": "Feature", "properties": {"id": "1590297", "CVEGEO": "2004400010407057", "POBTOT": 18.0, "score_nse": 0.0, "NSE": "ND", "VIVTOT": 6.0, "GRAPROES": 9.0, "_ent": "20", "_mun": "044", "_loc": "0001"}, "geometry": {"type": "Polygon", "coordinates": [[[-95.88682, 18.10294], [-95.88649, 18.10367], [-95.88609, 18.10361], [-95.88649, 18.1028], [-95.88682, 18.10294]]]}}, {"id": "1590298", "type": "Feature", "properties": {"id": "1590298", "CVEGEO": "2004400010464001", "POBTOT": 0.0, "score_nse": 10.0, "NSE": "E", "VIVTOT": 2.0, "GRAPROES": 0.0, "_ent": "20", "_mun": "044", "_loc": "0001"}, "geometry": {"type": "Polygon", "coordinates": [[[-95.8924, 18.10681], [-95.89207, 18.10701], [-95.89199, 18.10691], [-95.89231, 18.10671], [-95.8924, 18.10681]]]}}, {"id": "1590299", "type": "Feature", "properties": {"id": "1590299", "CVEGEO": "2004400010464002", "POBTOT": 0.0, "score_nse": 0.0, "NSE": "ND", "VIVTOT": 0.0, "GRAPROES": 0.0, "_ent": "20", "_mun": "044", "_loc": "0001"}, "geometry": {"type": "Polygon", "coordinates": [[[-95.89203, 18.10706], [-95.89167, 18.10729], [-95.89157, 18.10717], [-95.89194, 18.10694], [-95.89203, 18.10706]]]}}, {"id": "1590300", "type": "Feature", "properties": {"id": "1590300", "CVEGEO": "200440001013A009", "POBTOT": 106.0, "score_nse": 46.4862, "NSE": "C-", "VIVTOT": 49.0, "GRAPROES": 8.63, "_ent": "20", "_mun": "044", "_loc": "0001"}, "geometry": {"type": "Polygon", "coordinates": [[[-95.87656, 18.11356], [-95.87536, 18.11431], [-95.8748, 18.11354], [-95.87602, 18.11277], [-95.87656, 18.11356]]]}}, {"id": "1590301", "type": "Feature", "properties": {"id": "1590301", "CVEGEO": "2004400010430009", "POBTOT": 8.0, "score_nse": 0.0, "NSE": "ND", "VIVTOT": 5.0, "GRAPROES": 9.75, "_ent": "20", "_mun": "044", "_loc": "0001"}, "geometry": {"type": "Polygon", "coordinates": [[[-95.86759, 18.10604], [-95.86692, 18.10598], [-95.867, 18.1048], [-95.86761, 18.10485], [-95.86759, 18.10604]]]}}, {"id": "1590302", "type": "Feature", "properties": {"id": "1590302", "CVEGEO": "2004400010430007", "POBTOT": 19.0, "score_nse": 0.0, "NSE": "ND", "VIVTOT": 6.0, "GRAPROES": 6.73, "_ent": "20", "_mun": "044", "_loc": "0001"}, "geometry": {"type": "Polygon", "coordinates": [[[-95.86836, 18.10495], [-95.8683, 18.10611], [-95.86797, 18.10608], [-95.86806, 18.10491], [-95.86836, 18.10495]]]}}, {"id": "1590303", "type": "Feature", "properties": {"id": "1590303", "CVEGEO": "2004400010411021", "POBTOT": 4.0, "score_nse": 0.0, "NSE": "ND", "VIVTOT": 1.0, "GRAPROES": 0.0, "_ent": "20", "_mun": "044", "_loc": "0001"}, "geometry": {"type": "Polygon", "coordinates": [[[-95.89476, 18.10205], [-95.89437, 18.1023], [-95.89456, 18.10194], [-95.89476, 18.10205]]]}}, {"id": "1590304", "type": "Feature", "properties": {"id": "1590304", "CVEGEO": "2004400010411020", "POBTOT": 39.0, "score_nse": 42.0579, "NSE": "C-", "VIVTOT": 19.0, "GRAPROES": 6.97, "_ent": "20", "_mun": "044", "_loc": "0001"}, "geometry": {"type": "Polygon", "coordinates": [[[-95.8953, 18.10117], [-95.89486, 18.10198], [-95.8946, 18.10188], [-95.89504, 18.10105], [-95.8953, 18.10117]]]}}, {"id": "1590305", "type": "Feature", "properties": {"id": "1590305", "CVEGEO": "2004400010286029", "POBTOT": 1.0, "score_nse": 0.0, "NSE": "ND", "VIVTOT": 2.0, "GRAPROES": 0.0, "_ent": "20", "_mun": "044", "_loc": "0001"}, "geometry": {"type": "Polygon", "coordinates": [[[-95.88751, 18.09496], [-95.88726, 18.09687], [-95.88641, 18.09667], [-95.88729, 18.09553], [-95.88751, 18.09496]]]}}, {"id": "1590306", "type": "Feature", "properties": {"id": "1590306", "CVEGEO": "2004400010286028", "POBTOT": 97.0, "score_nse": 0.0, "NSE": "ND", "VIVTOT": 51.0, "GRAPROES": 5.36, "_ent": "20", "_mun": "044", "_loc": "0001"}, "geometry": {"type": "Polygon", "coordinates": [[[-95.88583, 18.10113], [-95.88476, 18.10391], [-95.8828, 18.10366], [-95.88286, 18.1032], [-95.88422, 18.10338], [-95.88431, 18.10285], [-95.88463, 18.10288], [-95.88529, 18.10107], [-95.88583, 18.10113]]]}}, {"id": "1590307", "type": "Feature", "properties": {"id": "1590307", "CVEGEO": "2004400010286027", "POBTOT": 11.0, "score_nse": 60.168, "NSE": "C", "VIVTOT": 8.0, "GRAPROES": 9.45, "_ent": "20", "_mun": "044", "_loc": "0001"}, "geometry": {"type": "Polygon", "coordinates": [[[-95.88489, 18.10198], [-95.88459, 18.10276], [-95.88433, 18.10274], [-95.88446, 18.10192], [-95.88489, 18.10198]]]}}, {"id": "1590308", "type": "Feature", "properties": {"id": "1590308", "CVEGEO": "2004400010271016", "POBTOT": 47.0, "score_nse": 0.0, "NSE": "ND", "VIVTOT": 14.0, "GRAPROES": 6.83, "_ent": "20", "_mun": "044", "_loc": "0001"}, "geometry": {"type": "Polygon", "coordinates": [[[-95.87181, 18.11818], [-95.87146, 18.1184], [-95.87081, 18.11755], [-95.87116, 18.11733], [-95.87181, 18.11818]]]}}, {"id": "1590309", "type": "Feature", "properties": {"id": "1590309", "CVEGEO": "2004400010267031", "POBTOT": 114.0, "score_nse": 52.1255, "NSE": "C-", "VIVTOT": 55.0, "GRAPROES": 9.49, "_ent": "20", "_mun": "044", "_loc": "0001"}, "geometry": {"type": "Polygon", "coordinates": [[[-95.88379, 18.11319], [-95.88245, 18.11404], [-95.88189, 18.11324], [-95.88323, 18.11239], [-95.88379, 18.11319]]]}}, {"id": "1590310", "type": "Feature", "properties": {"id": "1590310", "CVEGEO": "2004400010267029", "POBTOT": 26.0, "score_nse": 49.9941, "NSE": "C-", "VIVTOT": 21.0, "GRAPROES": 10.85, "_ent": "20", "_mun": "044", "_loc": "0001"}, "geometry": {"type": "Polygon", "coordinates": [[[-95.88248, 18.11132], [-95.88114, 18.11218], [-95.88061, 18.11143], [-95.88196, 18.11058], [-95.88248, 18.11132]]]}}, {"id": "1590311", "type": "Feature", "properties": {"id": "1590311", "CVEGEO": "2004400010252057", "POBTOT": 24.0, "score_nse": 0.0, "NSE": "ND", "VIVTOT": 9.0, "GRAPROES": 7.68, "_ent": "20", "_mun": "044", "_loc": "0001"}, "geometry": {"type": "Polygon", "coordinates": [[[-95.87014, 18.10689], [-95.87011, 18.10726], [-95.86919, 18.10718], [-95.8692, 18.1068], [-95.87014, 18.10689]]]}}, {"id": "1590312", "type": "Feature", "properties": {"id": "1590312", "CVEGEO": "2004400010252056", "POBTOT": 13.0, "score_nse": 0.0, "NSE": "ND", "VIVTOT": 3.0, "GRAPROES": 8.78, "_ent": "20", "_mun": "044", "_loc": "0001"}, "geometry": {"type": "Polygon", "coordinates": [[[-95.87071, 18.10734], [-95.87024, 18.10728], [-95.87024, 18.1069], [-95.87072, 18.10691], [-95.87071, 18.10734]]]}}, {"id": "1590313", "type": "Feature", "properties": {"id": "1590313", "CVEGEO": "2004400010252029", "POBTOT": 24.0, "score_nse": 0.0, "NSE": "ND", "VIVTOT": 14.0, "GRAPROES": 5.3, "_ent": "20", "_mun": "044", "_loc": "0001"}, "geometry": {"type": "Polygon", "coordinates": [[[-95.87186, 18.10757], [-95.87168, 18.10848], [-95.87127, 18.10842], [-95.87147, 18.10752], [-95.87186, 18.10757]]]}}, {"id": "1590314", "type": "Feature", "properties": {"id": "1590314", "CVEGEO": "2004400010252020", "POBTOT": 27.0, "score_nse": 59.9911, "NSE": "C", "VIVTOT": 9.0, "GRAPROES": 9.04, "_ent": "20", "_mun": "044", "_loc": "0001"}, "geometry": {"type": "Polygon", "coordinates": [[[-95.87207, 18.10649], [-95.87187, 18.10746], [-95.8715, 18.10742], [-95.87168, 18.10644], [-95.87207, 18.10649]]]}}, {"id": "1590315", "type": "Feature", "properties": {"id": "1590315", "CVEGEO": "2004400010248032", "POBTOT": 21.0, "score_nse": 0.0, "NSE": "ND", "VIVTOT": 9.0, "GRAPROES": 12.25, "_ent": "20", "_mun": "044", "_loc": "0001"}, "geometry": {"type": "Polygon", "coordinates": [[[-95.88336, 18.10596], [-95.88302, 18.10645], [-95.88261, 18.10586], [-95.88289, 18.1059], [-95.88336, 18.10596]]]}}, {"id": "1590316", "type": "Feature", "properties": {"id": "1590316", "CVEGEO": "2004400010248031", "POBTOT": 45.0, "score_nse": 52.155, "NSE": "C-", "VIVTOT": 24.0, "GRAPROES": 8.89, "_ent": "20", "_mun": "044", "_loc": "0001"}, "geometry": {"type": "Polygon", "coordinates": [[[-95.88145, 18.10153], [-95.88132, 18.10243], [-95.88047, 18.10234], [-95.88054, 18.10141], [-95.88145, 18.10153]]]}}, {"id": "1590317", "type": "Feature", "properties": {"id": "1590317", "CVEGEO": "2004400010248022", "POBTOT": 146.0, "score_nse": 56.857, "NSE": "C", "VIVTOT": 56.0, "GRAPROES": 10.28, "_ent": "20", "_mun": "044", "_loc": "0001"}, "geometry": {"type": "Polygon", "coordinates": [[[-95.8813, 18.10255], [-95.88119, 18.10346], [-95.87917, 18.10318], [-95.87883, 18.10222], [-95.8813, 18.10255]]]}}, {"id": "1590318", "type": "Feature", "properties": {"id": "1590318", "CVEGEO": "2004400010248021", "POBTOT": 53.0, "score_nse": 41.9502, "NSE": "D+", "VIVTOT": 32.0, "GRAPROES": 8.33, "_ent": "20", "_mun": "044", "_loc": "0001"}, "geometry": {"type": "Polygon", "coordinates": [[[-95.8788, 18.10268], [-95.87881, 18.10312], [-95.87705, 18.10287], [-95.87709, 18.10244], [-95.8788, 18.10268]]]}}, {"id": "1590319", "type": "Feature", "properties": {"id": "1590319", "CVEGEO": "2004400010248006", "POBTOT": 25.0, "score_nse": 0.0, "NSE": "ND", "VIVTOT": 25.0, "GRAPROES": 7.71, "_ent": "20", "_mun": "044", "_loc": "0001"}, "geometry": {"type": "Polygon", "coordinates": [[[-95.88102, 18.10459], [-95.88087, 18.10552], [-95.87983, 18.10537], [-95.87952, 18.10439], [-95.88102, 18.10459]]]}}, {"id": "1590320", "type": "Feature", "properties": {"id": "1590320", "CVEGEO": "2004400010233017", "POBTOT": 5.0, "score_nse": 0.0, "NSE": "ND", "VIVTOT": 2.0, "GRAPROES": 0.0, "_ent": "20", "_mun": "044", "_loc": "0001"}, "geometry": {"type": "Polygon", "coordinates": [[[-95.88661, 18.11714], [-95.88621, 18.11739], [-95.88587, 18.11693], [-95.88628, 18.11667], [-95.88661, 18.11714]]]}}, {"id": "1590321", "type": "Feature", "properties": {"id": "1590321", "CVEGEO": "2004400010233015", "POBTOT": 37.0, "score_nse": 0.0, "NSE": "ND", "VIVTOT": 17.0, "GRAPROES": 6.11, "_ent": "20", "_mun": "044", "_loc": "0001"}, "geometry": {"type": "Polygon", "coordinates": [[[-95.88854, 18.11523], [-95.8877, 18.11575], [-95.88741, 18.11532], [-95.88826, 18.1148], [-95.88854, 18.11523]]]}}, {"id": "1590322", "type": "Feature", "properties": {"id": "1590322", "CVEGEO": "2004400010233014", "POBTOT": 0.0, "score_nse": 10.0, "NSE": "E", "VIVTOT": 1.0, "GRAPROES": 0.0, "_ent": "20", "_mun": "044", "_loc": "0001"}, "geometry": {"type": "Polygon", "coordinates": [[[-95.8872, 18.11539], [-95.88605, 18.1161], [-95.88526, 18.11499], [-95.88642, 18.11425], [-95.8872, 18.11539]]]}}, {"id": "1590323", "type": "Feature", "properties": {"id": "1590323", "CVEGEO": "2004400010233008", "POBTOT": 42.0, "score_nse": 0.0, "NSE": "ND", "VIVTOT": 15.0, "GRAPROES": 8.48, "_ent": "20", "_mun": "044", "_loc": "0001"}, "geometry": {"type": "Polygon", "coordinates": [[[-95.88843, 18.11293], [-95.88782, 18.11331], [-95.88758, 18.11294], [-95.88835, 18.11255], [-95.88843, 18.11293]]]}}, {"id": "1590324", "type": "Feature", "properties": {"id": "1590324", "CVEGEO": "2004400010144046", "POBTOT": 49.0, "score_nse": 0.0, "NSE": "ND", "VIVTOT": 16.0, "GRAPROES": 6.34, "_ent": "20", "_mun": "044", "_loc": "0001"}, "geometry": {"type": "Polygon", "coordinates": [[[-95.8914, 18.10647], [-95.89115, 18.10662], [-95.89073, 18.10598], [-95.89098, 18.10582], [-95.8914, 18.10647]]]}}, {"id": "1590325", "type": "Feature", "properties": {"id": "1590325", "CVEGEO": "2004400010144045", "POBTOT": 39.0, "score_nse": 0.0, "NSE": "ND", "VIVTOT": 13.0, "GRAPROES": 4.58, "_ent": "20", "_mun": "044", "_loc": "0001"}, "geometry": {"type": "Polygon", "coordinates": [[[-95.89065, 18.10596], [-95.8904, 18.10611], [-95.88999, 18.10549], [-95.89025, 18.10532], [-95.89065, 18.10596]]]}}, {"id": "1590326", "type": "Feature", "properties": {"id": "1590326", "CVEGEO": "2004400010144036", "POBTOT": 47.0, "score_nse": 0.0, "NSE": "ND", "VIVTOT": 14.0, "GRAPROES": 6.4, "_ent": "20", "_mun": "044", "_loc": "0001"}, "geometry": {"type": "Polygon", "coordinates": [[[-95.88976, 18.10653], [-95.8895, 18.10669], [-95.88909, 18.10607], [-95.88935, 18.10591], [-95.88976, 18.10653]]]}}, {"id": "1590327", "type": "Feature", "properties": {"id": "1590327", "CVEGEO": "2004400010144035", "POBTOT": 34.0, "score_nse": 0.0, "NSE": "ND", "VIVTOT": 13.0, "GRAPROES": 6.19, "_ent": "20", "_mun": "044", "_loc": "0001"}, "geometry": {"type": "Polygon", "coordinates": [[[-95.89083, 18.10755], [-95.89058, 18.10771], [-95.89027, 18.10722], [-95.89053, 18.10706], [-95.89083, 18.10755]]]}}, {"id": "1590328", "type": "Feature", "properties": {"id": "1590328", "CVEGEO": "2004400010144034", "POBTOT": 39.0, "score_nse": 0.0, "NSE": "ND", "VIVTOT": 12.0, "GRAPROES": 6.5, "_ent": "20", "_mun": "044", "_loc": "0001"}, "geometry": {"type": "Polygon", "coordinates": [[[-95.89019, 18.1072], [-95.88994, 18.10735], [-95.88954, 18.10672], [-95.88979, 18.10657], [-95.89019, 18.1072]]]}}, {"id": "1590329", "type": "Feature", "properties": {"id": "1590329", "CVEGEO": "2004400010144033", "POBTOT": 11.0, "score_nse": 0.0, "NSE": "ND", "VIVTOT": 3.0, "GRAPROES": 6.1, "_ent": "20", "_mun": "044", "_loc": "0001"}, "geometry": {"type": "Polygon", "coordinates": [[[-95.88887, 18.10708], [-95.88851, 18.10731], [-95.88829, 18.10766], [-95.88825, 18.10725], [-95.88865, 18.10673], [-95.88887, 18.10708]]]}}, {"id": "1590330", "type": "Feature", "properties": {"id": "1590330", "CVEGEO": "200440001013A024", "POBTOT": 53.0, "score_nse": 51.807, "NSE": "C-", "VIVTOT": 29.0, "GRAPROES": 8.92, "_ent": "20", "_mun": "044", "_loc": "0001"}, "geometry": {"type": "Polygon", "coordinates": [[[-95.87967, 18.10965], [-95.87954, 18.11047], [-95.87847, 18.11031], [-95.87886, 18.10953], [-95.87967, 18.10965]]]}}, {"id": "1590331", "type": "Feature", "properties": {"id": "1590331", "CVEGEO": "200440001013A003", "POBTOT": 96.0, "score_nse": 48.6817, "NSE": "C-", "VIVTOT": 35.0, "GRAPROES": 8.16, "_ent": "20", "_mun": "044", "_loc": "0001"}, "geometry": {"type": "Polygon", "coordinates": [[[-95.87537, 18.11182], [-95.87415, 18.11258], [-95.87353, 18.11167], [-95.87427, 18.11119], [-95.87501, 18.11131], [-95.87537, 18.11182]]]}}, {"id": "1590332", "type": "Feature", "properties": {"id": "1590332", "CVEGEO": "200440001013A002", "POBTOT": 113.0, "score_nse": 0.0, "NSE": "ND", "VIVTOT": 53.0, "GRAPROES": 8.15, "_ent": "20", "_mun": "044", "_loc": "0001"}, "geometry": {"type": "Polygon", "coordinates": [[[-95.87596, 18.1127], [-95.87474, 18.11345], [-95.87419, 18.11265], [-95.87543, 18.11191], [-95.87596, 18.1127]]]}}, {"id": "1590333", "type": "Feature", "properties": {"id": "1590333", "CVEGEO": "200440001013A001", "POBTOT": 75.0, "score_nse": 53.5232, "NSE": "C-", "VIVTOT": 33.0, "GRAPROES": 9.56, "_ent": "20", "_mun": "044", "_loc": "0001"}, "geometry": {"type": "Polygon", "coordinates": [[[-95.87715, 18.11193], [-95.87605, 18.11263], [-95.8755, 18.11186], [-95.87612, 18.11147], [-95.87703, 18.11162], [-95.87715, 18.11193]]]}}, {"id": "1590334", "type": "Feature", "properties": {"id": "1590334", "CVEGEO": "2004400010248002", "POBTOT": 104.0, "score_nse": 0.0, "NSE": "ND", "VIVTOT": 80.0, "GRAPROES": 7.34, "_ent": "20", "_mun": "044", "_loc": "0001"}, "geometry": {"type": "Polygon", "coordinates": [[[-95.87837, 18.10634], [-95.87824, 18.10725], [-95.87645, 18.10702], [-95.87657, 18.1061], [-95.87837, 18.10634]]]}}, {"id": "1590339", "type": "Feature", "properties": {"id": "1590339", "CVEGEO": "2004400010356020", "POBTOT": 52.0, "score_nse": 0.0, "NSE": "ND", "VIVTOT": 21.0, "GRAPROES": 7.65, "_ent": "20", "_mun": "044", "_loc": "0001"}, "geometry": {"type": "Polygon", "coordinates": [[[-95.86889, 18.11718], [-95.86855, 18.11738], [-95.86836, 18.11714], [-95.86856, 18.11696], [-95.8684, 18.11608], [-95.86871, 18.11588], [-95.86889, 18.11718]]]}}, {"id": "1590340", "type": "Feature", "properties": {"id": "1590340", "CVEGEO": "2004400010318022", "POBTOT": 15.0, "score_nse": 0.0, "NSE": "ND", "VIVTOT": 6.0, "GRAPROES": 9.82, "_ent": "20", "_mun": "044", "_loc": "0001"}, "geometry": {"type": "Polygon", "coordinates": [[[-95.87249, 18.09725], [-95.87246, 18.09759], [-95.87173, 18.09754], [-95.87177, 18.09721], [-95.87249, 18.09725]]]}}, {"id": "1590341", "type": "Feature", "properties": {"id": "1590341", "CVEGEO": "2004400010318004", "POBTOT": 65.0, "score_nse": 0.0, "NSE": "ND", "VIVTOT": 24.0, "GRAPROES": 8.26, "_ent": "20", "_mun": "044", "_loc": "0001"}, "geometry": {"type": "Polygon", "coordinates": [[[-95.87371, 18.0982], [-95.87364, 18.09858], [-95.87246, 18.09849], [-95.87249, 18.09809], [-95.87371, 18.0982]]]}}, {"id": "1590342", "type": "Feature", "properties": {"id": "1590342", "CVEGEO": "2004400010303018", "POBTOT": 25.0, "score_nse": 0.0, "NSE": "ND", "VIVTOT": 8.0, "GRAPROES": 8.82, "_ent": "20", "_mun": "044", "_loc": "0001"}, "geometry": {"type": "Polygon", "coordinates": [[[-95.87573, 18.09741], [-95.87568, 18.09767], [-95.8748, 18.09763], [-95.87484, 18.09737], [-95.87573, 18.09741]]]}}, {"id": "1590343", "type": "Feature", "properties": {"id": "1590343", "CVEGEO": "2004400010303001", "POBTOT": 44.0, "score_nse": 62.2632, "NSE": "C", "VIVTOT": 19.0, "GRAPROES": 11.55, "_ent": "20", "_mun": "044", "_loc": "0001"}, "geometry": {"type": "Polygon", "coordinates": [[[-95.87745, 18.09892], [-95.87741, 18.0993], [-95.87622, 18.09923], [-95.87626, 18.09885], [-95.87745, 18.09892]]]}}, {"id": "1590344", "type": "Feature", "properties": {"id": "1590344", "CVEGEO": "2004400010290013", "POBTOT": 23.0, "score_nse": 0.0, "NSE": "ND", "VIVTOT": 7.0, "GRAPROES": 6.63, "_ent": "20", "_mun": "044", "_loc": "0001"}, "geometry": {"type": "Polygon", "coordinates": [[[-95.88509, 18.09488], [-95.88503, 18.09525], [-95.88457, 18.09524], [-95.88463, 18.09486], [-95.88509, 18.09488]]]}}, {"id": "1590345", "type": "Feature", "properties": {"id": "1590345", "CVEGEO": "2004400010286011", "POBTOT": 80.0, "score_nse": 52.1643, "NSE": "C-", "VIVTOT": 27.0, "GRAPROES": 9.13, "_ent": "20", "_mun": "044", "_loc": "0001"}, "geometry": {"type": "Polygon", "coordinates": [[[-95.88167, 18.0992], [-95.88071, 18.09913], [-95.88076, 18.0984], [-95.8817, 18.09847], [-95.88167, 18.0992]]]}}, {"id": "1590346", "type": "Feature", "properties": {"id": "1590346", "CVEGEO": "2004400010159018", "POBTOT": 60.0, "score_nse": 0.0, "NSE": "ND", "VIVTOT": 34.0, "GRAPROES": 8.05, "_ent": "20", "_mun": "044", "_loc": "0001"}, "geometry": {"type": "Polygon", "coordinates": [[[-95.88836, 18.10454], [-95.88822, 18.10493], [-95.88798, 18.10492], [-95.88788, 18.10544], [-95.88691, 18.10529], [-95.88706, 18.10439], [-95.88836, 18.10454]]]}}, {"id": "1590347", "type": "Feature", "properties": {"id": "1590347", "CVEGEO": "2004400010159005", "POBTOT": 2.0, "score_nse": 0.0, "NSE": "ND", "VIVTOT": 10.0, "GRAPROES": 0.0, "_ent": "20", "_mun": "044", "_loc": "0001"}, "geometry": {"type": "Polygon", "coordinates": [[[-95.8877, 18.10655], [-95.88708, 18.10694], [-95.88672, 18.1064], [-95.8877, 18.10655]]]}}, {"id": "1590348", "type": "Feature", "properties": {"id": "1590348", "CVEGEO": "2004400010144044", "POBTOT": 34.0, "score_nse": 0.0, "NSE": "ND", "VIVTOT": 13.0, "GRAPROES": 7.63, "_ent": "20", "_mun": "044", "_loc": "0001"}, "geometry": {"type": "Polygon", "coordinates": [[[-95.89172, 18.10697], [-95.89147, 18.10713], [-95.89117, 18.10666], [-95.89142, 18.10651], [-95.89172, 18.10697]]]}}, {"id": "1590349", "type": "Feature", "properties": {"id": "1590349", "CVEGEO": "2004400010144026", "POBTOT": 35.0, "score_nse": 0.0, "NSE": "ND", "VIVTOT": 12.0, "GRAPROES": 7.11, "_ent": "20", "_mun": "044", "_loc": "0001"}, "geometry": {"type": "Polygon", "coordinates": [[[-95.88899, 18.108], [-95.88873, 18.10816], [-95.88849, 18.10778], [-95.88834, 18.10788], [-95.88859, 18.10734], [-95.88899, 18.108]]]}}, {"id": "1590350", "type": "Feature", "properties": {"id": "1590350", "CVEGEO": "2004400010252058", "POBTOT": 1.0, "score_nse": 0.0, "NSE": "ND", "VIVTOT": 2.0, "GRAPROES": 0.0, "_ent": "20", "_mun": "044", "_loc": "0001"}, "geometry": {"type": "Polygon", "coordinates": [[[-95.86911, 18.10718], [-95.86868, 18.10715], [-95.8687, 18.10678], [-95.86913, 18.1068], [-95.86911, 18.10718]]]}}, {"id": "1590352", "type": "Feature", "properties": {"id": "1590352", "CVEGEO": "200440001013A019", "POBTOT": 78.0, "score_nse": 0.0, "NSE": "ND", "VIVTOT": 46.0, "GRAPROES": 10.29, "_ent": "20", "_mun": "044", "_loc": "0001"}, "geometry": {"type": "Polygon", "coordinates": [[[-95.87791, 18.10941], [-95.87779, 18.11021], [-95.87602, 18.11], [-95.87612, 18.10919], [-95.87791, 18.10941]]]}}, {"id": "1590358", "type": "Feature", "properties": {"id": "1590358", "CVEGEO": "2004400010252078", "POBTOT": 20.0, "score_nse": 0.0, "NSE": "ND", "VIVTOT": 7.0, "GRAPROES": 5.42, "_ent": "20", "_mun": "044", "_loc": "0001"}, "geometry": {"type": "Polygon", "coordinates": [[[-95.86931, 18.103], [-95.86892, 18.10297], [-95.86894, 18.10193], [-95.86933, 18.10197], [-95.86931, 18.103]]]}}, {"id": "1590359", "type": "Feature", "properties": {"id": "1590359", "CVEGEO": "2004400010430005", "POBTOT": 21.0, "score_nse": 0.0, "NSE": "ND", "VIVTOT": 8.0, "GRAPROES": 6.38, "_ent": "20", "_mun": "044", "_loc": "0001"}, "geometry": {"type": "Polygon", "coordinates": [[[-95.86847, 18.103], [-95.86842, 18.10386], [-95.86812, 18.10381], [-95.86816, 18.10299], [-95.86847, 18.103]]]}}, {"id": "1590360", "type": "Feature", "properties": {"id": "1590360", "CVEGEO": "2004400010426006", "POBTOT": 7.0, "score_nse": 0.0, "NSE": "ND", "VIVTOT": 3.0, "GRAPROES": 0.0, "_ent": "20", "_mun": "044", "_loc": "0001"}, "geometry": {"type": "Polygon", "coordinates": [[[-95.89338, 18.10866], [-95.89305, 18.10887], [-95.89235, 18.10806], [-95.89269, 18.10784], [-95.89338, 18.10866]]]}}, {"id": "1590361", "type": "Feature", "properties": {"id": "1590361", "CVEGEO": "2004400010426005", "POBTOT": 15.0, "score_nse": 0.0, "NSE": "ND", "VIVTOT": 6.0, "GRAPROES": 9.92, "_ent": "20", "_mun": "044", "_loc": "0001"}, "geometry": {"type": "Polygon", "coordinates": [[[-95.89265, 18.1078], [-95.89231, 18.10802], [-95.89169, 18.10731], [-95.89206, 18.10709], [-95.89265, 18.1078]]]}}, {"id": "1590362", "type": "Feature", "properties": {"id": "1590362", "CVEGEO": "2004400010407026", "POBTOT": 21.0, "score_nse": 0.0, "NSE": "ND", "VIVTOT": 8.0, "GRAPROES": 6.31, "_ent": "20", "_mun": "044", "_loc": "0001"}, "geometry": {"type": "Polygon", "coordinates": [[[-95.88718, 18.10041], [-95.88699, 18.10078], [-95.88626, 18.10044], [-95.8864, 18.10003], [-95.88718, 18.10041]]]}}, {"id": "1590363", "type": "Feature", "properties": {"id": "1590363", "CVEGEO": "2004400010407025", "POBTOT": 13.0, "score_nse": 0.0, "NSE": "ND", "VIVTOT": 7.0, "GRAPROES": 5.91, "_ent": "20", "_mun": "044", "_loc": "0001"}, "geometry": {"type": "Polygon", "coordinates": [[[-95.88667, 18.10137], [-95.88642, 18.10185], [-95.88583, 18.10157], [-95.88601, 18.10107], [-95.88667, 18.10137]]]}}, {"id": "1590364", "type": "Feature", "properties": {"id": "1590364", "CVEGEO": "200440001038A022", "POBTOT": 101.0, "score_nse": 0.0, "NSE": "ND", "VIVTOT": 37.0, "GRAPROES": 6.3, "_ent": "20", "_mun": "044", "_loc": "0001"}, "geometry": {"type": "Polygon", "coordinates": [[[-95.88255, 18.11667], [-95.8813, 18.11747], [-95.88073, 18.11669], [-95.882, 18.11588], [-95.88255, 18.11667]]]}}, {"id": "1590365", "type": "Feature", "properties": {"id": "1590365", "CVEGEO": "200440001038A021", "POBTOT": 41.0, "score_nse": 51.2149, "NSE": "C-", "VIVTOT": 14.0, "GRAPROES": 8.22, "_ent": "20", "_mun": "044", "_loc": "0001"}, "geometry": {"type": "Polygon", "coordinates": [[[-95.8828, 18.11703], [-95.88159, 18.11783], [-95.88136, 18.11753], [-95.88259, 18.11674], [-95.8828, 18.11703]]]}}, {"id": "1590366", "type": "Feature", "properties": {"id": "1590366", "CVEGEO": "2004400010356012", "POBTOT": 64.0, "score_nse": 0.0, "NSE": "ND", "VIVTOT": 20.0, "GRAPROES": 6.45, "_ent": "20", "_mun": "044", "_loc": "0001"}, "geometry": {"type": "Polygon", "coordinates": [[[-95.86849, 18.11742], [-95.86814, 18.11764], [-95.86747, 18.11664], [-95.86782, 18.11645], [-95.86849, 18.11742]]]}}, {"id": "1590367", "type": "Feature", "properties": {"id": "1590367", "CVEGEO": "2004400010318011", "POBTOT": 55.0, "score_nse": 0.0, "NSE": "ND", "VIVTOT": 21.0, "GRAPROES": 8.31, "_ent": "20", "_mun": "044", "_loc": "0001"}, "geometry": {"type": "Polygon", "coordinates": [[[-95.87165, 18.09761], [-95.87162, 18.09795], [-95.87027, 18.09788], [-95.8703, 18.09754], [-95.87165, 18.09761]]]}}, {"id": "1590368", "type": "Feature", "properties": {"id": "1590368", "CVEGEO": "2004400010290034", "POBTOT": 38.0, "score_nse": 0.0, "NSE": "ND", "VIVTOT": 16.0, "GRAPROES": 8.0, "_ent": "20", "_mun": "044", "_loc": "0001"}, "geometry": {"type": "Polygon", "coordinates": [[[-95.88741, 18.09496], [-95.88726, 18.09533], [-95.88581, 18.09529], [-95.88587, 18.09491], [-95.88741, 18.09496]]]}}, {"id": "1590369", "type": "Feature", "properties": {"id": "1590369", "CVEGEO": "2004400010248001", "POBTOT": 113.0, "score_nse": 49.0586, "NSE": "C-", "VIVTOT": 63.0, "GRAPROES": 10.57, "_ent": "20", "_mun": "044", "_loc": "0001"}, "geometry": {"type": "Polygon", "coordinates": [[[-95.88036, 18.10755], [-95.87835, 18.10728], [-95.87848, 18.10632], [-95.87904, 18.1064], [-95.87849, 18.10627], [-95.87862, 18.10532], [-95.8797, 18.10547], [-95.88036, 18.10755]]]}}, {"id": "1590370", "type": "Feature", "properties": {"id": "1590370", "CVEGEO": "2004400010159010", "POBTOT": 145.0, "score_nse": 37.3037, "NSE": "D+", "VIVTOT": 127.0, "GRAPROES": 7.9, "_ent": "20", "_mun": "044", "_loc": "0001"}, "geometry": {"type": "Polygon", "coordinates": [[[-95.88679, 18.10535], [-95.88664, 18.10629], [-95.88458, 18.10601], [-95.88451, 18.10589], [-95.88468, 18.10507], [-95.88679, 18.10535]]]}}, {"id": "1590371", "type": "Feature", "properties": {"id": "1590371", "CVEGEO": "2004400010159009", "POBTOT": 47.0, "score_nse": 55.4313, "NSE": "C", "VIVTOT": 22.0, "GRAPROES": 10.44, "_ent": "20", "_mun": "044", "_loc": "0001"}, "geometry": {"type": "Polygon", "coordinates": [[[-95.88456, 18.10509], [-95.88438, 18.10598], [-95.88357, 18.10587], [-95.88414, 18.10503], [-95.88456, 18.10509]]]}}, {"id": "1590372", "type": "Feature", "properties": {"id": "1590372", "CVEGEO": "2004400010144004", "POBTOT": 103.0, "score_nse": 0.0, "NSE": "ND", "VIVTOT": 39.0, "GRAPROES": 7.78, "_ent": "20", "_mun": "044", "_loc": "0001"}, "geometry": {"type": "Polygon", "coordinates": [[[-95.88714, 18.10977], [-95.8859, 18.11054], [-95.8853, 18.10966], [-95.8865, 18.10892], [-95.88714, 18.10977]]]}}, {"id": "1590373", "type": "Feature", "properties": {"id": "1590373", "CVEGEO": "200440001013A006", "POBTOT": 8.0, "score_nse": 0.0, "NSE": "ND", "VIVTOT": 3.0, "GRAPROES": 12.14, "_ent": "20", "_mun": "044", "_loc": "0001"}, "geometry": {"type": "Polygon", "coordinates": [[[-95.87694, 18.11148], [-95.87643, 18.11141], [-95.87628, 18.11138], [-95.87669, 18.11112], [-95.87694, 18.11148]]]}}, {"id": "1590374", "type": "Feature", "properties": {"id": "1590374", "CVEGEO": "2004400010248029", "POBTOT": 39.0, "score_nse": 0.0, "NSE": "ND", "VIVTOT": 16.0, "GRAPROES": 9.04, "_ent": "20", "_mun": "044", "_loc": "0001"}, "geometry": {"type": "Polygon", "coordinates": [[[-95.87939, 18.10221], [-95.8788, 18.10213], [-95.87847, 18.10112], [-95.8794, 18.10125], [-95.87939, 18.10221]]]}}, {"id": "1590375", "type": "Feature", "properties": {"id": "1590375", "CVEGEO": "2004400010214005", "POBTOT": 16.0, "score_nse": 0.0, "NSE": "ND", "VIVTOT": 5.0, "GRAPROES": 8.44, "_ent": "20", "_mun": "044", "_loc": "0001"}, "geometry": {"type": "Polygon", "coordinates": [[[-95.87788, 18.0963], [-95.87704, 18.09668], [-95.87698, 18.09652], [-95.87767, 18.09602], [-95.87763, 18.09582], [-95.87777, 18.09582], [-95.87788, 18.0963]]]}}, {"id": "1590376", "type": "Feature", "properties": {"id": "1590376", "CVEGEO": "2004400010144038", "POBTOT": 37.0, "score_nse": 0.0, "NSE": "ND", "VIVTOT": 11.0, "GRAPROES": 7.24, "_ent": "20", "_mun": "044", "_loc": "0001"}, "geometry": {"type": "Polygon", "coordinates": [[[-95.89113, 18.10735], [-95.89087, 18.10751], [-95.89056, 18.10703], [-95.89082, 18.10687], [-95.89113, 18.10735]]]}}, {"id": "1590378", "type": "Feature", "properties": {"id": "1590378", "CVEGEO": "2004400010248014", "POBTOT": 11.0, "score_nse": 0.0, "NSE": "ND", "VIVTOT": 4.0, "GRAPROES": 8.63, "_ent": "20", "_mun": "044", "_loc": "0001"}, "geometry": {"type": "Polygon", "coordinates": [[[-95.87931, 18.10425], [-95.87877, 18.10418], [-95.87889, 18.10327], [-95.879, 18.10329], [-95.87931, 18.10425]]]}}, {"id": "1590379", "type": "Feature", "properties": {"id": "1590379", "CVEGEO": "2004400010233003", "POBTOT": 22.0, "score_nse": 0.0, "NSE": "ND", "VIVTOT": 10.0, "GRAPROES": 6.69, "_ent": "20", "_mun": "044", "_loc": "0001"}, "geometry": {"type": "Polygon", "coordinates": [[[-95.8858, 18.11692], [-95.88539, 18.11717], [-95.88506, 18.11671], [-95.88547, 18.11646], [-95.8858, 18.11692]]]}}, {"id": "1590383", "type": "Feature", "properties": {"id": "1590383", "CVEGEO": "2004400010430006", "POBTOT": 44.0, "score_nse": 0.0, "NSE": "ND", "VIVTOT": 14.0, "GRAPROES": 6.29, "_ent": "20", "_mun": "044", "_loc": "0001"}, "geometry": {"type": "Polygon", "coordinates": [[[-95.86843, 18.10392], [-95.86836, 18.10489], [-95.86805, 18.10485], [-95.86812, 18.10389], [-95.86843, 18.10392]]]}}, {"id": "1590384", "type": "Feature", "properties": {"id": "1590384", "CVEGEO": "2004400010430002", "POBTOT": 19.0, "score_nse": 0.0, "NSE": "ND", "VIVTOT": 6.0, "GRAPROES": 6.0, "_ent": "20", "_mun": "044", "_loc": "0001"}, "geometry": {"type": "Polygon", "coordinates": [[[-95.86769, 18.10383], [-95.86762, 18.10479], [-95.86701, 18.10473], [-95.86705, 18.10374], [-95.86769, 18.10383]]]}}, {"id": "1590385", "type": "Feature", "properties": {"id": "1590385", "CVEGEO": "2004400010407031", "POBTOT": 51.0, "score_nse": 51.2286, "NSE": "C-", "VIVTOT": 21.0, "GRAPROES": 10.08, "_ent": "20", "_mun": "044", "_loc": "0001"}, "geometry": {"type": "Polygon", "coordinates": [[[-95.88922, 18.10411], [-95.88894, 18.10467], [-95.88866, 18.10454], [-95.88894, 18.10399], [-95.88922, 18.10411]]]}}, {"id": "1590386", "type": "Feature", "properties": {"id": "1590386", "CVEGEO": "200440001038A016", "POBTOT": 14.0, "score_nse": 0.0, "NSE": "ND", "VIVTOT": 3.0, "GRAPROES": 9.63, "_ent": "20", "_mun": "044", "_loc": "0001"}, "geometry": {"type": "Polygon", "coordinates": [[[-95.88398, 18.11808], [-95.88378, 18.11821], [-95.88345, 18.11776], [-95.88366, 18.11763], [-95.88398, 18.11808]]]}}, {"id": "1590387", "type": "Feature", "properties": {"id": "1590387", "CVEGEO": "2004400010375009", "POBTOT": 39.0, "score_nse": 0.0, "NSE": "ND", "VIVTOT": 14.0, "GRAPROES": 6.92, "_ent": "20", "_mun": "044", "_loc": "0001"}, "geometry": {"type": "Polygon", "coordinates": [[[-95.88431, 18.12163], [-95.8835, 18.12218], [-95.8831, 18.12191], [-95.88403, 18.12125], [-95.88431, 18.12163]]]}}, {"id": "1590388", "type": "Feature", "properties": {"id": "1590388", "CVEGEO": "2004400010341027", "POBTOT": 38.0, "score_nse": 54.0036, "NSE": "C-", "VIVTOT": 11.0, "GRAPROES": 9.08, "_ent": "20", "_mun": "044", "_loc": "0001"}, "geometry": {"type": "Polygon", "coordinates": [[[-95.87287, 18.11092], [-95.87211, 18.11081], [-95.87227, 18.11005], [-95.87287, 18.11092]]]}}, {"id": "1590389", "type": "Feature", "properties": {"id": "1590389", "CVEGEO": "2004400010318002", "POBTOT": 35.0, "score_nse": 0.0, "NSE": "ND", "VIVTOT": 14.0, "GRAPROES": 7.65, "_ent": "20", "_mun": "044", "_loc": "0001"}, "geometry": {"type": "Polygon", "coordinates": [[[-95.87236, 18.09858], [-95.87233, 18.09898], [-95.8716, 18.09893], [-95.87164, 18.09853], [-95.87236, 18.09858]]]}}, {"id": "1590390", "type": "Feature", "properties": {"id": "1590390", "CVEGEO": "2004400010303015", "POBTOT": 24.0, "score_nse": 0.0, "NSE": "ND", "VIVTOT": 11.0, "GRAPROES": 7.13, "_ent": "20", "_mun": "044", "_loc": "0001"}, "geometry": {"type": "Polygon", "coordinates": [[[-95.87949, 18.09901], [-95.87881, 18.09895], [-95.87862, 18.09823], [-95.87952, 18.0983], [-95.87949, 18.09901]]]}}, {"id": "1590391", "type": "Feature", "properties": {"id": "1590391", "CVEGEO": "2004400010290051", "POBTOT": 17.0, "score_nse": 0.0, "NSE": "ND", "VIVTOT": 5.0, "GRAPROES": 6.3, "_ent": "20", "_mun": "044", "_loc": "0001"}, "geometry": {"type": "Polygon", "coordinates": [[[-95.88374, 18.09339], [-95.88364, 18.09477], [-95.88301, 18.09474], [-95.8831, 18.09372], [-95.88374, 18.09339]]]}}, {"id": "1590392", "type": "Feature", "properties": {"id": "1590392", "CVEGEO": "2004400010290008", "POBTOT": 47.0, "score_nse": 48.8263, "NSE": "C-", "VIVTOT": 14.0, "GRAPROES": 7.53, "_ent": "20", "_mun": "044", "_loc": "0001"}, "geometry": {"type": "Polygon", "coordinates": [[[-95.8835, 18.09628], [-95.88341, 18.09727], [-95.88276, 18.09721], [-95.88287, 18.09622], [-95.8835, 18.09628]]]}}, {"id": "1590393", "type": "Feature", "properties": {"id": "1590393", "CVEGEO": "2004400010290006", "POBTOT": 26.0, "score_nse": 0.0, "NSE": "ND", "VIVTOT": 13.0, "GRAPROES": 7.3, "_ent": "20", "_mun": "044", "_loc": "0001"}, "geometry": {"type": "Polygon", "coordinates": [[[-95.88423, 18.09691], [-95.88417, 18.09729], [-95.88351, 18.09728], [-95.8836, 18.09629], [-95.88395, 18.09633], [-95.88405, 18.0969], [-95.88423, 18.09691]]]}}, {"id": "1590394", "type": "Feature", "properties": {"id": "1590394", "CVEGEO": "2004400010286006", "POBTOT": 35.0, "score_nse": 67.4916, "NSE": "C", "VIVTOT": 11.0, "GRAPROES": 11.2, "_ent": "20", "_mun": "044", "_loc": "0001"}, "geometry": {"type": "Polygon", "coordinates": [[[-95.8841, 18.10093], [-95.88396, 18.10174], [-95.88354, 18.10168], [-95.88366, 18.1009], [-95.8841, 18.10093]]]}}, {"id": "1590395", "type": "Feature", "properties": {"id": "1590395", "CVEGEO": "2004400010267016", "POBTOT": 119.0, "score_nse": 49.9615, "NSE": "C-", "VIVTOT": 74.0, "GRAPROES": 9.48, "_ent": "20", "_mun": "044", "_loc": "0001"}, "geometry": {"type": "Polygon", "coordinates": [[[-95.88127, 18.11484], [-95.88001, 18.11565], [-95.8794, 18.11478], [-95.88069, 18.114], [-95.88127, 18.11484]]]}}, {"id": "1590396", "type": "Feature", "properties": {"id": "1590396", "CVEGEO": "2004400010252044", "POBTOT": 38.0, "score_nse": 0.0, "NSE": "ND", "VIVTOT": 10.0, "GRAPROES": 6.12, "_ent": "20", "_mun": "044", "_loc": "0001"}, "geometry": {"type": "Polygon", "coordinates": [[[-95.87094, 18.10208], [-95.87052, 18.10203], [-95.87051, 18.1012], [-95.87094, 18.10123], [-95.87094, 18.10208]]]}}, {"id": "1590398", "type": "Feature", "properties": {"id": "1590398", "CVEGEO": "2004400010252045", "POBTOT": 26.0, "score_nse": 0.0, "NSE": "ND", "VIVTOT": 9.0, "GRAPROES": 9.64, "_ent": "20", "_mun": "044", "_loc": "0001"}, "geometry": {"type": "Polygon", "coordinates": [[[-95.87141, 18.10215], [-95.871, 18.10209], [-95.87098, 18.10123], [-95.87138, 18.10124], [-95.87141, 18.10215]]]}}, {"id": "1590416", "type": "Feature", "properties": {"id": "1590416", "CVEGEO": "200440001013A032", "POBTOT": 1.0, "score_nse": 0.0, "NSE": "ND", "VIVTOT": 1.0, "GRAPROES": 0.0, "_ent": "20", "_mun": "044", "_loc": "0001"}, "geometry": {"type": "Polygon", "coordinates": [[[-95.87543, 18.11442], [-95.87659, 18.11362], [-95.87662, 18.11368], [-95.87543, 18.11442]]]}}, {"id": "1590417", "type": "Feature", "properties": {"id": "1590417", "CVEGEO": "2004400010214016", "POBTOT": 19.0, "score_nse": 0.0, "NSE": "ND", "VIVTOT": 12.0, "GRAPROES": 5.83, "_ent": "20", "_mun": "044", "_loc": "0001"}, "geometry": {"type": "Polygon", "coordinates": [[[-95.87897, 18.09502], [-95.878, 18.09493], [-95.87801, 18.09455], [-95.87898, 18.09465], [-95.87897, 18.09502]]]}}, {"id": "1590418", "type": "Feature", "properties": {"id": "1590418", "CVEGEO": "2004400010214017", "POBTOT": 27.0, "score_nse": 0.0, "NSE": "ND", "VIVTOT": 15.0, "GRAPROES": 5.74, "_ent": "20", "_mun": "044", "_loc": "0001"}, "geometry": {"type": "Polygon", "coordinates": [[[-95.87898, 18.09459], [-95.87801, 18.09449], [-95.87803, 18.09411], [-95.879, 18.0942], [-95.87898, 18.09459]]]}}, {"id": "1590419", "type": "Feature", "properties": {"id": "1590419", "CVEGEO": "200440001013A040", "POBTOT": 0.0, "score_nse": 0.0, "NSE": "ND", "VIVTOT": 0.0, "GRAPROES": 0.0, "_ent": "20", "_mun": "044", "_loc": "0001"}, "geometry": {"type": "Polygon", "coordinates": [[[-95.8802, 18.11127], [-95.88111, 18.11085], [-95.87972, 18.11173], [-95.8802, 18.11127]]]}}, {"id": "1590420", "type": "Feature", "properties": {"id": "1590420", "CVEGEO": "200440001045A015", "POBTOT": 0.0, "score_nse": 0.0, "NSE": "ND", "VIVTOT": 0.0, "GRAPROES": 0.0, "_ent": "20", "_mun": "044", "_loc": "0001"}, "geometry": {"type": "Polygon", "coordinates": [[[-95.88484, 18.12251], [-95.88444, 18.12291], [-95.88396, 18.12259], [-95.88464, 18.12211], [-95.88484, 18.12251]]]}}, {"id": "1590421", "type": "Feature", "properties": {"id": "1590421", "CVEGEO": "2004400010426002", "POBTOT": 11.0, "score_nse": 0.0, "NSE": "ND", "VIVTOT": 4.0, "GRAPROES": 0.0, "_ent": "20", "_mun": "044", "_loc": "0001"}, "geometry": {"type": "Polygon", "coordinates": [[[-95.89259, 18.10914], [-95.89197, 18.10901], [-95.89158, 18.10854], [-95.89189, 18.10834], [-95.89259, 18.10914]]]}}, {"id": "1590422", "type": "Feature", "properties": {"id": "1590422", "CVEGEO": "200440001045A004", "POBTOT": 28.0, "score_nse": 0.0, "NSE": "ND", "VIVTOT": 15.0, "GRAPROES": 6.06, "_ent": "20", "_mun": "044", "_loc": "0001"}, "geometry": {"type": "Polygon", "coordinates": [[[-95.88671, 18.12219], [-95.88621, 18.12269], [-95.88599, 18.12248], [-95.8865, 18.12199], [-95.88671, 18.12219]]]}}, {"id": "1590423", "type": "Feature", "properties": {"id": "1590423", "CVEGEO": "2004400010144016", "POBTOT": 31.0, "score_nse": 43.2258, "NSE": "C-", "VIVTOT": 9.0, "GRAPROES": 7.5, "_ent": "20", "_mun": "044", "_loc": "0001"}, "geometry": {"type": "Polygon", "coordinates": [[[-95.89006, 18.1096], [-95.88953, 18.10999], [-95.88935, 18.10976], [-95.88945, 18.10963], [-95.8891, 18.10988], [-95.88858, 18.10903], [-95.8892, 18.10852], [-95.88925, 18.10893], [-95.88931, 18.10865], [-95.89006, 18.1096]]]}}, {"id": "1590424", "type": "Feature", "properties": {"id": "1590424", "CVEGEO": "200440001013A034", "POBTOT": 0.0, "score_nse": 10.0, "NSE": "E", "VIVTOT": 1.0, "GRAPROES": 0.0, "_ent": "20", "_mun": "044", "_loc": "0001"}, "geometry": {"type": "Polygon", "coordinates": [[[-95.87974, 18.11102], [-95.88021, 18.11117], [-95.87973, 18.1111], [-95.87974, 18.11102]]]}}, {"id": "1590425", "type": "Feature", "properties": {"id": "1590425", "CVEGEO": "200440001013A028", "POBTOT": 10.0, "score_nse": 0.0, "NSE": "ND", "VIVTOT": 7.0, "GRAPROES": 8.9, "_ent": "20", "_mun": "044", "_loc": "0001"}, "geometry": {"type": "Polygon", "coordinates": [[[-95.88086, 18.11074], [-95.88034, 18.11107], [-95.87975, 18.11098], [-95.87981, 18.11061], [-95.88086, 18.11074]]]}}, {"id": "1590426", "type": "Feature", "properties": {"id": "1590426", "CVEGEO": "2004400010426015", "POBTOT": 9.0, "score_nse": 0.0, "NSE": "ND", "VIVTOT": 4.0, "GRAPROES": 3.2, "_ent": "20", "_mun": "044", "_loc": "0001"}, "geometry": {"type": "Polygon", "coordinates": [[[-95.89105, 18.10881], [-95.89044, 18.10866], [-95.89003, 18.10814], [-95.89036, 18.10793], [-95.89105, 18.10881]]]}}, {"id": "1590427", "type": "Feature", "properties": {"id": "1590427", "CVEGEO": "2004400010411024", "POBTOT": 30.0, "score_nse": 0.0, "NSE": "ND", "VIVTOT": 8.0, "GRAPROES": 5.78, "_ent": "20", "_mun": "044", "_loc": "0001"}, "geometry": {"type": "Polygon", "coordinates": [[[-95.89575, 18.10139], [-95.89525, 18.10172], [-95.89496, 18.10191], [-95.89536, 18.1012], [-95.89575, 18.10139]]]}}, {"id": "1590428", "type": "Feature", "properties": {"id": "1590428", "CVEGEO": "2004400010411023", "POBTOT": 41.0, "score_nse": 0.0, "NSE": "ND", "VIVTOT": 22.0, "GRAPROES": 6.31, "_ent": "20", "_mun": "044", "_loc": "0001"}, "geometry": {"type": "Polygon", "coordinates": [[[-95.89137, 18.09929], [-95.89181, 18.0995], [-95.8913, 18.10032], [-95.89088, 18.10011], [-95.89137, 18.09929]]]}}, {"id": "1590429", "type": "Feature", "properties": {"id": "1590429", "CVEGEO": "2004400010411012", "POBTOT": 41.0, "score_nse": 0.0, "NSE": "ND", "VIVTOT": 10.0, "GRAPROES": 4.35, "_ent": "20", "_mun": "044", "_loc": "0001"}, "geometry": {"type": "Polygon", "coordinates": [[[-95.89309, 18.10267], [-95.89269, 18.10339], [-95.89253, 18.10348], [-95.89228, 18.10334], [-95.89276, 18.10251], [-95.89309, 18.10267]]]}}, {"id": "1590430", "type": "Feature", "properties": {"id": "1590430", "CVEGEO": "2004400010407049", "POBTOT": 32.0, "score_nse": 58.1727, "NSE": "C", "VIVTOT": 11.0, "GRAPROES": 10.09, "_ent": "20", "_mun": "044", "_loc": "0001"}, "geometry": {"type": "Polygon", "coordinates": [[[-95.88853, 18.10378], [-95.8882, 18.10442], [-95.88808, 18.10441], [-95.88816, 18.10387], [-95.88797, 18.10384], [-95.88809, 18.10357], [-95.88853, 18.10378]]]}}, {"id": "1590431", "type": "Feature", "properties": {"id": "1590431", "CVEGEO": "2004400010407048", "POBTOT": 20.0, "score_nse": 0.0, "NSE": "ND", "VIVTOT": 11.0, "GRAPROES": 5.43, "_ent": "20", "_mun": "044", "_loc": "0001"}, "geometry": {"type": "Polygon", "coordinates": [[[-95.88886, 18.10313], [-95.88857, 18.10372], [-95.88813, 18.1035], [-95.88843, 18.10292], [-95.88886, 18.10313]]]}}, {"id": "1590432", "type": "Feature", "properties": {"id": "1590432", "CVEGEO": "2004400010407046", "POBTOT": 41.0, "score_nse": 45.565, "NSE": "C-", "VIVTOT": 27.0, "GRAPROES": 9.81, "_ent": "20", "_mun": "044", "_loc": "0001"}, "geometry": {"type": "Polygon", "coordinates": [[[-95.89123, 18.10432], [-95.89097, 18.10447], [-95.89006, 18.10404], [-95.8902, 18.10377], [-95.89123, 18.10432]]]}}, {"id": "1590433", "type": "Feature", "properties": {"id": "1590433", "CVEGEO": "2004400010407043", "POBTOT": 24.0, "score_nse": 0.0, "NSE": "ND", "VIVTOT": 8.0, "GRAPROES": 8.25, "_ent": "20", "_mun": "044", "_loc": "0001"}, "geometry": {"type": "Polygon", "coordinates": [[[-95.88952, 18.10491], [-95.88943, 18.10506], [-95.88895, 18.10483], [-95.88902, 18.10468], [-95.88952, 18.10491]]]}}, {"id": "1590434", "type": "Feature", "properties": {"id": "1590434", "CVEGEO": "2004400010356001", "POBTOT": 22.0, "score_nse": 37.444, "NSE": "D+", "VIVTOT": 10.0, "GRAPROES": 7.0, "_ent": "20", "_mun": "044", "_loc": "0001"}, "geometry": {"type": "Polygon", "coordinates": [[[-95.86768, 18.11793], [-95.86736, 18.11814], [-95.86694, 18.11752], [-95.86726, 18.11733], [-95.86768, 18.11793]]]}}, {"id": "1590435", "type": "Feature", "properties": {"id": "1590435", "CVEGEO": "2004400010341017", "POBTOT": 36.0, "score_nse": 0.0, "NSE": "ND", "VIVTOT": 12.0, "GRAPROES": 8.83, "_ent": "20", "_mun": "044", "_loc": "0001"}, "geometry": {"type": "Polygon", "coordinates": [[[-95.87101, 18.11583], [-95.87049, 18.11616], [-95.87018, 18.11551], [-95.87073, 18.1154], [-95.87101, 18.11583]]]}}, {"id": "1590436", "type": "Feature", "properties": {"id": "1590436", "CVEGEO": "2004400010318030", "POBTOT": 157.0, "score_nse": 0.0, "NSE": "ND", "VIVTOT": 53.0, "GRAPROES": 7.71, "_ent": "20", "_mun": "044", "_loc": "0001"}, "geometry": {"type": "Polygon", "coordinates": [[[-95.87499, 18.10215], [-95.87493, 18.10261], [-95.87285, 18.10233], [-95.87292, 18.10187], [-95.87499, 18.10215]]]}}, {"id": "1590437", "type": "Feature", "properties": {"id": "1590437", "CVEGEO": "2004400010318029", "POBTOT": 148.0, "score_nse": 53.0848, "NSE": "C-", "VIVTOT": 51.0, "GRAPROES": 8.22, "_ent": "20", "_mun": "044", "_loc": "0001"}, "geometry": {"type": "Polygon", "coordinates": [[[-95.8751, 18.10152], [-95.875, 18.10209], [-95.87148, 18.10164], [-95.87147, 18.10124], [-95.8751, 18.10152]]]}}, {"id": "1590438", "type": "Feature", "properties": {"id": "1590438", "CVEGEO": "2004400010318028", "POBTOT": 3.0, "score_nse": 0.0, "NSE": "ND", "VIVTOT": 2.0, "GRAPROES": 0.0, "_ent": "20", "_mun": "044", "_loc": "0001"}, "geometry": {"type": "Polygon", "coordinates": [[[-95.87253, 18.09687], [-95.8725, 18.09719], [-95.87177, 18.09713], [-95.8718, 18.09681], [-95.87253, 18.09687]]]}}, {"id": "1590439", "type": "Feature", "properties": {"id": "1590439", "CVEGEO": "2004400010318027", "POBTOT": 6.0, "score_nse": 0.0, "NSE": "ND", "VIVTOT": 5.0, "GRAPROES": 0.0, "_ent": "20", "_mun": "044", "_loc": "0001"}, "geometry": {"type": "Polygon", "coordinates": [[[-95.87173, 18.0968], [-95.87171, 18.09712], [-95.87035, 18.09705], [-95.87038, 18.09671], [-95.87173, 18.0968]]]}}, {"id": "1590440", "type": "Feature", "properties": {"id": "1590440", "CVEGEO": "2004400010318026", "POBTOT": 38.0, "score_nse": 0.0, "NSE": "ND", "VIVTOT": 12.0, "GRAPROES": 5.63, "_ent": "20", "_mun": "044", "_loc": "0001"}, "geometry": {"type": "Polygon", "coordinates": [[[-95.87031, 18.09671], [-95.87028, 18.09705], [-95.86915, 18.09697], [-95.86906, 18.09664], [-95.87031, 18.09671]]]}}, {"id": "1590441", "type": "Feature", "properties": {"id": "1590441", "CVEGEO": "2004400010303027", "POBTOT": 33.0, "score_nse": 0.0, "NSE": "ND", "VIVTOT": 11.0, "GRAPROES": 10.15, "_ent": "20", "_mun": "044", "_loc": "0001"}, "geometry": {"type": "Polygon", "coordinates": [[[-95.88073, 18.09723], [-95.88065, 18.09825], [-95.88018, 18.09821], [-95.88025, 18.0972], [-95.88073, 18.09723]]]}}, {"id": "1590442", "type": "Feature", "properties": {"id": "1590442", "CVEGEO": "2004400010303026", "POBTOT": 31.0, "score_nse": 0.0, "NSE": "ND", "VIVTOT": 12.0, "GRAPROES": 10.43, "_ent": "20", "_mun": "044", "_loc": "0001"}, "geometry": {"type": "Polygon", "coordinates": [[[-95.87954, 18.09706], [-95.87909, 18.09704], [-95.87899, 18.09599], [-95.87952, 18.09572], [-95.87954, 18.09706]]]}}, {"id": "1590443", "type": "Feature", "properties": {"id": "1590443", "CVEGEO": "2004400010303025", "POBTOT": 22.0, "score_nse": 0.0, "NSE": "ND", "VIVTOT": 10.0, "GRAPROES": 7.95, "_ent": "20", "_mun": "044", "_loc": "0001"}, "geometry": {"type": "Polygon", "coordinates": [[[-95.87904, 18.09703], [-95.87836, 18.09699], [-95.87825, 18.09679], [-95.87857, 18.09656], [-95.87844, 18.09631], [-95.87897, 18.09601], [-95.87904, 18.09703]]]}}, {"id": "1590444", "type": "Feature", "properties": {"id": "1590444", "CVEGEO": "2004400010303023", "POBTOT": 131.0, "score_nse": 52.4528, "NSE": "C-", "VIVTOT": 63.0, "GRAPROES": 9.37, "_ent": "20", "_mun": "044", "_loc": "0001"}, "geometry": {"type": "Polygon", "coordinates": [[[-95.8772, 18.10095], [-95.87707, 18.10185], [-95.87523, 18.10158], [-95.87536, 18.10069], [-95.8772, 18.10095]]]}}, {"id": "1590445", "type": "Feature", "properties": {"id": "1590445", "CVEGEO": "2004400010290039", "POBTOT": 46.0, "score_nse": 0.0, "NSE": "ND", "VIVTOT": 20.0, "GRAPROES": 8.39, "_ent": "20", "_mun": "044", "_loc": "0001"}, "geometry": {"type": "Polygon", "coordinates": [[[-95.88722, 18.09539], [-95.88694, 18.09584], [-95.88573, 18.09581], [-95.8858, 18.09535], [-95.88722, 18.09539]]]}}, {"id": "1590446", "type": "Feature", "properties": {"id": "1590446", "CVEGEO": "2004400010290038", "POBTOT": 74.0, "score_nse": 48.2, "NSE": "C-", "VIVTOT": 30.0, "GRAPROES": 9.29, "_ent": "20", "_mun": "044", "_loc": "0001"}, "geometry": {"type": "Polygon", "coordinates": [[[-95.88026, 18.09598], [-95.88018, 18.09709], [-95.87965, 18.09706], [-95.87969, 18.09565], [-95.88009, 18.09542], [-95.88009, 18.09583], [-95.88026, 18.09598]]]}}, {"id": "1590447", "type": "Feature", "properties": {"id": "1590447", "CVEGEO": "2004400010290037", "POBTOT": 14.0, "score_nse": 0.0, "NSE": "ND", "VIVTOT": 9.0, "GRAPROES": 6.82, "_ent": "20", "_mun": "044", "_loc": "0001"}, "geometry": {"type": "Polygon", "coordinates": [[[-95.88088, 18.09503], [-95.88082, 18.09592], [-95.88014, 18.09584], [-95.88015, 18.09539], [-95.88088, 18.09503]]]}}, {"id": "1590448", "type": "Feature", "properties": {"id": "1590448", "CVEGEO": "2004400010290036", "POBTOT": 39.0, "score_nse": 0.0, "NSE": "ND", "VIVTOT": 17.0, "GRAPROES": 7.36, "_ent": "20", "_mun": "044", "_loc": "0001"}, "geometry": {"type": "Polygon", "coordinates": [[[-95.88082, 18.09601], [-95.88074, 18.0971], [-95.88026, 18.09709], [-95.88032, 18.09599], [-95.88082, 18.09601]]]}}, {"id": "1590449", "type": "Feature", "properties": {"id": "1590449", "CVEGEO": "2004400010290016", "POBTOT": 20.0, "score_nse": 0.0, "NSE": "ND", "VIVTOT": 10.0, "GRAPROES": 7.63, "_ent": "20", "_mun": "044", "_loc": "0001"}, "geometry": {"type": "Polygon", "coordinates": [[[-95.88485, 18.09641], [-95.88471, 18.09722], [-95.88425, 18.09728], [-95.88439, 18.09637], [-95.88485, 18.09641]]]}}, {"id": "1590450", "type": "Feature", "properties": {"id": "1590450", "CVEGEO": "2004400010290003", "POBTOT": 14.0, "score_nse": 0.0, "NSE": "ND", "VIVTOT": 9.0, "GRAPROES": 6.45, "_ent": "20", "_mun": "044", "_loc": "0001"}, "geometry": {"type": "Polygon", "coordinates": [[[-95.88358, 18.09535], [-95.88355, 18.09574], [-95.88292, 18.09569], [-95.88297, 18.09529], [-95.88358, 18.09535]]]}}, {"id": "1590451", "type": "Feature", "properties": {"id": "1590451", "CVEGEO": "2004400010290002", "POBTOT": 48.0, "score_nse": 0.0, "NSE": "ND", "VIVTOT": 17.0, "GRAPROES": 8.07, "_ent": "20", "_mun": "044", "_loc": "0001"}, "geometry": {"type": "Polygon", "coordinates": [[[-95.88284, 18.09528], [-95.88276, 18.09611], [-95.88214, 18.09605], [-95.88224, 18.09522], [-95.88284, 18.09528]]]}}, {"id": "1590452", "type": "Feature", "properties": {"id": "1590452", "CVEGEO": "2004400010290001", "POBTOT": 40.0, "score_nse": 0.0, "NSE": "ND", "VIVTOT": 11.0, "GRAPROES": 5.73, "_ent": "20", "_mun": "044", "_loc": "0001"}, "geometry": {"type": "Polygon", "coordinates": [[[-95.88354, 18.09581], [-95.88351, 18.0962], [-95.88287, 18.09613], [-95.88291, 18.09576], [-95.88354, 18.09581]]]}}, {"id": "1590453", "type": "Feature", "properties": {"id": "1590453", "CVEGEO": "2004400010286035", "POBTOT": 17.0, "score_nse": 0.0, "NSE": "ND", "VIVTOT": 10.0, "GRAPROES": 8.91, "_ent": "20", "_mun": "044", "_loc": "0001"}, "geometry": {"type": "Polygon", "coordinates": [[[-95.88327, 18.10275], [-95.8832, 18.10317], [-95.88288, 18.10313], [-95.88293, 18.10273], [-95.88327, 18.10275]]]}}, {"id": "1590454", "type": "Feature", "properties": {"id": "1590454", "CVEGEO": "2004400010286016", "POBTOT": 53.0, "score_nse": 0.0, "NSE": "ND", "VIVTOT": 22.0, "GRAPROES": 6.14, "_ent": "20", "_mun": "044", "_loc": "0001"}, "geometry": {"type": "Polygon", "coordinates": [[[-95.8847, 18.0973], [-95.8845, 18.09855], [-95.88405, 18.09852], [-95.88423, 18.09737], [-95.8847, 18.0973]]]}}, {"id": "1590455", "type": "Feature", "properties": {"id": "1590455", "CVEGEO": "2004400010286013", "POBTOT": 25.0, "score_nse": 54.5267, "NSE": "C-", "VIVTOT": 12.0, "GRAPROES": 9.68, "_ent": "20", "_mun": "044", "_loc": "0001"}, "geometry": {"type": "Polygon", "coordinates": [[[-95.88264, 18.09734], [-95.88255, 18.0984], [-95.8819, 18.09836], [-95.88199, 18.09731], [-95.88264, 18.09734]]]}}, {"id": "1590456", "type": "Feature", "properties": {"id": "1590456", "CVEGEO": "2004400010286012", "POBTOT": 22.0, "score_nse": 0.0, "NSE": "ND", "VIVTOT": 11.0, "GRAPROES": 10.44, "_ent": "20", "_mun": "044", "_loc": "0001"}, "geometry": {"type": "Polygon", "coordinates": [[[-95.88182, 18.0973], [-95.88174, 18.09835], [-95.88124, 18.09832], [-95.8813, 18.09727], [-95.88182, 18.0973]]]}}, {"id": "1590457", "type": "Feature", "properties": {"id": "1590457", "CVEGEO": "2004400010286010", "POBTOT": 93.0, "score_nse": 50.5032, "NSE": "C-", "VIVTOT": 47.0, "GRAPROES": 8.89, "_ent": "20", "_mun": "044", "_loc": "0001"}, "geometry": {"type": "Polygon", "coordinates": [[[-95.88164, 18.09931], [-95.88147, 18.10142], [-95.88054, 18.10126], [-95.88069, 18.09925], [-95.88164, 18.09931]]]}}, {"id": "1590458", "type": "Feature", "properties": {"id": "1590458", "CVEGEO": "2004400010271014", "POBTOT": 34.0, "score_nse": 49.8331, "NSE": "C-", "VIVTOT": 11.0, "GRAPROES": 8.58, "_ent": "20", "_mun": "044", "_loc": "0001"}, "geometry": {"type": "Polygon", "coordinates": [[[-95.87452, 18.11768], [-95.87426, 18.11784], [-95.87374, 18.11712], [-95.874, 18.11696], [-95.87452, 18.11768]]]}}, {"id": "1590459", "type": "Feature", "properties": {"id": "1590459", "CVEGEO": "2004400010271013", "POBTOT": 30.0, "score_nse": 0.0, "NSE": "ND", "VIVTOT": 9.0, "GRAPROES": 6.55, "_ent": "20", "_mun": "044", "_loc": "0001"}, "geometry": {"type": "Polygon", "coordinates": [[[-95.87391, 18.11684], [-95.87366, 18.11701], [-95.87307, 18.11619], [-95.87332, 18.11603], [-95.87391, 18.11684]]]}}, {"id": "1590460", "type": "Feature", "properties": {"id": "1590460", "CVEGEO": "2004400010271011", "POBTOT": 27.0, "score_nse": 0.0, "NSE": "ND", "VIVTOT": 13.0, "GRAPROES": 7.65, "_ent": "20", "_mun": "044", "_loc": "0001"}, "geometry": {"type": "Polygon", "coordinates": [[[-95.8728, 18.11877], [-95.87247, 18.11899], [-95.87194, 18.11829], [-95.87228, 18.11806], [-95.8728, 18.11877]]]}}, {"id": "1590461", "type": "Feature", "properties": {"id": "1590461", "CVEGEO": "2004400010271009", "POBTOT": 30.0, "score_nse": 0.0, "NSE": "ND", "VIVTOT": 13.0, "GRAPROES": 7.08, "_ent": "20", "_mun": "044", "_loc": "0001"}, "geometry": {"type": "Polygon", "coordinates": [[[-95.87362, 18.11703], [-95.87338, 18.11719], [-95.87278, 18.11638], [-95.87304, 18.11621], [-95.87362, 18.11703]]]}}, {"id": "1590462", "type": "Feature", "properties": {"id": "1590462", "CVEGEO": "2004400010411019", "POBTOT": 59.0, "score_nse": 36.274, "NSE": "D+", "VIVTOT": 16.0, "GRAPROES": 6.42, "_ent": "20", "_mun": "044", "_loc": "0001"}, "geometry": {"type": "Polygon", "coordinates": [[[-95.89184, 18.09951], [-95.89219, 18.09968], [-95.89169, 18.10051], [-95.89134, 18.10034], [-95.89184, 18.09951]]]}}, {"id": "1590463", "type": "Feature", "properties": {"id": "1590463", "CVEGEO": "2004400010407051", "POBTOT": 26.0, "score_nse": 0.0, "NSE": "ND", "VIVTOT": 14.0, "GRAPROES": 10.74, "_ent": "20", "_mun": "044", "_loc": "0001"}, "geometry": {"type": "Polygon", "coordinates": [[[-95.88891, 18.10472], [-95.88867, 18.10514], [-95.8884, 18.10502], [-95.88863, 18.1046], [-95.88891, 18.10472]]]}}, {"id": "1590464", "type": "Feature", "properties": {"id": "1590464", "CVEGEO": "2004400010407050", "POBTOT": 15.0, "score_nse": 0.0, "NSE": "ND", "VIVTOT": 6.0, "GRAPROES": 7.36, "_ent": "20", "_mun": "044", "_loc": "0001"}, "geometry": {"type": "Polygon", "coordinates": [[[-95.88799, 18.1027], [-95.88769, 18.10329], [-95.88734, 18.10312], [-95.88765, 18.10254], [-95.88799, 18.1027]]]}}, {"id": "1590465", "type": "Feature", "properties": {"id": "1590465", "CVEGEO": "2004400010407037", "POBTOT": 16.0, "score_nse": 0.0, "NSE": "ND", "VIVTOT": 14.0, "GRAPROES": 9.93, "_ent": "20", "_mun": "044", "_loc": "0001"}, "geometry": {"type": "Polygon", "coordinates": [[[-95.88939, 18.10511], [-95.88925, 18.10536], [-95.88877, 18.10515], [-95.88892, 18.10488], [-95.88939, 18.10511]]]}}, {"id": "1590466", "type": "Feature", "properties": {"id": "1590466", "CVEGEO": "2004400010407036", "POBTOT": 42.0, "score_nse": 54.248, "NSE": "C-", "VIVTOT": 15.0, "GRAPROES": 8.67, "_ent": "20", "_mun": "044", "_loc": "0001"}, "geometry": {"type": "Polygon", "coordinates": [[[-95.89018, 18.105], [-95.88945, 18.10548], [-95.88938, 18.10536], [-95.88952, 18.1051], [-95.88983, 18.10516], [-95.88954, 18.10504], [-95.88969, 18.10476], [-95.89018, 18.105]]]}}, {"id": "1590467", "type": "Feature", "properties": {"id": "1590467", "CVEGEO": "2004400010407035", "POBTOT": 28.0, "score_nse": 55.2371, "NSE": "C", "VIVTOT": 14.0, "GRAPROES": 10.5, "_ent": "20", "_mun": "044", "_loc": "0001"}, "geometry": {"type": "Polygon", "coordinates": [[[-95.8904, 18.10469], [-95.89024, 18.10495], [-95.88973, 18.10471], [-95.88986, 18.10442], [-95.8904, 18.10469]]]}}, {"id": "1590468", "type": "Feature", "properties": {"id": "1590468", "CVEGEO": "2004400010407033", "POBTOT": 9.0, "score_nse": 0.0, "NSE": "ND", "VIVTOT": 9.0, "GRAPROES": 8.0, "_ent": "20", "_mun": "044", "_loc": "0001"}, "geometry": {"type": "Polygon", "coordinates": [[[-95.89013, 18.10374], [-95.88989, 18.10418], [-95.8894, 18.10397], [-95.88965, 18.10351], [-95.89013, 18.10374]]]}}, {"id": "1590469", "type": "Feature", "properties": {"id": "1590469", "CVEGEO": "2004400010407032", "POBTOT": 49.0, "score_nse": 0.0, "NSE": "ND", "VIVTOT": 22.0, "GRAPROES": 8.2, "_ent": "20", "_mun": "044", "_loc": "0001"}, "geometry": {"type": "Polygon", "coordinates": [[[-95.88959, 18.10347], [-95.88927, 18.10406], [-95.88898, 18.10392], [-95.8893, 18.10334], [-95.88959, 18.10347]]]}}, {"id": "1590470", "type": "Feature", "properties": {"id": "1590470", "CVEGEO": "2004400010407012", "POBTOT": 63.0, "score_nse": 0.0, "NSE": "ND", "VIVTOT": 17.0, "GRAPROES": 8.02, "_ent": "20", "_mun": "044", "_loc": "0001"}, "geometry": {"type": "Polygon", "coordinates": [[[-95.88863, 18.10052], [-95.88819, 18.10137], [-95.88785, 18.10121], [-95.88832, 18.10036], [-95.88863, 18.10052]]]}}, {"id": "1590471", "type": "Feature", "properties": {"id": "1590471", "CVEGEO": "2004400010407011", "POBTOT": 31.0, "score_nse": 0.0, "NSE": "ND", "VIVTOT": 15.0, "GRAPROES": 6.28, "_ent": "20", "_mun": "044", "_loc": "0001"}, "geometry": {"type": "Polygon", "coordinates": [[[-95.88815, 18.10144], [-95.88763, 18.10243], [-95.8873, 18.10227], [-95.88781, 18.10127], [-95.88815, 18.10144]]]}}, {"id": "1590472", "type": "Feature", "properties": {"id": "1590472", "CVEGEO": "2004400010407010", "POBTOT": 63.0, "score_nse": 0.0, "NSE": "ND", "VIVTOT": 23.0, "GRAPROES": 5.96, "_ent": "20", "_mun": "044", "_loc": "0001"}, "geometry": {"type": "Polygon", "coordinates": [[[-95.89017, 18.10242], [-95.88963, 18.10342], [-95.88932, 18.10326], [-95.88983, 18.10225], [-95.89017, 18.10242]]]}}, {"id": "1590473", "type": "Feature", "properties": {"id": "1590473", "CVEGEO": "2004400010394029", "POBTOT": 16.0, "score_nse": 31.2667, "NSE": "D+", "VIVTOT": 6.0, "GRAPROES": 5.85, "_ent": "20", "_mun": "044", "_loc": "0001"}, "geometry": {"type": "Polygon", "coordinates": [[[-95.87928, 18.11953], [-95.87906, 18.11968], [-95.87868, 18.11922], [-95.87905, 18.11925], [-95.87928, 18.11953]]]}}, {"id": "1590474", "type": "Feature", "properties": {"id": "1590474", "CVEGEO": "2004400010394028", "POBTOT": 22.0, "score_nse": 0.0, "NSE": "ND", "VIVTOT": 8.0, "GRAPROES": 7.31, "_ent": "20", "_mun": "044", "_loc": "0001"}, "geometry": {"type": "Polygon", "coordinates": [[[-95.87903, 18.1197], [-95.87877, 18.11986], [-95.87829, 18.11918], [-95.87864, 18.11921], [-95.87903, 18.1197]]]}}, {"id": "1590475", "type": "Feature", "properties": {"id": "1590475", "CVEGEO": "2004400010394006", "POBTOT": 11.0, "score_nse": 0.0, "NSE": "ND", "VIVTOT": 6.0, "GRAPROES": 9.56, "_ent": "20", "_mun": "044", "_loc": "0001"}, "geometry": {"type": "Polygon", "coordinates": [[[-95.88242, 18.11912], [-95.88204, 18.11936], [-95.88172, 18.11891], [-95.88208, 18.11867], [-95.88242, 18.11912]]]}}, {"id": "1590476", "type": "Feature", "properties": {"id": "1590476", "CVEGEO": "2004400010356016", "POBTOT": 59.0, "score_nse": 47.2194, "NSE": "C-", "VIVTOT": 21.0, "GRAPROES": 7.98, "_ent": "20", "_mun": "044", "_loc": "0001"}, "geometry": {"type": "Polygon", "coordinates": [[[-95.8693, 18.11545], [-95.86877, 18.11576], [-95.8678, 18.11631], [-95.86763, 18.11536], [-95.8693, 18.11545]]]}}, {"id": "1590477", "type": "Feature", "properties": {"id": "1590477", "CVEGEO": "2004400010356015", "POBTOT": 8.0, "score_nse": 0.0, "NSE": "ND", "VIVTOT": 3.0, "GRAPROES": 0.0, "_ent": "20", "_mun": "044", "_loc": "0001"}, "geometry": {"type": "Polygon", "coordinates": [[[-95.86646, 18.11871], [-95.86633, 18.1188], [-95.86595, 18.11809], [-95.86608, 18.11802], [-95.86646, 18.11871]]]}}, {"id": "1590478", "type": "Feature", "properties": {"id": "1590478", "CVEGEO": "2004400010356014", "POBTOT": 27.0, "score_nse": 0.0, "NSE": "ND", "VIVTOT": 8.0, "GRAPROES": 5.67, "_ent": "20", "_mun": "044", "_loc": "0001"}, "geometry": {"type": "Polygon", "coordinates": [[[-95.86694, 18.11952], [-95.86672, 18.11966], [-95.86634, 18.11891], [-95.86652, 18.1188], [-95.86694, 18.11952]]]}}, {"id": "1590479", "type": "Feature", "properties": {"id": "1590479", "CVEGEO": "2004400010356013", "POBTOT": 25.0, "score_nse": 0.0, "NSE": "ND", "VIVTOT": 13.0, "GRAPROES": 6.57, "_ent": "20", "_mun": "044", "_loc": "0001"}, "geometry": {"type": "Polygon", "coordinates": [[[-95.86904, 18.11823], [-95.86868, 18.11845], [-95.8682, 18.11774], [-95.86855, 18.11752], [-95.86904, 18.11823]]]}}, {"id": "1590480", "type": "Feature", "properties": {"id": "1590480", "CVEGEO": "2004400010341030", "POBTOT": 47.0, "score_nse": 0.0, "NSE": "ND", "VIVTOT": 16.0, "GRAPROES": 5.51, "_ent": "20", "_mun": "044", "_loc": "0001"}, "geometry": {"type": "Polygon", "coordinates": [[[-95.8696, 18.11674], [-95.86937, 18.11689], [-95.86875, 18.11587], [-95.86925, 18.11557], [-95.86925, 18.11603], [-95.8696, 18.11674]]]}}, {"id": "1590481", "type": "Feature", "properties": {"id": "1590481", "CVEGEO": "2004400010341029", "POBTOT": 44.0, "score_nse": 0.0, "NSE": "ND", "VIVTOT": 20.0, "GRAPROES": 7.85, "_ent": "20", "_mun": "044", "_loc": "0001"}, "geometry": {"type": "Polygon", "coordinates": [[[-95.86994, 18.11653], [-95.86964, 18.11672], [-95.86933, 18.11613], [-95.86928, 18.11556], [-95.8694, 18.11548], [-95.86952, 18.11548], [-95.86994, 18.11653]]]}}, {"id": "1590482", "type": "Feature", "properties": {"id": "1590482", "CVEGEO": "2004400010341007", "POBTOT": 50.0, "score_nse": 0.0, "NSE": "ND", "VIVTOT": 18.0, "GRAPROES": 5.56, "_ent": "20", "_mun": "044", "_loc": "0001"}, "geometry": {"type": "Polygon", "coordinates": [[[-95.87275, 18.11529], [-95.872, 18.11575], [-95.8715, 18.11602], [-95.87177, 18.11547], [-95.87255, 18.11498], [-95.87275, 18.11529]]]}}, {"id": "1590483", "type": "Feature", "properties": {"id": "1590483", "CVEGEO": "2004400010341006", "POBTOT": 4.0, "score_nse": 0.0, "NSE": "ND", "VIVTOT": 4.0, "GRAPROES": 0.0, "_ent": "20", "_mun": "044", "_loc": "0001"}, "geometry": {"type": "Polygon", "coordinates": [[[-95.873, 18.1147], [-95.87313, 18.11494], [-95.87293, 18.11541], [-95.8726, 18.11494], [-95.873, 18.1147]]]}}, {"id": "1590484", "type": "Feature", "properties": {"id": "1590484", "CVEGEO": "2004400010341005", "POBTOT": 21.0, "score_nse": 0.0, "NSE": "ND", "VIVTOT": 11.0, "GRAPROES": 7.44, "_ent": "20", "_mun": "044", "_loc": "0001"}, "geometry": {"type": "Polygon", "coordinates": [[[-95.87334, 18.11434], [-95.87255, 18.11485], [-95.87241, 18.11464], [-95.87308, 18.11396], [-95.87334, 18.11434]]]}}, {"id": "1590485", "type": "Feature", "properties": {"id": "1590485", "CVEGEO": "2004400010341004", "POBTOT": 1.0, "score_nse": 0.0, "NSE": "ND", "VIVTOT": 1.0, "GRAPROES": 0.0, "_ent": "20", "_mun": "044", "_loc": "0001"}, "geometry": {"type": "Polygon", "coordinates": [[[-95.87305, 18.11392], [-95.87238, 18.11461], [-95.87137, 18.11432], [-95.87275, 18.11347], [-95.87305, 18.11392]]]}}, {"id": "1590486", "type": "Feature", "properties": {"id": "1590486", "CVEGEO": "2004400010318021", "POBTOT": 17.0, "score_nse": 0.0, "NSE": "ND", "VIVTOT": 7.0, "GRAPROES": 6.5, "_ent": "20", "_mun": "044", "_loc": "0001"}, "geometry": {"type": "Polygon", "coordinates": [[[-95.87169, 18.0972], [-95.87166, 18.09754], [-95.87031, 18.09747], [-95.87035, 18.09714], [-95.87169, 18.0972]]]}}, {"id": "1590487", "type": "Feature", "properties": {"id": "1590487", "CVEGEO": "2004400010318001", "POBTOT": 63.0, "score_nse": 48.563, "NSE": "C-", "VIVTOT": 27.0, "GRAPROES": 8.93, "_ent": "20", "_mun": "044", "_loc": "0001"}, "geometry": {"type": "Polygon", "coordinates": [[[-95.87362, 18.09868], [-95.87355, 18.09907], [-95.87243, 18.09899], [-95.87246, 18.0986], [-95.87362, 18.09868]]]}}, {"id": "1590488", "type": "Feature", "properties": {"id": "1590488", "CVEGEO": "2004400010303032", "POBTOT": 9.0, "score_nse": 0.0, "NSE": "ND", "VIVTOT": 2.0, "GRAPROES": 0.0, "_ent": "20", "_mun": "044", "_loc": "0001"}, "geometry": {"type": "Polygon", "coordinates": [[[-95.8784, 18.09632], [-95.87842, 18.09667], [-95.87825, 18.09677], [-95.87824, 18.0964], [-95.8784, 18.09632]]]}}, {"id": "1590489", "type": "Feature", "properties": {"id": "1590489", "CVEGEO": "2004400010303031", "POBTOT": 13.0, "score_nse": 0.0, "NSE": "ND", "VIVTOT": 2.0, "GRAPROES": 0.0, "_ent": "20", "_mun": "044", "_loc": "0001"}, "geometry": {"type": "Polygon", "coordinates": [[[-95.87577, 18.09706], [-95.87574, 18.09733], [-95.87485, 18.09729], [-95.87488, 18.09705], [-95.87577, 18.09706]]]}}, {"id": "1590490", "type": "Feature", "properties": {"id": "1590490", "CVEGEO": "2004400010303030", "POBTOT": 0.0, "score_nse": 0.0, "NSE": "ND", "VIVTOT": 0.0, "GRAPROES": 0.0, "_ent": "20", "_mun": "044", "_loc": "0001"}, "geometry": {"type": "Polygon", "coordinates": [[[-95.87773, 18.09932], [-95.87754, 18.09932], [-95.87758, 18.09899], [-95.87762, 18.09899], [-95.87773, 18.09932]]]}}, {"id": "1590491", "type": "Feature", "properties": {"id": "1590491", "CVEGEO": "2004400010303029", "POBTOT": 82.0, "score_nse": 47.682, "NSE": "C-", "VIVTOT": 28.0, "GRAPROES": 7.93, "_ent": "20", "_mun": "044", "_loc": "0001"}, "geometry": {"type": "Polygon", "coordinates": [[[-95.87699, 18.10243], [-95.87693, 18.10287], [-95.87506, 18.10264], [-95.87513, 18.10219], [-95.87699, 18.10243]]]}}, {"id": "1590492", "type": "Feature", "properties": {"id": "1590492", "CVEGEO": "2004400010290050", "POBTOT": 0.0, "score_nse": 0.0, "NSE": "ND", "VIVTOT": 0.0, "GRAPROES": 0.0, "_ent": "20", "_mun": "044", "_loc": "0001"}, "geometry": {"type": "Polygon", "coordinates": [[[-95.88654, 18.09406], [-95.8865, 18.0944], [-95.88597, 18.09436], [-95.88604, 18.09402], [-95.88654, 18.09406]]]}}, {"id": "1590493", "type": "Feature", "properties": {"id": "1590493", "CVEGEO": "2004400010290049", "POBTOT": 6.0, "score_nse": 0.0, "NSE": "ND", "VIVTOT": 3.0, "GRAPROES": 0.0, "_ent": "20", "_mun": "044", "_loc": "0001"}, "geometry": {"type": "Polygon", "coordinates": [[[-95.88607, 18.09316], [-95.88603, 18.09351], [-95.88542, 18.09347], [-95.88546, 18.09311], [-95.88607, 18.09316]]]}}, {"id": "1590494", "type": "Feature", "properties": {"id": "1590494", "CVEGEO": "2004400010290048", "POBTOT": 8.0, "score_nse": 0.0, "NSE": "ND", "VIVTOT": 3.0, "GRAPROES": 0.0, "_ent": "20", "_mun": "044", "_loc": "0001"}, "geometry": {"type": "Polygon", "coordinates": [[[-95.88535, 18.0931], [-95.88532, 18.09346], [-95.88485, 18.09343], [-95.88492, 18.09307], [-95.88535, 18.0931]]]}}, {"id": "1590495", "type": "Feature", "properties": {"id": "1590495", "CVEGEO": "2004400010290033", "POBTOT": 34.0, "score_nse": 52.2523, "NSE": "C-", "VIVTOT": 13.0, "GRAPROES": 7.96, "_ent": "20", "_mun": "044", "_loc": "0001"}, "geometry": {"type": "Polygon", "coordinates": [[[-95.88751, 18.09461], [-95.88742, 18.0949], [-95.88588, 18.09485], [-95.88595, 18.09442], [-95.88751, 18.09461]]]}}, {"id": "1590496", "type": "Feature", "properties": {"id": "1590496", "CVEGEO": "2004400010290031", "POBTOT": 13.0, "score_nse": 0.0, "NSE": "ND", "VIVTOT": 7.0, "GRAPROES": 9.08, "_ent": "20", "_mun": "044", "_loc": "0001"}, "geometry": {"type": "Polygon", "coordinates": [[[-95.88156, 18.09517], [-95.88146, 18.09599], [-95.88092, 18.09593], [-95.88099, 18.09513], [-95.88156, 18.09517]]]}}, {"id": "1590497", "type": "Feature", "properties": {"id": "1590497", "CVEGEO": "2004400010290030", "POBTOT": 28.0, "score_nse": 0.0, "NSE": "ND", "VIVTOT": 14.0, "GRAPROES": 8.3, "_ent": "20", "_mun": "044", "_loc": "0001"}, "geometry": {"type": "Polygon", "coordinates": [[[-95.88133, 18.09608], [-95.88126, 18.09714], [-95.88086, 18.09712], [-95.88094, 18.09604], [-95.88133, 18.09608]]]}}, {"id": "1590498", "type": "Feature", "properties": {"id": "1590498", "CVEGEO": "2004400010290029", "POBTOT": 45.0, "score_nse": 0.0, "NSE": "ND", "VIVTOT": 26.0, "GRAPROES": 6.09, "_ent": "20", "_mun": "044", "_loc": "0001"}, "geometry": {"type": "Polygon", "coordinates": [[[-95.88685, 18.09595], [-95.886, 18.09673], [-95.88481, 18.0972], [-95.88493, 18.09642], [-95.88573, 18.09645], [-95.88685, 18.09595]]]}}, {"id": "1590499", "type": "Feature", "properties": {"id": "1590499", "CVEGEO": "2004400010290005", "POBTOT": 13.0, "score_nse": 42.3886, "NSE": "C-", "VIVTOT": 7.0, "GRAPROES": 8.0, "_ent": "20", "_mun": "044", "_loc": "0001"}, "geometry": {"type": "Polygon", "coordinates": [[[-95.8844, 18.09583], [-95.88433, 18.09628], [-95.88362, 18.09619], [-95.88366, 18.0958], [-95.8844, 18.09583]]]}}, {"id": "1590500", "type": "Feature", "properties": {"id": "1590500", "CVEGEO": "2004400010290004", "POBTOT": 19.0, "score_nse": 0.0, "NSE": "ND", "VIVTOT": 9.0, "GRAPROES": 6.2, "_ent": "20", "_mun": "044", "_loc": "0001"}, "geometry": {"type": "Polygon", "coordinates": [[[-95.88447, 18.09533], [-95.88441, 18.09577], [-95.88367, 18.09573], [-95.88371, 18.09531], [-95.88447, 18.09533]]]}}, {"id": "1590501", "type": "Feature", "properties": {"id": "1590501", "CVEGEO": "2004400010286026", "POBTOT": 45.0, "score_nse": 0.0, "NSE": "ND", "VIVTOT": 17.0, "GRAPROES": 7.7, "_ent": "20", "_mun": "044", "_loc": "0001"}, "geometry": {"type": "Polygon", "coordinates": [[[-95.88521, 18.10106], [-95.88492, 18.10187], [-95.88447, 18.10181], [-95.88461, 18.10099], [-95.88521, 18.10106]]]}}, {"id": "1590502", "type": "Feature", "properties": {"id": "1590502", "CVEGEO": "2004400010286025", "POBTOT": 25.0, "score_nse": 0.0, "NSE": "ND", "VIVTOT": 7.0, "GRAPROES": 5.94, "_ent": "20", "_mun": "044", "_loc": "0001"}, "geometry": {"type": "Polygon", "coordinates": [[[-95.88726, 18.09693], [-95.88704, 18.09786], [-95.88654, 18.09778], [-95.88676, 18.09683], [-95.88726, 18.09693]]]}}, {"id": "1590503", "type": "Feature", "properties": {"id": "1590503", "CVEGEO": "2004400010286024", "POBTOT": 25.0, "score_nse": 0.0, "NSE": "ND", "VIVTOT": 11.0, "GRAPROES": 5.85, "_ent": "20", "_mun": "044", "_loc": "0001"}, "geometry": {"type": "Polygon", "coordinates": [[[-95.88669, 18.09682], [-95.88646, 18.09777], [-95.88601, 18.0977], [-95.88622, 18.09676], [-95.88669, 18.09682]]]}}, {"id": "1590504", "type": "Feature", "properties": {"id": "1590504", "CVEGEO": "2004400010286023", "POBTOT": 39.0, "score_nse": 0.0, "NSE": "ND", "VIVTOT": 20.0, "GRAPROES": 5.52, "_ent": "20", "_mun": "044", "_loc": "0001"}, "geometry": {"type": "Polygon", "coordinates": [[[-95.88614, 18.09675], [-95.88593, 18.0977], [-95.88474, 18.09754], [-95.88477, 18.0973], [-95.88614, 18.09675]]]}}, {"id": "1590505", "type": "Feature", "properties": {"id": "1590505", "CVEGEO": "2004400010286022", "POBTOT": 49.0, "score_nse": 0.0, "NSE": "ND", "VIVTOT": 12.0, "GRAPROES": 8.45, "_ent": "20", "_mun": "044", "_loc": "0001"}, "geometry": {"type": "Polygon", "coordinates": [[[-95.88342, 18.10179], [-95.88328, 18.10264], [-95.88293, 18.1026], [-95.88304, 18.10175], [-95.88342, 18.10179]]]}}, {"id": "1590506", "type": "Feature", "properties": {"id": "1590506", "CVEGEO": "2004400010286005", "POBTOT": 39.0, "score_nse": 0.0, "NSE": "ND", "VIVTOT": 20.0, "GRAPROES": 6.91, "_ent": "20", "_mun": "044", "_loc": "0001"}, "geometry": {"type": "Polygon", "coordinates": [[[-95.88432, 18.09963], [-95.88411, 18.10084], [-95.88367, 18.10081], [-95.88387, 18.09957], [-95.88432, 18.09963]]]}}, {"id": "1590507", "type": "Feature", "properties": {"id": "1590507", "CVEGEO": "2004400010286004", "POBTOT": 22.0, "score_nse": 0.0, "NSE": "ND", "VIVTOT": 15.0, "GRAPROES": 7.1, "_ent": "20", "_mun": "044", "_loc": "0001"}, "geometry": {"type": "Polygon", "coordinates": [[[-95.88445, 18.09868], [-95.88433, 18.09952], [-95.88389, 18.09946], [-95.88403, 18.09865], [-95.88445, 18.09868]]]}}, {"id": "1590508", "type": "Feature", "properties": {"id": "1590508", "CVEGEO": "2004400010271023", "POBTOT": 63.0, "score_nse": 54.7764, "NSE": "C-", "VIVTOT": 22.0, "GRAPROES": 7.77, "_ent": "20", "_mun": "044", "_loc": "0001"}, "geometry": {"type": "Polygon", "coordinates": [[[-95.87663, 18.1164], [-95.87553, 18.11709], [-95.87499, 18.11632], [-95.87611, 18.11559], [-95.87663, 18.1164]]]}}, {"id": "1590509", "type": "Feature", "properties": {"id": "1590509", "CVEGEO": "2004400010271022", "POBTOT": 107.0, "score_nse": 52.9363, "NSE": "C-", "VIVTOT": 43.0, "GRAPROES": 9.54, "_ent": "20", "_mun": "044", "_loc": "0001"}, "geometry": {"type": "Polygon", "coordinates": [[[-95.87603, 18.11546], [-95.87483, 18.11623], [-95.87424, 18.11541], [-95.87549, 18.11465], [-95.87603, 18.11546]]]}}, {"id": "1590510", "type": "Feature", "properties": {"id": "1590510", "CVEGEO": "2004400010271021", "POBTOT": 47.0, "score_nse": 0.0, "NSE": "ND", "VIVTOT": 17.0, "GRAPROES": 6.44, "_ent": "20", "_mun": "044", "_loc": "0001"}, "geometry": {"type": "Polygon", "coordinates": [[[-95.8714, 18.11844], [-95.87107, 18.11865], [-95.87042, 18.1178], [-95.87076, 18.11758], [-95.8714, 18.11844]]]}}, {"id": "1590511", "type": "Feature", "properties": {"id": "1590511", "CVEGEO": "2004400010271020", "POBTOT": 37.0, "score_nse": 0.0, "NSE": "ND", "VIVTOT": 13.0, "GRAPROES": 7.0, "_ent": "20", "_mun": "044", "_loc": "0001"}, "geometry": {"type": "Polygon", "coordinates": [[[-95.87201, 18.11927], [-95.87169, 18.11948], [-95.87114, 18.11876], [-95.87149, 18.11854], [-95.87201, 18.11927]]]}}, {"id": "1590512", "type": "Feature", "properties": {"id": "1590512", "CVEGEO": "2004400010267032", "POBTOT": 91.0, "score_nse": 0.0, "NSE": "ND", "VIVTOT": 47.0, "GRAPROES": 8.07, "_ent": "20", "_mun": "044", "_loc": "0001"}, "geometry": {"type": "Polygon", "coordinates": [[[-95.88446, 18.11414], [-95.88317, 18.11501], [-95.88257, 18.11417], [-95.88386, 18.1133], [-95.88446, 18.11414]]]}}, {"id": "1590513", "type": "Feature", "properties": {"id": "1590513", "CVEGEO": "2004400010267020", "POBTOT": 0.0, "score_nse": 10.0, "NSE": "E", "VIVTOT": 1.0, "GRAPROES": 0.0, "_ent": "20", "_mun": "044", "_loc": "0001"}, "geometry": {"type": "Polygon", "coordinates": [[[-95.8814, 18.11267], [-95.88139, 18.1128], [-95.88133, 18.11271], [-95.8814, 18.11267]]]}}, {"id": "1590514", "type": "Feature", "properties": {"id": "1590514", "CVEGEO": "2004400010252064", "POBTOT": 12.0, "score_nse": 0.0, "NSE": "ND", "VIVTOT": 5.0, "GRAPROES": 8.75, "_ent": "20", "_mun": "044", "_loc": "0001"}, "geometry": {"type": "Polygon", "coordinates": [[[-95.87003, 18.10918], [-95.86961, 18.10916], [-95.86966, 18.1083], [-95.87006, 18.10835], [-95.87003, 18.10918]]]}}, {"id": "1590515", "type": "Feature", "properties": {"id": "1590515", "CVEGEO": "2004400010252063", "POBTOT": 8.0, "score_nse": 0.0, "NSE": "ND", "VIVTOT": 3.0, "GRAPROES": 6.0, "_ent": "20", "_mun": "044", "_loc": "0001"}, "geometry": {"type": "Polygon", "coordinates": [[[-95.87118, 18.10851], [-95.87105, 18.10931], [-95.87014, 18.10919], [-95.87017, 18.10837], [-95.87118, 18.10851]]]}}, {"id": "1590516", "type": "Feature", "properties": {"id": "1590516", "CVEGEO": "2004400010252050", "POBTOT": 108.0, "score_nse": 46.9429, "NSE": "C-", "VIVTOT": 42.0, "GRAPROES": 8.0, "_ent": "20", "_mun": "044", "_loc": "0001"}, "geometry": {"type": "Polygon", "coordinates": [[[-95.87139, 18.10423], [-95.8707, 18.10413], [-95.87072, 18.10363], [-95.87063, 18.10412], [-95.87024, 18.10408], [-95.8702, 18.10384], [-95.87018, 18.10407], [-95.8698, 18.10403], [-95.8698, 18.10311], [-95.87, 18.10313], [-95.87001, 18.10353], [-95.87006, 18.10313], [-95.87047, 18.10318], [-95.87046, 18.10358], [-95.87053, 18.10319], [-95.87092, 18.10325], [-95.87092, 18.10347], [-95.87098, 18.10326], [-95.8714, 18.10333], [-95.87139, 18.10423]]]}}, {"id": "1590517", "type": "Feature", "properties": {"id": "1590517", "CVEGEO": "2004400010252049", "POBTOT": 26.0, "score_nse": 0.0, "NSE": "ND", "VIVTOT": 11.0, "GRAPROES": 7.0, "_ent": "20", "_mun": "044", "_loc": "0001"}, "geometry": {"type": "Polygon", "coordinates": [[[-95.86884, 18.10398], [-95.86878, 18.10494], [-95.86844, 18.10489], [-95.8685, 18.10394], [-95.86884, 18.10398]]]}}, {"id": "1590518", "type": "Feature", "properties": {"id": "1590518", "CVEGEO": "2004400010252047", "POBTOT": 38.0, "score_nse": 0.0, "NSE": "ND", "VIVTOT": 17.0, "GRAPROES": 7.92, "_ent": "20", "_mun": "044", "_loc": "0001"}, "geometry": {"type": "Polygon", "coordinates": [[[-95.87047, 18.10202], [-95.87005, 18.10196], [-95.87004, 18.10117], [-95.87046, 18.1012], [-95.87047, 18.10202]]]}}, {"id": "1590519", "type": "Feature", "properties": {"id": "1590519", "CVEGEO": "2004400010252046", "POBTOT": 37.0, "score_nse": 57.1803, "NSE": "C", "VIVTOT": 13.0, "GRAPROES": 8.36, "_ent": "20", "_mun": "044", "_loc": "0001"}, "geometry": {"type": "Polygon", "coordinates": [[[-95.87047, 18.10308], [-95.87006, 18.10304], [-95.87006, 18.10207], [-95.87046, 18.10212], [-95.87047, 18.10308]]]}}, {"id": "1590520", "type": "Feature", "properties": {"id": "1590520", "CVEGEO": "2004400010252022", "POBTOT": 13.0, "score_nse": 29.928, "NSE": "D", "VIVTOT": 3.0, "GRAPROES": 5.83, "_ent": "20", "_mun": "044", "_loc": "0001"}, "geometry": {"type": "Polygon", "coordinates": [[[-95.87011, 18.10732], [-95.87006, 18.10828], [-95.86967, 18.10822], [-95.86971, 18.10728], [-95.87011, 18.10732]]]}}, {"id": "1590521", "type": "Feature", "properties": {"id": "1590521", "CVEGEO": "2004400010252021", "POBTOT": 27.0, "score_nse": 0.0, "NSE": "ND", "VIVTOT": 11.0, "GRAPROES": 7.0, "_ent": "20", "_mun": "044", "_loc": "0001"}, "geometry": {"type": "Polygon", "coordinates": [[[-95.87132, 18.10428], [-95.87127, 18.10524], [-95.87064, 18.10517], [-95.87069, 18.10421], [-95.87132, 18.10428]]]}}, {"id": "1590522", "type": "Feature", "properties": {"id": "1590522", "CVEGEO": "2004400010252010", "POBTOT": 12.0, "score_nse": 0.0, "NSE": "ND", "VIVTOT": 6.0, "GRAPROES": 9.55, "_ent": "20", "_mun": "044", "_loc": "0001"}, "geometry": {"type": "Polygon", "coordinates": [[[-95.87178, 18.10545], [-95.87163, 18.10631], [-95.87132, 18.10628], [-95.8713, 18.10537], [-95.87178, 18.10545]]]}}, {"id": "1590523", "type": "Feature", "properties": {"id": "1590523", "CVEGEO": "2004400010252009", "POBTOT": 42.0, "score_nse": 0.0, "NSE": "ND", "VIVTOT": 10.0, "GRAPROES": 8.66, "_ent": "20", "_mun": "044", "_loc": "0001"}, "geometry": {"type": "Polygon", "coordinates": [[[-95.87225, 18.1055], [-95.87208, 18.1064], [-95.8717, 18.10634], [-95.87185, 18.10543], [-95.87225, 18.1055]]]}}, {"id": "1590524", "type": "Feature", "properties": {"id": "1590524", "CVEGEO": "2004400010252008", "POBTOT": 119.0, "score_nse": 48.548, "NSE": "C-", "VIVTOT": 45.0, "GRAPROES": 8.2, "_ent": "20", "_mun": "044", "_loc": "0001"}, "geometry": {"type": "Polygon", "coordinates": [[[-95.87446, 18.10581], [-95.87432, 18.10675], [-95.87219, 18.10641], [-95.87235, 18.10552], [-95.87446, 18.10581]]]}}, {"id": "1590525", "type": "Feature", "properties": {"id": "1590525", "CVEGEO": "2004400010252006", "POBTOT": 125.0, "score_nse": 54.7391, "NSE": "C-", "VIVTOT": 45.0, "GRAPROES": 9.09, "_ent": "20", "_mun": "044", "_loc": "0001"}, "geometry": {"type": "Polygon", "coordinates": [[[-95.87663, 18.10506], [-95.87648, 18.10596], [-95.8746, 18.10571], [-95.87472, 18.10481], [-95.87663, 18.10506]]]}}, {"id": "1590526", "type": "Feature", "properties": {"id": "1590526", "CVEGEO": "2004400010248013", "POBTOT": 82.0, "score_nse": 0.0, "NSE": "ND", "VIVTOT": 41.0, "GRAPROES": 8.47, "_ent": "20", "_mun": "044", "_loc": "0001"}, "geometry": {"type": "Polygon", "coordinates": [[[-95.87879, 18.10324], [-95.87867, 18.10415], [-95.8769, 18.10391], [-95.87703, 18.103], [-95.87879, 18.10324]]]}}, {"id": "1590527", "type": "Feature", "properties": {"id": "1590527", "CVEGEO": "2004400010286003", "POBTOT": 43.0, "score_nse": 50.42, "NSE": "C-", "VIVTOT": 13.0, "GRAPROES": 6.57, "_ent": "20", "_mun": "044", "_loc": "0001"}, "geometry": {"type": "Polygon", "coordinates": [[[-95.88396, 18.09864], [-95.88383, 18.09946], [-95.8833, 18.09938], [-95.88338, 18.09859], [-95.88396, 18.09864]]]}}, {"id": "1590528", "type": "Feature", "properties": {"id": "1590528", "CVEGEO": "2004400010248012", "POBTOT": 107.0, "score_nse": 39.8543, "NSE": "D+", "VIVTOT": 74.0, "GRAPROES": 8.12, "_ent": "20", "_mun": "044", "_loc": "0001"}, "geometry": {"type": "Polygon", "coordinates": [[[-95.87823, 18.10738], [-95.8781, 18.10828], [-95.87631, 18.10805], [-95.87644, 18.10714], [-95.87823, 18.10738]]]}}, {"id": "1590529", "type": "Feature", "properties": {"id": "1590529", "CVEGEO": "2004400010248011", "POBTOT": 46.0, "score_nse": 53.5068, "NSE": "C-", "VIVTOT": 17.0, "GRAPROES": 10.06, "_ent": "20", "_mun": "044", "_loc": "0001"}, "geometry": {"type": "Polygon", "coordinates": [[[-95.87929, 18.10752], [-95.87916, 18.10844], [-95.87819, 18.1083], [-95.87831, 18.10741], [-95.87929, 18.10752]]]}}, {"id": "1590530", "type": "Feature", "properties": {"id": "1590530", "CVEGEO": "2004400010248010", "POBTOT": 11.0, "score_nse": 0.0, "NSE": "ND", "VIVTOT": 4.0, "GRAPROES": 11.75, "_ent": "20", "_mun": "044", "_loc": "0001"}, "geometry": {"type": "Polygon", "coordinates": [[[-95.8805, 18.10798], [-95.8804, 18.10861], [-95.87979, 18.10853], [-95.87984, 18.10812], [-95.88004, 18.10815], [-95.88002, 18.10794], [-95.87973, 18.1079], [-95.87972, 18.10851], [-95.87923, 18.10844], [-95.87937, 18.10753], [-95.8804, 18.10767], [-95.8805, 18.10798]]]}}, {"id": "1590531", "type": "Feature", "properties": {"id": "1590531", "CVEGEO": "2004400010233027", "POBTOT": 67.0, "score_nse": 0.0, "NSE": "ND", "VIVTOT": 26.0, "GRAPROES": 7.71, "_ent": "20", "_mun": "044", "_loc": "0001"}, "geometry": {"type": "Polygon", "coordinates": [[[-95.88888, 18.11501], [-95.88858, 18.11519], [-95.88827, 18.11474], [-95.88737, 18.11528], [-95.88718, 18.115], [-95.88836, 18.11427], [-95.88888, 18.11501]]]}}, {"id": "1590532", "type": "Feature", "properties": {"id": "1590532", "CVEGEO": "2004400010233025", "POBTOT": 30.0, "score_nse": 37.3394, "NSE": "D+", "VIVTOT": 14.0, "GRAPROES": 5.68, "_ent": "20", "_mun": "044", "_loc": "0001"}, "geometry": {"type": "Polygon", "coordinates": [[[-95.88678, 18.11833], [-95.88638, 18.11859], [-95.88576, 18.1177], [-95.88617, 18.11745], [-95.88678, 18.11833]]]}}, {"id": "1590533", "type": "Feature", "properties": {"id": "1590533", "CVEGEO": "2004400010233024", "POBTOT": 38.0, "score_nse": 0.0, "NSE": "ND", "VIVTOT": 12.0, "GRAPROES": 5.56, "_ent": "20", "_mun": "044", "_loc": "0001"}, "geometry": {"type": "Polygon", "coordinates": [[[-95.88752, 18.11585], [-95.88704, 18.11614], [-95.88673, 18.11575], [-95.88723, 18.11544], [-95.88752, 18.11585]]]}}, {"id": "1590534", "type": "Feature", "properties": {"id": "1590534", "CVEGEO": "2004400010233002", "POBTOT": 44.0, "score_nse": 0.0, "NSE": "ND", "VIVTOT": 10.0, "GRAPROES": 7.97, "_ent": "20", "_mun": "044", "_loc": "0001"}, "geometry": {"type": "Polygon", "coordinates": [[[-95.88615, 18.11742], [-95.88574, 18.11768], [-95.88542, 18.11722], [-95.88582, 18.11696], [-95.88615, 18.11742]]]}}, {"id": "1590535", "type": "Feature", "properties": {"id": "1590535", "CVEGEO": "2004400010229001", "POBTOT": 54.0, "score_nse": 0.0, "NSE": "ND", "VIVTOT": 26.0, "GRAPROES": 6.38, "_ent": "20", "_mun": "044", "_loc": "0001"}, "geometry": {"type": "Polygon", "coordinates": [[[-95.86492, 18.09381], [-95.86533, 18.09385], [-95.8656, 18.09163], [-95.87549, 18.09228], [-95.87689, 18.09672], [-95.87508, 18.09686], [-95.86475, 18.09617], [-95.86492, 18.09381]]]}}, {"id": "1590536", "type": "Feature", "properties": {"id": "1590536", "CVEGEO": "2004400010159013", "POBTOT": 16.0, "score_nse": 66.5187, "NSE": "C", "VIVTOT": 6.0, "GRAPROES": 10.21, "_ent": "20", "_mun": "044", "_loc": "0001"}, "geometry": {"type": "Polygon", "coordinates": [[[-95.88273, 18.10891], [-95.88205, 18.10883], [-95.88215, 18.10806], [-95.88225, 18.10819], [-95.88273, 18.10891]]]}}, {"id": "1590537", "type": "Feature", "properties": {"id": "1590537", "CVEGEO": "2004400010159012", "POBTOT": 48.0, "score_nse": 57.5016, "NSE": "C", "VIVTOT": 33.0, "GRAPROES": 12.83, "_ent": "20", "_mun": "044", "_loc": "0001"}, "geometry": {"type": "Polygon", "coordinates": [[[-95.88309, 18.10946], [-95.88183, 18.11021], [-95.88201, 18.10893], [-95.88282, 18.10903], [-95.88309, 18.10946]]]}}, {"id": "1590538", "type": "Feature", "properties": {"id": "1590538", "CVEGEO": "2004400010159001", "POBTOT": 56.0, "score_nse": 0.0, "NSE": "ND", "VIVTOT": 40.0, "GRAPROES": 8.64, "_ent": "20", "_mun": "044", "_loc": "0001"}, "geometry": {"type": "Polygon", "coordinates": [[[-95.88771, 18.10808], [-95.8865, 18.10876], [-95.88597, 18.10804], [-95.88716, 18.1073], [-95.88771, 18.10808]]]}}, {"id": "1590539", "type": "Feature", "properties": {"id": "1590539", "CVEGEO": "2004400010144061", "POBTOT": 0.0, "score_nse": 0.0, "NSE": "ND", "VIVTOT": 0.0, "GRAPROES": 0.0, "_ent": "20", "_mun": "044", "_loc": "0001"}, "geometry": {"type": "Polygon", "coordinates": [[[-95.88945, 18.10673], [-95.8889, 18.10707], [-95.88861, 18.10645], [-95.88907, 18.10617], [-95.88945, 18.10673]]]}}, {"id": "1590540", "type": "Feature", "properties": {"id": "1590540", "CVEGEO": "2004400010144060", "POBTOT": 11.0, "score_nse": 0.0, "NSE": "ND", "VIVTOT": 6.0, "GRAPROES": 9.0, "_ent": "20", "_mun": "044", "_loc": "0001"}, "geometry": {"type": "Polygon", "coordinates": [[[-95.88926, 18.11068], [-95.88874, 18.111], [-95.88875, 18.1101], [-95.88905, 18.11051], [-95.88926, 18.11068]]]}}, {"id": "1590541", "type": "Feature", "properties": {"id": "1590541", "CVEGEO": "2004400010144059", "POBTOT": 15.0, "score_nse": 0.0, "NSE": "ND", "VIVTOT": 5.0, "GRAPROES": 6.25, "_ent": "20", "_mun": "044", "_loc": "0001"}, "geometry": {"type": "Polygon", "coordinates": [[[-95.88948, 18.11099], [-95.8889, 18.11107], [-95.88881, 18.11104], [-95.88931, 18.11073], [-95.88948, 18.11099]]]}}, {"id": "1590542", "type": "Feature", "properties": {"id": "1590542", "CVEGEO": "2004400010144037", "POBTOT": 36.0, "score_nse": 55.1135, "NSE": "C", "VIVTOT": 13.0, "GRAPROES": 7.88, "_ent": "20", "_mun": "044", "_loc": "0001"}, "geometry": {"type": "Polygon", "coordinates": [[[-95.89049, 18.10701], [-95.89024, 18.10716], [-95.88983, 18.10655], [-95.89009, 18.10639], [-95.89049, 18.10701]]]}}, {"id": "1590543", "type": "Feature", "properties": {"id": "1590543", "CVEGEO": "2004400010144025", "POBTOT": 39.0, "score_nse": 38.1371, "NSE": "D+", "VIVTOT": 14.0, "GRAPROES": 5.6, "_ent": "20", "_mun": "044", "_loc": "0001"}, "geometry": {"type": "Polygon", "coordinates": [[[-95.88994, 18.10811], [-95.88967, 18.10829], [-95.88936, 18.10781], [-95.88963, 18.10763], [-95.88994, 18.10811]]]}}, {"id": "1590544", "type": "Feature", "properties": {"id": "1590544", "CVEGEO": "2004400010144024", "POBTOT": 46.0, "score_nse": 46.0955, "NSE": "C-", "VIVTOT": 16.0, "GRAPROES": 7.47, "_ent": "20", "_mun": "044", "_loc": "0001"}, "geometry": {"type": "Polygon", "coordinates": [[[-95.8893, 18.1078], [-95.88904, 18.10796], [-95.88863, 18.1073], [-95.88889, 18.10715], [-95.8893, 18.1078]]]}}, {"id": "1590545", "type": "Feature", "properties": {"id": "1590545", "CVEGEO": "2004400010144023", "POBTOT": 19.0, "score_nse": 0.0, "NSE": "ND", "VIVTOT": 7.0, "GRAPROES": 8.31, "_ent": "20", "_mun": "044", "_loc": "0001"}, "geometry": {"type": "Polygon", "coordinates": [[[-95.88914, 18.10847], [-95.88849, 18.10896], [-95.88835, 18.10877], [-95.88855, 18.1084], [-95.88914, 18.10847]]]}}, {"id": "1590546", "type": "Feature", "properties": {"id": "1590546", "CVEGEO": "2004400010144022", "POBTOT": 92.0, "score_nse": 38.8172, "NSE": "D+", "VIVTOT": 48.0, "GRAPROES": 6.57, "_ent": "20", "_mun": "044", "_loc": "0001"}, "geometry": {"type": "Polygon", "coordinates": [[[-95.88865, 18.11076], [-95.88863, 18.11103], [-95.88828, 18.11112], [-95.8873, 18.10979], [-95.8877, 18.10953], [-95.88802, 18.10995], [-95.88773, 18.10951], [-95.88806, 18.1093], [-95.88828, 18.11004], [-95.88818, 18.10923], [-95.88857, 18.10977], [-95.88863, 18.11055], [-95.88833, 18.11037], [-95.88865, 18.11076]]]}}, {"id": "1590547", "type": "Feature", "properties": {"id": "1590547", "CVEGEO": "2004400010144021", "POBTOT": 17.0, "score_nse": 0.0, "NSE": "ND", "VIVTOT": 8.0, "GRAPROES": 7.75, "_ent": "20", "_mun": "044", "_loc": "0001"}, "geometry": {"type": "Polygon", "coordinates": [[[-95.88964, 18.11106], [-95.8887, 18.11166], [-95.88854, 18.11144], [-95.88948, 18.11104], [-95.88964, 18.11106]]]}}, {"id": "1590548", "type": "Feature", "properties": {"id": "1590548", "CVEGEO": "2004400010144015", "POBTOT": 88.0, "score_nse": 0.0, "NSE": "ND", "VIVTOT": 50.0, "GRAPROES": 6.64, "_ent": "20", "_mun": "044", "_loc": "0001"}, "geometry": {"type": "Polygon", "coordinates": [[[-95.8886, 18.11173], [-95.88731, 18.11258], [-95.8872, 18.11242], [-95.88752, 18.1121], [-95.88716, 18.11234], [-95.88688, 18.11195], [-95.88816, 18.11116], [-95.8886, 18.11173]]]}}, {"id": "1590549", "type": "Feature", "properties": {"id": "1590549", "CVEGEO": "200440001013A014", "POBTOT": 60.0, "score_nse": 51.8436, "NSE": "C-", "VIVTOT": 27.0, "GRAPROES": 8.19, "_ent": "20", "_mun": "044", "_loc": "0001"}, "geometry": {"type": "Polygon", "coordinates": [[[-95.87773, 18.11035], [-95.87674, 18.11098], [-95.87615, 18.11013], [-95.87773, 18.11035]]]}}, {"id": "1590550", "type": "Feature", "properties": {"id": "1590550", "CVEGEO": "200440001013A013", "POBTOT": 60.0, "score_nse": 51.3121, "NSE": "C-", "VIVTOT": 31.0, "GRAPROES": 8.92, "_ent": "20", "_mun": "044", "_loc": "0001"}, "geometry": {"type": "Polygon", "coordinates": [[[-95.87584, 18.11008], [-95.87476, 18.11076], [-95.87409, 18.10982], [-95.8757, 18.11006], [-95.87584, 18.11008]]]}}, {"id": "1590551", "type": "Feature", "properties": {"id": "1590551", "CVEGEO": "200440001013A012", "POBTOT": 5.0, "score_nse": 0.0, "NSE": "ND", "VIVTOT": 3.0, "GRAPROES": 6.0, "_ent": "20", "_mun": "044", "_loc": "0001"}, "geometry": {"type": "Polygon", "coordinates": [[[-95.87494, 18.1112], [-95.87437, 18.11112], [-95.87474, 18.11091], [-95.87494, 18.1112]]]}}, {"id": "1590552", "type": "Feature", "properties": {"id": "1590552", "CVEGEO": "200440001013A011", "POBTOT": 104.0, "score_nse": 0.0, "NSE": "ND", "VIVTOT": 35.0, "GRAPROES": 7.59, "_ent": "20", "_mun": "044", "_loc": "0001"}, "geometry": {"type": "Polygon", "coordinates": [[[-95.87465, 18.11351], [-95.87346, 18.11427], [-95.87318, 18.11387], [-95.87384, 18.11321], [-95.87366, 18.11295], [-95.87409, 18.1127], [-95.87465, 18.11351]]]}}, {"id": "1590553", "type": "Feature", "properties": {"id": "1590553", "CVEGEO": "200440001013A010", "POBTOT": 106.0, "score_nse": 47.0761, "NSE": "C-", "VIVTOT": 39.0, "GRAPROES": 8.44, "_ent": "20", "_mun": "044", "_loc": "0001"}, "geometry": {"type": "Polygon", "coordinates": [[[-95.87526, 18.1144], [-95.87405, 18.11515], [-95.87379, 18.11475], [-95.87415, 18.11449], [-95.87377, 18.11473], [-95.87351, 18.11436], [-95.87471, 18.11359], [-95.87526, 18.1144]]]}}, {"id": "1590557", "type": "Feature", "properties": {"id": "1590557", "CVEGEO": "2004400010411022", "POBTOT": 87.0, "score_nse": 0.0, "NSE": "ND", "VIVTOT": 26.0, "GRAPROES": 5.12, "_ent": "20", "_mun": "044", "_loc": "0001"}, "geometry": {"type": "Polygon", "coordinates": [[[-95.89125, 18.10035], [-95.89065, 18.10139], [-95.89031, 18.10121], [-95.8909, 18.10018], [-95.89125, 18.10035]]]}}, {"id": "1590558", "type": "Feature", "properties": {"id": "1590558", "CVEGEO": "2004400010411004", "POBTOT": 41.0, "score_nse": 0.0, "NSE": "ND", "VIVTOT": 21.0, "GRAPROES": 6.1, "_ent": "20", "_mun": "044", "_loc": "0001"}, "geometry": {"type": "Polygon", "coordinates": [[[-95.89345, 18.10028], [-95.89383, 18.10047], [-95.89335, 18.10132], [-95.89297, 18.10113], [-95.89345, 18.10028]]]}}, {"id": "1590559", "type": "Feature", "properties": {"id": "1590559", "CVEGEO": "2004400010375012", "POBTOT": 58.0, "score_nse": 0.0, "NSE": "ND", "VIVTOT": 26.0, "GRAPROES": 6.47, "_ent": "20", "_mun": "044", "_loc": "0001"}, "geometry": {"type": "Polygon", "coordinates": [[[-95.88104, 18.12], [-95.88074, 18.12026], [-95.87978, 18.11952], [-95.87977, 18.11928], [-95.88028, 18.11895], [-95.88068, 18.11953], [-95.88057, 18.11966], [-95.8807, 18.11957], [-95.88104, 18.12]]]}}, {"id": "1590560", "type": "Feature", "properties": {"id": "1590560", "CVEGEO": "2004400010360017", "POBTOT": 30.0, "score_nse": 0.0, "NSE": "ND", "VIVTOT": 11.0, "GRAPROES": 7.24, "_ent": "20", "_mun": "044", "_loc": "0001"}, "geometry": {"type": "Polygon", "coordinates": [[[-95.86913, 18.10919], [-95.86889, 18.11037], [-95.86847, 18.11031], [-95.86872, 18.10913], [-95.86913, 18.10919]]]}}, {"id": "1590561", "type": "Feature", "properties": {"id": "1590561", "CVEGEO": "2004400010271027", "POBTOT": 34.0, "score_nse": 0.0, "NSE": "ND", "VIVTOT": 15.0, "GRAPROES": 6.96, "_ent": "20", "_mun": "044", "_loc": "0001"}, "geometry": {"type": "Polygon", "coordinates": [[[-95.87164, 18.11951], [-95.87132, 18.11971], [-95.87076, 18.119], [-95.87109, 18.11878], [-95.87164, 18.11951]]]}}, {"id": "1590562", "type": "Feature", "properties": {"id": "1590562", "CVEGEO": "2004400010267001", "POBTOT": 37.0, "score_nse": 47.971, "NSE": "C-", "VIVTOT": 23.0, "GRAPROES": 9.97, "_ent": "20", "_mun": "044", "_loc": "0001"}, "geometry": {"type": "Polygon", "coordinates": [[[-95.88175, 18.11316], [-95.8807, 18.11382], [-95.88037, 18.11334], [-95.88081, 18.11304], [-95.88091, 18.11317], [-95.8807, 18.11333], [-95.88092, 18.11319], [-95.881, 18.11331], [-95.8816, 18.11295], [-95.88175, 18.11316]]]}}, {"id": "1590563", "type": "Feature", "properties": {"id": "1590563", "CVEGEO": "2004400010252011", "POBTOT": 31.0, "score_nse": 0.0, "NSE": "ND", "VIVTOT": 9.0, "GRAPROES": 8.52, "_ent": "20", "_mun": "044", "_loc": "0001"}, "geometry": {"type": "Polygon", "coordinates": [[[-95.87195, 18.10442], [-95.87179, 18.10532], [-95.87132, 18.10525], [-95.87137, 18.10433], [-95.87195, 18.10442]]]}}, {"id": "1590587", "type": "Feature", "properties": {"id": "1590587", "CVEGEO": "2004400010252074", "POBTOT": 12.0, "score_nse": 0.0, "NSE": "ND", "VIVTOT": 2.0, "GRAPROES": 0.0, "_ent": "20", "_mun": "044", "_loc": "0001"}, "geometry": {"type": "Polygon", "coordinates": [[[-95.86774, 18.1029], [-95.86759, 18.10289], [-95.86759, 18.10182], [-95.86775, 18.10183], [-95.86774, 18.1029]]]}}, {"id": "1590588", "type": "Feature", "properties": {"id": "1590588", "CVEGEO": "2004400010252076", "POBTOT": 25.0, "score_nse": 0.0, "NSE": "ND", "VIVTOT": 8.0, "GRAPROES": 9.5, "_ent": "20", "_mun": "044", "_loc": "0001"}, "geometry": {"type": "Polygon", "coordinates": [[[-95.86933, 18.10306], [-95.86928, 18.10398], [-95.8689, 18.10392], [-95.86893, 18.10303], [-95.86933, 18.10306]]]}}, {"id": "1590589", "type": "Feature", "properties": {"id": "1590589", "CVEGEO": "2004400010252077", "POBTOT": 45.0, "score_nse": 0.0, "NSE": "ND", "VIVTOT": 13.0, "GRAPROES": 6.41, "_ent": "20", "_mun": "044", "_loc": "0001"}, "geometry": {"type": "Polygon", "coordinates": [[[-95.86884, 18.10391], [-95.8685, 18.10387], [-95.86853, 18.10301], [-95.86888, 18.10303], [-95.86884, 18.10391]]]}}, {"id": "1590590", "type": "Feature", "properties": {"id": "1590590", "CVEGEO": "2004400010252069", "POBTOT": 32.0, "score_nse": 0.0, "NSE": "ND", "VIVTOT": 13.0, "GRAPROES": 6.86, "_ent": "20", "_mun": "044", "_loc": "0001"}, "geometry": {"type": "Polygon", "coordinates": [[[-95.86998, 18.10197], [-95.86955, 18.10192], [-95.86952, 18.10115], [-95.86997, 18.10118], [-95.86998, 18.10197]]]}}, {"id": "1590591", "type": "Feature", "properties": {"id": "1590591", "CVEGEO": "2004400010411011", "POBTOT": 7.0, "score_nse": 0.0, "NSE": "ND", "VIVTOT": 5.0, "GRAPROES": 0.0, "_ent": "20", "_mun": "044", "_loc": "0001"}, "geometry": {"type": "Polygon", "coordinates": [[[-95.89316, 18.1027], [-95.89345, 18.10291], [-95.89283, 18.1033], [-95.89316, 18.1027]]]}}, {"id": "1590592", "type": "Feature", "properties": {"id": "1590592", "CVEGEO": "2004400010411010", "POBTOT": 44.0, "score_nse": 0.0, "NSE": "ND", "VIVTOT": 21.0, "GRAPROES": 6.24, "_ent": "20", "_mun": "044", "_loc": "0001"}, "geometry": {"type": "Polygon", "coordinates": [[[-95.89415, 18.10175], [-95.89355, 18.10281], [-95.89321, 18.10265], [-95.89381, 18.10158], [-95.89415, 18.10175]]]}}, {"id": "1590593", "type": "Feature", "properties": {"id": "1590593", "CVEGEO": "2004400010411009", "POBTOT": 40.0, "score_nse": 0.0, "NSE": "ND", "VIVTOT": 11.0, "GRAPROES": 5.69, "_ent": "20", "_mun": "044", "_loc": "0001"}, "geometry": {"type": "Polygon", "coordinates": [[[-95.89466, 18.10087], [-95.89419, 18.10168], [-95.89386, 18.10152], [-95.89433, 18.10071], [-95.89466, 18.10087]]]}}, {"id": "1590594", "type": "Feature", "properties": {"id": "1590594", "CVEGEO": "2004400010411008", "POBTOT": 52.0, "score_nse": 0.0, "NSE": "ND", "VIVTOT": 17.0, "GRAPROES": 5.62, "_ent": "20", "_mun": "044", "_loc": "0001"}, "geometry": {"type": "Polygon", "coordinates": [[[-95.89266, 18.09991], [-95.89304, 18.10009], [-95.89253, 18.10092], [-95.89214, 18.10073], [-95.89266, 18.09991]]]}}, {"id": "1590595", "type": "Feature", "properties": {"id": "1590595", "CVEGEO": "2004400010411007", "POBTOT": 70.0, "score_nse": 0.0, "NSE": "ND", "VIVTOT": 22.0, "GRAPROES": 6.41, "_ent": "20", "_mun": "044", "_loc": "0001"}, "geometry": {"type": "Polygon", "coordinates": [[[-95.89251, 18.10097], [-95.89188, 18.102], [-95.89154, 18.10183], [-95.89218, 18.10081], [-95.89251, 18.10097]]]}}, {"id": "1590596", "type": "Feature", "properties": {"id": "1590596", "CVEGEO": "2004400010411006", "POBTOT": 76.0, "score_nse": 0.0, "NSE": "ND", "VIVTOT": 27.0, "GRAPROES": 6.13, "_ent": "20", "_mun": "044", "_loc": "0001"}, "geometry": {"type": "Polygon", "coordinates": [[[-95.89374, 18.10156], [-95.89315, 18.10262], [-95.89281, 18.10244], [-95.89341, 18.1014], [-95.89374, 18.10156]]]}}, {"id": "1590597", "type": "Feature", "properties": {"id": "1590597", "CVEGEO": "2004400010411005", "POBTOT": 25.0, "score_nse": 0.0, "NSE": "ND", "VIVTOT": 13.0, "GRAPROES": 8.05, "_ent": "20", "_mun": "044", "_loc": "0001"}, "geometry": {"type": "Polygon", "coordinates": [[[-95.89426, 18.10067], [-95.89379, 18.10149], [-95.89345, 18.10133], [-95.89393, 18.10051], [-95.89426, 18.10067]]]}}, {"id": "1590598", "type": "Feature", "properties": {"id": "1590598", "CVEGEO": "2004400010407001", "POBTOT": 43.0, "score_nse": 0.0, "NSE": "ND", "VIVTOT": 17.0, "GRAPROES": 7.03, "_ent": "20", "_mun": "044", "_loc": "0001"}, "geometry": {"type": "Polygon", "coordinates": [[[-95.88935, 18.10203], [-95.88883, 18.10302], [-95.8885, 18.10285], [-95.88903, 18.10187], [-95.88935, 18.10203]]]}}, {"id": "1590599", "type": "Feature", "properties": {"id": "1590599", "CVEGEO": "2004400010394032", "POBTOT": 4.0, "score_nse": 0.0, "NSE": "ND", "VIVTOT": 1.0, "GRAPROES": 0.0, "_ent": "20", "_mun": "044", "_loc": "0001"}, "geometry": {"type": "Polygon", "coordinates": [[[-95.88165, 18.11888], [-95.88147, 18.11899], [-95.88125, 18.11866], [-95.88142, 18.11854], [-95.88165, 18.11888]]]}}, {"id": "1590600", "type": "Feature", "properties": {"id": "1590600", "CVEGEO": "2004400010394030", "POBTOT": 3.0, "score_nse": 0.0, "NSE": "ND", "VIVTOT": 2.0, "GRAPROES": 0.0, "_ent": "20", "_mun": "044", "_loc": "0001"}, "geometry": {"type": "Polygon", "coordinates": [[[-95.87941, 18.11951], [-95.8797, 18.11937], [-95.87963, 18.11975], [-95.87941, 18.11951]]]}}, {"id": "1590601", "type": "Feature", "properties": {"id": "1590601", "CVEGEO": "2004400010394020", "POBTOT": 13.0, "score_nse": 0.0, "NSE": "ND", "VIVTOT": 3.0, "GRAPROES": 6.0, "_ent": "20", "_mun": "044", "_loc": "0001"}, "geometry": {"type": "Polygon", "coordinates": [[[-95.87961, 18.11985], [-95.87946, 18.12017], [-95.87909, 18.11972], [-95.87931, 18.11956], [-95.87961, 18.11985]]]}}, {"id": "1590602", "type": "Feature", "properties": {"id": "1590602", "CVEGEO": "2004400010394019", "POBTOT": 25.0, "score_nse": 0.0, "NSE": "ND", "VIVTOT": 7.0, "GRAPROES": 6.1, "_ent": "20", "_mun": "044", "_loc": "0001"}, "geometry": {"type": "Polygon", "coordinates": [[[-95.88205, 18.12063], [-95.88175, 18.12082], [-95.88141, 18.12038], [-95.88172, 18.12018], [-95.88205, 18.12063]]]}}, {"id": "1590603", "type": "Feature", "properties": {"id": "1590603", "CVEGEO": "2004400010394018", "POBTOT": 38.0, "score_nse": 0.0, "NSE": "ND", "VIVTOT": 11.0, "GRAPROES": 7.0, "_ent": "20", "_mun": "044", "_loc": "0001"}, "geometry": {"type": "Polygon", "coordinates": [[[-95.88303, 18.11995], [-95.8821, 18.1206], [-95.88175, 18.12015], [-95.88271, 18.11953], [-95.88303, 18.11995]]]}}, {"id": "1590604", "type": "Feature", "properties": {"id": "1590604", "CVEGEO": "2004400010394017", "POBTOT": 59.0, "score_nse": 0.0, "NSE": "ND", "VIVTOT": 22.0, "GRAPROES": 7.49, "_ent": "20", "_mun": "044", "_loc": "0001"}, "geometry": {"type": "Polygon", "coordinates": [[[-95.88428, 18.11908], [-95.8831, 18.11989], [-95.8828, 18.11948], [-95.88398, 18.11866], [-95.88428, 18.11908]]]}}, {"id": "1590605", "type": "Feature", "properties": {"id": "1590605", "CVEGEO": "2004400010360028", "POBTOT": 24.0, "score_nse": 30.4775, "NSE": "D+", "VIVTOT": 11.0, "GRAPROES": 5.5, "_ent": "20", "_mun": "044", "_loc": "0001"}, "geometry": {"type": "Polygon", "coordinates": [[[-95.86716, 18.10887], [-95.86695, 18.11013], [-95.86653, 18.11007], [-95.86677, 18.1088], [-95.86716, 18.10887]]]}}, {"id": "1590606", "type": "Feature", "properties": {"id": "1590606", "CVEGEO": "2004400010360027", "POBTOT": 23.0, "score_nse": 0.0, "NSE": "ND", "VIVTOT": 6.0, "GRAPROES": 6.13, "_ent": "20", "_mun": "044", "_loc": "0001"}, "geometry": {"type": "Polygon", "coordinates": [[[-95.86694, 18.11523], [-95.86645, 18.1152], [-95.86649, 18.11456], [-95.86696, 18.11457], [-95.86694, 18.11523]]]}}, {"id": "1590607", "type": "Feature", "properties": {"id": "1590607", "CVEGEO": "2004400010360026", "POBTOT": 13.0, "score_nse": 0.0, "NSE": "ND", "VIVTOT": 7.0, "GRAPROES": 6.69, "_ent": "20", "_mun": "044", "_loc": "0001"}, "geometry": {"type": "Polygon", "coordinates": [[[-95.86769, 18.10895], [-95.86747, 18.11021], [-95.86703, 18.11015], [-95.86722, 18.10888], [-95.86769, 18.10895]]]}}, {"id": "1590608", "type": "Feature", "properties": {"id": "1590608", "CVEGEO": "2004400010360025", "POBTOT": 26.0, "score_nse": 0.0, "NSE": "ND", "VIVTOT": 7.0, "GRAPROES": 9.11, "_ent": "20", "_mun": "044", "_loc": "0001"}, "geometry": {"type": "Polygon", "coordinates": [[[-95.86747, 18.11459], [-95.86744, 18.11527], [-95.86698, 18.11523], [-95.867, 18.11457], [-95.86747, 18.11459]]]}}, {"id": "1590609", "type": "Feature", "properties": {"id": "1590609", "CVEGEO": "2004400010360023", "POBTOT": 4.0, "score_nse": 0.0, "NSE": "ND", "VIVTOT": 1.0, "GRAPROES": 0.0, "_ent": "20", "_mun": "044", "_loc": "0001"}, "geometry": {"type": "Polygon", "coordinates": [[[-95.86815, 18.10903], [-95.86792, 18.11027], [-95.86753, 18.11021], [-95.86775, 18.10896], [-95.86815, 18.10903]]]}}, {"id": "1590610", "type": "Feature", "properties": {"id": "1590610", "CVEGEO": "2004400010356006", "POBTOT": 26.0, "score_nse": 0.0, "NSE": "ND", "VIVTOT": 13.0, "GRAPROES": 7.75, "_ent": "20", "_mun": "044", "_loc": "0001"}, "geometry": {"type": "Polygon", "coordinates": [[[-95.86822, 18.11873], [-95.86797, 18.1189], [-95.86745, 18.11819], [-95.86774, 18.11801], [-95.86822, 18.11873]]]}}, {"id": "1590611", "type": "Feature", "properties": {"id": "1590611", "CVEGEO": "2004400010341013", "POBTOT": 58.0, "score_nse": 65.81, "NSE": "C", "VIVTOT": 20.0, "GRAPROES": 11.19, "_ent": "20", "_mun": "044", "_loc": "0001"}, "geometry": {"type": "Polygon", "coordinates": [[[-95.87272, 18.11339], [-95.87196, 18.11384], [-95.87142, 18.11302], [-95.87215, 18.11255], [-95.87272, 18.11339]]]}}, {"id": "1590612", "type": "Feature", "properties": {"id": "1590612", "CVEGEO": "2004400010318006", "POBTOT": 33.0, "score_nse": 0.0, "NSE": "ND", "VIVTOT": 14.0, "GRAPROES": 9.89, "_ent": "20", "_mun": "044", "_loc": "0001"}, "geometry": {"type": "Polygon", "coordinates": [[[-95.87453, 18.09873], [-95.87448, 18.0991], [-95.87365, 18.09906], [-95.87373, 18.09868], [-95.87453, 18.09873]]]}}, {"id": "1590613", "type": "Feature", "properties": {"id": "1590613", "CVEGEO": "2004400010318005", "POBTOT": 23.0, "score_nse": 0.0, "NSE": "ND", "VIVTOT": 10.0, "GRAPROES": 9.53, "_ent": "20", "_mun": "044", "_loc": "0001"}, "geometry": {"type": "Polygon", "coordinates": [[[-95.8746, 18.09825], [-95.87455, 18.09862], [-95.87374, 18.09857], [-95.87382, 18.0982], [-95.8746, 18.09825]]]}}, {"id": "1590614", "type": "Feature", "properties": {"id": "1590614", "CVEGEO": "2004400010303008", "POBTOT": 50.0, "score_nse": 0.0, "NSE": "ND", "VIVTOT": 22.0, "GRAPROES": 8.14, "_ent": "20", "_mun": "044", "_loc": "0001"}, "geometry": {"type": "Polygon", "coordinates": [[[-95.8774, 18.09938], [-95.87734, 18.09986], [-95.8755, 18.09969], [-95.87557, 18.09924], [-95.8774, 18.09938]]]}}, {"id": "1590615", "type": "Feature", "properties": {"id": "1590615", "CVEGEO": "2004400010303007", "POBTOT": 8.0, "score_nse": 0.0, "NSE": "ND", "VIVTOT": 5.0, "GRAPROES": 8.14, "_ent": "20", "_mun": "044", "_loc": "0001"}, "geometry": {"type": "Polygon", "coordinates": [[[-95.87793, 18.09991], [-95.87746, 18.09987], [-95.87753, 18.09937], [-95.87775, 18.09938], [-95.87793, 18.09991]]]}}, {"id": "1590616", "type": "Feature", "properties": {"id": "1590616", "CVEGEO": "2004400010303006", "POBTOT": 121.0, "score_nse": 48.4609, "NSE": "C-", "VIVTOT": 45.0, "GRAPROES": 7.52, "_ent": "20", "_mun": "044", "_loc": "0001"}, "geometry": {"type": "Polygon", "coordinates": [[[-95.87942, 18.10111], [-95.87842, 18.10097], [-95.87812, 18.10005], [-95.87894, 18.10011], [-95.8781, 18.09997], [-95.87777, 18.09895], [-95.87948, 18.09915], [-95.87942, 18.10111]]]}}, {"id": "1590617", "type": "Feature", "properties": {"id": "1590617", "CVEGEO": "2004400010303005", "POBTOT": 30.0, "score_nse": 58.108, "NSE": "C", "VIVTOT": 10.0, "GRAPROES": 8.32, "_ent": "20", "_mun": "044", "_loc": "0001"}, "geometry": {"type": "Polygon", "coordinates": [[[-95.87869, 18.09894], [-95.87777, 18.09885], [-95.87753, 18.09808], [-95.87849, 18.0982], [-95.87869, 18.09894]]]}}, {"id": "1590618", "type": "Feature", "properties": {"id": "1590618", "CVEGEO": "2004400010290019", "POBTOT": 22.0, "score_nse": 0.0, "NSE": "ND", "VIVTOT": 7.0, "GRAPROES": 6.54, "_ent": "20", "_mun": "044", "_loc": "0001"}, "geometry": {"type": "Polygon", "coordinates": [[[-95.88293, 18.09482], [-95.8829, 18.09519], [-95.88224, 18.09514], [-95.88228, 18.09479], [-95.88293, 18.09482]]]}}, {"id": "1590619", "type": "Feature", "properties": {"id": "1590619", "CVEGEO": "2004400010290018", "POBTOT": 8.0, "score_nse": 0.0, "NSE": "ND", "VIVTOT": 8.0, "GRAPROES": 0.0, "_ent": "20", "_mun": "044", "_loc": "0001"}, "geometry": {"type": "Polygon", "coordinates": [[[-95.88214, 18.09522], [-95.88205, 18.09605], [-95.88153, 18.096], [-95.88163, 18.09517], [-95.88214, 18.09522]]]}}, {"id": "1590620", "type": "Feature", "properties": {"id": "1590620", "CVEGEO": "2004400010286033", "POBTOT": 7.0, "score_nse": 0.0, "NSE": "ND", "VIVTOT": 5.0, "GRAPROES": 0.0, "_ent": "20", "_mun": "044", "_loc": "0001"}, "geometry": {"type": "Polygon", "coordinates": [[[-95.88424, 18.10285], [-95.88417, 18.10329], [-95.88382, 18.10325], [-95.88389, 18.10281], [-95.88424, 18.10285]]]}}, {"id": "1590621", "type": "Feature", "properties": {"id": "1590621", "CVEGEO": "2004400010271008", "POBTOT": 34.0, "score_nse": 0.0, "NSE": "ND", "VIVTOT": 15.0, "GRAPROES": 5.07, "_ent": "20", "_mun": "044", "_loc": "0001"}, "geometry": {"type": "Polygon", "coordinates": [[[-95.87257, 18.11769], [-95.87224, 18.1179], [-95.87163, 18.11706], [-95.87198, 18.11685], [-95.87257, 18.11769]]]}}, {"id": "1590622", "type": "Feature", "properties": {"id": "1590622", "CVEGEO": "2004400010267013", "POBTOT": 4.0, "score_nse": 0.0, "NSE": "ND", "VIVTOT": 4.0, "GRAPROES": 0.0, "_ent": "20", "_mun": "044", "_loc": "0001"}, "geometry": {"type": "Polygon", "coordinates": [[[-95.88136, 18.11283], [-95.88114, 18.11308], [-95.88108, 18.113], [-95.88136, 18.11283]]]}}, {"id": "1590623", "type": "Feature", "properties": {"id": "1590623", "CVEGEO": "2004400010267012", "POBTOT": 16.0, "score_nse": 0.0, "NSE": "ND", "VIVTOT": 8.0, "GRAPROES": 9.33, "_ent": "20", "_mun": "044", "_loc": "0001"}, "geometry": {"type": "Polygon", "coordinates": [[[-95.8813, 18.11273], [-95.88107, 18.11299], [-95.88102, 18.11291], [-95.8813, 18.11273]]]}}, {"id": "1590624", "type": "Feature", "properties": {"id": "1590624", "CVEGEO": "2004400010267011", "POBTOT": 29.0, "score_nse": 0.0, "NSE": "ND", "VIVTOT": 15.0, "GRAPROES": 8.92, "_ent": "20", "_mun": "044", "_loc": "0001"}, "geometry": {"type": "Polygon", "coordinates": [[[-95.88137, 18.11262], [-95.88033, 18.11329], [-95.88015, 18.11301], [-95.88117, 18.11235], [-95.88137, 18.11262]]]}}, {"id": "1590625", "type": "Feature", "properties": {"id": "1590625", "CVEGEO": "2004400010267010", "POBTOT": 23.0, "score_nse": 67.6617, "NSE": "C", "VIVTOT": 14.0, "GRAPROES": 11.45, "_ent": "20", "_mun": "044", "_loc": "0001"}, "geometry": {"type": "Polygon", "coordinates": [[[-95.88109, 18.11222], [-95.88004, 18.1129], [-95.87949, 18.11208], [-95.88054, 18.11143], [-95.88109, 18.11222]]]}}, {"id": "1590626", "type": "Feature", "properties": {"id": "1590626", "CVEGEO": "2004400010252036", "POBTOT": 26.0, "score_nse": 0.0, "NSE": "ND", "VIVTOT": 8.0, "GRAPROES": 4.4, "_ent": "20", "_mun": "044", "_loc": "0001"}, "geometry": {"type": "Polygon", "coordinates": [[[-95.87166, 18.10858], [-95.87152, 18.10938], [-95.87113, 18.10932], [-95.87126, 18.10852], [-95.87166, 18.10858]]]}}, {"id": "1590627", "type": "Feature", "properties": {"id": "1590627", "CVEGEO": "2004400010252035", "POBTOT": 18.0, "score_nse": 0.0, "NSE": "ND", "VIVTOT": 7.0, "GRAPROES": 6.71, "_ent": "20", "_mun": "044", "_loc": "0001"}, "geometry": {"type": "Polygon", "coordinates": [[[-95.87195, 18.10862], [-95.87181, 18.1094], [-95.8716, 18.10938], [-95.87175, 18.1086], [-95.87195, 18.10862]]]}}, {"id": "1590628", "type": "Feature", "properties": {"id": "1590628", "CVEGEO": "2004400010252034", "POBTOT": 87.0, "score_nse": 50.7337, "NSE": "C-", "VIVTOT": 43.0, "GRAPROES": 9.03, "_ent": "20", "_mun": "044", "_loc": "0001"}, "geometry": {"type": "Polygon", "coordinates": [[[-95.874, 18.10892], [-95.87389, 18.1097], [-95.87187, 18.10942], [-95.872, 18.10863], [-95.874, 18.10892]]]}}, {"id": "1590629", "type": "Feature", "properties": {"id": "1590629", "CVEGEO": "2004400010252032", "POBTOT": 63.0, "score_nse": 0.0, "NSE": "ND", "VIVTOT": 18.0, "GRAPROES": 7.57, "_ent": "20", "_mun": "044", "_loc": "0001"}, "geometry": {"type": "Polygon", "coordinates": [[[-95.87063, 18.1042], [-95.87057, 18.10517], [-95.87019, 18.10512], [-95.87024, 18.10416], [-95.87063, 18.1042]]]}}, {"id": "1590630", "type": "Feature", "properties": {"id": "1590630", "CVEGEO": "2004400010252016", "POBTOT": 98.0, "score_nse": 0.0, "NSE": "ND", "VIVTOT": 37.0, "GRAPROES": 7.85, "_ent": "20", "_mun": "044", "_loc": "0001"}, "geometry": {"type": "Polygon", "coordinates": [[[-95.87491, 18.10273], [-95.87477, 18.10364], [-95.8727, 18.10338], [-95.87284, 18.10244], [-95.87491, 18.10273]]]}}, {"id": "1590631", "type": "Feature", "properties": {"id": "1590631", "CVEGEO": "2004400010252015", "POBTOT": 40.0, "score_nse": 0.0, "NSE": "ND", "VIVTOT": 12.0, "GRAPROES": 8.41, "_ent": "20", "_mun": "044", "_loc": "0001"}, "geometry": {"type": "Polygon", "coordinates": [[[-95.87276, 18.10243], [-95.87261, 18.10336], [-95.87221, 18.10332], [-95.87236, 18.10238], [-95.87276, 18.10243]]]}}, {"id": "1590632", "type": "Feature", "properties": {"id": "1590632", "CVEGEO": "2004400010248019", "POBTOT": 2.0, "score_nse": 0.0, "NSE": "ND", "VIVTOT": 1.0, "GRAPROES": 0.0, "_ent": "20", "_mun": "044", "_loc": "0001"}, "geometry": {"type": "Polygon", "coordinates": [[[-95.87915, 18.10855], [-95.8788, 18.10941], [-95.87806, 18.10932], [-95.87819, 18.10842], [-95.87915, 18.10855]]]}}, {"id": "1590633", "type": "Feature", "properties": {"id": "1590633", "CVEGEO": "2004400010248017", "POBTOT": 32.0, "score_nse": 0.0, "NSE": "ND", "VIVTOT": 16.0, "GRAPROES": 8.57, "_ent": "20", "_mun": "044", "_loc": "0001"}, "geometry": {"type": "Polygon", "coordinates": [[[-95.88195, 18.10778], [-95.88071, 18.10761], [-95.88085, 18.10669], [-95.88122, 18.10673], [-95.88195, 18.10778]]]}}, {"id": "1590634", "type": "Feature", "properties": {"id": "1590634", "CVEGEO": "2004400010248016", "POBTOT": 0.0, "score_nse": 0.0, "NSE": "ND", "VIVTOT": 0.0, "GRAPROES": 0.0, "_ent": "20", "_mun": "044", "_loc": "0001"}, "geometry": {"type": "Polygon", "coordinates": [[[-95.88115, 18.10659], [-95.88087, 18.10656], [-95.88092, 18.10626], [-95.88115, 18.10659]]]}}, {"id": "1590635", "type": "Feature", "properties": {"id": "1590635", "CVEGEO": "2004400010248015", "POBTOT": 109.0, "score_nse": 46.0893, "NSE": "C-", "VIVTOT": 48.0, "GRAPROES": 9.27, "_ent": "20", "_mun": "044", "_loc": "0001"}, "geometry": {"type": "Polygon", "coordinates": [[[-95.88117, 18.10358], [-95.88103, 18.10448], [-95.87948, 18.10427], [-95.87917, 18.1033], [-95.88117, 18.10358]]]}}, {"id": "1590636", "type": "Feature", "properties": {"id": "1590636", "CVEGEO": "2004400010248009", "POBTOT": 0.0, "score_nse": 0.0, "NSE": "ND", "VIVTOT": 0.0, "GRAPROES": 0.0, "_ent": "20", "_mun": "044", "_loc": "0001"}, "geometry": {"type": "Polygon", "coordinates": [[[-95.88053, 18.10769], [-95.88057, 18.1078], [-95.88056, 18.10779], [-95.88053, 18.10769]]]}}, {"id": "1590637", "type": "Feature", "properties": {"id": "1590637", "CVEGEO": "2004400010233041", "POBTOT": 28.0, "score_nse": 0.0, "NSE": "ND", "VIVTOT": 9.0, "GRAPROES": 7.88, "_ent": "20", "_mun": "044", "_loc": "0001"}, "geometry": {"type": "Polygon", "coordinates": [[[-95.89141, 18.10991], [-95.89108, 18.11012], [-95.89039, 18.10931], [-95.89074, 18.10908], [-95.89141, 18.10991]]]}}, {"id": "1590638", "type": "Feature", "properties": {"id": "1590638", "CVEGEO": "2004400010159029", "POBTOT": 47.0, "score_nse": 0.0, "NSE": "ND", "VIVTOT": 32.0, "GRAPROES": 8.17, "_ent": "20", "_mun": "044", "_loc": "0001"}, "geometry": {"type": "Polygon", "coordinates": [[[-95.88292, 18.10174], [-95.88282, 18.1026], [-95.88147, 18.10245], [-95.88161, 18.10156], [-95.88292, 18.10174]]]}}, {"id": "1590639", "type": "Feature", "properties": {"id": "1590639", "CVEGEO": "2004400010159027", "POBTOT": 19.0, "score_nse": 0.0, "NSE": "ND", "VIVTOT": 11.0, "GRAPROES": 9.89, "_ent": "20", "_mun": "044", "_loc": "0001"}, "geometry": {"type": "Polygon", "coordinates": [[[-95.88176, 18.10993], [-95.88172, 18.11031], [-95.88135, 18.11055], [-95.88078, 18.11064], [-95.88089, 18.1098], [-95.88176, 18.10993]]]}}, {"id": "1590640", "type": "Feature", "properties": {"id": "1590640", "CVEGEO": "2004400010159025", "POBTOT": 92.0, "score_nse": 0.0, "NSE": "ND", "VIVTOT": 38.0, "GRAPROES": 9.82, "_ent": "20", "_mun": "044", "_loc": "0001"}, "geometry": {"type": "Polygon", "coordinates": [[[-95.88278, 18.10272], [-95.88273, 18.10314], [-95.88218, 18.10312], [-95.88272, 18.10319], [-95.88266, 18.10364], [-95.88132, 18.10348], [-95.88145, 18.10258], [-95.88278, 18.10272]]]}}, {"id": "1590641", "type": "Feature", "properties": {"id": "1590641", "CVEGEO": "2004400010159024", "POBTOT": 74.0, "score_nse": 48.9221, "NSE": "C-", "VIVTOT": 33.0, "GRAPROES": 9.75, "_ent": "20", "_mun": "044", "_loc": "0001"}, "geometry": {"type": "Polygon", "coordinates": [[[-95.88266, 18.10376], [-95.88252, 18.10468], [-95.88118, 18.1045], [-95.88131, 18.10361], [-95.88266, 18.10376]]]}}, {"id": "1590642", "type": "Feature", "properties": {"id": "1590642", "CVEGEO": "2004400010159023", "POBTOT": 48.0, "score_nse": 0.0, "NSE": "ND", "VIVTOT": 35.0, "GRAPROES": 8.02, "_ent": "20", "_mun": "044", "_loc": "0001"}, "geometry": {"type": "Polygon", "coordinates": [[[-95.88251, 18.10479], [-95.88237, 18.10573], [-95.88103, 18.10555], [-95.88116, 18.10461], [-95.88251, 18.10479]]]}}, {"id": "1590643", "type": "Feature", "properties": {"id": "1590643", "CVEGEO": "2004400010159002", "POBTOT": 82.0, "score_nse": 0.0, "NSE": "ND", "VIVTOT": 41.0, "GRAPROES": 7.53, "_ent": "20", "_mun": "044", "_loc": "0001"}, "geometry": {"type": "Polygon", "coordinates": [[[-95.88569, 18.10781], [-95.88447, 18.10859], [-95.88406, 18.10797], [-95.88424, 18.10714], [-95.88533, 18.10728], [-95.88569, 18.10781]]]}}, {"id": "1590644", "type": "Feature", "properties": {"id": "1590644", "CVEGEO": "2004400010144055", "POBTOT": 6.0, "score_nse": 34.8, "NSE": "D+", "VIVTOT": 3.0, "GRAPROES": 7.8, "_ent": "20", "_mun": "044", "_loc": "0001"}, "geometry": {"type": "Polygon", "coordinates": [[[-95.88853, 18.10835], [-95.88801, 18.10828], [-95.88792, 18.10815], [-95.88832, 18.1079], [-95.88853, 18.10835]]]}}, {"id": "1590645", "type": "Feature", "properties": {"id": "1590645", "CVEGEO": "2004400010144054", "POBTOT": 19.0, "score_nse": 0.0, "NSE": "ND", "VIVTOT": 6.0, "GRAPROES": 7.42, "_ent": "20", "_mun": "044", "_loc": "0001"}, "geometry": {"type": "Polygon", "coordinates": [[[-95.88872, 18.10817], [-95.88859, 18.10829], [-95.88835, 18.1079], [-95.88848, 18.10781], [-95.88872, 18.10817]]]}}, {"id": "1590646", "type": "Feature", "properties": {"id": "1590646", "CVEGEO": "2004400010144051", "POBTOT": 9.0, "score_nse": 0.0, "NSE": "ND", "VIVTOT": 4.0, "GRAPROES": 0.0, "_ent": "20", "_mun": "044", "_loc": "0001"}, "geometry": {"type": "Polygon", "coordinates": [[[-95.88853, 18.1084], [-95.88833, 18.10874], [-95.88805, 18.10833], [-95.8884, 18.10839], [-95.88853, 18.1084]]]}}, {"id": "1590647", "type": "Feature", "properties": {"id": "1590647", "CVEGEO": "2004400010144050", "POBTOT": 55.0, "score_nse": 33.253, "NSE": "D+", "VIVTOT": 29.0, "GRAPROES": 6.24, "_ent": "20", "_mun": "044", "_loc": "0001"}, "geometry": {"type": "Polygon", "coordinates": [[[-95.8907, 18.11033], [-95.88968, 18.11095], [-95.8895, 18.11094], [-95.88938, 18.11071], [-95.89049, 18.11004], [-95.8907, 18.11033]]]}}, {"id": "1590648", "type": "Feature", "properties": {"id": "1590648", "CVEGEO": "2004400010144049", "POBTOT": 58.0, "score_nse": 0.0, "NSE": "ND", "VIVTOT": 22.0, "GRAPROES": 6.45, "_ent": "20", "_mun": "044", "_loc": "0001"}, "geometry": {"type": "Polygon", "coordinates": [[[-95.89042, 18.11001], [-95.88933, 18.11065], [-95.88903, 18.11038], [-95.89015, 18.10965], [-95.89042, 18.11001]]]}}, {"id": "1590670", "type": "Feature", "properties": {"id": "1590670", "CVEGEO": "2004400010214022", "POBTOT": 4.0, "score_nse": 0.0, "NSE": "ND", "VIVTOT": 1.0, "GRAPROES": 0.0, "_ent": "20", "_mun": "044", "_loc": "0001"}, "geometry": {"type": "Polygon", "coordinates": [[[-95.87658, 18.09395], [-95.87612, 18.09392], [-95.876, 18.09346], [-95.87645, 18.09352], [-95.87658, 18.09395]]]}}, {"id": "1590671", "type": "Feature", "properties": {"id": "1590671", "CVEGEO": "2004400010252070", "POBTOT": 13.0, "score_nse": 0.0, "NSE": "ND", "VIVTOT": 5.0, "GRAPROES": 8.0, "_ent": "20", "_mun": "044", "_loc": "0001"}, "geometry": {"type": "Polygon", "coordinates": [[[-95.86951, 18.10191], [-95.86904, 18.10187], [-95.86908, 18.10112], [-95.86947, 18.10114], [-95.86951, 18.10191]]]}}, {"id": "1590672", "type": "Feature", "properties": {"id": "1590672", "CVEGEO": "200440001045A010", "POBTOT": 33.0, "score_nse": 0.0, "NSE": "ND", "VIVTOT": 17.0, "GRAPROES": 7.26, "_ent": "20", "_mun": "044", "_loc": "0001"}, "geometry": {"type": "Polygon", "coordinates": [[[-95.88561, 18.12222], [-95.88514, 18.1227], [-95.88493, 18.12251], [-95.88542, 18.12204], [-95.88561, 18.12222]]]}}, {"id": "1590673", "type": "Feature", "properties": {"id": "1590673", "CVEGEO": "2004400010233051", "POBTOT": 1.0, "score_nse": 0.0, "NSE": "ND", "VIVTOT": 2.0, "GRAPROES": 0.0, "_ent": "20", "_mun": "044", "_loc": "0001"}, "geometry": {"type": "Polygon", "coordinates": [[[-95.88948, 18.11287], [-95.88911, 18.11311], [-95.88885, 18.11273], [-95.88922, 18.1125], [-95.88948, 18.11287]]]}}, {"id": "1590674", "type": "Feature", "properties": {"id": "1590674", "CVEGEO": "2004400010430004", "POBTOT": 19.0, "score_nse": 41.16, "NSE": "D+", "VIVTOT": 5.0, "GRAPROES": 8.64, "_ent": "20", "_mun": "044", "_loc": "0001"}, "geometry": {"type": "Polygon", "coordinates": [[[-95.86812, 18.10298], [-95.86806, 18.10381], [-95.86776, 18.10376], [-95.86779, 18.10297], [-95.86812, 18.10298]]]}}, {"id": "1590675", "type": "Feature", "properties": {"id": "1590675", "CVEGEO": "2004400010426010", "POBTOT": 6.0, "score_nse": 0.0, "NSE": "ND", "VIVTOT": 2.0, "GRAPROES": 0.0, "_ent": "20", "_mun": "044", "_loc": "0001"}, "geometry": {"type": "Polygon", "coordinates": [[[-95.89182, 18.10898], [-95.8912, 18.10885], [-95.89116, 18.10881], [-95.8915, 18.1086], [-95.89182, 18.10898]]]}}, {"id": "1590676", "type": "Feature", "properties": {"id": "1590676", "CVEGEO": "2004400010426004", "POBTOT": 25.0, "score_nse": 0.0, "NSE": "ND", "VIVTOT": 10.0, "GRAPROES": 5.14, "_ent": "20", "_mun": "044", "_loc": "0001"}, "geometry": {"type": "Polygon", "coordinates": [[[-95.89226, 18.10805], [-95.89191, 18.10826], [-95.89119, 18.10741], [-95.89152, 18.1072], [-95.89226, 18.10805]]]}}, {"id": "1590677", "type": "Feature", "properties": {"id": "1590677", "CVEGEO": "2004400010411034", "POBTOT": 25.0, "score_nse": 0.0, "NSE": "ND", "VIVTOT": 10.0, "GRAPROES": 7.81, "_ent": "20", "_mun": "044", "_loc": "0001"}, "geometry": {"type": "Polygon", "coordinates": [[[-95.88997, 18.09971], [-95.88939, 18.10079], [-95.88835, 18.10029], [-95.88853, 18.09994], [-95.88911, 18.10022], [-95.88855, 18.0999], [-95.88895, 18.09921], [-95.88997, 18.09971]]]}}, {"id": "1590678", "type": "Feature", "properties": {"id": "1590678", "CVEGEO": "2004400010407028", "POBTOT": 2.0, "score_nse": 0.0, "NSE": "ND", "VIVTOT": 2.0, "GRAPROES": 0.0, "_ent": "20", "_mun": "044", "_loc": "0001"}, "geometry": {"type": "Polygon", "coordinates": [[[-95.89246, 18.10353], [-95.89203, 18.10379], [-95.89225, 18.10343], [-95.89246, 18.10353]]]}}, {"id": "1590679", "type": "Feature", "properties": {"id": "1590679", "CVEGEO": "2004400010407027", "POBTOT": 7.0, "score_nse": 0.0, "NSE": "ND", "VIVTOT": 5.0, "GRAPROES": 10.5, "_ent": "20", "_mun": "044", "_loc": "0001"}, "geometry": {"type": "Polygon", "coordinates": [[[-95.88743, 18.09994], [-95.88721, 18.10035], [-95.88643, 18.09999], [-95.88659, 18.09954], [-95.88743, 18.09994]]]}}, {"id": "1590680", "type": "Feature", "properties": {"id": "1590680", "CVEGEO": "2004400010407024", "POBTOT": 49.0, "score_nse": 31.572, "NSE": "D+", "VIVTOT": 20.0, "GRAPROES": 6.49, "_ent": "20", "_mun": "044", "_loc": "0001"}, "geometry": {"type": "Polygon", "coordinates": [[[-95.89219, 18.10339], [-95.8919, 18.1039], [-95.89134, 18.1042], [-95.89185, 18.10323], [-95.89219, 18.10339]]]}}, {"id": "1590681", "type": "Feature", "properties": {"id": "1590681", "CVEGEO": "2004400010407023", "POBTOT": 47.0, "score_nse": 0.0, "NSE": "ND", "VIVTOT": 16.0, "GRAPROES": 8.61, "_ent": "20", "_mun": "044", "_loc": "0001"}, "geometry": {"type": "Polygon", "coordinates": [[[-95.88783, 18.10013], [-95.88738, 18.10099], [-95.88704, 18.10081], [-95.8875, 18.09997], [-95.88783, 18.10013]]]}}, {"id": "1590682", "type": "Feature", "properties": {"id": "1590682", "CVEGEO": "2004400010407022", "POBTOT": 55.0, "score_nse": 0.0, "NSE": "ND", "VIVTOT": 18.0, "GRAPROES": 9.03, "_ent": "20", "_mun": "044", "_loc": "0001"}, "geometry": {"type": "Polygon", "coordinates": [[[-95.88734, 18.10106], [-95.88683, 18.10205], [-95.88649, 18.10188], [-95.88699, 18.10089], [-95.88734, 18.10106]]]}}, {"id": "1590683", "type": "Feature", "properties": {"id": "1590683", "CVEGEO": "200440001038A023", "POBTOT": 65.0, "score_nse": 0.0, "NSE": "ND", "VIVTOT": 36.0, "GRAPROES": 6.89, "_ent": "20", "_mun": "044", "_loc": "0001"}, "geometry": {"type": "Polygon", "coordinates": [[[-95.88758, 18.11317], [-95.88673, 18.11369], [-95.88686, 18.1139], [-95.88655, 18.11409], [-95.88594, 18.11326], [-95.88711, 18.11252], [-95.88758, 18.11317]]]}}, {"id": "1590684", "type": "Feature", "properties": {"id": "1590684", "CVEGEO": "200440001038A018", "POBTOT": 81.0, "score_nse": 0.0, "NSE": "ND", "VIVTOT": 46.0, "GRAPROES": 8.12, "_ent": "20", "_mun": "044", "_loc": "0001"}, "geometry": {"type": "Polygon", "coordinates": [[[-95.8864, 18.11419], [-95.88586, 18.11452], [-95.88564, 18.11428], [-95.88583, 18.11454], [-95.88522, 18.11492], [-95.88467, 18.11414], [-95.88581, 18.11337], [-95.8864, 18.11419]]]}}, {"id": "1590685", "type": "Feature", "properties": {"id": "1590685", "CVEGEO": "2004400010360022", "POBTOT": 37.0, "score_nse": 0.0, "NSE": "ND", "VIVTOT": 13.0, "GRAPROES": 7.07, "_ent": "20", "_mun": "044", "_loc": "0001"}, "geometry": {"type": "Polygon", "coordinates": [[[-95.87011, 18.10928], [-95.86987, 18.1105], [-95.86946, 18.11044], [-95.86969, 18.10925], [-95.87011, 18.10928]]]}}, {"id": "1590686", "type": "Feature", "properties": {"id": "1590686", "CVEGEO": "2004400010360021", "POBTOT": 27.0, "score_nse": 0.0, "NSE": "ND", "VIVTOT": 8.0, "GRAPROES": 7.7, "_ent": "20", "_mun": "044", "_loc": "0001"}, "geometry": {"type": "Polygon", "coordinates": [[[-95.86864, 18.10912], [-95.86841, 18.1103], [-95.868, 18.11025], [-95.8682, 18.10904], [-95.86864, 18.10912]]]}}, {"id": "1590687", "type": "Feature", "properties": {"id": "1590687", "CVEGEO": "2004400010356021", "POBTOT": 50.0, "score_nse": 0.0, "NSE": "ND", "VIVTOT": 14.0, "GRAPROES": 6.92, "_ent": "20", "_mun": "044", "_loc": "0001"}, "geometry": {"type": "Polygon", "coordinates": [[[-95.86955, 18.11732], [-95.86883, 18.11779], [-95.86862, 18.11748], [-95.86935, 18.11701], [-95.86955, 18.11732]]]}}, {"id": "1590688", "type": "Feature", "properties": {"id": "1590688", "CVEGEO": "2004400010356011", "POBTOT": 96.0, "score_nse": 0.0, "NSE": "ND", "VIVTOT": 30.0, "GRAPROES": 6.71, "_ent": "20", "_mun": "044", "_loc": "0001"}, "geometry": {"type": "Polygon", "coordinates": [[[-95.86775, 18.11634], [-95.86728, 18.11662], [-95.8672, 18.11629], [-95.86726, 18.11663], [-95.86677, 18.11691], [-95.86668, 18.11582], [-95.8671, 18.11581], [-95.86668, 18.11579], [-95.86664, 18.11528], [-95.86759, 18.11536], [-95.86775, 18.11634]]]}}, {"id": "1590689", "type": "Feature", "properties": {"id": "1590689", "CVEGEO": "2004400010356009", "POBTOT": 42.0, "score_nse": 0.0, "NSE": "ND", "VIVTOT": 13.0, "GRAPROES": 6.33, "_ent": "20", "_mun": "044", "_loc": "0001"}, "geometry": {"type": "Polygon", "coordinates": [[[-95.86693, 18.11841], [-95.86651, 18.11868], [-95.86612, 18.11798], [-95.8665, 18.11776], [-95.86693, 18.11841]]]}}, {"id": "1590690", "type": "Feature", "properties": {"id": "1590690", "CVEGEO": "2004400010356008", "POBTOT": 37.0, "score_nse": 0.0, "NSE": "ND", "VIVTOT": 13.0, "GRAPROES": 6.58, "_ent": "20", "_mun": "044", "_loc": "0001"}, "geometry": {"type": "Polygon", "coordinates": [[[-95.86745, 18.1192], [-95.86698, 18.11949], [-95.86655, 18.11878], [-95.86697, 18.1185], [-95.86745, 18.1192]]]}}, {"id": "1590691", "type": "Feature", "properties": {"id": "1590691", "CVEGEO": "2004400010356007", "POBTOT": 35.0, "score_nse": 0.0, "NSE": "ND", "VIVTOT": 9.0, "GRAPROES": 9.26, "_ent": "20", "_mun": "044", "_loc": "0001"}, "geometry": {"type": "Polygon", "coordinates": [[[-95.8679, 18.11893], [-95.86752, 18.11917], [-95.86704, 18.11848], [-95.86741, 18.11823], [-95.8679, 18.11893]]]}}, {"id": "1590692", "type": "Feature", "properties": {"id": "1590692", "CVEGEO": "2004400010341012", "POBTOT": 62.0, "score_nse": 0.0, "NSE": "ND", "VIVTOT": 25.0, "GRAPROES": 7.26, "_ent": "20", "_mun": "044", "_loc": "0001"}, "geometry": {"type": "Polygon", "coordinates": [[[-95.87209, 18.11245], [-95.87112, 18.11307], [-95.87143, 18.11154], [-95.87209, 18.11245]]]}}, {"id": "1590693", "type": "Feature", "properties": {"id": "1590693", "CVEGEO": "2004400010341003", "POBTOT": 59.0, "score_nse": 62.668, "NSE": "C", "VIVTOT": 15.0, "GRAPROES": 9.62, "_ent": "20", "_mun": "044", "_loc": "0001"}, "geometry": {"type": "Polygon", "coordinates": [[[-95.87188, 18.1139], [-95.87121, 18.11431], [-95.87095, 18.1139], [-95.8711, 18.11322], [-95.87135, 18.11306], [-95.87188, 18.1139]]]}}, {"id": "1590694", "type": "Feature", "properties": {"id": "1590694", "CVEGEO": "2004400010318034", "POBTOT": 2.0, "score_nse": 0.0, "NSE": "ND", "VIVTOT": 1.0, "GRAPROES": 0.0, "_ent": "20", "_mun": "044", "_loc": "0001"}, "geometry": {"type": "Polygon", "coordinates": [[[-95.87479, 18.09703], [-95.87477, 18.09729], [-95.874, 18.09724], [-95.87404, 18.09699], [-95.87479, 18.09703]]]}}, {"id": "1590695", "type": "Feature", "properties": {"id": "1590695", "CVEGEO": "2004400010318010", "POBTOT": 55.0, "score_nse": 0.0, "NSE": "ND", "VIVTOT": 22.0, "GRAPROES": 7.64, "_ent": "20", "_mun": "044", "_loc": "0001"}, "geometry": {"type": "Polygon", "coordinates": [[[-95.87161, 18.09803], [-95.87156, 18.09845], [-95.87023, 18.09835], [-95.87027, 18.09795], [-95.87161, 18.09803]]]}}, {"id": "1590696", "type": "Feature", "properties": {"id": "1590696", "CVEGEO": "2004400010318009", "POBTOT": 63.0, "score_nse": 0.0, "NSE": "ND", "VIVTOT": 26.0, "GRAPROES": 7.79, "_ent": "20", "_mun": "044", "_loc": "0001"}, "geometry": {"type": "Polygon", "coordinates": [[[-95.87156, 18.09851], [-95.87153, 18.09892], [-95.87018, 18.09882], [-95.87021, 18.09843], [-95.87156, 18.09851]]]}}, {"id": "1590697", "type": "Feature", "properties": {"id": "1590697", "CVEGEO": "2004400010271010", "POBTOT": 16.0, "score_nse": 0.0, "NSE": "ND", "VIVTOT": 9.0, "GRAPROES": 5.92, "_ent": "20", "_mun": "044", "_loc": "0001"}, "geometry": {"type": "Polygon", "coordinates": [[[-95.87422, 18.11786], [-95.87399, 18.11802], [-95.87346, 18.1173], [-95.87371, 18.11715], [-95.87422, 18.11786]]]}}, {"id": "1590698", "type": "Feature", "properties": {"id": "1590698", "CVEGEO": "2004400010318008", "POBTOT": 48.0, "score_nse": 44.8892, "NSE": "C-", "VIVTOT": 17.0, "GRAPROES": 7.16, "_ent": "20", "_mun": "044", "_loc": "0001"}, "geometry": {"type": "Polygon", "coordinates": [[[-95.87353, 18.09917], [-95.87343, 18.09954], [-95.87153, 18.09943], [-95.87157, 18.09902], [-95.87353, 18.09917]]]}}, {"id": "1590699", "type": "Feature", "properties": {"id": "1590699", "CVEGEO": "2004400010318007", "POBTOT": 65.0, "score_nse": 50.7692, "NSE": "C-", "VIVTOT": 26.0, "GRAPROES": 8.62, "_ent": "20", "_mun": "044", "_loc": "0001"}, "geometry": {"type": "Polygon", "coordinates": [[[-95.87544, 18.09922], [-95.87538, 18.09968], [-95.87354, 18.09955], [-95.87363, 18.09912], [-95.87544, 18.09922]]]}}, {"id": "1590700", "type": "Feature", "properties": {"id": "1590700", "CVEGEO": "2004400010303004", "POBTOT": 35.0, "score_nse": 63.192, "NSE": "C", "VIVTOT": 14.0, "GRAPROES": 9.43, "_ent": "20", "_mun": "044", "_loc": "0001"}, "geometry": {"type": "Polygon", "coordinates": [[[-95.87751, 18.09877], [-95.8763, 18.09875], [-95.87655, 18.09696], [-95.87695, 18.09696], [-95.87751, 18.09877]]]}}, {"id": "1590701", "type": "Feature", "properties": {"id": "1590701", "CVEGEO": "2004400010303003", "POBTOT": 0.0, "score_nse": 0.0, "NSE": "ND", "VIVTOT": 0.0, "GRAPROES": 0.0, "_ent": "20", "_mun": "044", "_loc": "0001"}, "geometry": {"type": "Polygon", "coordinates": [[[-95.87627, 18.09836], [-95.87622, 18.09874], [-95.87565, 18.0987], [-95.87569, 18.09832], [-95.87627, 18.09836]]]}}, {"id": "1590702", "type": "Feature", "properties": {"id": "1590702", "CVEGEO": "2004400010290025", "POBTOT": 36.0, "score_nse": 0.0, "NSE": "ND", "VIVTOT": 11.0, "GRAPROES": 6.24, "_ent": "20", "_mun": "044", "_loc": "0001"}, "geometry": {"type": "Polygon", "coordinates": [[[-95.88586, 18.09442], [-95.8858, 18.09484], [-95.88519, 18.09482], [-95.88526, 18.09436], [-95.88586, 18.09442]]]}}, {"id": "1590703", "type": "Feature", "properties": {"id": "1590703", "CVEGEO": "2004400010290024", "POBTOT": 37.0, "score_nse": 0.0, "NSE": "ND", "VIVTOT": 10.0, "GRAPROES": 6.04, "_ent": "20", "_mun": "044", "_loc": "0001"}, "geometry": {"type": "Polygon", "coordinates": [[[-95.88517, 18.09435], [-95.88509, 18.09482], [-95.88464, 18.0948], [-95.88472, 18.09431], [-95.88517, 18.09435]]]}}, {"id": "1590704", "type": "Feature", "properties": {"id": "1590704", "CVEGEO": "2004400010290023", "POBTOT": 39.0, "score_nse": 0.0, "NSE": "ND", "VIVTOT": 14.0, "GRAPROES": 7.0, "_ent": "20", "_mun": "044", "_loc": "0001"}, "geometry": {"type": "Polygon", "coordinates": [[[-95.88465, 18.09431], [-95.88457, 18.0948], [-95.88376, 18.09478], [-95.88381, 18.09423], [-95.88465, 18.09431]]]}}, {"id": "1590705", "type": "Feature", "properties": {"id": "1590705", "CVEGEO": "2004400010290022", "POBTOT": 24.0, "score_nse": 0.0, "NSE": "ND", "VIVTOT": 12.0, "GRAPROES": 4.47, "_ent": "20", "_mun": "044", "_loc": "0001"}, "geometry": {"type": "Polygon", "coordinates": [[[-95.88488, 18.09302], [-95.8846, 18.093], [-95.88483, 18.09306], [-95.88479, 18.09342], [-95.88439, 18.09339], [-95.88478, 18.09349], [-95.88468, 18.09423], [-95.88381, 18.09414], [-95.88384, 18.09335], [-95.88465, 18.09289], [-95.88488, 18.09302]]]}}, {"id": "1590706", "type": "Feature", "properties": {"id": "1590706", "CVEGEO": "2004400010286019", "POBTOT": 34.0, "score_nse": 0.0, "NSE": "ND", "VIVTOT": 14.0, "GRAPROES": 7.59, "_ent": "20", "_mun": "044", "_loc": "0001"}, "geometry": {"type": "Polygon", "coordinates": [[[-95.88454, 18.10098], [-95.88441, 18.1018], [-95.88406, 18.10175], [-95.88419, 18.10093], [-95.88454, 18.10098]]]}}, {"id": "1590707", "type": "Feature", "properties": {"id": "1590707", "CVEGEO": "2004400010286018", "POBTOT": 69.0, "score_nse": 0.0, "NSE": "ND", "VIVTOT": 25.0, "GRAPROES": 7.94, "_ent": "20", "_mun": "044", "_loc": "0001"}, "geometry": {"type": "Polygon", "coordinates": [[[-95.88625, 18.09997], [-95.88608, 18.10042], [-95.88431, 18.10019], [-95.8844, 18.09964], [-95.88625, 18.09997]]]}}, {"id": "1590708", "type": "Feature", "properties": {"id": "1590708", "CVEGEO": "2004400010271030", "POBTOT": 111.0, "score_nse": 55.5017, "NSE": "C", "VIVTOT": 42.0, "GRAPROES": 10.26, "_ent": "20", "_mun": "044", "_loc": "0001"}, "geometry": {"type": "Polygon", "coordinates": [[[-95.87795, 18.11556], [-95.87672, 18.11631], [-95.8762, 18.11553], [-95.87741, 18.11476], [-95.87795, 18.11556]]]}}, {"id": "1590709", "type": "Feature", "properties": {"id": "1590709", "CVEGEO": "2004400010271029", "POBTOT": 83.0, "score_nse": 51.727, "NSE": "C-", "VIVTOT": 32.0, "GRAPROES": 8.79, "_ent": "20", "_mun": "044", "_loc": "0001"}, "geometry": {"type": "Polygon", "coordinates": [[[-95.87731, 18.11464], [-95.87611, 18.11541], [-95.87558, 18.11457], [-95.87676, 18.11384], [-95.87731, 18.11464]]]}}, {"id": "1590710", "type": "Feature", "properties": {"id": "1590710", "CVEGEO": "2004400010271028", "POBTOT": 38.0, "score_nse": 0.0, "NSE": "ND", "VIVTOT": 15.0, "GRAPROES": 6.0, "_ent": "20", "_mun": "044", "_loc": "0001"}, "geometry": {"type": "Polygon", "coordinates": [[[-95.87102, 18.11868], [-95.87068, 18.11889], [-95.87004, 18.11805], [-95.87037, 18.11783], [-95.87102, 18.11868]]]}}, {"id": "1590711", "type": "Feature", "properties": {"id": "1590711", "CVEGEO": "2004400010271025", "POBTOT": 30.0, "score_nse": 0.0, "NSE": "ND", "VIVTOT": 11.0, "GRAPROES": 6.6, "_ent": "20", "_mun": "044", "_loc": "0001"}, "geometry": {"type": "Polygon", "coordinates": [[[-95.87742, 18.11738], [-95.87709, 18.11793], [-95.87674, 18.11868], [-95.87638, 18.11817], [-95.87742, 18.11738]]]}}, {"id": "1590712", "type": "Feature", "properties": {"id": "1590712", "CVEGEO": "2004400010267025", "POBTOT": 81.0, "score_nse": 50.0655, "NSE": "C-", "VIVTOT": 37.0, "GRAPROES": 9.4, "_ent": "20", "_mun": "044", "_loc": "0001"}, "geometry": {"type": "Polygon", "coordinates": [[[-95.88059, 18.11665], [-95.87937, 18.11743], [-95.87878, 18.11655], [-95.87997, 18.11578], [-95.88059, 18.11665]]]}}, {"id": "1590713", "type": "Feature", "properties": {"id": "1590713", "CVEGEO": "2004400010267004", "POBTOT": 6.0, "score_nse": 0.0, "NSE": "ND", "VIVTOT": 4.0, "GRAPROES": 10.2, "_ent": "20", "_mun": "044", "_loc": "0001"}, "geometry": {"type": "Polygon", "coordinates": [[[-95.881, 18.11292], [-95.88089, 18.11311], [-95.88083, 18.11303], [-95.881, 18.11292]]]}}, {"id": "1590714", "type": "Feature", "properties": {"id": "1590714", "CVEGEO": "2004400010252061", "POBTOT": 23.0, "score_nse": 0.0, "NSE": "ND", "VIVTOT": 10.0, "GRAPROES": 6.19, "_ent": "20", "_mun": "044", "_loc": "0001"}, "geometry": {"type": "Polygon", "coordinates": [[[-95.8696, 18.10822], [-95.86914, 18.10817], [-95.86918, 18.10725], [-95.86963, 18.10727], [-95.8696, 18.10822]]]}}, {"id": "1590715", "type": "Feature", "properties": {"id": "1590715", "CVEGEO": "2004400010252060", "POBTOT": 35.0, "score_nse": 0.0, "NSE": "ND", "VIVTOT": 11.0, "GRAPROES": 7.41, "_ent": "20", "_mun": "044", "_loc": "0001"}, "geometry": {"type": "Polygon", "coordinates": [[[-95.87069, 18.10741], [-95.87062, 18.10834], [-95.87017, 18.10829], [-95.87022, 18.10734], [-95.87069, 18.10741]]]}}, {"id": "1590716", "type": "Feature", "properties": {"id": "1590716", "CVEGEO": "2004400010252059", "POBTOT": 32.0, "score_nse": 69.996, "NSE": "C", "VIVTOT": 9.0, "GRAPROES": 9.71, "_ent": "20", "_mun": "044", "_loc": "0001"}, "geometry": {"type": "Polygon", "coordinates": [[[-95.87137, 18.1075], [-95.87119, 18.10842], [-95.87069, 18.10835], [-95.87076, 18.10743], [-95.87137, 18.1075]]]}}, {"id": "1590717", "type": "Feature", "properties": {"id": "1590717", "CVEGEO": "2004400010252019", "POBTOT": 64.0, "score_nse": 0.0, "NSE": "ND", "VIVTOT": 21.0, "GRAPROES": 10.04, "_ent": "20", "_mun": "044", "_loc": "0001"}, "geometry": {"type": "Polygon", "coordinates": [[[-95.87431, 18.10684], [-95.87418, 18.10779], [-95.87221, 18.10751], [-95.87228, 18.10703], [-95.87216, 18.10751], [-95.87197, 18.10747], [-95.87217, 18.1065], [-95.87431, 18.10684]]]}}, {"id": "1590718", "type": "Feature", "properties": {"id": "1590718", "CVEGEO": "2004400010252018", "POBTOT": 113.0, "score_nse": 51.8883, "NSE": "C-", "VIVTOT": 54.0, "GRAPROES": 9.39, "_ent": "20", "_mun": "044", "_loc": "0001"}, "geometry": {"type": "Polygon", "coordinates": [[[-95.87632, 18.10712], [-95.87619, 18.10804], [-95.87429, 18.10777], [-95.87442, 18.10686], [-95.87632, 18.10712]]]}}, {"id": "1590719", "type": "Feature", "properties": {"id": "1590719", "CVEGEO": "2004400010252017", "POBTOT": 84.0, "score_nse": 55.1162, "NSE": "C", "VIVTOT": 34.0, "GRAPROES": 8.91, "_ent": "20", "_mun": "044", "_loc": "0001"}, "geometry": {"type": "Polygon", "coordinates": [[[-95.8769, 18.10299], [-95.87678, 18.10391], [-95.87492, 18.10366], [-95.87504, 18.10275], [-95.8769, 18.10299]]]}}, {"id": "1590720", "type": "Feature", "properties": {"id": "1590720", "CVEGEO": "2004400010248034", "POBTOT": 105.0, "score_nse": 49.8797, "NSE": "C-", "VIVTOT": 46.0, "GRAPROES": 8.96, "_ent": "20", "_mun": "044", "_loc": "0001"}, "geometry": {"type": "Polygon", "coordinates": [[[-95.88395, 18.10802], [-95.88225, 18.10782], [-95.88223, 18.10777], [-95.88283, 18.10693], [-95.88325, 18.10699], [-95.88395, 18.10802]]]}}, {"id": "1590721", "type": "Feature", "properties": {"id": "1590721", "CVEGEO": "2004400010248033", "POBTOT": 0.0, "score_nse": 0.0, "NSE": "ND", "VIVTOT": 0.0, "GRAPROES": 0.0, "_ent": "20", "_mun": "044", "_loc": "0001"}, "geometry": {"type": "Polygon", "coordinates": [[[-95.88305, 18.10662], [-95.88322, 18.10689], [-95.88289, 18.10684], [-95.88305, 18.10662]]]}}, {"id": "1590722", "type": "Feature", "properties": {"id": "1590722", "CVEGEO": "2004400010248005", "POBTOT": 32.0, "score_nse": 56.2, "NSE": "C", "VIVTOT": 13.0, "GRAPROES": 9.24, "_ent": "20", "_mun": "044", "_loc": "0001"}, "geometry": {"type": "Polygon", "coordinates": [[[-95.87967, 18.10536], [-95.87865, 18.10521], [-95.87876, 18.1043], [-95.87937, 18.10437], [-95.87967, 18.10536]]]}}, {"id": "1590723", "type": "Feature", "properties": {"id": "1590723", "CVEGEO": "2004400010248004", "POBTOT": 142.0, "score_nse": 0.0, "NSE": "ND", "VIVTOT": 65.0, "GRAPROES": 9.15, "_ent": "20", "_mun": "044", "_loc": "0001"}, "geometry": {"type": "Polygon", "coordinates": [[[-95.87866, 18.10428], [-95.87853, 18.10521], [-95.87675, 18.10496], [-95.87687, 18.10404], [-95.87866, 18.10428]]]}}, {"id": "1590724", "type": "Feature", "properties": {"id": "1590724", "CVEGEO": "2004400010248003", "POBTOT": 131.0, "score_nse": 48.1504, "NSE": "C-", "VIVTOT": 84.0, "GRAPROES": 9.96, "_ent": "20", "_mun": "044", "_loc": "0001"}, "geometry": {"type": "Polygon", "coordinates": [[[-95.87852, 18.10531], [-95.87838, 18.10626], [-95.8766, 18.10598], [-95.87672, 18.10507], [-95.87726, 18.10514], [-95.87721, 18.10547], [-95.87731, 18.10514], [-95.87852, 18.10531]]]}}, {"id": "1590725", "type": "Feature", "properties": {"id": "1590725", "CVEGEO": "2004400010233042", "POBTOT": 10.0, "score_nse": 0.0, "NSE": "ND", "VIVTOT": 2.0, "GRAPROES": 0.0, "_ent": "20", "_mun": "044", "_loc": "0001"}, "geometry": {"type": "Polygon", "coordinates": [[[-95.8907, 18.10904], [-95.89035, 18.10927], [-95.88972, 18.10854], [-95.89041, 18.1087], [-95.8907, 18.10904]]]}}, {"id": "1590726", "type": "Feature", "properties": {"id": "1590726", "CVEGEO": "2004400010233018", "POBTOT": 18.0, "score_nse": 0.0, "NSE": "ND", "VIVTOT": 7.0, "GRAPROES": 7.91, "_ent": "20", "_mun": "044", "_loc": "0001"}, "geometry": {"type": "Polygon", "coordinates": [[[-95.88625, 18.11663], [-95.88584, 18.11689], [-95.88552, 18.11643], [-95.88594, 18.11616], [-95.88625, 18.11663]]]}}, {"id": "1590727", "type": "Feature", "properties": {"id": "1590727", "CVEGEO": "2004400010159019", "POBTOT": 101.0, "score_nse": 56.6157, "NSE": "C", "VIVTOT": 49.0, "GRAPROES": 10.81, "_ent": "20", "_mun": "044", "_loc": "0001"}, "geometry": {"type": "Polygon", "coordinates": [[[-95.88378, 18.11048], [-95.88261, 18.11124], [-95.88209, 18.11049], [-95.88328, 18.10974], [-95.88378, 18.11048]]]}}, {"id": "1590728", "type": "Feature", "properties": {"id": "1590728", "CVEGEO": "2004400010159011", "POBTOT": 79.0, "score_nse": 36.9022, "NSE": "D+", "VIVTOT": 43.0, "GRAPROES": 6.03, "_ent": "20", "_mun": "044", "_loc": "0001"}, "geometry": {"type": "Polygon", "coordinates": [[[-95.88786, 18.10552], [-95.88771, 18.10644], [-95.88675, 18.1063], [-95.8869, 18.10536], [-95.88786, 18.10552]]]}}, {"id": "1590729", "type": "Feature", "properties": {"id": "1590729", "CVEGEO": "2004400010159008", "POBTOT": 33.0, "score_nse": 0.0, "NSE": "ND", "VIVTOT": 21.0, "GRAPROES": 7.56, "_ent": "20", "_mun": "044", "_loc": "0001"}, "geometry": {"type": "Polygon", "coordinates": [[[-95.88441, 18.10865], [-95.88322, 18.10939], [-95.88221, 18.10794], [-95.88402, 18.10815], [-95.88441, 18.10865]]]}}, {"id": "1590730", "type": "Feature", "properties": {"id": "1590730", "CVEGEO": "2004400010159007", "POBTOT": 93.0, "score_nse": 45.2222, "NSE": "C-", "VIVTOT": 49.0, "GRAPROES": 8.42, "_ent": "20", "_mun": "044", "_loc": "0001"}, "geometry": {"type": "Polygon", "coordinates": [[[-95.88509, 18.10963], [-95.8839, 18.1104], [-95.88338, 18.10966], [-95.88459, 18.10892], [-95.88509, 18.10963]]]}}, {"id": "1590731", "type": "Feature", "properties": {"id": "1590731", "CVEGEO": "2004400010159006", "POBTOT": 75.0, "score_nse": 43.272, "NSE": "C-", "VIVTOT": 45.0, "GRAPROES": 8.32, "_ent": "20", "_mun": "044", "_loc": "0001"}, "geometry": {"type": "Polygon", "coordinates": [[[-95.88642, 18.1088], [-95.8852, 18.10956], [-95.88469, 18.10886], [-95.88588, 18.10811], [-95.88642, 18.1088]]]}}, {"id": "1590732", "type": "Feature", "properties": {"id": "1590732", "CVEGEO": "2004400010144032", "POBTOT": 32.0, "score_nse": 0.0, "NSE": "ND", "VIVTOT": 13.0, "GRAPROES": 5.93, "_ent": "20", "_mun": "044", "_loc": "0001"}, "geometry": {"type": "Polygon", "coordinates": [[[-95.89054, 18.10773], [-95.89028, 18.10789], [-95.88997, 18.1074], [-95.89022, 18.10724], [-95.89054, 18.10773]]]}}, {"id": "1590733", "type": "Feature", "properties": {"id": "1590733", "CVEGEO": "2004400010144002", "POBTOT": 91.0, "score_nse": 53.0129, "NSE": "C-", "VIVTOT": 45.0, "GRAPROES": 10.23, "_ent": "20", "_mun": "044", "_loc": "0001"}, "geometry": {"type": "Polygon", "coordinates": [[[-95.88641, 18.11151], [-95.88524, 18.11228], [-95.88468, 18.11146], [-95.88584, 18.11072], [-95.88641, 18.11151]]]}}, {"id": "1590734", "type": "Feature", "properties": {"id": "1590734", "CVEGEO": "200440001013A026", "POBTOT": 15.0, "score_nse": 82.34, "NSE": "C+", "VIVTOT": 5.0, "GRAPROES": 10.67, "_ent": "20", "_mun": "044", "_loc": "0001"}, "geometry": {"type": "Polygon", "coordinates": [[[-95.8796, 18.111], [-95.87948, 18.11176], [-95.87871, 18.11175], [-95.87885, 18.1109], [-95.8796, 18.111]]]}}, {"id": "1590735", "type": "Feature", "properties": {"id": "1590735", "CVEGEO": "200440001013A025", "POBTOT": 19.0, "score_nse": 0.0, "NSE": "ND", "VIVTOT": 10.0, "GRAPROES": 10.88, "_ent": "20", "_mun": "044", "_loc": "0001"}, "geometry": {"type": "Polygon", "coordinates": [[[-95.87968, 18.11058], [-95.87962, 18.11096], [-95.87886, 18.11084], [-95.87892, 18.11049], [-95.87968, 18.11058]]]}}, {"id": "1590738", "type": "Feature", "properties": {"id": "1590738", "CVEGEO": "2004400010271017", "POBTOT": 50.0, "score_nse": 0.0, "NSE": "ND", "VIVTOT": 16.0, "GRAPROES": 7.51, "_ent": "20", "_mun": "044", "_loc": "0001"}, "geometry": {"type": "Polygon", "coordinates": [[[-95.87473, 18.11629], [-95.87399, 18.11678], [-95.87339, 18.11598], [-95.87415, 18.11546], [-95.87473, 18.11629]]]}}, {"id": "1590739", "type": "Feature", "properties": {"id": "1590739", "CVEGEO": "2004400010252062", "POBTOT": 3.0, "score_nse": 0.0, "NSE": "ND", "VIVTOT": 2.0, "GRAPROES": 0.0, "_ent": "20", "_mun": "044", "_loc": "0001"}, "geometry": {"type": "Polygon", "coordinates": [[[-95.86907, 18.10817], [-95.86868, 18.10813], [-95.86868, 18.1072], [-95.86911, 18.10724], [-95.86907, 18.10817]]]}}, {"id": "1590740", "type": "Feature", "properties": {"id": "1590740", "CVEGEO": "2004400010252004", "POBTOT": 147.0, "score_nse": 0.0, "NSE": "ND", "VIVTOT": 57.0, "GRAPROES": 8.46, "_ent": "20", "_mun": "044", "_loc": "0001"}, "geometry": {"type": "Polygon", "coordinates": [[[-95.87477, 18.10376], [-95.87464, 18.10468], [-95.87256, 18.10441], [-95.87269, 18.10348], [-95.87288, 18.10351], [-95.87286, 18.10373], [-95.87292, 18.10352], [-95.87477, 18.10376]]]}}, {"id": "1590745", "type": "Feature", "properties": {"id": "1590745", "CVEGEO": "200440001013A022", "POBTOT": 45.0, "score_nse": 58.9543, "NSE": "C", "VIVTOT": 24.0, "GRAPROES": 12.14, "_ent": "20", "_mun": "044", "_loc": "0001"}, "geometry": {"type": "Polygon", "coordinates": [[[-95.87878, 18.11088], [-95.87864, 18.11174], [-95.87782, 18.11161], [-95.87819, 18.11079], [-95.87878, 18.11088]]]}}, {"id": "1590746", "type": "Feature", "properties": {"id": "1590746", "CVEGEO": "200440001013A020", "POBTOT": 34.0, "score_nse": 0.0, "NSE": "ND", "VIVTOT": 14.0, "GRAPROES": 8.46, "_ent": "20", "_mun": "044", "_loc": "0001"}, "geometry": {"type": "Polygon", "coordinates": [[[-95.87875, 18.10955], [-95.87838, 18.11029], [-95.87791, 18.11023], [-95.87801, 18.10944], [-95.87875, 18.10955]]]}}, {"id": "1590751", "type": "Feature", "properties": {"id": "1590751", "CVEGEO": "2004400010214018", "POBTOT": 32.0, "score_nse": 31.7885, "NSE": "D+", "VIVTOT": 16.0, "GRAPROES": 6.95, "_ent": "20", "_mun": "044", "_loc": "0001"}, "geometry": {"type": "Polygon", "coordinates": [[[-95.87902, 18.09413], [-95.87803, 18.09404], [-95.87804, 18.09366], [-95.87902, 18.09376], [-95.87902, 18.09413]]]}}, {"id": "1590752", "type": "Feature", "properties": {"id": "1590752", "CVEGEO": "2004400010214020", "POBTOT": 21.0, "score_nse": 0.0, "NSE": "ND", "VIVTOT": 17.0, "GRAPROES": 5.44, "_ent": "20", "_mun": "044", "_loc": "0001"}, "geometry": {"type": "Polygon", "coordinates": [[[-95.88022, 18.09432], [-95.88019, 18.09471], [-95.87908, 18.0946], [-95.87909, 18.09422], [-95.88022, 18.09432]]]}}, {"id": "1590753", "type": "Feature", "properties": {"id": "1590753", "CVEGEO": "2004400010426012", "POBTOT": 23.0, "score_nse": 0.0, "NSE": "ND", "VIVTOT": 9.0, "GRAPROES": 6.31, "_ent": "20", "_mun": "044", "_loc": "0001"}, "geometry": {"type": "Polygon", "coordinates": [[[-95.89305, 18.10755], [-95.8927, 18.10777], [-95.8921, 18.10705], [-95.89243, 18.10684], [-95.89305, 18.10755]]]}}, {"id": "1590754", "type": "Feature", "properties": {"id": "1590754", "CVEGEO": "2004400010411014", "POBTOT": 51.0, "score_nse": 0.0, "NSE": "ND", "VIVTOT": 23.0, "GRAPROES": 7.16, "_ent": "20", "_mun": "044", "_loc": "0001"}, "geometry": {"type": "Polygon", "coordinates": [[[-95.89211, 18.10077], [-95.89148, 18.1018], [-95.89112, 18.10163], [-95.89174, 18.10059], [-95.89211, 18.10077]]]}}, {"id": "1590755", "type": "Feature", "properties": {"id": "1590755", "CVEGEO": "2004400010411013", "POBTOT": 39.0, "score_nse": 0.0, "NSE": "ND", "VIVTOT": 16.0, "GRAPROES": 6.58, "_ent": "20", "_mun": "044", "_loc": "0001"}, "geometry": {"type": "Polygon", "coordinates": [[[-95.89269, 18.10248], [-95.89222, 18.10332], [-95.89188, 18.10315], [-95.89235, 18.10231], [-95.89269, 18.10248]]]}}, {"id": "1590756", "type": "Feature", "properties": {"id": "1590756", "CVEGEO": "2004400010407041", "POBTOT": 36.0, "score_nse": 0.0, "NSE": "ND", "VIVTOT": 16.0, "GRAPROES": 6.57, "_ent": "20", "_mun": "044", "_loc": "0001"}, "geometry": {"type": "Polygon", "coordinates": [[[-95.8884, 18.1061], [-95.88775, 18.10651], [-95.88803, 18.10496], [-95.88824, 18.10498], [-95.88825, 18.10579], [-95.8884, 18.1061]]]}}, {"id": "1590757", "type": "Feature", "properties": {"id": "1590757", "CVEGEO": "2004400010407017", "POBTOT": 42.0, "score_nse": 0.0, "NSE": "ND", "VIVTOT": 18.0, "GRAPROES": 6.63, "_ent": "20", "_mun": "044", "_loc": "0001"}, "geometry": {"type": "Polygon", "coordinates": [[[-95.88824, 18.10034], [-95.88778, 18.10117], [-95.88743, 18.10101], [-95.88788, 18.10017], [-95.88824, 18.10034]]]}}, {"id": "1590758", "type": "Feature", "properties": {"id": "1590758", "CVEGEO": "2004400010407009", "POBTOT": 48.0, "score_nse": 0.0, "NSE": "ND", "VIVTOT": 18.0, "GRAPROES": 6.33, "_ent": "20", "_mun": "044", "_loc": "0001"}, "geometry": {"type": "Polygon", "coordinates": [[[-95.89056, 18.1026], [-95.89005, 18.10361], [-95.8897, 18.10344], [-95.89024, 18.10245], [-95.89056, 18.1026]]]}}, {"id": "1590759", "type": "Feature", "properties": {"id": "1590759", "CVEGEO": "2004400010394013", "POBTOT": 58.0, "score_nse": 0.0, "NSE": "ND", "VIVTOT": 22.0, "GRAPROES": 6.84, "_ent": "20", "_mun": "044", "_loc": "0001"}, "geometry": {"type": "Polygon", "coordinates": [[[-95.88333, 18.11776], [-95.88212, 18.11856], [-95.88186, 18.1182], [-95.88306, 18.1174], [-95.88333, 18.11776]]]}}, {"id": "1590760", "type": "Feature", "properties": {"id": "1590760", "CVEGEO": "2004400010394012", "POBTOT": 51.0, "score_nse": 0.0, "NSE": "ND", "VIVTOT": 18.0, "GRAPROES": 7.51, "_ent": "20", "_mun": "044", "_loc": "0001"}, "geometry": {"type": "Polygon", "coordinates": [[[-95.88304, 18.11737], [-95.88184, 18.11817], [-95.88162, 18.11787], [-95.88283, 18.11707], [-95.88304, 18.11737]]]}}, {"id": "1590761", "type": "Feature", "properties": {"id": "1590761", "CVEGEO": "200440001038A010", "POBTOT": 64.0, "score_nse": 39.0807, "NSE": "D+", "VIVTOT": 39.0, "GRAPROES": 6.6, "_ent": "20", "_mun": "044", "_loc": "0001"}, "geometry": {"type": "Polygon", "coordinates": [[[-95.88371, 18.11589], [-95.88263, 18.11658], [-95.88211, 18.11583], [-95.88319, 18.11514], [-95.88371, 18.11589]]]}}, {"id": "1590762", "type": "Feature", "properties": {"id": "1590762", "CVEGEO": "200440001038A009", "POBTOT": 90.0, "score_nse": 0.0, "NSE": "ND", "VIVTOT": 25.0, "GRAPROES": 5.69, "_ent": "20", "_mun": "044", "_loc": "0001"}, "geometry": {"type": "Polygon", "coordinates": [[[-95.88406, 18.11729], [-95.88366, 18.11755], [-95.88293, 18.11648], [-95.88331, 18.11622], [-95.88406, 18.11729]]]}}, {"id": "1590763", "type": "Feature", "properties": {"id": "1590763", "CVEGEO": "2004400010360030", "POBTOT": 23.0, "score_nse": 0.0, "NSE": "ND", "VIVTOT": 10.0, "GRAPROES": 6.31, "_ent": "20", "_mun": "044", "_loc": "0001"}, "geometry": {"type": "Polygon", "coordinates": [[[-95.8667, 18.10878], [-95.86647, 18.11007], [-95.86606, 18.11001], [-95.86629, 18.1087], [-95.8667, 18.10878]]]}}, {"id": "1590764", "type": "Feature", "properties": {"id": "1590764", "CVEGEO": "2004400010356024", "POBTOT": 12.0, "score_nse": 0.0, "NSE": "ND", "VIVTOT": 11.0, "GRAPROES": 8.78, "_ent": "20", "_mun": "044", "_loc": "0001"}, "geometry": {"type": "Polygon", "coordinates": [[[-95.86851, 18.1149], [-95.86796, 18.11479], [-95.86796, 18.11463], [-95.86852, 18.11465], [-95.86851, 18.1149]]]}}, {"id": "1590765", "type": "Feature", "properties": {"id": "1590765", "CVEGEO": "2004400010394005", "POBTOT": 27.0, "score_nse": 0.0, "NSE": "ND", "VIVTOT": 7.0, "GRAPROES": 7.69, "_ent": "20", "_mun": "044", "_loc": "0001"}, "geometry": {"type": "Polygon", "coordinates": [[[-95.88204, 18.11862], [-95.88167, 18.11885], [-95.8812, 18.11817], [-95.88154, 18.11794], [-95.88204, 18.11862]]]}}, {"id": "1590766", "type": "Feature", "properties": {"id": "1590766", "CVEGEO": "2004400010394004", "POBTOT": 43.0, "score_nse": 0.0, "NSE": "ND", "VIVTOT": 17.0, "GRAPROES": 6.41, "_ent": "20", "_mun": "044", "_loc": "0001"}, "geometry": {"type": "Polygon", "coordinates": [[[-95.88142, 18.11902], [-95.88112, 18.11921], [-95.88071, 18.11852], [-95.88116, 18.1182], [-95.88139, 18.11851], [-95.88117, 18.11866], [-95.88142, 18.11902]]]}}, {"id": "1590767", "type": "Feature", "properties": {"id": "1590767", "CVEGEO": "2004400010394003", "POBTOT": 29.0, "score_nse": 0.0, "NSE": "ND", "VIVTOT": 8.0, "GRAPROES": 6.71, "_ent": "20", "_mun": "044", "_loc": "0001"}, "geometry": {"type": "Polygon", "coordinates": [[[-95.88108, 18.11924], [-95.88076, 18.11946], [-95.88036, 18.11888], [-95.8807, 18.11867], [-95.88108, 18.11924]]]}}, {"id": "1590768", "type": "Feature", "properties": {"id": "1590768", "CVEGEO": "2004400010394002", "POBTOT": 24.0, "score_nse": 0.0, "NSE": "ND", "VIVTOT": 6.0, "GRAPROES": 5.88, "_ent": "20", "_mun": "044", "_loc": "0001"}, "geometry": {"type": "Polygon", "coordinates": [[[-95.88145, 18.11976], [-95.88113, 18.11996], [-95.88079, 18.1195], [-95.88113, 18.11929], [-95.88145, 18.11976]]]}}, {"id": "1590769", "type": "Feature", "properties": {"id": "1590769", "CVEGEO": "2004400010375007", "POBTOT": 32.0, "score_nse": 0.0, "NSE": "ND", "VIVTOT": 14.0, "GRAPROES": 6.89, "_ent": "20", "_mun": "044", "_loc": "0001"}, "geometry": {"type": "Polygon", "coordinates": [[[-95.88584, 18.12121], [-95.88468, 18.12202], [-95.88441, 18.12165], [-95.88553, 18.12088], [-95.88584, 18.12121]]]}}, {"id": "1590770", "type": "Feature", "properties": {"id": "1590770", "CVEGEO": "2004400010375006", "POBTOT": 17.0, "score_nse": 0.0, "NSE": "ND", "VIVTOT": 7.0, "GRAPROES": 5.75, "_ent": "20", "_mun": "044", "_loc": "0001"}, "geometry": {"type": "Polygon", "coordinates": [[[-95.884, 18.12122], [-95.88306, 18.12188], [-95.88272, 18.12148], [-95.88372, 18.12085], [-95.884, 18.12122]]]}}, {"id": "1590771", "type": "Feature", "properties": {"id": "1590771", "CVEGEO": "2004400010375005", "POBTOT": 17.0, "score_nse": 0.0, "NSE": "ND", "VIVTOT": 13.0, "GRAPROES": 6.27, "_ent": "20", "_mun": "044", "_loc": "0001"}, "geometry": {"type": "Polygon", "coordinates": [[[-95.88519, 18.12039], [-95.88406, 18.12117], [-95.88378, 18.1208], [-95.88492, 18.12001], [-95.88519, 18.12039]]]}}, {"id": "1590772", "type": "Feature", "properties": {"id": "1590772", "CVEGEO": "2004400010375003", "POBTOT": 45.0, "score_nse": 0.0, "NSE": "ND", "VIVTOT": 16.0, "GRAPROES": 6.37, "_ent": "20", "_mun": "044", "_loc": "0001"}, "geometry": {"type": "Polygon", "coordinates": [[[-95.88489, 18.11996], [-95.88374, 18.12073], [-95.88344, 18.12034], [-95.88463, 18.11956], [-95.88489, 18.11996]]]}}, {"id": "1590773", "type": "Feature", "properties": {"id": "1590773", "CVEGEO": "2004400010375002", "POBTOT": 36.0, "score_nse": 0.0, "NSE": "ND", "VIVTOT": 17.0, "GRAPROES": 6.77, "_ent": "20", "_mun": "044", "_loc": "0001"}, "geometry": {"type": "Polygon", "coordinates": [[[-95.88367, 18.12079], [-95.88271, 18.12143], [-95.88242, 18.12108], [-95.88337, 18.12039], [-95.88367, 18.12079]]]}}, {"id": "1590774", "type": "Feature", "properties": {"id": "1590774", "CVEGEO": "2004400010375001", "POBTOT": 29.0, "score_nse": 0.0, "NSE": "ND", "VIVTOT": 16.0, "GRAPROES": 7.39, "_ent": "20", "_mun": "044", "_loc": "0001"}, "geometry": {"type": "Polygon", "coordinates": [[[-95.8855, 18.12082], [-95.88437, 18.1216], [-95.88409, 18.12122], [-95.88523, 18.12044], [-95.8855, 18.12082]]]}}, {"id": "1590775", "type": "Feature", "properties": {"id": "1590775", "CVEGEO": "2004400010407042", "POBTOT": 29.0, "score_nse": 0.0, "NSE": "ND", "VIVTOT": 20.0, "GRAPROES": 9.8, "_ent": "20", "_mun": "044", "_loc": "0001"}, "geometry": {"type": "Polygon", "coordinates": [[[-95.88987, 18.10424], [-95.88972, 18.10452], [-95.88922, 18.10429], [-95.88938, 18.10402], [-95.88987, 18.10424]]]}}, {"id": "1590776", "type": "Feature", "properties": {"id": "1590776", "CVEGEO": "2004400010407040", "POBTOT": 22.0, "score_nse": 0.0, "NSE": "ND", "VIVTOT": 18.0, "GRAPROES": 9.87, "_ent": "20", "_mun": "044", "_loc": "0001"}, "geometry": {"type": "Polygon", "coordinates": [[[-95.88923, 18.1033], [-95.88891, 18.10389], [-95.88863, 18.10377], [-95.88895, 18.10316], [-95.88923, 18.1033]]]}}, {"id": "1590777", "type": "Feature", "properties": {"id": "1590777", "CVEGEO": "2004400010407039", "POBTOT": 35.0, "score_nse": 0.0, "NSE": "ND", "VIVTOT": 21.0, "GRAPROES": 12.13, "_ent": "20", "_mun": "044", "_loc": "0001"}, "geometry": {"type": "Polygon", "coordinates": [[[-95.88887, 18.10395], [-95.88858, 18.1045], [-95.88829, 18.10439], [-95.88859, 18.10381], [-95.88887, 18.10395]]]}}, {"id": "1590778", "type": "Feature", "properties": {"id": "1590778", "CVEGEO": "2004400010407038", "POBTOT": 11.0, "score_nse": 0.0, "NSE": "ND", "VIVTOT": 10.0, "GRAPROES": 10.13, "_ent": "20", "_mun": "044", "_loc": "0001"}, "geometry": {"type": "Polygon", "coordinates": [[[-95.88937, 18.10551], [-95.88844, 18.10611], [-95.88827, 18.10487], [-95.88842, 18.10454], [-95.88854, 18.10458], [-95.88834, 18.10502], [-95.88937, 18.10551]]]}}, {"id": "1590779", "type": "Feature", "properties": {"id": "1590779", "CVEGEO": "2004400010407029", "POBTOT": 18.0, "score_nse": 0.0, "NSE": "ND", "VIVTOT": 8.0, "GRAPROES": 7.08, "_ent": "20", "_mun": "044", "_loc": "0001"}, "geometry": {"type": "Polygon", "coordinates": [[[-95.88692, 18.10085], [-95.88669, 18.10131], [-95.88604, 18.10102], [-95.88622, 18.10052], [-95.88692, 18.10085]]]}}, {"id": "1590780", "type": "Feature", "properties": {"id": "1590780", "CVEGEO": "2004400010407019", "POBTOT": 45.0, "score_nse": 0.0, "NSE": "ND", "VIVTOT": 17.0, "GRAPROES": 6.57, "_ent": "20", "_mun": "044", "_loc": "0001"}, "geometry": {"type": "Polygon", "coordinates": [[[-95.89179, 18.10321], [-95.89125, 18.1042], [-95.89091, 18.10403], [-95.89145, 18.10303], [-95.89179, 18.10321]]]}}, {"id": "1590781", "type": "Feature", "properties": {"id": "1590781", "CVEGEO": "2004400010407018", "POBTOT": 45.0, "score_nse": 0.0, "NSE": "ND", "VIVTOT": 16.0, "GRAPROES": 6.24, "_ent": "20", "_mun": "044", "_loc": "0001"}, "geometry": {"type": "Polygon", "coordinates": [[[-95.89228, 18.10227], [-95.8918, 18.10312], [-95.89145, 18.10295], [-95.89189, 18.10209], [-95.89228, 18.10227]]]}}, {"id": "1590782", "type": "Feature", "properties": {"id": "1590782", "CVEGEO": "2004400010407008", "POBTOT": 29.0, "score_nse": 0.0, "NSE": "ND", "VIVTOT": 14.0, "GRAPROES": 9.39, "_ent": "20", "_mun": "044", "_loc": "0001"}, "geometry": {"type": "Polygon", "coordinates": [[[-95.89101, 18.10166], [-95.8906, 18.10253], [-95.88945, 18.10199], [-95.88991, 18.10112], [-95.89101, 18.10166]]]}}, {"id": "1590783", "type": "Feature", "properties": {"id": "1590783", "CVEGEO": "2004400010407007", "POBTOT": 35.0, "score_nse": 0.0, "NSE": "ND", "VIVTOT": 13.0, "GRAPROES": 7.13, "_ent": "20", "_mun": "044", "_loc": "0001"}, "geometry": {"type": "Polygon", "coordinates": [[[-95.88905, 18.10072], [-95.88859, 18.10157], [-95.88824, 18.1014], [-95.8887, 18.10056], [-95.88905, 18.10072]]]}}, {"id": "1590784", "type": "Feature", "properties": {"id": "1590784", "CVEGEO": "2004400010407003", "POBTOT": 19.0, "score_nse": 0.0, "NSE": "ND", "VIVTOT": 7.0, "GRAPROES": 7.0, "_ent": "20", "_mun": "044", "_loc": "0001"}, "geometry": {"type": "Polygon", "coordinates": [[[-95.88944, 18.10091], [-95.88898, 18.10175], [-95.88865, 18.1016], [-95.88911, 18.10075], [-95.88944, 18.10091]]]}}, {"id": "1590785", "type": "Feature", "properties": {"id": "1590785", "CVEGEO": "2004400010407002", "POBTOT": 64.0, "score_nse": 0.0, "NSE": "ND", "VIVTOT": 17.0, "GRAPROES": 5.52, "_ent": "20", "_mun": "044", "_loc": "0001"}, "geometry": {"type": "Polygon", "coordinates": [[[-95.88897, 18.10184], [-95.88844, 18.10282], [-95.8881, 18.10265], [-95.88861, 18.10166], [-95.88897, 18.10184]]]}}, {"id": "1590786", "type": "Feature", "properties": {"id": "1590786", "CVEGEO": "2004400010394016", "POBTOT": 50.0, "score_nse": 0.0, "NSE": "ND", "VIVTOT": 22.0, "GRAPROES": 6.37, "_ent": "20", "_mun": "044", "_loc": "0001"}, "geometry": {"type": "Polygon", "coordinates": [[[-95.88395, 18.11862], [-95.88276, 18.11943], [-95.88252, 18.11911], [-95.88373, 18.11832], [-95.88395, 18.11862]]]}}, {"id": "1590787", "type": "Feature", "properties": {"id": "1590787", "CVEGEO": "2004400010394015", "POBTOT": 62.0, "score_nse": 43.7354, "NSE": "C-", "VIVTOT": 26.0, "GRAPROES": 7.43, "_ent": "20", "_mun": "044", "_loc": "0001"}, "geometry": {"type": "Polygon", "coordinates": [[[-95.8837, 18.11827], [-95.88249, 18.11906], [-95.88227, 18.11877], [-95.88349, 18.11798], [-95.8837, 18.11827]]]}}, {"id": "1590788", "type": "Feature", "properties": {"id": "1590788", "CVEGEO": "2004400010394014", "POBTOT": 27.0, "score_nse": 0.0, "NSE": "ND", "VIVTOT": 9.0, "GRAPROES": 8.6, "_ent": "20", "_mun": "044", "_loc": "0001"}, "geometry": {"type": "Polygon", "coordinates": [[[-95.88345, 18.11793], [-95.88225, 18.11872], [-95.88216, 18.11859], [-95.88337, 18.11781], [-95.88345, 18.11793]]]}}, {"id": "1590789", "type": "Feature", "properties": {"id": "1590789", "CVEGEO": "2004400010394010", "POBTOT": 56.0, "score_nse": 0.0, "NSE": "ND", "VIVTOT": 19.0, "GRAPROES": 7.44, "_ent": "20", "_mun": "044", "_loc": "0001"}, "geometry": {"type": "Polygon", "coordinates": [[[-95.88024, 18.1189], [-95.87937, 18.11946], [-95.87902, 18.11905], [-95.87993, 18.11845], [-95.88024, 18.1189]]]}}, {"id": "1590790", "type": "Feature", "properties": {"id": "1590790", "CVEGEO": "2004400010394001", "POBTOT": 36.0, "score_nse": 49.4846, "NSE": "C-", "VIVTOT": 13.0, "GRAPROES": 6.77, "_ent": "20", "_mun": "044", "_loc": "0001"}, "geometry": {"type": "Polygon", "coordinates": [[[-95.88203, 18.11937], [-95.88148, 18.11974], [-95.88116, 18.11927], [-95.88171, 18.11892], [-95.88203, 18.11937]]]}}, {"id": "1590791", "type": "Feature", "properties": {"id": "1590791", "CVEGEO": "200440001038A026", "POBTOT": 32.0, "score_nse": 59.7733, "NSE": "C", "VIVTOT": 12.0, "GRAPROES": 10.36, "_ent": "20", "_mun": "044", "_loc": "0001"}, "geometry": {"type": "Polygon", "coordinates": [[[-95.88772, 18.11337], [-95.88689, 18.11389], [-95.88678, 18.11371], [-95.8876, 18.11321], [-95.88772, 18.11337]]]}}, {"id": "1590792", "type": "Feature", "properties": {"id": "1590792", "CVEGEO": "200440001038A025", "POBTOT": 100.0, "score_nse": 45.468, "NSE": "C-", "VIVTOT": 34.0, "GRAPROES": 8.11, "_ent": "20", "_mun": "044", "_loc": "0001"}, "geometry": {"type": "Polygon", "coordinates": [[[-95.88833, 18.11422], [-95.88714, 18.11494], [-95.88688, 18.11457], [-95.88805, 18.11383], [-95.88833, 18.11422]]]}}, {"id": "1590793", "type": "Feature", "properties": {"id": "1590793", "CVEGEO": "200440001038A006", "POBTOT": 14.0, "score_nse": 30.823, "NSE": "D+", "VIVTOT": 8.0, "GRAPROES": 5.44, "_ent": "20", "_mun": "044", "_loc": "0001"}, "geometry": {"type": "Polygon", "coordinates": [[[-95.88569, 18.11771], [-95.88529, 18.11796], [-95.88497, 18.11751], [-95.88538, 18.11725], [-95.88569, 18.11771]]]}}, {"id": "1590794", "type": "Feature", "properties": {"id": "1590794", "CVEGEO": "200440001038A005", "POBTOT": 70.0, "score_nse": 43.4326, "NSE": "C-", "VIVTOT": 26.0, "GRAPROES": 7.19, "_ent": "20", "_mun": "044", "_loc": "0001"}, "geometry": {"type": "Polygon", "coordinates": [[[-95.88544, 18.1164], [-95.88503, 18.11667], [-95.88428, 18.1156], [-95.88468, 18.11533], [-95.88544, 18.1164]]]}}, {"id": "1590795", "type": "Feature", "properties": {"id": "1590795", "CVEGEO": "200440001038A004", "POBTOT": 83.0, "score_nse": 48.4811, "NSE": "C-", "VIVTOT": 28.0, "GRAPROES": 8.45, "_ent": "20", "_mun": "044", "_loc": "0001"}, "geometry": {"type": "Polygon", "coordinates": [[[-95.88498, 18.11671], [-95.88457, 18.11697], [-95.88381, 18.11591], [-95.88423, 18.11564], [-95.88498, 18.11671]]]}}, {"id": "1590796", "type": "Feature", "properties": {"id": "1590796", "CVEGEO": "200440001038A003", "POBTOT": 40.0, "score_nse": 0.0, "NSE": "ND", "VIVTOT": 20.0, "GRAPROES": 6.55, "_ent": "20", "_mun": "044", "_loc": "0001"}, "geometry": {"type": "Polygon", "coordinates": [[[-95.88451, 18.117], [-95.88411, 18.11725], [-95.88336, 18.11618], [-95.88373, 18.11593], [-95.88451, 18.117]]]}}, {"id": "1590797", "type": "Feature", "properties": {"id": "1590797", "CVEGEO": "200440001038A002", "POBTOT": 26.0, "score_nse": 69.7851, "NSE": "C", "VIVTOT": 7.0, "GRAPROES": 9.83, "_ent": "20", "_mun": "044", "_loc": "0001"}, "geometry": {"type": "Polygon", "coordinates": [[[-95.88487, 18.11751], [-95.88448, 18.11776], [-95.88415, 18.11731], [-95.88455, 18.11705], [-95.88487, 18.11751]]]}}, {"id": "1590798", "type": "Feature", "properties": {"id": "1590798", "CVEGEO": "200440001038A001", "POBTOT": 16.0, "score_nse": 0.0, "NSE": "ND", "VIVTOT": 11.0, "GRAPROES": 6.08, "_ent": "20", "_mun": "044", "_loc": "0001"}, "geometry": {"type": "Polygon", "coordinates": [[[-95.88534, 18.11721], [-95.88494, 18.11747], [-95.88461, 18.11702], [-95.88501, 18.11675], [-95.88534, 18.11721]]]}}, {"id": "1590799", "type": "Feature", "properties": {"id": "1590799", "CVEGEO": "2004400010356025", "POBTOT": 31.0, "score_nse": 0.0, "NSE": "ND", "VIVTOT": 12.0, "GRAPROES": 4.7, "_ent": "20", "_mun": "044", "_loc": "0001"}, "geometry": {"type": "Polygon", "coordinates": [[[-95.86932, 18.11692], [-95.86893, 18.11716], [-95.86883, 18.11608], [-95.86932, 18.11692]]]}}, {"id": "1590800", "type": "Feature", "properties": {"id": "1590800", "CVEGEO": "2004400010356023", "POBTOT": 25.0, "score_nse": 0.0, "NSE": "ND", "VIVTOT": 9.0, "GRAPROES": 8.79, "_ent": "20", "_mun": "044", "_loc": "0001"}, "geometry": {"type": "Polygon", "coordinates": [[[-95.86786, 18.11462], [-95.86785, 18.11497], [-95.86755, 18.11496], [-95.86755, 18.11461], [-95.86786, 18.11462]]]}}, {"id": "1590801", "type": "Feature", "properties": {"id": "1590801", "CVEGEO": "2004400010356022", "POBTOT": 44.0, "score_nse": 0.0, "NSE": "ND", "VIVTOT": 13.0, "GRAPROES": 7.0, "_ent": "20", "_mun": "044", "_loc": "0001"}, "geometry": {"type": "Polygon", "coordinates": [[[-95.86981, 18.11775], [-95.86911, 18.11818], [-95.86885, 18.11784], [-95.86957, 18.11737], [-95.86981, 18.11775]]]}}, {"id": "1590802", "type": "Feature", "properties": {"id": "1590802", "CVEGEO": "2004400010356005", "POBTOT": 43.0, "score_nse": 0.0, "NSE": "ND", "VIVTOT": 13.0, "GRAPROES": 6.03, "_ent": "20", "_mun": "044", "_loc": "0001"}, "geometry": {"type": "Polygon", "coordinates": [[[-95.86863, 18.11849], [-95.86828, 18.1187], [-95.86779, 18.11798], [-95.86814, 18.11777], [-95.86863, 18.11849]]]}}, {"id": "1590803", "type": "Feature", "properties": {"id": "1590803", "CVEGEO": "2004400010356004", "POBTOT": 70.0, "score_nse": 0.0, "NSE": "ND", "VIVTOT": 22.0, "GRAPROES": 6.13, "_ent": "20", "_mun": "044", "_loc": "0001"}, "geometry": {"type": "Polygon", "coordinates": [[[-95.86808, 18.11768], [-95.86774, 18.11789], [-95.86736, 18.11731], [-95.86703, 18.11741], [-95.86679, 18.11701], [-95.8674, 18.11666], [-95.86808, 18.11768]]]}}, {"id": "1590804", "type": "Feature", "properties": {"id": "1590804", "CVEGEO": "2004400010356003", "POBTOT": 51.0, "score_nse": 0.0, "NSE": "ND", "VIVTOT": 19.0, "GRAPROES": 5.97, "_ent": "20", "_mun": "044", "_loc": "0001"}, "geometry": {"type": "Polygon", "coordinates": [[[-95.86698, 18.11742], [-95.86591, 18.11803], [-95.86573, 18.11769], [-95.86674, 18.11703], [-95.86698, 18.11742]]]}}, {"id": "1590805", "type": "Feature", "properties": {"id": "1590805", "CVEGEO": "2004400010356002", "POBTOT": 34.0, "score_nse": 0.0, "NSE": "ND", "VIVTOT": 12.0, "GRAPROES": 5.52, "_ent": "20", "_mun": "044", "_loc": "0001"}, "geometry": {"type": "Polygon", "coordinates": [[[-95.86727, 18.11818], [-95.86698, 18.11838], [-95.86655, 18.11774], [-95.86685, 18.11756], [-95.86727, 18.11818]]]}}, {"id": "1590806", "type": "Feature", "properties": {"id": "1590806", "CVEGEO": "2004400010341021", "POBTOT": 93.0, "score_nse": 0.0, "NSE": "ND", "VIVTOT": 37.0, "GRAPROES": 6.19, "_ent": "20", "_mun": "044", "_loc": "0001"}, "geometry": {"type": "Polygon", "coordinates": [[[-95.8715, 18.11667], [-95.86989, 18.11769], [-95.86962, 18.11728], [-95.87125, 18.11623], [-95.8715, 18.11667]]]}}, {"id": "1590807", "type": "Feature", "properties": {"id": "1590807", "CVEGEO": "2004400010341018", "POBTOT": 37.0, "score_nse": 0.0, "NSE": "ND", "VIVTOT": 12.0, "GRAPROES": 7.43, "_ent": "20", "_mun": "044", "_loc": "0001"}, "geometry": {"type": "Polygon", "coordinates": [[[-95.87201, 18.11091], [-95.8718, 18.11187], [-95.87147, 18.11137], [-95.87156, 18.11084], [-95.87201, 18.11091]]]}}, {"id": "1590808", "type": "Feature", "properties": {"id": "1590808", "CVEGEO": "2004400010318012", "POBTOT": 17.0, "score_nse": 0.0, "NSE": "ND", "VIVTOT": 6.0, "GRAPROES": 9.2, "_ent": "20", "_mun": "044", "_loc": "0001"}, "geometry": {"type": "Polygon", "coordinates": [[[-95.87245, 18.09769], [-95.87243, 18.09801], [-95.8717, 18.09796], [-95.87173, 18.09763], [-95.87245, 18.09769]]]}}, {"id": "1590809", "type": "Feature", "properties": {"id": "1590809", "CVEGEO": "2004400010303028", "POBTOT": 85.0, "score_nse": 53.7772, "NSE": "C-", "VIVTOT": 29.0, "GRAPROES": 8.31, "_ent": "20", "_mun": "044", "_loc": "0001"}, "geometry": {"type": "Polygon", "coordinates": [[[-95.87705, 18.10196], [-95.87699, 18.10236], [-95.87513, 18.10213], [-95.87521, 18.10169], [-95.87705, 18.10196]]]}}, {"id": "1590810", "type": "Feature", "properties": {"id": "1590810", "CVEGEO": "2004400010290045", "POBTOT": 16.0, "score_nse": 0.0, "NSE": "ND", "VIVTOT": 5.0, "GRAPROES": 8.0, "_ent": "20", "_mun": "044", "_loc": "0001"}, "geometry": {"type": "Polygon", "coordinates": [[[-95.8853, 18.09353], [-95.88519, 18.09428], [-95.88476, 18.09424], [-95.88485, 18.09349], [-95.8853, 18.09353]]]}}, {"id": "1590811", "type": "Feature", "properties": {"id": "1590811", "CVEGEO": "2004400010290044", "POBTOT": 0.0, "score_nse": 10.0, "NSE": "E", "VIVTOT": 1.0, "GRAPROES": 0.0, "_ent": "20", "_mun": "044", "_loc": "0001"}, "geometry": {"type": "Polygon", "coordinates": [[[-95.88303, 18.09376], [-95.88294, 18.09474], [-95.88228, 18.09471], [-95.88233, 18.09415], [-95.88303, 18.09376]]]}}, {"id": "1590812", "type": "Feature", "properties": {"id": "1590812", "CVEGEO": "2004400010290015", "POBTOT": 23.0, "score_nse": 54.119, "NSE": "C-", "VIVTOT": 8.0, "GRAPROES": 8.53, "_ent": "20", "_mun": "044", "_loc": "0001"}, "geometry": {"type": "Polygon", "coordinates": [[[-95.88493, 18.09584], [-95.88486, 18.09633], [-95.8844, 18.09628], [-95.88448, 18.09583], [-95.88493, 18.09584]]]}}, {"id": "1590813", "type": "Feature", "properties": {"id": "1590813", "CVEGEO": "2004400010290014", "POBTOT": 17.0, "score_nse": 0.0, "NSE": "ND", "VIVTOT": 8.0, "GRAPROES": 9.07, "_ent": "20", "_mun": "044", "_loc": "0001"}, "geometry": {"type": "Polygon", "coordinates": [[[-95.88501, 18.09534], [-95.88494, 18.09578], [-95.88449, 18.09576], [-95.88456, 18.09532], [-95.88501, 18.09534]]]}}, {"id": "1590814", "type": "Feature", "properties": {"id": "1590814", "CVEGEO": "2004400010286015", "POBTOT": 43.0, "score_nse": 51.3535, "NSE": "C-", "VIVTOT": 21.0, "GRAPROES": 8.81, "_ent": "20", "_mun": "044", "_loc": "0001"}, "geometry": {"type": "Polygon", "coordinates": [[[-95.88415, 18.09738], [-95.88399, 18.09851], [-95.88339, 18.09848], [-95.8835, 18.09737], [-95.88415, 18.09738]]]}}, {"id": "1590815", "type": "Feature", "properties": {"id": "1590815", "CVEGEO": "2004400010286014", "POBTOT": 51.0, "score_nse": 0.0, "NSE": "ND", "VIVTOT": 18.0, "GRAPROES": 7.56, "_ent": "20", "_mun": "044", "_loc": "0001"}, "geometry": {"type": "Polygon", "coordinates": [[[-95.88338, 18.09735], [-95.88326, 18.09846], [-95.88263, 18.09841], [-95.88274, 18.09732], [-95.88338, 18.09735]]]}}, {"id": "1590816", "type": "Feature", "properties": {"id": "1590816", "CVEGEO": "2004400010271012", "POBTOT": 50.0, "score_nse": 0.0, "NSE": "ND", "VIVTOT": 18.0, "GRAPROES": 4.94, "_ent": "20", "_mun": "044", "_loc": "0001"}, "geometry": {"type": "Polygon", "coordinates": [[[-95.8722, 18.11793], [-95.87185, 18.11815], [-95.87121, 18.11731], [-95.87158, 18.11709], [-95.8722, 18.11793]]]}}, {"id": "1590817", "type": "Feature", "properties": {"id": "1590817", "CVEGEO": "2004400010248018", "POBTOT": 44.0, "score_nse": 0.0, "NSE": "ND", "VIVTOT": 18.0, "GRAPROES": 11.76, "_ent": "20", "_mun": "044", "_loc": "0001"}, "geometry": {"type": "Polygon", "coordinates": [[[-95.88038, 18.10871], [-95.88023, 18.10965], [-95.8789, 18.10944], [-95.87927, 18.10855], [-95.88038, 18.10871]]]}}, {"id": "1590818", "type": "Feature", "properties": {"id": "1590818", "CVEGEO": "2004400010233040", "POBTOT": 37.0, "score_nse": 0.0, "NSE": "ND", "VIVTOT": 11.0, "GRAPROES": 7.68, "_ent": "20", "_mun": "044", "_loc": "0001"}, "geometry": {"type": "Polygon", "coordinates": [[[-95.89182, 18.10966], [-95.89147, 18.10988], [-95.89077, 18.10905], [-95.89116, 18.10889], [-95.89182, 18.10966]]]}}, {"id": "1590819", "type": "Feature", "properties": {"id": "1590819", "CVEGEO": "2004400010233038", "POBTOT": 26.0, "score_nse": 46.5356, "NSE": "C-", "VIVTOT": 9.0, "GRAPROES": 8.14, "_ent": "20", "_mun": "044", "_loc": "0001"}, "geometry": {"type": "Polygon", "coordinates": [[[-95.88705, 18.11776], [-95.88664, 18.11801], [-95.88623, 18.11743], [-95.88663, 18.11717], [-95.88705, 18.11776]]]}}, {"id": "1590821", "type": "Feature", "properties": {"id": "1590821", "CVEGEO": "200440001045A013", "POBTOT": 26.0, "score_nse": 0.0, "NSE": "ND", "VIVTOT": 9.0, "GRAPROES": 6.07, "_ent": "20", "_mun": "044", "_loc": "0001"}, "geometry": {"type": "Polygon", "coordinates": [[[-95.88508, 18.12273], [-95.88476, 18.12306], [-95.88456, 18.12288], [-95.88488, 18.12255], [-95.88508, 18.12273]]]}}, {"id": "1590859", "type": "Feature", "properties": {"id": "1590859", "CVEGEO": "2004400010214011", "POBTOT": 32.0, "score_nse": 0.0, "NSE": "ND", "VIVTOT": 12.0, "GRAPROES": 5.67, "_ent": "20", "_mun": "044", "_loc": "0001"}, "geometry": {"type": "Polygon", "coordinates": [[[-95.87706, 18.09397], [-95.87667, 18.09396], [-95.87653, 18.09352], [-95.87691, 18.09356], [-95.87706, 18.09397]]]}}, {"id": "1590860", "type": "Feature", "properties": {"id": "1590860", "CVEGEO": "2004400010214021", "POBTOT": 42.0, "score_nse": 0.0, "NSE": "ND", "VIVTOT": 17.0, "GRAPROES": 7.93, "_ent": "20", "_mun": "044", "_loc": "0001"}, "geometry": {"type": "Polygon", "coordinates": [[[-95.88027, 18.09388], [-95.88023, 18.09426], [-95.87911, 18.09414], [-95.87909, 18.09376], [-95.88027, 18.09388]]]}}, {"id": "1590861", "type": "Feature", "properties": {"id": "1590861", "CVEGEO": "2004400010214007", "POBTOT": 27.0, "score_nse": 0.0, "NSE": "ND", "VIVTOT": 17.0, "GRAPROES": 6.14, "_ent": "20", "_mun": "044", "_loc": "0001"}, "geometry": {"type": "Polygon", "coordinates": [[[-95.87763, 18.09599], [-95.87694, 18.09642], [-95.87672, 18.0958], [-95.87759, 18.09582], [-95.87763, 18.09599]]]}}, {"id": "1590862", "type": "Feature", "properties": {"id": "1590862", "CVEGEO": "2004400010214009", "POBTOT": 28.0, "score_nse": 33.68, "NSE": "D+", "VIVTOT": 16.0, "GRAPROES": 8.1, "_ent": "20", "_mun": "044", "_loc": "0001"}, "geometry": {"type": "Polygon", "coordinates": [[[-95.87755, 18.09577], [-95.87723, 18.09576], [-95.87683, 18.09447], [-95.87722, 18.0945], [-95.87755, 18.09577]]]}}, {"id": "1590863", "type": "Feature", "properties": {"id": "1590863", "CVEGEO": "2004400010214019", "POBTOT": 74.0, "score_nse": 39.9042, "NSE": "D+", "VIVTOT": 43.0, "GRAPROES": 7.59, "_ent": "20", "_mun": "044", "_loc": "0001"}, "geometry": {"type": "Polygon", "coordinates": [[[-95.88019, 18.09476], [-95.88015, 18.09514], [-95.87793, 18.09628], [-95.87795, 18.09585], [-95.87833, 18.09584], [-95.87796, 18.09578], [-95.87797, 18.09542], [-95.87903, 18.09543], [-95.87904, 18.0951], [-95.87968, 18.09513], [-95.87905, 18.09503], [-95.87907, 18.09466], [-95.88019, 18.09476]]]}}, {"id": "1590864", "type": "Feature", "properties": {"id": "1590864", "CVEGEO": "2004400010252071", "POBTOT": 11.0, "score_nse": 0.0, "NSE": "ND", "VIVTOT": 3.0, "GRAPROES": 8.57, "_ent": "20", "_mun": "044", "_loc": "0001"}, "geometry": {"type": "Polygon", "coordinates": [[[-95.86904, 18.10112], [-95.869, 18.10187], [-95.86862, 18.10185], [-95.86866, 18.10109], [-95.86904, 18.10112]]]}}, {"id": "1590865", "type": "Feature", "properties": {"id": "1590865", "CVEGEO": "200440001045A002", "POBTOT": 32.0, "score_nse": 0.0, "NSE": "ND", "VIVTOT": 15.0, "GRAPROES": 5.37, "_ent": "20", "_mun": "044", "_loc": "0001"}, "geometry": {"type": "Polygon", "coordinates": [[[-95.88587, 18.12245], [-95.8854, 18.12293], [-95.88518, 18.12273], [-95.88567, 18.12225], [-95.88587, 18.12245]]]}}, {"id": "1590866", "type": "Feature", "properties": {"id": "1590866", "CVEGEO": "200440001045A006", "POBTOT": 42.0, "score_nse": 0.0, "NSE": "ND", "VIVTOT": 15.0, "GRAPROES": 6.15, "_ent": "20", "_mun": "044", "_loc": "0001"}, "geometry": {"type": "Polygon", "coordinates": [[[-95.88646, 18.123], [-95.88597, 18.12345], [-95.88574, 18.12324], [-95.88621, 18.12278], [-95.88646, 18.123]]]}}, {"id": "1590867", "type": "Feature", "properties": {"id": "1590867", "CVEGEO": "200440001045A007", "POBTOT": 14.0, "score_nse": 0.0, "NSE": "ND", "VIVTOT": 7.0, "GRAPROES": 6.75, "_ent": "20", "_mun": "044", "_loc": "0001"}, "geometry": {"type": "Polygon", "coordinates": [[[-95.88591, 18.1235], [-95.88562, 18.12378], [-95.88539, 18.12359], [-95.88569, 18.1233], [-95.88591, 18.1235]]]}}, {"id": "1590868", "type": "Feature", "properties": {"id": "1590868", "CVEGEO": "200440001045A008", "POBTOT": 13.0, "score_nse": 0.0, "NSE": "ND", "VIVTOT": 7.0, "GRAPROES": 9.0, "_ent": "20", "_mun": "044", "_loc": "0001"}, "geometry": {"type": "Polygon", "coordinates": [[[-95.88564, 18.12324], [-95.88533, 18.12354], [-95.8851, 18.12335], [-95.88542, 18.12304], [-95.88564, 18.12324]]]}}, {"id": "1590869", "type": "Feature", "properties": {"id": "1590869", "CVEGEO": "200440001045A009", "POBTOT": 28.0, "score_nse": 0.0, "NSE": "ND", "VIVTOT": 12.0, "GRAPROES": 6.75, "_ent": "20", "_mun": "044", "_loc": "0001"}, "geometry": {"type": "Polygon", "coordinates": [[[-95.88535, 18.12298], [-95.88503, 18.12329], [-95.88481, 18.1231], [-95.88513, 18.12278], [-95.88535, 18.12298]]]}}, {"id": "1590870", "type": "Feature", "properties": {"id": "1590870", "CVEGEO": "2004400010341002", "POBTOT": 82.0, "score_nse": 53.3967, "NSE": "C-", "VIVTOT": 24.0, "GRAPROES": 8.27, "_ent": "20", "_mun": "044", "_loc": "0001"}, "geometry": {"type": "Polygon", "coordinates": [[[-95.87169, 18.1154], [-95.87109, 18.11579], [-95.87066, 18.11521], [-95.87084, 18.11464], [-95.8712, 18.11443], [-95.87169, 18.1154]]]}}, {"id": "1590871", "type": "Feature", "properties": {"id": "1590871", "CVEGEO": "2004400010341001", "POBTOT": 97.0, "score_nse": 47.8255, "NSE": "C-", "VIVTOT": 27.0, "GRAPROES": 7.48, "_ent": "20", "_mun": "044", "_loc": "0001"}, "geometry": {"type": "Polygon", "coordinates": [[[-95.8725, 18.11489], [-95.87174, 18.11538], [-95.87126, 18.11439], [-95.87224, 18.1146], [-95.8725, 18.11489]]]}}, {"id": "1590872", "type": "Feature", "properties": {"id": "1590872", "CVEGEO": "2004400010271026", "POBTOT": 34.0, "score_nse": 0.0, "NSE": "ND", "VIVTOT": 8.0, "GRAPROES": 5.71, "_ent": "20", "_mun": "044", "_loc": "0001"}, "geometry": {"type": "Polygon", "coordinates": [[[-95.87816, 18.11822], [-95.87709, 18.11892], [-95.87706, 18.11871], [-95.87707, 18.11894], [-95.87677, 18.11913], [-95.87681, 18.1186], [-95.87748, 18.11745], [-95.87759, 18.11756], [-95.87732, 18.11782], [-95.87761, 18.11759], [-95.87816, 18.11822]]]}}, {"id": "1590873", "type": "Feature", "properties": {"id": "1590873", "CVEGEO": "2004400010271024", "POBTOT": 100.0, "score_nse": 0.0, "NSE": "ND", "VIVTOT": 39.0, "GRAPROES": 5.94, "_ent": "20", "_mun": "044", "_loc": "0001"}, "geometry": {"type": "Polygon", "coordinates": [[[-95.87736, 18.11732], [-95.87697, 18.11759], [-95.87673, 18.11722], [-95.87652, 18.11735], [-95.87671, 18.11729], [-95.87693, 18.11761], [-95.87626, 18.11807], [-95.8756, 18.1172], [-95.87672, 18.11649], [-95.87736, 18.11732]]]}}, {"id": "1590874", "type": "Feature", "properties": {"id": "1590874", "CVEGEO": "2004400010426003", "POBTOT": 15.0, "score_nse": 0.0, "NSE": "ND", "VIVTOT": 7.0, "GRAPROES": 5.7, "_ent": "20", "_mun": "044", "_loc": "0001"}, "geometry": {"type": "Polygon", "coordinates": [[[-95.89185, 18.10829], [-95.89153, 18.10851], [-95.89082, 18.10764], [-95.89114, 18.10744], [-95.89185, 18.10829]]]}}, {"id": "1590875", "type": "Feature", "properties": {"id": "1590875", "CVEGEO": "2004400010426001", "POBTOT": 16.0, "score_nse": 0.0, "NSE": "ND", "VIVTOT": 11.0, "GRAPROES": 5.7, "_ent": "20", "_mun": "044", "_loc": "0001"}, "geometry": {"type": "Polygon", "coordinates": [[[-95.893, 18.10891], [-95.89264, 18.10913], [-95.89195, 18.10831], [-95.8923, 18.10809], [-95.893, 18.10891]]]}}, {"id": "1590876", "type": "Feature", "properties": {"id": "1590876", "CVEGEO": "2004400010411040", "POBTOT": 14.0, "score_nse": 0.0, "NSE": "ND", "VIVTOT": 12.0, "GRAPROES": 6.22, "_ent": "20", "_mun": "044", "_loc": "0001"}, "geometry": {"type": "Polygon", "coordinates": [[[-95.88803, 18.09878], [-95.88746, 18.09986], [-95.88661, 18.09945], [-95.88705, 18.0983], [-95.88763, 18.09857], [-95.8874, 18.09905], [-95.88767, 18.0986], [-95.88803, 18.09878]]]}}, {"id": "1590877", "type": "Feature", "properties": {"id": "1590877", "CVEGEO": "2004400010411018", "POBTOT": 57.0, "score_nse": 0.0, "NSE": "ND", "VIVTOT": 22.0, "GRAPROES": 5.75, "_ent": "20", "_mun": "044", "_loc": "0001"}, "geometry": {"type": "Polygon", "coordinates": [[[-95.89166, 18.10055], [-95.89108, 18.1016], [-95.89073, 18.10142], [-95.89132, 18.10039], [-95.89166, 18.10055]]]}}, {"id": "1590878", "type": "Feature", "properties": {"id": "1590878", "CVEGEO": "2004400010411017", "POBTOT": 26.0, "score_nse": 0.0, "NSE": "ND", "VIVTOT": 17.0, "GRAPROES": 5.94, "_ent": "20", "_mun": "044", "_loc": "0001"}, "geometry": {"type": "Polygon", "coordinates": [[[-95.89448, 18.10191], [-95.89422, 18.1024], [-95.89362, 18.1028], [-95.89421, 18.10178], [-95.89448, 18.10191]]]}}, {"id": "1590879", "type": "Feature", "properties": {"id": "1590879", "CVEGEO": "2004400010411016", "POBTOT": 40.0, "score_nse": 0.0, "NSE": "ND", "VIVTOT": 12.0, "GRAPROES": 7.37, "_ent": "20", "_mun": "044", "_loc": "0001"}, "geometry": {"type": "Polygon", "coordinates": [[[-95.89498, 18.10102], [-95.89454, 18.10185], [-95.89425, 18.10171], [-95.89472, 18.1009], [-95.89498, 18.10102]]]}}, {"id": "1590880", "type": "Feature", "properties": {"id": "1590880", "CVEGEO": "2004400010411015", "POBTOT": 44.0, "score_nse": 0.0, "NSE": "ND", "VIVTOT": 14.0, "GRAPROES": 5.26, "_ent": "20", "_mun": "044", "_loc": "0001"}, "geometry": {"type": "Polygon", "coordinates": [[[-95.89223, 18.0997], [-95.89263, 18.09989], [-95.89211, 18.10071], [-95.89172, 18.10052], [-95.89223, 18.0997]]]}}, {"id": "1590881", "type": "Feature", "properties": {"id": "1590881", "CVEGEO": "2004400010411003", "POBTOT": 57.0, "score_nse": 0.0, "NSE": "ND", "VIVTOT": 20.0, "GRAPROES": 6.81, "_ent": "20", "_mun": "044", "_loc": "0001"}, "geometry": {"type": "Polygon", "coordinates": [[[-95.89307, 18.1001], [-95.89341, 18.10027], [-95.89293, 18.10112], [-95.89256, 18.10093], [-95.89307, 18.1001]]]}}, {"id": "1590882", "type": "Feature", "properties": {"id": "1590882", "CVEGEO": "2004400010411002", "POBTOT": 56.0, "score_nse": 0.0, "NSE": "ND", "VIVTOT": 26.0, "GRAPROES": 4.71, "_ent": "20", "_mun": "044", "_loc": "0001"}, "geometry": {"type": "Polygon", "coordinates": [[[-95.89291, 18.10116], [-95.89232, 18.10221], [-95.89196, 18.10203], [-95.89259, 18.10101], [-95.89291, 18.10116]]]}}, {"id": "1590883", "type": "Feature", "properties": {"id": "1590883", "CVEGEO": "2004400010411001", "POBTOT": 61.0, "score_nse": 0.0, "NSE": "ND", "VIVTOT": 22.0, "GRAPROES": 7.86, "_ent": "20", "_mun": "044", "_loc": "0001"}, "geometry": {"type": "Polygon", "coordinates": [[[-95.89332, 18.10136], [-95.89273, 18.10241], [-95.89238, 18.10223], [-95.89298, 18.1012], [-95.89332, 18.10136]]]}}, {"id": "1590884", "type": "Feature", "properties": {"id": "1590884", "CVEGEO": "2004400010407053", "POBTOT": 10.0, "score_nse": 0.0, "NSE": "ND", "VIVTOT": 3.0, "GRAPROES": 7.5, "_ent": "20", "_mun": "044", "_loc": "0001"}, "geometry": {"type": "Polygon", "coordinates": [[[-95.88804, 18.10354], [-95.88792, 18.10383], [-95.88752, 18.1038], [-95.88774, 18.1034], [-95.88804, 18.10354]]]}}, {"id": "1590885", "type": "Feature", "properties": {"id": "1590885", "CVEGEO": "2004400010407030", "POBTOT": 19.0, "score_nse": 0.0, "NSE": "ND", "VIVTOT": 11.0, "GRAPROES": 8.07, "_ent": "20", "_mun": "044", "_loc": "0001"}, "geometry": {"type": "Polygon", "coordinates": [[[-95.8897, 18.10456], [-95.88954, 18.10487], [-95.88905, 18.10464], [-95.88921, 18.10434], [-95.8897, 18.10456]]]}}, {"id": "1590886", "type": "Feature", "properties": {"id": "1590886", "CVEGEO": "2004400010407016", "POBTOT": 72.0, "score_nse": 0.0, "NSE": "ND", "VIVTOT": 20.0, "GRAPROES": 5.72, "_ent": "20", "_mun": "044", "_loc": "0001"}, "geometry": {"type": "Polygon", "coordinates": [[[-95.88774, 18.10125], [-95.88724, 18.10224], [-95.88689, 18.10207], [-95.8874, 18.10109], [-95.88774, 18.10125]]]}}, {"id": "1590887", "type": "Feature", "properties": {"id": "1590887", "CVEGEO": "2004400010290043", "POBTOT": 1.0, "score_nse": 0.0, "NSE": "ND", "VIVTOT": 2.0, "GRAPROES": 0.0, "_ent": "20", "_mun": "044", "_loc": "0001"}, "geometry": {"type": "Polygon", "coordinates": [[[-95.88431, 18.09637], [-95.88423, 18.09689], [-95.8841, 18.09688], [-95.884, 18.09633], [-95.88431, 18.09637]]]}}, {"id": "1590888", "type": "Feature", "properties": {"id": "1590888", "CVEGEO": "2004400010407015", "POBTOT": 37.0, "score_nse": 0.0, "NSE": "ND", "VIVTOT": 24.0, "GRAPROES": 7.16, "_ent": "20", "_mun": "044", "_loc": "0001"}, "geometry": {"type": "Polygon", "coordinates": [[[-95.89097, 18.1028], [-95.89044, 18.1038], [-95.8901, 18.10363], [-95.89062, 18.10264], [-95.89097, 18.1028]]]}}, {"id": "1590889", "type": "Feature", "properties": {"id": "1590889", "CVEGEO": "2004400010407014", "POBTOT": 60.0, "score_nse": 0.0, "NSE": "ND", "VIVTOT": 25.0, "GRAPROES": 6.52, "_ent": "20", "_mun": "044", "_loc": "0001"}, "geometry": {"type": "Polygon", "coordinates": [[[-95.89137, 18.10299], [-95.89084, 18.104], [-95.89049, 18.10383], [-95.89103, 18.10282], [-95.89137, 18.10299]]]}}, {"id": "1590890", "type": "Feature", "properties": {"id": "1590890", "CVEGEO": "2004400010407013", "POBTOT": 0.0, "score_nse": 0.0, "NSE": "ND", "VIVTOT": 0.0, "GRAPROES": 0.0, "_ent": "20", "_mun": "044", "_loc": "0001"}, "geometry": {"type": "Polygon", "coordinates": [[[-95.89185, 18.10207], [-95.8914, 18.10293], [-95.89068, 18.10258], [-95.89109, 18.10171], [-95.89185, 18.10207]]]}}, {"id": "1590891", "type": "Feature", "properties": {"id": "1590891", "CVEGEO": "2004400010394026", "POBTOT": 28.0, "score_nse": 0.0, "NSE": "ND", "VIVTOT": 8.0, "GRAPROES": 4.9, "_ent": "20", "_mun": "044", "_loc": "0001"}, "geometry": {"type": "Polygon", "coordinates": [[[-95.87878, 18.1199], [-95.87905, 18.11973], [-95.87944, 18.12021], [-95.87927, 18.12055], [-95.87878, 18.1199]]]}}, {"id": "1590892", "type": "Feature", "properties": {"id": "1590892", "CVEGEO": "2004400010394024", "POBTOT": 36.0, "score_nse": 0.0, "NSE": "ND", "VIVTOT": 11.0, "GRAPROES": 6.92, "_ent": "20", "_mun": "044", "_loc": "0001"}, "geometry": {"type": "Polygon", "coordinates": [[[-95.88334, 18.12035], [-95.88239, 18.12103], [-95.88212, 18.12064], [-95.88306, 18.11999], [-95.88334, 18.12035]]]}}, {"id": "1590893", "type": "Feature", "properties": {"id": "1590893", "CVEGEO": "2004400010394023", "POBTOT": 59.0, "score_nse": 0.0, "NSE": "ND", "VIVTOT": 20.0, "GRAPROES": 6.64, "_ent": "20", "_mun": "044", "_loc": "0001"}, "geometry": {"type": "Polygon", "coordinates": [[[-95.88459, 18.11952], [-95.88341, 18.1203], [-95.88314, 18.11994], [-95.88431, 18.11913], [-95.88459, 18.11952]]]}}, {"id": "1590894", "type": "Feature", "properties": {"id": "1590894", "CVEGEO": "2004400010394022", "POBTOT": 89.0, "score_nse": 44.9706, "NSE": "C-", "VIVTOT": 37.0, "GRAPROES": 7.9, "_ent": "20", "_mun": "044", "_loc": "0001"}, "geometry": {"type": "Polygon", "coordinates": [[[-95.88122, 18.11751], [-95.87999, 18.11833], [-95.87944, 18.11754], [-95.88067, 18.11675], [-95.88122, 18.11751]]]}}, {"id": "1590895", "type": "Feature", "properties": {"id": "1590895", "CVEGEO": "2004400010394009", "POBTOT": 10.0, "score_nse": 0.0, "NSE": "ND", "VIVTOT": 4.0, "GRAPROES": 5.67, "_ent": "20", "_mun": "044", "_loc": "0001"}, "geometry": {"type": "Polygon", "coordinates": [[[-95.8817, 18.12012], [-95.88138, 18.12034], [-95.88116, 18.12], [-95.88148, 18.1198], [-95.8817, 18.12012]]]}}, {"id": "1590896", "type": "Feature", "properties": {"id": "1590896", "CVEGEO": "2004400010394007", "POBTOT": 33.0, "score_nse": 0.0, "NSE": "ND", "VIVTOT": 14.0, "GRAPROES": 5.8, "_ent": "20", "_mun": "044", "_loc": "0001"}, "geometry": {"type": "Polygon", "coordinates": [[[-95.88269, 18.11949], [-95.88174, 18.12011], [-95.88152, 18.11978], [-95.88245, 18.11917], [-95.88269, 18.11949]]]}}, {"id": "1590897", "type": "Feature", "properties": {"id": "1590897", "CVEGEO": "200440001038A015", "POBTOT": 75.0, "score_nse": 54.8539, "NSE": "C-", "VIVTOT": 34.0, "GRAPROES": 9.11, "_ent": "20", "_mun": "044", "_loc": "0001"}, "geometry": {"type": "Polygon", "coordinates": [[[-95.88539, 18.11924], [-95.88479, 18.11961], [-95.88383, 18.11827], [-95.88446, 18.11784], [-95.88539, 18.11924]]]}}, {"id": "1590898", "type": "Feature", "properties": {"id": "1590898", "CVEGEO": "200440001038A014", "POBTOT": 38.0, "score_nse": 0.0, "NSE": "ND", "VIVTOT": 10.0, "GRAPROES": 4.81, "_ent": "20", "_mun": "044", "_loc": "0001"}, "geometry": {"type": "Polygon", "coordinates": [[[-95.88546, 18.11835], [-95.88504, 18.1186], [-95.88485, 18.11831], [-95.88526, 18.11805], [-95.88546, 18.11835]]]}}, {"id": "1590899", "type": "Feature", "properties": {"id": "1590899", "CVEGEO": "200440001038A013", "POBTOT": 14.0, "score_nse": 0.0, "NSE": "ND", "VIVTOT": 8.0, "GRAPROES": 5.08, "_ent": "20", "_mun": "044", "_loc": "0001"}, "geometry": {"type": "Polygon", "coordinates": [[[-95.88594, 18.11807], [-95.88553, 18.11831], [-95.88531, 18.11799], [-95.88571, 18.11774], [-95.88594, 18.11807]]]}}, {"id": "1590900", "type": "Feature", "properties": {"id": "1590900", "CVEGEO": "200440001038A012", "POBTOT": 56.0, "score_nse": 0.0, "NSE": "ND", "VIVTOT": 29.0, "GRAPROES": 8.28, "_ent": "20", "_mun": "044", "_loc": "0001"}, "geometry": {"type": "Polygon", "coordinates": [[[-95.88588, 18.11611], [-95.88548, 18.11638], [-95.88473, 18.11531], [-95.88515, 18.11505], [-95.88588, 18.11611]]]}}, {"id": "1590901", "type": "Feature", "properties": {"id": "1590901", "CVEGEO": "200440001038A011", "POBTOT": 94.0, "score_nse": 41.4123, "NSE": "D+", "VIVTOT": 48.0, "GRAPROES": 7.44, "_ent": "20", "_mun": "044", "_loc": "0001"}, "geometry": {"type": "Polygon", "coordinates": [[[-95.8851, 18.115], [-95.88377, 18.11585], [-95.88324, 18.11511], [-95.88454, 18.11423], [-95.8851, 18.115]]]}}, {"id": "1590902", "type": "Feature", "properties": {"id": "1590902", "CVEGEO": "2004400010360007", "POBTOT": 22.0, "score_nse": 0.0, "NSE": "ND", "VIVTOT": 7.0, "GRAPROES": 7.93, "_ent": "20", "_mun": "044", "_loc": "0001"}, "geometry": {"type": "Polygon", "coordinates": [[[-95.8672, 18.11215], [-95.86717, 18.11271], [-95.86685, 18.1127], [-95.86688, 18.11214], [-95.8672, 18.11215]]]}}, {"id": "1590903", "type": "Feature", "properties": {"id": "1590903", "CVEGEO": "2004400010356019", "POBTOT": 20.0, "score_nse": 0.0, "NSE": "ND", "VIVTOT": 9.0, "GRAPROES": 9.86, "_ent": "20", "_mun": "044", "_loc": "0001"}, "geometry": {"type": "Polygon", "coordinates": [[[-95.8685, 18.1153], [-95.86824, 18.1153], [-95.86825, 18.11495], [-95.86851, 18.11495], [-95.8685, 18.1153]]]}}, {"id": "1590904", "type": "Feature", "properties": {"id": "1590904", "CVEGEO": "2004400010356018", "POBTOT": 41.0, "score_nse": 57.2058, "NSE": "C", "VIVTOT": 18.0, "GRAPROES": 9.8, "_ent": "20", "_mun": "044", "_loc": "0001"}, "geometry": {"type": "Polygon", "coordinates": [[[-95.86818, 18.1153], [-95.86754, 18.11528], [-95.86755, 18.11501], [-95.86819, 18.11503], [-95.86818, 18.1153]]]}}, {"id": "1590905", "type": "Feature", "properties": {"id": "1590905", "CVEGEO": "2004400010341028", "POBTOT": 39.0, "score_nse": 0.0, "NSE": "ND", "VIVTOT": 13.0, "GRAPROES": 6.08, "_ent": "20", "_mun": "044", "_loc": "0001"}, "geometry": {"type": "Polygon", "coordinates": [[[-95.87336, 18.11164], [-95.87295, 18.1119], [-95.87229, 18.11093], [-95.87296, 18.11102], [-95.87336, 18.11164]]]}}, {"id": "1590906", "type": "Feature", "properties": {"id": "1590906", "CVEGEO": "2004400010341026", "POBTOT": 59.0, "score_nse": 49.18, "NSE": "C-", "VIVTOT": 25.0, "GRAPROES": 7.48, "_ent": "20", "_mun": "044", "_loc": "0001"}, "geometry": {"type": "Polygon", "coordinates": [[[-95.87222, 18.10997], [-95.87203, 18.1108], [-95.8716, 18.11074], [-95.87184, 18.10951], [-95.87222, 18.10997]]]}}, {"id": "1590907", "type": "Feature", "properties": {"id": "1590907", "CVEGEO": "2004400010341023", "POBTOT": 60.0, "score_nse": 0.0, "NSE": "ND", "VIVTOT": 17.0, "GRAPROES": 7.57, "_ent": "20", "_mun": "044", "_loc": "0001"}, "geometry": {"type": "Polygon", "coordinates": [[[-95.87046, 18.11619], [-95.86997, 18.11651], [-95.86956, 18.11548], [-95.87013, 18.1155], [-95.87046, 18.11619]]]}}, {"id": "1590908", "type": "Feature", "properties": {"id": "1590908", "CVEGEO": "2004400010341022", "POBTOT": 35.0, "score_nse": 0.0, "NSE": "ND", "VIVTOT": 16.0, "GRAPROES": 7.22, "_ent": "20", "_mun": "044", "_loc": "0001"}, "geometry": {"type": "Polygon", "coordinates": [[[-95.87122, 18.11617], [-95.86955, 18.11717], [-95.86942, 18.11697], [-95.87108, 18.11592], [-95.87122, 18.11617]]]}}, {"id": "1590909", "type": "Feature", "properties": {"id": "1590909", "CVEGEO": "2004400010341011", "POBTOT": 54.0, "score_nse": 49.3046, "NSE": "C-", "VIVTOT": 26.0, "GRAPROES": 9.56, "_ent": "20", "_mun": "044", "_loc": "0001"}, "geometry": {"type": "Polygon", "coordinates": [[[-95.87131, 18.11165], [-95.87087, 18.11386], [-95.87118, 18.11433], [-95.86944, 18.11537], [-95.86861, 18.11533], [-95.86861, 18.11496], [-95.86879, 18.11506], [-95.8688, 18.1148], [-95.86862, 18.11492], [-95.86877, 18.11235], [-95.86919, 18.11237], [-95.87131, 18.11165]]]}}, {"id": "1590910", "type": "Feature", "properties": {"id": "1590910", "CVEGEO": "2004400010341010", "POBTOT": 4.0, "score_nse": 0.0, "NSE": "ND", "VIVTOT": 2.0, "GRAPROES": 0.0, "_ent": "20", "_mun": "044", "_loc": "0001"}, "geometry": {"type": "Polygon", "coordinates": [[[-95.87068, 18.11473], [-95.87053, 18.11546], [-95.86954, 18.11542], [-95.87042, 18.11488], [-95.87068, 18.11473]]]}}, {"id": "1590911", "type": "Feature", "properties": {"id": "1590911", "CVEGEO": "2004400010341008", "POBTOT": 15.0, "score_nse": 0.0, "NSE": "ND", "VIVTOT": 6.0, "GRAPROES": 5.57, "_ent": "20", "_mun": "044", "_loc": "0001"}, "geometry": {"type": "Polygon", "coordinates": [[[-95.87171, 18.11551], [-95.87145, 18.11604], [-95.87127, 18.11614], [-95.87113, 18.11588], [-95.87171, 18.11551]]]}}, {"id": "1590912", "type": "Feature", "properties": {"id": "1590912", "CVEGEO": "2004400010318020", "POBTOT": 20.0, "score_nse": 0.0, "NSE": "ND", "VIVTOT": 9.0, "GRAPROES": 7.67, "_ent": "20", "_mun": "044", "_loc": "0001"}, "geometry": {"type": "Polygon", "coordinates": [[[-95.87026, 18.09711], [-95.87023, 18.09746], [-95.86927, 18.09741], [-95.86917, 18.09704], [-95.87026, 18.09711]]]}}, {"id": "1590913", "type": "Feature", "properties": {"id": "1590913", "CVEGEO": "2004400010318019", "POBTOT": 53.0, "score_nse": 0.0, "NSE": "ND", "VIVTOT": 14.0, "GRAPROES": 7.48, "_ent": "20", "_mun": "044", "_loc": "0001"}, "geometry": {"type": "Polygon", "coordinates": [[[-95.87023, 18.09753], [-95.8702, 18.09786], [-95.86938, 18.09781], [-95.86928, 18.09748], [-95.87023, 18.09753]]]}}, {"id": "1590914", "type": "Feature", "properties": {"id": "1590914", "CVEGEO": "2004400010318018", "POBTOT": 43.0, "score_nse": 0.0, "NSE": "ND", "VIVTOT": 15.0, "GRAPROES": 8.34, "_ent": "20", "_mun": "044", "_loc": "0001"}, "geometry": {"type": "Polygon", "coordinates": [[[-95.87018, 18.09795], [-95.87015, 18.09834], [-95.86952, 18.0983], [-95.86941, 18.09789], [-95.87018, 18.09795]]]}}, {"id": "1590915", "type": "Feature", "properties": {"id": "1590915", "CVEGEO": "2004400010318017", "POBTOT": 39.0, "score_nse": 0.0, "NSE": "ND", "VIVTOT": 12.0, "GRAPROES": 8.0, "_ent": "20", "_mun": "044", "_loc": "0001"}, "geometry": {"type": "Polygon", "coordinates": [[[-95.87014, 18.09842], [-95.87011, 18.09882], [-95.86966, 18.09877], [-95.86953, 18.09837], [-95.87014, 18.09842]]]}}, {"id": "1590916", "type": "Feature", "properties": {"id": "1590916", "CVEGEO": "2004400010318016", "POBTOT": 86.0, "score_nse": 40.572, "NSE": "D+", "VIVTOT": 35.0, "GRAPROES": 6.48, "_ent": "20", "_mun": "044", "_loc": "0001"}, "geometry": {"type": "Polygon", "coordinates": [[[-95.87339, 18.09965], [-95.87318, 18.10037], [-95.87143, 18.10023], [-95.8715, 18.09954], [-95.87339, 18.09965]]]}}, {"id": "1590917", "type": "Feature", "properties": {"id": "1590917", "CVEGEO": "2004400010318015", "POBTOT": 110.0, "score_nse": 51.2013, "NSE": "C-", "VIVTOT": 37.0, "GRAPROES": 8.64, "_ent": "20", "_mun": "044", "_loc": "0001"}, "geometry": {"type": "Polygon", "coordinates": [[[-95.87536, 18.09978], [-95.87525, 18.10054], [-95.87327, 18.10038], [-95.8735, 18.09966], [-95.87536, 18.09978]]]}}, {"id": "1590918", "type": "Feature", "properties": {"id": "1590918", "CVEGEO": "2004400010318003", "POBTOT": 32.0, "score_nse": 0.0, "NSE": "ND", "VIVTOT": 10.0, "GRAPROES": 7.14, "_ent": "20", "_mun": "044", "_loc": "0001"}, "geometry": {"type": "Polygon", "coordinates": [[[-95.87243, 18.09809], [-95.87239, 18.0985], [-95.87164, 18.09844], [-95.87168, 18.09805], [-95.87243, 18.09809]]]}}, {"id": "1590919", "type": "Feature", "properties": {"id": "1590919", "CVEGEO": "2004400010303014", "POBTOT": 33.0, "score_nse": 58.2538, "NSE": "C", "VIVTOT": 11.0, "GRAPROES": 9.77, "_ent": "20", "_mun": "044", "_loc": "0001"}, "geometry": {"type": "Polygon", "coordinates": [[[-95.87952, 18.09817], [-95.87859, 18.09811], [-95.87837, 18.09711], [-95.87954, 18.09718], [-95.87952, 18.09817]]]}}, {"id": "1590920", "type": "Feature", "properties": {"id": "1590920", "CVEGEO": "2004400010303013", "POBTOT": 0.0, "score_nse": 10.0, "NSE": "E", "VIVTOT": 2.0, "GRAPROES": 0.0, "_ent": "20", "_mun": "044", "_loc": "0001"}, "geometry": {"type": "Polygon", "coordinates": [[[-95.87849, 18.09817], [-95.87752, 18.09806], [-95.87708, 18.09686], [-95.87795, 18.09651], [-95.87849, 18.09817]]]}}, {"id": "1590921", "type": "Feature", "properties": {"id": "1590921", "CVEGEO": "2004400010303012", "POBTOT": 0.0, "score_nse": 0.0, "NSE": "ND", "VIVTOT": 0.0, "GRAPROES": 0.0, "_ent": "20", "_mun": "044", "_loc": "0001"}, "geometry": {"type": "Polygon", "coordinates": [[[-95.87634, 18.09779], [-95.87629, 18.09824], [-95.87572, 18.09821], [-95.87578, 18.09776], [-95.87634, 18.09779]]]}}, {"id": "1590922", "type": "Feature", "properties": {"id": "1590922", "CVEGEO": "2004400010233047", "POBTOT": 10.0, "score_nse": 0.0, "NSE": "ND", "VIVTOT": 3.0, "GRAPROES": 7.2, "_ent": "20", "_mun": "044", "_loc": "0001"}, "geometry": {"type": "Polygon", "coordinates": [[[-95.89253, 18.10919], [-95.89226, 18.10937], [-95.89203, 18.10909], [-95.89253, 18.10919]]]}}, {"id": "1590923", "type": "Feature", "properties": {"id": "1590923", "CVEGEO": "2004400010233046", "POBTOT": 4.0, "score_nse": 0.0, "NSE": "ND", "VIVTOT": 4.0, "GRAPROES": 0.0, "_ent": "20", "_mun": "044", "_loc": "0001"}, "geometry": {"type": "Polygon", "coordinates": [[[-95.89031, 18.10929], [-95.89006, 18.10945], [-95.88925, 18.10848], [-95.88966, 18.10853], [-95.89031, 18.10929]]]}}, {"id": "1590924", "type": "Feature", "properties": {"id": "1590924", "CVEGEO": "2004400010233045", "POBTOT": 10.0, "score_nse": 0.0, "NSE": "ND", "VIVTOT": 5.0, "GRAPROES": 9.22, "_ent": "20", "_mun": "044", "_loc": "0001"}, "geometry": {"type": "Polygon", "coordinates": [[[-95.89102, 18.11015], [-95.89074, 18.11031], [-95.89009, 18.1095], [-95.89035, 18.10934], [-95.89102, 18.11015]]]}}, {"id": "1590925", "type": "Feature", "properties": {"id": "1590925", "CVEGEO": "2004400010233044", "POBTOT": 22.0, "score_nse": 0.0, "NSE": "ND", "VIVTOT": 9.0, "GRAPROES": 6.44, "_ent": "20", "_mun": "044", "_loc": "0001"}, "geometry": {"type": "Polygon", "coordinates": [[[-95.89219, 18.10942], [-95.89188, 18.10963], [-95.89125, 18.10891], [-95.89189, 18.10907], [-95.89219, 18.10942]]]}}, {"id": "1590926", "type": "Feature", "properties": {"id": "1590926", "CVEGEO": "2004400010233043", "POBTOT": 0.0, "score_nse": 0.0, "NSE": "ND", "VIVTOT": 0.0, "GRAPROES": 0.0, "_ent": "20", "_mun": "044", "_loc": "0001"}, "geometry": {"type": "Polygon", "coordinates": [[[-95.89101, 18.10884], [-95.89074, 18.10902], [-95.89047, 18.10871], [-95.89101, 18.10884]]]}}, {"id": "1590927", "type": "Feature", "properties": {"id": "1590927", "CVEGEO": "2004400010233028", "POBTOT": 51.0, "score_nse": 45.2701, "NSE": "C-", "VIVTOT": 29.0, "GRAPROES": 8.19, "_ent": "20", "_mun": "044", "_loc": "0001"}, "geometry": {"type": "Polygon", "coordinates": [[[-95.88891, 18.11214], [-95.88756, 18.11291], [-95.88734, 18.11261], [-95.88864, 18.11178], [-95.88891, 18.11214]]]}}, {"id": "1590928", "type": "Feature", "properties": {"id": "1590928", "CVEGEO": "2004400010214002", "POBTOT": 0.0, "score_nse": 0.0, "NSE": "ND", "VIVTOT": 0.0, "GRAPROES": 0.0, "_ent": "20", "_mun": "044", "_loc": "0001"}, "geometry": {"type": "Polygon", "coordinates": [[[-95.88903, 18.09004], [-95.88817, 18.09057], [-95.88823, 18.09005], [-95.88903, 18.09004]]]}}, {"id": "1590929", "type": "Feature", "properties": {"id": "1590929", "CVEGEO": "2004400010159033", "POBTOT": 11.0, "score_nse": 70.4371, "NSE": "C+", "VIVTOT": 7.0, "GRAPROES": 11.73, "_ent": "20", "_mun": "044", "_loc": "0001"}, "geometry": {"type": "Polygon", "coordinates": [[[-95.88085, 18.1098], [-95.88075, 18.11064], [-95.88023, 18.11057], [-95.88035, 18.10975], [-95.88085, 18.1098]]]}}, {"id": "1590930", "type": "Feature", "properties": {"id": "1590930", "CVEGEO": "2004400010252066", "POBTOT": 15.0, "score_nse": 0.0, "NSE": "ND", "VIVTOT": 7.0, "GRAPROES": 6.91, "_ent": "20", "_mun": "044", "_loc": "0001"}, "geometry": {"type": "Polygon", "coordinates": [[[-95.86905, 18.10826], [-95.86901, 18.10911], [-95.86856, 18.10903], [-95.86862, 18.10821], [-95.86905, 18.10826]]]}}, {"id": "1590931", "type": "Feature", "properties": {"id": "1590931", "CVEGEO": "2004400010159017", "POBTOT": 158.0, "score_nse": 44.9896, "NSE": "C-", "VIVTOT": 73.0, "GRAPROES": 7.8, "_ent": "20", "_mun": "044", "_loc": "0001"}, "geometry": {"type": "Polygon", "coordinates": [[[-95.88695, 18.10433], [-95.88679, 18.10525], [-95.8847, 18.10497], [-95.8849, 18.10407], [-95.88695, 18.10433]]]}}, {"id": "1590932", "type": "Feature", "properties": {"id": "1590932", "CVEGEO": "2004400010159016", "POBTOT": 12.0, "score_nse": 0.0, "NSE": "ND", "VIVTOT": 4.0, "GRAPROES": 9.11, "_ent": "20", "_mun": "044", "_loc": "0001"}, "geometry": {"type": "Polygon", "coordinates": [[[-95.88475, 18.10414], [-95.88459, 18.10496], [-95.88425, 18.10492], [-95.88475, 18.10414]]]}}, {"id": "1590933", "type": "Feature", "properties": {"id": "1590933", "CVEGEO": "2004400010159015", "POBTOT": 111.0, "score_nse": 56.8227, "NSE": "C", "VIVTOT": 49.0, "GRAPROES": 10.1, "_ent": "20", "_mun": "044", "_loc": "0001"}, "geometry": {"type": "Polygon", "coordinates": [[[-95.8847, 18.10405], [-95.8841, 18.10491], [-95.88264, 18.10471], [-95.88277, 18.10377], [-95.8847, 18.10405]]]}}, {"id": "1590934", "type": "Feature", "properties": {"id": "1590934", "CVEGEO": "2004400010159014", "POBTOT": 74.0, "score_nse": 0.0, "NSE": "ND", "VIVTOT": 38.0, "GRAPROES": 8.77, "_ent": "20", "_mun": "044", "_loc": "0001"}, "geometry": {"type": "Polygon", "coordinates": [[[-95.88405, 18.10498], [-95.88342, 18.10586], [-95.88249, 18.10574], [-95.88262, 18.10482], [-95.88405, 18.10498]]]}}, {"id": "1590935", "type": "Feature", "properties": {"id": "1590935", "CVEGEO": "2004400010144058", "POBTOT": 20.0, "score_nse": 0.0, "NSE": "ND", "VIVTOT": 6.0, "GRAPROES": 7.29, "_ent": "20", "_mun": "044", "_loc": "0001"}, "geometry": {"type": "Polygon", "coordinates": [[[-95.88902, 18.10804], [-95.8892, 18.10843], [-95.8886, 18.10835], [-95.88902, 18.10804]]]}}, {"id": "1590936", "type": "Feature", "properties": {"id": "1590936", "CVEGEO": "2004400010144057", "POBTOT": 30.0, "score_nse": 64.44, "NSE": "C", "VIVTOT": 10.0, "GRAPROES": 9.22, "_ent": "20", "_mun": "044", "_loc": "0001"}, "geometry": {"type": "Polygon", "coordinates": [[[-95.88963, 18.1083], [-95.88931, 18.10839], [-95.88907, 18.10801], [-95.88933, 18.10784], [-95.88963, 18.1083]]]}}, {"id": "1590937", "type": "Feature", "properties": {"id": "1590937", "CVEGEO": "2004400010144043", "POBTOT": 43.0, "score_nse": 0.0, "NSE": "ND", "VIVTOT": 16.0, "GRAPROES": 8.06, "_ent": "20", "_mun": "044", "_loc": "0001"}, "geometry": {"type": "Polygon", "coordinates": [[[-95.89109, 18.10664], [-95.89084, 18.1068], [-95.89043, 18.10617], [-95.89068, 18.10602], [-95.89109, 18.10664]]]}}, {"id": "1590938", "type": "Feature", "properties": {"id": "1590938", "CVEGEO": "2004400010144042", "POBTOT": 43.0, "score_nse": 0.0, "NSE": "ND", "VIVTOT": 14.0, "GRAPROES": 6.94, "_ent": "20", "_mun": "044", "_loc": "0001"}, "geometry": {"type": "Polygon", "coordinates": [[[-95.89035, 18.10615], [-95.89011, 18.1063], [-95.88969, 18.10567], [-95.88994, 18.10552], [-95.89035, 18.10615]]]}}, {"id": "1590939", "type": "Feature", "properties": {"id": "1590939", "CVEGEO": "2004400010144041", "POBTOT": 35.0, "score_nse": 0.0, "NSE": "ND", "VIVTOT": 11.0, "GRAPROES": 6.81, "_ent": "20", "_mun": "044", "_loc": "0001"}, "geometry": {"type": "Polygon", "coordinates": [[[-95.89143, 18.10716], [-95.89117, 18.10733], [-95.89086, 18.10685], [-95.89112, 18.10669], [-95.89143, 18.10716]]]}}, {"id": "1590940", "type": "Feature", "properties": {"id": "1590940", "CVEGEO": "2004400010144040", "POBTOT": 40.0, "score_nse": 0.0, "NSE": "ND", "VIVTOT": 13.0, "GRAPROES": 7.59, "_ent": "20", "_mun": "044", "_loc": "0001"}, "geometry": {"type": "Polygon", "coordinates": [[[-95.89079, 18.10683], [-95.89054, 18.10698], [-95.89012, 18.10636], [-95.89038, 18.1062], [-95.89079, 18.10683]]]}}, {"id": "1590941", "type": "Feature", "properties": {"id": "1590941", "CVEGEO": "2004400010144039", "POBTOT": 43.0, "score_nse": 0.0, "NSE": "ND", "VIVTOT": 14.0, "GRAPROES": 5.62, "_ent": "20", "_mun": "044", "_loc": "0001"}, "geometry": {"type": "Polygon", "coordinates": [[[-95.89006, 18.10633], [-95.8898, 18.10649], [-95.88939, 18.10587], [-95.88965, 18.10571], [-95.89006, 18.10633]]]}}, {"id": "1590942", "type": "Feature", "properties": {"id": "1590942", "CVEGEO": "2004400010144013", "POBTOT": 0.0, "score_nse": 0.0, "NSE": "ND", "VIVTOT": 0.0, "GRAPROES": 0.0, "_ent": "20", "_mun": "044", "_loc": "0001"}, "geometry": {"type": "Polygon", "coordinates": [[[-95.88934, 18.11107], [-95.88854, 18.11141], [-95.88834, 18.11118], [-95.88874, 18.11109], [-95.88934, 18.11107]]]}}, {"id": "1590943", "type": "Feature", "properties": {"id": "1590943", "CVEGEO": "200440001013A038", "POBTOT": 39.0, "score_nse": 0.0, "NSE": "ND", "VIVTOT": 13.0, "GRAPROES": 8.0, "_ent": "20", "_mun": "044", "_loc": "0001"}, "geometry": {"type": "Polygon", "coordinates": [[[-95.87377, 18.1132], [-95.87315, 18.11383], [-95.87287, 18.11343], [-95.87363, 18.11298], [-95.87377, 18.1132]]]}}, {"id": "1590944", "type": "Feature", "properties": {"id": "1590944", "CVEGEO": "200440001013A036", "POBTOT": 0.0, "score_nse": 10.0, "NSE": "E", "VIVTOT": 2.0, "GRAPROES": 0.0, "_ent": "20", "_mun": "044", "_loc": "0001"}, "geometry": {"type": "Polygon", "coordinates": [[[-95.88012, 18.11123], [-95.87968, 18.1115], [-95.87966, 18.11147], [-95.87972, 18.11112], [-95.88012, 18.11123]]]}}, {"id": "1590979", "type": "Feature", "properties": {"id": "1590979", "CVEGEO": "200440001045A005", "POBTOT": 41.0, "score_nse": 0.0, "NSE": "ND", "VIVTOT": 16.0, "GRAPROES": 5.11, "_ent": "20", "_mun": "044", "_loc": "0001"}, "geometry": {"type": "Polygon", "coordinates": [[[-95.88701, 18.12246], [-95.8865, 18.12295], [-95.88626, 18.12273], [-95.88676, 18.12224], [-95.88701, 18.12246]]]}}, {"id": "1590980", "type": "Feature", "properties": {"id": "1590980", "CVEGEO": "2004400010407059", "POBTOT": 6.0, "score_nse": 0.0, "NSE": "ND", "VIVTOT": 2.0, "GRAPROES": 0.0, "_ent": "20", "_mun": "044", "_loc": "0001"}, "geometry": {"type": "Polygon", "coordinates": [[[-95.88726, 18.10315], [-95.88696, 18.10373], [-95.88657, 18.10369], [-95.8869, 18.10299], [-95.88726, 18.10315]]]}}, {"id": "1590981", "type": "Feature", "properties": {"id": "1590981", "CVEGEO": "2004400010407006", "POBTOT": 37.0, "score_nse": 0.0, "NSE": "ND", "VIVTOT": 15.0, "GRAPROES": 5.25, "_ent": "20", "_mun": "044", "_loc": "0001"}, "geometry": {"type": "Polygon", "coordinates": [[[-95.88856, 18.10163], [-95.88803, 18.10263], [-95.8877, 18.10247], [-95.88821, 18.10148], [-95.88856, 18.10163]]]}}, {"id": "1590982", "type": "Feature", "properties": {"id": "1590982", "CVEGEO": "2004400010144008", "POBTOT": 86.0, "score_nse": 0.0, "NSE": "ND", "VIVTOT": 44.0, "GRAPROES": 7.57, "_ent": "20", "_mun": "044", "_loc": "0001"}, "geometry": {"type": "Polygon", "coordinates": [[[-95.88705, 18.11242], [-95.88587, 18.11316], [-95.88531, 18.11236], [-95.88647, 18.11162], [-95.88705, 18.11242]]]}}, {"id": "1590983", "type": "Feature", "properties": {"id": "1590983", "CVEGEO": "2004400010144007", "POBTOT": 55.0, "score_nse": 0.0, "NSE": "ND", "VIVTOT": 27.0, "GRAPROES": 7.87, "_ent": "20", "_mun": "044", "_loc": "0001"}, "geometry": {"type": "Polygon", "coordinates": [[[-95.88812, 18.1111], [-95.88685, 18.11189], [-95.88658, 18.1115], [-95.88784, 18.11071], [-95.88812, 18.1111]]]}}, {"id": "1590984", "type": "Feature", "properties": {"id": "1590984", "CVEGEO": "200440001013A030", "POBTOT": 0.0, "score_nse": 0.0, "NSE": "ND", "VIVTOT": 0.0, "GRAPROES": 0.0, "_ent": "20", "_mun": "044", "_loc": "0001"}, "geometry": {"type": "Polygon", "coordinates": [[[-95.88021, 18.10973], [-95.88011, 18.11049], [-95.87971, 18.11043], [-95.87979, 18.10968], [-95.88021, 18.10973]]]}}, {"id": "1590985", "type": "Feature", "properties": {"id": "1590985", "CVEGEO": "200440001013A029", "POBTOT": 9.0, "score_nse": 0.0, "NSE": "ND", "VIVTOT": 10.0, "GRAPROES": 14.14, "_ent": "20", "_mun": "044", "_loc": "0001"}, "geometry": {"type": "Polygon", "coordinates": [[[-95.87884, 18.11048], [-95.87879, 18.11082], [-95.87823, 18.11073], [-95.87841, 18.11042], [-95.87884, 18.11048]]]}}, {"id": "1590986", "type": "Feature", "properties": {"id": "1590986", "CVEGEO": "2004400010356017", "POBTOT": 61.0, "score_nse": 0.0, "NSE": "ND", "VIVTOT": 17.0, "GRAPROES": 7.98, "_ent": "20", "_mun": "044", "_loc": "0001"}, "geometry": {"type": "Polygon", "coordinates": [[[-95.86851, 18.117], [-95.86836, 18.1171], [-95.86786, 18.1164], [-95.86837, 18.1161], [-95.86851, 18.117]]]}}, {"id": "1590987", "type": "Feature", "properties": {"id": "1590987", "CVEGEO": "2004400010290026", "POBTOT": 30.0, "score_nse": 0.0, "NSE": "ND", "VIVTOT": 11.0, "GRAPROES": 9.16, "_ent": "20", "_mun": "044", "_loc": "0001"}, "geometry": {"type": "Polygon", "coordinates": [[[-95.88579, 18.0949], [-95.88573, 18.09528], [-95.88511, 18.09527], [-95.88517, 18.09489], [-95.88579, 18.0949]]]}}, {"id": "1590988", "type": "Feature", "properties": {"id": "1590988", "CVEGEO": "2004400010407047", "POBTOT": 6.0, "score_nse": 0.0, "NSE": "ND", "VIVTOT": 4.0, "GRAPROES": 0.0, "_ent": "20", "_mun": "044", "_loc": "0001"}, "geometry": {"type": "Polygon", "coordinates": [[[-95.88838, 18.10289], [-95.88808, 18.10348], [-95.88777, 18.10333], [-95.88807, 18.10274], [-95.88838, 18.10289]]]}}, {"id": "1590989", "type": "Feature", "properties": {"id": "1590989", "CVEGEO": "2004400010407005", "POBTOT": 37.0, "score_nse": 0.0, "NSE": "ND", "VIVTOT": 16.0, "GRAPROES": 5.52, "_ent": "20", "_mun": "044", "_loc": "0001"}, "geometry": {"type": "Polygon", "coordinates": [[[-95.88977, 18.10223], [-95.88926, 18.10322], [-95.8889, 18.10305], [-95.88943, 18.10207], [-95.88977, 18.10223]]]}}, {"id": "1590990", "type": "Feature", "properties": {"id": "1590990", "CVEGEO": "2004400010394011", "POBTOT": 33.0, "score_nse": 0.0, "NSE": "ND", "VIVTOT": 21.0, "GRAPROES": 9.68, "_ent": "20", "_mun": "044", "_loc": "0001"}, "geometry": {"type": "Polygon", "coordinates": [[[-95.88151, 18.11791], [-95.88033, 18.11884], [-95.88003, 18.11839], [-95.88128, 18.11759], [-95.88151, 18.11791]]]}}, {"id": "1590991", "type": "Feature", "properties": {"id": "1590991", "CVEGEO": "200440001038A008", "POBTOT": 29.0, "score_nse": 0.0, "NSE": "ND", "VIVTOT": 9.0, "GRAPROES": 5.21, "_ent": "20", "_mun": "044", "_loc": "0001"}, "geometry": {"type": "Polygon", "coordinates": [[[-95.88442, 18.1178], [-95.88402, 18.11805], [-95.88371, 18.1176], [-95.8841, 18.11734], [-95.88442, 18.1178]]]}}, {"id": "1590992", "type": "Feature", "properties": {"id": "1590992", "CVEGEO": "200440001038A007", "POBTOT": 19.0, "score_nse": 0.0, "NSE": "ND", "VIVTOT": 5.0, "GRAPROES": 4.67, "_ent": "20", "_mun": "044", "_loc": "0001"}, "geometry": {"type": "Polygon", "coordinates": [[[-95.88522, 18.11801], [-95.88481, 18.11826], [-95.8845, 18.11782], [-95.88491, 18.11755], [-95.88522, 18.11801]]]}}, {"id": "1590993", "type": "Feature", "properties": {"id": "1590993", "CVEGEO": "2004400010360018", "POBTOT": 48.0, "score_nse": 52.5224, "NSE": "C-", "VIVTOT": 17.0, "GRAPROES": 8.46, "_ent": "20", "_mun": "044", "_loc": "0001"}, "geometry": {"type": "Polygon", "coordinates": [[[-95.86961, 18.10924], [-95.86939, 18.11043], [-95.86896, 18.11037], [-95.8692, 18.10921], [-95.86961, 18.10924]]]}}, {"id": "1590994", "type": "Feature", "properties": {"id": "1590994", "CVEGEO": "2004400010341020", "POBTOT": 97.0, "score_nse": 58.9884, "NSE": "C", "VIVTOT": 37.0, "GRAPROES": 8.97, "_ent": "20", "_mun": "044", "_loc": "0001"}, "geometry": {"type": "Polygon", "coordinates": [[[-95.87405, 18.11264], [-95.87367, 18.11287], [-95.8732, 18.11226], [-95.87363, 18.11289], [-95.87282, 18.11334], [-95.87224, 18.11249], [-95.87343, 18.11174], [-95.87405, 18.11264]]]}}, {"id": "1590995", "type": "Feature", "properties": {"id": "1590995", "CVEGEO": "2004400010341019", "POBTOT": 42.0, "score_nse": 0.0, "NSE": "ND", "VIVTOT": 18.0, "GRAPROES": 7.73, "_ent": "20", "_mun": "044", "_loc": "0001"}, "geometry": {"type": "Polygon", "coordinates": [[[-95.87289, 18.11194], [-95.87218, 18.11239], [-95.87189, 18.11197], [-95.87209, 18.11092], [-95.87289, 18.11194]]]}}, {"id": "1590996", "type": "Feature", "properties": {"id": "1590996", "CVEGEO": "2004400010318013", "POBTOT": 48.0, "score_nse": 0.0, "NSE": "ND", "VIVTOT": 18.0, "GRAPROES": 7.18, "_ent": "20", "_mun": "044", "_loc": "0001"}, "geometry": {"type": "Polygon", "coordinates": [[[-95.87397, 18.09699], [-95.87377, 18.09811], [-95.87252, 18.09801], [-95.87263, 18.09688], [-95.87397, 18.09699]]]}}, {"id": "1590997", "type": "Feature", "properties": {"id": "1590997", "CVEGEO": "2004400010303022", "POBTOT": 127.0, "score_nse": 60.0167, "NSE": "C", "VIVTOT": 44.0, "GRAPROES": 10.04, "_ent": "20", "_mun": "044", "_loc": "0001"}, "geometry": {"type": "Polygon", "coordinates": [[[-95.88058, 18.09924], [-95.88044, 18.10124], [-95.87955, 18.10111], [-95.8796, 18.09917], [-95.88058, 18.09924]]]}}, {"id": "1590998", "type": "Feature", "properties": {"id": "1590998", "CVEGEO": "2004400010303021", "POBTOT": 53.0, "score_nse": 0.0, "NSE": "ND", "VIVTOT": 23.0, "GRAPROES": 7.55, "_ent": "20", "_mun": "044", "_loc": "0001"}, "geometry": {"type": "Polygon", "coordinates": [[[-95.88064, 18.09839], [-95.88058, 18.09912], [-95.8796, 18.09904], [-95.87963, 18.09831], [-95.88064, 18.09839]]]}}, {"id": "1590999", "type": "Feature", "properties": {"id": "1590999", "CVEGEO": "2004400010303002", "POBTOT": 26.0, "score_nse": 0.0, "NSE": "ND", "VIVTOT": 7.0, "GRAPROES": 9.7, "_ent": "20", "_mun": "044", "_loc": "0001"}, "geometry": {"type": "Polygon", "coordinates": [[[-95.87618, 18.09886], [-95.87614, 18.09922], [-95.87557, 18.09919], [-95.87562, 18.09882], [-95.87618, 18.09886]]]}}, {"id": "1591000", "type": "Feature", "properties": {"id": "1591000", "CVEGEO": "2004400010290047", "POBTOT": 23.0, "score_nse": 0.0, "NSE": "ND", "VIVTOT": 8.0, "GRAPROES": 7.53, "_ent": "20", "_mun": "044", "_loc": "0001"}, "geometry": {"type": "Polygon", "coordinates": [[[-95.88222, 18.0941], [-95.88216, 18.09514], [-95.88127, 18.09506], [-95.88128, 18.09466], [-95.88222, 18.0941]]]}}, {"id": "1591001", "type": "Feature", "properties": {"id": "1591001", "CVEGEO": "2004400010290046", "POBTOT": 0.0, "score_nse": 0.0, "NSE": "ND", "VIVTOT": 0.0, "GRAPROES": 0.0, "_ent": "20", "_mun": "044", "_loc": "0001"}, "geometry": {"type": "Polygon", "coordinates": [[[-95.88601, 18.09358], [-95.88587, 18.09435], [-95.88529, 18.09429], [-95.8854, 18.09355], [-95.88601, 18.09358]]]}}, {"id": "1591002", "type": "Feature", "properties": {"id": "1591002", "CVEGEO": "2004400010290035", "POBTOT": 9.0, "score_nse": 0.0, "NSE": "ND", "VIVTOT": 7.0, "GRAPROES": 7.67, "_ent": "20", "_mun": "044", "_loc": "0001"}, "geometry": {"type": "Polygon", "coordinates": [[[-95.88662, 18.0959], [-95.88603, 18.09628], [-95.88564, 18.0964], [-95.88572, 18.09588], [-95.88662, 18.0959]]]}}, {"id": "1591003", "type": "Feature", "properties": {"id": "1591003", "CVEGEO": "2004400010290017", "POBTOT": 33.0, "score_nse": 49.38, "NSE": "C-", "VIVTOT": 14.0, "GRAPROES": 8.35, "_ent": "20", "_mun": "044", "_loc": "0001"}, "geometry": {"type": "Polygon", "coordinates": [[[-95.88202, 18.09616], [-95.88191, 18.09717], [-95.88132, 18.09715], [-95.88139, 18.09609], [-95.88202, 18.09616]]]}}, {"id": "1591004", "type": "Feature", "properties": {"id": "1591004", "CVEGEO": "2004400010286034", "POBTOT": 7.0, "score_nse": 0.0, "NSE": "ND", "VIVTOT": 3.0, "GRAPROES": 0.0, "_ent": "20", "_mun": "044", "_loc": "0001"}, "geometry": {"type": "Polygon", "coordinates": [[[-95.8838, 18.10281], [-95.88372, 18.10324], [-95.88328, 18.10318], [-95.88335, 18.10276], [-95.8838, 18.10281]]]}}, {"id": "1591005", "type": "Feature", "properties": {"id": "1591005", "CVEGEO": "2004400010286032", "POBTOT": 50.0, "score_nse": 47.559, "NSE": "C-", "VIVTOT": 21.0, "GRAPROES": 8.24, "_ent": "20", "_mun": "044", "_loc": "0001"}, "geometry": {"type": "Polygon", "coordinates": [[[-95.88124, 18.09727], [-95.88117, 18.0983], [-95.88078, 18.09827], [-95.88085, 18.09724], [-95.88124, 18.09727]]]}}, {"id": "1591006", "type": "Feature", "properties": {"id": "1591006", "CVEGEO": "2004400010286002", "POBTOT": 0.0, "score_nse": 0.0, "NSE": "ND", "VIVTOT": 0.0, "GRAPROES": 0.0, "_ent": "20", "_mun": "044", "_loc": "0001"}, "geometry": {"type": "Polygon", "coordinates": [[[-95.88328, 18.09859], [-95.88303, 18.10076], [-95.88174, 18.10064], [-95.88205, 18.09849], [-95.88328, 18.09859]]]}}, {"id": "1591007", "type": "Feature", "properties": {"id": "1591007", "CVEGEO": "2004400010286001", "POBTOT": 39.0, "score_nse": 68.7462, "NSE": "C", "VIVTOT": 13.0, "GRAPROES": 10.1, "_ent": "20", "_mun": "044", "_loc": "0001"}, "geometry": {"type": "Polygon", "coordinates": [[[-95.88378, 18.09954], [-95.8836, 18.1008], [-95.88313, 18.10077], [-95.88328, 18.09948], [-95.88378, 18.09954]]]}}, {"id": "1591008", "type": "Feature", "properties": {"id": "1591008", "CVEGEO": "2004400010271015", "POBTOT": 40.0, "score_nse": 0.0, "NSE": "ND", "VIVTOT": 13.0, "GRAPROES": 6.13, "_ent": "20", "_mun": "044", "_loc": "0001"}, "geometry": {"type": "Polygon", "coordinates": [[[-95.87242, 18.11903], [-95.87208, 18.11924], [-95.87154, 18.11851], [-95.87189, 18.11832], [-95.87242, 18.11903]]]}}, {"id": "1591009", "type": "Feature", "properties": {"id": "1591009", "CVEGEO": "2004400010267023", "POBTOT": 86.0, "score_nse": 0.0, "NSE": "ND", "VIVTOT": 38.0, "GRAPROES": 7.97, "_ent": "20", "_mun": "044", "_loc": "0001"}, "geometry": {"type": "Polygon", "coordinates": [[[-95.88312, 18.11504], [-95.88204, 18.11571], [-95.88145, 18.1149], [-95.88252, 18.1142], [-95.88312, 18.11504]]]}}, {"id": "1591010", "type": "Feature", "properties": {"id": "1591010", "CVEGEO": "2004400010267022", "POBTOT": 4.0, "score_nse": 0.0, "NSE": "ND", "VIVTOT": 1.0, "GRAPROES": 0.0, "_ent": "20", "_mun": "044", "_loc": "0001"}, "geometry": {"type": "Polygon", "coordinates": [[[-95.88153, 18.11285], [-95.88151, 18.11298], [-95.88145, 18.1129], [-95.88153, 18.11285]]]}}, {"id": "1591011", "type": "Feature", "properties": {"id": "1591011", "CVEGEO": "2004400010267021", "POBTOT": 2.0, "score_nse": 0.0, "NSE": "ND", "VIVTOT": 1.0, "GRAPROES": 0.0, "_ent": "20", "_mun": "044", "_loc": "0001"}, "geometry": {"type": "Polygon", "coordinates": [[[-95.88146, 18.11276], [-95.88145, 18.11289], [-95.8814, 18.11281], [-95.88146, 18.11276]]]}}, {"id": "1591012", "type": "Feature", "properties": {"id": "1591012", "CVEGEO": "2004400010267006", "POBTOT": 8.0, "score_nse": 0.0, "NSE": "ND", "VIVTOT": 2.0, "GRAPROES": 0.0, "_ent": "20", "_mun": "044", "_loc": "0001"}, "geometry": {"type": "Polygon", "coordinates": [[[-95.88112, 18.11311], [-95.88101, 18.11329], [-95.88096, 18.11321], [-95.88112, 18.11311]]]}}, {"id": "1591013", "type": "Feature", "properties": {"id": "1591013", "CVEGEO": "2004400010252043", "POBTOT": 46.0, "score_nse": 0.0, "NSE": "ND", "VIVTOT": 16.0, "GRAPROES": 8.41, "_ent": "20", "_mun": "044", "_loc": "0001"}, "geometry": {"type": "Polygon", "coordinates": [[[-95.87139, 18.1032], [-95.871, 18.10314], [-95.871, 18.10219], [-95.87139, 18.10224], [-95.87139, 18.1032]]]}}, {"id": "1591014", "type": "Feature", "properties": {"id": "1591014", "CVEGEO": "2004400010252014", "POBTOT": 43.0, "score_nse": 0.0, "NSE": "ND", "VIVTOT": 12.0, "GRAPROES": 8.1, "_ent": "20", "_mun": "044", "_loc": "0001"}, "geometry": {"type": "Polygon", "coordinates": [[[-95.87226, 18.10237], [-95.87212, 18.1033], [-95.87173, 18.10325], [-95.87187, 18.10232], [-95.87226, 18.10237]]]}}, {"id": "1591015", "type": "Feature", "properties": {"id": "1591015", "CVEGEO": "2004400010252012", "POBTOT": 35.0, "score_nse": 49.7394, "NSE": "C-", "VIVTOT": 14.0, "GRAPROES": 7.22, "_ent": "20", "_mun": "044", "_loc": "0001"}, "geometry": {"type": "Polygon", "coordinates": [[[-95.8721, 18.1034], [-95.87196, 18.10432], [-95.87147, 18.10424], [-95.87147, 18.10332], [-95.8721, 18.1034]]]}}, {"id": "1591016", "type": "Feature", "properties": {"id": "1591016", "CVEGEO": "2004400010252003", "POBTOT": 41.0, "score_nse": 59.188, "NSE": "C", "VIVTOT": 17.0, "GRAPROES": 9.64, "_ent": "20", "_mun": "044", "_loc": "0001"}, "geometry": {"type": "Polygon", "coordinates": [[[-95.87259, 18.10348], [-95.87246, 18.10441], [-95.87206, 18.10434], [-95.87219, 18.10343], [-95.87259, 18.10348]]]}}, {"id": "1591017", "type": "Feature", "properties": {"id": "1591017", "CVEGEO": "2004400010252001", "POBTOT": 21.0, "score_nse": 0.0, "NSE": "ND", "VIVTOT": 6.0, "GRAPROES": 6.81, "_ent": "20", "_mun": "044", "_loc": "0001"}, "geometry": {"type": "Polygon", "coordinates": [[[-95.8746, 18.10478], [-95.87447, 18.10568], [-95.87236, 18.10541], [-95.87254, 18.10453], [-95.8746, 18.10478]]]}}, {"id": "1591018", "type": "Feature", "properties": {"id": "1591018", "CVEGEO": "2004400010248036", "POBTOT": 26.0, "score_nse": 57.256, "NSE": "C", "VIVTOT": 13.0, "GRAPROES": 9.6, "_ent": "20", "_mun": "044", "_loc": "0001"}, "geometry": {"type": "Polygon", "coordinates": [[[-95.88414, 18.1071], [-95.88396, 18.10781], [-95.88339, 18.10701], [-95.88414, 18.1071]]]}}, {"id": "1591019", "type": "Feature", "properties": {"id": "1591019", "CVEGEO": "2004400010248035", "POBTOT": 55.0, "score_nse": 0.0, "NSE": "ND", "VIVTOT": 30.0, "GRAPROES": 9.02, "_ent": "20", "_mun": "044", "_loc": "0001"}, "geometry": {"type": "Polygon", "coordinates": [[[-95.88436, 18.10607], [-95.88415, 18.10702], [-95.88333, 18.10691], [-95.8831, 18.10656], [-95.8835, 18.10597], [-95.88436, 18.10607]]]}}, {"id": "1591020", "type": "Feature", "properties": {"id": "1591020", "CVEGEO": "2004400010248020", "POBTOT": 70.0, "score_nse": 62.1225, "NSE": "C", "VIVTOT": 38.0, "GRAPROES": 11.13, "_ent": "20", "_mun": "044", "_loc": "0001"}, "geometry": {"type": "Polygon", "coordinates": [[[-95.87807, 18.10841], [-95.87794, 18.10931], [-95.87616, 18.10907], [-95.87629, 18.10817], [-95.87807, 18.10841]]]}}, {"id": "1591021", "type": "Feature", "properties": {"id": "1591021", "CVEGEO": "2004400010248008", "POBTOT": 18.0, "score_nse": 43.4147, "NSE": "C-", "VIVTOT": 19.0, "GRAPROES": 10.86, "_ent": "20", "_mun": "044", "_loc": "0001"}, "geometry": {"type": "Polygon", "coordinates": [[[-95.88063, 18.107], [-95.88057, 18.10762], [-95.8805, 18.10761], [-95.88034, 18.10706], [-95.88063, 18.107]]]}}, {"id": "1591022", "type": "Feature", "properties": {"id": "1591022", "CVEGEO": "2004400010248007", "POBTOT": 44.0, "score_nse": 0.0, "NSE": "ND", "VIVTOT": 39.0, "GRAPROES": 10.6, "_ent": "20", "_mun": "044", "_loc": "0001"}, "geometry": {"type": "Polygon", "coordinates": [[[-95.88086, 18.10563], [-95.88065, 18.10694], [-95.88034, 18.10705], [-95.87986, 18.10549], [-95.88086, 18.10563]]]}}, {"id": "1591023", "type": "Feature", "properties": {"id": "1591023", "CVEGEO": "2004400010159021", "POBTOT": 53.0, "score_nse": 55.5882, "NSE": "C", "VIVTOT": 33.0, "GRAPROES": 11.17, "_ent": "20", "_mun": "044", "_loc": "0001"}, "geometry": {"type": "Polygon", "coordinates": [[[-95.88192, 18.10892], [-95.88178, 18.1098], [-95.88039, 18.10965], [-95.88054, 18.10874], [-95.88192, 18.10892]]]}}, {"id": "1591024", "type": "Feature", "properties": {"id": "1591024", "CVEGEO": "2004400010159004", "POBTOT": 23.0, "score_nse": 64.848, "NSE": "C", "VIVTOT": 10.0, "GRAPROES": 12.0, "_ent": "20", "_mun": "044", "_loc": "0001"}, "geometry": {"type": "Polygon", "coordinates": [[[-95.887, 18.10699], [-95.88577, 18.10774], [-95.8847, 18.10615], [-95.88658, 18.10639], [-95.887, 18.10699]]]}}, {"id": "1591025", "type": "Feature", "properties": {"id": "1591025", "CVEGEO": "2004400010144029", "POBTOT": 33.0, "score_nse": 0.0, "NSE": "ND", "VIVTOT": 13.0, "GRAPROES": 6.9, "_ent": "20", "_mun": "044", "_loc": "0001"}, "geometry": {"type": "Polygon", "coordinates": [[[-95.89023, 18.10793], [-95.88998, 18.10808], [-95.88967, 18.10761], [-95.88992, 18.10744], [-95.89023, 18.10793]]]}}, {"id": "1591026", "type": "Feature", "properties": {"id": "1591026", "CVEGEO": "2004400010144028", "POBTOT": 28.0, "score_nse": 0.0, "NSE": "ND", "VIVTOT": 11.0, "GRAPROES": 6.9, "_ent": "20", "_mun": "044", "_loc": "0001"}, "geometry": {"type": "Polygon", "coordinates": [[[-95.8896, 18.10759], [-95.88934, 18.10776], [-95.88893, 18.10712], [-95.88919, 18.10696], [-95.8896, 18.10759]]]}}, {"id": "1591027", "type": "Feature", "properties": {"id": "1591027", "CVEGEO": "2004400010144012", "POBTOT": 46.0, "score_nse": 0.0, "NSE": "ND", "VIVTOT": 18.0, "GRAPROES": 5.97, "_ent": "20", "_mun": "044", "_loc": "0001"}, "geometry": {"type": "Polygon", "coordinates": [[[-95.88906, 18.10993], [-95.88887, 18.11008], [-95.88824, 18.10923], [-95.88853, 18.10906], [-95.88906, 18.10993]]]}}, {"id": "1591028", "type": "Feature", "properties": {"id": "1591028", "CVEGEO": "2004400010144011", "POBTOT": 82.0, "score_nse": 0.0, "NSE": "ND", "VIVTOT": 48.0, "GRAPROES": 9.45, "_ent": "20", "_mun": "044", "_loc": "0001"}, "geometry": {"type": "Polygon", "coordinates": [[[-95.88446, 18.11144], [-95.88328, 18.11218], [-95.88271, 18.11135], [-95.88388, 18.11059], [-95.88446, 18.11144]]]}}, {"id": "1591029", "type": "Feature", "properties": {"id": "1591029", "CVEGEO": "200440001013A018", "POBTOT": 77.0, "score_nse": 0.0, "NSE": "ND", "VIVTOT": 46.0, "GRAPROES": 7.39, "_ent": "20", "_mun": "044", "_loc": "0001"}, "geometry": {"type": "Polygon", "coordinates": [[[-95.87602, 18.10917], [-95.8759, 18.10998], [-95.87402, 18.10971], [-95.87413, 18.10892], [-95.87602, 18.10917]]]}}, {"id": "1591030", "type": "Feature", "properties": {"id": "1591030", "CVEGEO": "200440001013A017", "POBTOT": 91.0, "score_nse": 53.7703, "NSE": "C-", "VIVTOT": 37.0, "GRAPROES": 8.9, "_ent": "20", "_mun": "044", "_loc": "0001"}, "geometry": {"type": "Polygon", "coordinates": [[[-95.87466, 18.11082], [-95.87424, 18.11108], [-95.87301, 18.11093], [-95.87286, 18.11071], [-95.87407, 18.10993], [-95.87466, 18.11082]]]}}, {"id": "1591031", "type": "Feature", "properties": {"id": "1591031", "CVEGEO": "200440001013A016", "POBTOT": 25.0, "score_nse": 0.0, "NSE": "ND", "VIVTOT": 10.0, "GRAPROES": 5.42, "_ent": "20", "_mun": "044", "_loc": "0001"}, "geometry": {"type": "Polygon", "coordinates": [[[-95.87409, 18.11118], [-95.87347, 18.11156], [-95.87312, 18.11105], [-95.87409, 18.11118]]]}}, {"id": "1591032", "type": "Feature", "properties": {"id": "1591032", "CVEGEO": "200440001013A005", "POBTOT": 129.0, "score_nse": 55.0743, "NSE": "C", "VIVTOT": 49.0, "GRAPROES": 8.81, "_ent": "20", "_mun": "044", "_loc": "0001"}, "geometry": {"type": "Polygon", "coordinates": [[[-95.87662, 18.11102], [-95.87608, 18.11136], [-95.87506, 18.11122], [-95.87481, 18.11086], [-95.87596, 18.11013], [-95.87662, 18.11102]]]}}, {"id": "1591033", "type": "Feature", "properties": {"id": "1591033", "CVEGEO": "200440001013A004", "POBTOT": 18.0, "score_nse": 0.0, "NSE": "ND", "VIVTOT": 8.0, "GRAPROES": 6.13, "_ent": "20", "_mun": "044", "_loc": "0001"}, "geometry": {"type": "Polygon", "coordinates": [[[-95.87597, 18.11145], [-95.87545, 18.11176], [-95.87515, 18.11133], [-95.87597, 18.11145]]]}}, {"id": "1591035", "type": "Feature", "properties": {"id": "1591035", "CVEGEO": "2004400010252042", "POBTOT": 43.0, "score_nse": 0.0, "NSE": "ND", "VIVTOT": 15.0, "GRAPROES": 8.58, "_ent": "20", "_mun": "044", "_loc": "0001"}, "geometry": {"type": "Polygon", "coordinates": [[[-95.87093, 18.10313], [-95.87054, 18.10309], [-95.87052, 18.10213], [-95.87093, 18.10217], [-95.87093, 18.10313]]]}}, {"id": "1591040", "type": "Feature", "properties": {"id": "1591040", "CVEGEO": "2004400010252037", "POBTOT": 19.0, "score_nse": 0.0, "NSE": "ND", "VIVTOT": 8.0, "GRAPROES": 8.44, "_ent": "20", "_mun": "044", "_loc": "0001"}, "geometry": {"type": "Polygon", "coordinates": [[[-95.87017, 18.10416], [-95.87012, 18.10511], [-95.86975, 18.10506], [-95.8698, 18.10413], [-95.87017, 18.10416]]]}}, {"id": "1591041", "type": "Feature", "properties": {"id": "1591041", "CVEGEO": "2004400010303011", "POBTOT": 21.0, "score_nse": 0.0, "NSE": "ND", "VIVTOT": 9.0, "GRAPROES": 8.69, "_ent": "20", "_mun": "044", "_loc": "0001"}, "geometry": {"type": "Polygon", "coordinates": [[[-95.87566, 18.09776], [-95.8756, 18.09822], [-95.87471, 18.09816], [-95.87479, 18.0977], [-95.87566, 18.09776]]]}}, {"id": "1591042", "type": "Feature", "properties": {"id": "1591042", "CVEGEO": "2004400010290053", "POBTOT": 106.0, "score_nse": 0.0, "NSE": "ND", "VIVTOT": 40.0, "GRAPROES": 5.34, "_ent": "20", "_mun": "044", "_loc": "0001"}, "geometry": {"type": "Polygon", "coordinates": [[[-95.88765, 18.09372], [-95.88757, 18.0945], [-95.88728, 18.09447], [-95.88732, 18.09405], [-95.88723, 18.09446], [-95.88699, 18.09444], [-95.887, 18.09402], [-95.88695, 18.09444], [-95.88668, 18.09442], [-95.88673, 18.09397], [-95.88664, 18.09441], [-95.88653, 18.0944], [-95.88656, 18.09401], [-95.88605, 18.09397], [-95.88611, 18.09359], [-95.88765, 18.09372]]]}}, {"id": "1591043", "type": "Feature", "properties": {"id": "1591043", "CVEGEO": "2004400010290052", "POBTOT": 11.0, "score_nse": 0.0, "NSE": "ND", "VIVTOT": 2.0, "GRAPROES": 0.0, "_ent": "20", "_mun": "044", "_loc": "0001"}, "geometry": {"type": "Polygon", "coordinates": [[[-95.88783, 18.09092], [-95.88793, 18.09114], [-95.88767, 18.09364], [-95.88612, 18.09352], [-95.88617, 18.0931], [-95.88494, 18.09301], [-95.88488, 18.09283], [-95.886, 18.0921], [-95.88615, 18.09214], [-95.88603, 18.09195], [-95.88783, 18.09092]]]}}, {"id": "1591044", "type": "Feature", "properties": {"id": "1591044", "CVEGEO": "2004400010303016", "POBTOT": 29.0, "score_nse": 60.0609, "NSE": "C", "VIVTOT": 13.0, "GRAPROES": 9.52, "_ent": "20", "_mun": "044", "_loc": "0001"}, "geometry": {"type": "Polygon", "coordinates": [[[-95.87827, 18.10096], [-95.87732, 18.10084], [-95.87744, 18.09999], [-95.87796, 18.10003], [-95.87827, 18.10096]]]}}, {"id": "1591045", "type": "Feature", "properties": {"id": "1591045", "CVEGEO": "2004400010290028", "POBTOT": 11.0, "score_nse": 0.0, "NSE": "ND", "VIVTOT": 7.0, "GRAPROES": 6.22, "_ent": "20", "_mun": "044", "_loc": "0001"}, "geometry": {"type": "Polygon", "coordinates": [[[-95.88563, 18.09587], [-95.88555, 18.09639], [-95.88494, 18.09634], [-95.88502, 18.09585], [-95.88563, 18.09587]]]}}, {"id": "1591046", "type": "Feature", "properties": {"id": "1591046", "CVEGEO": "2004400010290027", "POBTOT": 33.0, "score_nse": 0.0, "NSE": "ND", "VIVTOT": 8.0, "GRAPROES": 10.57, "_ent": "20", "_mun": "044", "_loc": "0001"}, "geometry": {"type": "Polygon", "coordinates": [[[-95.88569, 18.09535], [-95.88564, 18.0958], [-95.88504, 18.09578], [-95.88511, 18.09534], [-95.88569, 18.09535]]]}}, {"id": "1591047", "type": "Feature", "properties": {"id": "1591047", "CVEGEO": "2004400010290012", "POBTOT": 14.0, "score_nse": 0.0, "NSE": "ND", "VIVTOT": 6.0, "GRAPROES": 11.2, "_ent": "20", "_mun": "044", "_loc": "0001"}, "geometry": {"type": "Polygon", "coordinates": [[[-95.88456, 18.09487], [-95.8845, 18.09524], [-95.88371, 18.09522], [-95.88374, 18.09484], [-95.88456, 18.09487]]]}}, {"id": "1591048", "type": "Feature", "properties": {"id": "1591048", "CVEGEO": "2004400010290011", "POBTOT": 19.0, "score_nse": 0.0, "NSE": "ND", "VIVTOT": 11.0, "GRAPROES": 5.65, "_ent": "20", "_mun": "044", "_loc": "0001"}, "geometry": {"type": "Polygon", "coordinates": [[[-95.88363, 18.09484], [-95.88359, 18.09527], [-95.88298, 18.0952], [-95.883, 18.09481], [-95.88363, 18.09484]]]}}, {"id": "1591049", "type": "Feature", "properties": {"id": "1591049", "CVEGEO": "2004400010290009", "POBTOT": 47.0, "score_nse": 0.0, "NSE": "ND", "VIVTOT": 16.0, "GRAPROES": 8.67, "_ent": "20", "_mun": "044", "_loc": "0001"}, "geometry": {"type": "Polygon", "coordinates": [[[-95.88281, 18.09621], [-95.88268, 18.0972], [-95.88199, 18.09717], [-95.88209, 18.09615], [-95.88281, 18.09621]]]}}, {"id": "1591050", "type": "Feature", "properties": {"id": "1591050", "CVEGEO": "2004400010286020", "POBTOT": 22.0, "score_nse": 59.1733, "NSE": "C", "VIVTOT": 12.0, "GRAPROES": 11.86, "_ent": "20", "_mun": "044", "_loc": "0001"}, "geometry": {"type": "Polygon", "coordinates": [[[-95.88439, 18.10192], [-95.88424, 18.10273], [-95.88392, 18.10271], [-95.88404, 18.10187], [-95.88439, 18.10192]]]}}, {"id": "1591051", "type": "Feature", "properties": {"id": "1591051", "CVEGEO": "2004400010286009", "POBTOT": 52.0, "score_nse": 46.7073, "NSE": "C-", "VIVTOT": 22.0, "GRAPROES": 7.51, "_ent": "20", "_mun": "044", "_loc": "0001"}, "geometry": {"type": "Polygon", "coordinates": [[[-95.8826, 18.10079], [-95.88252, 18.10154], [-95.88163, 18.10143], [-95.88173, 18.10071], [-95.8826, 18.10079]]]}}, {"id": "1591052", "type": "Feature", "properties": {"id": "1591052", "CVEGEO": "2004400010286008", "POBTOT": 20.0, "score_nse": 0.0, "NSE": "ND", "VIVTOT": 10.0, "GRAPROES": 10.88, "_ent": "20", "_mun": "044", "_loc": "0001"}, "geometry": {"type": "Polygon", "coordinates": [[[-95.88303, 18.10083], [-95.88295, 18.1016], [-95.88258, 18.10155], [-95.88266, 18.1008], [-95.88303, 18.10083]]]}}, {"id": "1591053", "type": "Feature", "properties": {"id": "1591053", "CVEGEO": "2004400010286007", "POBTOT": 34.0, "score_nse": 0.0, "NSE": "ND", "VIVTOT": 14.0, "GRAPROES": 7.0, "_ent": "20", "_mun": "044", "_loc": "0001"}, "geometry": {"type": "Polygon", "coordinates": [[[-95.88358, 18.10088], [-95.88346, 18.10167], [-95.88305, 18.10161], [-95.88313, 18.10085], [-95.88358, 18.10088]]]}}, {"id": "1591054", "type": "Feature", "properties": {"id": "1591054", "CVEGEO": "2004400010271018", "POBTOT": 48.0, "score_nse": 0.0, "NSE": "ND", "VIVTOT": 26.0, "GRAPROES": 9.1, "_ent": "20", "_mun": "044", "_loc": "0001"}, "geometry": {"type": "Polygon", "coordinates": [[[-95.87543, 18.11715], [-95.87461, 18.11767], [-95.87407, 18.11691], [-95.8749, 18.11636], [-95.87543, 18.11715]]]}}, {"id": "1591055", "type": "Feature", "properties": {"id": "1591055", "CVEGEO": "2004400010271005", "POBTOT": 24.0, "score_nse": 0.0, "NSE": "ND", "VIVTOT": 6.0, "GRAPROES": 7.37, "_ent": "20", "_mun": "044", "_loc": "0001"}, "geometry": {"type": "Polygon", "coordinates": [[[-95.87334, 18.11721], [-95.87316, 18.11732], [-95.87271, 18.11642], [-95.87274, 18.1164], [-95.87334, 18.11721]]]}}, {"id": "1591056", "type": "Feature", "properties": {"id": "1591056", "CVEGEO": "2004400010271004", "POBTOT": 16.0, "score_nse": 0.0, "NSE": "ND", "VIVTOT": 7.0, "GRAPROES": 7.75, "_ent": "20", "_mun": "044", "_loc": "0001"}, "geometry": {"type": "Polygon", "coordinates": [[[-95.87313, 18.11733], [-95.873, 18.11742], [-95.87241, 18.1166], [-95.87266, 18.11645], [-95.87313, 18.11733]]]}}, {"id": "1591057", "type": "Feature", "properties": {"id": "1591057", "CVEGEO": "2004400010271003", "POBTOT": 35.0, "score_nse": 0.0, "NSE": "ND", "VIVTOT": 15.0, "GRAPROES": 6.73, "_ent": "20", "_mun": "044", "_loc": "0001"}, "geometry": {"type": "Polygon", "coordinates": [[[-95.87296, 18.11744], [-95.87263, 18.11765], [-95.87203, 18.11682], [-95.87238, 18.11662], [-95.87296, 18.11744]]]}}, {"id": "1591058", "type": "Feature", "properties": {"id": "1591058", "CVEGEO": "2004400010271002", "POBTOT": 59.0, "score_nse": 0.0, "NSE": "ND", "VIVTOT": 17.0, "GRAPROES": 6.1, "_ent": "20", "_mun": "044", "_loc": "0001"}, "geometry": {"type": "Polygon", "coordinates": [[[-95.87357, 18.1183], [-95.87324, 18.1185], [-95.8727, 18.11777], [-95.87304, 18.11756], [-95.87357, 18.1183]]]}}, {"id": "1591059", "type": "Feature", "properties": {"id": "1591059", "CVEGEO": "2004400010271001", "POBTOT": 6.0, "score_nse": 0.0, "NSE": "ND", "VIVTOT": 6.0, "GRAPROES": 5.6, "_ent": "20", "_mun": "044", "_loc": "0001"}, "geometry": {"type": "Polygon", "coordinates": [[[-95.87374, 18.11819], [-95.87361, 18.11827], [-95.87308, 18.11754], [-95.87322, 18.11745], [-95.87374, 18.11819]]]}}, {"id": "1591060", "type": "Feature", "properties": {"id": "1591060", "CVEGEO": "2004400010267034", "POBTOT": 3.0, "score_nse": 0.0, "NSE": "ND", "VIVTOT": 1.0, "GRAPROES": 0.0, "_ent": "20", "_mun": "044", "_loc": "0001"}, "geometry": {"type": "Polygon", "coordinates": [[[-95.88152, 18.11259], [-95.88157, 18.1128], [-95.88146, 18.11263], [-95.88152, 18.11259]]]}}, {"id": "1591061", "type": "Feature", "properties": {"id": "1591061", "CVEGEO": "2004400010267015", "POBTOT": 61.0, "score_nse": 45.9847, "NSE": "C-", "VIVTOT": 34.0, "GRAPROES": 8.33, "_ent": "20", "_mun": "044", "_loc": "0001"}, "geometry": {"type": "Polygon", "coordinates": [[[-95.88238, 18.11408], [-95.88136, 18.11477], [-95.88078, 18.11395], [-95.88183, 18.11328], [-95.88238, 18.11408]]]}}, {"id": "1591062", "type": "Feature", "properties": {"id": "1591062", "CVEGEO": "2004400010267014", "POBTOT": 16.0, "score_nse": 0.0, "NSE": "ND", "VIVTOT": 8.0, "GRAPROES": 5.21, "_ent": "20", "_mun": "044", "_loc": "0001"}, "geometry": {"type": "Polygon", "coordinates": [[[-95.88143, 18.11291], [-95.8812, 18.11317], [-95.88115, 18.1131], [-95.88143, 18.11291]]]}}, {"id": "1591063", "type": "Feature", "properties": {"id": "1591063", "CVEGEO": "2004400010252068", "POBTOT": 20.0, "score_nse": 0.0, "NSE": "ND", "VIVTOT": 10.0, "GRAPROES": 9.33, "_ent": "20", "_mun": "044", "_loc": "0001"}, "geometry": {"type": "Polygon", "coordinates": [[[-95.86973, 18.10402], [-95.86935, 18.10399], [-95.86938, 18.10307], [-95.86974, 18.1031], [-95.86973, 18.10402]]]}}, {"id": "1591064", "type": "Feature", "properties": {"id": "1591064", "CVEGEO": "2004400010252067", "POBTOT": 23.0, "score_nse": 37.1569, "NSE": "D+", "VIVTOT": 9.0, "GRAPROES": 6.21, "_ent": "20", "_mun": "044", "_loc": "0001"}, "geometry": {"type": "Polygon", "coordinates": [[[-95.86877, 18.10502], [-95.86869, 18.10615], [-95.86834, 18.10612], [-95.86842, 18.10497], [-95.86877, 18.10502]]]}}, {"id": "1591065", "type": "Feature", "properties": {"id": "1591065", "CVEGEO": "2004400010426011", "POBTOT": 28.0, "score_nse": 0.0, "NSE": "ND", "VIVTOT": 10.0, "GRAPROES": 6.65, "_ent": "20", "_mun": "044", "_loc": "0001"}, "geometry": {"type": "Polygon", "coordinates": [[[-95.89146, 18.10856], [-95.89113, 18.10877], [-95.89041, 18.1079], [-95.89076, 18.10767], [-95.89146, 18.10856]]]}}, {"id": "1591066", "type": "Feature", "properties": {"id": "1591066", "CVEGEO": "2004400010252065", "POBTOT": 21.0, "score_nse": 0.0, "NSE": "ND", "VIVTOT": 8.0, "GRAPROES": 8.25, "_ent": "20", "_mun": "044", "_loc": "0001"}, "geometry": {"type": "Polygon", "coordinates": [[[-95.8696, 18.1083], [-95.86955, 18.10916], [-95.8691, 18.10912], [-95.86913, 18.10827], [-95.8696, 18.1083]]]}}, {"id": "1591067", "type": "Feature", "properties": {"id": "1591067", "CVEGEO": "2004400010252028", "POBTOT": 11.0, "score_nse": 0.0, "NSE": "ND", "VIVTOT": 4.0, "GRAPROES": 8.38, "_ent": "20", "_mun": "044", "_loc": "0001"}, "geometry": {"type": "Polygon", "coordinates": [[[-95.87217, 18.10762], [-95.87196, 18.10852], [-95.87177, 18.1085], [-95.87195, 18.10759], [-95.87217, 18.10762]]]}}, {"id": "1591068", "type": "Feature", "properties": {"id": "1591068", "CVEGEO": "2004400010252027", "POBTOT": 98.0, "score_nse": 0.0, "NSE": "ND", "VIVTOT": 44.0, "GRAPROES": 8.25, "_ent": "20", "_mun": "044", "_loc": "0001"}, "geometry": {"type": "Polygon", "coordinates": [[[-95.87415, 18.10788], [-95.87402, 18.10879], [-95.87203, 18.10853], [-95.87222, 18.10762], [-95.87415, 18.10788]]]}}, {"id": "1591069", "type": "Feature", "properties": {"id": "1591069", "CVEGEO": "2004400010252026", "POBTOT": 103.0, "score_nse": 65.1031, "NSE": "C", "VIVTOT": 36.0, "GRAPROES": 11.14, "_ent": "20", "_mun": "044", "_loc": "0001"}, "geometry": {"type": "Polygon", "coordinates": [[[-95.87616, 18.10816], [-95.87602, 18.10905], [-95.87414, 18.1088], [-95.87427, 18.10789], [-95.87616, 18.10816]]]}}, {"id": "1591070", "type": "Feature", "properties": {"id": "1591070", "CVEGEO": "2004400010252025", "POBTOT": 17.0, "score_nse": 0.0, "NSE": "ND", "VIVTOT": 5.0, "GRAPROES": 7.77, "_ent": "20", "_mun": "044", "_loc": "0001"}, "geometry": {"type": "Polygon", "coordinates": [[[-95.87283, 18.10184], [-95.87277, 18.10234], [-95.87237, 18.10228], [-95.87243, 18.10181], [-95.87283, 18.10184]]]}}, {"id": "1591071", "type": "Feature", "properties": {"id": "1591071", "CVEGEO": "2004400010252024", "POBTOT": 21.0, "score_nse": 0.0, "NSE": "ND", "VIVTOT": 9.0, "GRAPROES": 4.93, "_ent": "20", "_mun": "044", "_loc": "0001"}, "geometry": {"type": "Polygon", "coordinates": [[[-95.87234, 18.1018], [-95.87229, 18.10227], [-95.87188, 18.10222], [-95.87194, 18.10175], [-95.87234, 18.1018]]]}}, {"id": "1591072", "type": "Feature", "properties": {"id": "1591072", "CVEGEO": "2004400010252023", "POBTOT": 10.0, "score_nse": 0.0, "NSE": "ND", "VIVTOT": 7.0, "GRAPROES": 10.9, "_ent": "20", "_mun": "044", "_loc": "0001"}, "geometry": {"type": "Polygon", "coordinates": [[[-95.87187, 18.10175], [-95.87182, 18.10221], [-95.87147, 18.10216], [-95.87147, 18.1017], [-95.87187, 18.10175]]]}}, {"id": "1591073", "type": "Feature", "properties": {"id": "1591073", "CVEGEO": "2004400010252005", "POBTOT": 127.0, "score_nse": 41.9436, "NSE": "D+", "VIVTOT": 55.0, "GRAPROES": 8.21, "_ent": "20", "_mun": "044", "_loc": "0001"}, "geometry": {"type": "Polygon", "coordinates": [[[-95.87488, 18.10377], [-95.87678, 18.10403], [-95.87665, 18.10496], [-95.87474, 18.1047], [-95.87488, 18.10377]]]}}, {"id": "1591074", "type": "Feature", "properties": {"id": "1591074", "CVEGEO": "2004400010248028", "POBTOT": 86.0, "score_nse": 0.0, "NSE": "ND", "VIVTOT": 27.0, "GRAPROES": 8.39, "_ent": "20", "_mun": "044", "_loc": "0001"}, "geometry": {"type": "Polygon", "coordinates": [[[-95.8786, 18.10207], [-95.87718, 18.10187], [-95.87731, 18.10096], [-95.87828, 18.10107], [-95.8786, 18.10207]]]}}, {"id": "1591075", "type": "Feature", "properties": {"id": "1591075", "CVEGEO": "2004400010248027", "POBTOT": 21.0, "score_nse": 0.0, "NSE": "ND", "VIVTOT": 11.0, "GRAPROES": 9.22, "_ent": "20", "_mun": "044", "_loc": "0001"}, "geometry": {"type": "Polygon", "coordinates": [[[-95.88269, 18.10693], [-95.88226, 18.10752], [-95.88222, 18.10752], [-95.88232, 18.10687], [-95.88269, 18.10693]]]}}, {"id": "1591076", "type": "Feature", "properties": {"id": "1591076", "CVEGEO": "2004400010248026", "POBTOT": 28.0, "score_nse": 0.0, "NSE": "ND", "VIVTOT": 16.0, "GRAPROES": 6.32, "_ent": "20", "_mun": "044", "_loc": "0001"}, "geometry": {"type": "Polygon", "coordinates": [[[-95.88295, 18.10656], [-95.88277, 18.10682], [-95.88233, 18.10677], [-95.88246, 18.10584], [-95.88295, 18.10656]]]}}, {"id": "1591077", "type": "Feature", "properties": {"id": "1591077", "CVEGEO": "2004400010248025", "POBTOT": 52.0, "score_nse": 49.4073, "NSE": "C-", "VIVTOT": 22.0, "GRAPROES": 9.74, "_ent": "20", "_mun": "044", "_loc": "0001"}, "geometry": {"type": "Polygon", "coordinates": [[[-95.87878, 18.10264], [-95.8771, 18.10239], [-95.87716, 18.10198], [-95.87864, 18.10221], [-95.87878, 18.10264]]]}}, {"id": "1591078", "type": "Feature", "properties": {"id": "1591078", "CVEGEO": "2004400010248024", "POBTOT": 33.0, "score_nse": 43.9137, "NSE": "C-", "VIVTOT": 37.0, "GRAPROES": 10.48, "_ent": "20", "_mun": "044", "_loc": "0001"}, "geometry": {"type": "Polygon", "coordinates": [[[-95.88221, 18.10686], [-95.88208, 18.10772], [-95.88205, 18.10771], [-95.88138, 18.10675], [-95.88221, 18.10686]]]}}, {"id": "1591079", "type": "Feature", "properties": {"id": "1591079", "CVEGEO": "2004400010248023", "POBTOT": 68.0, "score_nse": 0.0, "NSE": "ND", "VIVTOT": 44.0, "GRAPROES": 10.43, "_ent": "20", "_mun": "044", "_loc": "0001"}, "geometry": {"type": "Polygon", "coordinates": [[[-95.88235, 18.10583], [-95.88223, 18.10675], [-95.88129, 18.10662], [-95.88094, 18.10612], [-95.88101, 18.10566], [-95.88235, 18.10583]]]}}, {"id": "1591080", "type": "Feature", "properties": {"id": "1591080", "CVEGEO": "2004400010233049", "POBTOT": 8.0, "score_nse": 0.0, "NSE": "ND", "VIVTOT": 2.0, "GRAPROES": 0.0, "_ent": "20", "_mun": "044", "_loc": "0001"}, "geometry": {"type": "Polygon", "coordinates": [[[-95.88724, 18.11806], [-95.88686, 18.1183], [-95.88667, 18.11805], [-95.88707, 18.1178], [-95.88724, 18.11806]]]}}, {"id": "1591082", "type": "Feature", "properties": {"id": "1591082", "CVEGEO": "2004400010407004", "POBTOT": 23.0, "score_nse": 0.0, "NSE": "ND", "VIVTOT": 7.0, "GRAPROES": 5.74, "_ent": "20", "_mun": "044", "_loc": "0001"}, "geometry": {"type": "Polygon", "coordinates": [[[-95.88985, 18.10111], [-95.88939, 18.10196], [-95.88905, 18.10179], [-95.8895, 18.10094], [-95.88985, 18.10111]]]}}, {"id": "1591084", "type": "Feature", "properties": {"id": "1591084", "CVEGEO": "200440001038A020", "POBTOT": 26.0, "score_nse": 0.0, "NSE": "ND", "VIVTOT": 9.0, "GRAPROES": 6.27, "_ent": "20", "_mun": "044", "_loc": "0001"}, "geometry": {"type": "Polygon", "coordinates": [[[-95.88588, 18.11891], [-95.88545, 18.11919], [-95.88509, 18.11867], [-95.88551, 18.1184], [-95.88588, 18.11891]]]}}, {"id": "1591085", "type": "Feature", "properties": {"id": "1591085", "CVEGEO": "200440001038A019", "POBTOT": 24.0, "score_nse": 0.0, "NSE": "ND", "VIVTOT": 7.0, "GRAPROES": 8.88, "_ent": "20", "_mun": "044", "_loc": "0001"}, "geometry": {"type": "Polygon", "coordinates": [[[-95.88633, 18.11862], [-95.88594, 18.11887], [-95.88556, 18.11836], [-95.88598, 18.11811], [-95.88633, 18.11862]]]}}, {"id": "1591087", "type": "Feature", "properties": {"id": "1591087", "CVEGEO": "200440001045A003", "POBTOT": 44.0, "score_nse": 0.0, "NSE": "ND", "VIVTOT": 16.0, "GRAPROES": 5.39, "_ent": "20", "_mun": "044", "_loc": "0001"}, "geometry": {"type": "Polygon", "coordinates": [[[-95.88643, 18.12193], [-95.88592, 18.1224], [-95.88572, 18.12221], [-95.8862, 18.12171], [-95.88643, 18.12193]]]}}, {"id": "1591088", "type": "Feature", "properties": {"id": "1591088", "CVEGEO": "2004400010252075", "POBTOT": 32.0, "score_nse": 0.0, "NSE": "ND", "VIVTOT": 10.0, "GRAPROES": 7.0, "_ent": "20", "_mun": "044", "_loc": "0001"}, "geometry": {"type": "Polygon", "coordinates": [[[-95.86813, 18.10292], [-95.86779, 18.10291], [-95.8678, 18.10183], [-95.86817, 18.10186], [-95.86813, 18.10292]]]}}, {"id": "1591089", "type": "Feature", "properties": {"id": "1591089", "CVEGEO": "200440001038A017", "POBTOT": 17.0, "score_nse": 55.8391, "NSE": "C", "VIVTOT": 9.0, "GRAPROES": 8.85, "_ent": "20", "_mun": "044", "_loc": "0001"}, "geometry": {"type": "Polygon", "coordinates": [[[-95.88363, 18.11757], [-95.88342, 18.1177], [-95.88268, 18.11665], [-95.88289, 18.11652], [-95.88363, 18.11757]]]}}, {"id": "1591090", "type": "Feature", "properties": {"id": "1591090", "CVEGEO": "2004400010430008", "POBTOT": 23.0, "score_nse": 0.0, "NSE": "ND", "VIVTOT": 7.0, "GRAPROES": 6.43, "_ent": "20", "_mun": "044", "_loc": "0001"}, "geometry": {"type": "Polygon", "coordinates": [[[-95.86799, 18.10489], [-95.86791, 18.10608], [-95.86765, 18.10605], [-95.86768, 18.10485], [-95.86799, 18.10489]]]}}, {"id": "1591091", "type": "Feature", "properties": {"id": "1591091", "CVEGEO": "2004400010144047", "POBTOT": 55.0, "score_nse": 0.0, "NSE": "ND", "VIVTOT": 14.0, "GRAPROES": 5.49, "_ent": "20", "_mun": "044", "_loc": "0001"}, "geometry": {"type": "Polygon", "coordinates": [[[-95.89096, 18.10577], [-95.89071, 18.10592], [-95.89028, 18.10529], [-95.89053, 18.10513], [-95.89096, 18.10577]]]}}, {"id": "1591092", "type": "Feature", "properties": {"id": "1591092", "CVEGEO": "2004400010303020", "POBTOT": 17.0, "score_nse": 0.0, "NSE": "ND", "VIVTOT": 9.0, "GRAPROES": 8.21, "_ent": "20", "_mun": "044", "_loc": "0001"}, "geometry": {"type": "Polygon", "coordinates": [[[-95.88017, 18.09719], [-95.88011, 18.0982], [-95.87963, 18.09817], [-95.87965, 18.09717], [-95.88017, 18.09719]]]}}, {"id": "1591094", "type": "Feature", "properties": {"id": "1591094", "CVEGEO": "2004400010318014", "POBTOT": 0.0, "score_nse": 0.0, "NSE": "ND", "VIVTOT": 0.0, "GRAPROES": 0.0, "_ent": "20", "_mun": "044", "_loc": "0001"}, "geometry": {"type": "Polygon", "coordinates": [[[-95.8747, 18.0977], [-95.87462, 18.09816], [-95.87384, 18.09811], [-95.87393, 18.09765], [-95.8747, 18.0977]]]}}, {"id": "1591095", "type": "Feature", "properties": {"id": "1591095", "CVEGEO": "2004400010286021", "POBTOT": 28.0, "score_nse": 0.0, "NSE": "ND", "VIVTOT": 10.0, "GRAPROES": 8.39, "_ent": "20", "_mun": "044", "_loc": "0001"}, "geometry": {"type": "Polygon", "coordinates": [[[-95.88394, 18.10186], [-95.88381, 18.10268], [-95.88339, 18.10265], [-95.88352, 18.10181], [-95.88394, 18.10186]]]}}, {"id": "1591097", "type": "Feature", "properties": {"id": "1591097", "CVEGEO": "2004400010248030", "POBTOT": 60.0, "score_nse": 52.736, "NSE": "C-", "VIVTOT": 25.0, "GRAPROES": 8.96, "_ent": "20", "_mun": "044", "_loc": "0001"}, "geometry": {"type": "Polygon", "coordinates": [[[-95.88043, 18.1014], [-95.88036, 18.10234], [-95.8795, 18.10222], [-95.87954, 18.10128], [-95.88043, 18.1014]]]}}, {"id": "1591098", "type": "Feature", "properties": {"id": "1591098", "CVEGEO": "200440001013A027", "POBTOT": 83.0, "score_nse": 50.6088, "NSE": "C-", "VIVTOT": 31.0, "GRAPROES": 8.37, "_ent": "20", "_mun": "044", "_loc": "0001"}, "geometry": {"type": "Polygon", "coordinates": [[[-95.87398, 18.1098], [-95.8728, 18.11061], [-95.87208, 18.10954], [-95.87398, 18.1098]]]}}, {"id": "1591117", "type": "Feature", "properties": {"id": "1591117", "CVEGEO": "2004400010233032", "POBTOT": 26.0, "score_nse": 0.0, "NSE": "ND", "VIVTOT": 11.0, "GRAPROES": 6.57, "_ent": "20", "_mun": "044", "_loc": "0001"}, "geometry": {"type": "Polygon", "coordinates": [[[-95.88819, 18.11684], [-95.88768, 18.11711], [-95.8874, 18.1167], [-95.8879, 18.1164], [-95.88819, 18.11684]]]}}, {"id": "1591118", "type": "Feature", "properties": {"id": "1591118", "CVEGEO": "2004400010233022", "POBTOT": 35.0, "score_nse": 0.0, "NSE": "ND", "VIVTOT": 8.0, "GRAPROES": 9.9, "_ent": "20", "_mun": "044", "_loc": "0001"}, "geometry": {"type": "Polygon", "coordinates": [[[-95.88735, 18.11669], [-95.88674, 18.11705], [-95.88642, 18.1166], [-95.88703, 18.11623], [-95.88735, 18.11669]]]}}, {"id": "1591119", "type": "Feature", "properties": {"id": "1591119", "CVEGEO": "2004400010267028", "POBTOT": 16.0, "score_nse": 0.0, "NSE": "ND", "VIVTOT": 11.0, "GRAPROES": 7.64, "_ent": "20", "_mun": "044", "_loc": "0001"}, "geometry": {"type": "Polygon", "coordinates": [[[-95.87783, 18.1143], [-95.8774, 18.11457], [-95.87685, 18.11378], [-95.87712, 18.11361], [-95.87783, 18.1143]]]}}, {"id": "1591120", "type": "Feature", "properties": {"id": "1591120", "CVEGEO": "2004400010360012", "POBTOT": 36.0, "score_nse": 0.0, "NSE": "ND", "VIVTOT": 13.0, "GRAPROES": 6.78, "_ent": "20", "_mun": "044", "_loc": "0001"}, "geometry": {"type": "Polygon", "coordinates": [[[-95.86886, 18.11048], [-95.86875, 18.1114], [-95.86843, 18.11138], [-95.86844, 18.11043], [-95.86886, 18.11048]]]}}, {"id": "1591121", "type": "Feature", "properties": {"id": "1591121", "CVEGEO": "2004400010271019", "POBTOT": 2.0, "score_nse": 0.0, "NSE": "ND", "VIVTOT": 1.0, "GRAPROES": 0.0, "_ent": "20", "_mun": "044", "_loc": "0001"}, "geometry": {"type": "Polygon", "coordinates": [[[-95.87575, 18.11988], [-95.87468, 18.1178], [-95.87551, 18.11727], [-95.87667, 18.11903], [-95.87659, 18.11938], [-95.87575, 18.11988]]]}}, {"id": "1591122", "type": "Feature", "properties": {"id": "1591122", "CVEGEO": "2004400010267019", "POBTOT": 37.0, "score_nse": 48.478, "NSE": "C-", "VIVTOT": 20.0, "GRAPROES": 8.63, "_ent": "20", "_mun": "044", "_loc": "0001"}, "geometry": {"type": "Polygon", "coordinates": [[[-95.87861, 18.11382], [-95.87789, 18.11426], [-95.87716, 18.11358], [-95.87805, 18.11303], [-95.87861, 18.11382]]]}}, {"id": "1591123", "type": "Feature", "properties": {"id": "1591123", "CVEGEO": "2004400010267017", "POBTOT": 60.0, "score_nse": 0.0, "NSE": "ND", "VIVTOT": 30.0, "GRAPROES": 8.75, "_ent": "20", "_mun": "044", "_loc": "0001"}, "geometry": {"type": "Polygon", "coordinates": [[[-95.87992, 18.1157], [-95.87871, 18.11647], [-95.87856, 18.11625], [-95.87869, 18.11596], [-95.87841, 18.11541], [-95.87932, 18.11482], [-95.87992, 18.1157]]]}}, {"id": "1591124", "type": "Feature", "properties": {"id": "1591124", "CVEGEO": "200440001013A007", "POBTOT": 0.0, "score_nse": 10.0, "NSE": "E", "VIVTOT": 2.0, "GRAPROES": 0.0, "_ent": "20", "_mun": "044", "_loc": "0001"}, "geometry": {"type": "Polygon", "coordinates": [[[-95.87749, 18.11167], [-95.87734, 18.11181], [-95.87722, 18.11164], [-95.87749, 18.11167]]]}}, {"id": "1591125", "type": "Feature", "properties": {"id": "1591125", "CVEGEO": "2004400010233036", "POBTOT": 15.0, "score_nse": 0.0, "NSE": "ND", "VIVTOT": 3.0, "GRAPROES": 6.4, "_ent": "20", "_mun": "044", "_loc": "0001"}, "geometry": {"type": "Polygon", "coordinates": [[[-95.88848, 18.11729], [-95.88801, 18.11757], [-95.88787, 18.11736], [-95.88836, 18.1171], [-95.88848, 18.11729]]]}}, {"id": "1591126", "type": "Feature", "properties": {"id": "1591126", "CVEGEO": "2004400010233035", "POBTOT": 13.0, "score_nse": 0.0, "NSE": "ND", "VIVTOT": 3.0, "GRAPROES": 7.25, "_ent": "20", "_mun": "044", "_loc": "0001"}, "geometry": {"type": "Polygon", "coordinates": [[[-95.8892, 18.11684], [-95.88867, 18.11718], [-95.88855, 18.11701], [-95.8891, 18.11668], [-95.8892, 18.11684]]]}}, {"id": "1591127", "type": "Feature", "properties": {"id": "1591127", "CVEGEO": "2004400010267026", "POBTOT": 3.0, "score_nse": 0.0, "NSE": "ND", "VIVTOT": 4.0, "GRAPROES": 0.0, "_ent": "20", "_mun": "044", "_loc": "0001"}, "geometry": {"type": "Polygon", "coordinates": [[[-95.87852, 18.11619], [-95.8781, 18.11559], [-95.87836, 18.11544], [-95.8786, 18.11599], [-95.87852, 18.11619]]]}}, {"id": "1591128", "type": "Feature", "properties": {"id": "1591128", "CVEGEO": "200440001013A023", "POBTOT": 51.0, "score_nse": 63.2, "NSE": "C", "VIVTOT": 22.0, "GRAPROES": 10.86, "_ent": "20", "_mun": "044", "_loc": "0001"}, "geometry": {"type": "Polygon", "coordinates": [[[-95.87918, 18.11194], [-95.87796, 18.11272], [-95.87742, 18.11192], [-95.87774, 18.11171], [-95.87918, 18.11194]]]}}, {"id": "1591129", "type": "Feature", "properties": {"id": "1591129", "CVEGEO": "2004400010360009", "POBTOT": 5.0, "score_nse": 0.0, "NSE": "ND", "VIVTOT": 1.0, "GRAPROES": 0.0, "_ent": "20", "_mun": "044", "_loc": "0001"}, "geometry": {"type": "Polygon", "coordinates": [[[-95.86836, 18.11147], [-95.86833, 18.112], [-95.86782, 18.11198], [-95.868, 18.11183], [-95.86803, 18.11145], [-95.86836, 18.11147]]]}}, {"id": "1591130", "type": "Feature", "properties": {"id": "1591130", "CVEGEO": "2004400010233029", "POBTOT": 10.0, "score_nse": 0.0, "NSE": "ND", "VIVTOT": 3.0, "GRAPROES": 6.9, "_ent": "20", "_mun": "044", "_loc": "0001"}, "geometry": {"type": "Polygon", "coordinates": [[[-95.88834, 18.11706], [-95.88785, 18.11732], [-95.88772, 18.11714], [-95.88821, 18.11686], [-95.88834, 18.11706]]]}}, {"id": "1591131", "type": "Feature", "properties": {"id": "1591131", "CVEGEO": "2004400010267008", "POBTOT": 59.0, "score_nse": 45.1869, "NSE": "C-", "VIVTOT": 51.0, "GRAPROES": 9.42, "_ent": "20", "_mun": "044", "_loc": "0001"}, "geometry": {"type": "Polygon", "coordinates": [[[-95.88061, 18.11388], [-95.87933, 18.11468], [-95.87879, 18.11389], [-95.88006, 18.11306], [-95.88061, 18.11388]]]}}, {"id": "1591132", "type": "Feature", "properties": {"id": "1591132", "CVEGEO": "2004400010360019", "POBTOT": 7.0, "score_nse": 0.0, "NSE": "ND", "VIVTOT": 2.0, "GRAPROES": 0.0, "_ent": "20", "_mun": "044", "_loc": "0001"}, "geometry": {"type": "Polygon", "coordinates": [[[-95.87178, 18.1095], [-95.87152, 18.11073], [-95.871, 18.11066], [-95.87123, 18.10942], [-95.87178, 18.1095]]]}}, {"id": "1591133", "type": "Feature", "properties": {"id": "1591133", "CVEGEO": "2004400010360013", "POBTOT": 42.0, "score_nse": 0.0, "NSE": "ND", "VIVTOT": 15.0, "GRAPROES": 10.13, "_ent": "20", "_mun": "044", "_loc": "0001"}, "geometry": {"type": "Polygon", "coordinates": [[[-95.87062, 18.10935], [-95.87037, 18.11059], [-95.86995, 18.11052], [-95.87017, 18.10929], [-95.87062, 18.10935]]]}}, {"id": "1591134", "type": "Feature", "properties": {"id": "1591134", "CVEGEO": "2004400010360031", "POBTOT": 22.0, "score_nse": 79.02, "NSE": "C+", "VIVTOT": 5.0, "GRAPROES": 12.29, "_ent": "20", "_mun": "044", "_loc": "0001"}, "geometry": {"type": "Polygon", "coordinates": [[[-95.87117, 18.10942], [-95.87093, 18.11065], [-95.87044, 18.11059], [-95.87069, 18.10936], [-95.87117, 18.10942]]]}}, {"id": "1591135", "type": "Feature", "properties": {"id": "1591135", "CVEGEO": "2004400010360032", "POBTOT": 24.0, "score_nse": 45.9194, "NSE": "C-", "VIVTOT": 7.0, "GRAPROES": 7.86, "_ent": "20", "_mun": "044", "_loc": "0001"}, "geometry": {"type": "Polygon", "coordinates": [[[-95.87149, 18.11083], [-95.87137, 18.11136], [-95.87122, 18.11134], [-95.87137, 18.11139], [-95.87133, 18.11154], [-95.87092, 18.1117], [-95.87096, 18.11076], [-95.87149, 18.11083]]]}}, {"id": "1591136", "type": "Feature", "properties": {"id": "1591136", "CVEGEO": "2004400010360033", "POBTOT": 5.0, "score_nse": 0.0, "NSE": "ND", "VIVTOT": 2.0, "GRAPROES": 0.0, "_ent": "20", "_mun": "044", "_loc": "0001"}, "geometry": {"type": "Polygon", "coordinates": [[[-95.86776, 18.11198], [-95.86727, 18.11196], [-95.86728, 18.11165], [-95.86776, 18.11185], [-95.86776, 18.11198]]]}}, {"id": "1591137", "type": "Feature", "properties": {"id": "1591137", "CVEGEO": "2004400010360004", "POBTOT": 25.0, "score_nse": 0.0, "NSE": "ND", "VIVTOT": 11.0, "GRAPROES": 5.81, "_ent": "20", "_mun": "044", "_loc": "0001"}, "geometry": {"type": "Polygon", "coordinates": [[[-95.86869, 18.11207], [-95.86865, 18.11279], [-95.86835, 18.11277], [-95.86839, 18.11206], [-95.86869, 18.11207]]]}}, {"id": "1591138", "type": "Feature", "properties": {"id": "1591138", "CVEGEO": "2004400010360002", "POBTOT": 28.0, "score_nse": 0.0, "NSE": "ND", "VIVTOT": 9.0, "GRAPROES": 4.9, "_ent": "20", "_mun": "044", "_loc": "0001"}, "geometry": {"type": "Polygon", "coordinates": [[[-95.86759, 18.11202], [-95.86755, 18.11273], [-95.86721, 18.11271], [-95.86726, 18.11201], [-95.86759, 18.11202]]]}}, {"id": "1591139", "type": "Feature", "properties": {"id": "1591139", "CVEGEO": "2004400010360001", "POBTOT": 27.0, "score_nse": 0.0, "NSE": "ND", "VIVTOT": 8.0, "GRAPROES": 7.29, "_ent": "20", "_mun": "044", "_loc": "0001"}, "geometry": {"type": "Polygon", "coordinates": [[[-95.86792, 18.11275], [-95.86761, 18.11273], [-95.86764, 18.11203], [-95.86795, 18.11204], [-95.86792, 18.11275]]]}}, {"id": "1591140", "type": "Feature", "properties": {"id": "1591140", "CVEGEO": "2004400010360029", "POBTOT": 0.0, "score_nse": 10.0, "NSE": "E", "VIVTOT": 1.0, "GRAPROES": 0.0, "_ent": "20", "_mun": "044", "_loc": "0001"}, "geometry": {"type": "Polygon", "coordinates": [[[-95.87017, 18.11198], [-95.86919, 18.1123], [-95.86877, 18.1123], [-95.86881, 18.11175], [-95.87017, 18.11198]]]}}, {"id": "1591141", "type": "Feature", "properties": {"id": "1591141", "CVEGEO": "2004400010360016", "POBTOT": 20.0, "score_nse": 0.0, "NSE": "ND", "VIVTOT": 8.0, "GRAPROES": 6.94, "_ent": "20", "_mun": "044", "_loc": "0001"}, "geometry": {"type": "Polygon", "coordinates": [[[-95.8687, 18.11202], [-95.8684, 18.112], [-95.86843, 18.11144], [-95.86872, 18.11145], [-95.8687, 18.11202]]]}}, {"id": "1591142", "type": "Feature", "properties": {"id": "1591142", "CVEGEO": "2004400010360005", "POBTOT": 27.0, "score_nse": 0.0, "NSE": "ND", "VIVTOT": 10.0, "GRAPROES": 7.0, "_ent": "20", "_mun": "044", "_loc": "0001"}, "geometry": {"type": "Polygon", "coordinates": [[[-95.86834, 18.11205], [-95.86829, 18.11277], [-95.86798, 18.11275], [-95.86802, 18.11205], [-95.86834, 18.11205]]]}}, {"id": "1591143", "type": "Feature", "properties": {"id": "1591143", "CVEGEO": "2004400010360006", "POBTOT": 159.0, "score_nse": 0.0, "NSE": "ND", "VIVTOT": 45.0, "GRAPROES": 5.77, "_ent": "20", "_mun": "044", "_loc": "0001"}, "geometry": {"type": "Polygon", "coordinates": [[[-95.86836, 18.11137], [-95.86802, 18.11142], [-95.86799, 18.11183], [-95.86782, 18.11188], [-95.86708, 18.11151], [-95.86722, 18.11163], [-95.86721, 18.1121], [-95.86683, 18.11209], [-95.8668, 18.1126], [-95.86685, 18.11273], [-95.86717, 18.11276], [-95.86703, 18.1145], [-95.8665, 18.11448], [-95.86651, 18.11281], [-95.86641, 18.1152], [-95.86496, 18.11513], [-95.86472, 18.11295], [-95.86543, 18.10858], [-95.86622, 18.10869], [-95.8659, 18.11011], [-95.8659, 18.11033], [-95.86599, 18.11007], [-95.86646, 18.11013], [-95.86644, 18.11047], [-95.86663, 18.11045], [-95.86649, 18.11043], [-95.8665, 18.11014], [-95.86693, 18.1102], [-95.86695, 18.1106], [-95.867, 18.11022], [-95.86746, 18.11028], [-95.86746, 18.11063], [-95.86752, 18.11029], [-95.86789, 18.11035], [-95.86793, 18.11069], [-95.86798, 18.11036], [-95.86838, 18.11042], [-95.86836, 18.11137]]]}}, {"id": "1591144", "type": "Feature", "properties": {"id": "1591144", "CVEGEO": "200440001013A015", "POBTOT": 22.0, "score_nse": 0.0, "NSE": "ND", "VIVTOT": 8.0, "GRAPROES": 8.83, "_ent": "20", "_mun": "044", "_loc": "0001"}, "geometry": {"type": "Polygon", "coordinates": [[[-95.87812, 18.11074], [-95.87774, 18.11158], [-95.87726, 18.11153], [-95.87766, 18.1109], [-95.87812, 18.11074]]]}}, {"id": "1591145", "type": "Feature", "properties": {"id": "1591145", "CVEGEO": "200440001013A021", "POBTOT": 27.0, "score_nse": 55.1289, "NSE": "C", "VIVTOT": 18.0, "GRAPROES": 10.86, "_ent": "20", "_mun": "044", "_loc": "0001"}, "geometry": {"type": "Polygon", "coordinates": [[[-95.87833, 18.11041], [-95.87814, 18.11072], [-95.8776, 18.11088], [-95.87722, 18.11152], [-95.87679, 18.11105], [-95.8779, 18.11035], [-95.87833, 18.11041]]]}}, {"id": "1591146", "type": "Feature", "properties": {"id": "1591146", "CVEGEO": "2004400010445002", "POBTOT": 5.0, "score_nse": 0.0, "NSE": "ND", "VIVTOT": 1.0, "GRAPROES": 0.0, "_ent": "20", "_mun": "044", "_loc": "0001"}, "geometry": {"type": "Polygon", "coordinates": [[[-95.87568, 18.1199], [-95.8751, 18.12026], [-95.87419, 18.11879], [-95.87292, 18.11953], [-95.87263, 18.11906], [-95.87459, 18.11783], [-95.87568, 18.1199]]]}}, {"id": "1591147", "type": "Feature", "properties": {"id": "1591147", "CVEGEO": "2004400010233037", "POBTOT": 5.0, "score_nse": 0.0, "NSE": "ND", "VIVTOT": 3.0, "GRAPROES": 0.0, "_ent": "20", "_mun": "044", "_loc": "0001"}, "geometry": {"type": "Polygon", "coordinates": [[[-95.88797, 18.1176], [-95.88736, 18.11797], [-95.88721, 18.11775], [-95.88782, 18.11738], [-95.88797, 18.1176]]]}}, {"id": "1591148", "type": "Feature", "properties": {"id": "1591148", "CVEGEO": "2004400010233030", "POBTOT": 26.0, "score_nse": 0.0, "NSE": "ND", "VIVTOT": 8.0, "GRAPROES": 6.27, "_ent": "20", "_mun": "044", "_loc": "0001"}, "geometry": {"type": "Polygon", "coordinates": [[[-95.8878, 18.11735], [-95.88719, 18.11772], [-95.88704, 18.11751], [-95.88767, 18.11716], [-95.8878, 18.11735]]]}}, {"id": "1591149", "type": "Feature", "properties": {"id": "1591149", "CVEGEO": "2004400010233031", "POBTOT": 41.0, "score_nse": 0.0, "NSE": "ND", "VIVTOT": 11.0, "GRAPROES": 7.89, "_ent": "20", "_mun": "044", "_loc": "0001"}, "geometry": {"type": "Polygon", "coordinates": [[[-95.88764, 18.11714], [-95.88701, 18.11748], [-95.88675, 18.1171], [-95.88737, 18.11672], [-95.88764, 18.11714]]]}}, {"id": "1591150", "type": "Feature", "properties": {"id": "1591150", "CVEGEO": "2004400010233033", "POBTOT": 36.0, "score_nse": 0.0, "NSE": "ND", "VIVTOT": 12.0, "GRAPROES": 7.37, "_ent": "20", "_mun": "044", "_loc": "0001"}, "geometry": {"type": "Polygon", "coordinates": [[[-95.88892, 18.11642], [-95.88837, 18.11674], [-95.88806, 18.11629], [-95.88863, 18.11593], [-95.88892, 18.11642]]]}}, {"id": "1591151", "type": "Feature", "properties": {"id": "1591151", "CVEGEO": "2004400010233039", "POBTOT": 28.0, "score_nse": 0.0, "NSE": "ND", "VIVTOT": 10.0, "GRAPROES": 6.52, "_ent": "20", "_mun": "044", "_loc": "0001"}, "geometry": {"type": "Polygon", "coordinates": [[[-95.88986, 18.11641], [-95.88925, 18.11681], [-95.88865, 18.11591], [-95.88881, 18.11582], [-95.8889, 18.11598], [-95.88884, 18.11581], [-95.88925, 18.11554], [-95.88946, 18.11586], [-95.88922, 18.11605], [-95.88949, 18.1159], [-95.88986, 18.11641]]]}}, {"id": "1591152", "type": "Feature", "properties": {"id": "1591152", "CVEGEO": "2004400010233013", "POBTOT": 34.0, "score_nse": 0.0, "NSE": "ND", "VIVTOT": 10.0, "GRAPROES": 8.3, "_ent": "20", "_mun": "044", "_loc": "0001"}, "geometry": {"type": "Polygon", "coordinates": [[[-95.88788, 18.11636], [-95.88738, 18.11666], [-95.88707, 18.1162], [-95.88757, 18.11589], [-95.88788, 18.11636]]]}}, {"id": "1591153", "type": "Feature", "properties": {"id": "1591153", "CVEGEO": "2004400010233016", "POBTOT": 44.0, "score_nse": 0.0, "NSE": "ND", "VIVTOT": 15.0, "GRAPROES": 9.38, "_ent": "20", "_mun": "044", "_loc": "0001"}, "geometry": {"type": "Polygon", "coordinates": [[[-95.88889, 18.11572], [-95.88803, 18.11624], [-95.88773, 18.1158], [-95.88858, 18.11528], [-95.88889, 18.11572]]]}}, {"id": "1591154", "type": "Feature", "properties": {"id": "1591154", "CVEGEO": "2004400010233026", "POBTOT": 11.0, "score_nse": 0.0, "NSE": "ND", "VIVTOT": 2.0, "GRAPROES": 0.0, "_ent": "20", "_mun": "044", "_loc": "0001"}, "geometry": {"type": "Polygon", "coordinates": [[[-95.88923, 18.1155], [-95.88892, 18.1157], [-95.88862, 18.11525], [-95.88892, 18.11505], [-95.88923, 18.1155]]]}}, {"id": "1591155", "type": "Feature", "properties": {"id": "1591155", "CVEGEO": "200440001013A008", "POBTOT": 43.0, "score_nse": 53.6645, "NSE": "C-", "VIVTOT": 16.0, "GRAPROES": 7.79, "_ent": "20", "_mun": "044", "_loc": "0001"}, "geometry": {"type": "Polygon", "coordinates": [[[-95.87723, 18.11203], [-95.87696, 18.11334], [-95.87667, 18.11351], [-95.87611, 18.11272], [-95.87723, 18.11203]]]}}, {"id": "1591156", "type": "Feature", "properties": {"id": "1591156", "CVEGEO": "200440001013A033", "POBTOT": 67.0, "score_nse": 46.708, "NSE": "C-", "VIVTOT": 25.0, "GRAPROES": 8.06, "_ent": "20", "_mun": "044", "_loc": "0001"}, "geometry": {"type": "Polygon", "coordinates": [[[-95.87785, 18.11277], [-95.87698, 18.11333], [-95.87726, 18.11202], [-95.87785, 18.11277]]]}}, {"id": "1591157", "type": "Feature", "properties": {"id": "1591157", "CVEGEO": "2004400010267027", "POBTOT": 24.0, "score_nse": 0.0, "NSE": "ND", "VIVTOT": 13.0, "GRAPROES": 7.52, "_ent": "20", "_mun": "044", "_loc": "0001"}, "geometry": {"type": "Polygon", "coordinates": [[[-95.87831, 18.11534], [-95.87804, 18.1155], [-95.8775, 18.11472], [-95.87812, 18.11442], [-95.87839, 18.1148], [-95.87831, 18.11534]]]}}, {"id": "1591158", "type": "Feature", "properties": {"id": "1591158", "CVEGEO": "2004400010267018", "POBTOT": 26.0, "score_nse": 61.4171, "NSE": "C", "VIVTOT": 14.0, "GRAPROES": 10.05, "_ent": "20", "_mun": "044", "_loc": "0001"}, "geometry": {"type": "Polygon", "coordinates": [[[-95.87923, 18.11474], [-95.87837, 18.1153], [-95.87845, 18.1148], [-95.87809, 18.11435], [-95.8787, 18.11396], [-95.87923, 18.11474]]]}}, {"id": "1591159", "type": "Feature", "properties": {"id": "1591159", "CVEGEO": "2004400010267009", "POBTOT": 67.0, "score_nse": 46.1946, "NSE": "C-", "VIVTOT": 37.0, "GRAPROES": 9.41, "_ent": "20", "_mun": "044", "_loc": "0001"}, "geometry": {"type": "Polygon", "coordinates": [[[-95.87995, 18.11294], [-95.8787, 18.11374], [-95.87815, 18.11297], [-95.87939, 18.11214], [-95.87995, 18.11294]]]}}, {"id": "1591160", "type": "Feature", "properties": {"id": "1591160", "CVEGEO": "2004400010233034", "POBTOT": 16.0, "score_nse": 0.0, "NSE": "ND", "VIVTOT": 6.0, "GRAPROES": 8.08, "_ent": "20", "_mun": "044", "_loc": "0001"}, "geometry": {"type": "Polygon", "coordinates": [[[-95.88907, 18.11665], [-95.88852, 18.11697], [-95.8884, 18.11678], [-95.88895, 18.11647], [-95.88907, 18.11665]]]}}, {"id": "1591161", "type": "Feature", "properties": {"id": "1591161", "CVEGEO": "2004400010356030", "POBTOT": 4.0, "score_nse": 0.0, "NSE": "ND", "VIVTOT": 4.0, "GRAPROES": 0.0, "_ent": "20", "_mun": "044", "_loc": "0001"}, "geometry": {"type": "Polygon", "coordinates": [[[-95.86586, 18.11754], [-95.86559, 18.1177], [-95.86501, 18.11687], [-95.86527, 18.1167], [-95.86586, 18.11754]]]}}, {"id": "1591162", "type": "Feature", "properties": {"id": "1591162", "CVEGEO": "2004400010214008", "POBTOT": 20.0, "score_nse": 0.0, "NSE": "ND", "VIVTOT": 10.0, "GRAPROES": 5.71, "_ent": "20", "_mun": "044", "_loc": "0001"}, "geometry": {"type": "Polygon", "coordinates": [[[-95.87716, 18.09578], [-95.87669, 18.09576], [-95.87629, 18.09443], [-95.87676, 18.09445], [-95.87716, 18.09578]]]}}, {"id": "1591163", "type": "Feature", "properties": {"id": "1591163", "CVEGEO": "2004400010214023", "POBTOT": 2.0, "score_nse": 0.0, "NSE": "ND", "VIVTOT": 2.0, "GRAPROES": 0.0, "_ent": "20", "_mun": "044", "_loc": "0001"}, "geometry": {"type": "Polygon", "coordinates": [[[-95.87672, 18.09439], [-95.87627, 18.09437], [-95.87614, 18.09398], [-95.87661, 18.09401], [-95.87672, 18.09439]]]}}, {"id": "1591164", "type": "Feature", "properties": {"id": "1591164", "CVEGEO": "2004400010233019", "POBTOT": 10.0, "score_nse": 0.0, "NSE": "ND", "VIVTOT": 4.0, "GRAPROES": 7.86, "_ent": "20", "_mun": "044", "_loc": "0001"}, "geometry": {"type": "Polygon", "coordinates": [[[-95.89072, 18.11681], [-95.89028, 18.11623], [-95.89059, 18.11605], [-95.89105, 18.11666], [-95.89072, 18.11681]]]}}, {"id": "1591165", "type": "Feature", "properties": {"id": "1591165", "CVEGEO": "2004400010233020", "POBTOT": 3.0, "score_nse": 0.0, "NSE": "ND", "VIVTOT": 5.0, "GRAPROES": 0.0, "_ent": "20", "_mun": "044", "_loc": "0001"}, "geometry": {"type": "Polygon", "coordinates": [[[-95.89142, 18.11645], [-95.89117, 18.11661], [-95.89066, 18.116], [-95.89089, 18.11585], [-95.89142, 18.11645]]]}}, {"id": "1591166", "type": "Feature", "properties": {"id": "1591166", "CVEGEO": "2004400010233021", "POBTOT": 9.0, "score_nse": 0.0, "NSE": "ND", "VIVTOT": 3.0, "GRAPROES": 0.0, "_ent": "20", "_mun": "044", "_loc": "0001"}, "geometry": {"type": "Polygon", "coordinates": [[[-95.89208, 18.116], [-95.89144, 18.11642], [-95.89092, 18.11583], [-95.89157, 18.11542], [-95.89208, 18.116]]]}}, {"id": "1591167", "type": "Feature", "properties": {"id": "1591167", "CVEGEO": "2004400010394033", "POBTOT": 0.0, "score_nse": 0.0, "NSE": "ND", "VIVTOT": 0.0, "GRAPROES": 0.0, "_ent": "20", "_mun": "044", "_loc": "0001"}, "geometry": {"type": "Polygon", "coordinates": [[[-95.87878, 18.12167], [-95.87864, 18.12197], [-95.87765, 18.12157], [-95.87799, 18.12136], [-95.87878, 18.12167]]]}}, {"id": "1591168", "type": "Feature", "properties": {"id": "1591168", "CVEGEO": "2004400010159020", "POBTOT": 0.0, "score_nse": 0.0, "NSE": "ND", "VIVTOT": 0.0, "GRAPROES": 0.0, "_ent": "20", "_mun": "044", "_loc": "0001"}, "geometry": {"type": "Polygon", "coordinates": [[[-95.88172, 18.11047], [-95.88119, 18.11074], [-95.88172, 18.11041], [-95.88172, 18.11047]]]}}, {"id": "1591169", "type": "Feature", "properties": {"id": "1591169", "CVEGEO": "2004400010356029", "POBTOT": 19.0, "score_nse": 0.0, "NSE": "ND", "VIVTOT": 3.0, "GRAPROES": 7.33, "_ent": "20", "_mun": "044", "_loc": "0001"}, "geometry": {"type": "Polygon", "coordinates": [[[-95.86555, 18.11773], [-95.86529, 18.1179], [-95.86473, 18.11705], [-95.86497, 18.11689], [-95.86555, 18.11773]]]}}, {"id": "1591170", "type": "Feature", "properties": {"id": "1591170", "CVEGEO": "2004400010394037", "POBTOT": 16.0, "score_nse": 0.0, "NSE": "ND", "VIVTOT": 4.0, "GRAPROES": 8.0, "_ent": "20", "_mun": "044", "_loc": "0001"}, "geometry": {"type": "Polygon", "coordinates": [[[-95.87874, 18.11987], [-95.87774, 18.12049], [-95.87759, 18.12028], [-95.8783, 18.11981], [-95.87816, 18.1196], [-95.87843, 18.11942], [-95.87874, 18.11987]]]}}, {"id": "1591416", "type": "Feature", "properties": {"id": "1591416", "CVEGEO": "2004400010144056", "POBTOT": 20.0, "score_nse": 0.0, "NSE": "ND", "VIVTOT": 8.0, "GRAPROES": 8.82, "_ent": "20", "_mun": "044", "_loc": "0001"}, "geometry": {"type": "Polygon", "coordinates": [[[-95.89203, 18.1068], [-95.89177, 18.10695], [-95.89058, 18.1051], [-95.89081, 18.10495], [-95.89203, 18.1068]]]}}, {"id": "1591432", "type": "Feature", "properties": {"id": "1591432", "CVEGEO": "2004400010214001", "POBTOT": 10.0, "score_nse": 0.0, "NSE": "ND", "VIVTOT": 16.0, "GRAPROES": 6.57, "_ent": "20", "_mun": "044", "_loc": "0001"}, "geometry": {"type": "Polygon", "coordinates": [[[-95.88809, 18.09003], [-95.88804, 18.0906], [-95.88021, 18.09511], [-95.88033, 18.09384], [-95.87598, 18.0934], [-95.87439, 18.08866], [-95.88809, 18.09003]]]}}, {"id": "1591438", "type": "Feature", "properties": {"id": "1591438", "CVEGEO": "2004400010394036", "POBTOT": 9.0, "score_nse": 0.0, "NSE": "ND", "VIVTOT": 3.0, "GRAPROES": 8.25, "_ent": "20", "_mun": "044", "_loc": "0001"}, "geometry": {"type": "Polygon", "coordinates": [[[-95.87924, 18.12059], [-95.87905, 18.12103], [-95.87872, 18.1209], [-95.87885, 18.12079], [-95.87849, 18.12008], [-95.87874, 18.11992], [-95.87924, 18.12059]]]}}, {"id": "1591439", "type": "Feature", "properties": {"id": "1591439", "CVEGEO": "2004400010394031", "POBTOT": 12.0, "score_nse": 0.0, "NSE": "ND", "VIVTOT": 2.0, "GRAPROES": 0.0, "_ent": "20", "_mun": "044", "_loc": "0001"}, "geometry": {"type": "Polygon", "coordinates": [[[-95.87878, 18.12077], [-95.87839, 18.12097], [-95.87808, 18.12034], [-95.87843, 18.12011], [-95.87878, 18.12077]]]}}, {"id": "1591440", "type": "Feature", "properties": {"id": "1591440", "CVEGEO": "2004400010290054", "POBTOT": 0.0, "score_nse": 10.0, "NSE": "E", "VIVTOT": 1.0, "GRAPROES": 0.0, "_ent": "20", "_mun": "044", "_loc": "0001"}, "geometry": {"type": "Polygon", "coordinates": [[[-95.88123, 18.09469], [-95.88121, 18.09506], [-95.88081, 18.09493], [-95.88123, 18.09469]]]}}, {"id": "1591441", "type": "Feature", "properties": {"id": "1591441", "CVEGEO": "2004400010233048", "POBTOT": 0.0, "score_nse": 0.0, "NSE": "ND", "VIVTOT": 0.0, "GRAPROES": 0.0, "_ent": "20", "_mun": "044", "_loc": "0001"}, "geometry": {"type": "Polygon", "coordinates": [[[-95.89155, 18.11538], [-95.88995, 18.11635], [-95.88936, 18.11546], [-95.89012, 18.11498], [-95.88933, 18.11542], [-95.88891, 18.11484], [-95.8905, 18.11383], [-95.89155, 18.11538]]]}}, {"id": "1591442", "type": "Feature", "properties": {"id": "1591442", "CVEGEO": "2004400010252048", "POBTOT": 34.0, "score_nse": 0.0, "NSE": "ND", "VIVTOT": 13.0, "GRAPROES": 6.96, "_ent": "20", "_mun": "044", "_loc": "0001"}, "geometry": {"type": "Polygon", "coordinates": [[[-95.86928, 18.10407], [-95.86923, 18.10499], [-95.86884, 18.10494], [-95.86889, 18.104], [-95.86928, 18.10407]]]}}, {"id": "1591443", "type": "Feature", "properties": {"id": "1591443", "CVEGEO": "2004400010356010", "POBTOT": 84.0, "score_nse": 0.0, "NSE": "ND", "VIVTOT": 22.0, "GRAPROES": 6.84, "_ent": "20", "_mun": "044", "_loc": "0001"}, "geometry": {"type": "Polygon", "coordinates": [[[-95.86673, 18.11694], [-95.86621, 18.11729], [-95.86565, 18.11644], [-95.86577, 18.11633], [-95.86561, 18.11638], [-95.86564, 18.11524], [-95.86657, 18.11527], [-95.86673, 18.11694]]]}}, {"id": "1591444", "type": "Feature", "properties": {"id": "1591444", "CVEGEO": "2004400010356026", "POBTOT": 25.0, "score_nse": 0.0, "NSE": "ND", "VIVTOT": 13.0, "GRAPROES": 6.64, "_ent": "20", "_mun": "044", "_loc": "0001"}, "geometry": {"type": "Polygon", "coordinates": [[[-95.86557, 18.11642], [-95.86498, 18.11682], [-95.86463, 18.11637], [-95.86495, 18.11684], [-95.86467, 18.11706], [-95.86524, 18.11793], [-95.86392, 18.11873], [-95.86368, 18.11845], [-95.8636, 18.11845], [-95.8639, 18.11875], [-95.86276, 18.11947], [-95.8625, 18.11907], [-95.86354, 18.11845], [-95.86294, 18.11759], [-95.86374, 18.11705], [-95.86243, 18.1151], [-95.8656, 18.11525], [-95.86557, 18.11555], [-95.86499, 18.11557], [-95.86557, 18.11561], [-95.86557, 18.11642]]]}}, {"id": "1591445", "type": "Feature", "properties": {"id": "1591445", "CVEGEO": "2004400010394027", "POBTOT": 72.0, "score_nse": 0.0, "NSE": "ND", "VIVTOT": 28.0, "GRAPROES": 6.55, "_ent": "20", "_mun": "044", "_loc": "0001"}, "geometry": {"type": "Polygon", "coordinates": [[[-95.87904, 18.11922], [-95.87827, 18.11916], [-95.8784, 18.11939], [-95.87814, 18.11957], [-95.87797, 18.11931], [-95.87808, 18.11956], [-95.87796, 18.11963], [-95.8781, 18.11959], [-95.87825, 18.1198], [-95.87757, 18.12025], [-95.87688, 18.11923], [-95.87825, 18.11832], [-95.87904, 18.11922]]]}}, {"id": "1591450", "type": "Feature", "properties": {"id": "1591450", "CVEGEO": "2004400010017026", "POBTOT": 7.0, "score_nse": 0.0, "NSE": "ND", "VIVTOT": 2.0, "GRAPROES": 0.0, "_ent": "20", "_mun": "044", "_loc": "0001"}, "geometry": {"type": "Polygon", "coordinates": [[[-95.86636, 18.10685], [-95.86631, 18.10775], [-95.8659, 18.10771], [-95.86594, 18.1068], [-95.86636, 18.10685]]]}}, {"id": "1591451", "type": "Feature", "properties": {"id": "1591451", "CVEGEO": "2004400010106005", "POBTOT": 9.0, "score_nse": 0.0, "NSE": "ND", "VIVTOT": 2.0, "GRAPROES": 0.0, "_ent": "20", "_mun": "044", "_loc": "0001"}, "geometry": {"type": "Polygon", "coordinates": [[[-95.86467, 18.11986], [-95.86396, 18.12031], [-95.86332, 18.11919], [-95.86365, 18.11898], [-95.86427, 18.11991], [-95.86371, 18.11894], [-95.86406, 18.11873], [-95.86467, 18.11986]]]}}, {"id": "1591452", "type": "Feature", "properties": {"id": "1591452", "CVEGEO": "2004400010106012", "POBTOT": 0.0, "score_nse": 0.0, "NSE": "ND", "VIVTOT": 0.0, "GRAPROES": 0.0, "_ent": "20", "_mun": "044", "_loc": "0001"}, "geometry": {"type": "Polygon", "coordinates": [[[-95.86292, 18.12092], [-95.86259, 18.12114], [-95.86189, 18.12006], [-95.86223, 18.11985], [-95.86292, 18.12092]]]}}, {"id": "1591453", "type": "Feature", "properties": {"id": "1591453", "CVEGEO": "2004400010106020", "POBTOT": 0.0, "score_nse": 0.0, "NSE": "ND", "VIVTOT": 0.0, "GRAPROES": 0.0, "_ent": "20", "_mun": "044", "_loc": "0001"}, "geometry": {"type": "Polygon", "coordinates": [[[-95.86097, 18.1235], [-95.86046, 18.12384], [-95.85939, 18.12166], [-95.85978, 18.12141], [-95.86048, 18.12252], [-95.8603, 18.12265], [-95.86069, 18.12345], [-95.86044, 18.12258], [-95.86097, 18.1235]]]}}, {"id": "1591454", "type": "Feature", "properties": {"id": "1591454", "CVEGEO": "2004400010106004", "POBTOT": 0.0, "score_nse": 10.0, "NSE": "E", "VIVTOT": 1.0, "GRAPROES": 0.0, "_ent": "20", "_mun": "044", "_loc": "0001"}, "geometry": {"type": "Polygon", "coordinates": [[[-95.86505, 18.11962], [-95.86474, 18.11982], [-95.86411, 18.11869], [-95.86447, 18.11848], [-95.86505, 18.11962]]]}}, {"id": "1591455", "type": "Feature", "properties": {"id": "1591455", "CVEGEO": "2004400010106003", "POBTOT": 5.0, "score_nse": 0.0, "NSE": "ND", "VIVTOT": 2.0, "GRAPROES": 0.0, "_ent": "20", "_mun": "044", "_loc": "0001"}, "geometry": {"type": "Polygon", "coordinates": [[[-95.86545, 18.11938], [-95.86512, 18.11958], [-95.86452, 18.11846], [-95.86486, 18.11824], [-95.86545, 18.11938]]]}}, {"id": "1591456", "type": "Feature", "properties": {"id": "1591456", "CVEGEO": "2004400010106002", "POBTOT": 8.0, "score_nse": 0.0, "NSE": "ND", "VIVTOT": 5.0, "GRAPROES": 9.0, "_ent": "20", "_mun": "044", "_loc": "0001"}, "geometry": {"type": "Polygon", "coordinates": [[[-95.86584, 18.11913], [-95.86551, 18.11934], [-95.86492, 18.11821], [-95.86527, 18.11801], [-95.86584, 18.11913]]]}}, {"id": "1591457", "type": "Feature", "properties": {"id": "1591457", "CVEGEO": "2004400010106001", "POBTOT": 7.0, "score_nse": 0.0, "NSE": "ND", "VIVTOT": 6.0, "GRAPROES": 6.5, "_ent": "20", "_mun": "044", "_loc": "0001"}, "geometry": {"type": "Polygon", "coordinates": [[[-95.86627, 18.11886], [-95.86591, 18.11909], [-95.86533, 18.11796], [-95.86567, 18.11773], [-95.86627, 18.11886]]]}}, {"id": "1591458", "type": "Feature", "properties": {"id": "1591458", "CVEGEO": "2004400010017042", "POBTOT": 20.0, "score_nse": 0.0, "NSE": "ND", "VIVTOT": 5.0, "GRAPROES": 6.79, "_ent": "20", "_mun": "044", "_loc": "0001"}, "geometry": {"type": "Polygon", "coordinates": [[[-95.8671, 18.10257], [-95.86669, 18.10258], [-95.86669, 18.10186], [-95.8671, 18.10186], [-95.8671, 18.10257]]]}}, {"id": "1591459", "type": "Feature", "properties": {"id": "1591459", "CVEGEO": "2004400010017041", "POBTOT": 13.0, "score_nse": 0.0, "NSE": "ND", "VIVTOT": 5.0, "GRAPROES": 7.0, "_ent": "20", "_mun": "044", "_loc": "0001"}, "geometry": {"type": "Polygon", "coordinates": [[[-95.86661, 18.10258], [-95.86568, 18.10261], [-95.86567, 18.10226], [-95.86659, 18.10222], [-95.86661, 18.10258]]]}}, {"id": "1591460", "type": "Feature", "properties": {"id": "1591460", "CVEGEO": "2004400010017040", "POBTOT": 16.0, "score_nse": 0.0, "NSE": "ND", "VIVTOT": 4.0, "GRAPROES": 5.08, "_ent": "20", "_mun": "044", "_loc": "0001"}, "geometry": {"type": "Polygon", "coordinates": [[[-95.86584, 18.10778], [-95.86581, 18.10817], [-95.86563, 18.10815], [-95.86581, 18.1082], [-95.86578, 18.10858], [-95.86542, 18.10854], [-95.86548, 18.10775], [-95.86584, 18.10778]]]}}, {"id": "1591461", "type": "Feature", "properties": {"id": "1591461", "CVEGEO": "2004400010017039", "POBTOT": 10.0, "score_nse": 0.0, "NSE": "ND", "VIVTOT": 5.0, "GRAPROES": 6.67, "_ent": "20", "_mun": "044", "_loc": "0001"}, "geometry": {"type": "Polygon", "coordinates": [[[-95.86631, 18.10783], [-95.86626, 18.10865], [-95.86585, 18.10859], [-95.86591, 18.10779], [-95.86631, 18.10783]]]}}, {"id": "1591462", "type": "Feature", "properties": {"id": "1591462", "CVEGEO": "2004400010017038", "POBTOT": 32.0, "score_nse": 33.7387, "NSE": "D+", "VIVTOT": 9.0, "GRAPROES": 7.95, "_ent": "20", "_mun": "044", "_loc": "0001"}, "geometry": {"type": "Polygon", "coordinates": [[[-95.86675, 18.10788], [-95.86671, 18.10872], [-95.86631, 18.10866], [-95.86638, 18.10783], [-95.86675, 18.10788]]]}}, {"id": "1591463", "type": "Feature", "properties": {"id": "1591463", "CVEGEO": "2004400010017035", "POBTOT": 6.0, "score_nse": 0.0, "NSE": "ND", "VIVTOT": 2.0, "GRAPROES": 0.0, "_ent": "20", "_mun": "044", "_loc": "0001"}, "geometry": {"type": "Polygon", "coordinates": [[[-95.86781, 18.10803], [-95.86773, 18.10886], [-95.86747, 18.10883], [-95.86747, 18.10796], [-95.86781, 18.10803]]]}}, {"id": "1591464", "type": "Feature", "properties": {"id": "1591464", "CVEGEO": "2004400010017034", "POBTOT": 11.0, "score_nse": 0.0, "NSE": "ND", "VIVTOT": 4.0, "GRAPROES": 9.75, "_ent": "20", "_mun": "044", "_loc": "0001"}, "geometry": {"type": "Polygon", "coordinates": [[[-95.86826, 18.10814], [-95.86819, 18.10895], [-95.86778, 18.10887], [-95.86786, 18.10805], [-95.86826, 18.10814]]]}}, {"id": "1591465", "type": "Feature", "properties": {"id": "1591465", "CVEGEO": "2004400010017033", "POBTOT": 16.0, "score_nse": 0.0, "NSE": "ND", "VIVTOT": 5.0, "GRAPROES": 7.9, "_ent": "20", "_mun": "044", "_loc": "0001"}, "geometry": {"type": "Polygon", "coordinates": [[[-95.86856, 18.1082], [-95.86851, 18.10902], [-95.86824, 18.10896], [-95.86831, 18.10815], [-95.86856, 18.1082]]]}}, {"id": "1591466", "type": "Feature", "properties": {"id": "1591466", "CVEGEO": "2004400010017027", "POBTOT": 5.0, "score_nse": 0.0, "NSE": "ND", "VIVTOT": 2.0, "GRAPROES": 0.0, "_ent": "20", "_mun": "044", "_loc": "0001"}, "geometry": {"type": "Polygon", "coordinates": [[[-95.86586, 18.10719], [-95.86548, 18.10715], [-95.86549, 18.10676], [-95.86588, 18.1068], [-95.86586, 18.10719]]]}}, {"id": "1591467", "type": "Feature", "properties": {"id": "1591467", "CVEGEO": "2004400010017028", "POBTOT": 0.0, "score_nse": 10.0, "NSE": "E", "VIVTOT": 2.0, "GRAPROES": 0.0, "_ent": "20", "_mun": "044", "_loc": "0001"}, "geometry": {"type": "Polygon", "coordinates": [[[-95.86584, 18.10771], [-95.86548, 18.10768], [-95.86548, 18.10721], [-95.86585, 18.10725], [-95.86584, 18.10771]]]}}, {"id": "1591468", "type": "Feature", "properties": {"id": "1591468", "CVEGEO": "2004400010017021", "POBTOT": 0.0, "score_nse": 0.0, "NSE": "ND", "VIVTOT": 0.0, "GRAPROES": 0.0, "_ent": "20", "_mun": "044", "_loc": "0001"}, "geometry": {"type": "Polygon", "coordinates": [[[-95.86791, 18.10709], [-95.86781, 18.10797], [-95.86747, 18.10791], [-95.86756, 18.10704], [-95.86791, 18.10709]]]}}, {"id": "1591469", "type": "Feature", "properties": {"id": "1591469", "CVEGEO": "2004400010017020", "POBTOT": 0.0, "score_nse": 0.0, "NSE": "ND", "VIVTOT": 0.0, "GRAPROES": 0.0, "_ent": "20", "_mun": "044", "_loc": "0001"}, "geometry": {"type": "Polygon", "coordinates": [[[-95.86837, 18.10716], [-95.86826, 18.10807], [-95.86786, 18.10799], [-95.86795, 18.1071], [-95.86837, 18.10716]]]}}, {"id": "1591470", "type": "Feature", "properties": {"id": "1591470", "CVEGEO": "2004400010017019", "POBTOT": 13.0, "score_nse": 0.0, "NSE": "ND", "VIVTOT": 3.0, "GRAPROES": 5.43, "_ent": "20", "_mun": "044", "_loc": "0001"}, "geometry": {"type": "Polygon", "coordinates": [[[-95.8686, 18.10814], [-95.86832, 18.10809], [-95.86841, 18.10716], [-95.86862, 18.10719], [-95.8686, 18.10814]]]}}, {"id": "1591471", "type": "Feature", "properties": {"id": "1591471", "CVEGEO": "2004400010017015", "POBTOT": 4.0, "score_nse": 0.0, "NSE": "ND", "VIVTOT": 2.0, "GRAPROES": 0.0, "_ent": "20", "_mun": "044", "_loc": "0001"}, "geometry": {"type": "Polygon", "coordinates": [[[-95.86594, 18.10593], [-95.86591, 18.10636], [-95.86564, 18.10637], [-95.8659, 18.1064], [-95.86588, 18.10675], [-95.8655, 18.10671], [-95.86556, 18.1059], [-95.86594, 18.10593]]]}}, {"id": "1591472", "type": "Feature", "properties": {"id": "1591472", "CVEGEO": "2004400010017014", "POBTOT": 0.0, "score_nse": 10.0, "NSE": "E", "VIVTOT": 1.0, "GRAPROES": 0.0, "_ent": "20", "_mun": "044", "_loc": "0001"}, "geometry": {"type": "Polygon", "coordinates": [[[-95.8664, 18.10598], [-95.86635, 18.1068], [-95.86594, 18.10675], [-95.866, 18.10594], [-95.8664, 18.10598]]]}}, {"id": "1591473", "type": "Feature", "properties": {"id": "1591473", "CVEGEO": "2004400010017013", "POBTOT": 5.0, "score_nse": 0.0, "NSE": "ND", "VIVTOT": 3.0, "GRAPROES": 0.0, "_ent": "20", "_mun": "044", "_loc": "0001"}, "geometry": {"type": "Polygon", "coordinates": [[[-95.86683, 18.10686], [-95.86641, 18.1068], [-95.86646, 18.10599], [-95.86685, 18.10604], [-95.86683, 18.10686]]]}}, {"id": "1591474", "type": "Feature", "properties": {"id": "1591474", "CVEGEO": "2004400010017012", "POBTOT": 7.0, "score_nse": 0.0, "NSE": "ND", "VIVTOT": 2.0, "GRAPROES": 0.0, "_ent": "20", "_mun": "044", "_loc": "0001"}, "geometry": {"type": "Polygon", "coordinates": [[[-95.86758, 18.10611], [-95.86752, 18.10698], [-95.86689, 18.10687], [-95.86692, 18.10604], [-95.86758, 18.10611]]]}}, {"id": "1591475", "type": "Feature", "properties": {"id": "1591475", "CVEGEO": "2004400010017011", "POBTOT": 0.0, "score_nse": 0.0, "NSE": "ND", "VIVTOT": 0.0, "GRAPROES": 0.0, "_ent": "20", "_mun": "044", "_loc": "0001"}, "geometry": {"type": "Polygon", "coordinates": [[[-95.86801, 18.10615], [-95.86793, 18.10704], [-95.86758, 18.10699], [-95.86765, 18.10611], [-95.86801, 18.10615]]]}}, {"id": "1591476", "type": "Feature", "properties": {"id": "1591476", "CVEGEO": "2004400010017009", "POBTOT": 13.0, "score_nse": 0.0, "NSE": "ND", "VIVTOT": 4.0, "GRAPROES": 8.83, "_ent": "20", "_mun": "044", "_loc": "0001"}, "geometry": {"type": "Polygon", "coordinates": [[[-95.86868, 18.10621], [-95.86862, 18.10713], [-95.86843, 18.10711], [-95.86852, 18.1062], [-95.86868, 18.10621]]]}}, {"id": "1591477", "type": "Feature", "properties": {"id": "1591477", "CVEGEO": "2004400010017010", "POBTOT": 5.0, "score_nse": 0.0, "NSE": "ND", "VIVTOT": 3.0, "GRAPROES": 4.4, "_ent": "20", "_mun": "044", "_loc": "0001"}, "geometry": {"type": "Polygon", "coordinates": [[[-95.86846, 18.1062], [-95.86837, 18.1071], [-95.86798, 18.10705], [-95.86807, 18.10616], [-95.86846, 18.1062]]]}}, {"id": "1591478", "type": "Feature", "properties": {"id": "1591478", "CVEGEO": "2004400010017008", "POBTOT": 10.0, "score_nse": 0.0, "NSE": "ND", "VIVTOT": 2.0, "GRAPROES": 0.0, "_ent": "20", "_mun": "044", "_loc": "0001"}, "geometry": {"type": "Polygon", "coordinates": [[[-95.86694, 18.1048], [-95.86687, 18.10598], [-95.86647, 18.10593], [-95.86654, 18.10476], [-95.86694, 18.1048]]]}}, {"id": "1591479", "type": "Feature", "properties": {"id": "1591479", "CVEGEO": "2004400010017007", "POBTOT": 16.0, "score_nse": 0.0, "NSE": "ND", "VIVTOT": 5.0, "GRAPROES": 6.92, "_ent": "20", "_mun": "044", "_loc": "0001"}, "geometry": {"type": "Polygon", "coordinates": [[[-95.86701, 18.10374], [-95.86695, 18.10472], [-95.86653, 18.10468], [-95.8666, 18.10371], [-95.86701, 18.10374]]]}}, {"id": "1591480", "type": "Feature", "properties": {"id": "1591480", "CVEGEO": "2004400010017006", "POBTOT": 9.0, "score_nse": 0.0, "NSE": "ND", "VIVTOT": 4.0, "GRAPROES": 5.0, "_ent": "20", "_mun": "044", "_loc": "0001"}, "geometry": {"type": "Polygon", "coordinates": [[[-95.86655, 18.10371], [-95.86647, 18.10467], [-95.86608, 18.10463], [-95.86613, 18.10367], [-95.86655, 18.10371]]]}}, {"id": "1591481", "type": "Feature", "properties": {"id": "1591481", "CVEGEO": "2004400010017005", "POBTOT": 2.0, "score_nse": 0.0, "NSE": "ND", "VIVTOT": 1.0, "GRAPROES": 0.0, "_ent": "20", "_mun": "044", "_loc": "0001"}, "geometry": {"type": "Polygon", "coordinates": [[[-95.86608, 18.10366], [-95.86605, 18.10405], [-95.86538, 18.10401], [-95.8654, 18.10353], [-95.86608, 18.10366]]]}}, {"id": "1591482", "type": "Feature", "properties": {"id": "1591482", "CVEGEO": "2004400010017004", "POBTOT": 3.0, "score_nse": 0.0, "NSE": "ND", "VIVTOT": 1.0, "GRAPROES": 0.0, "_ent": "20", "_mun": "044", "_loc": "0001"}, "geometry": {"type": "Polygon", "coordinates": [[[-95.86605, 18.1041], [-95.86602, 18.10462], [-95.86536, 18.10454], [-95.86538, 18.10404], [-95.86605, 18.1041]]]}}, {"id": "1591483", "type": "Feature", "properties": {"id": "1591483", "CVEGEO": "2004400010017001", "POBTOT": 12.0, "score_nse": 0.0, "NSE": "ND", "VIVTOT": 3.0, "GRAPROES": 10.0, "_ent": "20", "_mun": "044", "_loc": "0001"}, "geometry": {"type": "Polygon", "coordinates": [[[-95.86647, 18.10475], [-95.8664, 18.10592], [-95.86601, 18.10588], [-95.86607, 18.10469], [-95.86647, 18.10475]]]}}, {"id": "1591484", "type": "Feature", "properties": {"id": "1591484", "CVEGEO": "2004400010426013", "POBTOT": 22.0, "score_nse": 0.0, "NSE": "ND", "VIVTOT": 7.0, "GRAPROES": 5.92, "_ent": "20", "_mun": "044", "_loc": "0001"}, "geometry": {"type": "Polygon", "coordinates": [[[-95.89375, 18.10841], [-95.89343, 18.10862], [-95.89275, 18.10781], [-95.89312, 18.10764], [-95.89375, 18.10841]]]}}, {"id": "1591485", "type": "Feature", "properties": {"id": "1591485", "CVEGEO": "2004400010341014", "POBTOT": 40.0, "score_nse": 43.5749, "NSE": "C-", "VIVTOT": 21.0, "GRAPROES": 7.75, "_ent": "20", "_mun": "044", "_loc": "0001"}, "geometry": {"type": "Polygon", "coordinates": [[[-95.87395, 18.11519], [-95.87314, 18.1157], [-95.87297, 18.11545], [-95.87318, 18.11494], [-95.87303, 18.11467], [-95.87342, 18.11443], [-95.87395, 18.11519]]]}}, {"id": "1591486", "type": "Feature", "properties": {"id": "1591486", "CVEGEO": "2004400010303017", "POBTOT": 73.0, "score_nse": 60.8507, "NSE": "C", "VIVTOT": 30.0, "GRAPROES": 10.05, "_ent": "20", "_mun": "044", "_loc": "0001"}, "geometry": {"type": "Polygon", "coordinates": [[[-95.87733, 18.09999], [-95.87721, 18.10083], [-95.87537, 18.10057], [-95.87549, 18.09979], [-95.87733, 18.09999]]]}}, {"id": "1591487", "type": "Feature", "properties": {"id": "1591487", "CVEGEO": "2004400010267024", "POBTOT": 85.0, "score_nse": 0.0, "NSE": "ND", "VIVTOT": 42.0, "GRAPROES": 7.54, "_ent": "20", "_mun": "044", "_loc": "0001"}, "geometry": {"type": "Polygon", "coordinates": [[[-95.88193, 18.11578], [-95.88069, 18.11658], [-95.88006, 18.11573], [-95.88134, 18.11494], [-95.88193, 18.11578]]]}}, {"id": "1591488", "type": "Feature", "properties": {"id": "1591488", "CVEGEO": "2004400010252031", "POBTOT": 154.0, "score_nse": 47.4523, "NSE": "C-", "VIVTOT": 58.0, "GRAPROES": 7.34, "_ent": "20", "_mun": "044", "_loc": "0001"}, "geometry": {"type": "Polygon", "coordinates": [[[-95.87126, 18.10629], [-95.87028, 18.10623], [-95.87023, 18.1058], [-95.8702, 18.10623], [-95.86923, 18.10616], [-95.86928, 18.10507], [-95.86968, 18.10512], [-95.86964, 18.10574], [-95.86973, 18.10512], [-95.87013, 18.10518], [-95.87015, 18.10579], [-95.8702, 18.1052], [-95.87057, 18.10526], [-95.87061, 18.10581], [-95.87064, 18.10527], [-95.87125, 18.10531], [-95.87126, 18.10629]]]}}, {"id": "1591489", "type": "Feature", "properties": {"id": "1591489", "CVEGEO": "2004400010252007", "POBTOT": 175.0, "score_nse": 0.0, "NSE": "ND", "VIVTOT": 84.0, "GRAPROES": 8.58, "_ent": "20", "_mun": "044", "_loc": "0001"}, "geometry": {"type": "Polygon", "coordinates": [[[-95.87649, 18.1061], [-95.87636, 18.107], [-95.87444, 18.10675], [-95.87457, 18.10583], [-95.87649, 18.1061]]]}}, {"id": "1591490", "type": "Feature", "properties": {"id": "1591490", "CVEGEO": "2004400010159030", "POBTOT": 28.0, "score_nse": 0.0, "NSE": "ND", "VIVTOT": 13.0, "GRAPROES": 6.82, "_ent": "20", "_mun": "044", "_loc": "0001"}, "geometry": {"type": "Polygon", "coordinates": [[[-95.88706, 18.10428], [-95.88713, 18.10383], [-95.88811, 18.10394], [-95.88804, 18.10442], [-95.88706, 18.10428]]]}}, {"id": "1591491", "type": "Feature", "properties": {"id": "1591491", "CVEGEO": "2004400010159026", "POBTOT": 89.0, "score_nse": 56.9027, "NSE": "C", "VIVTOT": 30.0, "GRAPROES": 9.38, "_ent": "20", "_mun": "044", "_loc": "0001"}, "geometry": {"type": "Polygon", "coordinates": [[[-95.88703, 18.10382], [-95.88697, 18.10425], [-95.88497, 18.10399], [-95.88511, 18.10353], [-95.88703, 18.10382]]]}}, {"id": "1591492", "type": "Feature", "properties": {"id": "1591492", "CVEGEO": "2004400010144001", "POBTOT": 102.0, "score_nse": 0.0, "NSE": "ND", "VIVTOT": 34.0, "GRAPROES": 8.47, "_ent": "20", "_mun": "044", "_loc": "0001"}, "geometry": {"type": "Polygon", "coordinates": [[[-95.88777, 18.11064], [-95.88653, 18.11143], [-95.88599, 18.11065], [-95.8872, 18.10986], [-95.88777, 18.11064]]]}}, {"id": "1591493", "type": "Feature", "properties": {"id": "1591493", "CVEGEO": "2004400010411033", "POBTOT": 21.0, "score_nse": 0.0, "NSE": "ND", "VIVTOT": 11.0, "GRAPROES": 9.73, "_ent": "20", "_mun": "044", "_loc": "0001"}, "geometry": {"type": "Polygon", "coordinates": [[[-95.89085, 18.10014], [-95.89024, 18.10118], [-95.88945, 18.10082], [-95.89004, 18.09974], [-95.89039, 18.09992], [-95.89003, 18.1006], [-95.89043, 18.09995], [-95.89085, 18.10014]]]}}, {"id": "1591494", "type": "Feature", "properties": {"id": "1591494", "CVEGEO": "2004400010411041", "POBTOT": 17.0, "score_nse": 0.0, "NSE": "ND", "VIVTOT": 6.0, "GRAPROES": 4.56, "_ent": "20", "_mun": "044", "_loc": "0001"}, "geometry": {"type": "Polygon", "coordinates": [[[-95.89423, 18.09894], [-95.89379, 18.10031], [-95.89379, 18.1004], [-95.89347, 18.10024], [-95.89423, 18.09894]]]}}, {"id": "1591495", "type": "Feature", "properties": {"id": "1591495", "CVEGEO": "2004400010021028", "POBTOT": 0.0, "score_nse": 0.0, "NSE": "ND", "VIVTOT": 0.0, "GRAPROES": 0.0, "_ent": "20", "_mun": "044", "_loc": "0001"}, "geometry": {"type": "Polygon", "coordinates": [[[-95.86824, 18.09875], [-95.8682, 18.09925], [-95.86795, 18.09924], [-95.86801, 18.09873], [-95.86824, 18.09875]]]}}, {"id": "1591496", "type": "Feature", "properties": {"id": "1591496", "CVEGEO": "2004400010021027", "POBTOT": 0.0, "score_nse": 0.0, "NSE": "ND", "VIVTOT": 0.0, "GRAPROES": 0.0, "_ent": "20", "_mun": "044", "_loc": "0001"}, "geometry": {"type": "Polygon", "coordinates": [[[-95.86835, 18.10011], [-95.86827, 18.10101], [-95.8681, 18.10099], [-95.86816, 18.10011], [-95.86835, 18.10011]]]}}, {"id": "1591497", "type": "Feature", "properties": {"id": "1591497", "CVEGEO": "2004400010021026", "POBTOT": 0.0, "score_nse": 0.0, "NSE": "ND", "VIVTOT": 0.0, "GRAPROES": 0.0, "_ent": "20", "_mun": "044", "_loc": "0001"}, "geometry": {"type": "Polygon", "coordinates": [[[-95.86852, 18.09877], [-95.86847, 18.09927], [-95.86825, 18.09926], [-95.8683, 18.09875], [-95.86852, 18.09877]]]}}, {"id": "1591498", "type": "Feature", "properties": {"id": "1591498", "CVEGEO": "2004400010021025", "POBTOT": 5.0, "score_nse": 0.0, "NSE": "ND", "VIVTOT": 1.0, "GRAPROES": 0.0, "_ent": "20", "_mun": "044", "_loc": "0001"}, "geometry": {"type": "Polygon", "coordinates": [[[-95.86846, 18.09932], [-95.86836, 18.10007], [-95.86816, 18.10006], [-95.86825, 18.0993], [-95.86846, 18.09932]]]}}, {"id": "1591499", "type": "Feature", "properties": {"id": "1591499", "CVEGEO": "2004400010021024", "POBTOT": 2.0, "score_nse": 0.0, "NSE": "ND", "VIVTOT": 1.0, "GRAPROES": 0.0, "_ent": "20", "_mun": "044", "_loc": "0001"}, "geometry": {"type": "Polygon", "coordinates": [[[-95.86887, 18.09878], [-95.86881, 18.09928], [-95.86852, 18.09927], [-95.86857, 18.09877], [-95.86887, 18.09878]]]}}, {"id": "1591500", "type": "Feature", "properties": {"id": "1591500", "CVEGEO": "2004400010021023", "POBTOT": 1.0, "score_nse": 0.0, "NSE": "ND", "VIVTOT": 1.0, "GRAPROES": 0.0, "_ent": "20", "_mun": "044", "_loc": "0001"}, "geometry": {"type": "Polygon", "coordinates": [[[-95.86881, 18.09933], [-95.86873, 18.10009], [-95.86839, 18.10007], [-95.86851, 18.09932], [-95.86881, 18.09933]]]}}, {"id": "1591501", "type": "Feature", "properties": {"id": "1591501", "CVEGEO": "2004400010021022", "POBTOT": 7.0, "score_nse": 0.0, "NSE": "ND", "VIVTOT": 2.0, "GRAPROES": 0.0, "_ent": "20", "_mun": "044", "_loc": "0001"}, "geometry": {"type": "Polygon", "coordinates": [[[-95.86872, 18.10014], [-95.86863, 18.10103], [-95.86832, 18.10101], [-95.86839, 18.10011], [-95.86872, 18.10014]]]}}, {"id": "1591502", "type": "Feature", "properties": {"id": "1591502", "CVEGEO": "2004400010021021", "POBTOT": 2.0, "score_nse": 0.0, "NSE": "ND", "VIVTOT": 1.0, "GRAPROES": 0.0, "_ent": "20", "_mun": "044", "_loc": "0001"}, "geometry": {"type": "Polygon", "coordinates": [[[-95.87135, 18.10032], [-95.8713, 18.10117], [-95.87097, 18.10115], [-95.87104, 18.10029], [-95.87135, 18.10032]]]}}, {"id": "1591503", "type": "Feature", "properties": {"id": "1591503", "CVEGEO": "2004400010021020", "POBTOT": 14.0, "score_nse": 0.0, "NSE": "ND", "VIVTOT": 5.0, "GRAPROES": 7.0, "_ent": "20", "_mun": "044", "_loc": "0001"}, "geometry": {"type": "Polygon", "coordinates": [[[-95.87145, 18.09953], [-95.87136, 18.10025], [-95.87104, 18.10023], [-95.87115, 18.09951], [-95.87145, 18.09953]]]}}, {"id": "1591504", "type": "Feature", "properties": {"id": "1591504", "CVEGEO": "2004400010021019", "POBTOT": 0.0, "score_nse": 0.0, "NSE": "ND", "VIVTOT": 0.0, "GRAPROES": 0.0, "_ent": "20", "_mun": "044", "_loc": "0001"}, "geometry": {"type": "Polygon", "coordinates": [[[-95.87151, 18.09901], [-95.87147, 18.09946], [-95.87115, 18.09943], [-95.87119, 18.09899], [-95.87151, 18.09901]]]}}, {"id": "1591505", "type": "Feature", "properties": {"id": "1591505", "CVEGEO": "2004400010021018", "POBTOT": 0.0, "score_nse": 0.0, "NSE": "ND", "VIVTOT": 0.0, "GRAPROES": 0.0, "_ent": "20", "_mun": "044", "_loc": "0001"}, "geometry": {"type": "Polygon", "coordinates": [[[-95.86927, 18.09882], [-95.8692, 18.0993], [-95.86887, 18.09928], [-95.86893, 18.09879], [-95.86927, 18.09882]]]}}, {"id": "1591506", "type": "Feature", "properties": {"id": "1591506", "CVEGEO": "2004400010021017", "POBTOT": 2.0, "score_nse": 0.0, "NSE": "ND", "VIVTOT": 1.0, "GRAPROES": 0.0, "_ent": "20", "_mun": "044", "_loc": "0001"}, "geometry": {"type": "Polygon", "coordinates": [[[-95.86919, 18.09935], [-95.86912, 18.10012], [-95.86878, 18.10009], [-95.86886, 18.09933], [-95.86919, 18.09935]]]}}, {"id": "1591507", "type": "Feature", "properties": {"id": "1591507", "CVEGEO": "2004400010021016", "POBTOT": 0.0, "score_nse": 0.0, "NSE": "ND", "VIVTOT": 0.0, "GRAPROES": 0.0, "_ent": "20", "_mun": "044", "_loc": "0001"}, "geometry": {"type": "Polygon", "coordinates": [[[-95.86912, 18.10017], [-95.86904, 18.10106], [-95.86869, 18.10104], [-95.86878, 18.10014], [-95.86912, 18.10017]]]}}, {"id": "1591508", "type": "Feature", "properties": {"id": "1591508", "CVEGEO": "2004400010021015", "POBTOT": 5.0, "score_nse": 0.0, "NSE": "ND", "VIVTOT": 3.0, "GRAPROES": 0.0, "_ent": "20", "_mun": "044", "_loc": "0001"}, "geometry": {"type": "Polygon", "coordinates": [[[-95.87097, 18.1003], [-95.87092, 18.10115], [-95.8706, 18.10114], [-95.87067, 18.10028], [-95.87097, 18.1003]]]}}, {"id": "1591509", "type": "Feature", "properties": {"id": "1591509", "CVEGEO": "2004400010021014", "POBTOT": 0.0, "score_nse": 0.0, "NSE": "ND", "VIVTOT": 0.0, "GRAPROES": 0.0, "_ent": "20", "_mun": "044", "_loc": "0001"}, "geometry": {"type": "Polygon", "coordinates": [[[-95.87108, 18.0995], [-95.87099, 18.10024], [-95.87068, 18.10022], [-95.87075, 18.09947], [-95.87108, 18.0995]]]}}, {"id": "1591510", "type": "Feature", "properties": {"id": "1591510", "CVEGEO": "2004400010021013", "POBTOT": 14.0, "score_nse": 0.0, "NSE": "ND", "VIVTOT": 6.0, "GRAPROES": 11.1, "_ent": "20", "_mun": "044", "_loc": "0001"}, "geometry": {"type": "Polygon", "coordinates": [[[-95.87114, 18.09898], [-95.87109, 18.09943], [-95.87077, 18.0994], [-95.87082, 18.09895], [-95.87114, 18.09898]]]}}, {"id": "1591511", "type": "Feature", "properties": {"id": "1591511", "CVEGEO": "2004400010021012", "POBTOT": 3.0, "score_nse": 0.0, "NSE": "ND", "VIVTOT": 1.0, "GRAPROES": 0.0, "_ent": "20", "_mun": "044", "_loc": "0001"}, "geometry": {"type": "Polygon", "coordinates": [[[-95.86963, 18.09884], [-95.86957, 18.09932], [-95.86925, 18.09931], [-95.86932, 18.09881], [-95.86963, 18.09884]]]}}, {"id": "1591512", "type": "Feature", "properties": {"id": "1591512", "CVEGEO": "2004400010021011", "POBTOT": 0.0, "score_nse": 0.0, "NSE": "ND", "VIVTOT": 0.0, "GRAPROES": 0.0, "_ent": "20", "_mun": "044", "_loc": "0001"}, "geometry": {"type": "Polygon", "coordinates": [[[-95.86956, 18.09938], [-95.86948, 18.10014], [-95.86916, 18.10012], [-95.86924, 18.09936], [-95.86956, 18.09938]]]}}, {"id": "1591513", "type": "Feature", "properties": {"id": "1591513", "CVEGEO": "2004400010021010", "POBTOT": 4.0, "score_nse": 0.0, "NSE": "ND", "VIVTOT": 1.0, "GRAPROES": 0.0, "_ent": "20", "_mun": "044", "_loc": "0001"}, "geometry": {"type": "Polygon", "coordinates": [[[-95.86948, 18.10019], [-95.86941, 18.10107], [-95.86909, 18.10106], [-95.86916, 18.10017], [-95.86948, 18.10019]]]}}, {"id": "1591514", "type": "Feature", "properties": {"id": "1591514", "CVEGEO": "2004400010021009", "POBTOT": 10.0, "score_nse": 0.0, "NSE": "ND", "VIVTOT": 3.0, "GRAPROES": 0.0, "_ent": "20", "_mun": "044", "_loc": "0001"}, "geometry": {"type": "Polygon", "coordinates": [[[-95.86985, 18.10022], [-95.86979, 18.10109], [-95.86947, 18.10108], [-95.86952, 18.1002], [-95.86985, 18.10022]]]}}, {"id": "1591515", "type": "Feature", "properties": {"id": "1591515", "CVEGEO": "2004400010021008", "POBTOT": 8.0, "score_nse": 0.0, "NSE": "ND", "VIVTOT": 3.0, "GRAPROES": 8.5, "_ent": "20", "_mun": "044", "_loc": "0001"}, "geometry": {"type": "Polygon", "coordinates": [[[-95.87024, 18.10025], [-95.87016, 18.10111], [-95.86984, 18.1011], [-95.8699, 18.10023], [-95.87024, 18.10025]]]}}, {"id": "1591516", "type": "Feature", "properties": {"id": "1591516", "CVEGEO": "2004400010021007", "POBTOT": 8.0, "score_nse": 0.0, "NSE": "ND", "VIVTOT": 2.0, "GRAPROES": 0.0, "_ent": "20", "_mun": "044", "_loc": "0001"}, "geometry": {"type": "Polygon", "coordinates": [[[-95.87061, 18.10027], [-95.87055, 18.10113], [-95.87022, 18.10112], [-95.87029, 18.10025], [-95.87061, 18.10027]]]}}, {"id": "1591517", "type": "Feature", "properties": {"id": "1591517", "CVEGEO": "2004400010021006", "POBTOT": 3.0, "score_nse": 0.0, "NSE": "ND", "VIVTOT": 1.0, "GRAPROES": 0.0, "_ent": "20", "_mun": "044", "_loc": "0001"}, "geometry": {"type": "Polygon", "coordinates": [[[-95.8707, 18.09947], [-95.87062, 18.10021], [-95.8703, 18.10019], [-95.87038, 18.09944], [-95.8707, 18.09947]]]}}, {"id": "1591518", "type": "Feature", "properties": {"id": "1591518", "CVEGEO": "2004400010021005", "POBTOT": 5.0, "score_nse": 0.0, "NSE": "ND", "VIVTOT": 1.0, "GRAPROES": 0.0, "_ent": "20", "_mun": "044", "_loc": "0001"}, "geometry": {"type": "Polygon", "coordinates": [[[-95.87077, 18.09895], [-95.87071, 18.0994], [-95.8704, 18.09938], [-95.87045, 18.09892], [-95.87077, 18.09895]]]}}, {"id": "1591519", "type": "Feature", "properties": {"id": "1591519", "CVEGEO": "2004400010021004", "POBTOT": 3.0, "score_nse": 0.0, "NSE": "ND", "VIVTOT": 1.0, "GRAPROES": 0.0, "_ent": "20", "_mun": "044", "_loc": "0001"}, "geometry": {"type": "Polygon", "coordinates": [[[-95.87039, 18.09891], [-95.87034, 18.09937], [-95.87004, 18.09935], [-95.8701, 18.09888], [-95.87039, 18.09891]]]}}, {"id": "1591520", "type": "Feature", "properties": {"id": "1591520", "CVEGEO": "2004400010021003", "POBTOT": 6.0, "score_nse": 0.0, "NSE": "ND", "VIVTOT": 2.0, "GRAPROES": 0.0, "_ent": "20", "_mun": "044", "_loc": "0001"}, "geometry": {"type": "Polygon", "coordinates": [[[-95.87, 18.09887], [-95.86995, 18.09934], [-95.86962, 18.09932], [-95.86967, 18.09888], [-95.87, 18.09887]]]}}, {"id": "1591521", "type": "Feature", "properties": {"id": "1591521", "CVEGEO": "2004400010021002", "POBTOT": 0.0, "score_nse": 0.0, "NSE": "ND", "VIVTOT": 0.0, "GRAPROES": 0.0, "_ent": "20", "_mun": "044", "_loc": "0001"}, "geometry": {"type": "Polygon", "coordinates": [[[-95.86994, 18.09941], [-95.86985, 18.10016], [-95.86953, 18.10014], [-95.86962, 18.09938], [-95.86994, 18.09941]]]}}, {"id": "1591522", "type": "Feature", "properties": {"id": "1591522", "CVEGEO": "2004400010021001", "POBTOT": 3.0, "score_nse": 0.0, "NSE": "ND", "VIVTOT": 1.0, "GRAPROES": 0.0, "_ent": "20", "_mun": "044", "_loc": "0001"}, "geometry": {"type": "Polygon", "coordinates": [[[-95.87033, 18.09944], [-95.87023, 18.10019], [-95.8699, 18.10016], [-95.86998, 18.09941], [-95.87033, 18.09944]]]}}, {"id": "1591523", "type": "Feature", "properties": {"id": "1591523", "CVEGEO": "2004400010214025", "POBTOT": 12.0, "score_nse": 0.0, "NSE": "ND", "VIVTOT": 12.0, "GRAPROES": 5.33, "_ent": "20", "_mun": "044", "_loc": "0001"}, "geometry": {"type": "Polygon", "coordinates": [[[-95.87796, 18.09448], [-95.87726, 18.09445], [-95.87698, 18.09355], [-95.87798, 18.09365], [-95.87796, 18.09404], [-95.87769, 18.09407], [-95.87797, 18.0941], [-95.87796, 18.09448]]]}}, {"id": "1591524", "type": "Feature", "properties": {"id": "1591524", "CVEGEO": "2004400010214024", "POBTOT": 1.0, "score_nse": 0.0, "NSE": "ND", "VIVTOT": 3.0, "GRAPROES": 0.0, "_ent": "20", "_mun": "044", "_loc": "0001"}, "geometry": {"type": "Polygon", "coordinates": [[[-95.87795, 18.09453], [-95.87789, 18.09577], [-95.87761, 18.09576], [-95.87727, 18.0945], [-95.87795, 18.09453]]]}}, {"id": "1591525", "type": "Feature", "properties": {"id": "1591525", "CVEGEO": "2004400010411053", "POBTOT": 52.0, "score_nse": 22.98, "NSE": "D", "VIVTOT": 20.0, "GRAPROES": 4.39, "_ent": "20", "_mun": "044", "_loc": "0001"}, "geometry": {"type": "Polygon", "coordinates": [[[-95.89589, 18.09693], [-95.8955, 18.09769], [-95.89525, 18.09757], [-95.89562, 18.0968], [-95.89589, 18.09693]]]}}, {"id": "1591526", "type": "Feature", "properties": {"id": "1591526", "CVEGEO": "2004400010411051", "POBTOT": 52.0, "score_nse": 27.3364, "NSE": "D", "VIVTOT": 22.0, "GRAPROES": 5.75, "_ent": "20", "_mun": "044", "_loc": "0001"}, "geometry": {"type": "Polygon", "coordinates": [[[-95.89515, 18.09757], [-95.8948, 18.0983], [-95.89456, 18.09819], [-95.89491, 18.09746], [-95.89515, 18.09757]]]}}, {"id": "1591527", "type": "Feature", "properties": {"id": "1591527", "CVEGEO": "2004400010411052", "POBTOT": 72.0, "score_nse": 27.2411, "NSE": "D", "VIVTOT": 21.0, "GRAPROES": 4.95, "_ent": "20", "_mun": "044", "_loc": "0001"}, "geometry": {"type": "Polygon", "coordinates": [[[-95.89546, 18.09773], [-95.89507, 18.09842], [-95.89484, 18.09832], [-95.89519, 18.0976], [-95.89546, 18.09773]]]}}, {"id": "1591528", "type": "Feature", "properties": {"id": "1591528", "CVEGEO": "2004400010411054", "POBTOT": 50.0, "score_nse": 25.9347, "NSE": "D", "VIVTOT": 18.0, "GRAPROES": 4.8, "_ent": "20", "_mun": "044", "_loc": "0001"}, "geometry": {"type": "Polygon", "coordinates": [[[-95.89552, 18.09679], [-95.89517, 18.09753], [-95.89493, 18.09742], [-95.89528, 18.09667], [-95.89552, 18.09679]]]}}, {"id": "1591530", "type": "Feature", "properties": {"id": "1591530", "CVEGEO": "2004400010252038", "POBTOT": 7.0, "score_nse": 0.0, "NSE": "ND", "VIVTOT": 3.0, "GRAPROES": 10.33, "_ent": "20", "_mun": "044", "_loc": "0001"}, "geometry": {"type": "Polygon", "coordinates": [[[-95.86973, 18.10412], [-95.86969, 18.10506], [-95.86929, 18.105], [-95.86934, 18.10407], [-95.86973, 18.10412]]]}}, {"id": "1591531", "type": "Feature", "properties": {"id": "1591531", "CVEGEO": "2004400010356031", "POBTOT": 18.0, "score_nse": 0.0, "NSE": "ND", "VIVTOT": 5.0, "GRAPROES": 5.64, "_ent": "20", "_mun": "044", "_loc": "0001"}, "geometry": {"type": "Polygon", "coordinates": [[[-95.86617, 18.11731], [-95.8659, 18.1175], [-95.86531, 18.11667], [-95.86561, 18.11647], [-95.86617, 18.11731]]]}}, {"id": "1591532", "type": "Feature", "properties": {"id": "1591532", "CVEGEO": "2004400010106019", "POBTOT": 0.0, "score_nse": 0.0, "NSE": "ND", "VIVTOT": 0.0, "GRAPROES": 0.0, "_ent": "20", "_mun": "044", "_loc": "0001"}, "geometry": {"type": "Polygon", "coordinates": [[[-95.86068, 18.1224], [-95.86052, 18.1225], [-95.85981, 18.12139], [-95.85996, 18.1213], [-95.86068, 18.1224]]]}}, {"id": "1591533", "type": "Feature", "properties": {"id": "1591533", "CVEGEO": "2004400010106018", "POBTOT": 0.0, "score_nse": 0.0, "NSE": "ND", "VIVTOT": 0.0, "GRAPROES": 0.0, "_ent": "20", "_mun": "044", "_loc": "0001"}, "geometry": {"type": "Polygon", "coordinates": [[[-95.86202, 18.12282], [-95.861, 18.12347], [-95.86049, 18.12257], [-95.86109, 18.12218], [-95.86162, 18.123], [-95.86112, 18.12222], [-95.86144, 18.12194], [-95.86202, 18.12282]]]}}, {"id": "1591534", "type": "Feature", "properties": {"id": "1591534", "CVEGEO": "2004400010106017", "POBTOT": 0.0, "score_nse": 0.0, "NSE": "ND", "VIVTOT": 0.0, "GRAPROES": 0.0, "_ent": "20", "_mun": "044", "_loc": "0001"}, "geometry": {"type": "Polygon", "coordinates": [[[-95.86239, 18.12258], [-95.86206, 18.1228], [-95.86148, 18.12192], [-95.86182, 18.1217], [-95.86239, 18.12258]]]}}, {"id": "1591535", "type": "Feature", "properties": {"id": "1591535", "CVEGEO": "2004400010106016", "POBTOT": 0.0, "score_nse": 0.0, "NSE": "ND", "VIVTOT": 0.0, "GRAPROES": 0.0, "_ent": "20", "_mun": "044", "_loc": "0001"}, "geometry": {"type": "Polygon", "coordinates": [[[-95.86275, 18.12233], [-95.86244, 18.12254], [-95.86185, 18.12168], [-95.86218, 18.12147], [-95.86275, 18.12233]]]}}, {"id": "1591536", "type": "Feature", "properties": {"id": "1591536", "CVEGEO": "2004400010106015", "POBTOT": 0.0, "score_nse": 0.0, "NSE": "ND", "VIVTOT": 0.0, "GRAPROES": 0.0, "_ent": "20", "_mun": "044", "_loc": "0001"}, "geometry": {"type": "Polygon", "coordinates": [[[-95.86312, 18.12209], [-95.8628, 18.12229], [-95.86222, 18.12144], [-95.86257, 18.12122], [-95.86312, 18.12209]]]}}, {"id": "1591537", "type": "Feature", "properties": {"id": "1591537", "CVEGEO": "2004400010106014", "POBTOT": 1.0, "score_nse": 0.0, "NSE": "ND", "VIVTOT": 2.0, "GRAPROES": 0.0, "_ent": "20", "_mun": "044", "_loc": "0001"}, "geometry": {"type": "Polygon", "coordinates": [[[-95.86351, 18.12185], [-95.86317, 18.12206], [-95.86263, 18.12119], [-95.86296, 18.12099], [-95.86351, 18.12185]]]}}, {"id": "1591538", "type": "Feature", "properties": {"id": "1591538", "CVEGEO": "2004400010106013", "POBTOT": 0.0, "score_nse": 0.0, "NSE": "ND", "VIVTOT": 0.0, "GRAPROES": 0.0, "_ent": "20", "_mun": "044", "_loc": "0001"}, "geometry": {"type": "Polygon", "coordinates": [[[-95.86387, 18.12161], [-95.86357, 18.12181], [-95.863, 18.12096], [-95.86335, 18.12074], [-95.86387, 18.12161]]]}}, {"id": "1591539", "type": "Feature", "properties": {"id": "1591539", "CVEGEO": "2004400010106011", "POBTOT": 3.0, "score_nse": 0.0, "NSE": "ND", "VIVTOT": 1.0, "GRAPROES": 0.0, "_ent": "20", "_mun": "044", "_loc": "0001"}, "geometry": {"type": "Polygon", "coordinates": [[[-95.86255, 18.12118], [-95.86219, 18.12141], [-95.8615, 18.1203], [-95.86185, 18.12009], [-95.86255, 18.12118]]]}}, {"id": "1591540", "type": "Feature", "properties": {"id": "1591540", "CVEGEO": "2004400010106010", "POBTOT": 0.0, "score_nse": 10.0, "NSE": "E", "VIVTOT": 1.0, "GRAPROES": 0.0, "_ent": "20", "_mun": "044", "_loc": "0001"}, "geometry": {"type": "Polygon", "coordinates": [[[-95.86215, 18.12143], [-95.86183, 18.12164], [-95.8611, 18.12056], [-95.86146, 18.12033], [-95.86215, 18.12143]]]}}, {"id": "1591541", "type": "Feature", "properties": {"id": "1591541", "CVEGEO": "2004400010106009", "POBTOT": 0.0, "score_nse": 0.0, "NSE": "ND", "VIVTOT": 0.0, "GRAPROES": 0.0, "_ent": "20", "_mun": "044", "_loc": "0001"}, "geometry": {"type": "Polygon", "coordinates": [[[-95.86179, 18.12166], [-95.86146, 18.12188], [-95.86074, 18.12078], [-95.86107, 18.12058], [-95.86179, 18.12166]]]}}, {"id": "1591542", "type": "Feature", "properties": {"id": "1591542", "CVEGEO": "2004400010106008", "POBTOT": 0.0, "score_nse": 0.0, "NSE": "ND", "VIVTOT": 0.0, "GRAPROES": 0.0, "_ent": "20", "_mun": "044", "_loc": "0001"}, "geometry": {"type": "Polygon", "coordinates": [[[-95.86142, 18.1219], [-95.86108, 18.12213], [-95.86036, 18.12103], [-95.86071, 18.1208], [-95.86142, 18.1219]]]}}, {"id": "1591543", "type": "Feature", "properties": {"id": "1591543", "CVEGEO": "2004400010106007", "POBTOT": 0.0, "score_nse": 0.0, "NSE": "ND", "VIVTOT": 0.0, "GRAPROES": 0.0, "_ent": "20", "_mun": "044", "_loc": "0001"}, "geometry": {"type": "Polygon", "coordinates": [[[-95.86105, 18.12215], [-95.86071, 18.12238], [-95.85998, 18.12128], [-95.86034, 18.12105], [-95.86105, 18.12215]]]}}, {"id": "1591544", "type": "Feature", "properties": {"id": "1591544", "CVEGEO": "2004400010106006", "POBTOT": 2.0, "score_nse": 0.0, "NSE": "ND", "VIVTOT": 1.0, "GRAPROES": 0.0, "_ent": "20", "_mun": "044", "_loc": "0001"}, "geometry": {"type": "Polygon", "coordinates": [[[-95.86331, 18.12067], [-95.86296, 18.12089], [-95.86228, 18.11983], [-95.86262, 18.11962], [-95.86331, 18.12067]]]}}, {"id": "1591545", "type": "Feature", "properties": {"id": "1591545", "CVEGEO": "2004400010411050", "POBTOT": 2.0, "score_nse": 0.0, "NSE": "ND", "VIVTOT": 5.0, "GRAPROES": 0.0, "_ent": "20", "_mun": "044", "_loc": "0001"}, "geometry": {"type": "Polygon", "coordinates": [[[-95.88843, 18.09887], [-95.88701, 18.09817], [-95.88729, 18.09738], [-95.88745, 18.09613], [-95.88785, 18.09634], [-95.88783, 18.09762], [-95.88821, 18.09783], [-95.88843, 18.09887]]]}}, {"id": "1591546", "type": "Feature", "properties": {"id": "1591546", "CVEGEO": "2004400010411044", "POBTOT": 10.0, "score_nse": 0.0, "NSE": "ND", "VIVTOT": 4.0, "GRAPROES": 10.0, "_ent": "20", "_mun": "044", "_loc": "0001"}, "geometry": {"type": "Polygon", "coordinates": [[[-95.88763, 18.09497], [-95.88802, 18.09517], [-95.88788, 18.09626], [-95.8875, 18.09607], [-95.88763, 18.09497]]]}}, {"id": "1591547", "type": "Feature", "properties": {"id": "1591547", "CVEGEO": "2004400010411045", "POBTOT": 10.0, "score_nse": 0.0, "NSE": "ND", "VIVTOT": 6.0, "GRAPROES": 6.67, "_ent": "20", "_mun": "044", "_loc": "0001"}, "geometry": {"type": "Polygon", "coordinates": [[[-95.89134, 18.09923], [-95.89086, 18.10007], [-95.89044, 18.09987], [-95.89088, 18.09899], [-95.89134, 18.09923]]]}}, {"id": "1591548", "type": "Feature", "properties": {"id": "1591548", "CVEGEO": "2004400010411046", "POBTOT": 0.0, "score_nse": 10.0, "NSE": "E", "VIVTOT": 4.0, "GRAPROES": 0.0, "_ent": "20", "_mun": "044", "_loc": "0001"}, "geometry": {"type": "Polygon", "coordinates": [[[-95.89083, 18.09897], [-95.89038, 18.09983], [-95.89002, 18.09965], [-95.89049, 18.0988], [-95.89083, 18.09897]]]}}, {"id": "1591549", "type": "Feature", "properties": {"id": "1591549", "CVEGEO": "2004400010411047", "POBTOT": 1.0, "score_nse": 0.0, "NSE": "ND", "VIVTOT": 1.0, "GRAPROES": 0.0, "_ent": "20", "_mun": "044", "_loc": "0001"}, "geometry": {"type": "Polygon", "coordinates": [[[-95.89043, 18.09877], [-95.88996, 18.09962], [-95.88958, 18.09943], [-95.89006, 18.09859], [-95.89043, 18.09877]]]}}, {"id": "1591550", "type": "Feature", "properties": {"id": "1591550", "CVEGEO": "2004400010411049", "POBTOT": 12.0, "score_nse": 0.0, "NSE": "ND", "VIVTOT": 6.0, "GRAPROES": 6.71, "_ent": "20", "_mun": "044", "_loc": "0001"}, "geometry": {"type": "Polygon", "coordinates": [[[-95.88959, 18.09835], [-95.88912, 18.0992], [-95.88875, 18.09903], [-95.8892, 18.09822], [-95.88959, 18.09835]]]}}, {"id": "1591551", "type": "Feature", "properties": {"id": "1591551", "CVEGEO": "2004400010411048", "POBTOT": 0.0, "score_nse": 10.0, "NSE": "E", "VIVTOT": 2.0, "GRAPROES": 0.0, "_ent": "20", "_mun": "044", "_loc": "0001"}, "geometry": {"type": "Polygon", "coordinates": [[[-95.89, 18.09855], [-95.88953, 18.0994], [-95.88917, 18.09922], [-95.88966, 18.09838], [-95.89, 18.09855]]]}}, {"id": "1591558", "type": "Feature", "properties": {"id": "1591558", "CVEGEO": "200440001038A024", "POBTOT": 55.0, "score_nse": 0.0, "NSE": "ND", "VIVTOT": 19.0, "GRAPROES": 7.91, "_ent": "20", "_mun": "044", "_loc": "0001"}, "geometry": {"type": "Polygon", "coordinates": [[[-95.88804, 18.11379], [-95.88685, 18.11452], [-95.88659, 18.11414], [-95.88778, 18.11342], [-95.88804, 18.11379]]]}}, {"id": "1591559", "type": "Feature", "properties": {"id": "1591559", "CVEGEO": "2004400010017018", "POBTOT": 19.0, "score_nse": 0.0, "NSE": "ND", "VIVTOT": 9.0, "GRAPROES": 6.92, "_ent": "20", "_mun": "044", "_loc": "0001"}, "geometry": {"type": "Polygon", "coordinates": [[[-95.8671, 18.10265], [-95.86701, 18.10367], [-95.86661, 18.10364], [-95.86668, 18.10266], [-95.8671, 18.10265]]]}}, {"id": "1591560", "type": "Feature", "properties": {"id": "1591560", "CVEGEO": "2004400010017002", "POBTOT": 20.0, "score_nse": 0.0, "NSE": "ND", "VIVTOT": 5.0, "GRAPROES": 6.15, "_ent": "20", "_mun": "044", "_loc": "0001"}, "geometry": {"type": "Polygon", "coordinates": [[[-95.86602, 18.10494], [-95.86597, 18.10537], [-95.86574, 18.10537], [-95.86597, 18.10543], [-95.86593, 18.10587], [-95.86547, 18.10584], [-95.86553, 18.1046], [-95.86602, 18.10467], [-95.86601, 18.1049], [-95.86576, 18.10488], [-95.86602, 18.10494]]]}}, {"id": "1591561", "type": "Feature", "properties": {"id": "1591561", "CVEGEO": "2004400010017003", "POBTOT": 19.0, "score_nse": 0.0, "NSE": "ND", "VIVTOT": 5.0, "GRAPROES": 3.69, "_ent": "20", "_mun": "044", "_loc": "0001"}, "geometry": {"type": "Polygon", "coordinates": [[[-95.86616, 18.10215], [-95.86567, 18.10219], [-95.86565, 18.10158], [-95.86616, 18.10156], [-95.86616, 18.10215]]]}}, {"id": "1591562", "type": "Feature", "properties": {"id": "1591562", "CVEGEO": "2004400010017031", "POBTOT": 25.0, "score_nse": 0.0, "NSE": "ND", "VIVTOT": 6.0, "GRAPROES": 8.33, "_ent": "20", "_mun": "044", "_loc": "0001"}, "geometry": {"type": "Polygon", "coordinates": [[[-95.86756, 18.10181], [-95.86717, 18.10181], [-95.86715, 18.10095], [-95.86754, 18.101], [-95.86756, 18.10181]]]}}, {"id": "1591563", "type": "Feature", "properties": {"id": "1591563", "CVEGEO": "2004400010017030", "POBTOT": 11.0, "score_nse": 0.0, "NSE": "ND", "VIVTOT": 4.0, "GRAPROES": 0.0, "_ent": "20", "_mun": "044", "_loc": "0001"}, "geometry": {"type": "Polygon", "coordinates": [[[-95.8671, 18.1018], [-95.86671, 18.10179], [-95.8667, 18.10092], [-95.86708, 18.10096], [-95.8671, 18.1018]]]}}, {"id": "1591564", "type": "Feature", "properties": {"id": "1591564", "CVEGEO": "2004400010017029", "POBTOT": 17.0, "score_nse": 0.0, "NSE": "ND", "VIVTOT": 6.0, "GRAPROES": 7.27, "_ent": "20", "_mun": "044", "_loc": "0001"}, "geometry": {"type": "Polygon", "coordinates": [[[-95.86662, 18.10092], [-95.86656, 18.10214], [-95.86624, 18.10214], [-95.8662, 18.10087], [-95.86662, 18.10092]]]}}, {"id": "1591565", "type": "Feature", "properties": {"id": "1591565", "CVEGEO": "2004400010017017", "POBTOT": 5.0, "score_nse": 0.0, "NSE": "ND", "VIVTOT": 2.0, "GRAPROES": 0.0, "_ent": "20", "_mun": "044", "_loc": "0001"}, "geometry": {"type": "Polygon", "coordinates": [[[-95.8666, 18.10265], [-95.86655, 18.10363], [-95.86614, 18.1036], [-95.86614, 18.10267], [-95.8666, 18.10265]]]}}, {"id": "1591566", "type": "Feature", "properties": {"id": "1591566", "CVEGEO": "2004400010430003", "POBTOT": 35.0, "score_nse": 0.0, "NSE": "ND", "VIVTOT": 11.0, "GRAPROES": 6.09, "_ent": "20", "_mun": "044", "_loc": "0001"}, "geometry": {"type": "Polygon", "coordinates": [[[-95.86772, 18.10345], [-95.8677, 18.10376], [-95.8671, 18.10369], [-95.86717, 18.10265], [-95.86754, 18.10265], [-95.86754, 18.10287], [-95.86721, 18.10292], [-95.86757, 18.10292], [-95.86758, 18.10344], [-95.86772, 18.10345]]]}}, {"id": "1591571", "type": "Feature", "properties": {"id": "1591571", "CVEGEO": "200440001045A012", "POBTOT": 4.0, "score_nse": 0.0, "NSE": "ND", "VIVTOT": 8.0, "GRAPROES": 0.0, "_ent": "20", "_mun": "044", "_loc": "0001"}, "geometry": {"type": "Polygon", "coordinates": [[[-95.88728, 18.12257], [-95.88581, 18.12393], [-95.88568, 18.12382], [-95.88714, 18.12244], [-95.88728, 18.12257]]]}}, {"id": "1591573", "type": "Feature", "properties": {"id": "1591573", "CVEGEO": "2004400010411038", "POBTOT": 7.0, "score_nse": 0.0, "NSE": "ND", "VIVTOT": 3.0, "GRAPROES": 0.0, "_ent": "20", "_mun": "044", "_loc": "0001"}, "geometry": {"type": "Polygon", "coordinates": [[[-95.88885, 18.09916], [-95.88825, 18.10026], [-95.88755, 18.09989], [-95.88811, 18.09881], [-95.88885, 18.09916]]]}}, {"id": "1591574", "type": "Feature", "properties": {"id": "1591574", "CVEGEO": "2004400010360014", "POBTOT": 80.0, "score_nse": 0.0, "NSE": "ND", "VIVTOT": 32.0, "GRAPROES": 7.96, "_ent": "20", "_mun": "044", "_loc": "0001"}, "geometry": {"type": "Polygon", "coordinates": [[[-95.87087, 18.11172], [-95.87024, 18.11194], [-95.86881, 18.1117], [-95.86894, 18.11049], [-95.86936, 18.11055], [-95.86935, 18.111], [-95.86942, 18.11055], [-95.86983, 18.11061], [-95.86977, 18.11111], [-95.8699, 18.11062], [-95.87034, 18.11067], [-95.8703, 18.11123], [-95.8704, 18.11068], [-95.87091, 18.11075], [-95.87079, 18.11147], [-95.86968, 18.11134], [-95.87079, 18.11153], [-95.87087, 18.11172]]]}}, {"id": "1591575", "type": "Feature", "properties": {"id": "1591575", "CVEGEO": "2004400010341015", "POBTOT": 111.0, "score_nse": 43.2413, "NSE": "C-", "VIVTOT": 38.0, "GRAPROES": 6.72, "_ent": "20", "_mun": "044", "_loc": "0001"}, "geometry": {"type": "Polygon", "coordinates": [[[-95.87305, 18.11573], [-95.87154, 18.11664], [-95.87129, 18.11621], [-95.87278, 18.11532], [-95.87305, 18.11573]]]}}, {"id": "1591576", "type": "Feature", "properties": {"id": "1591576", "CVEGEO": "2004400010267030", "POBTOT": 69.0, "score_nse": 47.1958, "NSE": "C-", "VIVTOT": 33.0, "GRAPROES": 8.41, "_ent": "20", "_mun": "044", "_loc": "0001"}, "geometry": {"type": "Polygon", "coordinates": [[[-95.88315, 18.11229], [-95.8818, 18.11313], [-95.88158, 18.11282], [-95.88167, 18.11276], [-95.88137, 18.11249], [-95.88151, 18.11246], [-95.88123, 18.11231], [-95.88258, 18.11145], [-95.88315, 18.11229]]]}}, {"id": "1591577", "type": "Feature", "properties": {"id": "1591577", "CVEGEO": "2004400010252052", "POBTOT": 48.0, "score_nse": 46.9747, "NSE": "C-", "VIVTOT": 19.0, "GRAPROES": 7.68, "_ent": "20", "_mun": "044", "_loc": "0001"}, "geometry": {"type": "Polygon", "coordinates": [[[-95.87, 18.10304], [-95.86938, 18.103], [-95.8694, 18.10237], [-95.86965, 18.10231], [-95.8694, 18.10232], [-95.8694, 18.10199], [-95.86999, 18.10205], [-95.87, 18.10304]]]}}, {"id": "1591578", "type": "Feature", "properties": {"id": "1591578", "CVEGEO": "2004400010233052", "POBTOT": 17.0, "score_nse": 0.0, "NSE": "ND", "VIVTOT": 5.0, "GRAPROES": 9.55, "_ent": "20", "_mun": "044", "_loc": "0001"}, "geometry": {"type": "Polygon", "coordinates": [[[-95.88906, 18.11314], [-95.88882, 18.1133], [-95.88868, 18.11309], [-95.88878, 18.11332], [-95.88859, 18.11344], [-95.88848, 18.11297], [-95.8888, 18.11277], [-95.88906, 18.11314]]]}}, {"id": "1591579", "type": "Feature", "properties": {"id": "1591579", "CVEGEO": "2004400010144003", "POBTOT": 117.0, "score_nse": 43.6008, "NSE": "C-", "VIVTOT": 77.0, "GRAPROES": 8.76, "_ent": "20", "_mun": "044", "_loc": "0001"}, "geometry": {"type": "Polygon", "coordinates": [[[-95.88577, 18.11062], [-95.88459, 18.11138], [-95.88401, 18.11053], [-95.88518, 18.10978], [-95.88577, 18.11062]]]}}, {"id": "1591583", "type": "Feature", "properties": {"id": "1591583", "CVEGEO": "2004400010430010", "POBTOT": 0.0, "score_nse": 10.0, "NSE": "E", "VIVTOT": 1.0, "GRAPROES": 0.0, "_ent": "20", "_mun": "044", "_loc": "0001"}, "geometry": {"type": "Polygon", "coordinates": [[[-95.86774, 18.10296], [-95.86764, 18.10342], [-95.86763, 18.10296], [-95.86774, 18.10296]]]}}, {"id": "1591587", "type": "Feature", "properties": {"id": "1591587", "CVEGEO": "2004400010411025", "POBTOT": 38.0, "score_nse": 0.0, "NSE": "ND", "VIVTOT": 18.0, "GRAPROES": 12.25, "_ent": "20", "_mun": "044", "_loc": "0001"}, "geometry": {"type": "Polygon", "coordinates": [[[-95.89804, 18.09988], [-95.89581, 18.10135], [-95.89384, 18.10041], [-95.89457, 18.09825], [-95.8951, 18.09847], [-95.89595, 18.09692], [-95.89528, 18.09659], [-95.89452, 18.09813], [-95.89113, 18.09654], [-95.89135, 18.09917], [-95.88921, 18.09809], [-95.88871, 18.09898], [-95.88854, 18.09891], [-95.88848, 18.09858], [-95.88882, 18.09791], [-95.88845, 18.0985], [-95.88826, 18.09765], [-95.88785, 18.09746], [-95.88812, 18.0951], [-95.88759, 18.0949], [-95.88789, 18.0925], [-95.89467, 18.09576], [-95.89488, 18.09566], [-95.89586, 18.09612], [-95.89612, 18.0961], [-95.89631, 18.096], [-95.89638, 18.09583], [-95.89635, 18.09536], [-95.89642, 18.09519], [-95.89633, 18.09536], [-95.89634, 18.09589], [-95.89612, 18.09607], [-95.89586, 18.09609], [-95.8949, 18.09564], [-95.89564, 18.09407], [-95.89468, 18.09571], [-95.88789, 18.09245], [-95.8881, 18.09086], [-95.89599, 18.0864], [-95.89681, 18.08603], [-95.8981, 18.08584], [-95.89808, 18.08769], [-95.89755, 18.08841], [-95.89753, 18.08881], [-95.89818, 18.09008], [-95.89881, 18.09061], [-95.89872, 18.09096], [-95.89892, 18.09147], [-95.89884, 18.09172], [-95.899, 18.09209], [-95.89925, 18.0922], [-95.89935, 18.0926], [-95.89826, 18.09329], [-95.89792, 18.09413], [-95.89849, 18.09826], [-95.89837, 18.09917], [-95.89804, 18.09988]]]}}, {"id": "1591588", "type": "Feature", "properties": {"id": "1591588", "CVEGEO": "2004400010411035", "POBTOT": 0.0, "score_nse": 0.0, "NSE": "ND", "VIVTOT": 0.0, "GRAPROES": 0.0, "_ent": "20", "_mun": "044", "_loc": "0001"}, "geometry": {"type": "Polygon", "coordinates": [[[-95.89164, 18.09686], [-95.89119, 18.09774], [-95.89116, 18.09662], [-95.89164, 18.09686]]]}}, {"id": "1591589", "type": "Feature", "properties": {"id": "1591589", "CVEGEO": "2004400010411028", "POBTOT": 18.0, "score_nse": 0.0, "NSE": "ND", "VIVTOT": 4.0, "GRAPROES": 5.64, "_ent": "20", "_mun": "044", "_loc": "0001"}, "geometry": {"type": "Polygon", "coordinates": [[[-95.89205, 18.09705], [-95.89156, 18.09796], [-95.89122, 18.09779], [-95.89169, 18.09688], [-95.89205, 18.09705]]]}}, {"id": "1591590", "type": "Feature", "properties": {"id": "1591590", "CVEGEO": "2004400010411029", "POBTOT": 22.0, "score_nse": 0.0, "NSE": "ND", "VIVTOT": 9.0, "GRAPROES": 6.38, "_ent": "20", "_mun": "044", "_loc": "0001"}, "geometry": {"type": "Polygon", "coordinates": [[[-95.89248, 18.09726], [-95.89198, 18.09816], [-95.89161, 18.09798], [-95.89209, 18.09708], [-95.89248, 18.09726]]]}}, {"id": "1591591", "type": "Feature", "properties": {"id": "1591591", "CVEGEO": "2004400010411043", "POBTOT": 23.0, "score_nse": 29.9947, "NSE": "D", "VIVTOT": 9.0, "GRAPROES": 4.93, "_ent": "20", "_mun": "044", "_loc": "0001"}, "geometry": {"type": "Polygon", "coordinates": [[[-95.89288, 18.09746], [-95.8924, 18.09835], [-95.89202, 18.09817], [-95.89251, 18.09728], [-95.89288, 18.09746]]]}}, {"id": "1591592", "type": "Feature", "properties": {"id": "1591592", "CVEGEO": "2004400010411030", "POBTOT": 22.0, "score_nse": 0.0, "NSE": "ND", "VIVTOT": 6.0, "GRAPROES": 5.5, "_ent": "20", "_mun": "044", "_loc": "0001"}, "geometry": {"type": "Polygon", "coordinates": [[[-95.89328, 18.09766], [-95.8928, 18.09854], [-95.89243, 18.09837], [-95.89292, 18.09748], [-95.89328, 18.09766]]]}}, {"id": "1591593", "type": "Feature", "properties": {"id": "1591593", "CVEGEO": "2004400010411031", "POBTOT": 0.0, "score_nse": 10.0, "NSE": "E", "VIVTOT": 3.0, "GRAPROES": 0.0, "_ent": "20", "_mun": "044", "_loc": "0001"}, "geometry": {"type": "Polygon", "coordinates": [[[-95.89372, 18.09786], [-95.89324, 18.09875], [-95.89285, 18.09856], [-95.89333, 18.09768], [-95.89372, 18.09786]]]}}, {"id": "1591594", "type": "Feature", "properties": {"id": "1591594", "CVEGEO": "2004400010411036", "POBTOT": 0.0, "score_nse": 0.0, "NSE": "ND", "VIVTOT": 0.0, "GRAPROES": 0.0, "_ent": "20", "_mun": "044", "_loc": "0001"}, "geometry": {"type": "Polygon", "coordinates": [[[-95.89413, 18.09803], [-95.89364, 18.09894], [-95.89327, 18.09876], [-95.89375, 18.09788], [-95.89413, 18.09803]]]}}, {"id": "1591595", "type": "Feature", "properties": {"id": "1591595", "CVEGEO": "2004400010411042", "POBTOT": 14.0, "score_nse": 0.0, "NSE": "ND", "VIVTOT": 3.0, "GRAPROES": 6.67, "_ent": "20", "_mun": "044", "_loc": "0001"}, "geometry": {"type": "Polygon", "coordinates": [[[-95.89454, 18.0982], [-95.89405, 18.09913], [-95.89368, 18.09896], [-95.89417, 18.09804], [-95.89454, 18.0982]]]}}, {"id": "1591596", "type": "Feature", "properties": {"id": "1591596", "CVEGEO": "2004400010411027", "POBTOT": 0.0, "score_nse": 0.0, "NSE": "ND", "VIVTOT": 0.0, "GRAPROES": 0.0, "_ent": "20", "_mun": "044", "_loc": "0001"}, "geometry": {"type": "Polygon", "coordinates": [[[-95.89154, 18.098], [-95.89125, 18.09852], [-95.89119, 18.09784], [-95.89154, 18.098]]]}}, {"id": "1591597", "type": "Feature", "properties": {"id": "1591597", "CVEGEO": "2004400010411026", "POBTOT": 15.0, "score_nse": 0.0, "NSE": "ND", "VIVTOT": 3.0, "GRAPROES": 6.43, "_ent": "20", "_mun": "044", "_loc": "0001"}, "geometry": {"type": "Polygon", "coordinates": [[[-95.89195, 18.0982], [-95.89142, 18.09916], [-95.89127, 18.09858], [-95.89158, 18.09802], [-95.89195, 18.0982]]]}}, {"id": "1591598", "type": "Feature", "properties": {"id": "1591598", "CVEGEO": "2004400010411032", "POBTOT": 35.0, "score_nse": 0.0, "NSE": "ND", "VIVTOT": 11.0, "GRAPROES": 6.48, "_ent": "20", "_mun": "044", "_loc": "0001"}, "geometry": {"type": "Polygon", "coordinates": [[[-95.89321, 18.0988], [-95.89267, 18.09978], [-95.89188, 18.09938], [-95.89241, 18.09842], [-95.89321, 18.0988]]]}}, {"id": "1591599", "type": "Feature", "properties": {"id": "1591599", "CVEGEO": "2004400010411037", "POBTOT": 9.0, "score_nse": 0.0, "NSE": "ND", "VIVTOT": 4.0, "GRAPROES": 9.14, "_ent": "20", "_mun": "044", "_loc": "0001"}, "geometry": {"type": "Polygon", "coordinates": [[[-95.89362, 18.09899], [-95.89309, 18.09998], [-95.8927, 18.09979], [-95.89324, 18.09881], [-95.89362, 18.09899]]]}}, {"id": "1591600", "type": "Feature", "properties": {"id": "1591600", "CVEGEO": "2004400010411039", "POBTOT": 18.0, "score_nse": 0.0, "NSE": "ND", "VIVTOT": 8.0, "GRAPROES": 5.9, "_ent": "20", "_mun": "044", "_loc": "0001"}, "geometry": {"type": "Polygon", "coordinates": [[[-95.89402, 18.09918], [-95.89347, 18.10017], [-95.89313, 18.1], [-95.89366, 18.09901], [-95.89402, 18.09918]]]}}, {"id": "1591601", "type": "Feature", "properties": {"id": "1591601", "CVEGEO": "2004400010411055", "POBTOT": 5.0, "score_nse": 0.0, "NSE": "ND", "VIVTOT": 3.0, "GRAPROES": 0.0, "_ent": "20", "_mun": "044", "_loc": "0001"}, "geometry": {"type": "Polygon", "coordinates": [[[-95.89237, 18.0984], [-95.89184, 18.09937], [-95.89145, 18.09917], [-95.89199, 18.09822], [-95.89237, 18.0984]]]}}, {"id": "1591602", "type": "Feature", "properties": {"id": "1591602", "CVEGEO": "2004400010271035", "POBTOT": 3.0, "score_nse": 0.0, "NSE": "ND", "VIVTOT": 2.0, "GRAPROES": 0.0, "_ent": "20", "_mun": "044", "_loc": "0001"}, "geometry": {"type": "Polygon", "coordinates": [[[-95.87086, 18.12001], [-95.87009, 18.1205], [-95.86958, 18.11975], [-95.8703, 18.11929], [-95.87086, 18.12001]]]}}, {"id": "1591603", "type": "Feature", "properties": {"id": "1591603", "CVEGEO": "2004400010271034", "POBTOT": 19.0, "score_nse": 0.0, "NSE": "ND", "VIVTOT": 9.0, "GRAPROES": 9.67, "_ent": "20", "_mun": "044", "_loc": "0001"}, "geometry": {"type": "Polygon", "coordinates": [[[-95.87126, 18.11975], [-95.87091, 18.11997], [-95.87035, 18.11926], [-95.87071, 18.11903], [-95.87126, 18.11975]]]}}, {"id": "1591604", "type": "Feature", "properties": {"id": "1591604", "CVEGEO": "2004400010271036", "POBTOT": 30.0, "score_nse": 0.0, "NSE": "ND", "VIVTOT": 10.0, "GRAPROES": 4.5, "_ent": "20", "_mun": "044", "_loc": "0001"}, "geometry": {"type": "Polygon", "coordinates": [[[-95.87063, 18.11893], [-95.86951, 18.11966], [-95.86884, 18.11878], [-95.86999, 18.11808], [-95.87063, 18.11893]]]}}, {"id": "1591605", "type": "Feature", "properties": {"id": "1591605", "CVEGEO": "2004400010322001", "POBTOT": 11.0, "score_nse": 0.0, "NSE": "ND", "VIVTOT": 6.0, "GRAPROES": 5.17, "_ent": "20", "_mun": "044", "_loc": "0001"}, "geometry": {"type": "Polygon", "coordinates": [[[-95.8797, 18.12808], [-95.87877, 18.12726], [-95.87899, 18.12704], [-95.87991, 18.12789], [-95.8797, 18.12808]]]}}, {"id": "1591606", "type": "Feature", "properties": {"id": "1591606", "CVEGEO": "2004400010322002", "POBTOT": 27.0, "score_nse": 0.0, "NSE": "ND", "VIVTOT": 8.0, "GRAPROES": 5.5, "_ent": "20", "_mun": "044", "_loc": "0001"}, "geometry": {"type": "Polygon", "coordinates": [[[-95.87777, 18.12632], [-95.878, 18.1261], [-95.87896, 18.127], [-95.87873, 18.12723], [-95.87777, 18.12632]]]}}, {"id": "1591607", "type": "Feature", "properties": {"id": "1591607", "CVEGEO": "2004400010322003", "POBTOT": 5.0, "score_nse": 0.0, "NSE": "ND", "VIVTOT": 3.0, "GRAPROES": 0.0, "_ent": "20", "_mun": "044", "_loc": "0001"}, "geometry": {"type": "Polygon", "coordinates": [[[-95.87898, 18.12696], [-95.87803, 18.12606], [-95.87824, 18.12585], [-95.87922, 18.12673], [-95.87898, 18.12696]]]}}, {"id": "1591608", "type": "Feature", "properties": {"id": "1591608", "CVEGEO": "2004400010322004", "POBTOT": 4.0, "score_nse": 0.0, "NSE": "ND", "VIVTOT": 4.0, "GRAPROES": 0.0, "_ent": "20", "_mun": "044", "_loc": "0001"}, "geometry": {"type": "Polygon", "coordinates": [[[-95.87995, 18.12784], [-95.87903, 18.127], [-95.87925, 18.12677], [-95.8802, 18.12766], [-95.87995, 18.12784]]]}}, {"id": "1591609", "type": "Feature", "properties": {"id": "1591609", "CVEGEO": "2004400010322005", "POBTOT": 0.0, "score_nse": 0.0, "NSE": "ND", "VIVTOT": 0.0, "GRAPROES": 0.0, "_ent": "20", "_mun": "044", "_loc": "0001"}, "geometry": {"type": "Polygon", "coordinates": [[[-95.88122, 18.12855], [-95.88109, 18.12888], [-95.87999, 18.1279], [-95.88026, 18.1277], [-95.88122, 18.12855]]]}}, {"id": "1591610", "type": "Feature", "properties": {"id": "1591610", "CVEGEO": "2004400010322006", "POBTOT": 0.0, "score_nse": 0.0, "NSE": "ND", "VIVTOT": 0.0, "GRAPROES": 0.0, "_ent": "20", "_mun": "044", "_loc": "0001"}, "geometry": {"type": "Polygon", "coordinates": [[[-95.88105, 18.12893], [-95.88101, 18.12918], [-95.88067, 18.12873], [-95.87976, 18.1281], [-95.87994, 18.12793], [-95.88105, 18.12893]]]}}, {"id": "1591611", "type": "Feature", "properties": {"id": "1591611", "CVEGEO": "2004400010322007", "POBTOT": 0.0, "score_nse": 0.0, "NSE": "ND", "VIVTOT": 0.0, "GRAPROES": 0.0, "_ent": "20", "_mun": "044", "_loc": "0001"}, "geometry": {"type": "Polygon", "coordinates": [[[-95.87962, 18.12822], [-95.88062, 18.12877], [-95.88096, 18.12937], [-95.88088, 18.12942], [-95.87962, 18.12822]]]}}, {"id": "1591612", "type": "Feature", "properties": {"id": "1591612", "CVEGEO": "2004400010322008", "POBTOT": 11.0, "score_nse": 0.0, "NSE": "ND", "VIVTOT": 4.0, "GRAPROES": 6.71, "_ent": "20", "_mun": "044", "_loc": "0001"}, "geometry": {"type": "Polygon", "coordinates": [[[-95.87964, 18.12817], [-95.87922, 18.12814], [-95.87853, 18.12752], [-95.87875, 18.12729], [-95.87964, 18.12817]]]}}, {"id": "1591613", "type": "Feature", "properties": {"id": "1591613", "CVEGEO": "2004400010322009", "POBTOT": 8.0, "score_nse": 0.0, "NSE": "ND", "VIVTOT": 6.0, "GRAPROES": 2.0, "_ent": "20", "_mun": "044", "_loc": "0001"}, "geometry": {"type": "Polygon", "coordinates": [[[-95.87849, 18.12747], [-95.87751, 18.12659], [-95.87773, 18.12635], [-95.8787, 18.12726], [-95.87849, 18.12747]]]}}, {"id": "1591614", "type": "Feature", "properties": {"id": "1591614", "CVEGEO": "2004400010322010", "POBTOT": 13.0, "score_nse": 0.0, "NSE": "ND", "VIVTOT": 3.0, "GRAPROES": 0.0, "_ent": "20", "_mun": "044", "_loc": "0001"}, "geometry": {"type": "Polygon", "coordinates": [[[-95.87747, 18.12655], [-95.87681, 18.12593], [-95.87694, 18.12564], [-95.87768, 18.12631], [-95.87747, 18.12655]]]}}, {"id": "1591615", "type": "Feature", "properties": {"id": "1591615", "CVEGEO": "2004400010322011", "POBTOT": 0.0, "score_nse": 0.0, "NSE": "ND", "VIVTOT": 0.0, "GRAPROES": 0.0, "_ent": "20", "_mun": "044", "_loc": "0001"}, "geometry": {"type": "Polygon", "coordinates": [[[-95.87771, 18.12627], [-95.87696, 18.1256], [-95.8771, 18.12525], [-95.87794, 18.12606], [-95.87771, 18.12627]]]}}, {"id": "1591616", "type": "Feature", "properties": {"id": "1591616", "CVEGEO": "2004400010322012", "POBTOT": 14.0, "score_nse": 0.0, "NSE": "ND", "VIVTOT": 7.0, "GRAPROES": 2.9, "_ent": "20", "_mun": "044", "_loc": "0001"}, "geometry": {"type": "Polygon", "coordinates": [[[-95.87798, 18.12602], [-95.87713, 18.12521], [-95.87725, 18.12491], [-95.87821, 18.12581], [-95.87798, 18.12602]]]}}, {"id": "1591617", "type": "Feature", "properties": {"id": "1591617", "CVEGEO": "2004400010322013", "POBTOT": 20.0, "score_nse": 0.0, "NSE": "ND", "VIVTOT": 6.0, "GRAPROES": 7.31, "_ent": "20", "_mun": "044", "_loc": "0001"}, "geometry": {"type": "Polygon", "coordinates": [[[-95.87825, 18.12577], [-95.87728, 18.12484], [-95.87739, 18.1246], [-95.87847, 18.12554], [-95.87825, 18.12577]]]}}, {"id": "1591618", "type": "Feature", "properties": {"id": "1591618", "CVEGEO": "2004400010322014", "POBTOT": 10.0, "score_nse": 0.0, "NSE": "ND", "VIVTOT": 4.0, "GRAPROES": 3.38, "_ent": "20", "_mun": "044", "_loc": "0001"}, "geometry": {"type": "Polygon", "coordinates": [[[-95.87925, 18.12669], [-95.87829, 18.1258], [-95.87851, 18.12557], [-95.87949, 18.12646], [-95.87925, 18.12669]]]}}, {"id": "1591619", "type": "Feature", "properties": {"id": "1591619", "CVEGEO": "2004400010322015", "POBTOT": 0.0, "score_nse": 10.0, "NSE": "E", "VIVTOT": 2.0, "GRAPROES": 0.0, "_ent": "20", "_mun": "044", "_loc": "0001"}, "geometry": {"type": "Polygon", "coordinates": [[[-95.88026, 18.12762], [-95.87929, 18.12673], [-95.87951, 18.1265], [-95.88048, 18.12741], [-95.88026, 18.12762]]]}}, {"id": "1591620", "type": "Feature", "properties": {"id": "1591620", "CVEGEO": "2004400010322016", "POBTOT": 0.0, "score_nse": 0.0, "NSE": "ND", "VIVTOT": 0.0, "GRAPROES": 0.0, "_ent": "20", "_mun": "044", "_loc": "0001"}, "geometry": {"type": "Polygon", "coordinates": [[[-95.88137, 18.12823], [-95.88127, 18.1285], [-95.88031, 18.12765], [-95.88054, 18.12745], [-95.88137, 18.12823]]]}}, {"id": "1591621", "type": "Feature", "properties": {"id": "1591621", "CVEGEO": "2004400010322017", "POBTOT": 0.0, "score_nse": 0.0, "NSE": "ND", "VIVTOT": 0.0, "GRAPROES": 0.0, "_ent": "20", "_mun": "044", "_loc": "0001"}, "geometry": {"type": "Polygon", "coordinates": [[[-95.87947, 18.12822], [-95.88086, 18.12947], [-95.88083, 18.12963], [-95.87929, 18.12823], [-95.87947, 18.12822]]]}}, {"id": "1591622", "type": "Feature", "properties": {"id": "1591622", "CVEGEO": "2004400010322018", "POBTOT": 12.0, "score_nse": 0.0, "NSE": "ND", "VIVTOT": 3.0, "GRAPROES": 8.25, "_ent": "20", "_mun": "044", "_loc": "0001"}, "geometry": {"type": "Polygon", "coordinates": [[[-95.87917, 18.12817], [-95.87881, 18.1283], [-95.87826, 18.1278], [-95.87851, 18.12755], [-95.87917, 18.12817]]]}}, {"id": "1591623", "type": "Feature", "properties": {"id": "1591623", "CVEGEO": "2004400010322019", "POBTOT": 0.0, "score_nse": 10.0, "NSE": "E", "VIVTOT": 1.0, "GRAPROES": 0.0, "_ent": "20", "_mun": "044", "_loc": "0001"}, "geometry": {"type": "Polygon", "coordinates": [[[-95.87822, 18.12775], [-95.87725, 18.12684], [-95.87746, 18.12663], [-95.87845, 18.12752], [-95.87822, 18.12775]]]}}, {"id": "1591624", "type": "Feature", "properties": {"id": "1591624", "CVEGEO": "2004400010322020", "POBTOT": 3.0, "score_nse": 0.0, "NSE": "ND", "VIVTOT": 2.0, "GRAPROES": 0.0, "_ent": "20", "_mun": "044", "_loc": "0001"}, "geometry": {"type": "Polygon", "coordinates": [[[-95.87723, 18.12679], [-95.87678, 18.12644], [-95.87679, 18.12599], [-95.87743, 18.12659], [-95.87723, 18.12679]]]}}, {"id": "1591625", "type": "Feature", "properties": {"id": "1591625", "CVEGEO": "2004400010322021", "POBTOT": 2.0, "score_nse": 0.0, "NSE": "ND", "VIVTOT": 4.0, "GRAPROES": 0.0, "_ent": "20", "_mun": "044", "_loc": "0001"}, "geometry": {"type": "Polygon", "coordinates": [[[-95.87873, 18.12527], [-95.87851, 18.1255], [-95.87743, 18.12451], [-95.87757, 18.12424], [-95.87873, 18.12527]]]}}, {"id": "1591626", "type": "Feature", "properties": {"id": "1591626", "CVEGEO": "2004400010322022", "POBTOT": 13.0, "score_nse": 0.0, "NSE": "ND", "VIVTOT": 4.0, "GRAPROES": 4.9, "_ent": "20", "_mun": "044", "_loc": "0001"}, "geometry": {"type": "Polygon", "coordinates": [[[-95.87952, 18.12643], [-95.87855, 18.12554], [-95.87877, 18.12531], [-95.87976, 18.12624], [-95.87952, 18.12643]]]}}, {"id": "1591627", "type": "Feature", "properties": {"id": "1591627", "CVEGEO": "2004400010322023", "POBTOT": 17.0, "score_nse": 0.0, "NSE": "ND", "VIVTOT": 4.0, "GRAPROES": 7.46, "_ent": "20", "_mun": "044", "_loc": "0001"}, "geometry": {"type": "Polygon", "coordinates": [[[-95.88052, 18.12737], [-95.87956, 18.12647], [-95.8798, 18.12627], [-95.88075, 18.12715], [-95.88052, 18.12737]]]}}, {"id": "1591628", "type": "Feature", "properties": {"id": "1591628", "CVEGEO": "2004400010322024", "POBTOT": 0.0, "score_nse": 0.0, "NSE": "ND", "VIVTOT": 0.0, "GRAPROES": 0.0, "_ent": "20", "_mun": "044", "_loc": "0001"}, "geometry": {"type": "Polygon", "coordinates": [[[-95.88163, 18.12794], [-95.88141, 18.12818], [-95.88058, 18.1274], [-95.88079, 18.12719], [-95.88163, 18.12794]]]}}, {"id": "1591629", "type": "Feature", "properties": {"id": "1591629", "CVEGEO": "2004400010322025", "POBTOT": 0.0, "score_nse": 0.0, "NSE": "ND", "VIVTOT": 0.0, "GRAPROES": 0.0, "_ent": "20", "_mun": "044", "_loc": "0001"}, "geometry": {"type": "Polygon", "coordinates": [[[-95.8808, 18.12967], [-95.88074, 18.12982], [-95.879, 18.12832], [-95.87921, 18.12824], [-95.8808, 18.12967]]]}}, {"id": "1591630", "type": "Feature", "properties": {"id": "1591630", "CVEGEO": "2004400010322026", "POBTOT": 0.0, "score_nse": 0.0, "NSE": "ND", "VIVTOT": 0.0, "GRAPROES": 0.0, "_ent": "20", "_mun": "044", "_loc": "0001"}, "geometry": {"type": "Polygon", "coordinates": [[[-95.87823, 18.12785], [-95.87873, 18.12829], [-95.87865, 18.12847], [-95.878, 18.12804], [-95.87823, 18.12785]]]}}, {"id": "1591631", "type": "Feature", "properties": {"id": "1591631", "CVEGEO": "2004400010322027", "POBTOT": 0.0, "score_nse": 10.0, "NSE": "E", "VIVTOT": 1.0, "GRAPROES": 0.0, "_ent": "20", "_mun": "044", "_loc": "0001"}, "geometry": {"type": "Polygon", "coordinates": [[[-95.87796, 18.128], [-95.87783, 18.12767], [-95.87716, 18.12725], [-95.8772, 18.12689], [-95.87817, 18.1278], [-95.87796, 18.128]]]}}, {"id": "1591632", "type": "Feature", "properties": {"id": "1591632", "CVEGEO": "2004400010322028", "POBTOT": 0.0, "score_nse": 0.0, "NSE": "ND", "VIVTOT": 0.0, "GRAPROES": 0.0, "_ent": "20", "_mun": "044", "_loc": "0001"}, "geometry": {"type": "Polygon", "coordinates": [[[-95.87708, 18.12702], [-95.87677, 18.12683], [-95.87677, 18.12648], [-95.87717, 18.12683], [-95.87708, 18.12702]]]}}, {"id": "1591633", "type": "Feature", "properties": {"id": "1591633", "CVEGEO": "2004400010322029", "POBTOT": 10.0, "score_nse": 0.0, "NSE": "ND", "VIVTOT": 10.0, "GRAPROES": 7.57, "_ent": "20", "_mun": "044", "_loc": "0001"}, "geometry": {"type": "Polygon", "coordinates": [[[-95.8776, 18.12419], [-95.87772, 18.12399], [-95.88174, 18.12772], [-95.88166, 18.12785], [-95.8776, 18.12419]]]}}, {"id": "1591634", "type": "Feature", "properties": {"id": "1591634", "CVEGEO": "2004400010322030", "POBTOT": 0.0, "score_nse": 0.0, "NSE": "ND", "VIVTOT": 0.0, "GRAPROES": 0.0, "_ent": "20", "_mun": "044", "_loc": "0001"}, "geometry": {"type": "Polygon", "coordinates": [[[-95.88068, 18.12991], [-95.88061, 18.13012], [-95.87873, 18.1285], [-95.87877, 18.12838], [-95.87895, 18.12835], [-95.88068, 18.12991]]]}}, {"id": "1591635", "type": "Feature", "properties": {"id": "1591635", "CVEGEO": "2004400010322031", "POBTOT": 0.0, "score_nse": 0.0, "NSE": "ND", "VIVTOT": 0.0, "GRAPROES": 0.0, "_ent": "20", "_mun": "044", "_loc": "0001"}, "geometry": {"type": "Polygon", "coordinates": [[[-95.87676, 18.12715], [-95.87676, 18.12688], [-95.87769, 18.12762], [-95.87793, 18.12809], [-95.88053, 18.13016], [-95.88034, 18.13035], [-95.87676, 18.12715]]]}}, {"id": "1591636", "type": "Feature", "properties": {"id": "1591636", "CVEGEO": "2004400010017037", "POBTOT": 7.0, "score_nse": 0.0, "NSE": "ND", "VIVTOT": 3.0, "GRAPROES": 7.33, "_ent": "20", "_mun": "044", "_loc": "0001"}, "geometry": {"type": "Polygon", "coordinates": [[[-95.86755, 18.10258], [-95.86719, 18.10258], [-95.86717, 18.10187], [-95.86756, 18.10187], [-95.86755, 18.10258]]]}}, {"id": "1591637", "type": "Feature", "properties": {"id": "1591637", "CVEGEO": "2004400010017036", "POBTOT": 22.0, "score_nse": 0.0, "NSE": "ND", "VIVTOT": 6.0, "GRAPROES": 6.24, "_ent": "20", "_mun": "044", "_loc": "0001"}, "geometry": {"type": "Polygon", "coordinates": [[[-95.86742, 18.10796], [-95.86731, 18.10881], [-95.86677, 18.10874], [-95.86679, 18.10834], [-95.86702, 18.10832], [-95.8668, 18.10829], [-95.86682, 18.10788], [-95.86742, 18.10796]]]}}, {"id": "1591639", "type": "Feature", "properties": {"id": "1591639", "CVEGEO": "2004400010017032", "POBTOT": 24.0, "score_nse": 0.0, "NSE": "ND", "VIVTOT": 7.0, "GRAPROES": 5.38, "_ent": "20", "_mun": "044", "_loc": "0001"}, "geometry": {"type": "Polygon", "coordinates": [[[-95.86493, 18.1058], [-95.865, 18.10456], [-95.86546, 18.10459], [-95.8654, 18.10583], [-95.86493, 18.1058]]]}}, {"id": "1591640", "type": "Feature", "properties": {"id": "1591640", "CVEGEO": "2004400010017043", "POBTOT": 0.0, "score_nse": 0.0, "NSE": null, "VIVTOT": 0.0, "GRAPROES": 0.0, "_ent": "20", "_mun": "044", "_loc": "0001"}, "geometry": {"type": "Polygon", "coordinates": [[[-95.86493, 18.10455], [-95.86487, 18.10579], [-95.86457, 18.10577], [-95.86464, 18.10453], [-95.86493, 18.10455]]]}}, {"id": "1591641", "type": "Feature", "properties": {"id": "1591641", "CVEGEO": "2004400010106021", "POBTOT": 0.0, "score_nse": 0.0, "NSE": null, "VIVTOT": 0.0, "GRAPROES": 0.0, "_ent": "20", "_mun": "044", "_loc": "0001"}, "geometry": {"type": "Polygon", "coordinates": [[[-95.8639, 18.12035], [-95.86337, 18.12065], [-95.86267, 18.11961], [-95.86328, 18.11923], [-95.8639, 18.12035]]]}}, {"id": "1591642", "type": "Feature", "properties": {"id": "1591642", "CVEGEO": "2004400010144005", "POBTOT": 50.0, "score_nse": 44.7542, "NSE": "C-", "VIVTOT": 26.0, "GRAPROES": 8.51, "_ent": "20", "_mun": "044", "_loc": "0001"}, "geometry": {"type": "Polygon", "coordinates": [[[-95.88725, 18.10969], [-95.88662, 18.10886], [-95.88782, 18.10819], [-95.88824, 18.10878], [-95.88805, 18.10894], [-95.8881, 18.10913], [-95.88725, 18.10969]]]}}, {"id": "1591643", "type": "Feature", "properties": {"id": "1591643", "CVEGEO": "2004400010144006", "POBTOT": 0.0, "score_nse": 0.0, "NSE": null, "VIVTOT": 0.0, "GRAPROES": 0.0, "_ent": "20", "_mun": "044", "_loc": "0001"}, "geometry": {"type": "Polygon", "coordinates": [[[-95.88826, 18.10881], [-95.88833, 18.10901], [-95.88816, 18.1091], [-95.8881, 18.10894], [-95.88826, 18.10881]]]}}, {"id": "1591644", "type": "Feature", "properties": {"id": "1591644", "CVEGEO": "2004400010233001", "POBTOT": 201.0, "score_nse": 36.7893, "NSE": "D+", "VIVTOT": 95.0, "GRAPROES": 7.36, "_ent": "20", "_mun": "044", "_loc": "0001"}, "geometry": {"type": "Polygon", "coordinates": [[[-95.89549, 18.11561], [-95.88789, 18.12047], [-95.88761, 18.12007], [-95.88591, 18.12113], [-95.88484, 18.1197], [-95.88988, 18.11649], [-95.8903, 18.11705], [-95.88993, 18.11645], [-95.89025, 18.11626], [-95.8907, 18.11687], [-95.89145, 18.11648], [-95.89165, 18.11678], [-95.89205, 18.1165], [-95.89225, 18.11674], [-95.89209, 18.11648], [-95.89239, 18.11627], [-95.8926, 18.11645], [-95.89242, 18.11625], [-95.89269, 18.11603], [-95.89235, 18.11625], [-95.89219, 18.11606], [-95.89239, 18.11589], [-95.89216, 18.11603], [-95.8916, 18.11539], [-95.8919, 18.11521], [-95.89177, 18.11523], [-95.89138, 18.11462], [-95.8916, 18.11441], [-95.89135, 18.11458], [-95.89107, 18.11418], [-95.89133, 18.11397], [-95.89105, 18.11414], [-95.89074, 18.11369], [-95.89134, 18.11327], [-95.89004, 18.11407], [-95.88986, 18.11378], [-95.89, 18.1141], [-95.88958, 18.11437], [-95.88931, 18.11399], [-95.88954, 18.1144], [-95.88924, 18.11459], [-95.88898, 18.11433], [-95.88921, 18.11462], [-95.88889, 18.11482], [-95.88847, 18.11422], [-95.88866, 18.11402], [-95.88843, 18.11416], [-95.88817, 18.1138], [-95.88951, 18.1129], [-95.88966, 18.11301], [-95.88903, 18.11212], [-95.88951, 18.11176], [-95.889, 18.11207], [-95.88874, 18.11171], [-95.88971, 18.11107], [-95.89002, 18.11099], [-95.89017, 18.11113], [-95.89018, 18.11094], [-95.891, 18.11084], [-95.89121, 18.11055], [-95.89152, 18.11068], [-95.89182, 18.11128], [-95.89171, 18.11178], [-95.89182, 18.11225], [-95.89166, 18.11268], [-95.89225, 18.11326], [-95.89236, 18.11432], [-95.89267, 18.11444], [-95.89343, 18.11438], [-95.8936, 18.11463], [-95.89422, 18.11476], [-95.89467, 18.11463], [-95.89549, 18.11561]]]}}, {"id": "1591645", "type": "Feature", "properties": {"id": "1591645", "CVEGEO": "2004400010233053", "POBTOT": 0.0, "score_nse": 0.0, "NSE": null, "VIVTOT": 0.0, "GRAPROES": 0.0, "_ent": "20", "_mun": "044", "_loc": "0001"}, "geometry": {"type": "Polygon", "coordinates": [[[-95.89101, 18.11417], [-95.89084, 18.11427], [-95.89053, 18.11382], [-95.8907, 18.11372], [-95.89101, 18.11417]]]}}, {"id": "1591646", "type": "Feature", "properties": {"id": "1591646", "CVEGEO": "2004400010233054", "POBTOT": 0.0, "score_nse": 0.0, "NSE": null, "VIVTOT": 0.0, "GRAPROES": 0.0, "_ent": "20", "_mun": "044", "_loc": "0001"}, "geometry": {"type": "Polygon", "coordinates": [[[-95.89174, 18.11525], [-95.89158, 18.11535], [-95.89086, 18.11431], [-95.89103, 18.1142], [-95.89174, 18.11525]]]}}, {"id": "1591647", "type": "Feature", "properties": {"id": "1591647", "CVEGEO": "2004400010233055", "POBTOT": 0.0, "score_nse": 0.0, "NSE": null, "VIVTOT": 0.0, "GRAPROES": 0.0, "_ent": "20", "_mun": "044", "_loc": "0001"}, "geometry": {"type": "Polygon", "coordinates": [[[-95.89148, 18.11646], [-95.89211, 18.11604], [-95.89232, 18.11628], [-95.89167, 18.11672], [-95.89148, 18.11646]]]}}, {"id": "1591648", "type": "Feature", "properties": {"id": "1591648", "CVEGEO": "2004400010233056", "POBTOT": 0.0, "score_nse": 0.0, "NSE": null, "VIVTOT": 0.0, "GRAPROES": 0.0, "_ent": "20", "_mun": "044", "_loc": "0001"}, "geometry": {"type": "Polygon", "coordinates": [[[-95.89221, 18.10947], [-95.89214, 18.11026], [-95.89165, 18.11078], [-95.89119, 18.1105], [-95.89101, 18.11081], [-95.89015, 18.11091], [-95.89013, 18.11108], [-95.89004, 18.11095], [-95.88964, 18.11101], [-95.89221, 18.10947]]]}}, {"id": "1591649", "type": "Feature", "properties": {"id": "1591649", "CVEGEO": "2004400010252072", "POBTOT": 12.0, "score_nse": 39.12, "NSE": "D+", "VIVTOT": 3.0, "GRAPROES": 5.86, "_ent": "20", "_mun": "044", "_loc": "0001"}, "geometry": {"type": "Polygon", "coordinates": [[[-95.86857, 18.10186], [-95.86824, 18.10174], [-95.86829, 18.10106], [-95.86862, 18.10109], [-95.86857, 18.10186]]]}}, {"id": "1591650", "type": "Feature", "properties": {"id": "1591650", "CVEGEO": "2004400010252073", "POBTOT": 9.0, "score_nse": 0.0, "NSE": "ND", "VIVTOT": 3.0, "GRAPROES": 7.0, "_ent": "20", "_mun": "044", "_loc": "0001"}, "geometry": {"type": "Polygon", "coordinates": [[[-95.86758, 18.10101], [-95.868, 18.10124], [-95.86818, 18.10182], [-95.86778, 18.10179], [-95.86778, 18.10153], [-95.86772, 18.10178], [-95.86758, 18.10177], [-95.86758, 18.10101]]]}}, {"id": "1591651", "type": "Feature", "properties": {"id": "1591651", "CVEGEO": "2004400010252079", "POBTOT": 14.0, "score_nse": 0.0, "NSE": "ND", "VIVTOT": 7.0, "GRAPROES": 5.0, "_ent": "20", "_mun": "044", "_loc": "0001"}, "geometry": {"type": "Polygon", "coordinates": [[[-95.8686, 18.10191], [-95.86888, 18.10193], [-95.86887, 18.10296], [-95.86858, 18.10232], [-95.8686, 18.10191]]]}}, {"id": "1591652", "type": "Feature", "properties": {"id": "1591652", "CVEGEO": "2004400010252080", "POBTOT": 16.0, "score_nse": 0.0, "NSE": "ND", "VIVTOT": 5.0, "GRAPROES": 7.56, "_ent": "20", "_mun": "044", "_loc": "0001"}, "geometry": {"type": "Polygon", "coordinates": [[[-95.86853, 18.10227], [-95.86847, 18.10294], [-95.86818, 18.10293], [-95.86822, 18.10187], [-95.86853, 18.10227]]]}}, {"id": "1591653", "type": "Feature", "properties": {"id": "1591653", "CVEGEO": "2004400010252081", "POBTOT": 0.0, "score_nse": 0.0, "NSE": null, "VIVTOT": 0.0, "GRAPROES": 0.0, "_ent": "20", "_mun": "044", "_loc": "0001"}, "geometry": {"type": "Polygon", "coordinates": [[[-95.86856, 18.10189], [-95.86854, 18.10223], [-95.86829, 18.10187], [-95.86856, 18.10189]]]}}, {"id": "1591654", "type": "Feature", "properties": {"id": "1591654", "CVEGEO": "2004400010252082", "POBTOT": 0.0, "score_nse": 0.0, "NSE": null, "VIVTOT": 0.0, "GRAPROES": 0.0, "_ent": "20", "_mun": "044", "_loc": "0001"}, "geometry": {"type": "Polygon", "coordinates": [[[-95.86823, 18.10106], [-95.8682, 18.10162], [-95.8678, 18.10103], [-95.86823, 18.10106]]]}}, {"id": "1591655", "type": "Feature", "properties": {"id": "1591655", "CVEGEO": "2004400010252083", "POBTOT": 0.0, "score_nse": 0.0, "NSE": null, "VIVTOT": 0.0, "GRAPROES": 0.0, "_ent": "20", "_mun": "044", "_loc": "0001"}, "geometry": {"type": "Polygon", "coordinates": [[[-95.86877, 18.10296], [-95.86852, 18.10294], [-95.86857, 18.10237], [-95.86864, 18.10253], [-95.86877, 18.10296]]]}}, {"id": "1591656", "type": "Feature", "properties": {"id": "1591656", "CVEGEO": "2004400010322032", "POBTOT": 2.0, "score_nse": 0.0, "NSE": "ND", "VIVTOT": 1.0, "GRAPROES": 0.0, "_ent": "20", "_mun": "044", "_loc": "0001"}, "geometry": {"type": "Polygon", "coordinates": [[[-95.87676, 18.12555], [-95.87661, 18.12525], [-95.8772, 18.12488], [-95.877, 18.12538], [-95.87676, 18.12555]]]}}, {"id": "1591657", "type": "Feature", "properties": {"id": "1591657", "CVEGEO": "2004400010322033", "POBTOT": 0.0, "score_nse": 0.0, "NSE": null, "VIVTOT": 0.0, "GRAPROES": 0.0, "_ent": "20", "_mun": "044", "_loc": "0001"}, "geometry": {"type": "Polygon", "coordinates": [[[-95.87753, 18.12422], [-95.87722, 18.12479], [-95.87655, 18.12522], [-95.87641, 18.12494], [-95.87753, 18.12422]]]}}, {"id": "1591658", "type": "Feature", "properties": {"id": "1591658", "CVEGEO": "2004400010394038", "POBTOT": 0.0, "score_nse": 0.0, "NSE": null, "VIVTOT": 0.0, "GRAPROES": 0.0, "_ent": "20", "_mun": "044", "_loc": "0001"}, "geometry": {"type": "Polygon", "coordinates": [[[-95.87862, 18.12202], [-95.87835, 18.1226], [-95.87804, 18.12247], [-95.8783, 18.12189], [-95.87862, 18.12202]]]}}, {"id": "1591659", "type": "Feature", "properties": {"id": "1591659", "CVEGEO": "2004400010394039", "POBTOT": 0.0, "score_nse": 0.0, "NSE": null, "VIVTOT": 0.0, "GRAPROES": 0.0, "_ent": "20", "_mun": "044", "_loc": "0001"}, "geometry": {"type": "Polygon", "coordinates": [[[-95.87799, 18.12246], [-95.87772, 18.12234], [-95.87799, 18.12177], [-95.87826, 18.12188], [-95.87799, 18.12246]]]}}, {"id": "1591660", "type": "Feature", "properties": {"id": "1591660", "CVEGEO": "2004400010394040", "POBTOT": 0.0, "score_nse": 0.0, "NSE": null, "VIVTOT": 0.0, "GRAPROES": 0.0, "_ent": "20", "_mun": "044", "_loc": "0001"}, "geometry": {"type": "Polygon", "coordinates": [[[-95.87767, 18.12232], [-95.8774, 18.12221], [-95.87768, 18.12164], [-95.87794, 18.12175], [-95.87767, 18.12232]]]}}, {"id": "1591661", "type": "Feature", "properties": {"id": "1591661", "CVEGEO": "2004400010394041", "POBTOT": 0.0, "score_nse": 0.0, "NSE": null, "VIVTOT": 0.0, "GRAPROES": 0.0, "_ent": "20", "_mun": "044", "_loc": "0001"}, "geometry": {"type": "Polygon", "coordinates": [[[-95.87736, 18.1222], [-95.87693, 18.12201], [-95.87764, 18.12161], [-95.87736, 18.1222]]]}}, {"id": "1591662", "type": "Feature", "properties": {"id": "1591662", "CVEGEO": "200440001045A011", "POBTOT": 26.0, "score_nse": 0.0, "NSE": "ND", "VIVTOT": 8.0, "GRAPROES": 5.11, "_ent": "20", "_mun": "044", "_loc": "0001"}, "geometry": {"type": "Polygon", "coordinates": [[[-95.88626, 18.12159], [-95.88567, 18.12217], [-95.88557, 18.12208], [-95.88579, 18.12181], [-95.88554, 18.12204], [-95.88542, 18.12193], [-95.88488, 18.12247], [-95.88471, 18.12207], [-95.88589, 18.12125], [-95.88626, 18.12159]]]}}, {"id": "1591669", "type": "Feature", "properties": {"id": "1591669", "CVEGEO": "2004400010017016", "POBTOT": 22.0, "score_nse": 0.0, "NSE": "ND", "VIVTOT": 5.0, "GRAPROES": 5.07, "_ent": "20", "_mun": "044", "_loc": "0001"}, "geometry": {"type": "Polygon", "coordinates": [[[-95.8661, 18.10358], [-95.86507, 18.10345], [-95.8651, 18.10307], [-95.86564, 18.1031], [-95.86565, 18.10268], [-95.86609, 18.10267], [-95.8661, 18.10358]]]}}, {"id": "1591670", "type": "Feature", "properties": {"id": "1591670", "CVEGEO": "2004400010017022", "POBTOT": 0.0, "score_nse": 10.0, "NSE": "E", "VIVTOT": 1.0, "GRAPROES": 0.0, "_ent": "20", "_mun": "044", "_loc": "0001"}, "geometry": {"type": "Polygon", "coordinates": [[[-95.86752, 18.10703], [-95.86741, 18.1079], [-95.86683, 18.10782], [-95.86687, 18.10734], [-95.86718, 18.10732], [-95.86687, 18.10728], [-95.86689, 18.10693], [-95.86752, 18.10703]]]}}, {"id": "1591671", "type": "Feature", "properties": {"id": "1591671", "CVEGEO": "2004400010017024", "POBTOT": 7.0, "score_nse": 0.0, "NSE": "ND", "VIVTOT": 4.0, "GRAPROES": 0.0, "_ent": "20", "_mun": "044", "_loc": "0001"}, "geometry": {"type": "Polygon", "coordinates": [[[-95.86683, 18.10691], [-95.86676, 18.10781], [-95.86638, 18.10775], [-95.86641, 18.10686], [-95.86683, 18.10691]]]}}, {"id": "1591672", "type": "Feature", "properties": {"id": "1591672", "CVEGEO": "2004400010017044", "POBTOT": 0.0, "score_nse": 0.0, "NSE": null, "VIVTOT": 0.0, "GRAPROES": 0.0, "_ent": "20", "_mun": "044", "_loc": "0001"}, "geometry": {"type": "Polygon", "coordinates": [[[-95.86559, 18.10306], [-95.86485, 18.10303], [-95.86484, 18.10268], [-95.86559, 18.10269], [-95.86559, 18.10306]]]}}, {"id": "1591673", "type": "Feature", "properties": {"id": "1591673", "CVEGEO": "2004400010360034", "POBTOT": 58.0, "score_nse": 50.1327, "NSE": "C-", "VIVTOT": 29.0, "GRAPROES": 10.4, "_ent": "20", "_mun": "044", "_loc": "0001"}, "geometry": {"type": "Polygon", "coordinates": [[[-95.86865, 18.11284], [-95.86864, 18.11305], [-95.86785, 18.11303], [-95.86863, 18.11312], [-95.86861, 18.11346], [-95.86786, 18.11346], [-95.8686, 18.1135], [-95.86853, 18.11457], [-95.86759, 18.11452], [-95.86765, 18.11345], [-95.86754, 18.11451], [-95.86708, 18.1145], [-95.86721, 18.11278], [-95.86865, 18.11284]]]}}, {"id": "1591674", "type": "Feature", "properties": {"id": "1591674", "CVEGEO": "2004400010375004", "POBTOT": 156.0, "score_nse": 0.0, "NSE": "ND", "VIVTOT": 58.0, "GRAPROES": 6.6, "_ent": "20", "_mun": "044", "_loc": "0001"}, "geometry": {"type": "Polygon", "coordinates": [[[-95.88463, 18.12206], [-95.8832, 18.12303], [-95.88041, 18.12082], [-95.87958, 18.12171], [-95.87905, 18.12122], [-95.87922, 18.12085], [-95.87949, 18.12104], [-95.87924, 18.12081], [-95.87977, 18.11955], [-95.88072, 18.12028], [-95.88045, 18.12068], [-95.88107, 18.12005], [-95.88173, 18.12091], [-95.88209, 18.12067], [-95.88236, 18.12106], [-95.88224, 18.12114], [-95.88239, 18.1211], [-95.8828, 18.12166], [-95.88245, 18.12206], [-95.88283, 18.12171], [-95.88304, 18.12191], [-95.88272, 18.12236], [-95.88309, 18.12195], [-95.88352, 18.12223], [-95.88435, 18.12168], [-95.88463, 18.12206]]]}}, {"id": "1591675", "type": "Feature", "properties": {"id": "1591675", "CVEGEO": "2004400010394034", "POBTOT": 21.0, "score_nse": 0.0, "NSE": "ND", "VIVTOT": 11.0, "GRAPROES": 5.42, "_ent": "20", "_mun": "044", "_loc": "0001"}, "geometry": {"type": "Polygon", "coordinates": [[[-95.87903, 18.12106], [-95.87893, 18.12133], [-95.87847, 18.12119], [-95.87891, 18.12137], [-95.87879, 18.12164], [-95.87803, 18.12133], [-95.8782, 18.12118], [-95.87777, 18.12053], [-95.87804, 18.12037], [-95.87838, 18.12106], [-95.87864, 18.12093], [-95.87903, 18.12106]]]}}, {"id": "1591676", "type": "Feature", "properties": {"id": "1591676", "CVEGEO": "2004400010407021", "POBTOT": 8.0, "score_nse": 0.0, "NSE": "ND", "VIVTOT": 3.0, "GRAPROES": 0.0, "_ent": "20", "_mun": "044", "_loc": "0001"}, "geometry": {"type": "Polygon", "coordinates": [[[-95.88758, 18.1025], [-95.88728, 18.1031], [-95.88691, 18.10293], [-95.88726, 18.10234], [-95.88758, 18.1025]]]}}, {"id": "1591677", "type": "Feature", "properties": {"id": "1591677", "CVEGEO": "2004400010407060", "POBTOT": 0.0, "score_nse": 0.0, "NSE": null, "VIVTOT": 0.0, "GRAPROES": 0.0, "_ent": "20", "_mun": "044", "_loc": "0001"}, "geometry": {"type": "Polygon", "coordinates": [[[-95.8872, 18.1023], [-95.88686, 18.10291], [-95.88652, 18.10275], [-95.88685, 18.10214], [-95.8872, 18.1023]]]}}, {"id": "1591678", "type": "Feature", "properties": {"id": "1591678", "CVEGEO": "2004400010426017", "POBTOT": 0.0, "score_nse": 0.0, "NSE": null, "VIVTOT": 0.0, "GRAPROES": 0.0, "_ent": "20", "_mun": "044", "_loc": "0001"}, "geometry": {"type": "Polygon", "coordinates": [[[-95.89325, 18.10935], [-95.89309, 18.10931], [-95.89272, 18.10918], [-95.89304, 18.10897], [-95.89325, 18.10935]]]}}, {"id": "1591679", "type": "Feature", "properties": {"id": "1591679", "CVEGEO": "2004400010426018", "POBTOT": 0.0, "score_nse": 0.0, "NSE": null, "VIVTOT": 0.0, "GRAPROES": 0.0, "_ent": "20", "_mun": "044", "_loc": "0001"}, "geometry": {"type": "Polygon", "coordinates": [[[-95.89593, 18.10987], [-95.89551, 18.1099], [-95.89347, 18.10941], [-95.89305, 18.1089], [-95.89383, 18.10844], [-95.89359, 18.10812], [-95.89377, 18.10792], [-95.89438, 18.10784], [-95.89593, 18.10987]]]}}, {"id": "1591680", "type": "Feature", "properties": {"id": "1591680", "CVEGEO": "2004400010445001", "POBTOT": 18.0, "score_nse": 0.0, "NSE": "ND", "VIVTOT": 5.0, "GRAPROES": 6.2, "_ent": "20", "_mun": "044", "_loc": "0001"}, "geometry": {"type": "Polygon", "coordinates": [[[-95.87677, 18.12047], [-95.87605, 18.12165], [-95.87517, 18.12028], [-95.87601, 18.11979], [-95.87642, 18.12059], [-95.87605, 18.11976], [-95.8762, 18.11967], [-95.87663, 18.12052], [-95.87625, 18.11964], [-95.87671, 18.11935], [-95.87677, 18.12047]]]}}]}