{"type": "FeatureCollection", "features": [{"id": "2458452", "type": "Feature", "properties": {"id": "2458452", "CVEGEO": "3109800010251027", "POBTOT": 55.0, "score_nse": 0.0, "NSE": "ND", "VIVTOT": 15.0, "GRAPROES": 7.19, "_ent": "31", "_mun": "098", "_loc": "0001"}, "geometry": {"type": "Polygon", "coordinates": [[[-89.04894, 20.06906], [-89.0482, 20.06898], [-89.04822, 20.06804], [-89.04925, 20.06813], [-89.04894, 20.06906]]]}}, {"id": "2458453", "type": "Feature", "properties": {"id": "2458453", "CVEGEO": "3109800120139018", "POBTOT": 0.0, "score_nse": 0.0, "NSE": null, "VIVTOT": 0.0, "GRAPROES": 0.0, "_ent": "31", "_mun": "098", "_loc": "0012"}, "geometry": {"type": "Polygon", "coordinates": [[[-89.06681, 20.12489], [-89.06931, 20.12527], [-89.06916, 20.12562], [-89.06796, 20.12553], [-89.06751, 20.12681], [-89.06736, 20.12661], [-89.06664, 20.12643], [-89.06681, 20.12489]]]}}, {"id": "2458454", "type": "Feature", "properties": {"id": "2458454", "CVEGEO": "3109800010251048", "POBTOT": 1.0, "score_nse": 0.0, "NSE": "ND", "VIVTOT": 3.0, "GRAPROES": 0.0, "_ent": "31", "_mun": "098", "_loc": "0001"}, "geometry": {"type": "Polygon", "coordinates": [[[-89.04248, 20.06325], [-89.04187, 20.0651], [-89.04096, 20.0649], [-89.04116, 20.06401], [-89.0409, 20.06489], [-89.03993, 20.06467], [-89.04054, 20.06273], [-89.04248, 20.06325]]]}}, {"id": "2458455", "type": "Feature", "properties": {"id": "2458455", "CVEGEO": "3109800050158022", "POBTOT": 0.0, "score_nse": 0.0, "NSE": null, "VIVTOT": 0.0, "GRAPROES": 0.0, "_ent": "31", "_mun": "098", "_loc": "0005"}, "geometry": {"type": "Polygon", "coordinates": [[[-88.94773, 19.95374], [-88.9476, 19.95448], [-88.94689, 19.95434], [-88.94758, 19.95457], [-88.94723, 19.95575], [-88.94529, 19.95517], [-88.94602, 19.95268], [-88.94773, 19.95374]]]}}, {"id": "2458456", "type": "Feature", "properties": {"id": "2458456", "CVEGEO": "3109800010228002", "POBTOT": 56.0, "score_nse": 0.0, "NSE": "ND", "VIVTOT": 18.0, "GRAPROES": 8.38, "_ent": "31", "_mun": "098", "_loc": "0001"}, "geometry": {"type": "Polygon", "coordinates": [[[-89.0458, 20.07607], [-89.04751, 20.07646], [-89.0473, 20.07748], [-89.04565, 20.07751], [-89.0458, 20.07607]]]}}, {"id": "2458457", "type": "Feature", "properties": {"id": "2458457", "CVEGEO": "3109800010266028", "POBTOT": 43.0, "score_nse": 0.0, "NSE": "ND", "VIVTOT": 9.0, "GRAPROES": 6.45, "_ent": "31", "_mun": "098", "_loc": "0001"}, "geometry": {"type": "Polygon", "coordinates": [[[-89.05239, 20.06839], [-89.05168, 20.0683], [-89.05179, 20.06779], [-89.05248, 20.0679], [-89.05239, 20.06839]]]}}, {"id": "2458458", "type": "Feature", "properties": {"id": "2458458", "CVEGEO": "3109800060139003", "POBTOT": 0.0, "score_nse": 0.0, "NSE": null, "VIVTOT": 0.0, "GRAPROES": 0.0, "_ent": "31", "_mun": "098", "_loc": "0006"}, "geometry": {"type": "Polygon", "coordinates": [[[-89.1326, 20.09226], [-89.13317, 20.09114], [-89.13368, 20.09135], [-89.13309, 20.09243], [-89.1326, 20.09226]]]}}, {"id": "2458459", "type": "Feature", "properties": {"id": "2458459", "CVEGEO": "3109800010251046", "POBTOT": 0.0, "score_nse": 0.0, "NSE": "ND", "VIVTOT": 0.0, "GRAPROES": 0.0, "_ent": "31", "_mun": "098", "_loc": "0001"}, "geometry": {"type": "Polygon", "coordinates": [[[-89.04065, 20.06573], [-89.04094, 20.06495], [-89.04185, 20.06515], [-89.04159, 20.06596], [-89.04065, 20.06573]]]}}, {"id": "2458460", "type": "Feature", "properties": {"id": "2458460", "CVEGEO": "3109800010266016", "POBTOT": 72.0, "score_nse": 54.55, "NSE": "C-", "VIVTOT": 20.0, "GRAPROES": 7.45, "_ent": "31", "_mun": "098", "_loc": "0001"}, "geometry": {"type": "Polygon", "coordinates": [[[-89.05233, 20.06937], [-89.05242, 20.06845], [-89.05356, 20.06872], [-89.05346, 20.06952], [-89.05233, 20.06937]]]}}, {"id": "2458461", "type": "Feature", "properties": {"id": "2458461", "CVEGEO": "3109800010209022", "POBTOT": 51.0, "score_nse": 0.0, "NSE": "ND", "VIVTOT": 15.0, "GRAPROES": 5.94, "_ent": "31", "_mun": "098", "_loc": "0001"}, "geometry": {"type": "Polygon", "coordinates": [[[-89.04813, 20.08454], [-89.05043, 20.08455], [-89.05011, 20.08741], [-89.04743, 20.08712], [-89.04813, 20.08454]]]}}, {"id": "2458462", "type": "Feature", "properties": {"id": "2458462", "CVEGEO": "3109800010209028", "POBTOT": 12.0, "score_nse": 0.0, "NSE": "ND", "VIVTOT": 6.0, "GRAPROES": 10.11, "_ent": "31", "_mun": "098", "_loc": "0001"}, "geometry": {"type": "Polygon", "coordinates": [[[-89.05341, 20.08445], [-89.05246, 20.08441], [-89.05253, 20.08356], [-89.05349, 20.08355], [-89.05341, 20.08445]]]}}, {"id": "2458463", "type": "Feature", "properties": {"id": "2458463", "CVEGEO": "3109800010105036", "POBTOT": 57.0, "score_nse": 0.0, "NSE": "ND", "VIVTOT": 12.0, "GRAPROES": 7.97, "_ent": "31", "_mun": "098", "_loc": "0001"}, "geometry": {"type": "Polygon", "coordinates": [[[-89.05788, 20.07348], [-89.05791, 20.07251], [-89.05896, 20.07267], [-89.0589, 20.07358], [-89.05788, 20.07348]]]}}, {"id": "2458464", "type": "Feature", "properties": {"id": "2458464", "CVEGEO": "3109800430181002", "POBTOT": 0.0, "score_nse": 0.0, "NSE": null, "VIVTOT": 0.0, "GRAPROES": 0.0, "_ent": "31", "_mun": "098", "_loc": "0043"}, "geometry": {"type": "Polygon", "coordinates": [[[-89.05278, 19.78587], [-89.05265, 19.7849], [-89.05342, 19.78496], [-89.05349, 19.78586], [-89.05278, 19.78587]]]}}, {"id": "2458465", "type": "Feature", "properties": {"id": "2458465", "CVEGEO": "3109800010270020", "POBTOT": 0.0, "score_nse": 10.0, "NSE": "E", "VIVTOT": 2.0, "GRAPROES": 0.0, "_ent": "31", "_mun": "098", "_loc": "0001"}, "geometry": {"type": "Polygon", "coordinates": [[[-89.05609, 20.05438], [-89.05945, 20.05623], [-89.05676, 20.05756], [-89.05599, 20.05855], [-89.05522, 20.05991], [-89.05487, 20.0603], [-89.05428, 20.06052], [-89.05298, 20.05968], [-89.05532, 20.05636], [-89.05609, 20.05438]]]}}, {"id": "2458466", "type": "Feature", "properties": {"id": "2458466", "CVEGEO": "3109800010228001", "POBTOT": 33.0, "score_nse": 0.0, "NSE": "ND", "VIVTOT": 15.0, "GRAPROES": 7.65, "_ent": "31", "_mun": "098", "_loc": "0001"}, "geometry": {"type": "Polygon", "coordinates": [[[-89.0485, 20.07669], [-89.04834, 20.07767], [-89.04734, 20.07758], [-89.04756, 20.07647], [-89.0485, 20.07669]]]}}, {"id": "2458467", "type": "Feature", "properties": {"id": "2458467", "CVEGEO": "3109800010105025", "POBTOT": 36.0, "score_nse": 0.0, "NSE": "ND", "VIVTOT": 20.0, "GRAPROES": 8.76, "_ent": "31", "_mun": "098", "_loc": "0001"}, "geometry": {"type": "Polygon", "coordinates": [[[-89.04993, 20.0742], [-89.05069, 20.0743], [-89.05051, 20.07575], [-89.04978, 20.07563], [-89.04993, 20.0742]]]}}, {"id": "2458468", "type": "Feature", "properties": {"id": "2458468", "CVEGEO": "3109800010251021", "POBTOT": 39.0, "score_nse": 40.5788, "NSE": "D+", "VIVTOT": 13.0, "GRAPROES": 8.54, "_ent": "31", "_mun": "098", "_loc": "0001"}, "geometry": {"type": "Polygon", "coordinates": [[[-89.04818, 20.06745], [-89.04817, 20.068], [-89.04676, 20.06787], [-89.0468, 20.06731], [-89.04818, 20.06745]]]}}, {"id": "2458469", "type": "Feature", "properties": {"id": "2458469", "CVEGEO": "3109800110139012", "POBTOT": 0.0, "score_nse": 0.0, "NSE": null, "VIVTOT": 0.0, "GRAPROES": 0.0, "_ent": "31", "_mun": "098", "_loc": "0011"}, "geometry": {"type": "Polygon", "coordinates": [[[-89.04463, 20.09191], [-89.04525, 20.08996], [-89.04571, 20.09018], [-89.04564, 20.09043], [-89.04608, 20.09058], [-89.04598, 20.09081], [-89.04569, 20.09072], [-89.04597, 20.09086], [-89.04536, 20.09219], [-89.04463, 20.09191]]]}}, {"id": "2458470", "type": "Feature", "properties": {"id": "2458470", "CVEGEO": "3109800050158030", "POBTOT": 0.0, "score_nse": 0.0, "NSE": null, "VIVTOT": 0.0, "GRAPROES": 0.0, "_ent": "31", "_mun": "098", "_loc": "0005"}, "geometry": {"type": "Polygon", "coordinates": [[[-88.95057, 19.95683], [-88.95005, 19.95667], [-88.95019, 19.95634], [-88.9507, 19.9565], [-88.95057, 19.95683]]]}}, {"id": "2458471", "type": "Feature", "properties": {"id": "2458471", "CVEGEO": "3109800010209033", "POBTOT": 19.0, "score_nse": 0.0, "NSE": "ND", "VIVTOT": 6.0, "GRAPROES": 5.78, "_ent": "31", "_mun": "098", "_loc": "0001"}, "geometry": {"type": "Polygon", "coordinates": [[[-89.05338, 20.08454], [-89.0532, 20.08773], [-89.05023, 20.08743], [-89.05041, 20.0855], [-89.05149, 20.0856], [-89.0515, 20.08681], [-89.05155, 20.08559], [-89.05243, 20.08565], [-89.05243, 20.08451], [-89.05338, 20.08454]]]}}, {"id": "2458472", "type": "Feature", "properties": {"id": "2458472", "CVEGEO": "3109800240177011", "POBTOT": 0.0, "score_nse": 0.0, "NSE": null, "VIVTOT": 0.0, "GRAPROES": 0.0, "_ent": "31", "_mun": "098", "_loc": "0024"}, "geometry": {"type": "Polygon", "coordinates": [[[-89.10624, 19.84384], [-89.10599, 19.843], [-89.10662, 19.84281], [-89.10685, 19.84366], [-89.10624, 19.84384]]]}}, {"id": "2458473", "type": "Feature", "properties": {"id": "2458473", "CVEGEO": "3109800010270008", "POBTOT": 6.0, "score_nse": 0.0, "NSE": "ND", "VIVTOT": 2.0, "GRAPROES": 0.0, "_ent": "31", "_mun": "098", "_loc": "0001"}, "geometry": {"type": "Polygon", "coordinates": [[[-89.05213, 20.06609], [-89.05231, 20.06515], [-89.05337, 20.06536], [-89.05307, 20.06628], [-89.05213, 20.06609]]]}}, {"id": "2458474", "type": "Feature", "properties": {"id": "2458474", "CVEGEO": "3109800010247004", "POBTOT": 38.0, "score_nse": 0.0, "NSE": "ND", "VIVTOT": 14.0, "GRAPROES": 6.71, "_ent": "31", "_mun": "098", "_loc": "0001"}, "geometry": {"type": "Polygon", "coordinates": [[[-89.0455, 20.06932], [-89.04453, 20.06899], [-89.04465, 20.06801], [-89.04561, 20.06835], [-89.0455, 20.06932]]]}}, {"id": "2458475", "type": "Feature", "properties": {"id": "2458475", "CVEGEO": "3109800010228012", "POBTOT": 89.0, "score_nse": 55.3753, "NSE": "C", "VIVTOT": 29.0, "GRAPROES": 10.21, "_ent": "31", "_mun": "098", "_loc": "0001"}, "geometry": {"type": "Polygon", "coordinates": [[[-89.04987, 20.07419], [-89.0496, 20.07652], [-89.04862, 20.07635], [-89.04891, 20.07405], [-89.04987, 20.07419]]]}}, {"id": "2458476", "type": "Feature", "properties": {"id": "2458476", "CVEGEO": "3109800010213034", "POBTOT": 44.0, "score_nse": 0.0, "NSE": "ND", "VIVTOT": 16.0, "GRAPROES": 7.97, "_ent": "31", "_mun": "098", "_loc": "0001"}, "geometry": {"type": "Polygon", "coordinates": [[[-89.05263, 20.0762], [-89.0535, 20.07635], [-89.05307, 20.07761], [-89.0524, 20.07745], [-89.05263, 20.0762]]]}}, {"id": "2458477", "type": "Feature", "properties": {"id": "2458477", "CVEGEO": "3109800010213028", "POBTOT": 60.0, "score_nse": 0.0, "NSE": "ND", "VIVTOT": 24.0, "GRAPROES": 4.49, "_ent": "31", "_mun": "098", "_loc": "0001"}, "geometry": {"type": "Polygon", "coordinates": [[[-89.05514, 20.08466], [-89.05396, 20.08453], [-89.05427, 20.08172], [-89.05416, 20.0821], [-89.05372, 20.08202], [-89.05393, 20.08114], [-89.05432, 20.08113], [-89.05441, 20.0808], [-89.05428, 20.08106], [-89.05399, 20.08089], [-89.0542, 20.08002], [-89.05453, 20.08004], [-89.05451, 20.08029], [-89.05458, 20.08005], [-89.05486, 20.08005], [-89.05422, 20.07997], [-89.0542, 20.07899], [-89.05734, 20.07934], [-89.0571, 20.08089], [-89.0554, 20.08087], [-89.05513, 20.08362], [-89.05546, 20.08363], [-89.05514, 20.08466]]]}}, {"id": "2458478", "type": "Feature", "properties": {"id": "2458478", "CVEGEO": "3109800080177006", "POBTOT": 0.0, "score_nse": 0.0, "NSE": null, "VIVTOT": 0.0, "GRAPROES": 0.0, "_ent": "31", "_mun": "098", "_loc": "0008"}, "geometry": {"type": "Polygon", "coordinates": [[[-89.00597, 19.81178], [-89.00501, 19.81161], [-89.00524, 19.81073], [-89.00613, 19.81099], [-89.00597, 19.81178]]]}}, {"id": "2458479", "type": "Feature", "properties": {"id": "2458479", "CVEGEO": "3109800010213027", "POBTOT": 31.0, "score_nse": 38.108, "NSE": "D+", "VIVTOT": 8.0, "GRAPROES": 6.44, "_ent": "31", "_mun": "098", "_loc": "0001"}, "geometry": {"type": "Polygon", "coordinates": [[[-89.05688, 20.07922], [-89.05688, 20.07866], [-89.05814, 20.07893], [-89.05806, 20.07938], [-89.05688, 20.07922]]]}}, {"id": "2458480", "type": "Feature", "properties": {"id": "2458480", "CVEGEO": "3109800110139002", "POBTOT": 0.0, "score_nse": 0.0, "NSE": null, "VIVTOT": 0.0, "GRAPROES": 0.0, "_ent": "31", "_mun": "098", "_loc": "0011"}, "geometry": {"type": "Polygon", "coordinates": [[[-89.0453, 20.08983], [-89.04569, 20.08872], [-89.04669, 20.08905], [-89.04617, 20.0903], [-89.0453, 20.08983]]]}}, {"id": "2458481", "type": "Feature", "properties": {"id": "2458481", "CVEGEO": "3109800010105038", "POBTOT": 40.0, "score_nse": 0.0, "NSE": "ND", "VIVTOT": 24.0, "GRAPROES": 5.32, "_ent": "31", "_mun": "098", "_loc": "0001"}, "geometry": {"type": "Polygon", "coordinates": [[[-89.06613, 20.08046], [-89.06459, 20.07991], [-89.06432, 20.07974], [-89.06439, 20.07934], [-89.06427, 20.07972], [-89.05948, 20.0766], [-89.05961, 20.07636], [-89.05943, 20.07657], [-89.05851, 20.07599], [-89.05883, 20.07543], [-89.05846, 20.07595], [-89.0575, 20.07534], [-89.05796, 20.07464], [-89.0583, 20.07468], [-89.05778, 20.07456], [-89.05787, 20.07353], [-89.06044, 20.07379], [-89.06011, 20.0737], [-89.06024, 20.07283], [-89.0614, 20.07295], [-89.06133, 20.07389], [-89.06073, 20.0753], [-89.06559, 20.07763], [-89.06716, 20.07806], [-89.06613, 20.08046]]]}}, {"id": "2458482", "type": "Feature", "properties": {"id": "2458482", "CVEGEO": "3109800010213016", "POBTOT": 40.0, "score_nse": 56.7107, "NSE": "C", "VIVTOT": 12.0, "GRAPROES": 9.16, "_ent": "31", "_mun": "098", "_loc": "0001"}, "geometry": {"type": "Polygon", "coordinates": [[[-89.05415, 20.07997], [-89.05307, 20.0798], [-89.05317, 20.07885], [-89.05417, 20.07895], [-89.05415, 20.07997]]]}}, {"id": "2458483", "type": "Feature", "properties": {"id": "2458483", "CVEGEO": "3109800050158019", "POBTOT": 0.0, "score_nse": 0.0, "NSE": null, "VIVTOT": 0.0, "GRAPROES": 0.0, "_ent": "31", "_mun": "098", "_loc": "0005"}, "geometry": {"type": "Polygon", "coordinates": [[[-88.94655, 19.96228], [-88.94786, 19.95856], [-88.94851, 19.95879], [-88.94739, 19.96242], [-88.94655, 19.96228]]]}}, {"id": "2458484", "type": "Feature", "properties": {"id": "2458484", "CVEGEO": "3109800010213036", "POBTOT": 0.0, "score_nse": 0.0, "NSE": "ND", "VIVTOT": 0.0, "GRAPROES": 0.0, "_ent": "31", "_mun": "098", "_loc": "0001"}, "geometry": {"type": "Polygon", "coordinates": [[[-89.05364, 20.08296], [-89.05406, 20.08303], [-89.0539, 20.08452], [-89.05345, 20.08449], [-89.05352, 20.08355], [-89.05382, 20.08354], [-89.05353, 20.08352], [-89.05364, 20.08296]]]}}, {"id": "2458485", "type": "Feature", "properties": {"id": "2458485", "CVEGEO": "3109800010251043", "POBTOT": 10.0, "score_nse": 0.0, "NSE": "ND", "VIVTOT": 5.0, "GRAPROES": 5.43, "_ent": "31", "_mun": "098", "_loc": "0001"}, "geometry": {"type": "Polygon", "coordinates": [[[-89.04126, 20.06008], [-89.03961, 20.06542], [-89.03927, 20.06635], [-89.03785, 20.06448], [-89.03915, 20.06103], [-89.04008, 20.06118], [-89.04038, 20.0599], [-89.04126, 20.06008]]]}}, {"id": "2458486", "type": "Feature", "properties": {"id": "2458486", "CVEGEO": "3109800010266001", "POBTOT": 58.0, "score_nse": 0.0, "NSE": "ND", "VIVTOT": 22.0, "GRAPROES": 6.74, "_ent": "31", "_mun": "098", "_loc": "0001"}, "geometry": {"type": "Polygon", "coordinates": [[[-89.05636, 20.07087], [-89.05616, 20.07085], [-89.05608, 20.07118], [-89.05526, 20.07098], [-89.05574, 20.06982], [-89.05658, 20.06996], [-89.05636, 20.07087]]]}}, {"id": "2458487", "type": "Feature", "properties": {"id": "2458487", "CVEGEO": "3109800010105030", "POBTOT": 18.0, "score_nse": 0.0, "NSE": "ND", "VIVTOT": 9.0, "GRAPROES": 10.0, "_ent": "31", "_mun": "098", "_loc": "0001"}, "geometry": {"type": "Polygon", "coordinates": [[[-89.05119, 20.07124], [-89.05024, 20.07118], [-89.05038, 20.07023], [-89.05132, 20.07035], [-89.05119, 20.07124]]]}}, {"id": "2458488", "type": "Feature", "properties": {"id": "2458488", "CVEGEO": "3109800010105010", "POBTOT": 0.0, "score_nse": 0.0, "NSE": "ND", "VIVTOT": 0.0, "GRAPROES": 0.0, "_ent": "31", "_mun": "098", "_loc": "0001"}, "geometry": {"type": "Polygon", "coordinates": [[[-89.0515, 20.07354], [-89.05105, 20.0737], [-89.05086, 20.07389], [-89.05089, 20.0734], [-89.0515, 20.07354]]]}}, {"id": "2458489", "type": "Feature", "properties": {"id": "2458489", "CVEGEO": "3109800010105020", "POBTOT": 63.0, "score_nse": 0.0, "NSE": "ND", "VIVTOT": 21.0, "GRAPROES": 5.77, "_ent": "31", "_mun": "098", "_loc": "0001"}, "geometry": {"type": "Polygon", "coordinates": [[[-89.05435, 20.07394], [-89.05572, 20.07431], [-89.05563, 20.07519], [-89.05407, 20.07487], [-89.05435, 20.07394]]]}}, {"id": "2458490", "type": "Feature", "properties": {"id": "2458490", "CVEGEO": "3109800010266015", "POBTOT": 49.0, "score_nse": 0.0, "NSE": "ND", "VIVTOT": 19.0, "GRAPROES": 7.29, "_ent": "31", "_mun": "098", "_loc": "0001"}, "geometry": {"type": "Polygon", "coordinates": [[[-89.05346, 20.06955], [-89.05333, 20.07053], [-89.05224, 20.07042], [-89.05232, 20.06941], [-89.05346, 20.06955]]]}}, {"id": "2458491", "type": "Feature", "properties": {"id": "2458491", "CVEGEO": "3109800050158024", "POBTOT": 0.0, "score_nse": 0.0, "NSE": null, "VIVTOT": 0.0, "GRAPROES": 0.0, "_ent": "31", "_mun": "098", "_loc": "0005"}, "geometry": {"type": "Polygon", "coordinates": [[[-88.94995, 19.95452], [-88.94962, 19.95518], [-88.94912, 19.955], [-88.95051, 19.95114], [-88.95116, 19.9511], [-88.95141, 19.95079], [-88.95262, 19.95115], [-88.95107, 19.95555], [-88.9497, 19.9552], [-88.94995, 19.95452]]]}}, {"id": "2458492", "type": "Feature", "properties": {"id": "2458492", "CVEGEO": "3109800010209025", "POBTOT": 16.0, "score_nse": 0.0, "NSE": "ND", "VIVTOT": 8.0, "GRAPROES": 9.85, "_ent": "31", "_mun": "098", "_loc": "0001"}, "geometry": {"type": "Polygon", "coordinates": [[[-89.05049, 20.08455], [-89.05152, 20.08455], [-89.0515, 20.08554], [-89.0504, 20.08545], [-89.05049, 20.08455]]]}}, {"id": "2458493", "type": "Feature", "properties": {"id": "2458493", "CVEGEO": "3109800430181004", "POBTOT": 0.0, "score_nse": 0.0, "NSE": null, "VIVTOT": 0.0, "GRAPROES": 0.0, "_ent": "31", "_mun": "098", "_loc": "0043"}, "geometry": {"type": "Polygon", "coordinates": [[[-89.0541, 19.7865], [-89.05355, 19.78651], [-89.05357, 19.78592], [-89.05406, 19.78589], [-89.0541, 19.7865]]]}}, {"id": "2458494", "type": "Feature", "properties": {"id": "2458494", "CVEGEO": "3109800120139011", "POBTOT": 0.0, "score_nse": 0.0, "NSE": null, "VIVTOT": 0.0, "GRAPROES": 0.0, "_ent": "31", "_mun": "098", "_loc": "0012"}, "geometry": {"type": "Polygon", "coordinates": [[[-89.06316, 20.12392], [-89.06329, 20.12303], [-89.0642, 20.1232], [-89.06407, 20.12415], [-89.06316, 20.12392]]]}}, {"id": "2458495", "type": "Feature", "properties": {"id": "2458495", "CVEGEO": "3109800010247002", "POBTOT": 31.0, "score_nse": 0.0, "NSE": "ND", "VIVTOT": 17.0, "GRAPROES": 9.46, "_ent": "31", "_mun": "098", "_loc": "0001"}, "geometry": {"type": "Polygon", "coordinates": [[[-89.0423, 20.07027], [-89.04442, 20.06947], [-89.04396, 20.07173], [-89.04313, 20.07132], [-89.0423, 20.07027]]]}}, {"id": "2458496", "type": "Feature", "properties": {"id": "2458496", "CVEGEO": "3109800010251008", "POBTOT": 96.0, "score_nse": 42.3253, "NSE": "C-", "VIVTOT": 30.0, "GRAPROES": 8.51, "_ent": "31", "_mun": "098", "_loc": "0001"}, "geometry": {"type": "Polygon", "coordinates": [[[-89.04676, 20.06623], [-89.04874, 20.06654], [-89.04859, 20.06745], [-89.04679, 20.06727], [-89.04676, 20.06623]]]}}, {"id": "2458497", "type": "Feature", "properties": {"id": "2458497", "CVEGEO": "3109800010247030", "POBTOT": 39.0, "score_nse": 0.0, "NSE": "ND", "VIVTOT": 16.0, "GRAPROES": 7.0, "_ent": "31", "_mun": "098", "_loc": "0001"}, "geometry": {"type": "Polygon", "coordinates": [[[-89.04943, 20.07012], [-89.05034, 20.07023], [-89.05018, 20.07117], [-89.04931, 20.071], [-89.04943, 20.07012]]]}}, {"id": "2458498", "type": "Feature", "properties": {"id": "2458498", "CVEGEO": "3109800050158015", "POBTOT": 0.0, "score_nse": 0.0, "NSE": null, "VIVTOT": 0.0, "GRAPROES": 0.0, "_ent": "31", "_mun": "098", "_loc": "0005"}, "geometry": {"type": "Polygon", "coordinates": [[[-88.95511, 19.95826], [-88.95148, 19.95712], [-88.95217, 19.95525], [-88.9526, 19.95542], [-88.95223, 19.95638], [-88.95545, 19.95745], [-88.95511, 19.95826]]]}}, {"id": "2458499", "type": "Feature", "properties": {"id": "2458499", "CVEGEO": "3109800010247014", "POBTOT": 46.0, "score_nse": 0.0, "NSE": "ND", "VIVTOT": 17.0, "GRAPROES": 9.63, "_ent": "31", "_mun": "098", "_loc": "0001"}, "geometry": {"type": "Polygon", "coordinates": [[[-89.03712, 20.06963], [-89.03721, 20.06882], [-89.04133, 20.06923], [-89.04213, 20.07027], [-89.03486, 20.07404], [-89.03565, 20.06943], [-89.03712, 20.06963]]]}}, {"id": "2458500", "type": "Feature", "properties": {"id": "2458500", "CVEGEO": "3109800010266021", "POBTOT": 49.0, "score_nse": 0.0, "NSE": "ND", "VIVTOT": 16.0, "GRAPROES": 6.81, "_ent": "31", "_mun": "098", "_loc": "0001"}, "geometry": {"type": "Polygon", "coordinates": [[[-89.0601, 20.06813], [-89.05981, 20.06915], [-89.05893, 20.06907], [-89.05917, 20.06803], [-89.0601, 20.06813]]]}}, {"id": "2458501", "type": "Feature", "properties": {"id": "2458501", "CVEGEO": "3109800110139005", "POBTOT": 0.0, "score_nse": 0.0, "NSE": null, "VIVTOT": 0.0, "GRAPROES": 0.0, "_ent": "31", "_mun": "098", "_loc": "0011"}, "geometry": {"type": "Polygon", "coordinates": [[[-89.04672, 20.08898], [-89.04571, 20.08866], [-89.04599, 20.08777], [-89.04703, 20.08811], [-89.04672, 20.08898]]]}}, {"id": "2458502", "type": "Feature", "properties": {"id": "2458502", "CVEGEO": "3109800010213005", "POBTOT": 19.0, "score_nse": 0.0, "NSE": "ND", "VIVTOT": 10.0, "GRAPROES": 6.73, "_ent": "31", "_mun": "098", "_loc": "0001"}, "geometry": {"type": "Polygon", "coordinates": [[[-89.05289, 20.08076], [-89.05307, 20.07984], [-89.05415, 20.08001], [-89.05391, 20.08098], [-89.05289, 20.08076]]]}}, {"id": "2458503", "type": "Feature", "properties": {"id": "2458503", "CVEGEO": "3109800010228027", "POBTOT": 25.0, "score_nse": 0.0, "NSE": "ND", "VIVTOT": 11.0, "GRAPROES": 7.8, "_ent": "31", "_mun": "098", "_loc": "0001"}, "geometry": {"type": "Polygon", "coordinates": [[[-89.04925, 20.07206], [-89.05008, 20.07212], [-89.04997, 20.07318], [-89.04905, 20.07303], [-89.04925, 20.07206]]]}}, {"id": "2458504", "type": "Feature", "properties": {"id": "2458504", "CVEGEO": "3109800390177004", "POBTOT": 0.0, "score_nse": 0.0, "NSE": null, "VIVTOT": 0.0, "GRAPROES": 0.0, "_ent": "31", "_mun": "098", "_loc": "0039"}, "geometry": {"type": "Polygon", "coordinates": [[[-88.98356, 19.83792], [-88.98437, 19.83792], [-88.98437, 19.83862], [-88.98356, 19.8386], [-88.98356, 19.83792]]]}}, {"id": "2458505", "type": "Feature", "properties": {"id": "2458505", "CVEGEO": "3109800050158009", "POBTOT": 0.0, "score_nse": 0.0, "NSE": null, "VIVTOT": 0.0, "GRAPROES": 0.0, "_ent": "31", "_mun": "098", "_loc": "0005"}, "geometry": {"type": "Polygon", "coordinates": [[[-88.94857, 19.95628], [-88.94823, 19.95729], [-88.94699, 19.95697], [-88.94729, 19.95587], [-88.94857, 19.95628]]]}}, {"id": "2458506", "type": "Feature", "properties": {"id": "2458506", "CVEGEO": "3109800250162004", "POBTOT": 0.0, "score_nse": 0.0, "NSE": null, "VIVTOT": 0.0, "GRAPROES": 0.0, "_ent": "31", "_mun": "098", "_loc": "0025"}, "geometry": {"type": "Polygon", "coordinates": [[[-88.99729, 19.8958], [-88.99806, 19.89586], [-88.99806, 19.89678], [-88.99699, 19.89697], [-88.99682, 19.89615], [-88.99729, 19.8958]]]}}, {"id": "2458507", "type": "Feature", "properties": {"id": "2458507", "CVEGEO": "3109800430181009", "POBTOT": 0.0, "score_nse": 0.0, "NSE": null, "VIVTOT": 0.0, "GRAPROES": 0.0, "_ent": "31", "_mun": "098", "_loc": "0043"}, "geometry": {"type": "Polygon", "coordinates": [[[-89.05397, 19.78494], [-89.05347, 19.78489], [-89.05344, 19.78441], [-89.05392, 19.78445], [-89.05397, 19.78494]]]}}, {"id": "2458508", "type": "Feature", "properties": {"id": "2458508", "CVEGEO": "3109800450181001", "POBTOT": 0.0, "score_nse": 0.0, "NSE": null, "VIVTOT": 0.0, "GRAPROES": 0.0, "_ent": "31", "_mun": "098", "_loc": "0045"}, "geometry": {"type": "Polygon", "coordinates": [[[-89.10328, 19.79729], [-89.10589, 19.79698], [-89.10629, 19.79733], [-89.10567, 19.79778], [-89.10326, 19.79812], [-89.10328, 19.79729]]]}}, {"id": "2458509", "type": "Feature", "properties": {"id": "2458509", "CVEGEO": "3109800010105021", "POBTOT": 81.0, "score_nse": 0.0, "NSE": "ND", "VIVTOT": 28.0, "GRAPROES": 5.76, "_ent": "31", "_mun": "098", "_loc": "0001"}, "geometry": {"type": "Polygon", "coordinates": [[[-89.05497, 20.07652], [-89.0536, 20.07629], [-89.05405, 20.07492], [-89.05524, 20.07516], [-89.05497, 20.07652]]]}}, {"id": "2458510", "type": "Feature", "properties": {"id": "2458510", "CVEGEO": "3109800010232013", "POBTOT": 53.0, "score_nse": 0.0, "NSE": "ND", "VIVTOT": 20.0, "GRAPROES": 6.35, "_ent": "31", "_mun": "098", "_loc": "0001"}, "geometry": {"type": "Polygon", "coordinates": [[[-89.04424, 20.07456], [-89.04437, 20.07337], [-89.04463, 20.07341], [-89.04502, 20.07387], [-89.04493, 20.07472], [-89.04424, 20.07456]]]}}, {"id": "2458511", "type": "Feature", "properties": {"id": "2458511", "CVEGEO": "3109800010228008", "POBTOT": 59.0, "score_nse": 0.0, "NSE": "ND", "VIVTOT": 17.0, "GRAPROES": 7.56, "_ent": "31", "_mun": "098", "_loc": "0001"}, "geometry": {"type": "Polygon", "coordinates": [[[-89.04564, 20.07757], [-89.04728, 20.07754], [-89.04713, 20.07836], [-89.04562, 20.07796], [-89.04564, 20.07757]]]}}, {"id": "2458512", "type": "Feature", "properties": {"id": "2458512", "CVEGEO": "3109800100139001", "POBTOT": 0.0, "score_nse": 0.0, "NSE": null, "VIVTOT": 0.0, "GRAPROES": 0.0, "_ent": "31", "_mun": "098", "_loc": "0010"}, "geometry": {"type": "Polygon", "coordinates": [[[-89.05577, 20.11845], [-89.05609, 20.1186], [-89.05595, 20.11887], [-89.05547, 20.11859], [-89.05577, 20.11845]]]}}, {"id": "2458513", "type": "Feature", "properties": {"id": "2458513", "CVEGEO": "3109800010105017", "POBTOT": 63.0, "score_nse": 0.0, "NSE": "ND", "VIVTOT": 18.0, "GRAPROES": 7.95, "_ent": "31", "_mun": "098", "_loc": "0001"}, "geometry": {"type": "Polygon", "coordinates": [[[-89.05608, 20.07122], [-89.05597, 20.07226], [-89.05487, 20.07194], [-89.05525, 20.07102], [-89.05608, 20.07122]]]}}, {"id": "2458514", "type": "Feature", "properties": {"id": "2458514", "CVEGEO": "3109800050158018", "POBTOT": 0.0, "score_nse": 0.0, "NSE": null, "VIVTOT": 0.0, "GRAPROES": 0.0, "_ent": "31", "_mun": "098", "_loc": "0005"}, "geometry": {"type": "Polygon", "coordinates": [[[-88.94891, 19.96263], [-88.94747, 19.96243], [-88.9486, 19.95882], [-88.95108, 19.95964], [-88.94994, 19.96241], [-88.94891, 19.96263]]]}}, {"id": "2458515", "type": "Feature", "properties": {"id": "2458515", "CVEGEO": "3109800010232022", "POBTOT": 24.0, "score_nse": 0.0, "NSE": "ND", "VIVTOT": 9.0, "GRAPROES": 10.53, "_ent": "31", "_mun": "098", "_loc": "0001"}, "geometry": {"type": "Polygon", "coordinates": [[[-89.04343, 20.07315], [-89.04353, 20.07243], [-89.04375, 20.07235], [-89.04453, 20.07327], [-89.04343, 20.07315]]]}}, {"id": "2458516", "type": "Feature", "properties": {"id": "2458516", "CVEGEO": "3109800010251019", "POBTOT": 14.0, "score_nse": 0.0, "NSE": "ND", "VIVTOT": 5.0, "GRAPROES": 0.0, "_ent": "31", "_mun": "098", "_loc": "0001"}, "geometry": {"type": "Polygon", "coordinates": [[[-89.04962, 20.06814], [-89.0493, 20.0681], [-89.04945, 20.06758], [-89.04967, 20.0676], [-89.04962, 20.06814]]]}}, {"id": "2458517", "type": "Feature", "properties": {"id": "2458517", "CVEGEO": "3109800120139021", "POBTOT": 0.0, "score_nse": 0.0, "NSE": null, "VIVTOT": 0.0, "GRAPROES": 0.0, "_ent": "31", "_mun": "098", "_loc": "0012"}, "geometry": {"type": "Polygon", "coordinates": [[[-89.06308, 20.1239], [-89.0622, 20.1237], [-89.06224, 20.12296], [-89.06321, 20.12302], [-89.06308, 20.1239]]]}}, {"id": "2458518", "type": "Feature", "properties": {"id": "2458518", "CVEGEO": "3109800450181003", "POBTOT": 0.0, "score_nse": 0.0, "NSE": null, "VIVTOT": 0.0, "GRAPROES": 0.0, "_ent": "31", "_mun": "098", "_loc": "0045"}, "geometry": {"type": "Polygon", "coordinates": [[[-89.10062, 19.79712], [-89.1032, 19.79686], [-89.10319, 19.79717], [-89.10063, 19.79743], [-89.10062, 19.79712]]]}}, {"id": "2458519", "type": "Feature", "properties": {"id": "2458519", "CVEGEO": "3109800010228022", "POBTOT": 51.0, "score_nse": 49.4, "NSE": "C-", "VIVTOT": 15.0, "GRAPROES": 9.45, "_ent": "31", "_mun": "098", "_loc": "0001"}, "geometry": {"type": "Polygon", "coordinates": [[[-89.04996, 20.07331], [-89.04987, 20.07414], [-89.04892, 20.074], [-89.04905, 20.07307], [-89.04996, 20.07331]]]}}, {"id": "2458520", "type": "Feature", "properties": {"id": "2458520", "CVEGEO": "3109800010213008", "POBTOT": 29.0, "score_nse": 0.0, "NSE": "ND", "VIVTOT": 10.0, "GRAPROES": 9.0, "_ent": "31", "_mun": "098", "_loc": "0001"}, "geometry": {"type": "Polygon", "coordinates": [[[-89.05259, 20.08277], [-89.05165, 20.08263], [-89.0517, 20.08171], [-89.05267, 20.08191], [-89.05259, 20.08277]]]}}, {"id": "2458521", "type": "Feature", "properties": {"id": "2458521", "CVEGEO": "3109800010232016", "POBTOT": 32.0, "score_nse": 0.0, "NSE": "ND", "VIVTOT": 13.0, "GRAPROES": 7.43, "_ent": "31", "_mun": "098", "_loc": "0001"}, "geometry": {"type": "Polygon", "coordinates": [[[-89.04565, 20.07695], [-89.04495, 20.07681], [-89.04506, 20.0759], [-89.04574, 20.07606], [-89.04565, 20.07695]]]}}, {"id": "2458522", "type": "Feature", "properties": {"id": "2458522", "CVEGEO": "3109800010247038", "POBTOT": 18.0, "score_nse": 0.0, "NSE": "ND", "VIVTOT": 7.0, "GRAPROES": 7.0, "_ent": "31", "_mun": "098", "_loc": "0001"}, "geometry": {"type": "Polygon", "coordinates": [[[-89.03862, 20.06809], [-89.03737, 20.06777], [-89.03751, 20.06683], [-89.03902, 20.06727], [-89.03862, 20.06809]]]}}, {"id": "2458523", "type": "Feature", "properties": {"id": "2458523", "CVEGEO": "3109800010232005", "POBTOT": 30.0, "score_nse": 0.0, "NSE": "ND", "VIVTOT": 9.0, "GRAPROES": 7.48, "_ent": "31", "_mun": "098", "_loc": "0001"}, "geometry": {"type": "Polygon", "coordinates": [[[-89.04423, 20.07463], [-89.04489, 20.07476], [-89.04479, 20.07571], [-89.04411, 20.07555], [-89.04423, 20.07463]]]}}, {"id": "2458524", "type": "Feature", "properties": {"id": "2458524", "CVEGEO": "3109800120139023", "POBTOT": 0.0, "score_nse": 0.0, "NSE": null, "VIVTOT": 0.0, "GRAPROES": 0.0, "_ent": "31", "_mun": "098", "_loc": "0012"}, "geometry": {"type": "Polygon", "coordinates": [[[-89.06366, 20.12114], [-89.06379, 20.1204], [-89.0645, 20.1207], [-89.06441, 20.12143], [-89.06366, 20.12114]]]}}, {"id": "2458525", "type": "Feature", "properties": {"id": "2458525", "CVEGEO": "3109800010266018", "POBTOT": 62.0, "score_nse": 57.308, "NSE": "C", "VIVTOT": 15.0, "GRAPROES": 7.74, "_ent": "31", "_mun": "098", "_loc": "0001"}, "geometry": {"type": "Polygon", "coordinates": [[[-89.05253, 20.06787], [-89.05279, 20.06716], [-89.05373, 20.0673], [-89.05363, 20.06797], [-89.05253, 20.06787]]]}}, {"id": "2458526", "type": "Feature", "properties": {"id": "2458526", "CVEGEO": "3109800010251023", "POBTOT": 42.0, "score_nse": 0.0, "NSE": "ND", "VIVTOT": 14.0, "GRAPROES": 6.75, "_ent": "31", "_mun": "098", "_loc": "0001"}, "geometry": {"type": "Polygon", "coordinates": [[[-89.04905, 20.0635], [-89.04921, 20.06239], [-89.05054, 20.06268], [-89.05041, 20.06356], [-89.04905, 20.0635]]]}}, {"id": "2458527", "type": "Feature", "properties": {"id": "2458527", "CVEGEO": "3109800010105035", "POBTOT": 104.0, "score_nse": 0.0, "NSE": "ND", "VIVTOT": 18.0, "GRAPROES": 7.34, "_ent": "31", "_mun": "098", "_loc": "0001"}, "geometry": {"type": "Polygon", "coordinates": [[[-89.05647, 20.07482], [-89.0574, 20.07539], [-89.05663, 20.07686], [-89.05499, 20.07654], [-89.05528, 20.07518], [-89.05633, 20.07536], [-89.05647, 20.07482]]]}}, {"id": "2458528", "type": "Feature", "properties": {"id": "2458528", "CVEGEO": "3109800010266026", "POBTOT": 34.0, "score_nse": 43.1075, "NSE": "C-", "VIVTOT": 16.0, "GRAPROES": 6.89, "_ent": "31", "_mun": "098", "_loc": "0001"}, "geometry": {"type": "Polygon", "coordinates": [[[-89.05228, 20.0694], [-89.05218, 20.07041], [-89.05138, 20.07032], [-89.05149, 20.06933], [-89.05228, 20.0694]]]}}, {"id": "2458529", "type": "Feature", "properties": {"id": "2458529", "CVEGEO": "3109800010251032", "POBTOT": 15.0, "score_nse": 0.0, "NSE": "ND", "VIVTOT": 9.0, "GRAPROES": 9.5, "_ent": "31", "_mun": "098", "_loc": "0001"}, "geometry": {"type": "Polygon", "coordinates": [[[-89.04134, 20.06693], [-89.04163, 20.06605], [-89.04214, 20.06621], [-89.04204, 20.0671], [-89.04134, 20.06693]]]}}, {"id": "2458530", "type": "Feature", "properties": {"id": "2458530", "CVEGEO": "3109800110139020", "POBTOT": 0.0, "score_nse": 0.0, "NSE": null, "VIVTOT": 0.0, "GRAPROES": 0.0, "_ent": "31", "_mun": "098", "_loc": "0011"}, "geometry": {"type": "Polygon", "coordinates": [[[-89.0446, 20.09198], [-89.04533, 20.09225], [-89.04481, 20.09318], [-89.04416, 20.09295], [-89.0446, 20.09198]]]}}, {"id": "2458531", "type": "Feature", "properties": {"id": "2458531", "CVEGEO": "3109800010266005", "POBTOT": 63.0, "score_nse": 0.0, "NSE": "ND", "VIVTOT": 20.0, "GRAPROES": 6.21, "_ent": "31", "_mun": "098", "_loc": "0001"}, "geometry": {"type": "Polygon", "coordinates": [[[-89.05755, 20.07006], [-89.05664, 20.06991], [-89.05694, 20.0689], [-89.05786, 20.06897], [-89.05755, 20.07006]]]}}, {"id": "2458532", "type": "Feature", "properties": {"id": "2458532", "CVEGEO": "3109800010213024", "POBTOT": 53.0, "score_nse": 56.2627, "NSE": "C", "VIVTOT": 19.0, "GRAPROES": 9.89, "_ent": "31", "_mun": "098", "_loc": "0001"}, "geometry": {"type": "Polygon", "coordinates": [[[-89.05119, 20.07858], [-89.05138, 20.07736], [-89.05229, 20.07756], [-89.05208, 20.07866], [-89.05119, 20.07858]]]}}, {"id": "2458533", "type": "Feature", "properties": {"id": "2458533", "CVEGEO": "3109800010228032", "POBTOT": 26.0, "score_nse": 0.0, "NSE": "ND", "VIVTOT": 7.0, "GRAPROES": 6.58, "_ent": "31", "_mun": "098", "_loc": "0001"}, "geometry": {"type": "Polygon", "coordinates": [[[-89.04679, 20.07996], [-89.04699, 20.07915], [-89.04803, 20.07931], [-89.04787, 20.08014], [-89.04679, 20.07996]]]}}, {"id": "2458534", "type": "Feature", "properties": {"id": "2458534", "CVEGEO": "3109800050158027", "POBTOT": 0.0, "score_nse": 0.0, "NSE": null, "VIVTOT": 0.0, "GRAPROES": 0.0, "_ent": "31", "_mun": "098", "_loc": "0005"}, "geometry": {"type": "Polygon", "coordinates": [[[-88.9493, 19.95422], [-88.94785, 19.95368], [-88.94816, 19.9523], [-88.94981, 19.95278], [-88.9493, 19.95422]]]}}, {"id": "2458535", "type": "Feature", "properties": {"id": "2458535", "CVEGEO": "3109800110139011", "POBTOT": 0.0, "score_nse": 0.0, "NSE": null, "VIVTOT": 0.0, "GRAPROES": 0.0, "_ent": "31", "_mun": "098", "_loc": "0011"}, "geometry": {"type": "Polygon", "coordinates": [[[-89.04572, 20.09042], [-89.04579, 20.09019], [-89.04616, 20.09033], [-89.04609, 20.09053], [-89.04572, 20.09042]]]}}, {"id": "2458536", "type": "Feature", "properties": {"id": "2458536", "CVEGEO": "3109800050158011", "POBTOT": 0.0, "score_nse": 0.0, "NSE": null, "VIVTOT": 0.0, "GRAPROES": 0.0, "_ent": "31", "_mun": "098", "_loc": "0005"}, "geometry": {"type": "Polygon", "coordinates": [[[-88.95037, 19.95551], [-88.94997, 19.95664], [-88.94927, 19.95642], [-88.94967, 19.95527], [-88.95037, 19.95551]]]}}, {"id": "2458537", "type": "Feature", "properties": {"id": "2458537", "CVEGEO": "3109800220177002", "POBTOT": 0.0, "score_nse": 0.0, "NSE": null, "VIVTOT": 0.0, "GRAPROES": 0.0, "_ent": "31", "_mun": "098", "_loc": "0022"}, "geometry": {"type": "Polygon", "coordinates": [[[-89.04035, 19.87099], [-89.04058, 19.86955], [-89.04183, 19.86974], [-89.04188, 19.87043], [-89.04155, 19.8711], [-89.04035, 19.87099]]]}}, {"id": "2458538", "type": "Feature", "properties": {"id": "2458538", "CVEGEO": "3109800110139021", "POBTOT": 0.0, "score_nse": 0.0, "NSE": null, "VIVTOT": 0.0, "GRAPROES": 0.0, "_ent": "31", "_mun": "098", "_loc": "0011"}, "geometry": {"type": "Polygon", "coordinates": [[[-89.04362, 20.09196], [-89.04453, 20.09196], [-89.04407, 20.09296], [-89.04328, 20.09298], [-89.04362, 20.09196]]]}}, {"id": "2458539", "type": "Feature", "properties": {"id": "2458539", "CVEGEO": "3109800110139006", "POBTOT": 0.0, "score_nse": 0.0, "NSE": null, "VIVTOT": 0.0, "GRAPROES": 0.0, "_ent": "31", "_mun": "098", "_loc": "0011"}, "geometry": {"type": "Polygon", "coordinates": [[[-89.04707, 20.08822], [-89.04805, 20.08841], [-89.04777, 20.08922], [-89.04679, 20.089], [-89.04707, 20.08822]]]}}, {"id": "2458540", "type": "Feature", "properties": {"id": "2458540", "CVEGEO": "3109800240177001", "POBTOT": 0.0, "score_nse": 0.0, "NSE": null, "VIVTOT": 0.0, "GRAPROES": 0.0, "_ent": "31", "_mun": "098", "_loc": "0024"}, "geometry": {"type": "Polygon", "coordinates": [[[-89.10545, 19.84153], [-89.10624, 19.84136], [-89.10643, 19.84208], [-89.1057, 19.84223], [-89.10545, 19.84153]]]}}, {"id": "2458541", "type": "Feature", "properties": {"id": "2458541", "CVEGEO": "3109800120139026", "POBTOT": 0.0, "score_nse": 0.0, "NSE": null, "VIVTOT": 0.0, "GRAPROES": 0.0, "_ent": "31", "_mun": "098", "_loc": "0012"}, "geometry": {"type": "Polygon", "coordinates": [[[-89.06536, 20.12079], [-89.06455, 20.12064], [-89.06346, 20.12019], [-89.06365, 20.11976], [-89.06301, 20.11952], [-89.06316, 20.11913], [-89.06541, 20.11989], [-89.06536, 20.12079]]]}}, {"id": "2458542", "type": "Feature", "properties": {"id": "2458542", "CVEGEO": "3109800010251028", "POBTOT": 49.0, "score_nse": 0.0, "NSE": "ND", "VIVTOT": 20.0, "GRAPROES": 7.25, "_ent": "31", "_mun": "098", "_loc": "0001"}, "geometry": {"type": "Polygon", "coordinates": [[[-89.04815, 20.06897], [-89.04667, 20.06871], [-89.04675, 20.0679], [-89.04817, 20.06804], [-89.04815, 20.06897]]]}}, {"id": "2458543", "type": "Feature", "properties": {"id": "2458543", "CVEGEO": "3109800010232006", "POBTOT": 51.0, "score_nse": 0.0, "NSE": "ND", "VIVTOT": 13.0, "GRAPROES": 7.97, "_ent": "31", "_mun": "098", "_loc": "0001"}, "geometry": {"type": "Polygon", "coordinates": [[[-89.04501, 20.07588], [-89.04491, 20.0768], [-89.04398, 20.07658], [-89.04409, 20.07567], [-89.04501, 20.07588]]]}}, {"id": "2458544", "type": "Feature", "properties": {"id": "2458544", "CVEGEO": "3109800010228014", "POBTOT": 90.0, "score_nse": 0.0, "NSE": "ND", "VIVTOT": 35.0, "GRAPROES": 7.22, "_ent": "31", "_mun": "098", "_loc": "0001"}, "geometry": {"type": "Polygon", "coordinates": [[[-89.04471, 20.07891], [-89.04693, 20.07914], [-89.0467, 20.07996], [-89.04461, 20.07978], [-89.04471, 20.07891]]]}}, {"id": "2458545", "type": "Feature", "properties": {"id": "2458545", "CVEGEO": "3109800120139003", "POBTOT": 0.0, "score_nse": 0.0, "NSE": null, "VIVTOT": 0.0, "GRAPROES": 0.0, "_ent": "31", "_mun": "098", "_loc": "0012"}, "geometry": {"type": "Polygon", "coordinates": [[[-89.06429, 20.12309], [-89.06436, 20.1224], [-89.06521, 20.12263], [-89.06516, 20.12326], [-89.06429, 20.12309]]]}}, {"id": "2458546", "type": "Feature", "properties": {"id": "2458546", "CVEGEO": "3109800010266017", "POBTOT": 45.0, "score_nse": 0.0, "NSE": "ND", "VIVTOT": 14.0, "GRAPROES": 7.31, "_ent": "31", "_mun": "098", "_loc": "0001"}, "geometry": {"type": "Polygon", "coordinates": [[[-89.05243, 20.06842], [-89.05252, 20.06791], [-89.05363, 20.06801], [-89.05356, 20.06869], [-89.05243, 20.06842]]]}}, {"id": "2458547", "type": "Feature", "properties": {"id": "2458547", "CVEGEO": "3109800250162003", "POBTOT": 0.0, "score_nse": 0.0, "NSE": null, "VIVTOT": 0.0, "GRAPROES": 0.0, "_ent": "31", "_mun": "098", "_loc": "0025"}, "geometry": {"type": "Polygon", "coordinates": [[[-88.99664, 19.89498], [-88.99698, 19.89495], [-88.99734, 19.89558], [-88.9968, 19.89608], [-88.99664, 19.89498]]]}}, {"id": "2458548", "type": "Feature", "properties": {"id": "2458548", "CVEGEO": "3109800240177008", "POBTOT": 0.0, "score_nse": 0.0, "NSE": null, "VIVTOT": 0.0, "GRAPROES": 0.0, "_ent": "31", "_mun": "098", "_loc": "0024"}, "geometry": {"type": "Polygon", "coordinates": [[[-89.10322, 19.84121], [-89.10511, 19.84077], [-89.10537, 19.84149], [-89.10346, 19.84195], [-89.10322, 19.84121]]]}}, {"id": "2458549", "type": "Feature", "properties": {"id": "2458549", "CVEGEO": "3109800010251051", "POBTOT": 0.0, "score_nse": 0.0, "NSE": "ND", "VIVTOT": 0.0, "GRAPROES": 0.0, "_ent": "31", "_mun": "098", "_loc": "0001"}, "geometry": {"type": "Polygon", "coordinates": [[[-89.04917, 20.06231], [-89.0481, 20.06196], [-89.04823, 20.06114], [-89.04932, 20.06128], [-89.04917, 20.06231]]]}}, {"id": "2458550", "type": "Feature", "properties": {"id": "2458550", "CVEGEO": "3109800010251018", "POBTOT": 20.0, "score_nse": 30.7867, "NSE": "D+", "VIVTOT": 6.0, "GRAPROES": 5.81, "_ent": "31", "_mun": "098", "_loc": "0001"}, "geometry": {"type": "Polygon", "coordinates": [[[-89.05069, 20.06771], [-89.05062, 20.06822], [-89.04966, 20.06814], [-89.04972, 20.06761], [-89.05069, 20.06771]]]}}, {"id": "2458551", "type": "Feature", "properties": {"id": "2458551", "CVEGEO": "3109800250162002", "POBTOT": 0.0, "score_nse": 0.0, "NSE": null, "VIVTOT": 0.0, "GRAPROES": 0.0, "_ent": "31", "_mun": "098", "_loc": "0025"}, "geometry": {"type": "Polygon", "coordinates": [[[-88.99569, 19.89513], [-88.9966, 19.89509], [-88.99675, 19.89609], [-88.9958, 19.89623], [-88.99569, 19.89513]]]}}, {"id": "2458552", "type": "Feature", "properties": {"id": "2458552", "CVEGEO": "3109800010232028", "POBTOT": 6.0, "score_nse": 0.0, "NSE": "ND", "VIVTOT": 4.0, "GRAPROES": 0.0, "_ent": "31", "_mun": "098", "_loc": "0001"}, "geometry": {"type": "Polygon", "coordinates": [[[-89.04107, 20.07865], [-89.04265, 20.07873], [-89.04245, 20.08055], [-89.04194, 20.08208], [-89.04088, 20.08195], [-89.04107, 20.07865]]]}}, {"id": "2458553", "type": "Feature", "properties": {"id": "2458553", "CVEGEO": "3109800010247006", "POBTOT": 89.0, "score_nse": 0.0, "NSE": "ND", "VIVTOT": 26.0, "GRAPROES": 8.52, "_ent": "31", "_mun": "098", "_loc": "0001"}, "geometry": {"type": "Polygon", "coordinates": [[[-89.04554, 20.06938], [-89.04648, 20.06971], [-89.04623, 20.07188], [-89.04532, 20.07188], [-89.04554, 20.06938]]]}}, {"id": "2458554", "type": "Feature", "properties": {"id": "2458554", "CVEGEO": "3109800080177009", "POBTOT": 0.0, "score_nse": 0.0, "NSE": null, "VIVTOT": 0.0, "GRAPROES": 0.0, "_ent": "31", "_mun": "098", "_loc": "0008"}, "geometry": {"type": "Polygon", "coordinates": [[[-89.00312, 19.80915], [-89.00328, 19.80821], [-89.00429, 19.80841], [-89.0041, 19.8093], [-89.00312, 19.80915]]]}}, {"id": "2458555", "type": "Feature", "properties": {"id": "2458555", "CVEGEO": "3109800010266033", "POBTOT": 24.0, "score_nse": 0.0, "NSE": "ND", "VIVTOT": 9.0, "GRAPROES": 6.88, "_ent": "31", "_mun": "098", "_loc": "0001"}, "geometry": {"type": "Polygon", "coordinates": [[[-89.05176, 20.06775], [-89.05074, 20.06767], [-89.05085, 20.06688], [-89.05192, 20.06704], [-89.05176, 20.06775]]]}}, {"id": "2458556", "type": "Feature", "properties": {"id": "2458556", "CVEGEO": "3109800010228004", "POBTOT": 17.0, "score_nse": 0.0, "NSE": "ND", "VIVTOT": 6.0, "GRAPROES": 10.25, "_ent": "31", "_mun": "098", "_loc": "0001"}, "geometry": {"type": "Polygon", "coordinates": [[[-89.04734, 20.07627], [-89.04739, 20.07611], [-89.04854, 20.07638], [-89.04851, 20.07654], [-89.04734, 20.07627]]]}}, {"id": "2458557", "type": "Feature", "properties": {"id": "2458557", "CVEGEO": "3109800010266025", "POBTOT": 28.0, "score_nse": 32.6644, "NSE": "D+", "VIVTOT": 9.0, "GRAPROES": 7.41, "_ent": "31", "_mun": "098", "_loc": "0001"}, "geometry": {"type": "Polygon", "coordinates": [[[-89.0579, 20.07243], [-89.05813, 20.07109], [-89.05924, 20.07123], [-89.05894, 20.07256], [-89.0579, 20.07243]]]}}, {"id": "2458558", "type": "Feature", "properties": {"id": "2458558", "CVEGEO": "3109800010251020", "POBTOT": 16.0, "score_nse": 0.0, "NSE": "ND", "VIVTOT": 10.0, "GRAPROES": 10.7, "_ent": "31", "_mun": "098", "_loc": "0001"}, "geometry": {"type": "Polygon", "coordinates": [[[-89.04926, 20.0681], [-89.04822, 20.06801], [-89.04823, 20.06745], [-89.0494, 20.06757], [-89.04926, 20.0681]]]}}, {"id": "2458559", "type": "Feature", "properties": {"id": "2458559", "CVEGEO": "3109800010270017", "POBTOT": 55.0, "score_nse": 0.0, "NSE": "ND", "VIVTOT": 12.0, "GRAPROES": 7.03, "_ent": "31", "_mun": "098", "_loc": "0001"}, "geometry": {"type": "Polygon", "coordinates": [[[-89.05226, 20.06509], [-89.05119, 20.06486], [-89.05137, 20.06397], [-89.05258, 20.06427], [-89.05226, 20.06509]]]}}, {"id": "2458560", "type": "Feature", "properties": {"id": "2458560", "CVEGEO": "3109800010232025", "POBTOT": 32.0, "score_nse": 0.0, "NSE": "ND", "VIVTOT": 7.0, "GRAPROES": 7.67, "_ent": "31", "_mun": "098", "_loc": "0001"}, "geometry": {"type": "Polygon", "coordinates": [[[-89.04504, 20.07376], [-89.04507, 20.07346], [-89.04609, 20.07359], [-89.04591, 20.07488], [-89.04504, 20.07376]]]}}, {"id": "2458561", "type": "Feature", "properties": {"id": "2458561", "CVEGEO": "3109800240177015", "POBTOT": 0.0, "score_nse": 0.0, "NSE": null, "VIVTOT": 0.0, "GRAPROES": 0.0, "_ent": "31", "_mun": "098", "_loc": "0024"}, "geometry": {"type": "Polygon", "coordinates": [[[-89.10668, 19.8428], [-89.10711, 19.84268], [-89.10719, 19.84294], [-89.10675, 19.84306], [-89.10668, 19.8428]]]}}, {"id": "2458562", "type": "Feature", "properties": {"id": "2458562", "CVEGEO": "3109800010228028", "POBTOT": 26.0, "score_nse": 0.0, "NSE": "ND", "VIVTOT": 12.0, "GRAPROES": 7.0, "_ent": "31", "_mun": "098", "_loc": "0001"}, "geometry": {"type": "Polygon", "coordinates": [[[-89.04905, 20.08038], [-89.0489, 20.08126], [-89.04776, 20.08113], [-89.04792, 20.08024], [-89.04905, 20.08038]]]}}, {"id": "2458563", "type": "Feature", "properties": {"id": "2458563", "CVEGEO": "3109800050158014", "POBTOT": 0.0, "score_nse": 0.0, "NSE": null, "VIVTOT": 0.0, "GRAPROES": 0.0, "_ent": "31", "_mun": "098", "_loc": "0005"}, "geometry": {"type": "Polygon", "coordinates": [[[-88.95209, 19.95522], [-88.95139, 19.95709], [-88.95064, 19.95686], [-88.95139, 19.95491], [-88.95209, 19.95522]]]}}, {"id": "2458564", "type": "Feature", "properties": {"id": "2458564", "CVEGEO": "3109800050158008", "POBTOT": 0.0, "score_nse": 0.0, "NSE": null, "VIVTOT": 0.0, "GRAPROES": 0.0, "_ent": "31", "_mun": "098", "_loc": "0005"}, "geometry": {"type": "Polygon", "coordinates": [[[-88.94665, 19.95813], [-88.94696, 19.95704], [-88.9482, 19.95737], [-88.94781, 19.95845], [-88.94665, 19.95813]]]}}, {"id": "2458565", "type": "Feature", "properties": {"id": "2458565", "CVEGEO": "3109800010228013", "POBTOT": 33.0, "score_nse": 0.0, "NSE": "ND", "VIVTOT": 12.0, "GRAPROES": 8.62, "_ent": "31", "_mun": "098", "_loc": "0001"}, "geometry": {"type": "Polygon", "coordinates": [[[-89.04816, 20.07858], [-89.04804, 20.07925], [-89.047, 20.07909], [-89.04713, 20.07843], [-89.04816, 20.07858]]]}}, {"id": "2458566", "type": "Feature", "properties": {"id": "2458566", "CVEGEO": "3109800010228003", "POBTOT": 46.0, "score_nse": 53.963, "NSE": "C-", "VIVTOT": 16.0, "GRAPROES": 9.81, "_ent": "31", "_mun": "098", "_loc": "0001"}, "geometry": {"type": "Polygon", "coordinates": [[[-89.04731, 20.07625], [-89.04583, 20.0759], [-89.04593, 20.07507], [-89.04658, 20.07575], [-89.04734, 20.0761], [-89.04731, 20.07625]]]}}, {"id": "2458567", "type": "Feature", "properties": {"id": "2458567", "CVEGEO": "3109800250162006", "POBTOT": 0.0, "score_nse": 0.0, "NSE": null, "VIVTOT": 0.0, "GRAPROES": 0.0, "_ent": "31", "_mun": "098", "_loc": "0025"}, "geometry": {"type": "Polygon", "coordinates": [[[-88.99503, 19.89754], [-88.99596, 19.89728], [-88.99616, 19.89818], [-88.99605, 19.89876], [-88.99565, 19.89871], [-88.9952, 19.89837], [-88.99503, 19.89754]]]}}, {"id": "2458568", "type": "Feature", "properties": {"id": "2458568", "CVEGEO": "3109800010213001", "POBTOT": 55.0, "score_nse": 0.0, "NSE": "ND", "VIVTOT": 15.0, "GRAPROES": 7.66, "_ent": "31", "_mun": "098", "_loc": "0001"}, "geometry": {"type": "Polygon", "coordinates": [[[-89.05267, 20.08187], [-89.0517, 20.08167], [-89.05181, 20.08068], [-89.05285, 20.08079], [-89.05267, 20.08187]]]}}, {"id": "2458569", "type": "Feature", "properties": {"id": "2458569", "CVEGEO": "3109800010105033", "POBTOT": 82.0, "score_nse": 0.0, "NSE": "ND", "VIVTOT": 25.0, "GRAPROES": 6.71, "_ent": "31", "_mun": "098", "_loc": "0001"}, "geometry": {"type": "Polygon", "coordinates": [[[-89.05614, 20.07432], [-89.05591, 20.07384], [-89.0559, 20.07332], [-89.0578, 20.07353], [-89.0577, 20.07453], [-89.05614, 20.07432]]]}}, {"id": "2458570", "type": "Feature", "properties": {"id": "2458570", "CVEGEO": "3109800050158021", "POBTOT": 0.0, "score_nse": 0.0, "NSE": null, "VIVTOT": 0.0, "GRAPROES": 0.0, "_ent": "31", "_mun": "098", "_loc": "0005"}, "geometry": {"type": "Polygon", "coordinates": [[[-88.94721, 19.95584], [-88.94655, 19.9581], [-88.94325, 19.95776], [-88.94347, 19.95465], [-88.94721, 19.95584]]]}}, {"id": "2458571", "type": "Feature", "properties": {"id": "2458571", "CVEGEO": "3109800010247023", "POBTOT": 0.0, "score_nse": 10.0, "NSE": "E", "VIVTOT": 1.0, "GRAPROES": 0.0, "_ent": "31", "_mun": "098", "_loc": "0001"}, "geometry": {"type": "Polygon", "coordinates": [[[-89.04927, 20.07098], [-89.04844, 20.07045], [-89.04862, 20.07], [-89.04937, 20.07011], [-89.04927, 20.07098]]]}}, {"id": "2458572", "type": "Feature", "properties": {"id": "2458572", "CVEGEO": "3109800220177007", "POBTOT": 0.0, "score_nse": 0.0, "NSE": null, "VIVTOT": 0.0, "GRAPROES": 0.0, "_ent": "31", "_mun": "098", "_loc": "0022"}, "geometry": {"type": "Polygon", "coordinates": [[[-89.04214, 19.8729], [-89.0395, 19.87224], [-89.04011, 19.87106], [-89.04086, 19.87112], [-89.04234, 19.87156], [-89.04214, 19.8729]]]}}, {"id": "2458573", "type": "Feature", "properties": {"id": "2458573", "CVEGEO": "3109800010266019", "POBTOT": 43.0, "score_nse": 44.2785, "NSE": "C-", "VIVTOT": 16.0, "GRAPROES": 6.52, "_ent": "31", "_mun": "098", "_loc": "0001"}, "geometry": {"type": "Polygon", "coordinates": [[[-89.05488, 20.06747], [-89.05481, 20.06811], [-89.05367, 20.06797], [-89.05377, 20.06731], [-89.05488, 20.06747]]]}}, {"id": "2458574", "type": "Feature", "properties": {"id": "2458574", "CVEGEO": "3109800080177011", "POBTOT": 0.0, "score_nse": 0.0, "NSE": null, "VIVTOT": 0.0, "GRAPROES": 0.0, "_ent": "31", "_mun": "098", "_loc": "0008"}, "geometry": {"type": "Polygon", "coordinates": [[[-89.00641, 19.80987], [-89.00548, 19.80962], [-89.00567, 19.80908], [-89.00672, 19.80833], [-89.00641, 19.80987]]]}}, {"id": "2458575", "type": "Feature", "properties": {"id": "2458575", "CVEGEO": "3109800010228017", "POBTOT": 49.0, "score_nse": 0.0, "NSE": "ND", "VIVTOT": 15.0, "GRAPROES": 8.78, "_ent": "31", "_mun": "098", "_loc": "0001"}, "geometry": {"type": "Polygon", "coordinates": [[[-89.04778, 20.07388], [-89.04887, 20.07404], [-89.04872, 20.0751], [-89.04761, 20.07491], [-89.04778, 20.07388]]]}}, {"id": "2458576", "type": "Feature", "properties": {"id": "2458576", "CVEGEO": "3109800010213020", "POBTOT": 38.0, "score_nse": 0.0, "NSE": "ND", "VIVTOT": 17.0, "GRAPROES": 7.04, "_ent": "31", "_mun": "098", "_loc": "0001"}, "geometry": {"type": "Polygon", "coordinates": [[[-89.04838, 20.08355], [-89.04873, 20.08227], [-89.05064, 20.08255], [-89.05054, 20.08349], [-89.04838, 20.08355]]]}}, {"id": "2458577", "type": "Feature", "properties": {"id": "2458577", "CVEGEO": "3109800080177013", "POBTOT": 0.0, "score_nse": 0.0, "NSE": null, "VIVTOT": 0.0, "GRAPROES": 0.0, "_ent": "31", "_mun": "098", "_loc": "0008"}, "geometry": {"type": "Polygon", "coordinates": [[[-89.00525, 19.81065], [-89.00546, 19.80968], [-89.00639, 19.80994], [-89.00617, 19.8109], [-89.00525, 19.81065]]]}}, {"id": "2458578", "type": "Feature", "properties": {"id": "2458578", "CVEGEO": "3109800120139014", "POBTOT": 0.0, "score_nse": 0.0, "NSE": null, "VIVTOT": 0.0, "GRAPROES": 0.0, "_ent": "31", "_mun": "098", "_loc": "0012"}, "geometry": {"type": "Polygon", "coordinates": [[[-89.06521, 20.12256], [-89.06437, 20.12232], [-89.06447, 20.12154], [-89.06532, 20.12181], [-89.06521, 20.12256]]]}}, {"id": "2458579", "type": "Feature", "properties": {"id": "2458579", "CVEGEO": "3109800010228020", "POBTOT": 24.0, "score_nse": 0.0, "NSE": "ND", "VIVTOT": 8.0, "GRAPROES": 7.6, "_ent": "31", "_mun": "098", "_loc": "0001"}, "geometry": {"type": "Polygon", "coordinates": [[[-89.04774, 20.07383], [-89.04681, 20.07367], [-89.04701, 20.07274], [-89.04792, 20.07288], [-89.04774, 20.07383]]]}}, {"id": "2458580", "type": "Feature", "properties": {"id": "2458580", "CVEGEO": "3109800010251041", "POBTOT": 22.0, "score_nse": 0.0, "NSE": "ND", "VIVTOT": 4.0, "GRAPROES": 8.79, "_ent": "31", "_mun": "098", "_loc": "0001"}, "geometry": {"type": "Polygon", "coordinates": [[[-89.03933, 20.06641], [-89.03965, 20.0655], [-89.04056, 20.06576], [-89.04029, 20.06665], [-89.03933, 20.06641]]]}}, {"id": "2458581", "type": "Feature", "properties": {"id": "2458581", "CVEGEO": "3109800010105002", "POBTOT": 23.0, "score_nse": 0.0, "NSE": "ND", "VIVTOT": 12.0, "GRAPROES": 7.06, "_ent": "31", "_mun": "098", "_loc": "0001"}, "geometry": {"type": "Polygon", "coordinates": [[[-89.05213, 20.07226], [-89.05298, 20.07232], [-89.05283, 20.07322], [-89.05196, 20.07346], [-89.05213, 20.07226]]]}}, {"id": "2458582", "type": "Feature", "properties": {"id": "2458582", "CVEGEO": "3109800010270019", "POBTOT": 3.0, "score_nse": 0.0, "NSE": "ND", "VIVTOT": 5.0, "GRAPROES": 0.0, "_ent": "31", "_mun": "098", "_loc": "0001"}, "geometry": {"type": "Polygon", "coordinates": [[[-89.05155, 20.06288], [-89.05181, 20.06158], [-89.05333, 20.06173], [-89.05325, 20.06205], [-89.05235, 20.06302], [-89.05155, 20.06288]]]}}, {"id": "2458583", "type": "Feature", "properties": {"id": "2458583", "CVEGEO": "3109800010213021", "POBTOT": 35.0, "score_nse": 49.744, "NSE": "C-", "VIVTOT": 11.0, "GRAPROES": 8.65, "_ent": "31", "_mun": "098", "_loc": "0001"}, "geometry": {"type": "Polygon", "coordinates": [[[-89.04919, 20.07946], [-89.04907, 20.08034], [-89.04794, 20.08017], [-89.0481, 20.07934], [-89.04919, 20.07946]]]}}, {"id": "2458584", "type": "Feature", "properties": {"id": "2458584", "CVEGEO": "3109800010213022", "POBTOT": 25.0, "score_nse": 0.0, "NSE": "ND", "VIVTOT": 7.0, "GRAPROES": 9.11, "_ent": "31", "_mun": "098", "_loc": "0001"}, "geometry": {"type": "Polygon", "coordinates": [[[-89.04935, 20.07846], [-89.0492, 20.07941], [-89.04811, 20.0793], [-89.04829, 20.07836], [-89.04935, 20.07846]]]}}, {"id": "2458585", "type": "Feature", "properties": {"id": "2458585", "CVEGEO": "3109800010270011", "POBTOT": 98.0, "score_nse": 0.0, "NSE": "ND", "VIVTOT": 26.0, "GRAPROES": 7.49, "_ent": "31", "_mun": "098", "_loc": "0001"}, "geometry": {"type": "Polygon", "coordinates": [[[-89.05492, 20.06745], [-89.05503, 20.06664], [-89.05678, 20.06707], [-89.05653, 20.06767], [-89.05492, 20.06745]]]}}, {"id": "2458586", "type": "Feature", "properties": {"id": "2458586", "CVEGEO": "3109800010251013", "POBTOT": 73.0, "score_nse": 0.0, "NSE": "ND", "VIVTOT": 21.0, "GRAPROES": 7.08, "_ent": "31", "_mun": "098", "_loc": "0001"}, "geometry": {"type": "Polygon", "coordinates": [[[-89.05033, 20.06364], [-89.05015, 20.06463], [-89.04897, 20.06456], [-89.04905, 20.06356], [-89.05033, 20.06364]]]}}, {"id": "2458587", "type": "Feature", "properties": {"id": "2458587", "CVEGEO": "3109800240177006", "POBTOT": 0.0, "score_nse": 0.0, "NSE": null, "VIVTOT": 0.0, "GRAPROES": 0.0, "_ent": "31", "_mun": "098", "_loc": "0024"}, "geometry": {"type": "Polygon", "coordinates": [[[-89.10514, 19.84315], [-89.10488, 19.84241], [-89.10565, 19.84231], [-89.1059, 19.84297], [-89.10514, 19.84315]]]}}, {"id": "2458588", "type": "Feature", "properties": {"id": "2458588", "CVEGEO": "3109800010228031", "POBTOT": 109.0, "score_nse": 0.0, "NSE": "ND", "VIVTOT": 38.0, "GRAPROES": 6.44, "_ent": "31", "_mun": "098", "_loc": "0001"}, "geometry": {"type": "Polygon", "coordinates": [[[-89.04708, 20.0784], [-89.04693, 20.07908], [-89.04471, 20.07887], [-89.04484, 20.07797], [-89.04579, 20.07804], [-89.04708, 20.0784]]]}}, {"id": "2458589", "type": "Feature", "properties": {"id": "2458589", "CVEGEO": "3109800010213012", "POBTOT": 85.0, "score_nse": 0.0, "NSE": "ND", "VIVTOT": 30.0, "GRAPROES": 7.89, "_ent": "31", "_mun": "098", "_loc": "0001"}, "geometry": {"type": "Polygon", "coordinates": [[[-89.04913, 20.08035], [-89.04926, 20.07946], [-89.05102, 20.07959], [-89.05089, 20.08055], [-89.04913, 20.08035]]]}}, {"id": "2458590", "type": "Feature", "properties": {"id": "2458590", "CVEGEO": "3109800010232033", "POBTOT": 0.0, "score_nse": 0.0, "NSE": "ND", "VIVTOT": 0.0, "GRAPROES": 0.0, "_ent": "31", "_mun": "098", "_loc": "0001"}, "geometry": {"type": "Polygon", "coordinates": [[[-89.04097, 20.07959], [-89.03915, 20.07945], [-89.03915, 20.07893], [-89.04101, 20.07899], [-89.04097, 20.07959]]]}}, {"id": "2458591", "type": "Feature", "properties": {"id": "2458591", "CVEGEO": "3109800010213033", "POBTOT": 52.0, "score_nse": 55.4844, "NSE": "C", "VIVTOT": 18.0, "GRAPROES": 9.07, "_ent": "31", "_mun": "098", "_loc": "0001"}, "geometry": {"type": "Polygon", "coordinates": [[[-89.05232, 20.07744], [-89.05146, 20.07727], [-89.05162, 20.07601], [-89.05257, 20.07617], [-89.05232, 20.07744]]]}}, {"id": "2458592", "type": "Feature", "properties": {"id": "2458592", "CVEGEO": "3109800010247003", "POBTOT": 82.0, "score_nse": 0.0, "NSE": "ND", "VIVTOT": 25.0, "GRAPROES": 7.31, "_ent": "31", "_mun": "098", "_loc": "0001"}, "geometry": {"type": "Polygon", "coordinates": [[[-89.04442, 20.06941], [-89.04327, 20.06977], [-89.04349, 20.06868], [-89.04364, 20.06868], [-89.0435, 20.06863], [-89.04368, 20.06767], [-89.04461, 20.068], [-89.04442, 20.06941]]]}}, {"id": "2458593", "type": "Feature", "properties": {"id": "2458593", "CVEGEO": "3109800220177001", "POBTOT": 0.0, "score_nse": 0.0, "NSE": null, "VIVTOT": 0.0, "GRAPROES": 0.0, "_ent": "31", "_mun": "098", "_loc": "0022"}, "geometry": {"type": "Polygon", "coordinates": [[[-89.04198, 19.87046], [-89.04265, 19.87065], [-89.04237, 19.87148], [-89.04155, 19.87122], [-89.04198, 19.87046]]]}}, {"id": "2458594", "type": "Feature", "properties": {"id": "2458594", "CVEGEO": "3109800110139010", "POBTOT": 0.0, "score_nse": 0.0, "NSE": null, "VIVTOT": 0.0, "GRAPROES": 0.0, "_ent": "31", "_mun": "098", "_loc": "0011"}, "geometry": {"type": "Polygon", "coordinates": [[[-89.04554, 20.09197], [-89.04615, 20.09059], [-89.04663, 20.09069], [-89.04618, 20.0905], [-89.04629, 20.0902], [-89.0473, 20.09042], [-89.04672, 20.09255], [-89.04554, 20.09197]]]}}, {"id": "2458595", "type": "Feature", "properties": {"id": "2458595", "CVEGEO": "3109800010232002", "POBTOT": 27.0, "score_nse": 0.0, "NSE": "ND", "VIVTOT": 6.0, "GRAPROES": 5.84, "_ent": "31", "_mun": "098", "_loc": "0001"}, "geometry": {"type": "Polygon", "coordinates": [[[-89.04208, 20.07526], [-89.04304, 20.07545], [-89.04292, 20.07635], [-89.04194, 20.07627], [-89.04208, 20.07526]]]}}, {"id": "2458596", "type": "Feature", "properties": {"id": "2458596", "CVEGEO": "3109800010247011", "POBTOT": 51.0, "score_nse": 0.0, "NSE": "ND", "VIVTOT": 18.0, "GRAPROES": 8.81, "_ent": "31", "_mun": "098", "_loc": "0001"}, "geometry": {"type": "Polygon", "coordinates": [[[-89.04784, 20.06896], [-89.04737, 20.06997], [-89.04653, 20.06967], [-89.04667, 20.06875], [-89.04784, 20.06896]]]}}, {"id": "2458597", "type": "Feature", "properties": {"id": "2458597", "CVEGEO": "3109800060139010", "POBTOT": 0.0, "score_nse": 0.0, "NSE": null, "VIVTOT": 0.0, "GRAPROES": 0.0, "_ent": "31", "_mun": "098", "_loc": "0006"}, "geometry": {"type": "Polygon", "coordinates": [[[-89.13059, 20.09619], [-89.13148, 20.09575], [-89.13158, 20.09593], [-89.13127, 20.09612], [-89.13161, 20.09599], [-89.13183, 20.09651], [-89.13059, 20.09619]]]}}, {"id": "2458598", "type": "Feature", "properties": {"id": "2458598", "CVEGEO": "3109800010251001", "POBTOT": 109.0, "score_nse": 0.0, "NSE": "ND", "VIVTOT": 29.0, "GRAPROES": 8.25, "_ent": "31", "_mun": "098", "_loc": "0001"}, "geometry": {"type": "Polygon", "coordinates": [[[-89.04758, 20.06533], [-89.04886, 20.06555], [-89.04875, 20.0665], [-89.04741, 20.06629], [-89.04758, 20.06533]]]}}, {"id": "2458599", "type": "Feature", "properties": {"id": "2458599", "CVEGEO": "3109800010270014", "POBTOT": 22.0, "score_nse": 30.4844, "NSE": "D+", "VIVTOT": 9.0, "GRAPROES": 7.4, "_ent": "31", "_mun": "098", "_loc": "0001"}, "geometry": {"type": "Polygon", "coordinates": [[[-89.05213, 20.06611], [-89.05306, 20.0663], [-89.05276, 20.06713], [-89.05195, 20.06701], [-89.05213, 20.06611]]]}}, {"id": "2458600", "type": "Feature", "properties": {"id": "2458600", "CVEGEO": "3109800010270013", "POBTOT": 24.0, "score_nse": 0.0, "NSE": "ND", "VIVTOT": 10.0, "GRAPROES": 6.28, "_ent": "31", "_mun": "098", "_loc": "0001"}, "geometry": {"type": "Polygon", "coordinates": [[[-89.0528, 20.06714], [-89.05309, 20.06631], [-89.05403, 20.06646], [-89.05374, 20.06727], [-89.0528, 20.06714]]]}}, {"id": "2458601", "type": "Feature", "properties": {"id": "2458601", "CVEGEO": "3109800010266011", "POBTOT": 104.0, "score_nse": 0.0, "NSE": "ND", "VIVTOT": 25.0, "GRAPROES": 8.26, "_ent": "31", "_mun": "098", "_loc": "0001"}, "geometry": {"type": "Polygon", "coordinates": [[[-89.05912, 20.06802], [-89.05889, 20.06906], [-89.05616, 20.06876], [-89.05658, 20.06771], [-89.05912, 20.06802]]]}}, {"id": "2458602", "type": "Feature", "properties": {"id": "2458602", "CVEGEO": "3109800010105003", "POBTOT": 34.0, "score_nse": 0.0, "NSE": "ND", "VIVTOT": 14.0, "GRAPROES": 8.18, "_ent": "31", "_mun": "098", "_loc": "0001"}, "geometry": {"type": "Polygon", "coordinates": [[[-89.05298, 20.07228], [-89.05206, 20.07221], [-89.05216, 20.07137], [-89.05311, 20.07146], [-89.05298, 20.07228]]]}}, {"id": "2458603", "type": "Feature", "properties": {"id": "2458603", "CVEGEO": "3109800010228024", "POBTOT": 10.0, "score_nse": 0.0, "NSE": "ND", "VIVTOT": 4.0, "GRAPROES": 9.14, "_ent": "31", "_mun": "098", "_loc": "0001"}, "geometry": {"type": "Polygon", "coordinates": [[[-89.04627, 20.07192], [-89.04698, 20.07194], [-89.04698, 20.07269], [-89.04622, 20.07258], [-89.04627, 20.07192]]]}}, {"id": "2458604", "type": "Feature", "properties": {"id": "2458604", "CVEGEO": "3109800010228010", "POBTOT": 37.0, "score_nse": 0.0, "NSE": "ND", "VIVTOT": 13.0, "GRAPROES": 7.5, "_ent": "31", "_mun": "098", "_loc": "0001"}, "geometry": {"type": "Polygon", "coordinates": [[[-89.04756, 20.07494], [-89.04736, 20.07602], [-89.0464, 20.0755], [-89.04657, 20.07474], [-89.04756, 20.07494]]]}}, {"id": "2458605", "type": "Feature", "properties": {"id": "2458605", "CVEGEO": "3109800010105037", "POBTOT": 36.0, "score_nse": 0.0, "NSE": "ND", "VIVTOT": 9.0, "GRAPROES": 9.77, "_ent": "31", "_mun": "098", "_loc": "0001"}, "geometry": {"type": "Polygon", "coordinates": [[[-89.06006, 20.07366], [-89.05895, 20.07359], [-89.059, 20.07267], [-89.06019, 20.07282], [-89.06006, 20.07366]]]}}, {"id": "2458606", "type": "Feature", "properties": {"id": "2458606", "CVEGEO": "3109800050158010", "POBTOT": 0.0, "score_nse": 0.0, "NSE": null, "VIVTOT": 0.0, "GRAPROES": 0.0, "_ent": "31", "_mun": "098", "_loc": "0005"}, "geometry": {"type": "Polygon", "coordinates": [[[-88.949, 19.95503], [-88.9486, 19.9562], [-88.94732, 19.95577], [-88.94768, 19.95459], [-88.949, 19.95503]]]}}, {"id": "2458607", "type": "Feature", "properties": {"id": "2458607", "CVEGEO": "3109800010232004", "POBTOT": 55.0, "score_nse": 0.0, "NSE": "ND", "VIVTOT": 13.0, "GRAPROES": 6.3, "_ent": "31", "_mun": "098", "_loc": "0001"}, "geometry": {"type": "Polygon", "coordinates": [[[-89.0433, 20.07441], [-89.04416, 20.07461], [-89.04405, 20.07556], [-89.04315, 20.07534], [-89.0433, 20.07441]]]}}, {"id": "2458608", "type": "Feature", "properties": {"id": "2458608", "CVEGEO": "3109800010251030", "POBTOT": 34.0, "score_nse": 0.0, "NSE": "ND", "VIVTOT": 19.0, "GRAPROES": 6.89, "_ent": "31", "_mun": "098", "_loc": "0001"}, "geometry": {"type": "Polygon", "coordinates": [[[-89.04466, 20.06797], [-89.04486, 20.06705], [-89.04577, 20.06738], [-89.04562, 20.0683], [-89.04466, 20.06797]]]}}, {"id": "2458609", "type": "Feature", "properties": {"id": "2458609", "CVEGEO": "3109800010251029", "POBTOT": 39.0, "score_nse": 0.0, "NSE": "ND", "VIVTOT": 10.0, "GRAPROES": 9.67, "_ent": "31", "_mun": "098", "_loc": "0001"}, "geometry": {"type": "Polygon", "coordinates": [[[-89.04582, 20.0674], [-89.04672, 20.06773], [-89.04663, 20.0687], [-89.04566, 20.06832], [-89.04582, 20.0674]]]}}, {"id": "2458610", "type": "Feature", "properties": {"id": "2458610", "CVEGEO": "3109800010209034", "POBTOT": 4.0, "score_nse": 0.0, "NSE": "ND", "VIVTOT": 1.0, "GRAPROES": 0.0, "_ent": "31", "_mun": "098", "_loc": "0001"}, "geometry": {"type": "Polygon", "coordinates": [[[-89.05159, 20.08454], [-89.05235, 20.0845], [-89.05237, 20.08559], [-89.05155, 20.08553], [-89.05159, 20.08454]]]}}, {"id": "2458611", "type": "Feature", "properties": {"id": "2458611", "CVEGEO": "3109800080177015", "POBTOT": 0.0, "score_nse": 0.0, "NSE": null, "VIVTOT": 0.0, "GRAPROES": 0.0, "_ent": "31", "_mun": "098", "_loc": "0008"}, "geometry": {"type": "Polygon", "coordinates": [[[-89.00231, 19.81005], [-89.00316, 19.81025], [-89.00295, 19.81111], [-89.00209, 19.81091], [-89.00231, 19.81005]]]}}, {"id": "2458612", "type": "Feature", "properties": {"id": "2458612", "CVEGEO": "3109800010105022", "POBTOT": 51.0, "score_nse": 0.0, "NSE": "ND", "VIVTOT": 19.0, "GRAPROES": 8.73, "_ent": "31", "_mun": "098", "_loc": "0001"}, "geometry": {"type": "Polygon", "coordinates": [[[-89.054, 20.07491], [-89.05353, 20.07627], [-89.05264, 20.07613], [-89.0529, 20.07467], [-89.054, 20.07491]]]}}, {"id": "2458613", "type": "Feature", "properties": {"id": "2458613", "CVEGEO": "3109800240177013", "POBTOT": 0.0, "score_nse": 0.0, "NSE": null, "VIVTOT": 0.0, "GRAPROES": 0.0, "_ent": "31", "_mun": "098", "_loc": "0024"}, "geometry": {"type": "Polygon", "coordinates": [[[-89.10116, 19.84174], [-89.10235, 19.84143], [-89.10248, 19.84183], [-89.10133, 19.84216], [-89.10116, 19.84174]]]}}, {"id": "2458614", "type": "Feature", "properties": {"id": "2458614", "CVEGEO": "3109800120139001", "POBTOT": 0.0, "score_nse": 0.0, "NSE": null, "VIVTOT": 0.0, "GRAPROES": 0.0, "_ent": "31", "_mun": "098", "_loc": "0012"}, "geometry": {"type": "Polygon", "coordinates": [[[-89.0651, 20.12441], [-89.06523, 20.12335], [-89.06596, 20.12364], [-89.06579, 20.12459], [-89.0651, 20.12441]]]}}, {"id": "2458615", "type": "Feature", "properties": {"id": "2458615", "CVEGEO": "3109800080177002", "POBTOT": 0.0, "score_nse": 0.0, "NSE": null, "VIVTOT": 0.0, "GRAPROES": 0.0, "_ent": "31", "_mun": "098", "_loc": "0008"}, "geometry": {"type": "Polygon", "coordinates": [[[-89.00397, 19.81043], [-89.00394, 19.81133], [-89.00303, 19.81112], [-89.00322, 19.81026], [-89.00397, 19.81043]]]}}, {"id": "2458616", "type": "Feature", "properties": {"id": "2458616", "CVEGEO": "3109800060139001", "POBTOT": 0.0, "score_nse": 0.0, "NSE": null, "VIVTOT": 0.0, "GRAPROES": 0.0, "_ent": "31", "_mun": "098", "_loc": "0006"}, "geometry": {"type": "Polygon", "coordinates": [[[-89.13383, 20.09446], [-89.13189, 20.0938], [-89.13258, 20.09233], [-89.13451, 20.09304], [-89.13383, 20.09446]]]}}, {"id": "2458617", "type": "Feature", "properties": {"id": "2458617", "CVEGEO": "3109800010247012", "POBTOT": 66.0, "score_nse": 0.0, "NSE": "ND", "VIVTOT": 22.0, "GRAPROES": 8.84, "_ent": "31", "_mun": "098", "_loc": "0001"}, "geometry": {"type": "Polygon", "coordinates": [[[-89.04627, 20.07188], [-89.04641, 20.07049], [-89.04652, 20.06973], [-89.04735, 20.07001], [-89.047, 20.0712], [-89.04698, 20.07191], [-89.04627, 20.07188]]]}}, {"id": "2458618", "type": "Feature", "properties": {"id": "2458618", "CVEGEO": "3109800010251052", "POBTOT": 11.0, "score_nse": 0.0, "NSE": "ND", "VIVTOT": 6.0, "GRAPROES": 6.86, "_ent": "31", "_mun": "098", "_loc": "0001"}, "geometry": {"type": "Polygon", "coordinates": [[[-89.04899, 20.06351], [-89.0479, 20.0633], [-89.04809, 20.06202], [-89.04915, 20.06237], [-89.04899, 20.06351]]]}}, {"id": "2458619", "type": "Feature", "properties": {"id": "2458619", "CVEGEO": "3109800010232011", "POBTOT": 117.0, "score_nse": 0.0, "NSE": "ND", "VIVTOT": 40.0, "GRAPROES": 8.25, "_ent": "31", "_mun": "098", "_loc": "0001"}, "geometry": {"type": "Polygon", "coordinates": [[[-89.04375, 20.07229], [-89.04327, 20.07242], [-89.04346, 20.0724], [-89.04337, 20.07313], [-89.04245, 20.07302], [-89.04337, 20.0732], [-89.04319, 20.07435], [-89.04166, 20.07399], [-89.04164, 20.07357], [-89.03973, 20.07333], [-89.03953, 20.07201], [-89.04346, 20.0719], [-89.04375, 20.07229]]]}}, {"id": "2458620", "type": "Feature", "properties": {"id": "2458620", "CVEGEO": "3109800120139006", "POBTOT": 0.0, "score_nse": 0.0, "NSE": null, "VIVTOT": 0.0, "GRAPROES": 0.0, "_ent": "31", "_mun": "098", "_loc": "0012"}, "geometry": {"type": "Polygon", "coordinates": [[[-89.06674, 20.1248], [-89.06586, 20.12461], [-89.06601, 20.12374], [-89.06693, 20.12402], [-89.06674, 20.1248]]]}}, {"id": "2458621", "type": "Feature", "properties": {"id": "2458621", "CVEGEO": "3109800010213010", "POBTOT": 54.0, "score_nse": 37.856, "NSE": "D+", "VIVTOT": 16.0, "GRAPROES": 7.41, "_ent": "31", "_mun": "098", "_loc": "0001"}, "geometry": {"type": "Polygon", "coordinates": [[[-89.05076, 20.08158], [-89.05063, 20.0825], [-89.04874, 20.08221], [-89.04897, 20.08135], [-89.05076, 20.08158]]]}}, {"id": "2458622", "type": "Feature", "properties": {"id": "2458622", "CVEGEO": "3109800010251017", "POBTOT": 80.0, "score_nse": 0.0, "NSE": "ND", "VIVTOT": 22.0, "GRAPROES": 9.28, "_ent": "31", "_mun": "098", "_loc": "0001"}, "geometry": {"type": "Polygon", "coordinates": [[[-89.05069, 20.06767], [-89.04945, 20.06754], [-89.04963, 20.06668], [-89.0508, 20.06687], [-89.05069, 20.06767]]]}}, {"id": "2458623", "type": "Feature", "properties": {"id": "2458623", "CVEGEO": "3109800010105024", "POBTOT": 71.0, "score_nse": 42.807, "NSE": "C-", "VIVTOT": 27.0, "GRAPROES": 8.21, "_ent": "31", "_mun": "098", "_loc": "0001"}, "geometry": {"type": "Polygon", "coordinates": [[[-89.0518, 20.07445], [-89.05158, 20.07595], [-89.0506, 20.07578], [-89.05077, 20.07432], [-89.0518, 20.07445]]]}}, {"id": "2458624", "type": "Feature", "properties": {"id": "2458624", "CVEGEO": "3109800010247001", "POBTOT": 148.0, "score_nse": 0.0, "NSE": "ND", "VIVTOT": 42.0, "GRAPROES": 7.83, "_ent": "31", "_mun": "098", "_loc": "0001"}, "geometry": {"type": "Polygon", "coordinates": [[[-89.04406, 20.07167], [-89.04453, 20.06904], [-89.04549, 20.06936], [-89.04527, 20.07185], [-89.04406, 20.07167]]]}}, {"id": "2458625", "type": "Feature", "properties": {"id": "2458625", "CVEGEO": "3109800010270015", "POBTOT": 15.0, "score_nse": 0.0, "NSE": "ND", "VIVTOT": 8.0, "GRAPROES": 9.43, "_ent": "31", "_mun": "098", "_loc": "0001"}, "geometry": {"type": "Polygon", "coordinates": [[[-89.05192, 20.06701], [-89.05085, 20.06685], [-89.05102, 20.06591], [-89.0521, 20.06611], [-89.05192, 20.06701]]]}}, {"id": "2458626", "type": "Feature", "properties": {"id": "2458626", "CVEGEO": "3109800100139002", "POBTOT": 0.0, "score_nse": 0.0, "NSE": null, "VIVTOT": 0.0, "GRAPROES": 0.0, "_ent": "31", "_mun": "098", "_loc": "0010"}, "geometry": {"type": "Polygon", "coordinates": [[[-89.05573, 20.11843], [-89.05485, 20.11882], [-89.05459, 20.11844], [-89.05517, 20.11804], [-89.05573, 20.11843]]]}}, {"id": "2458627", "type": "Feature", "properties": {"id": "2458627", "CVEGEO": "3109800010266020", "POBTOT": 67.0, "score_nse": 0.0, "NSE": "ND", "VIVTOT": 14.0, "GRAPROES": 6.24, "_ent": "31", "_mun": "098", "_loc": "0001"}, "geometry": {"type": "Polygon", "coordinates": [[[-89.05629, 20.06828], [-89.05485, 20.06811], [-89.05492, 20.06748], [-89.05652, 20.0677], [-89.05629, 20.06828]]]}}, {"id": "2458628", "type": "Feature", "properties": {"id": "2458628", "CVEGEO": "3109800110139015", "POBTOT": 0.0, "score_nse": 0.0, "NSE": null, "VIVTOT": 0.0, "GRAPROES": 0.0, "_ent": "31", "_mun": "098", "_loc": "0011"}, "geometry": {"type": "Polygon", "coordinates": [[[-89.04713, 20.08806], [-89.04741, 20.08719], [-89.04837, 20.08731], [-89.04806, 20.08834], [-89.04713, 20.08806]]]}}, {"id": "2458629", "type": "Feature", "properties": {"id": "2458629", "CVEGEO": "3109800010232008", "POBTOT": 55.0, "score_nse": 0.0, "NSE": "ND", "VIVTOT": 20.0, "GRAPROES": 5.61, "_ent": "31", "_mun": "098", "_loc": "0001"}, "geometry": {"type": "Polygon", "coordinates": [[[-89.04278, 20.07769], [-89.04296, 20.07641], [-89.04392, 20.07661], [-89.04378, 20.07782], [-89.04278, 20.07769]]]}}, {"id": "2458630", "type": "Feature", "properties": {"id": "2458630", "CVEGEO": "3109800010270018", "POBTOT": 4.0, "score_nse": 0.0, "NSE": "ND", "VIVTOT": 3.0, "GRAPROES": 0.0, "_ent": "31", "_mun": "098", "_loc": "0001"}, "geometry": {"type": "Polygon", "coordinates": [[[-89.05232, 20.06306], [-89.05207, 20.06394], [-89.05139, 20.06386], [-89.05157, 20.06293], [-89.05232, 20.06306]]]}}, {"id": "2458631", "type": "Feature", "properties": {"id": "2458631", "CVEGEO": "3109800080177001", "POBTOT": 0.0, "score_nse": 0.0, "NSE": null, "VIVTOT": 0.0, "GRAPROES": 0.0, "_ent": "31", "_mun": "098", "_loc": "0008"}, "geometry": {"type": "Polygon", "coordinates": [[[-89.00492, 19.81158], [-89.00401, 19.81135], [-89.00406, 19.81045], [-89.00515, 19.8107], [-89.00492, 19.81158]]]}}, {"id": "2458632", "type": "Feature", "properties": {"id": "2458632", "CVEGEO": "3109800120139004", "POBTOT": 0.0, "score_nse": 0.0, "NSE": null, "VIVTOT": 0.0, "GRAPROES": 0.0, "_ent": "31", "_mun": "098", "_loc": "0012"}, "geometry": {"type": "Polygon", "coordinates": [[[-89.06528, 20.12266], [-89.06613, 20.12291], [-89.06598, 20.12356], [-89.06524, 20.12328], [-89.06528, 20.12266]]]}}, {"id": "2458633", "type": "Feature", "properties": {"id": "2458633", "CVEGEO": "3109800010232014", "POBTOT": 0.0, "score_nse": 0.0, "NSE": "ND", "VIVTOT": 0.0, "GRAPROES": 0.0, "_ent": "31", "_mun": "098", "_loc": "0001"}, "geometry": {"type": "Polygon", "coordinates": [[[-89.04499, 20.07373], [-89.04474, 20.07342], [-89.04502, 20.07345], [-89.04499, 20.07373]]]}}, {"id": "2458634", "type": "Feature", "properties": {"id": "2458634", "CVEGEO": "3109800010251006", "POBTOT": 49.0, "score_nse": 0.0, "NSE": "ND", "VIVTOT": 9.0, "GRAPROES": 7.91, "_ent": "31", "_mun": "098", "_loc": "0001"}, "geometry": {"type": "Polygon", "coordinates": [[[-89.0496, 20.06664], [-89.04879, 20.06651], [-89.04891, 20.06557], [-89.04986, 20.06571], [-89.0496, 20.06664]]]}}, {"id": "2458635", "type": "Feature", "properties": {"id": "2458635", "CVEGEO": "3109800010251007", "POBTOT": 0.0, "score_nse": 0.0, "NSE": "ND", "VIVTOT": 0.0, "GRAPROES": 0.0, "_ent": "31", "_mun": "098", "_loc": "0001"}, "geometry": {"type": "Polygon", "coordinates": [[[-89.04941, 20.06753], [-89.04863, 20.06745], [-89.04879, 20.06655], [-89.04958, 20.06668], [-89.04941, 20.06753]]]}}, {"id": "2458636", "type": "Feature", "properties": {"id": "2458636", "CVEGEO": "3109800010247017", "POBTOT": 69.0, "score_nse": 0.0, "NSE": "ND", "VIVTOT": 24.0, "GRAPROES": 8.63, "_ent": "31", "_mun": "098", "_loc": "0001"}, "geometry": {"type": "Polygon", "coordinates": [[[-89.04787, 20.06897], [-89.04893, 20.0691], [-89.0484, 20.07043], [-89.0474, 20.06998], [-89.04787, 20.06897]]]}}, {"id": "2458637", "type": "Feature", "properties": {"id": "2458637", "CVEGEO": "3109800010270004", "POBTOT": 13.0, "score_nse": 0.0, "NSE": "ND", "VIVTOT": 7.0, "GRAPROES": 5.45, "_ent": "31", "_mun": "098", "_loc": "0001"}, "geometry": {"type": "Polygon", "coordinates": [[[-89.05716, 20.06609], [-89.05514, 20.0656], [-89.05527, 20.06469], [-89.05761, 20.06496], [-89.05716, 20.06609]]]}}, {"id": "2458638", "type": "Feature", "properties": {"id": "2458638", "CVEGEO": "3109800010228016", "POBTOT": 52.0, "score_nse": 0.0, "NSE": "ND", "VIVTOT": 14.0, "GRAPROES": 8.78, "_ent": "31", "_mun": "098", "_loc": "0001"}, "geometry": {"type": "Polygon", "coordinates": [[[-89.04773, 20.07387], [-89.04756, 20.0749], [-89.04659, 20.0747], [-89.0468, 20.07371], [-89.04773, 20.07387]]]}}, {"id": "2458639", "type": "Feature", "properties": {"id": "2458639", "CVEGEO": "3109800120139024", "POBTOT": 0.0, "score_nse": 0.0, "NSE": null, "VIVTOT": 0.0, "GRAPROES": 0.0, "_ent": "31", "_mun": "098", "_loc": "0012"}, "geometry": {"type": "Polygon", "coordinates": [[[-89.06448, 20.12146], [-89.06458, 20.12072], [-89.06536, 20.12086], [-89.06533, 20.12174], [-89.06448, 20.12146]]]}}, {"id": "2458640", "type": "Feature", "properties": {"id": "2458640", "CVEGEO": "3109800060139005", "POBTOT": 0.0, "score_nse": 0.0, "NSE": null, "VIVTOT": 0.0, "GRAPROES": 0.0, "_ent": "31", "_mun": "098", "_loc": "0006"}, "geometry": {"type": "Polygon", "coordinates": [[[-89.1332, 20.09579], [-89.13136, 20.09539], [-89.13121, 20.09519], [-89.13186, 20.09387], [-89.1338, 20.09453], [-89.1332, 20.09579]]]}}, {"id": "2458641", "type": "Feature", "properties": {"id": "2458641", "CVEGEO": "3109800240177010", "POBTOT": 0.0, "score_nse": 0.0, "NSE": null, "VIVTOT": 0.0, "GRAPROES": 0.0, "_ent": "31", "_mun": "098", "_loc": "0024"}, "geometry": {"type": "Polygon", "coordinates": [[[-89.10462, 19.84012], [-89.10617, 19.83968], [-89.10637, 19.8404], [-89.10478, 19.84073], [-89.10462, 19.84012]]]}}, {"id": "2458642", "type": "Feature", "properties": {"id": "2458642", "CVEGEO": "3109800240177004", "POBTOT": 0.0, "score_nse": 0.0, "NSE": null, "VIVTOT": 0.0, "GRAPROES": 0.0, "_ent": "31", "_mun": "098", "_loc": "0024"}, "geometry": {"type": "Polygon", "coordinates": [[[-89.10652, 19.84212], [-89.1073, 19.84196], [-89.10737, 19.8423], [-89.10702, 19.84238], [-89.10709, 19.84262], [-89.10666, 19.84273], [-89.10652, 19.84212]]]}}, {"id": "2458643", "type": "Feature", "properties": {"id": "2458643", "CVEGEO": "3109800010213014", "POBTOT": 36.0, "score_nse": 0.0, "NSE": "ND", "VIVTOT": 11.0, "GRAPROES": 9.7, "_ent": "31", "_mun": "098", "_loc": "0001"}, "geometry": {"type": "Polygon", "coordinates": [[[-89.05118, 20.07862], [-89.05207, 20.07869], [-89.05195, 20.07963], [-89.05108, 20.07955], [-89.05118, 20.07862]]]}}, {"id": "2458644", "type": "Feature", "properties": {"id": "2458644", "CVEGEO": "3109800010105006", "POBTOT": 67.0, "score_nse": 34.964, "NSE": "D+", "VIVTOT": 25.0, "GRAPROES": 7.19, "_ent": "31", "_mun": "098", "_loc": "0001"}, "geometry": {"type": "Polygon", "coordinates": [[[-89.05471, 20.07247], [-89.05431, 20.07388], [-89.05308, 20.07348], [-89.05311, 20.07319], [-89.05471, 20.07247]]]}}, {"id": "2458645", "type": "Feature", "properties": {"id": "2458645", "CVEGEO": "3109800010266008", "POBTOT": 48.0, "score_nse": 0.0, "NSE": "ND", "VIVTOT": 16.0, "GRAPROES": 7.67, "_ent": "31", "_mun": "098", "_loc": "0001"}, "geometry": {"type": "Polygon", "coordinates": [[[-89.0536, 20.06873], [-89.05471, 20.06874], [-89.05447, 20.06963], [-89.0535, 20.06952], [-89.0536, 20.06873]]]}}, {"id": "2458646", "type": "Feature", "properties": {"id": "2458646", "CVEGEO": "3109800010251026", "POBTOT": 35.0, "score_nse": 0.0, "NSE": "ND", "VIVTOT": 12.0, "GRAPROES": 9.7, "_ent": "31", "_mun": "098", "_loc": "0001"}, "geometry": {"type": "Polygon", "coordinates": [[[-89.04961, 20.06817], [-89.0495, 20.06912], [-89.04899, 20.06907], [-89.04929, 20.06814], [-89.04961, 20.06817]]]}}, {"id": "2458647", "type": "Feature", "properties": {"id": "2458647", "CVEGEO": "3109800010105007", "POBTOT": 70.0, "score_nse": 0.0, "NSE": "ND", "VIVTOT": 20.0, "GRAPROES": 6.47, "_ent": "31", "_mun": "098", "_loc": "0001"}, "geometry": {"type": "Polygon", "coordinates": [[[-89.0543, 20.07392], [-89.05401, 20.07486], [-89.05291, 20.07463], [-89.05307, 20.07353], [-89.0543, 20.07392]]]}}, {"id": "2458648", "type": "Feature", "properties": {"id": "2458648", "CVEGEO": "3109800450181002", "POBTOT": 0.0, "score_nse": 0.0, "NSE": null, "VIVTOT": 0.0, "GRAPROES": 0.0, "_ent": "31", "_mun": "098", "_loc": "0045"}, "geometry": {"type": "Polygon", "coordinates": [[[-89.09904, 19.79766], [-89.10319, 19.79729], [-89.10316, 19.79814], [-89.09897, 19.79842], [-89.09904, 19.79766]]]}}, {"id": "2458649", "type": "Feature", "properties": {"id": "2458649", "CVEGEO": "3109800010251014", "POBTOT": 46.0, "score_nse": 0.0, "NSE": "ND", "VIVTOT": 13.0, "GRAPROES": 6.76, "_ent": "31", "_mun": "098", "_loc": "0001"}, "geometry": {"type": "Polygon", "coordinates": [[[-89.05115, 20.06484], [-89.05019, 20.06464], [-89.05045, 20.0636], [-89.05133, 20.06388], [-89.05115, 20.06484]]]}}, {"id": "2458650", "type": "Feature", "properties": {"id": "2458650", "CVEGEO": "3109800010105008", "POBTOT": 46.0, "score_nse": 0.0, "NSE": "ND", "VIVTOT": 14.0, "GRAPROES": 7.84, "_ent": "31", "_mun": "098", "_loc": "0001"}, "geometry": {"type": "Polygon", "coordinates": [[[-89.05286, 20.07461], [-89.05186, 20.07441], [-89.05195, 20.0735], [-89.05305, 20.07321], [-89.05286, 20.07461]]]}}, {"id": "2458651", "type": "Feature", "properties": {"id": "2458651", "CVEGEO": "3109800010266031", "POBTOT": 55.0, "score_nse": 65.0873, "NSE": "C", "VIVTOT": 17.0, "GRAPROES": 10.66, "_ent": "31", "_mun": "098", "_loc": "0001"}, "geometry": {"type": "Polygon", "coordinates": [[[-89.05163, 20.06833], [-89.05146, 20.06928], [-89.05053, 20.06919], [-89.05066, 20.06826], [-89.05163, 20.06833]]]}}, {"id": "2458652", "type": "Feature", "properties": {"id": "2458652", "CVEGEO": "3109800110139008", "POBTOT": 0.0, "score_nse": 0.0, "NSE": null, "VIVTOT": 0.0, "GRAPROES": 0.0, "_ent": "31", "_mun": "098", "_loc": "0011"}, "geometry": {"type": "Polygon", "coordinates": [[[-89.04739, 20.09037], [-89.04782, 20.0893], [-89.04821, 20.08935], [-89.04801, 20.09051], [-89.04739, 20.09037]]]}}, {"id": "2458653", "type": "Feature", "properties": {"id": "2458653", "CVEGEO": "3109800050158029", "POBTOT": 0.0, "score_nse": 0.0, "NSE": null, "VIVTOT": 0.0, "GRAPROES": 0.0, "_ent": "31", "_mun": "098", "_loc": "0005"}, "geometry": {"type": "Polygon", "coordinates": [[[-88.94909, 19.95507], [-88.9496, 19.95525], [-88.94919, 19.95639], [-88.94868, 19.95623], [-88.94909, 19.95507]]]}}, {"id": "2458654", "type": "Feature", "properties": {"id": "2458654", "CVEGEO": "3109800010105005", "POBTOT": 60.0, "score_nse": 0.0, "NSE": "ND", "VIVTOT": 21.0, "GRAPROES": 8.37, "_ent": "31", "_mun": "098", "_loc": "0001"}, "geometry": {"type": "Polygon", "coordinates": [[[-89.05399, 20.07154], [-89.05494, 20.07163], [-89.05459, 20.07242], [-89.05386, 20.07235], [-89.05399, 20.07154]]]}}, {"id": "2458655", "type": "Feature", "properties": {"id": "2458655", "CVEGEO": "3109800010247035", "POBTOT": 0.0, "score_nse": 0.0, "NSE": "ND", "VIVTOT": 0.0, "GRAPROES": 0.0, "_ent": "31", "_mun": "098", "_loc": "0001"}, "geometry": {"type": "Polygon", "coordinates": [[[-89.03737, 20.06782], [-89.03858, 20.06815], [-89.03804, 20.0688], [-89.03727, 20.06871], [-89.03737, 20.06782]]]}}, {"id": "2458656", "type": "Feature", "properties": {"id": "2458656", "CVEGEO": "3109800010270009", "POBTOT": 0.0, "score_nse": 10.0, "NSE": "E", "VIVTOT": 1.0, "GRAPROES": 0.0, "_ent": "31", "_mun": "098", "_loc": "0001"}, "geometry": {"type": "Polygon", "coordinates": [[[-89.05367, 20.06449], [-89.05336, 20.0653], [-89.05231, 20.06509], [-89.05262, 20.06428], [-89.05367, 20.06449]]]}}, {"id": "2458657", "type": "Feature", "properties": {"id": "2458657", "CVEGEO": "3109800010228006", "POBTOT": 34.0, "score_nse": 0.0, "NSE": "ND", "VIVTOT": 14.0, "GRAPROES": 9.18, "_ent": "31", "_mun": "098", "_loc": "0001"}, "geometry": {"type": "Polygon", "coordinates": [[[-89.04856, 20.0767], [-89.04953, 20.07695], [-89.04936, 20.07841], [-89.0483, 20.07831], [-89.04856, 20.0767]]]}}, {"id": "2458658", "type": "Feature", "properties": {"id": "2458658", "CVEGEO": "3109800050158023", "POBTOT": 0.0, "score_nse": 0.0, "NSE": null, "VIVTOT": 0.0, "GRAPROES": 0.0, "_ent": "31", "_mun": "098", "_loc": "0005"}, "geometry": {"type": "Polygon", "coordinates": [[[-88.94927, 19.95431], [-88.94903, 19.95495], [-88.94769, 19.95451], [-88.94783, 19.95377], [-88.94927, 19.95431]]]}}, {"id": "2458659", "type": "Feature", "properties": {"id": "2458659", "CVEGEO": "3109800010105043", "POBTOT": 0.0, "score_nse": 0.0, "NSE": "ND", "VIVTOT": 0.0, "GRAPROES": 0.0, "_ent": "31", "_mun": "098", "_loc": "0001"}, "geometry": {"type": "Polygon", "coordinates": [[[-89.0558, 20.07427], [-89.05582, 20.07395], [-89.05585, 20.07394], [-89.056, 20.07431], [-89.0558, 20.07427]]]}}, {"id": "2458660", "type": "Feature", "properties": {"id": "2458660", "CVEGEO": "3109800010270005", "POBTOT": 83.0, "score_nse": 0.0, "NSE": "ND", "VIVTOT": 25.0, "GRAPROES": 7.36, "_ent": "31", "_mun": "098", "_loc": "0001"}, "geometry": {"type": "Polygon", "coordinates": [[[-89.05679, 20.06705], [-89.05504, 20.06662], [-89.05515, 20.06569], [-89.05715, 20.06614], [-89.05679, 20.06705]]]}}, {"id": "2458661", "type": "Feature", "properties": {"id": "2458661", "CVEGEO": "3109800280162006", "POBTOT": 0.0, "score_nse": 0.0, "NSE": null, "VIVTOT": 0.0, "GRAPROES": 0.0, "_ent": "31", "_mun": "098", "_loc": "0028"}, "geometry": {"type": "Polygon", "coordinates": [[[-89.03876, 19.91429], [-89.03913, 19.91359], [-89.03998, 19.91386], [-89.0397, 19.91459], [-89.03876, 19.91429]]]}}, {"id": "2458662", "type": "Feature", "properties": {"id": "2458662", "CVEGEO": "3109800430181006", "POBTOT": 0.0, "score_nse": 0.0, "NSE": null, "VIVTOT": 0.0, "GRAPROES": 0.0, "_ent": "31", "_mun": "098", "_loc": "0043"}, "geometry": {"type": "Polygon", "coordinates": [[[-89.05206, 19.78669], [-89.05277, 19.78659], [-89.05284, 19.78747], [-89.05025, 19.78768], [-89.0502, 19.78748], [-89.05206, 19.78669]]]}}, {"id": "2458663", "type": "Feature", "properties": {"id": "2458663", "CVEGEO": "3109800280162002", "POBTOT": 0.0, "score_nse": 0.0, "NSE": null, "VIVTOT": 0.0, "GRAPROES": 0.0, "_ent": "31", "_mun": "098", "_loc": "0028"}, "geometry": {"type": "Polygon", "coordinates": [[[-89.03828, 19.91337], [-89.03798, 19.91398], [-89.03551, 19.91335], [-89.03567, 19.91264], [-89.03755, 19.91315], [-89.03745, 19.91351], [-89.0376, 19.91318], [-89.03828, 19.91337]]]}}, {"id": "2458664", "type": "Feature", "properties": {"id": "2458664", "CVEGEO": "3109800010251035", "POBTOT": 25.0, "score_nse": 0.0, "NSE": "ND", "VIVTOT": 8.0, "GRAPROES": 7.19, "_ent": "31", "_mun": "098", "_loc": "0001"}, "geometry": {"type": "Polygon", "coordinates": [[[-89.05152, 20.06288], [-89.05058, 20.06265], [-89.05074, 20.06142], [-89.05174, 20.0616], [-89.05152, 20.06288]]]}}, {"id": "2458665", "type": "Feature", "properties": {"id": "2458665", "CVEGEO": "3109800280162010", "POBTOT": 0.0, "score_nse": 0.0, "NSE": null, "VIVTOT": 0.0, "GRAPROES": 0.0, "_ent": "31", "_mun": "098", "_loc": "0028"}, "geometry": {"type": "Polygon", "coordinates": [[[-89.03797, 19.91232], [-89.03814, 19.91174], [-89.03834, 19.91178], [-89.03849, 19.91131], [-89.03926, 19.91141], [-89.0387, 19.91248], [-89.03797, 19.91232]]]}}, {"id": "2458666", "type": "Feature", "properties": {"id": "2458666", "CVEGEO": "3109800010266010", "POBTOT": 53.0, "score_nse": 35.9996, "NSE": "D+", "VIVTOT": 19.0, "GRAPROES": 6.5, "_ent": "31", "_mun": "098", "_loc": "0001"}, "geometry": {"type": "Polygon", "coordinates": [[[-89.05628, 20.06832], [-89.05612, 20.06875], [-89.05475, 20.06871], [-89.05484, 20.06815], [-89.05628, 20.06832]]]}}, {"id": "2458667", "type": "Feature", "properties": {"id": "2458667", "CVEGEO": "3109800430181010", "POBTOT": 0.0, "score_nse": 0.0, "NSE": null, "VIVTOT": 0.0, "GRAPROES": 0.0, "_ent": "31", "_mun": "098", "_loc": "0043"}, "geometry": {"type": "Polygon", "coordinates": [[[-89.05408, 19.78793], [-89.05352, 19.78785], [-89.0536, 19.78866], [-89.05304, 19.78875], [-89.05292, 19.78752], [-89.05409, 19.78772], [-89.05408, 19.78793]]]}}, {"id": "2458668", "type": "Feature", "properties": {"id": "2458668", "CVEGEO": "3109800280162012", "POBTOT": 0.0, "score_nse": 0.0, "NSE": null, "VIVTOT": 0.0, "GRAPROES": 0.0, "_ent": "31", "_mun": "098", "_loc": "0028"}, "geometry": {"type": "Polygon", "coordinates": [[[-89.03569, 19.91257], [-89.03589, 19.91197], [-89.03696, 19.91229], [-89.03681, 19.91287], [-89.03569, 19.91257]]]}}, {"id": "2458669", "type": "Feature", "properties": {"id": "2458669", "CVEGEO": "3109800010270002", "POBTOT": 20.0, "score_nse": 0.0, "NSE": "ND", "VIVTOT": 6.0, "GRAPROES": 6.86, "_ent": "31", "_mun": "098", "_loc": "0001"}, "geometry": {"type": "Polygon", "coordinates": [[[-89.05436, 20.06549], [-89.05346, 20.06533], [-89.05374, 20.0645], [-89.05465, 20.06461], [-89.05436, 20.06549]]]}}, {"id": "2458670", "type": "Feature", "properties": {"id": "2458670", "CVEGEO": "3109800010232023", "POBTOT": 37.0, "score_nse": 0.0, "NSE": "ND", "VIVTOT": 10.0, "GRAPROES": 8.76, "_ent": "31", "_mun": "098", "_loc": "0001"}, "geometry": {"type": "Polygon", "coordinates": [[[-89.04503, 20.07341], [-89.04471, 20.07337], [-89.04392, 20.07236], [-89.04513, 20.07248], [-89.04503, 20.07341]]]}}, {"id": "2458671", "type": "Feature", "properties": {"id": "2458671", "CVEGEO": "3109800010209024", "POBTOT": 0.0, "score_nse": 0.0, "NSE": "ND", "VIVTOT": 0.0, "GRAPROES": 0.0, "_ent": "31", "_mun": "098", "_loc": "0001"}, "geometry": {"type": "Polygon", "coordinates": [[[-89.05153, 20.0845], [-89.05049, 20.08451], [-89.0506, 20.08356], [-89.05156, 20.08354], [-89.05153, 20.0845]]]}}, {"id": "2458672", "type": "Feature", "properties": {"id": "2458672", "CVEGEO": "3109800010209035", "POBTOT": 0.0, "score_nse": 10.0, "NSE": "E", "VIVTOT": 1.0, "GRAPROES": 0.0, "_ent": "31", "_mun": "098", "_loc": "0001"}, "geometry": {"type": "Polygon", "coordinates": [[[-89.05346, 20.08456], [-89.05401, 20.08468], [-89.05524, 20.08674], [-89.05624, 20.08806], [-89.05326, 20.08774], [-89.05346, 20.08456]]]}}, {"id": "2458673", "type": "Feature", "properties": {"id": "2458673", "CVEGEO": "3109800010232030", "POBTOT": 0.0, "score_nse": 0.0, "NSE": "ND", "VIVTOT": 0.0, "GRAPROES": 0.0, "_ent": "31", "_mun": "098", "_loc": "0001"}, "geometry": {"type": "Polygon", "coordinates": [[[-89.04524, 20.07193], [-89.04623, 20.07192], [-89.04618, 20.07257], [-89.04518, 20.07245], [-89.04524, 20.07193]]]}}, {"id": "2458674", "type": "Feature", "properties": {"id": "2458674", "CVEGEO": "3109800010266002", "POBTOT": 54.0, "score_nse": 0.0, "NSE": "ND", "VIVTOT": 14.0, "GRAPROES": 8.51, "_ent": "31", "_mun": "098", "_loc": "0001"}, "geometry": {"type": "Polygon", "coordinates": [[[-89.05569, 20.06981], [-89.05521, 20.07097], [-89.05417, 20.07072], [-89.0545, 20.06967], [-89.05569, 20.06981]]]}}, {"id": "2458675", "type": "Feature", "properties": {"id": "2458675", "CVEGEO": "3109800010228015", "POBTOT": 2.0, "score_nse": 0.0, "NSE": "ND", "VIVTOT": 4.0, "GRAPROES": 0.0, "_ent": "31", "_mun": "098", "_loc": "0001"}, "geometry": {"type": "Polygon", "coordinates": [[[-89.04612, 20.07359], [-89.04671, 20.07367], [-89.04651, 20.07467], [-89.04601, 20.07461], [-89.04612, 20.07359]]]}}, {"id": "2458676", "type": "Feature", "properties": {"id": "2458676", "CVEGEO": "3109800010213009", "POBTOT": 27.0, "score_nse": 0.0, "NSE": "ND", "VIVTOT": 8.0, "GRAPROES": 7.89, "_ent": "31", "_mun": "098", "_loc": "0001"}, "geometry": {"type": "Polygon", "coordinates": [[[-89.0507, 20.08252], [-89.05081, 20.0816], [-89.05161, 20.08172], [-89.05157, 20.08262], [-89.0507, 20.08252]]]}}, {"id": "2458677", "type": "Feature", "properties": {"id": "2458677", "CVEGEO": "3109800010247010", "POBTOT": 71.0, "score_nse": 0.0, "NSE": "ND", "VIVTOT": 26.0, "GRAPROES": 7.04, "_ent": "31", "_mun": "098", "_loc": "0001"}, "geometry": {"type": "Polygon", "coordinates": [[[-89.04346, 20.06862], [-89.04203, 20.06818], [-89.04211, 20.06716], [-89.04365, 20.06766], [-89.04346, 20.06862]]]}}, {"id": "2458678", "type": "Feature", "properties": {"id": "2458678", "CVEGEO": "3109800010232017", "POBTOT": 23.0, "score_nse": 0.0, "NSE": "ND", "VIVTOT": 5.0, "GRAPROES": 10.16, "_ent": "31", "_mun": "098", "_loc": "0001"}, "geometry": {"type": "Polygon", "coordinates": [[[-89.04564, 20.077], [-89.04554, 20.07798], [-89.04485, 20.07793], [-89.04495, 20.07685], [-89.04564, 20.077]]]}}, {"id": "2458679", "type": "Feature", "properties": {"id": "2458679", "CVEGEO": "3109800010232020", "POBTOT": 9.0, "score_nse": 0.0, "NSE": "ND", "VIVTOT": 5.0, "GRAPROES": 6.43, "_ent": "31", "_mun": "098", "_loc": "0001"}, "geometry": {"type": "Polygon", "coordinates": [[[-89.04102, 20.07893], [-89.03915, 20.07888], [-89.03938, 20.07751], [-89.04272, 20.07774], [-89.04263, 20.07867], [-89.04107, 20.07856], [-89.04102, 20.07893]]]}}, {"id": "2458680", "type": "Feature", "properties": {"id": "2458680", "CVEGEO": "3109800010251040", "POBTOT": 0.0, "score_nse": 0.0, "NSE": "ND", "VIVTOT": 0.0, "GRAPROES": 0.0, "_ent": "31", "_mun": "098", "_loc": "0001"}, "geometry": {"type": "Polygon", "coordinates": [[[-89.05079, 20.06137], [-89.051, 20.05998], [-89.05247, 20.06024], [-89.05173, 20.06148], [-89.05079, 20.06137]]]}}, {"id": "2458681", "type": "Feature", "properties": {"id": "2458681", "CVEGEO": "3109800010251049", "POBTOT": 6.0, "score_nse": 0.0, "NSE": "ND", "VIVTOT": 2.0, "GRAPROES": 0.0, "_ent": "31", "_mun": "098", "_loc": "0001"}, "geometry": {"type": "Polygon", "coordinates": [[[-89.04436, 20.06059], [-89.04361, 20.06501], [-89.04202, 20.06484], [-89.04247, 20.0635], [-89.04263, 20.06354], [-89.04249, 20.06345], [-89.04358, 20.06047], [-89.04436, 20.06059]]]}}, {"id": "2458682", "type": "Feature", "properties": {"id": "2458682", "CVEGEO": "3109800280162001", "POBTOT": 0.0, "score_nse": 0.0, "NSE": null, "VIVTOT": 0.0, "GRAPROES": 0.0, "_ent": "31", "_mun": "098", "_loc": "0028"}, "geometry": {"type": "Polygon", "coordinates": [[[-89.0381, 19.91405], [-89.03836, 19.91339], [-89.03905, 19.91357], [-89.03869, 19.91427], [-89.0381, 19.91405]]]}}, {"id": "2458683", "type": "Feature", "properties": {"id": "2458683", "CVEGEO": "3109800220177010", "POBTOT": 0.0, "score_nse": 0.0, "NSE": null, "VIVTOT": 0.0, "GRAPROES": 0.0, "_ent": "31", "_mun": "098", "_loc": "0022"}, "geometry": {"type": "Polygon", "coordinates": [[[-89.04292, 19.86875], [-89.04248, 19.8698], [-89.04058, 19.86945], [-89.04063, 19.86842], [-89.04292, 19.86875]]]}}, {"id": "2458684", "type": "Feature", "properties": {"id": "2458684", "CVEGEO": "3109800060139007", "POBTOT": 0.0, "score_nse": 0.0, "NSE": null, "VIVTOT": 0.0, "GRAPROES": 0.0, "_ent": "31", "_mun": "098", "_loc": "0006"}, "geometry": {"type": "Polygon", "coordinates": [[[-89.13346, 20.09073], [-89.1336, 20.09079], [-89.13342, 20.09114], [-89.13326, 20.09107], [-89.13346, 20.09073]]]}}, {"id": "2458685", "type": "Feature", "properties": {"id": "2458685", "CVEGEO": "3109800110139013", "POBTOT": 0.0, "score_nse": 0.0, "NSE": null, "VIVTOT": 0.0, "GRAPROES": 0.0, "_ent": "31", "_mun": "098", "_loc": "0011"}, "geometry": {"type": "Polygon", "coordinates": [[[-89.04362, 20.09183], [-89.04429, 20.08954], [-89.04519, 20.08992], [-89.04455, 20.09189], [-89.04362, 20.09183]]]}}, {"id": "2458686", "type": "Feature", "properties": {"id": "2458686", "CVEGEO": "3109800010105016", "POBTOT": 41.0, "score_nse": 52.5691, "NSE": "C-", "VIVTOT": 14.0, "GRAPROES": 7.54, "_ent": "31", "_mun": "098", "_loc": "0001"}, "geometry": {"type": "Polygon", "coordinates": [[[-89.05496, 20.07159], [-89.054, 20.07149], [-89.05415, 20.07076], [-89.05519, 20.071], [-89.05496, 20.07159]]]}}, {"id": "2458687", "type": "Feature", "properties": {"id": "2458687", "CVEGEO": "3109800080177007", "POBTOT": 0.0, "score_nse": 0.0, "NSE": null, "VIVTOT": 0.0, "GRAPROES": 0.0, "_ent": "31", "_mun": "098", "_loc": "0008"}, "geometry": {"type": "Polygon", "coordinates": [[[-89.00403, 19.8115], [-89.00489, 19.81165], [-89.00483, 19.81214], [-89.00393, 19.81204], [-89.00403, 19.8115]]]}}, {"id": "2458688", "type": "Feature", "properties": {"id": "2458688", "CVEGEO": "3109800060139006", "POBTOT": 0.0, "score_nse": 0.0, "NSE": null, "VIVTOT": 0.0, "GRAPROES": 0.0, "_ent": "31", "_mun": "098", "_loc": "0006"}, "geometry": {"type": "Polygon", "coordinates": [[[-89.13175, 20.09391], [-89.13106, 20.09533], [-89.12949, 20.095], [-89.13023, 20.09331], [-89.13175, 20.09391]]]}}, {"id": "2458689", "type": "Feature", "properties": {"id": "2458689", "CVEGEO": "3109800010105018", "POBTOT": 0.0, "score_nse": 0.0, "NSE": "ND", "VIVTOT": 0.0, "GRAPROES": 0.0, "_ent": "31", "_mun": "098", "_loc": "0001"}, "geometry": {"type": "Polygon", "coordinates": [[[-89.05481, 20.0724], [-89.05502, 20.07207], [-89.0559, 20.07238], [-89.05582, 20.07267], [-89.05481, 20.0724]]]}}, {"id": "2458690", "type": "Feature", "properties": {"id": "2458690", "CVEGEO": "3109800050158001", "POBTOT": 0.0, "score_nse": 0.0, "NSE": null, "VIVTOT": 0.0, "GRAPROES": 0.0, "_ent": "31", "_mun": "098", "_loc": "0005"}, "geometry": {"type": "Polygon", "coordinates": [[[-88.94968, 19.95733], [-88.94955, 19.95768], [-88.94913, 19.95756], [-88.94928, 19.95719], [-88.94968, 19.95733]]]}}, {"id": "2458691", "type": "Feature", "properties": {"id": "2458691", "CVEGEO": "3109800100139004", "POBTOT": 0.0, "score_nse": 0.0, "NSE": null, "VIVTOT": 0.0, "GRAPROES": 0.0, "_ent": "31", "_mun": "098", "_loc": "0010"}, "geometry": {"type": "Polygon", "coordinates": [[[-89.05482, 20.11887], [-89.05514, 20.11874], [-89.05529, 20.11888], [-89.05518, 20.11872], [-89.05543, 20.11861], [-89.05588, 20.11891], [-89.05542, 20.11932], [-89.05482, 20.11887]]]}}, {"id": "2458692", "type": "Feature", "properties": {"id": "2458692", "CVEGEO": "3109800010251031", "POBTOT": 70.0, "score_nse": 0.0, "NSE": "ND", "VIVTOT": 20.0, "GRAPROES": 7.67, "_ent": "31", "_mun": "098", "_loc": "0001"}, "geometry": {"type": "Polygon", "coordinates": [[[-89.04384, 20.06668], [-89.04481, 20.06703], [-89.04462, 20.06795], [-89.04369, 20.06763], [-89.04384, 20.06668]]]}}, {"id": "2458693", "type": "Feature", "properties": {"id": "2458693", "CVEGEO": "3109800250162009", "POBTOT": 0.0, "score_nse": 0.0, "NSE": null, "VIVTOT": 0.0, "GRAPROES": 0.0, "_ent": "31", "_mun": "098", "_loc": "0025"}, "geometry": {"type": "Polygon", "coordinates": [[[-88.99714, 19.89759], [-88.99701, 19.89704], [-88.99836, 19.8968], [-88.99835, 19.89742], [-88.99714, 19.89759]]]}}, {"id": "2458694", "type": "Feature", "properties": {"id": "2458694", "CVEGEO": "3109800010247016", "POBTOT": 14.0, "score_nse": 37.332, "NSE": "D+", "VIVTOT": 5.0, "GRAPROES": 8.9, "_ent": "31", "_mun": "098", "_loc": "0001"}, "geometry": {"type": "Polygon", "coordinates": [[[-89.04206, 20.06715], [-89.04197, 20.06816], [-89.04106, 20.06786], [-89.04135, 20.06697], [-89.04206, 20.06715]]]}}, {"id": "2458695", "type": "Feature", "properties": {"id": "2458695", "CVEGEO": "3109800010251015", "POBTOT": 46.0, "score_nse": 0.0, "NSE": "ND", "VIVTOT": 19.0, "GRAPROES": 8.25, "_ent": "31", "_mun": "098", "_loc": "0001"}, "geometry": {"type": "Polygon", "coordinates": [[[-89.05115, 20.06488], [-89.05098, 20.06587], [-89.04992, 20.06568], [-89.05018, 20.06468], [-89.05115, 20.06488]]]}}, {"id": "2458696", "type": "Feature", "properties": {"id": "2458696", "CVEGEO": "3109800050158025", "POBTOT": 0.0, "score_nse": 0.0, "NSE": null, "VIVTOT": 0.0, "GRAPROES": 0.0, "_ent": "31", "_mun": "098", "_loc": "0005"}, "geometry": {"type": "Polygon", "coordinates": [[[-88.95142, 19.95484], [-88.95246, 19.95187], [-88.95303, 19.95207], [-88.95225, 19.95444], [-88.95311, 19.95474], [-88.95279, 19.95539], [-88.95142, 19.95484]]]}}, {"id": "2458697", "type": "Feature", "properties": {"id": "2458697", "CVEGEO": "3109800250162007", "POBTOT": 0.0, "score_nse": 0.0, "NSE": null, "VIVTOT": 0.0, "GRAPROES": 0.0, "_ent": "31", "_mun": "098", "_loc": "0025"}, "geometry": {"type": "Polygon", "coordinates": [[[-88.99557, 19.89731], [-88.99537, 19.89638], [-88.99573, 19.89631], [-88.99595, 19.89719], [-88.99557, 19.89731]]]}}, {"id": "2458698", "type": "Feature", "properties": {"id": "2458698", "CVEGEO": "3109800010209026", "POBTOT": 63.0, "score_nse": 0.0, "NSE": "ND", "VIVTOT": 12.0, "GRAPROES": 7.12, "_ent": "31", "_mun": "098", "_loc": "0001"}, "geometry": {"type": "Polygon", "coordinates": [[[-89.05162, 20.08354], [-89.05249, 20.08356], [-89.05241, 20.08441], [-89.05159, 20.08446], [-89.05162, 20.08354]]]}}, {"id": "2458699", "type": "Feature", "properties": {"id": "2458699", "CVEGEO": "3109800010247018", "POBTOT": 92.0, "score_nse": 0.0, "NSE": "ND", "VIVTOT": 35.0, "GRAPROES": 7.29, "_ent": "31", "_mun": "098", "_loc": "0001"}, "geometry": {"type": "Polygon", "coordinates": [[[-89.04838, 20.07047], [-89.04807, 20.07196], [-89.04701, 20.07191], [-89.04704, 20.0712], [-89.04738, 20.07002], [-89.04838, 20.07047]]]}}, {"id": "2458700", "type": "Feature", "properties": {"id": "2458700", "CVEGEO": "3109800010251036", "POBTOT": 1.0, "score_nse": 0.0, "NSE": "ND", "VIVTOT": 2.0, "GRAPROES": 0.0, "_ent": "31", "_mun": "098", "_loc": "0001"}, "geometry": {"type": "Polygon", "coordinates": [[[-89.04129, 20.06691], [-89.04034, 20.06667], [-89.04061, 20.06578], [-89.04157, 20.06603], [-89.04129, 20.06691]]]}}, {"id": "2458701", "type": "Feature", "properties": {"id": "2458701", "CVEGEO": "3109800010105026", "POBTOT": 44.0, "score_nse": 0.0, "NSE": "ND", "VIVTOT": 13.0, "GRAPROES": 10.41, "_ent": "31", "_mun": "098", "_loc": "0001"}, "geometry": {"type": "Polygon", "coordinates": [[[-89.05085, 20.07338], [-89.05073, 20.07427], [-89.04993, 20.07415], [-89.05002, 20.07324], [-89.05085, 20.07338]]]}}, {"id": "2458702", "type": "Feature", "properties": {"id": "2458702", "CVEGEO": "3109800110139001", "POBTOT": 0.0, "score_nse": 0.0, "NSE": null, "VIVTOT": 0.0, "GRAPROES": 0.0, "_ent": "31", "_mun": "098", "_loc": "0011"}, "geometry": {"type": "Polygon", "coordinates": [[[-89.04631, 20.09014], [-89.04676, 20.08907], [-89.04775, 20.08928], [-89.04732, 20.09035], [-89.04631, 20.09014]]]}}, {"id": "2458703", "type": "Feature", "properties": {"id": "2458703", "CVEGEO": "3109800010213026", "POBTOT": 58.0, "score_nse": 0.0, "NSE": "ND", "VIVTOT": 11.0, "GRAPROES": 7.66, "_ent": "31", "_mun": "098", "_loc": "0001"}, "geometry": {"type": "Polygon", "coordinates": [[[-89.05446, 20.0781], [-89.05682, 20.07863], [-89.05682, 20.0792], [-89.05424, 20.07893], [-89.05446, 20.0781]]]}}, {"id": "2458704", "type": "Feature", "properties": {"id": "2458704", "CVEGEO": "3109800010266007", "POBTOT": 65.0, "score_nse": 0.0, "NSE": "ND", "VIVTOT": 22.0, "GRAPROES": 6.55, "_ent": "31", "_mun": "098", "_loc": "0001"}, "geometry": {"type": "Polygon", "coordinates": [[[-89.05349, 20.06956], [-89.05446, 20.06966], [-89.05413, 20.07071], [-89.05337, 20.07054], [-89.05349, 20.06956]]]}}, {"id": "2458705", "type": "Feature", "properties": {"id": "2458705", "CVEGEO": "3109800010247024", "POBTOT": 85.0, "score_nse": 51.4503, "NSE": "C-", "VIVTOT": 23.0, "GRAPROES": 9.38, "_ent": "31", "_mun": "098", "_loc": "0001"}, "geometry": {"type": "Polygon", "coordinates": [[[-89.04923, 20.07113], [-89.04912, 20.07203], [-89.04813, 20.07196], [-89.04842, 20.07049], [-89.04923, 20.07113]]]}}, {"id": "2458706", "type": "Feature", "properties": {"id": "2458706", "CVEGEO": "3109800010213002", "POBTOT": 38.0, "score_nse": 0.0, "NSE": "ND", "VIVTOT": 12.0, "GRAPROES": 8.11, "_ent": "31", "_mun": "098", "_loc": "0001"}, "geometry": {"type": "Polygon", "coordinates": [[[-89.05176, 20.08068], [-89.05165, 20.08166], [-89.05082, 20.08156], [-89.05093, 20.08059], [-89.05176, 20.08068]]]}}, {"id": "2458707", "type": "Feature", "properties": {"id": "2458707", "CVEGEO": "3109800010266032", "POBTOT": 22.0, "score_nse": 0.0, "NSE": "ND", "VIVTOT": 12.0, "GRAPROES": 9.0, "_ent": "31", "_mun": "098", "_loc": "0001"}, "geometry": {"type": "Polygon", "coordinates": [[[-89.05176, 20.06778], [-89.05165, 20.06829], [-89.05067, 20.06822], [-89.05074, 20.06771], [-89.05176, 20.06778]]]}}, {"id": "2458708", "type": "Feature", "properties": {"id": "2458708", "CVEGEO": "3109800450181004", "POBTOT": 0.0, "score_nse": 0.0, "NSE": null, "VIVTOT": 0.0, "GRAPROES": 0.0, "_ent": "31", "_mun": "098", "_loc": "0045"}, "geometry": {"type": "Polygon", "coordinates": [[[-89.10355, 19.79638], [-89.10589, 19.79641], [-89.10569, 19.79697], [-89.10325, 19.79718], [-89.10328, 19.79651], [-89.10355, 19.79638]]]}}, {"id": "2458709", "type": "Feature", "properties": {"id": "2458709", "CVEGEO": "3109800010105014", "POBTOT": 22.0, "score_nse": 0.0, "NSE": "ND", "VIVTOT": 8.0, "GRAPROES": 7.29, "_ent": "31", "_mun": "098", "_loc": "0001"}, "geometry": {"type": "Polygon", "coordinates": [[[-89.05312, 20.07141], [-89.05217, 20.07132], [-89.05223, 20.07046], [-89.05333, 20.07056], [-89.05312, 20.07141]]]}}, {"id": "2458710", "type": "Feature", "properties": {"id": "2458710", "CVEGEO": "3109800010105015", "POBTOT": 26.0, "score_nse": 0.0, "NSE": "ND", "VIVTOT": 11.0, "GRAPROES": 8.73, "_ent": "31", "_mun": "098", "_loc": "0001"}, "geometry": {"type": "Polygon", "coordinates": [[[-89.05336, 20.07056], [-89.05412, 20.07075], [-89.05395, 20.07149], [-89.05315, 20.07141], [-89.05336, 20.07056]]]}}, {"id": "2458711", "type": "Feature", "properties": {"id": "2458711", "CVEGEO": "3109800010232026", "POBTOT": 0.0, "score_nse": 0.0, "NSE": "ND", "VIVTOT": 0.0, "GRAPROES": 0.0, "_ent": "31", "_mun": "098", "_loc": "0001"}, "geometry": {"type": "Polygon", "coordinates": [[[-89.04464, 20.07901], [-89.04454, 20.07979], [-89.04362, 20.07968], [-89.04371, 20.07884], [-89.04451, 20.07891], [-89.04464, 20.07901]]]}}, {"id": "2458712", "type": "Feature", "properties": {"id": "2458712", "CVEGEO": "3109800010213015", "POBTOT": 32.0, "score_nse": 0.0, "NSE": "ND", "VIVTOT": 16.0, "GRAPROES": 8.48, "_ent": "31", "_mun": "098", "_loc": "0001"}, "geometry": {"type": "Polygon", "coordinates": [[[-89.05303, 20.07979], [-89.052, 20.07963], [-89.05212, 20.0787], [-89.05313, 20.07885], [-89.05303, 20.07979]]]}}, {"id": "2458713", "type": "Feature", "properties": {"id": "2458713", "CVEGEO": "3109800010266004", "POBTOT": 21.0, "score_nse": 0.0, "NSE": "ND", "VIVTOT": 8.0, "GRAPROES": 7.39, "_ent": "31", "_mun": "098", "_loc": "0001"}, "geometry": {"type": "Polygon", "coordinates": [[[-89.05691, 20.0689], [-89.05659, 20.06993], [-89.05575, 20.0698], [-89.05615, 20.06879], [-89.05691, 20.0689]]]}}, {"id": "2458714", "type": "Feature", "properties": {"id": "2458714", "CVEGEO": "3109800010266014", "POBTOT": 58.0, "score_nse": 41.7702, "NSE": "D+", "VIVTOT": 18.0, "GRAPROES": 7.5, "_ent": "31", "_mun": "098", "_loc": "0001"}, "geometry": {"type": "Polygon", "coordinates": [[[-89.05809, 20.07109], [-89.05785, 20.07243], [-89.056, 20.07226], [-89.05619, 20.0709], [-89.05809, 20.07109]]]}}, {"id": "2458715", "type": "Feature", "properties": {"id": "2458715", "CVEGEO": "3109800010266012", "POBTOT": 42.0, "score_nse": 35.7185, "NSE": "D+", "VIVTOT": 13.0, "GRAPROES": 8.93, "_ent": "31", "_mun": "098", "_loc": "0001"}, "geometry": {"type": "Polygon", "coordinates": [[[-89.05762, 20.07007], [-89.05791, 20.06897], [-89.05883, 20.06908], [-89.05859, 20.07018], [-89.05762, 20.07007]]]}}, {"id": "2458716", "type": "Feature", "properties": {"id": "2458716", "CVEGEO": "3109800010251024", "POBTOT": 28.0, "score_nse": 0.0, "NSE": "ND", "VIVTOT": 8.0, "GRAPROES": 6.0, "_ent": "31", "_mun": "098", "_loc": "0001"}, "geometry": {"type": "Polygon", "coordinates": [[[-89.05151, 20.06292], [-89.05134, 20.06384], [-89.05045, 20.06357], [-89.05057, 20.06269], [-89.05151, 20.06292]]]}}, {"id": "2458717", "type": "Feature", "properties": {"id": "2458717", "CVEGEO": "3109800110139009", "POBTOT": 0.0, "score_nse": 0.0, "NSE": null, "VIVTOT": 0.0, "GRAPROES": 0.0, "_ent": "31", "_mun": "098", "_loc": "0011"}, "geometry": {"type": "Polygon", "coordinates": [[[-89.04735, 20.09053], [-89.048, 20.09058], [-89.04747, 20.09294], [-89.04679, 20.09258], [-89.04735, 20.09053]]]}}, {"id": "2458718", "type": "Feature", "properties": {"id": "2458718", "CVEGEO": "3109800050158026", "POBTOT": 0.0, "score_nse": 0.0, "NSE": null, "VIVTOT": 0.0, "GRAPROES": 0.0, "_ent": "31", "_mun": "098", "_loc": "0005"}, "geometry": {"type": "Polygon", "coordinates": [[[-88.94243, 19.95422], [-88.94185, 19.95318], [-88.9454, 19.95452], [-88.94522, 19.95514], [-88.94243, 19.95422]]]}}, {"id": "2458719", "type": "Feature", "properties": {"id": "2458719", "CVEGEO": "3109800010105001", "POBTOT": 20.0, "score_nse": 55.7538, "NSE": "C", "VIVTOT": 9.0, "GRAPROES": 8.06, "_ent": "31", "_mun": "098", "_loc": "0001"}, "geometry": {"type": "Polygon", "coordinates": [[[-89.05302, 20.07233], [-89.05349, 20.07237], [-89.05454, 20.07246], [-89.05419, 20.07275], [-89.05288, 20.07321], [-89.05302, 20.07233]]]}}, {"id": "2458720", "type": "Feature", "properties": {"id": "2458720", "CVEGEO": "3109800010105047", "POBTOT": 16.0, "score_nse": 0.0, "NSE": "ND", "VIVTOT": 6.0, "GRAPROES": 8.15, "_ent": "31", "_mun": "098", "_loc": "0001"}, "geometry": {"type": "Polygon", "coordinates": [[[-89.05629, 20.0753], [-89.05569, 20.07519], [-89.05578, 20.07433], [-89.05638, 20.07475], [-89.05629, 20.0753]]]}}, {"id": "2458721", "type": "Feature", "properties": {"id": "2458721", "CVEGEO": "3109800120139012", "POBTOT": 0.0, "score_nse": 0.0, "NSE": null, "VIVTOT": 0.0, "GRAPROES": 0.0, "_ent": "31", "_mun": "098", "_loc": "0012"}, "geometry": {"type": "Polygon", "coordinates": [[[-89.0633, 20.12296], [-89.06344, 20.12216], [-89.06428, 20.12238], [-89.06421, 20.12312], [-89.0633, 20.12296]]]}}, {"id": "2458722", "type": "Feature", "properties": {"id": "2458722", "CVEGEO": "3109800080177004", "POBTOT": 0.0, "score_nse": 0.0, "NSE": null, "VIVTOT": 0.0, "GRAPROES": 0.0, "_ent": "31", "_mun": "098", "_loc": "0008"}, "geometry": {"type": "Polygon", "coordinates": [[[-89.00405, 19.81038], [-89.00416, 19.80939], [-89.00539, 19.80967], [-89.00518, 19.81063], [-89.00405, 19.81038]]]}}, {"id": "2458723", "type": "Feature", "properties": {"id": "2458723", "CVEGEO": "3109800220177011", "POBTOT": 0.0, "score_nse": 0.0, "NSE": null, "VIVTOT": 0.0, "GRAPROES": 0.0, "_ent": "31", "_mun": "098", "_loc": "0022"}, "geometry": {"type": "Polygon", "coordinates": [[[-89.04301, 19.86879], [-89.04331, 19.86805], [-89.04375, 19.86821], [-89.04344, 19.86893], [-89.04301, 19.86879]]]}}, {"id": "2458724", "type": "Feature", "properties": {"id": "2458724", "CVEGEO": "3109800010228021", "POBTOT": 54.0, "score_nse": 57.825, "NSE": "C", "VIVTOT": 16.0, "GRAPROES": 10.93, "_ent": "31", "_mun": "098", "_loc": "0001"}, "geometry": {"type": "Polygon", "coordinates": [[[-89.04887, 20.07399], [-89.04779, 20.07383], [-89.04797, 20.07289], [-89.049, 20.07306], [-89.04887, 20.07399]]]}}, {"id": "2458725", "type": "Feature", "properties": {"id": "2458725", "CVEGEO": "3109800010266006", "POBTOT": 43.0, "score_nse": 0.0, "NSE": "ND", "VIVTOT": 12.0, "GRAPROES": 7.19, "_ent": "31", "_mun": "098", "_loc": "0001"}, "geometry": {"type": "Polygon", "coordinates": [[[-89.05661, 20.06997], [-89.05755, 20.07015], [-89.05734, 20.07096], [-89.05639, 20.07087], [-89.05661, 20.06997]]]}}, {"id": "2458726", "type": "Feature", "properties": {"id": "2458726", "CVEGEO": "3109800010232010", "POBTOT": 31.0, "score_nse": 0.0, "NSE": "ND", "VIVTOT": 13.0, "GRAPROES": 6.0, "_ent": "31", "_mun": "098", "_loc": "0001"}, "geometry": {"type": "Polygon", "coordinates": [[[-89.03938, 20.07745], [-89.03952, 20.07571], [-89.04055, 20.07527], [-89.04202, 20.07524], [-89.04188, 20.07628], [-89.04144, 20.0763], [-89.04187, 20.07633], [-89.0417, 20.07758], [-89.03938, 20.07745]]]}}, {"id": "2458727", "type": "Feature", "properties": {"id": "2458727", "CVEGEO": "3109800010270006", "POBTOT": 44.0, "score_nse": 0.0, "NSE": "ND", "VIVTOT": 11.0, "GRAPROES": 6.83, "_ent": "31", "_mun": "098", "_loc": "0001"}, "geometry": {"type": "Polygon", "coordinates": [[[-89.055, 20.06661], [-89.05408, 20.06644], [-89.05441, 20.06555], [-89.05511, 20.06568], [-89.055, 20.06661]]]}}, {"id": "2458728", "type": "Feature", "properties": {"id": "2458728", "CVEGEO": "3109800080177010", "POBTOT": 0.0, "score_nse": 0.0, "NSE": null, "VIVTOT": 0.0, "GRAPROES": 0.0, "_ent": "31", "_mun": "098", "_loc": "0008"}, "geometry": {"type": "Polygon", "coordinates": [[[-89.00567, 19.80893], [-89.00541, 19.8096], [-89.00418, 19.80932], [-89.00436, 19.80842], [-89.00487, 19.80853], [-89.00543, 19.80759], [-89.00656, 19.80832], [-89.00617, 19.80855], [-89.00598, 19.80828], [-89.00612, 19.80859], [-89.00567, 19.80893]]]}}, {"id": "2458729", "type": "Feature", "properties": {"id": "2458729", "CVEGEO": "3109800010105028", "POBTOT": 14.0, "score_nse": 0.0, "NSE": "ND", "VIVTOT": 8.0, "GRAPROES": 7.46, "_ent": "31", "_mun": "098", "_loc": "0001"}, "geometry": {"type": "Polygon", "coordinates": [[[-89.05111, 20.07129], [-89.05102, 20.07213], [-89.05021, 20.07208], [-89.05026, 20.07172], [-89.05055, 20.07169], [-89.05062, 20.07126], [-89.05111, 20.07129]]]}}, {"id": "2458730", "type": "Feature", "properties": {"id": "2458730", "CVEGEO": "3109800010213004", "POBTOT": 50.0, "score_nse": 0.0, "NSE": "ND", "VIVTOT": 20.0, "GRAPROES": 7.4, "_ent": "31", "_mun": "098", "_loc": "0001"}, "geometry": {"type": "Polygon", "coordinates": [[[-89.05202, 20.07968], [-89.05302, 20.07983], [-89.05286, 20.08076], [-89.05182, 20.08064], [-89.05202, 20.07968]]]}}, {"id": "2458731", "type": "Feature", "properties": {"id": "2458731", "CVEGEO": "3109800010105032", "POBTOT": 84.0, "score_nse": 0.0, "NSE": "ND", "VIVTOT": 27.0, "GRAPROES": 8.96, "_ent": "31", "_mun": "098", "_loc": "0001"}, "geometry": {"type": "Polygon", "coordinates": [[[-89.0578, 20.07348], [-89.05591, 20.07327], [-89.05598, 20.07235], [-89.05785, 20.07251], [-89.0578, 20.07348]]]}}, {"id": "2458732", "type": "Feature", "properties": {"id": "2458732", "CVEGEO": "3109800010270012", "POBTOT": 45.0, "score_nse": 0.0, "NSE": "ND", "VIVTOT": 13.0, "GRAPROES": 8.53, "_ent": "31", "_mun": "098", "_loc": "0001"}, "geometry": {"type": "Polygon", "coordinates": [[[-89.05489, 20.06744], [-89.05378, 20.06728], [-89.05407, 20.06646], [-89.055, 20.06664], [-89.05489, 20.06744]]]}}, {"id": "2458733", "type": "Feature", "properties": {"id": "2458733", "CVEGEO": "3109800080177014", "POBTOT": 0.0, "score_nse": 0.0, "NSE": null, "VIVTOT": 0.0, "GRAPROES": 0.0, "_ent": "31", "_mun": "098", "_loc": "0008"}, "geometry": {"type": "Polygon", "coordinates": [[[-89.00199, 19.81143], [-89.00206, 19.81113], [-89.00145, 19.811], [-89.00166, 19.80991], [-89.00221, 19.81003], [-89.002, 19.81097], [-89.00253, 19.81109], [-89.00228, 19.81135], [-89.00199, 19.81143]]]}}, {"id": "2458734", "type": "Feature", "properties": {"id": "2458734", "CVEGEO": "3109800010105027", "POBTOT": 26.0, "score_nse": 0.0, "NSE": "ND", "VIVTOT": 10.0, "GRAPROES": 9.81, "_ent": "31", "_mun": "098", "_loc": "0001"}, "geometry": {"type": "Polygon", "coordinates": [[[-89.05014, 20.07212], [-89.05104, 20.07218], [-89.05085, 20.07333], [-89.05002, 20.07319], [-89.05014, 20.07212]]]}}, {"id": "2458735", "type": "Feature", "properties": {"id": "2458735", "CVEGEO": "3109800450181005", "POBTOT": 0.0, "score_nse": 0.0, "NSE": null, "VIVTOT": 0.0, "GRAPROES": 0.0, "_ent": "31", "_mun": "098", "_loc": "0045"}, "geometry": {"type": "Polygon", "coordinates": [[[-89.10593, 19.79688], [-89.10615, 19.79553], [-89.10672, 19.79559], [-89.10638, 19.79722], [-89.10593, 19.79688]]]}}, {"id": "2458736", "type": "Feature", "properties": {"id": "2458736", "CVEGEO": "3109800010270001", "POBTOT": 0.0, "score_nse": 0.0, "NSE": "ND", "VIVTOT": 0.0, "GRAPROES": 0.0, "_ent": "31", "_mun": "098", "_loc": "0001"}, "geometry": {"type": "Polygon", "coordinates": [[[-89.0547, 20.06473], [-89.05519, 20.0647], [-89.05508, 20.06564], [-89.05442, 20.06548], [-89.0547, 20.06473]]]}}, {"id": "2458737", "type": "Feature", "properties": {"id": "2458737", "CVEGEO": "3109800010232031", "POBTOT": 28.0, "score_nse": 0.0, "NSE": "ND", "VIVTOT": 16.0, "GRAPROES": 5.59, "_ent": "31", "_mun": "098", "_loc": "0001"}, "geometry": {"type": "Polygon", "coordinates": [[[-89.04457, 20.07986], [-89.04425, 20.08243], [-89.04201, 20.08218], [-89.04246, 20.08089], [-89.04261, 20.07968], [-89.04355, 20.07976], [-89.04349, 20.08043], [-89.04363, 20.07976], [-89.04457, 20.07986]]]}}, {"id": "2458738", "type": "Feature", "properties": {"id": "2458738", "CVEGEO": "3109800010105034", "POBTOT": 11.0, "score_nse": 0.0, "NSE": "ND", "VIVTOT": 5.0, "GRAPROES": 10.6, "_ent": "31", "_mun": "098", "_loc": "0001"}, "geometry": {"type": "Polygon", "coordinates": [[[-89.05653, 20.07442], [-89.05788, 20.07465], [-89.05745, 20.0753], [-89.05648, 20.07462], [-89.05653, 20.07442]]]}}, {"id": "2458739", "type": "Feature", "properties": {"id": "2458739", "CVEGEO": "3109800010266034", "POBTOT": 32.0, "score_nse": 0.0, "NSE": "ND", "VIVTOT": 12.0, "GRAPROES": 7.53, "_ent": "31", "_mun": "098", "_loc": "0001"}, "geometry": {"type": "Polygon", "coordinates": [[[-89.05926, 20.07116], [-89.05837, 20.07107], [-89.05845, 20.0706], [-89.0583, 20.07106], [-89.05738, 20.07097], [-89.05762, 20.07013], [-89.05947, 20.07031], [-89.05926, 20.07116]]]}}, {"id": "2458740", "type": "Feature", "properties": {"id": "2458740", "CVEGEO": "3109800010232019", "POBTOT": 50.0, "score_nse": 0.0, "NSE": "ND", "VIVTOT": 15.0, "GRAPROES": 7.0, "_ent": "31", "_mun": "098", "_loc": "0001"}, "geometry": {"type": "Polygon", "coordinates": [[[-89.04376, 20.07786], [-89.04365, 20.07876], [-89.0427, 20.07869], [-89.04282, 20.07776], [-89.04376, 20.07786]]]}}, {"id": "2458741", "type": "Feature", "properties": {"id": "2458741", "CVEGEO": "3109800010251003", "POBTOT": 27.0, "score_nse": 41.5015, "NSE": "D+", "VIVTOT": 11.0, "GRAPROES": 7.25, "_ent": "31", "_mun": "098", "_loc": "0001"}, "geometry": {"type": "Polygon", "coordinates": [[[-89.04769, 20.0643], [-89.04752, 20.06526], [-89.04683, 20.0652], [-89.04647, 20.06432], [-89.04769, 20.0643]]]}}, {"id": "2458742", "type": "Feature", "properties": {"id": "2458742", "CVEGEO": "3109800120139016", "POBTOT": 0.0, "score_nse": 0.0, "NSE": null, "VIVTOT": 0.0, "GRAPROES": 0.0, "_ent": "31", "_mun": "098", "_loc": "0012"}, "geometry": {"type": "Polygon", "coordinates": [[[-89.06645, 20.12209], [-89.06741, 20.12227], [-89.06713, 20.12312], [-89.06622, 20.12286], [-89.06645, 20.12209]]]}}, {"id": "2458743", "type": "Feature", "properties": {"id": "2458743", "CVEGEO": "3109800010228011", "POBTOT": 108.0, "score_nse": 45.1984, "NSE": "C-", "VIVTOT": 41.0, "GRAPROES": 8.92, "_ent": "31", "_mun": "098", "_loc": "0001"}, "geometry": {"type": "Polygon", "coordinates": [[[-89.04872, 20.07514], [-89.04856, 20.07634], [-89.04741, 20.07604], [-89.0476, 20.07495], [-89.04872, 20.07514]]]}}, {"id": "2458744", "type": "Feature", "properties": {"id": "2458744", "CVEGEO": "3109800010251016", "POBTOT": 38.0, "score_nse": 0.0, "NSE": "ND", "VIVTOT": 14.0, "GRAPROES": 8.12, "_ent": "31", "_mun": "098", "_loc": "0001"}, "geometry": {"type": "Polygon", "coordinates": [[[-89.05097, 20.0659], [-89.05081, 20.06684], [-89.04964, 20.06665], [-89.04991, 20.06572], [-89.05097, 20.0659]]]}}, {"id": "2458745", "type": "Feature", "properties": {"id": "2458745", "CVEGEO": "3109800010251047", "POBTOT": 12.0, "score_nse": 29.62, "NSE": "D", "VIVTOT": 4.0, "GRAPROES": 6.86, "_ent": "31", "_mun": "098", "_loc": "0001"}, "geometry": {"type": "Polygon", "coordinates": [[[-89.04059, 20.0657], [-89.03968, 20.06545], [-89.03991, 20.06472], [-89.04088, 20.06494], [-89.04059, 20.0657]]]}}, {"id": "2458746", "type": "Feature", "properties": {"id": "2458746", "CVEGEO": "3109800080177008", "POBTOT": 0.0, "score_nse": 0.0, "NSE": null, "VIVTOT": 0.0, "GRAPROES": 0.0, "_ent": "31", "_mun": "098", "_loc": "0008"}, "geometry": {"type": "Polygon", "coordinates": [[[-89.00214, 19.81147], [-89.00262, 19.81111], [-89.00393, 19.81141], [-89.00345, 19.81321], [-89.00299, 19.81317], [-89.00338, 19.81172], [-89.00214, 19.81147]]]}}, {"id": "2458747", "type": "Feature", "properties": {"id": "2458747", "CVEGEO": "3109800430181005", "POBTOT": 0.0, "score_nse": 0.0, "NSE": null, "VIVTOT": 0.0, "GRAPROES": 0.0, "_ent": "31", "_mun": "098", "_loc": "0043"}, "geometry": {"type": "Polygon", "coordinates": [[[-89.05291, 19.78745], [-89.05284, 19.78659], [-89.05371, 19.78658], [-89.05375, 19.78759], [-89.05291, 19.78745]]]}}, {"id": "2458748", "type": "Feature", "properties": {"id": "2458748", "CVEGEO": "3109800010105029", "POBTOT": 0.0, "score_nse": 0.0, "NSE": "ND", "VIVTOT": 0.0, "GRAPROES": 0.0, "_ent": "31", "_mun": "098", "_loc": "0001"}, "geometry": {"type": "Polygon", "coordinates": [[[-89.05048, 20.07164], [-89.05024, 20.07161], [-89.0503, 20.07128], [-89.05054, 20.0713], [-89.05048, 20.07164]]]}}, {"id": "2458749", "type": "Feature", "properties": {"id": "2458749", "CVEGEO": "3109800010228009", "POBTOT": 14.0, "score_nse": 0.0, "NSE": "ND", "VIVTOT": 5.0, "GRAPROES": 9.38, "_ent": "31", "_mun": "098", "_loc": "0001"}, "geometry": {"type": "Polygon", "coordinates": [[[-89.04651, 20.07475], [-89.04634, 20.07541], [-89.04631, 20.07542], [-89.04593, 20.07494], [-89.04598, 20.07465], [-89.04651, 20.07475]]]}}, {"id": "2458750", "type": "Feature", "properties": {"id": "2458750", "CVEGEO": "3109800010213013", "POBTOT": 49.0, "score_nse": 44.802, "NSE": "C-", "VIVTOT": 24.0, "GRAPROES": 9.18, "_ent": "31", "_mun": "098", "_loc": "0001"}, "geometry": {"type": "Polygon", "coordinates": [[[-89.05114, 20.07861], [-89.05103, 20.07955], [-89.04927, 20.07942], [-89.04941, 20.07847], [-89.05114, 20.07861]]]}}, {"id": "2458751", "type": "Feature", "properties": {"id": "2458751", "CVEGEO": "3109800100139003", "POBTOT": 0.0, "score_nse": 0.0, "NSE": null, "VIVTOT": 0.0, "GRAPROES": 0.0, "_ent": "31", "_mun": "098", "_loc": "0010"}, "geometry": {"type": "Polygon", "coordinates": [[[-89.05608, 20.11879], [-89.05613, 20.11857], [-89.0552, 20.11801], [-89.05552, 20.11765], [-89.05675, 20.11849], [-89.05636, 20.11888], [-89.05608, 20.11879]]]}}, {"id": "2458752", "type": "Feature", "properties": {"id": "2458752", "CVEGEO": "3109800240177012", "POBTOT": 0.0, "score_nse": 0.0, "NSE": null, "VIVTOT": 0.0, "GRAPROES": 0.0, "_ent": "31", "_mun": "098", "_loc": "0024"}, "geometry": {"type": "Polygon", "coordinates": [[[-89.10242, 19.84141], [-89.10316, 19.84122], [-89.1034, 19.84197], [-89.10265, 19.84212], [-89.10242, 19.84141]]]}}, {"id": "2458753", "type": "Feature", "properties": {"id": "2458753", "CVEGEO": "3109800050158004", "POBTOT": 0.0, "score_nse": 0.0, "NSE": null, "VIVTOT": 0.0, "GRAPROES": 0.0, "_ent": "31", "_mun": "098", "_loc": "0005"}, "geometry": {"type": "Polygon", "coordinates": [[[-88.95136, 19.95717], [-88.95099, 19.95811], [-88.94964, 19.95771], [-88.95001, 19.95675], [-88.95136, 19.95717]]]}}, {"id": "2458754", "type": "Feature", "properties": {"id": "2458754", "CVEGEO": "3109800010213018", "POBTOT": 19.0, "score_nse": 0.0, "NSE": "ND", "VIVTOT": 10.0, "GRAPROES": 6.44, "_ent": "31", "_mun": "098", "_loc": "0001"}, "geometry": {"type": "Polygon", "coordinates": [[[-89.05162, 20.08349], [-89.05165, 20.08267], [-89.05258, 20.08281], [-89.05249, 20.08352], [-89.05162, 20.08349]]]}}, {"id": "2458755", "type": "Feature", "properties": {"id": "2458755", "CVEGEO": "3109800010213011", "POBTOT": 43.0, "score_nse": 46.512, "NSE": "C-", "VIVTOT": 18.0, "GRAPROES": 7.62, "_ent": "31", "_mun": "098", "_loc": "0001"}, "geometry": {"type": "Polygon", "coordinates": [[[-89.05078, 20.08155], [-89.04898, 20.08132], [-89.04912, 20.08039], [-89.05088, 20.08059], [-89.05078, 20.08155]]]}}, {"id": "2458756", "type": "Feature", "properties": {"id": "2458756", "CVEGEO": "3109800010105023", "POBTOT": 94.0, "score_nse": 0.0, "NSE": "ND", "VIVTOT": 34.0, "GRAPROES": 6.81, "_ent": "31", "_mun": "098", "_loc": "0001"}, "geometry": {"type": "Polygon", "coordinates": [[[-89.05259, 20.07612], [-89.05163, 20.07596], [-89.05185, 20.07446], [-89.05285, 20.07466], [-89.05259, 20.07612]]]}}, {"id": "2458757", "type": "Feature", "properties": {"id": "2458757", "CVEGEO": "3109800010213006", "POBTOT": 34.0, "score_nse": 0.0, "NSE": "ND", "VIVTOT": 11.0, "GRAPROES": 6.59, "_ent": "31", "_mun": "098", "_loc": "0001"}, "geometry": {"type": "Polygon", "coordinates": [[[-89.05289, 20.0808], [-89.0539, 20.08102], [-89.05366, 20.08202], [-89.05272, 20.08188], [-89.05289, 20.0808]]]}}, {"id": "2458758", "type": "Feature", "properties": {"id": "2458758", "CVEGEO": "3109800010251004", "POBTOT": 64.0, "score_nse": 36.99, "NSE": "D+", "VIVTOT": 20.0, "GRAPROES": 8.12, "_ent": "31", "_mun": "098", "_loc": "0001"}, "geometry": {"type": "Polygon", "coordinates": [[[-89.04775, 20.06432], [-89.04892, 20.06461], [-89.04888, 20.06554], [-89.04762, 20.06526], [-89.04775, 20.06432]]]}}, {"id": "2458759", "type": "Feature", "properties": {"id": "2458759", "CVEGEO": "3109800010228019", "POBTOT": 31.0, "score_nse": 0.0, "NSE": "ND", "VIVTOT": 8.0, "GRAPROES": 9.42, "_ent": "31", "_mun": "098", "_loc": "0001"}, "geometry": {"type": "Polygon", "coordinates": [[[-89.04622, 20.07262], [-89.04697, 20.07273], [-89.04677, 20.07364], [-89.04614, 20.07356], [-89.04622, 20.07262]]]}}, {"id": "2458760", "type": "Feature", "properties": {"id": "2458760", "CVEGEO": "3109800010251011", "POBTOT": 52.0, "score_nse": 0.0, "NSE": "ND", "VIVTOT": 14.0, "GRAPROES": 8.18, "_ent": "31", "_mun": "098", "_loc": "0001"}, "geometry": {"type": "Polygon", "coordinates": [[[-89.04789, 20.06335], [-89.04899, 20.06355], [-89.04892, 20.06455], [-89.04775, 20.06428], [-89.04789, 20.06335]]]}}, {"id": "2458761", "type": "Feature", "properties": {"id": "2458761", "CVEGEO": "3109800010251034", "POBTOT": 29.0, "score_nse": 0.0, "NSE": "ND", "VIVTOT": 8.0, "GRAPROES": 8.83, "_ent": "31", "_mun": "098", "_loc": "0001"}, "geometry": {"type": "Polygon", "coordinates": [[[-89.05062, 20.06141], [-89.05053, 20.06264], [-89.04924, 20.06235], [-89.04938, 20.06129], [-89.05062, 20.06141]]]}}, {"id": "2458762", "type": "Feature", "properties": {"id": "2458762", "CVEGEO": "3109800010247013", "POBTOT": 24.0, "score_nse": 0.0, "NSE": "ND", "VIVTOT": 12.0, "GRAPROES": 8.3, "_ent": "31", "_mun": "098", "_loc": "0001"}, "geometry": {"type": "Polygon", "coordinates": [[[-89.04332, 20.07179], [-89.04086, 20.07174], [-89.03905, 20.072], [-89.04218, 20.0703], [-89.04332, 20.07179]]]}}, {"id": "2458763", "type": "Feature", "properties": {"id": "2458763", "CVEGEO": "3109800010232018", "POBTOT": 51.0, "score_nse": 0.0, "NSE": "ND", "VIVTOT": 19.0, "GRAPROES": 8.1, "_ent": "31", "_mun": "098", "_loc": "0001"}, "geometry": {"type": "Polygon", "coordinates": [[[-89.04469, 20.07888], [-89.04372, 20.07878], [-89.04382, 20.07786], [-89.0448, 20.07796], [-89.04469, 20.07888]]]}}, {"id": "2458764", "type": "Feature", "properties": {"id": "2458764", "CVEGEO": "3109800010228007", "POBTOT": 41.0, "score_nse": 0.0, "NSE": "ND", "VIVTOT": 15.0, "GRAPROES": 7.83, "_ent": "31", "_mun": "098", "_loc": "0001"}, "geometry": {"type": "Polygon", "coordinates": [[[-89.04833, 20.07771], [-89.04819, 20.07851], [-89.04719, 20.0784], [-89.04733, 20.07762], [-89.04833, 20.07771]]]}}, {"id": "2458765", "type": "Feature", "properties": {"id": "2458765", "CVEGEO": "3109800010270016", "POBTOT": 55.0, "score_nse": 0.0, "NSE": "ND", "VIVTOT": 16.0, "GRAPROES": 8.69, "_ent": "31", "_mun": "098", "_loc": "0001"}, "geometry": {"type": "Polygon", "coordinates": [[[-89.05102, 20.06587], [-89.05119, 20.0649], [-89.05227, 20.06521], [-89.0521, 20.06608], [-89.05102, 20.06587]]]}}, {"id": "2458766", "type": "Feature", "properties": {"id": "2458766", "CVEGEO": "3109800010213035", "POBTOT": 125.0, "score_nse": 0.0, "NSE": "ND", "VIVTOT": 32.0, "GRAPROES": 8.66, "_ent": "31", "_mun": "098", "_loc": "0001"}, "geometry": {"type": "Polygon", "coordinates": [[[-89.05357, 20.07637], [-89.05492, 20.07659], [-89.05457, 20.07795], [-89.05311, 20.07762], [-89.05357, 20.07637]]]}}, {"id": "2458767", "type": "Feature", "properties": {"id": "2458767", "CVEGEO": "3109800050158006", "POBTOT": 0.0, "score_nse": 0.0, "NSE": null, "VIVTOT": 0.0, "GRAPROES": 0.0, "_ent": "31", "_mun": "098", "_loc": "0005"}, "geometry": {"type": "Polygon", "coordinates": [[[-88.94863, 19.95874], [-88.94902, 19.95761], [-88.94952, 19.95776], [-88.94909, 19.95889], [-88.94863, 19.95874]]]}}, {"id": "2458768", "type": "Feature", "properties": {"id": "2458768", "CVEGEO": "3109800010105009", "POBTOT": 25.0, "score_nse": 0.0, "NSE": "ND", "VIVTOT": 11.0, "GRAPROES": 7.37, "_ent": "31", "_mun": "098", "_loc": "0001"}, "geometry": {"type": "Polygon", "coordinates": [[[-89.0518, 20.0744], [-89.05086, 20.07428], [-89.05097, 20.07386], [-89.0519, 20.07353], [-89.0518, 20.0744]]]}}, {"id": "2458769", "type": "Feature", "properties": {"id": "2458769", "CVEGEO": "3109800010105013", "POBTOT": 35.0, "score_nse": 0.0, "NSE": "ND", "VIVTOT": 12.0, "GRAPROES": 10.46, "_ent": "31", "_mun": "098", "_loc": "0001"}, "geometry": {"type": "Polygon", "coordinates": [[[-89.05125, 20.07124], [-89.05137, 20.07036], [-89.05218, 20.07045], [-89.05212, 20.07131], [-89.05125, 20.07124]]]}}, {"id": "2458770", "type": "Feature", "properties": {"id": "2458770", "CVEGEO": "3109800010266027", "POBTOT": 44.0, "score_nse": 0.0, "NSE": "ND", "VIVTOT": 9.0, "GRAPROES": 8.73, "_ent": "31", "_mun": "098", "_loc": "0001"}, "geometry": {"type": "Polygon", "coordinates": [[[-89.0515, 20.06929], [-89.05167, 20.06834], [-89.05238, 20.06844], [-89.05228, 20.06936], [-89.0515, 20.06929]]]}}, {"id": "2458771", "type": "Feature", "properties": {"id": "2458771", "CVEGEO": "3109800240177003", "POBTOT": 0.0, "score_nse": 0.0, "NSE": null, "VIVTOT": 0.0, "GRAPROES": 0.0, "_ent": "31", "_mun": "098", "_loc": "0024"}, "geometry": {"type": "Polygon", "coordinates": [[[-89.10631, 19.84134], [-89.10713, 19.84117], [-89.10728, 19.84191], [-89.1065, 19.84206], [-89.10631, 19.84134]]]}}, {"id": "2458772", "type": "Feature", "properties": {"id": "2458772", "CVEGEO": "3109800120139015", "POBTOT": 0.0, "score_nse": 0.0, "NSE": null, "VIVTOT": 0.0, "GRAPROES": 0.0, "_ent": "31", "_mun": "098", "_loc": "0012"}, "geometry": {"type": "Polygon", "coordinates": [[[-89.06529, 20.12258], [-89.06539, 20.12183], [-89.06637, 20.12208], [-89.06614, 20.12284], [-89.06529, 20.12258]]]}}, {"id": "2458773", "type": "Feature", "properties": {"id": "2458773", "CVEGEO": "3109800120139013", "POBTOT": 0.0, "score_nse": 0.0, "NSE": null, "VIVTOT": 0.0, "GRAPROES": 0.0, "_ent": "31", "_mun": "098", "_loc": "0012"}, "geometry": {"type": "Polygon", "coordinates": [[[-89.06429, 20.12231], [-89.06345, 20.12208], [-89.06365, 20.12121], [-89.0644, 20.12151], [-89.06429, 20.12231]]]}}, {"id": "2458774", "type": "Feature", "properties": {"id": "2458774", "CVEGEO": "3109800010270007", "POBTOT": 59.0, "score_nse": 0.0, "NSE": "ND", "VIVTOT": 15.0, "GRAPROES": 7.43, "_ent": "31", "_mun": "098", "_loc": "0001"}, "geometry": {"type": "Polygon", "coordinates": [[[-89.05437, 20.06554], [-89.05404, 20.06643], [-89.0531, 20.06628], [-89.05341, 20.06536], [-89.05437, 20.06554]]]}}, {"id": "2458775", "type": "Feature", "properties": {"id": "2458775", "CVEGEO": "3109800010232001", "POBTOT": 36.0, "score_nse": 0.0, "NSE": "ND", "VIVTOT": 8.0, "GRAPROES": 8.63, "_ent": "31", "_mun": "098", "_loc": "0001"}, "geometry": {"type": "Polygon", "coordinates": [[[-89.0431, 20.07544], [-89.04404, 20.07566], [-89.04393, 20.07657], [-89.04297, 20.07635], [-89.0431, 20.07544]]]}}, {"id": "2458776", "type": "Feature", "properties": {"id": "2458776", "CVEGEO": "3109800010228026", "POBTOT": 49.0, "score_nse": 45.8689, "NSE": "C-", "VIVTOT": 18.0, "GRAPROES": 9.38, "_ent": "31", "_mun": "098", "_loc": "0001"}, "geometry": {"type": "Polygon", "coordinates": [[[-89.04912, 20.07206], [-89.04901, 20.07302], [-89.04798, 20.07284], [-89.04813, 20.07199], [-89.04912, 20.07206]]]}}, {"id": "2458777", "type": "Feature", "properties": {"id": "2458777", "CVEGEO": "3109800110139004", "POBTOT": 0.0, "score_nse": 0.0, "NSE": null, "VIVTOT": 0.0, "GRAPROES": 0.0, "_ent": "31", "_mun": "098", "_loc": "0011"}, "geometry": {"type": "Polygon", "coordinates": [[[-89.04466, 20.08835], [-89.04491, 20.08749], [-89.04592, 20.08775], [-89.0456, 20.08874], [-89.04466, 20.08835]]]}}, {"id": "2458778", "type": "Feature", "properties": {"id": "2458778", "CVEGEO": "3109800010247026", "POBTOT": 8.0, "score_nse": 0.0, "NSE": "ND", "VIVTOT": 2.0, "GRAPROES": 0.0, "_ent": "31", "_mun": "098", "_loc": "0001"}, "geometry": {"type": "Polygon", "coordinates": [[[-89.04029, 20.06668], [-89.04001, 20.06727], [-89.03937, 20.06646], [-89.04029, 20.06668]]]}}, {"id": "2458779", "type": "Feature", "properties": {"id": "2458779", "CVEGEO": "3109800220177004", "POBTOT": 0.0, "score_nse": 0.0, "NSE": null, "VIVTOT": 0.0, "GRAPROES": 0.0, "_ent": "31", "_mun": "098", "_loc": "0022"}, "geometry": {"type": "Polygon", "coordinates": [[[-89.04235, 19.8705], [-89.04298, 19.86886], [-89.04341, 19.869], [-89.0428, 19.87063], [-89.04235, 19.8705]]]}}, {"id": "2458780", "type": "Feature", "properties": {"id": "2458780", "CVEGEO": "3109800050158016", "POBTOT": 0.0, "score_nse": 0.0, "NSE": null, "VIVTOT": 0.0, "GRAPROES": 0.0, "_ent": "31", "_mun": "098", "_loc": "0005"}, "geometry": {"type": "Polygon", "coordinates": [[[-88.95634, 19.96123], [-88.95062, 19.9594], [-88.95145, 19.95721], [-88.95261, 19.95758], [-88.95251, 19.95789], [-88.95269, 19.9576], [-88.95489, 19.9583], [-88.95691, 19.96086], [-88.95634, 19.96123]]]}}, {"id": "2458781", "type": "Feature", "properties": {"id": "2458781", "CVEGEO": "3109800010251050", "POBTOT": 10.0, "score_nse": 0.0, "NSE": "ND", "VIVTOT": 8.0, "GRAPROES": 4.7, "_ent": "31", "_mun": "098", "_loc": "0001"}, "geometry": {"type": "Polygon", "coordinates": [[[-89.04817, 20.06113], [-89.04769, 20.06427], [-89.04643, 20.06426], [-89.0461, 20.06349], [-89.04688, 20.06342], [-89.04734, 20.06102], [-89.04817, 20.06113]]]}}, {"id": "2458782", "type": "Feature", "properties": {"id": "2458782", "CVEGEO": "3109800010247019", "POBTOT": 22.0, "score_nse": 0.0, "NSE": "ND", "VIVTOT": 9.0, "GRAPROES": 7.61, "_ent": "31", "_mun": "098", "_loc": "0001"}, "geometry": {"type": "Polygon", "coordinates": [[[-89.04012, 20.06762], [-89.04127, 20.06911], [-89.04124, 20.06914], [-89.03942, 20.06893], [-89.04012, 20.06762]]]}}, {"id": "2458783", "type": "Feature", "properties": {"id": "2458783", "CVEGEO": "3109800010228025", "POBTOT": 19.0, "score_nse": 0.0, "NSE": "ND", "VIVTOT": 9.0, "GRAPROES": 8.46, "_ent": "31", "_mun": "098", "_loc": "0001"}, "geometry": {"type": "Polygon", "coordinates": [[[-89.04807, 20.07199], [-89.04793, 20.07283], [-89.04701, 20.07269], [-89.04701, 20.07194], [-89.04807, 20.07199]]]}}, {"id": "2458784", "type": "Feature", "properties": {"id": "2458784", "CVEGEO": "3109800010251025", "POBTOT": 48.0, "score_nse": 0.0, "NSE": "ND", "VIVTOT": 17.0, "GRAPROES": 10.86, "_ent": "31", "_mun": "098", "_loc": "0001"}, "geometry": {"type": "Polygon", "coordinates": [[[-89.05062, 20.06825], [-89.05048, 20.06919], [-89.04955, 20.06912], [-89.04966, 20.06818], [-89.05062, 20.06825]]]}}, {"id": "2458785", "type": "Feature", "properties": {"id": "2458785", "CVEGEO": "3109800010105012", "POBTOT": 45.0, "score_nse": 0.0, "NSE": "ND", "VIVTOT": 14.0, "GRAPROES": 7.37, "_ent": "31", "_mun": "098", "_loc": "0001"}, "geometry": {"type": "Polygon", "coordinates": [[[-89.05201, 20.07221], [-89.0511, 20.07214], [-89.05124, 20.07129], [-89.05212, 20.07136], [-89.05201, 20.07221]]]}}, {"id": "2458786", "type": "Feature", "properties": {"id": "2458786", "CVEGEO": "3109800250162005", "POBTOT": 0.0, "score_nse": 0.0, "NSE": null, "VIVTOT": 0.0, "GRAPROES": 0.0, "_ent": "31", "_mun": "098", "_loc": "0025"}, "geometry": {"type": "Polygon", "coordinates": [[[-88.99602, 19.89724], [-88.99696, 19.89705], [-88.99708, 19.89759], [-88.9966, 19.89768], [-88.99664, 19.89882], [-88.99611, 19.89877], [-88.99622, 19.89818], [-88.99602, 19.89724]]]}}, {"id": "2458787", "type": "Feature", "properties": {"id": "2458787", "CVEGEO": "3109800010213019", "POBTOT": 36.0, "score_nse": 0.0, "NSE": "ND", "VIVTOT": 13.0, "GRAPROES": 6.16, "_ent": "31", "_mun": "098", "_loc": "0001"}, "geometry": {"type": "Polygon", "coordinates": [[[-89.0507, 20.08257], [-89.05157, 20.08267], [-89.05155, 20.08349], [-89.05061, 20.0835], [-89.0507, 20.08257]]]}}, {"id": "2458788", "type": "Feature", "properties": {"id": "2458788", "CVEGEO": "3109800010232029", "POBTOT": 10.0, "score_nse": 0.0, "NSE": "ND", "VIVTOT": 6.0, "GRAPROES": 11.13, "_ent": "31", "_mun": "098", "_loc": "0001"}, "geometry": {"type": "Polygon", "coordinates": [[[-89.04519, 20.07193], [-89.04514, 20.07244], [-89.04389, 20.07232], [-89.04359, 20.07191], [-89.04519, 20.07193]]]}}, {"id": "2458789", "type": "Feature", "properties": {"id": "2458789", "CVEGEO": "3109800010105019", "POBTOT": 88.0, "score_nse": 36.648, "NSE": "D+", "VIVTOT": 26.0, "GRAPROES": 6.11, "_ent": "31", "_mun": "098", "_loc": "0001"}, "geometry": {"type": "Polygon", "coordinates": [[[-89.05475, 20.0725], [-89.05548, 20.07269], [-89.05572, 20.07294], [-89.05572, 20.07426], [-89.05437, 20.07389], [-89.05475, 20.0725]]]}}, {"id": "2458790", "type": "Feature", "properties": {"id": "2458790", "CVEGEO": "3109800220177008", "POBTOT": 0.0, "score_nse": 0.0, "NSE": null, "VIVTOT": 0.0, "GRAPROES": 0.0, "_ent": "31", "_mun": "098", "_loc": "0022"}, "geometry": {"type": "Polygon", "coordinates": [[[-89.03899, 19.87083], [-89.04002, 19.87106], [-89.03943, 19.87221], [-89.03709, 19.87129], [-89.03757, 19.87022], [-89.03899, 19.87083]]]}}, {"id": "2458791", "type": "Feature", "properties": {"id": "2458791", "CVEGEO": "3109800240177014", "POBTOT": 0.0, "score_nse": 0.0, "NSE": null, "VIVTOT": 0.0, "GRAPROES": 0.0, "_ent": "31", "_mun": "098", "_loc": "0024"}, "geometry": {"type": "Polygon", "coordinates": [[[-89.10717, 19.84116], [-89.10745, 19.84111], [-89.10752, 19.84144], [-89.10802, 19.84135], [-89.10806, 19.84157], [-89.10733, 19.8419], [-89.10717, 19.84116]]]}}, {"id": "2458792", "type": "Feature", "properties": {"id": "2458792", "CVEGEO": "3109800010213007", "POBTOT": 41.0, "score_nse": 0.0, "NSE": "ND", "VIVTOT": 13.0, "GRAPROES": 6.9, "_ent": "31", "_mun": "098", "_loc": "0001"}, "geometry": {"type": "Polygon", "coordinates": [[[-89.05271, 20.08191], [-89.05365, 20.08205], [-89.05354, 20.08292], [-89.05263, 20.08278], [-89.05271, 20.08191]]]}}, {"id": "2458793", "type": "Feature", "properties": {"id": "2458793", "CVEGEO": "3109800010232007", "POBTOT": 38.0, "score_nse": 0.0, "NSE": "ND", "VIVTOT": 13.0, "GRAPROES": 6.84, "_ent": "31", "_mun": "098", "_loc": "0001"}, "geometry": {"type": "Polygon", "coordinates": [[[-89.0448, 20.07793], [-89.04383, 20.07783], [-89.04397, 20.07662], [-89.04491, 20.07684], [-89.0448, 20.07793]]]}}, {"id": "2458794", "type": "Feature", "properties": {"id": "2458794", "CVEGEO": "3109800050158007", "POBTOT": 0.0, "score_nse": 0.0, "NSE": null, "VIVTOT": 0.0, "GRAPROES": 0.0, "_ent": "31", "_mun": "098", "_loc": "0005"}, "geometry": {"type": "Polygon", "coordinates": [[[-88.9479, 19.95848], [-88.94828, 19.9574], [-88.94893, 19.95759], [-88.94854, 19.95871], [-88.9479, 19.95848]]]}}, {"id": "2458795", "type": "Feature", "properties": {"id": "2458795", "CVEGEO": "3109800010105011", "POBTOT": 28.0, "score_nse": 0.0, "NSE": "ND", "VIVTOT": 9.0, "GRAPROES": 9.53, "_ent": "31", "_mun": "098", "_loc": "0001"}, "geometry": {"type": "Polygon", "coordinates": [[[-89.05109, 20.07219], [-89.052, 20.07225], [-89.05191, 20.07347], [-89.0509, 20.07334], [-89.05109, 20.07219]]]}}, {"id": "2458796", "type": "Feature", "properties": {"id": "2458796", "CVEGEO": "3109800120139002", "POBTOT": 0.0, "score_nse": 0.0, "NSE": null, "VIVTOT": 0.0, "GRAPROES": 0.0, "_ent": "31", "_mun": "098", "_loc": "0012"}, "geometry": {"type": "Polygon", "coordinates": [[[-89.06515, 20.12333], [-89.06503, 20.12439], [-89.06414, 20.12416], [-89.06428, 20.12316], [-89.06515, 20.12333]]]}}, {"id": "2458797", "type": "Feature", "properties": {"id": "2458797", "CVEGEO": "3109800010247031", "POBTOT": 0.0, "score_nse": 0.0, "NSE": "ND", "VIVTOT": 0.0, "GRAPROES": 0.0, "_ent": "31", "_mun": "098", "_loc": "0001"}, "geometry": {"type": "Polygon", "coordinates": [[[-89.05009, 20.07197], [-89.04917, 20.07198], [-89.04928, 20.07113], [-89.05014, 20.07124], [-89.05009, 20.07197]]]}}, {"id": "2458798", "type": "Feature", "properties": {"id": "2458798", "CVEGEO": "3109800010247029", "POBTOT": 51.0, "score_nse": 51.332, "NSE": "C-", "VIVTOT": 19.0, "GRAPROES": 10.95, "_ent": "31", "_mun": "098", "_loc": "0001"}, "geometry": {"type": "Polygon", "coordinates": [[[-89.05034, 20.07019], [-89.04943, 20.07008], [-89.04954, 20.06915], [-89.05048, 20.06922], [-89.05034, 20.07019]]]}}, {"id": "2458799", "type": "Feature", "properties": {"id": "2458799", "CVEGEO": "3109800050158005", "POBTOT": 0.0, "score_nse": 0.0, "NSE": null, "VIVTOT": 0.0, "GRAPROES": 0.0, "_ent": "31", "_mun": "098", "_loc": "0005"}, "geometry": {"type": "Polygon", "coordinates": [[[-88.94919, 19.95892], [-88.94961, 19.9578], [-88.95094, 19.95819], [-88.9505, 19.95934], [-88.94919, 19.95892]]]}}, {"id": "2458800", "type": "Feature", "properties": {"id": "2458800", "CVEGEO": "3109800050158012", "POBTOT": 0.0, "score_nse": 0.0, "NSE": null, "VIVTOT": 0.0, "GRAPROES": 0.0, "_ent": "31", "_mun": "098", "_loc": "0005"}, "geometry": {"type": "Polygon", "coordinates": [[[-88.95044, 19.95554], [-88.95105, 19.95561], [-88.95073, 19.95641], [-88.95022, 19.95625], [-88.95044, 19.95554]]]}}, {"id": "2458801", "type": "Feature", "properties": {"id": "2458801", "CVEGEO": "3109800010266009", "POBTOT": 41.0, "score_nse": 39.856, "NSE": "D+", "VIVTOT": 10.0, "GRAPROES": 6.79, "_ent": "31", "_mun": "098", "_loc": "0001"}, "geometry": {"type": "Polygon", "coordinates": [[[-89.05471, 20.06871], [-89.0536, 20.06869], [-89.05367, 20.06801], [-89.05481, 20.06815], [-89.05471, 20.06871]]]}}, {"id": "2458802", "type": "Feature", "properties": {"id": "2458802", "CVEGEO": "3109800010247022", "POBTOT": 36.0, "score_nse": 48.6314, "NSE": "C-", "VIVTOT": 14.0, "GRAPROES": 9.58, "_ent": "31", "_mun": "098", "_loc": "0001"}, "geometry": {"type": "Polygon", "coordinates": [[[-89.04949, 20.06915], [-89.04938, 20.07007], [-89.04863, 20.06996], [-89.04897, 20.0691], [-89.04949, 20.06915]]]}}, {"id": "2458803", "type": "Feature", "properties": {"id": "2458803", "CVEGEO": "3109800060139009", "POBTOT": 0.0, "score_nse": 0.0, "NSE": null, "VIVTOT": 0.0, "GRAPROES": 0.0, "_ent": "31", "_mun": "098", "_loc": "0006"}, "geometry": {"type": "Polygon", "coordinates": [[[-89.13275, 20.09677], [-89.1319, 20.09652], [-89.1315, 20.09549], [-89.13317, 20.09588], [-89.13275, 20.09677]]]}}, {"id": "2458804", "type": "Feature", "properties": {"id": "2458804", "CVEGEO": "3109800220177003", "POBTOT": 0.0, "score_nse": 0.0, "NSE": null, "VIVTOT": 0.0, "GRAPROES": 0.0, "_ent": "31", "_mun": "098", "_loc": "0022"}, "geometry": {"type": "Polygon", "coordinates": [[[-89.04197, 19.8704], [-89.04193, 19.86976], [-89.04246, 19.86987], [-89.04229, 19.87049], [-89.04197, 19.8704]]]}}, {"id": "2458805", "type": "Feature", "properties": {"id": "2458805", "CVEGEO": "3109800110139003", "POBTOT": 0.0, "score_nse": 0.0, "NSE": null, "VIVTOT": 0.0, "GRAPROES": 0.0, "_ent": "31", "_mun": "098", "_loc": "0011"}, "geometry": {"type": "Polygon", "coordinates": [[[-89.04432, 20.08947], [-89.04463, 20.08841], [-89.04558, 20.08881], [-89.04521, 20.08986], [-89.04432, 20.08947]]]}}, {"id": "2458806", "type": "Feature", "properties": {"id": "2458806", "CVEGEO": "3109800120139019", "POBTOT": 0.0, "score_nse": 0.0, "NSE": null, "VIVTOT": 0.0, "GRAPROES": 0.0, "_ent": "31", "_mun": "098", "_loc": "0012"}, "geometry": {"type": "Polygon", "coordinates": [[[-89.06656, 20.12642], [-89.06571, 20.12623], [-89.06583, 20.12543], [-89.06665, 20.12556], [-89.06656, 20.12642]]]}}, {"id": "2458807", "type": "Feature", "properties": {"id": "2458807", "CVEGEO": "3109800110139019", "POBTOT": 0.0, "score_nse": 0.0, "NSE": null, "VIVTOT": 0.0, "GRAPROES": 0.0, "_ent": "31", "_mun": "098", "_loc": "0011"}, "geometry": {"type": "Polygon", "coordinates": [[[-89.04488, 20.09322], [-89.04552, 20.09201], [-89.04624, 20.09236], [-89.04576, 20.09351], [-89.04488, 20.09322]]]}}, {"id": "2458808", "type": "Feature", "properties": {"id": "2458808", "CVEGEO": "3109800010213037", "POBTOT": 21.0, "score_nse": 0.0, "NSE": "ND", "VIVTOT": 5.0, "GRAPROES": 6.0, "_ent": "31", "_mun": "098", "_loc": "0001"}, "geometry": {"type": "Polygon", "coordinates": [[[-89.05416, 20.08215], [-89.05406, 20.08298], [-89.05358, 20.08291], [-89.0537, 20.08209], [-89.05416, 20.08215]]]}}, {"id": "2458809", "type": "Feature", "properties": {"id": "2458809", "CVEGEO": "3109800010213017", "POBTOT": 23.0, "score_nse": 0.0, "NSE": "ND", "VIVTOT": 6.0, "GRAPROES": 6.0, "_ent": "31", "_mun": "098", "_loc": "0001"}, "geometry": {"type": "Polygon", "coordinates": [[[-89.05254, 20.08352], [-89.05262, 20.08281], [-89.05353, 20.08295], [-89.05349, 20.08352], [-89.05254, 20.08352]]]}}, {"id": "2458810", "type": "Feature", "properties": {"id": "2458810", "CVEGEO": "3109800010213003", "POBTOT": 0.0, "score_nse": 0.0, "NSE": "ND", "VIVTOT": 0.0, "GRAPROES": 0.0, "_ent": "31", "_mun": "098", "_loc": "0001"}, "geometry": {"type": "Polygon", "coordinates": [[[-89.05107, 20.07959], [-89.05184, 20.07974], [-89.05177, 20.08065], [-89.05094, 20.08056], [-89.05107, 20.07959]]]}}, {"id": "2458811", "type": "Feature", "properties": {"id": "2458811", "CVEGEO": "3109800010232012", "POBTOT": 68.0, "score_nse": 0.0, "NSE": "ND", "VIVTOT": 21.0, "GRAPROES": 7.33, "_ent": "31", "_mun": "098", "_loc": "0001"}, "geometry": {"type": "Polygon", "coordinates": [[[-89.04418, 20.07454], [-89.04329, 20.07435], [-89.04342, 20.0732], [-89.04431, 20.07337], [-89.04418, 20.07454]]]}}, {"id": "2458812", "type": "Feature", "properties": {"id": "2458812", "CVEGEO": "3109800010232024", "POBTOT": 34.0, "score_nse": 0.0, "NSE": "ND", "VIVTOT": 17.0, "GRAPROES": 9.54, "_ent": "31", "_mun": "098", "_loc": "0001"}, "geometry": {"type": "Polygon", "coordinates": [[[-89.04518, 20.07249], [-89.04617, 20.07262], [-89.04609, 20.07355], [-89.04508, 20.07341], [-89.04518, 20.07249]]]}}, {"id": "2458813", "type": "Feature", "properties": {"id": "2458813", "CVEGEO": "3109800010266029", "POBTOT": 49.0, "score_nse": 0.0, "NSE": "ND", "VIVTOT": 14.0, "GRAPROES": 7.3, "_ent": "31", "_mun": "098", "_loc": "0001"}, "geometry": {"type": "Polygon", "coordinates": [[[-89.05249, 20.06786], [-89.0518, 20.06776], [-89.05195, 20.06704], [-89.05275, 20.06716], [-89.05249, 20.06786]]]}}, {"id": "2458814", "type": "Feature", "properties": {"id": "2458814", "CVEGEO": "3109800430181003", "POBTOT": 0.0, "score_nse": 0.0, "NSE": null, "VIVTOT": 0.0, "GRAPROES": 0.0, "_ent": "31", "_mun": "098", "_loc": "0043"}, "geometry": {"type": "Polygon", "coordinates": [[[-89.05357, 19.78585], [-89.0535, 19.78497], [-89.05399, 19.78502], [-89.05405, 19.78582], [-89.05357, 19.78585]]]}}, {"id": "2458815", "type": "Feature", "properties": {"id": "2458815", "CVEGEO": "3109800010232009", "POBTOT": 85.0, "score_nse": 0.0, "NSE": "ND", "VIVTOT": 21.0, "GRAPROES": 7.48, "_ent": "31", "_mun": "098", "_loc": "0001"}, "geometry": {"type": "Polygon", "coordinates": [[[-89.04194, 20.07633], [-89.04291, 20.07641], [-89.04272, 20.07768], [-89.04176, 20.0776], [-89.04194, 20.07633]]]}}, {"id": "2458816", "type": "Feature", "properties": {"id": "2458816", "CVEGEO": "3109800010247005", "POBTOT": 24.0, "score_nse": 0.0, "NSE": "ND", "VIVTOT": 11.0, "GRAPROES": 7.31, "_ent": "31", "_mun": "098", "_loc": "0001"}, "geometry": {"type": "Polygon", "coordinates": [[[-89.04662, 20.06873], [-89.04649, 20.06966], [-89.04554, 20.06933], [-89.04565, 20.06836], [-89.04662, 20.06873]]]}}, {"id": "2458817", "type": "Feature", "properties": {"id": "2458817", "CVEGEO": "3109800010247025", "POBTOT": 12.0, "score_nse": 0.0, "NSE": "ND", "VIVTOT": 7.0, "GRAPROES": 0.0, "_ent": "31", "_mun": "098", "_loc": "0001"}, "geometry": {"type": "Polygon", "coordinates": [[[-89.03936, 20.06895], [-89.03812, 20.06881], [-89.03909, 20.06729], [-89.04002, 20.0676], [-89.03936, 20.06895]]]}}, {"id": "2458818", "type": "Feature", "properties": {"id": "2458818", "CVEGEO": "3109800010251005", "POBTOT": 66.0, "score_nse": 0.0, "NSE": "ND", "VIVTOT": 21.0, "GRAPROES": 8.55, "_ent": "31", "_mun": "098", "_loc": "0001"}, "geometry": {"type": "Polygon", "coordinates": [[[-89.04897, 20.06459], [-89.05014, 20.06468], [-89.04986, 20.06568], [-89.04892, 20.06555], [-89.04897, 20.06459]]]}}, {"id": "2458819", "type": "Feature", "properties": {"id": "2458819", "CVEGEO": "3109800010251022", "POBTOT": 51.0, "score_nse": 0.0, "NSE": "ND", "VIVTOT": 15.0, "GRAPROES": 8.39, "_ent": "31", "_mun": "098", "_loc": "0001"}, "geometry": {"type": "Polygon", "coordinates": [[[-89.04402, 20.06513], [-89.04362, 20.06762], [-89.04211, 20.06712], [-89.04221, 20.06616], [-89.04164, 20.06599], [-89.04202, 20.06489], [-89.04402, 20.06513]]]}}, {"id": "2458820", "type": "Feature", "properties": {"id": "2458820", "CVEGEO": "3109800080177003", "POBTOT": 0.0, "score_nse": 0.0, "NSE": null, "VIVTOT": 0.0, "GRAPROES": 0.0, "_ent": "31", "_mun": "098", "_loc": "0008"}, "geometry": {"type": "Polygon", "coordinates": [[[-89.00296, 19.81013], [-89.00311, 19.80921], [-89.00408, 19.80937], [-89.00397, 19.81037], [-89.00296, 19.81013]]]}}, {"id": "2458821", "type": "Feature", "properties": {"id": "2458821", "CVEGEO": "3109800120139007", "POBTOT": 0.0, "score_nse": 0.0, "NSE": null, "VIVTOT": 0.0, "GRAPROES": 0.0, "_ent": "31", "_mun": "098", "_loc": "0012"}, "geometry": {"type": "Polygon", "coordinates": [[[-89.06666, 20.12548], [-89.06584, 20.12536], [-89.06586, 20.12469], [-89.06673, 20.12487], [-89.06666, 20.12548]]]}}, {"id": "2458822", "type": "Feature", "properties": {"id": "2458822", "CVEGEO": "3109800250162008", "POBTOT": 0.0, "score_nse": 0.0, "NSE": null, "VIVTOT": 0.0, "GRAPROES": 0.0, "_ent": "31", "_mun": "098", "_loc": "0025"}, "geometry": {"type": "Polygon", "coordinates": [[[-88.99516, 19.89635], [-88.9952, 19.89502], [-88.99563, 19.89513], [-88.99573, 19.89624], [-88.99516, 19.89635]]]}}, {"id": "2458823", "type": "Feature", "properties": {"id": "2458823", "CVEGEO": "3109800010266023", "POBTOT": 14.0, "score_nse": 0.0, "NSE": "ND", "VIVTOT": 5.0, "GRAPROES": 8.27, "_ent": "31", "_mun": "098", "_loc": "0001"}, "geometry": {"type": "Polygon", "coordinates": [[[-89.05887, 20.0691], [-89.06176, 20.06942], [-89.06165, 20.07032], [-89.05864, 20.07018], [-89.05887, 20.0691]]]}}, {"id": "2458824", "type": "Feature", "properties": {"id": "2458824", "CVEGEO": "3109800010232027", "POBTOT": 42.0, "score_nse": 0.0, "NSE": "ND", "VIVTOT": 13.0, "GRAPROES": 7.2, "_ent": "31", "_mun": "098", "_loc": "0001"}, "geometry": {"type": "Polygon", "coordinates": [[[-89.04355, 20.0797], [-89.04262, 20.07961], [-89.04271, 20.07873], [-89.04364, 20.07882], [-89.04355, 20.0797]]]}}, {"id": "2458825", "type": "Feature", "properties": {"id": "2458825", "CVEGEO": "3109800010105004", "POBTOT": 33.0, "score_nse": 0.0, "NSE": "ND", "VIVTOT": 11.0, "GRAPROES": 8.27, "_ent": "31", "_mun": "098", "_loc": "0001"}, "geometry": {"type": "Polygon", "coordinates": [[[-89.05395, 20.07154], [-89.05382, 20.07235], [-89.05302, 20.07228], [-89.05315, 20.07146], [-89.05395, 20.07154]]]}}, {"id": "2458826", "type": "Feature", "properties": {"id": "2458826", "CVEGEO": "3109800010251002", "POBTOT": 46.0, "score_nse": 0.0, "NSE": "ND", "VIVTOT": 13.0, "GRAPROES": 6.46, "_ent": "31", "_mun": "098", "_loc": "0001"}, "geometry": {"type": "Polygon", "coordinates": [[[-89.04751, 20.06532], [-89.04734, 20.06628], [-89.04676, 20.06618], [-89.04692, 20.06526], [-89.04751, 20.06532]]]}}, {"id": "2458827", "type": "Feature", "properties": {"id": "2458827", "CVEGEO": "3109800120139005", "POBTOT": 0.0, "score_nse": 0.0, "NSE": null, "VIVTOT": 0.0, "GRAPROES": 0.0, "_ent": "31", "_mun": "098", "_loc": "0012"}, "geometry": {"type": "Polygon", "coordinates": [[[-89.06603, 20.12367], [-89.0662, 20.12293], [-89.06711, 20.12319], [-89.06695, 20.12395], [-89.06603, 20.12367]]]}}, {"id": "2458828", "type": "Feature", "properties": {"id": "2458828", "CVEGEO": "3109800010266030", "POBTOT": 89.0, "score_nse": 0.0, "NSE": "ND", "VIVTOT": 25.0, "GRAPROES": 9.88, "_ent": "31", "_mun": "098", "_loc": "0001"}, "geometry": {"type": "Polygon", "coordinates": [[[-89.05039, 20.0702], [-89.05052, 20.06923], [-89.05145, 20.06932], [-89.05133, 20.07032], [-89.05039, 20.0702]]]}}, {"id": "2458829", "type": "Feature", "properties": {"id": "2458829", "CVEGEO": "3109800010213025", "POBTOT": 43.0, "score_nse": 0.0, "NSE": "ND", "VIVTOT": 13.0, "GRAPROES": 6.84, "_ent": "31", "_mun": "098", "_loc": "0001"}, "geometry": {"type": "Polygon", "coordinates": [[[-89.05417, 20.07891], [-89.05213, 20.07866], [-89.05234, 20.07757], [-89.05441, 20.07808], [-89.05417, 20.07891]]]}}, {"id": "2458830", "type": "Feature", "properties": {"id": "2458830", "CVEGEO": "3109800010266003", "POBTOT": 48.0, "score_nse": 0.0, "NSE": "ND", "VIVTOT": 14.0, "GRAPROES": 5.57, "_ent": "31", "_mun": "098", "_loc": "0001"}, "geometry": {"type": "Polygon", "coordinates": [[[-89.05571, 20.06979], [-89.05451, 20.06963], [-89.05475, 20.06874], [-89.05611, 20.06878], [-89.05571, 20.06979]]]}}, {"id": "2458831", "type": "Feature", "properties": {"id": "2458831", "CVEGEO": "3109800220177005", "POBTOT": 0.0, "score_nse": 0.0, "NSE": null, "VIVTOT": 0.0, "GRAPROES": 0.0, "_ent": "31", "_mun": "098", "_loc": "0022"}, "geometry": {"type": "Polygon", "coordinates": [[[-89.04287, 19.87084], [-89.04349, 19.86901], [-89.04402, 19.86915], [-89.04365, 19.87043], [-89.04522, 19.87085], [-89.04513, 19.87143], [-89.04287, 19.87084]]]}}, {"id": "2458832", "type": "Feature", "properties": {"id": "2458832", "CVEGEO": "3109800050158002", "POBTOT": 0.0, "score_nse": 0.0, "NSE": null, "VIVTOT": 0.0, "GRAPROES": 0.0, "_ent": "31", "_mun": "098", "_loc": "0005"}, "geometry": {"type": "Polygon", "coordinates": [[[-88.94943, 19.95655], [-88.94905, 19.95754], [-88.94832, 19.95732], [-88.94865, 19.95631], [-88.94943, 19.95655]]]}}, {"id": "2458833", "type": "Feature", "properties": {"id": "2458833", "CVEGEO": "3109800060139004", "POBTOT": 0.0, "score_nse": 0.0, "NSE": null, "VIVTOT": 0.0, "GRAPROES": 0.0, "_ent": "31", "_mun": "098", "_loc": "0006"}, "geometry": {"type": "Polygon", "coordinates": [[[-89.13507, 20.09191], [-89.13455, 20.09298], [-89.13316, 20.09245], [-89.13377, 20.09133], [-89.13507, 20.09191]]]}}, {"id": "2458834", "type": "Feature", "properties": {"id": "2458834", "CVEGEO": "3109800060139002", "POBTOT": 0.0, "score_nse": 0.0, "NSE": null, "VIVTOT": 0.0, "GRAPROES": 0.0, "_ent": "31", "_mun": "098", "_loc": "0006"}, "geometry": {"type": "Polygon", "coordinates": [[[-89.13333, 20.09062], [-89.13249, 20.09223], [-89.13172, 20.09197], [-89.13093, 20.09348], [-89.13028, 20.09319], [-89.13052, 20.09259], [-89.1302, 20.09315], [-89.12903, 20.09272], [-89.13031, 20.09063], [-89.13096, 20.09036], [-89.13249, 20.08985], [-89.13342, 20.08995], [-89.13418, 20.09037], [-89.13379, 20.09085], [-89.13333, 20.09062]]]}}, {"id": "2458835", "type": "Feature", "properties": {"id": "2458835", "CVEGEO": "3109800010247033", "POBTOT": 14.0, "score_nse": 0.0, "NSE": "ND", "VIVTOT": 6.0, "GRAPROES": 8.0, "_ent": "31", "_mun": "098", "_loc": "0001"}, "geometry": {"type": "Polygon", "coordinates": [[[-89.03759, 20.06605], [-89.03918, 20.06645], [-89.03929, 20.06658], [-89.03906, 20.06718], [-89.03752, 20.06675], [-89.03759, 20.06605]]]}}, {"id": "2458836", "type": "Feature", "properties": {"id": "2458836", "CVEGEO": "3109800110139017", "POBTOT": 0.0, "score_nse": 0.0, "NSE": null, "VIVTOT": 0.0, "GRAPROES": 0.0, "_ent": "31", "_mun": "098", "_loc": "0011"}, "geometry": {"type": "Polygon", "coordinates": [[[-89.04809, 20.09053], [-89.04829, 20.08936], [-89.04943, 20.08946], [-89.04919, 20.09073], [-89.04809, 20.09053]]]}}, {"id": "2458837", "type": "Feature", "properties": {"id": "2458837", "CVEGEO": "3109800010247039", "POBTOT": 0.0, "score_nse": 0.0, "NSE": "ND", "VIVTOT": 0.0, "GRAPROES": 0.0, "_ent": "31", "_mun": "098", "_loc": "0001"}, "geometry": {"type": "Polygon", "coordinates": [[[-89.03758, 20.066], [-89.03819, 20.06517], [-89.03912, 20.06638], [-89.03819, 20.06617], [-89.03758, 20.066]]]}}, {"id": "2458838", "type": "Feature", "properties": {"id": "2458838", "CVEGEO": "3109800110139024", "POBTOT": 0.0, "score_nse": 0.0, "NSE": null, "VIVTOT": 0.0, "GRAPROES": 0.0, "_ent": "31", "_mun": "098", "_loc": "0011"}, "geometry": {"type": "Polygon", "coordinates": [[[-89.04952, 20.08947], [-89.0506, 20.0896], [-89.05043, 20.09044], [-89.04988, 20.09034], [-89.04981, 20.09084], [-89.04929, 20.09075], [-89.04952, 20.08947]]]}}, {"id": "2458839", "type": "Feature", "properties": {"id": "2458839", "CVEGEO": "3109800060139012", "POBTOT": 0.0, "score_nse": 0.0, "NSE": null, "VIVTOT": 0.0, "GRAPROES": 0.0, "_ent": "31", "_mun": "098", "_loc": "0006"}, "geometry": {"type": "Polygon", "coordinates": [[[-89.13382, 20.09091], [-89.13421, 20.09043], [-89.1355, 20.09138], [-89.13521, 20.0919], [-89.13382, 20.09125], [-89.13393, 20.09104], [-89.13382, 20.09091]]]}}, {"id": "2458840", "type": "Feature", "properties": {"id": "2458840", "CVEGEO": "3109800060139014", "POBTOT": 0.0, "score_nse": 0.0, "NSE": null, "VIVTOT": 0.0, "GRAPROES": 0.0, "_ent": "31", "_mun": "098", "_loc": "0006"}, "geometry": {"type": "Polygon", "coordinates": [[[-89.12927, 20.0929], [-89.13017, 20.09322], [-89.12982, 20.09408], [-89.12843, 20.09357], [-89.12864, 20.0932], [-89.12905, 20.09336], [-89.12927, 20.0929]]]}}, {"id": "2458841", "type": "Feature", "properties": {"id": "2458841", "CVEGEO": "3109800060139013", "POBTOT": 0.0, "score_nse": 0.0, "NSE": null, "VIVTOT": 0.0, "GRAPROES": 0.0, "_ent": "31", "_mun": "098", "_loc": "0006"}, "geometry": {"type": "Polygon", "coordinates": [[[-89.12972, 20.09415], [-89.12937, 20.09492], [-89.1288, 20.0948], [-89.1292, 20.09393], [-89.12972, 20.09415]]]}}, {"id": "2458842", "type": "Feature", "properties": {"id": "2458842", "CVEGEO": "3109800050158020", "POBTOT": 0.0, "score_nse": 0.0, "NSE": null, "VIVTOT": 0.0, "GRAPROES": 0.0, "_ent": "31", "_mun": "098", "_loc": "0005"}, "geometry": {"type": "Polygon", "coordinates": [[[-88.94321, 19.95872], [-88.94325, 19.95785], [-88.94573, 19.95802], [-88.94778, 19.95853], [-88.94763, 19.95881], [-88.9467, 19.95855], [-88.9476, 19.95888], [-88.9471, 19.96029], [-88.94627, 19.96005], [-88.94645, 19.95949], [-88.94321, 19.95872]]]}}, {"id": "2458843", "type": "Feature", "properties": {"id": "2458843", "CVEGEO": "3109800060139008", "POBTOT": 0.0, "score_nse": 0.0, "NSE": null, "VIVTOT": 0.0, "GRAPROES": 0.0, "_ent": "31", "_mun": "098", "_loc": "0006"}, "geometry": {"type": "Polygon", "coordinates": [[[-89.13175, 20.09208], [-89.13249, 20.09229], [-89.13177, 20.09383], [-89.131, 20.09351], [-89.13175, 20.09208]]]}}, {"id": "2458844", "type": "Feature", "properties": {"id": "2458844", "CVEGEO": "3109800080177016", "POBTOT": 0.0, "score_nse": 0.0, "NSE": null, "VIVTOT": 0.0, "GRAPROES": 0.0, "_ent": "31", "_mun": "098", "_loc": "0008"}, "geometry": {"type": "Polygon", "coordinates": [[[-89.00111, 19.80977], [-89.00117, 19.80886], [-89.00303, 19.80918], [-89.00289, 19.81011], [-89.00111, 19.80977]]]}}, {"id": "2458845", "type": "Feature", "properties": {"id": "2458845", "CVEGEO": "3109800120139022", "POBTOT": 0.0, "score_nse": 0.0, "NSE": null, "VIVTOT": 0.0, "GRAPROES": 0.0, "_ent": "31", "_mun": "098", "_loc": "0012"}, "geometry": {"type": "Polygon", "coordinates": [[[-89.06338, 20.12207], [-89.06322, 20.12295], [-89.06225, 20.12289], [-89.06265, 20.12095], [-89.06357, 20.12119], [-89.06339, 20.12202], [-89.06294, 20.12192], [-89.06338, 20.12207]]]}}, {"id": "2458846", "type": "Feature", "properties": {"id": "2458846", "CVEGEO": "3109800120139010", "POBTOT": 0.0, "score_nse": 0.0, "NSE": null, "VIVTOT": 0.0, "GRAPROES": 0.0, "_ent": "31", "_mun": "098", "_loc": "0012"}, "geometry": {"type": "Polygon", "coordinates": [[[-89.06301, 20.12478], [-89.06315, 20.12399], [-89.06406, 20.12422], [-89.06395, 20.12491], [-89.06301, 20.12478]]]}}, {"id": "2458847", "type": "Feature", "properties": {"id": "2458847", "CVEGEO": "3109800120139020", "POBTOT": 0.0, "score_nse": 0.0, "NSE": null, "VIVTOT": 0.0, "GRAPROES": 0.0, "_ent": "31", "_mun": "098", "_loc": "0012"}, "geometry": {"type": "Polygon", "coordinates": [[[-89.06287, 20.12572], [-89.06301, 20.12484], [-89.06576, 20.12545], [-89.06554, 20.12625], [-89.06287, 20.12572]]]}}, {"id": "2458848", "type": "Feature", "properties": {"id": "2458848", "CVEGEO": "3109800110139016", "POBTOT": 0.0, "score_nse": 0.0, "NSE": null, "VIVTOT": 0.0, "GRAPROES": 0.0, "_ent": "31", "_mun": "098", "_loc": "0011"}, "geometry": {"type": "Polygon", "coordinates": [[[-89.04917, 20.08841], [-89.04942, 20.08742], [-89.05001, 20.08749], [-89.04972, 20.08845], [-89.04917, 20.08841]]]}}, {"id": "2458849", "type": "Feature", "properties": {"id": "2458849", "CVEGEO": "3109800110139023", "POBTOT": 0.0, "score_nse": 0.0, "NSE": null, "VIVTOT": 0.0, "GRAPROES": 0.0, "_ent": "31", "_mun": "098", "_loc": "0011"}, "geometry": {"type": "Polygon", "coordinates": [[[-89.04813, 20.08836], [-89.04844, 20.08732], [-89.04936, 20.08741], [-89.0491, 20.0884], [-89.04813, 20.08836]]]}}, {"id": "2458850", "type": "Feature", "properties": {"id": "2458850", "CVEGEO": "3109800110139007", "POBTOT": 0.0, "score_nse": 0.0, "NSE": null, "VIVTOT": 0.0, "GRAPROES": 0.0, "_ent": "31", "_mun": "098", "_loc": "0011"}, "geometry": {"type": "Polygon", "coordinates": [[[-89.04811, 20.08843], [-89.04976, 20.08852], [-89.04975, 20.08941], [-89.04784, 20.08923], [-89.04811, 20.08843]]]}}, {"id": "2458851", "type": "Feature", "properties": {"id": "2458851", "CVEGEO": "3109800220177006", "POBTOT": 0.0, "score_nse": 0.0, "NSE": null, "VIVTOT": 0.0, "GRAPROES": 0.0, "_ent": "31", "_mun": "098", "_loc": "0022"}, "geometry": {"type": "Polygon", "coordinates": [[[-89.04228, 19.87268], [-89.04265, 19.87095], [-89.04284, 19.87091], [-89.04544, 19.87154], [-89.04587, 19.87151], [-89.04575, 19.87204], [-89.04537, 19.87208], [-89.04373, 19.87167], [-89.04348, 19.87301], [-89.04228, 19.87268]]]}}, {"id": "2458852", "type": "Feature", "properties": {"id": "2458852", "CVEGEO": "3109800370181002", "POBTOT": 0.0, "score_nse": 0.0, "NSE": null, "VIVTOT": 0.0, "GRAPROES": 0.0, "_ent": "31", "_mun": "098", "_loc": "0037"}, "geometry": {"type": "Polygon", "coordinates": [[[-89.04206, 19.71322], [-89.04183, 19.71162], [-89.04194, 19.71133], [-89.04263, 19.71146], [-89.04263, 19.71196], [-89.0421, 19.7119], [-89.04223, 19.7132], [-89.04206, 19.71322]]]}}, {"id": "2458853", "type": "Feature", "properties": {"id": "2458853", "CVEGEO": "3109800370181004", "POBTOT": 0.0, "score_nse": 0.0, "NSE": null, "VIVTOT": 0.0, "GRAPROES": 0.0, "_ent": "31", "_mun": "098", "_loc": "0037"}, "geometry": {"type": "Polygon", "coordinates": [[[-89.04034, 19.71349], [-89.04073, 19.7111], [-89.0417, 19.71136], [-89.04199, 19.71339], [-89.04034, 19.71349]]]}}, {"id": "2458854", "type": "Feature", "properties": {"id": "2458854", "CVEGEO": "3109800390177002", "POBTOT": 0.0, "score_nse": 0.0, "NSE": null, "VIVTOT": 0.0, "GRAPROES": 0.0, "_ent": "31", "_mun": "098", "_loc": "0039"}, "geometry": {"type": "Polygon", "coordinates": [[[-88.98061, 19.83857], [-88.98078, 19.83785], [-88.98102, 19.83789], [-88.98114, 19.83731], [-88.98168, 19.8374], [-88.98177, 19.83683], [-88.98224, 19.83706], [-88.98199, 19.8379], [-88.98153, 19.83792], [-88.98196, 19.83798], [-88.98179, 19.83859], [-88.98061, 19.83857]]]}}, {"id": "2458855", "type": "Feature", "properties": {"id": "2458855", "CVEGEO": "3109800240177009", "POBTOT": 0.0, "score_nse": 0.0, "NSE": null, "VIVTOT": 0.0, "GRAPROES": 0.0, "_ent": "31", "_mun": "098", "_loc": "0024"}, "geometry": {"type": "Polygon", "coordinates": [[[-89.10306, 19.84001], [-89.10447, 19.83956], [-89.10473, 19.84078], [-89.10111, 19.84165], [-89.09998, 19.84177], [-89.09991, 19.84124], [-89.10256, 19.84066], [-89.10306, 19.84001]]]}}, {"id": "2458856", "type": "Feature", "properties": {"id": "2458856", "CVEGEO": "3109800390177001", "POBTOT": 0.0, "score_nse": 0.0, "NSE": null, "VIVTOT": 0.0, "GRAPROES": 0.0, "_ent": "31", "_mun": "098", "_loc": "0039"}, "geometry": {"type": "Polygon", "coordinates": [[[-88.98187, 19.83858], [-88.98209, 19.8378], [-88.9835, 19.83793], [-88.98351, 19.83864], [-88.98187, 19.83858]]]}}, {"id": "2458857", "type": "Feature", "properties": {"id": "2458857", "CVEGEO": "3109800390177006", "POBTOT": 0.0, "score_nse": 0.0, "NSE": null, "VIVTOT": 0.0, "GRAPROES": 0.0, "_ent": "31", "_mun": "098", "_loc": "0039"}, "geometry": {"type": "Polygon", "coordinates": [[[-88.98153, 19.83972], [-88.98033, 19.83927], [-88.98059, 19.83864], [-88.98178, 19.83866], [-88.98153, 19.83972]]]}}, {"id": "2458858", "type": "Feature", "properties": {"id": "2458858", "CVEGEO": "3109800390177005", "POBTOT": 0.0, "score_nse": 0.0, "NSE": null, "VIVTOT": 0.0, "GRAPROES": 0.0, "_ent": "31", "_mun": "098", "_loc": "0039"}, "geometry": {"type": "Polygon", "coordinates": [[[-88.98436, 19.83906], [-88.98204, 19.83923], [-88.98204, 19.8398], [-88.98159, 19.83976], [-88.98184, 19.83866], [-88.98438, 19.83869], [-88.98436, 19.83906]]]}}, {"id": "2458859", "type": "Feature", "properties": {"id": "2458859", "CVEGEO": "3109800280162008", "POBTOT": 0.0, "score_nse": 0.0, "NSE": null, "VIVTOT": 0.0, "GRAPROES": 0.0, "_ent": "31", "_mun": "098", "_loc": "0028"}, "geometry": {"type": "Polygon", "coordinates": [[[-89.03704, 19.91376], [-89.03793, 19.91406], [-89.03787, 19.91481], [-89.03869, 19.91631], [-89.03756, 19.91613], [-89.03708, 19.91471], [-89.03678, 19.91448], [-89.03704, 19.91376]]]}}, {"id": "2458860", "type": "Feature", "properties": {"id": "2458860", "CVEGEO": "3109800280162005", "POBTOT": 0.0, "score_nse": 0.0, "NSE": null, "VIVTOT": 0.0, "GRAPROES": 0.0, "_ent": "31", "_mun": "098", "_loc": "0028"}, "geometry": {"type": "Polygon", "coordinates": [[[-89.03917, 19.91351], [-89.03984, 19.91204], [-89.04047, 19.91219], [-89.04033, 19.91304], [-89.04001, 19.91377], [-89.03917, 19.91351]]]}}, {"id": "2458861", "type": "Feature", "properties": {"id": "2458861", "CVEGEO": "3109800010247027", "POBTOT": 0.0, "score_nse": 0.0, "NSE": "ND", "VIVTOT": 0.0, "GRAPROES": 0.0, "_ent": "31", "_mun": "098", "_loc": "0001"}, "geometry": {"type": "Polygon", "coordinates": [[[-89.03932, 20.0666], [-89.04001, 20.0675], [-89.04002, 20.06753], [-89.03911, 20.0672], [-89.03932, 20.0666]]]}}, {"id": "2458862", "type": "Feature", "properties": {"id": "2458862", "CVEGEO": "3109800120139025", "POBTOT": 0.0, "score_nse": 0.0, "NSE": null, "VIVTOT": 0.0, "GRAPROES": 0.0, "_ent": "31", "_mun": "098", "_loc": "0012"}, "geometry": {"type": "Polygon", "coordinates": [[[-89.0654, 20.12176], [-89.0654, 20.1186], [-89.06677, 20.11885], [-89.06607, 20.12135], [-89.06764, 20.12176], [-89.06743, 20.1222], [-89.0654, 20.12176]]]}}, {"id": "2458863", "type": "Feature", "properties": {"id": "2458863", "CVEGEO": "3109800120139009", "POBTOT": 0.0, "score_nse": 0.0, "NSE": null, "VIVTOT": 0.0, "GRAPROES": 0.0, "_ent": "31", "_mun": "098", "_loc": "0012"}, "geometry": {"type": "Polygon", "coordinates": [[[-89.06403, 20.12495], [-89.06413, 20.12424], [-89.065, 20.12446], [-89.06484, 20.12516], [-89.06403, 20.12495]]]}}, {"id": "2458864", "type": "Feature", "properties": {"id": "2458864", "CVEGEO": "3109800120139008", "POBTOT": 0.0, "score_nse": 0.0, "NSE": null, "VIVTOT": 0.0, "GRAPROES": 0.0, "_ent": "31", "_mun": "098", "_loc": "0012"}, "geometry": {"type": "Polygon", "coordinates": [[[-89.0649, 20.12517], [-89.06504, 20.12448], [-89.06578, 20.12466], [-89.06576, 20.12539], [-89.0649, 20.12517]]]}}, {"id": "2458865", "type": "Feature", "properties": {"id": "2458865", "CVEGEO": "3109800010266013", "POBTOT": 36.0, "score_nse": 0.0, "NSE": "ND", "VIVTOT": 12.0, "GRAPROES": 8.77, "_ent": "31", "_mun": "098", "_loc": "0001"}, "geometry": {"type": "Polygon", "coordinates": [[[-89.05937, 20.07125], [-89.06067, 20.07134], [-89.06022, 20.07275], [-89.05909, 20.0726], [-89.05937, 20.07125]]]}}, {"id": "2458866", "type": "Feature", "properties": {"id": "2458866", "CVEGEO": "3109800010213029", "POBTOT": 0.0, "score_nse": 0.0, "NSE": "ND", "VIVTOT": 0.0, "GRAPROES": 0.0, "_ent": "31", "_mun": "098", "_loc": "0001"}, "geometry": {"type": "Polygon", "coordinates": [[[-89.04977, 20.0757], [-89.0505, 20.0758], [-89.05029, 20.07695], [-89.04963, 20.07683], [-89.04977, 20.0757]]]}}, {"id": "2458867", "type": "Feature", "properties": {"id": "2458867", "CVEGEO": "3109800010213032", "POBTOT": 0.0, "score_nse": 0.0, "NSE": "ND", "VIVTOT": 0.0, "GRAPROES": 0.0, "_ent": "31", "_mun": "098", "_loc": "0001"}, "geometry": {"type": "Polygon", "coordinates": [[[-89.0505, 20.07701], [-89.05063, 20.07587], [-89.05153, 20.07603], [-89.05136, 20.0772], [-89.0505, 20.07701]]]}}, {"id": "2458868", "type": "Feature", "properties": {"id": "2458868", "CVEGEO": "3109800010232015", "POBTOT": 45.0, "score_nse": 0.0, "NSE": "ND", "VIVTOT": 15.0, "GRAPROES": 7.43, "_ent": "31", "_mun": "098", "_loc": "0001"}, "geometry": {"type": "Polygon", "coordinates": [[[-89.04578, 20.07587], [-89.04488, 20.0756], [-89.04507, 20.07394], [-89.0459, 20.07496], [-89.04578, 20.07587]]]}}, {"id": "2458869", "type": "Feature", "properties": {"id": "2458869", "CVEGEO": "3109800010247021", "POBTOT": 28.0, "score_nse": 0.0, "NSE": "ND", "VIVTOT": 9.0, "GRAPROES": 7.5, "_ent": "31", "_mun": "098", "_loc": "0001"}, "geometry": {"type": "Polygon", "coordinates": [[[-89.0413, 20.06696], [-89.04102, 20.06785], [-89.04032, 20.06769], [-89.04013, 20.06744], [-89.04033, 20.06669], [-89.0413, 20.06696]]]}}, {"id": "2458870", "type": "Feature", "properties": {"id": "2458870", "CVEGEO": "3109800010247015", "POBTOT": 36.0, "score_nse": 0.0, "NSE": "ND", "VIVTOT": 15.0, "GRAPROES": 9.44, "_ent": "31", "_mun": "098", "_loc": "0001"}, "geometry": {"type": "Polygon", "coordinates": [[[-89.04105, 20.06791], [-89.04194, 20.06821], [-89.04186, 20.06919], [-89.04157, 20.06933], [-89.04087, 20.06839], [-89.04105, 20.06791]]]}}, {"id": "2458871", "type": "Feature", "properties": {"id": "2458871", "CVEGEO": "3109800010247037", "POBTOT": 13.0, "score_nse": 0.0, "NSE": "ND", "VIVTOT": 4.0, "GRAPROES": 9.63, "_ent": "31", "_mun": "098", "_loc": "0001"}, "geometry": {"type": "Polygon", "coordinates": [[[-89.04189, 20.06919], [-89.04198, 20.06823], [-89.0434, 20.06866], [-89.04326, 20.06941], [-89.04189, 20.06919]]]}}, {"id": "2458872", "type": "Feature", "properties": {"id": "2458872", "CVEGEO": "3109800010247009", "POBTOT": 54.0, "score_nse": 0.0, "NSE": "ND", "VIVTOT": 15.0, "GRAPROES": 7.47, "_ent": "31", "_mun": "098", "_loc": "0001"}, "geometry": {"type": "Polygon", "coordinates": [[[-89.0432, 20.06979], [-89.04226, 20.07021], [-89.04159, 20.06937], [-89.04189, 20.06924], [-89.04325, 20.06947], [-89.0432, 20.06979]]]}}, {"id": "2458873", "type": "Feature", "properties": {"id": "2458873", "CVEGEO": "3109800390177003", "POBTOT": 0.0, "score_nse": 0.0, "NSE": null, "VIVTOT": 0.0, "GRAPROES": 0.0, "_ent": "31", "_mun": "098", "_loc": "0039"}, "geometry": {"type": "Polygon", "coordinates": [[[-88.9821, 19.83775], [-88.98229, 19.83706], [-88.9827, 19.83716], [-88.98265, 19.83737], [-88.98353, 19.83745], [-88.98353, 19.83785], [-88.9821, 19.83775]]]}}, {"id": "2458874", "type": "Feature", "properties": {"id": "2458874", "CVEGEO": "3109800010228005", "POBTOT": 3.0, "score_nse": 0.0, "NSE": "ND", "VIVTOT": 1.0, "GRAPROES": 0.0, "_ent": "31", "_mun": "098", "_loc": "0001"}, "geometry": {"type": "Polygon", "coordinates": [[[-89.04959, 20.07659], [-89.04957, 20.07678], [-89.04858, 20.07656], [-89.04862, 20.07641], [-89.04959, 20.07659]]]}}, {"id": "2458875", "type": "Feature", "properties": {"id": "2458875", "CVEGEO": "3109800010213023", "POBTOT": 122.0, "score_nse": 57.3939, "NSE": "C", "VIVTOT": 38.0, "GRAPROES": 8.88, "_ent": "31", "_mun": "098", "_loc": "0001"}, "geometry": {"type": "Polygon", "coordinates": [[[-89.04942, 20.07842], [-89.04964, 20.07707], [-89.05127, 20.07741], [-89.05114, 20.07857], [-89.04942, 20.07842]]]}}, {"id": "2458876", "type": "Feature", "properties": {"id": "2458876", "CVEGEO": "3109800010247020", "POBTOT": 0.0, "score_nse": 0.0, "NSE": "ND", "VIVTOT": 0.0, "GRAPROES": 0.0, "_ent": "31", "_mun": "098", "_loc": "0001"}, "geometry": {"type": "Polygon", "coordinates": [[[-89.04035, 20.06774], [-89.041, 20.0679], [-89.04084, 20.06834], [-89.04035, 20.06774]]]}}, {"id": "2458877", "type": "Feature", "properties": {"id": "2458877", "CVEGEO": "3109800010232003", "POBTOT": 56.0, "score_nse": 0.0, "NSE": "ND", "VIVTOT": 19.0, "GRAPROES": 8.64, "_ent": "31", "_mun": "098", "_loc": "0001"}, "geometry": {"type": "Polygon", "coordinates": [[[-89.04319, 20.07441], [-89.04303, 20.07526], [-89.04165, 20.07501], [-89.04052, 20.07511], [-89.04051, 20.07349], [-89.04156, 20.07361], [-89.04162, 20.07441], [-89.04168, 20.07404], [-89.04319, 20.07441]]]}}, {"id": "2458878", "type": "Feature", "properties": {"id": "2458878", "CVEGEO": "3109800010251045", "POBTOT": 0.0, "score_nse": 0.0, "NSE": "ND", "VIVTOT": 0.0, "GRAPROES": 0.0, "_ent": "31", "_mun": "098", "_loc": "0001"}, "geometry": {"type": "Polygon", "coordinates": [[[-89.04367, 20.06502], [-89.04442, 20.0606], [-89.04514, 20.06071], [-89.04548, 20.06213], [-89.04634, 20.06428], [-89.04616, 20.06435], [-89.04636, 20.06433], [-89.04679, 20.06535], [-89.04367, 20.06502]]]}}, {"id": "2458879", "type": "Feature", "properties": {"id": "2458879", "CVEGEO": "3109800080177005", "POBTOT": 0.0, "score_nse": 0.0, "NSE": null, "VIVTOT": 0.0, "GRAPROES": 0.0, "_ent": "31", "_mun": "098", "_loc": "0008"}, "geometry": {"type": "Polygon", "coordinates": [[[-89.00384, 19.81246], [-89.00389, 19.81213], [-89.00482, 19.81221], [-89.00484, 19.81251], [-89.00501, 19.81171], [-89.00592, 19.81193], [-89.00577, 19.81254], [-89.006, 19.81192], [-89.00679, 19.81214], [-89.00666, 19.81265], [-89.00632, 19.81254], [-89.00624, 19.81292], [-89.00384, 19.81246]]]}}, {"id": "2458880", "type": "Feature", "properties": {"id": "2458880", "CVEGEO": "3109800010251010", "POBTOT": 5.0, "score_nse": 0.0, "NSE": "ND", "VIVTOT": 3.0, "GRAPROES": 0.0, "_ent": "31", "_mun": "098", "_loc": "0001"}, "geometry": {"type": "Polygon", "coordinates": [[[-89.04055, 20.06268], [-89.04135, 20.06011], [-89.04352, 20.06046], [-89.04252, 20.0632], [-89.04055, 20.06268]]]}}, {"id": "2458881", "type": "Feature", "properties": {"id": "2458881", "CVEGEO": "3109800240177007", "POBTOT": 0.0, "score_nse": 0.0, "NSE": null, "VIVTOT": 0.0, "GRAPROES": 0.0, "_ent": "31", "_mun": "098", "_loc": "0024"}, "geometry": {"type": "Polygon", "coordinates": [[[-89.10461, 19.84173], [-89.10539, 19.84155], [-89.10564, 19.84225], [-89.10486, 19.84237], [-89.10461, 19.84173]]]}}, {"id": "2458882", "type": "Feature", "properties": {"id": "2458882", "CVEGEO": "3109800010270010", "POBTOT": 88.0, "score_nse": 0.0, "NSE": "ND", "VIVTOT": 31.0, "GRAPROES": 8.75, "_ent": "31", "_mun": "098", "_loc": "0001"}, "geometry": {"type": "Polygon", "coordinates": [[[-89.06004, 20.06505], [-89.05992, 20.06668], [-89.06097, 20.06666], [-89.06093, 20.06811], [-89.0566, 20.06766], [-89.05832, 20.06341], [-89.05975, 20.06396], [-89.05941, 20.06488], [-89.06004, 20.06505]]]}}, {"id": "2458883", "type": "Feature", "properties": {"id": "2458883", "CVEGEO": "3109800010209036", "POBTOT": 13.0, "score_nse": 0.0, "NSE": "ND", "VIVTOT": 7.0, "GRAPROES": 8.67, "_ent": "31", "_mun": "098", "_loc": "0001"}, "geometry": {"type": "Polygon", "coordinates": [[[-89.04837, 20.08359], [-89.04955, 20.08358], [-89.04949, 20.0845], [-89.04813, 20.0845], [-89.04837, 20.08359]]]}}, {"id": "2458884", "type": "Feature", "properties": {"id": "2458884", "CVEGEO": "3109800010209037", "POBTOT": 6.0, "score_nse": 0.0, "NSE": "ND", "VIVTOT": 3.0, "GRAPROES": 0.0, "_ent": "31", "_mun": "098", "_loc": "0001"}, "geometry": {"type": "Polygon", "coordinates": [[[-89.04961, 20.08358], [-89.05053, 20.08356], [-89.05044, 20.08449], [-89.04954, 20.08449], [-89.04961, 20.08358]]]}}, {"id": "2458885", "type": "Feature", "properties": {"id": "2458885", "CVEGEO": "3109800050158017", "POBTOT": 0.0, "score_nse": 0.0, "NSE": null, "VIVTOT": 0.0, "GRAPROES": 0.0, "_ent": "31", "_mun": "098", "_loc": "0005"}, "geometry": {"type": "Polygon", "coordinates": [[[-88.95409, 19.96058], [-88.95379, 19.96118], [-88.95181, 19.96059], [-88.95081, 19.96272], [-88.95003, 19.96241], [-88.95117, 19.95967], [-88.95409, 19.96058]]]}}, {"id": "2458886", "type": "Feature", "properties": {"id": "2458886", "CVEGEO": "3109800010251039", "POBTOT": 0.0, "score_nse": 10.0, "NSE": "E", "VIVTOT": 1.0, "GRAPROES": 0.0, "_ent": "31", "_mun": "098", "_loc": "0001"}, "geometry": {"type": "Polygon", "coordinates": [[[-89.04921, 20.06117], [-89.04961, 20.05972], [-89.05094, 20.05997], [-89.05068, 20.06134], [-89.04921, 20.06117]]]}}, {"id": "2458887", "type": "Feature", "properties": {"id": "2458887", "CVEGEO": "3109800120139017", "POBTOT": 0.0, "score_nse": 0.0, "NSE": null, "VIVTOT": 0.0, "GRAPROES": 0.0, "_ent": "31", "_mun": "098", "_loc": "0012"}, "geometry": {"type": "Polygon", "coordinates": [[[-89.06785, 20.12499], [-89.06682, 20.12481], [-89.06747, 20.12221], [-89.06814, 20.12237], [-89.06785, 20.12499]]]}}, {"id": "2458888", "type": "Feature", "properties": {"id": "2458888", "CVEGEO": "3109800240177002", "POBTOT": 0.0, "score_nse": 0.0, "NSE": null, "VIVTOT": 0.0, "GRAPROES": 0.0, "_ent": "31", "_mun": "098", "_loc": "0024"}, "geometry": {"type": "Polygon", "coordinates": [[[-89.10596, 19.84055], [-89.10623, 19.8413], [-89.10542, 19.84148], [-89.10518, 19.84076], [-89.10596, 19.84055]]]}}, {"id": "2458889", "type": "Feature", "properties": {"id": "2458889", "CVEGEO": "3109800010228018", "POBTOT": 95.0, "score_nse": 0.0, "NSE": "ND", "VIVTOT": 27.0, "GRAPROES": 9.05, "_ent": "31", "_mun": "098", "_loc": "0001"}, "geometry": {"type": "Polygon", "coordinates": [[[-89.04556, 20.08029], [-89.04568, 20.07996], [-89.0467, 20.08005], [-89.04652, 20.08108], [-89.04769, 20.08119], [-89.04774, 20.08152], [-89.04775, 20.08119], [-89.0489, 20.08132], [-89.04865, 20.08217], [-89.04766, 20.0821], [-89.04864, 20.08224], [-89.04734, 20.08711], [-89.04481, 20.08685], [-89.04524, 20.08253], [-89.04429, 20.08244], [-89.0446, 20.07987], [-89.04561, 20.07996], [-89.04556, 20.08029]]]}}, {"id": "2458890", "type": "Feature", "properties": {"id": "2458890", "CVEGEO": "3109800010228033", "POBTOT": 37.0, "score_nse": 0.0, "NSE": "ND", "VIVTOT": 8.0, "GRAPROES": 8.38, "_ent": "31", "_mun": "098", "_loc": "0001"}, "geometry": {"type": "Polygon", "coordinates": [[[-89.04656, 20.08103], [-89.04677, 20.08005], [-89.04787, 20.08022], [-89.04768, 20.08111], [-89.04656, 20.08103]]]}}, {"id": "2458891", "type": "Feature", "properties": {"id": "2458891", "CVEGEO": "3109800010251009", "POBTOT": 86.0, "score_nse": 0.0, "NSE": "ND", "VIVTOT": 36.0, "GRAPROES": 6.98, "_ent": "31", "_mun": "098", "_loc": "0001"}, "geometry": {"type": "Polygon", "coordinates": [[[-89.04671, 20.06768], [-89.04583, 20.06735], [-89.04594, 20.06674], [-89.04547, 20.0666], [-89.04587, 20.06679], [-89.04577, 20.06734], [-89.04385, 20.06665], [-89.04407, 20.06512], [-89.04682, 20.06543], [-89.0467, 20.06617], [-89.04613, 20.06615], [-89.0467, 20.06622], [-89.04671, 20.06768]]]}}, {"id": "2458892", "type": "Feature", "properties": {"id": "2458892", "CVEGEO": "3109800010270003", "POBTOT": 44.0, "score_nse": 0.0, "NSE": "ND", "VIVTOT": 14.0, "GRAPROES": 8.5, "_ent": "31", "_mun": "098", "_loc": "0001"}, "geometry": {"type": "Polygon", "coordinates": [[[-89.05686, 20.05767], [-89.05962, 20.05632], [-89.06089, 20.05675], [-89.05764, 20.06491], [-89.05527, 20.06461], [-89.05531, 20.06438], [-89.05521, 20.06461], [-89.05377, 20.06437], [-89.05385, 20.06406], [-89.05371, 20.06436], [-89.05209, 20.06405], [-89.05237, 20.06308], [-89.053, 20.06246], [-89.0538, 20.06126], [-89.05563, 20.05958], [-89.05612, 20.05863], [-89.05686, 20.05767]]]}}, {"id": "2458893", "type": "Feature", "properties": {"id": "2458893", "CVEGEO": "3109800110139014", "POBTOT": 0.0, "score_nse": 0.0, "NSE": null, "VIVTOT": 0.0, "GRAPROES": 0.0, "_ent": "31", "_mun": "098", "_loc": "0011"}, "geometry": {"type": "Polygon", "coordinates": [[[-89.04603, 20.08771], [-89.04617, 20.08707], [-89.04733, 20.08718], [-89.04705, 20.08804], [-89.04603, 20.08771]]]}}, {"id": "2458894", "type": "Feature", "properties": {"id": "2458894", "CVEGEO": "3109800110139025", "POBTOT": 0.0, "score_nse": 0.0, "NSE": null, "VIVTOT": 0.0, "GRAPROES": 0.0, "_ent": "31", "_mun": "098", "_loc": "0011"}, "geometry": {"type": "Polygon", "coordinates": [[[-89.04492, 20.08743], [-89.04502, 20.08696], [-89.04611, 20.08707], [-89.04598, 20.08769], [-89.04492, 20.08743]]]}}, {"id": "2458895", "type": "Feature", "properties": {"id": "2458895", "CVEGEO": "3109800060139011", "POBTOT": 0.0, "score_nse": 0.0, "NSE": null, "VIVTOT": 0.0, "GRAPROES": 0.0, "_ent": "31", "_mun": "098", "_loc": "0006"}, "geometry": {"type": "Polygon", "coordinates": [[[-89.13146, 20.09559], [-89.13049, 20.09622], [-89.12954, 20.09601], [-89.12937, 20.09572], [-89.12955, 20.09507], [-89.13146, 20.09559]]]}}, {"id": "2458896", "type": "Feature", "properties": {"id": "2458896", "CVEGEO": "3109800060139015", "POBTOT": 0.0, "score_nse": 0.0, "NSE": null, "VIVTOT": 0.0, "GRAPROES": 0.0, "_ent": "31", "_mun": "098", "_loc": "0006"}, "geometry": {"type": "Polygon", "coordinates": [[[-89.12946, 20.096], [-89.12704, 20.09547], [-89.12753, 20.09464], [-89.12931, 20.09501], [-89.1295, 20.09506], [-89.12931, 20.09572], [-89.12946, 20.096]]]}}, {"id": "2458897", "type": "Feature", "properties": {"id": "2458897", "CVEGEO": "3109800220177009", "POBTOT": 0.0, "score_nse": 0.0, "NSE": null, "VIVTOT": 0.0, "GRAPROES": 0.0, "_ent": "31", "_mun": "098", "_loc": "0022"}, "geometry": {"type": "Polygon", "coordinates": [[[-89.03953, 19.87092], [-89.03761, 19.87014], [-89.03779, 19.8698], [-89.03971, 19.87042], [-89.03999, 19.86836], [-89.04057, 19.86841], [-89.04027, 19.87098], [-89.03953, 19.87092]]]}}, {"id": "2458898", "type": "Feature", "properties": {"id": "2458898", "CVEGEO": "3109800430181013", "POBTOT": 0.0, "score_nse": 0.0, "NSE": null, "VIVTOT": 0.0, "GRAPROES": 0.0, "_ent": "31", "_mun": "098", "_loc": "0043"}, "geometry": {"type": "Polygon", "coordinates": [[[-89.04828, 19.78687], [-89.04884, 19.78626], [-89.04925, 19.78643], [-89.04984, 19.78627], [-89.05024, 19.78648], [-89.0508, 19.78712], [-89.04948, 19.78764], [-89.04854, 19.78773], [-89.04814, 19.78764], [-89.04828, 19.78687]]]}}, {"id": "2458899", "type": "Feature", "properties": {"id": "2458899", "CVEGEO": "3109800430181014", "POBTOT": 0.0, "score_nse": 0.0, "NSE": null, "VIVTOT": 0.0, "GRAPROES": 0.0, "_ent": "31", "_mun": "098", "_loc": "0043"}, "geometry": {"type": "Polygon", "coordinates": [[[-89.04774, 19.78674], [-89.04801, 19.78579], [-89.04877, 19.78612], [-89.04819, 19.78686], [-89.04774, 19.78674]]]}}, {"id": "2458900", "type": "Feature", "properties": {"id": "2458900", "CVEGEO": "3109800430181015", "POBTOT": 0.0, "score_nse": 0.0, "NSE": null, "VIVTOT": 0.0, "GRAPROES": 0.0, "_ent": "31", "_mun": "098", "_loc": "0043"}, "geometry": {"type": "Polygon", "coordinates": [[[-89.04761, 19.78743], [-89.04773, 19.78686], [-89.04818, 19.78693], [-89.04808, 19.78757], [-89.04761, 19.78743]]]}}, {"id": "2458901", "type": "Feature", "properties": {"id": "2458901", "CVEGEO": "3109800240177016", "POBTOT": 0.0, "score_nse": 0.0, "NSE": null, "VIVTOT": 0.0, "GRAPROES": 0.0, "_ent": "31", "_mun": "098", "_loc": "0024"}, "geometry": {"type": "Polygon", "coordinates": [[[-89.10608, 19.84052], [-89.10666, 19.84039], [-89.10691, 19.84116], [-89.10629, 19.84129], [-89.10608, 19.84052]]]}}, {"id": "2458902", "type": "Feature", "properties": {"id": "2458902", "CVEGEO": "3109800110139027", "POBTOT": 0.0, "score_nse": 0.0, "NSE": null, "VIVTOT": 0.0, "GRAPROES": 0.0, "_ent": "31", "_mun": "098", "_loc": "0011"}, "geometry": {"type": "Polygon", "coordinates": [[[-89.04363, 20.08926], [-89.04425, 20.08953], [-89.04389, 20.09054], [-89.04325, 20.09028], [-89.04363, 20.08926]]]}}, {"id": "2458903", "type": "Feature", "properties": {"id": "2458903", "CVEGEO": "3109800010266022", "POBTOT": 36.0, "score_nse": 0.0, "NSE": "ND", "VIVTOT": 9.0, "GRAPROES": 6.68, "_ent": "31", "_mun": "098", "_loc": "0001"}, "geometry": {"type": "Polygon", "coordinates": [[[-89.05982, 20.06918], [-89.06012, 20.06811], [-89.06194, 20.06828], [-89.06182, 20.06939], [-89.05982, 20.06918]]]}}, {"id": "2458904", "type": "Feature", "properties": {"id": "2458904", "CVEGEO": "3109800240177017", "POBTOT": 0.0, "score_nse": 0.0, "NSE": null, "VIVTOT": 0.0, "GRAPROES": 0.0, "_ent": "31", "_mun": "098", "_loc": "0024"}, "geometry": {"type": "Polygon", "coordinates": [[[-89.10249, 19.8422], [-89.10456, 19.84175], [-89.10481, 19.84238], [-89.1027, 19.84296], [-89.10249, 19.8422]]]}}, {"id": "2458905", "type": "Feature", "properties": {"id": "2458905", "CVEGEO": "3109800080177018", "POBTOT": 0.0, "score_nse": 0.0, "NSE": null, "VIVTOT": 0.0, "GRAPROES": 0.0, "_ent": "31", "_mun": "098", "_loc": "0008"}, "geometry": {"type": "Polygon", "coordinates": [[[-89.00624, 19.81093], [-89.00649, 19.80996], [-89.00719, 19.8102], [-89.00699, 19.81111], [-89.00624, 19.81093]]]}}, {"id": "2458906", "type": "Feature", "properties": {"id": "2458906", "CVEGEO": "3109800080177017", "POBTOT": 0.0, "score_nse": 0.0, "NSE": null, "VIVTOT": 0.0, "GRAPROES": 0.0, "_ent": "31", "_mun": "098", "_loc": "0008"}, "geometry": {"type": "Polygon", "coordinates": [[[-89.00621, 19.81106], [-89.00697, 19.81118], [-89.00671, 19.81207], [-89.00602, 19.81188], [-89.00621, 19.81106]]]}}, {"id": "2458907", "type": "Feature", "properties": {"id": "2458907", "CVEGEO": "3109800010266035", "POBTOT": 2.0, "score_nse": 0.0, "NSE": "ND", "VIVTOT": 6.0, "GRAPROES": 0.0, "_ent": "31", "_mun": "098", "_loc": "0001"}, "geometry": {"type": "Polygon", "coordinates": [[[-89.06029, 20.07276], [-89.06075, 20.07134], [-89.06153, 20.07143], [-89.06144, 20.07289], [-89.06029, 20.07276]]]}}, {"id": "2458908", "type": "Feature", "properties": {"id": "2458908", "CVEGEO": "3109800010266036", "POBTOT": 0.0, "score_nse": 0.0, "NSE": null, "VIVTOT": 0.0, "GRAPROES": 0.0, "_ent": "31", "_mun": "098", "_loc": "0001"}, "geometry": {"type": "Polygon", "coordinates": [[[-89.05958, 20.07035], [-89.06096, 20.0704], [-89.0607, 20.07126], [-89.05936, 20.07117], [-89.05958, 20.07035]]]}}, {"id": "2458909", "type": "Feature", "properties": {"id": "2458909", "CVEGEO": "3109800010266037", "POBTOT": 0.0, "score_nse": 0.0, "NSE": null, "VIVTOT": 0.0, "GRAPROES": 0.0, "_ent": "31", "_mun": "098", "_loc": "0001"}, "geometry": {"type": "Polygon", "coordinates": [[[-89.06152, 20.07136], [-89.06078, 20.07127], [-89.06104, 20.07042], [-89.06158, 20.07045], [-89.06152, 20.07136]]]}}, {"id": "2458910", "type": "Feature", "properties": {"id": "2458910", "CVEGEO": "3109800280162004", "POBTOT": 0.0, "score_nse": 0.0, "NSE": null, "VIVTOT": 0.0, "GRAPROES": 0.0, "_ent": "31", "_mun": "098", "_loc": "0028"}, "geometry": {"type": "Polygon", "coordinates": [[[-89.03839, 19.9133], [-89.03877, 19.91256], [-89.03945, 19.91276], [-89.03909, 19.91348], [-89.03839, 19.9133]]]}}, {"id": "2458911", "type": "Feature", "properties": {"id": "2458911", "CVEGEO": "3109800280162014", "POBTOT": 0.0, "score_nse": 0.0, "NSE": null, "VIVTOT": 0.0, "GRAPROES": 0.0, "_ent": "31", "_mun": "098", "_loc": "0028"}, "geometry": {"type": "Polygon", "coordinates": [[[-89.03969, 19.91207], [-89.03949, 19.91268], [-89.03881, 19.91249], [-89.03911, 19.91191], [-89.03969, 19.91207]]]}}, {"id": "2458912", "type": "Feature", "properties": {"id": "2458912", "CVEGEO": "3109800370181001", "POBTOT": 0.0, "score_nse": 0.0, "NSE": null, "VIVTOT": 0.0, "GRAPROES": 0.0, "_ent": "31", "_mun": "098", "_loc": "0037"}, "geometry": {"type": "Polygon", "coordinates": [[[-89.04148, 19.70914], [-89.04153, 19.70958], [-89.04184, 19.71027], [-89.04167, 19.71118], [-89.0408, 19.71102], [-89.04081, 19.71006], [-89.04073, 19.71039], [-89.04002, 19.71036], [-89.04002, 19.71017], [-89.03997, 19.71036], [-89.03932, 19.71034], [-89.03931, 19.70913], [-89.04107, 19.70915], [-89.04109, 19.70866], [-89.04304, 19.70919], [-89.04264, 19.71138], [-89.04177, 19.7112], [-89.04182, 19.71055], [-89.04233, 19.7105], [-89.04247, 19.71017], [-89.0423, 19.70972], [-89.04237, 19.71033], [-89.04194, 19.71033], [-89.04191, 19.70996], [-89.04158, 19.70945], [-89.0418, 19.70914], [-89.04148, 19.70914]]]}}, {"id": "2458913", "type": "Feature", "properties": {"id": "2458913", "CVEGEO": "3109800370181003", "POBTOT": 0.0, "score_nse": 0.0, "NSE": null, "VIVTOT": 0.0, "GRAPROES": 0.0, "_ent": "31", "_mun": "098", "_loc": "0037"}, "geometry": {"type": "Polygon", "coordinates": [[[-89.03855, 19.70911], [-89.03922, 19.70913], [-89.03924, 19.71037], [-89.0385, 19.71035], [-89.03855, 19.70911]]]}}, {"id": "2458914", "type": "Feature", "properties": {"id": "2458914", "CVEGEO": "3109800370181005", "POBTOT": 0.0, "score_nse": 0.0, "NSE": null, "VIVTOT": 0.0, "GRAPROES": 0.0, "_ent": "31", "_mun": "098", "_loc": "0037"}, "geometry": {"type": "Polygon", "coordinates": [[[-89.03827, 19.71041], [-89.03919, 19.71042], [-89.03922, 19.71089], [-89.03826, 19.71085], [-89.03827, 19.71041]]]}}, {"id": "2458915", "type": "Feature", "properties": {"id": "2458915", "CVEGEO": "3109800010105040", "POBTOT": 83.0, "score_nse": 41.3387, "NSE": "D+", "VIVTOT": 30.0, "GRAPROES": 7.84, "_ent": "31", "_mun": "098", "_loc": "0001"}, "geometry": {"type": "Polygon", "coordinates": [[[-89.05464, 20.07792], [-89.05497, 20.07661], [-89.05728, 20.07704], [-89.05669, 20.07687], [-89.05746, 20.07544], [-89.05842, 20.07603], [-89.05821, 20.07645], [-89.05848, 20.07608], [-89.05934, 20.07665], [-89.05927, 20.07679], [-89.05941, 20.07669], [-89.06507, 20.08025], [-89.06499, 20.08044], [-89.05464, 20.07792]]]}}, {"id": "2458916", "type": "Feature", "properties": {"id": "2458916", "CVEGEO": "3109800430181007", "POBTOT": 0.0, "score_nse": 0.0, "NSE": null, "VIVTOT": 0.0, "GRAPROES": 0.0, "_ent": "31", "_mun": "098", "_loc": "0043"}, "geometry": {"type": "Polygon", "coordinates": [[[-89.04678, 19.78726], [-89.04744, 19.78518], [-89.04952, 19.78534], [-89.05076, 19.78618], [-89.05191, 19.78602], [-89.05191, 19.78499], [-89.05257, 19.78491], [-89.05276, 19.78652], [-89.05204, 19.78662], [-89.05092, 19.78707], [-89.05004, 19.78621], [-89.04981, 19.78614], [-89.04921, 19.78635], [-89.04885, 19.786], [-89.04791, 19.78566], [-89.04753, 19.78733], [-89.04678, 19.78726]]]}}, {"id": "2458917", "type": "Feature", "properties": {"id": "2458917", "CVEGEO": "3109800010247040", "POBTOT": 0.0, "score_nse": 0.0, "NSE": "ND", "VIVTOT": 0.0, "GRAPROES": 0.0, "_ent": "31", "_mun": "098", "_loc": "0001"}, "geometry": {"type": "Polygon", "coordinates": [[[-89.04321, 20.07138], [-89.04375, 20.07167], [-89.04376, 20.07179], [-89.04349, 20.0718], [-89.04321, 20.07138]]]}}, {"id": "2458918", "type": "Feature", "properties": {"id": "2458918", "CVEGEO": "3109800280162003", "POBTOT": 0.0, "score_nse": 0.0, "NSE": null, "VIVTOT": 0.0, "GRAPROES": 0.0, "_ent": "31", "_mun": "098", "_loc": "0028"}, "geometry": {"type": "Polygon", "coordinates": [[[-89.03787, 19.91238], [-89.03767, 19.91311], [-89.03691, 19.91293], [-89.03705, 19.91219], [-89.03787, 19.91238]]]}}, {"id": "2458919", "type": "Feature", "properties": {"id": "2458919", "CVEGEO": "3109800280162007", "POBTOT": 0.0, "score_nse": 0.0, "NSE": null, "VIVTOT": 0.0, "GRAPROES": 0.0, "_ent": "31", "_mun": "098", "_loc": "0028"}, "geometry": {"type": "Polygon", "coordinates": [[[-89.0392, 19.91688], [-89.03798, 19.91484], [-89.03851, 19.91474], [-89.03871, 19.91432], [-89.03977, 19.91465], [-89.04013, 19.91378], [-89.04058, 19.91389], [-89.0403, 19.91444], [-89.04007, 19.91555], [-89.03852, 19.91511], [-89.03872, 19.91563], [-89.03907, 19.91557], [-89.03921, 19.91604], [-89.03979, 19.91615], [-89.03974, 19.91663], [-89.0392, 19.91688]]]}}, {"id": "2458920", "type": "Feature", "properties": {"id": "2458920", "CVEGEO": "3109800280162015", "POBTOT": 0.0, "score_nse": 0.0, "NSE": null, "VIVTOT": 0.0, "GRAPROES": 0.0, "_ent": "31", "_mun": "098", "_loc": "0028"}, "geometry": {"type": "Polygon", "coordinates": [[[-89.0387, 19.91256], [-89.03832, 19.91327], [-89.03771, 19.91315], [-89.03791, 19.91238], [-89.0387, 19.91256]]]}}, {"id": "2458921", "type": "Feature", "properties": {"id": "2458921", "CVEGEO": "3109800280162016", "POBTOT": 0.0, "score_nse": 0.0, "NSE": null, "VIVTOT": 0.0, "GRAPROES": 0.0, "_ent": "31", "_mun": "098", "_loc": "0028"}, "geometry": {"type": "Polygon", "coordinates": [[[-89.03795, 19.91479], [-89.03801, 19.91409], [-89.03866, 19.9143], [-89.03849, 19.91469], [-89.03795, 19.91479]]]}}, {"id": "2458922", "type": "Feature", "properties": {"id": "2458922", "CVEGEO": "3109800110139018", "POBTOT": 0.0, "score_nse": 0.0, "NSE": null, "VIVTOT": 0.0, "GRAPROES": 0.0, "_ent": "31", "_mun": "098", "_loc": "0011"}, "geometry": {"type": "Polygon", "coordinates": [[[-89.04789, 20.09156], [-89.04808, 20.0906], [-89.04919, 20.0908], [-89.04905, 20.09184], [-89.04789, 20.09156]]]}}]}