{"type": "FeatureCollection", "features": [{"id": "1128573", "type": "Feature", "properties": {"id": "1128573", "CVEGEO": "1505900010042024", "POBTOT": 149.0, "score_nse": 0.0, "NSE": "ND", "VIVTOT": 37.0, "GRAPROES": 9.12, "_ent": "15", "_mun": "059", "_loc": "0001"}, "geometry": {"type": "Polygon", "coordinates": [[[-99.07416, 19.74839], [-99.07467, 19.74858], [-99.07419, 19.74834], [-99.07463, 19.74752], [-99.07624, 19.74802], [-99.07628, 19.74881], [-99.07568, 19.75039], [-99.07358, 19.74964], [-99.07389, 19.74898], [-99.07451, 19.74917], [-99.07391, 19.74892], [-99.07416, 19.74839]]]}}, {"id": "1128655", "type": "Feature", "properties": {"id": "1128655", "CVEGEO": "1505900010038049", "POBTOT": 26.0, "score_nse": 0.0, "NSE": "ND", "VIVTOT": 7.0, "GRAPROES": 7.95, "_ent": "15", "_mun": "059", "_loc": "0001"}, "geometry": {"type": "Polygon", "coordinates": [[[-99.07161, 19.75013], [-99.07174, 19.74978], [-99.07225, 19.74998], [-99.07211, 19.7503], [-99.07161, 19.75013]]]}}, {"id": "1128656", "type": "Feature", "properties": {"id": "1128656", "CVEGEO": "1505900010038050", "POBTOT": 58.0, "score_nse": 56.3169, "NSE": "C", "VIVTOT": 18.0, "GRAPROES": 9.69, "_ent": "15", "_mun": "059", "_loc": "0001"}, "geometry": {"type": "Polygon", "coordinates": [[[-99.07209, 19.75034], [-99.07198, 19.75063], [-99.07151, 19.75046], [-99.07161, 19.75016], [-99.07209, 19.75034]]]}}, {"id": "1128687", "type": "Feature", "properties": {"id": "1128687", "CVEGEO": "1505900010057037", "POBTOT": 1.0, "score_nse": 0.0, "NSE": "ND", "VIVTOT": 2.0, "GRAPROES": 0.0, "_ent": "15", "_mun": "059", "_loc": "0001"}, "geometry": {"type": "Polygon", "coordinates": [[[-99.07823, 19.74657], [-99.07787, 19.74792], [-99.07695, 19.74822], [-99.07658, 19.7473], [-99.07696, 19.74614], [-99.07823, 19.74657]]]}}, {"id": "1128688", "type": "Feature", "properties": {"id": "1128688", "CVEGEO": "1505900010057035", "POBTOT": 74.0, "score_nse": 47.7682, "NSE": "C-", "VIVTOT": 23.0, "GRAPROES": 7.88, "_ent": "15", "_mun": "059", "_loc": "0001"}, "geometry": {"type": "Polygon", "coordinates": [[[-99.08117, 19.74507], [-99.08084, 19.7469], [-99.08018, 19.74713], [-99.07916, 19.74678], [-99.07977, 19.74459], [-99.08117, 19.74507]]]}}, {"id": "1128689", "type": "Feature", "properties": {"id": "1128689", "CVEGEO": "1505900010057034", "POBTOT": 39.0, "score_nse": 59.1929, "NSE": "C", "VIVTOT": 17.0, "GRAPROES": 9.94, "_ent": "15", "_mun": "059", "_loc": "0001"}, "geometry": {"type": "Polygon", "coordinates": [[[-99.08007, 19.74354], [-99.0813, 19.74389], [-99.08118, 19.74498], [-99.07983, 19.74452], [-99.08007, 19.74354]]]}}, {"id": "1128690", "type": "Feature", "properties": {"id": "1128690", "CVEGEO": "1505900010042040", "POBTOT": 107.0, "score_nse": 61.5979, "NSE": "C", "VIVTOT": 27.0, "GRAPROES": 9.16, "_ent": "15", "_mun": "059", "_loc": "0001"}, "geometry": {"type": "Polygon", "coordinates": [[[-99.06774, 19.73896], [-99.06754, 19.73949], [-99.06699, 19.73932], [-99.06681, 19.73985], [-99.06634, 19.73971], [-99.06686, 19.73826], [-99.06774, 19.73896]]]}}, {"id": "1128691", "type": "Feature", "properties": {"id": "1128691", "CVEGEO": "1505900010042039", "POBTOT": 24.0, "score_nse": 0.0, "NSE": "ND", "VIVTOT": 9.0, "GRAPROES": 7.2, "_ent": "15", "_mun": "059", "_loc": "0001"}, "geometry": {"type": "Polygon", "coordinates": [[[-99.06884, 19.73625], [-99.06982, 19.73714], [-99.06935, 19.73783], [-99.06851, 19.7371], [-99.06884, 19.73625]]]}}, {"id": "1128692", "type": "Feature", "properties": {"id": "1128692", "CVEGEO": "1505900010042021", "POBTOT": 56.0, "score_nse": 0.0, "NSE": "ND", "VIVTOT": 15.0, "GRAPROES": 8.72, "_ent": "15", "_mun": "059", "_loc": "0001"}, "geometry": {"type": "Polygon", "coordinates": [[[-99.07086, 19.73836], [-99.07167, 19.73744], [-99.07214, 19.73786], [-99.07252, 19.73853], [-99.0721, 19.73966], [-99.07064, 19.73938], [-99.07086, 19.73836]]]}}, {"id": "1128693", "type": "Feature", "properties": {"id": "1128693", "CVEGEO": "1505900010042020", "POBTOT": 165.0, "score_nse": 0.0, "NSE": "ND", "VIVTOT": 43.0, "GRAPROES": 8.53, "_ent": "15", "_mun": "059", "_loc": "0001"}, "geometry": {"type": "Polygon", "coordinates": [[[-99.06783, 19.7389], [-99.06848, 19.73716], [-99.06936, 19.73791], [-99.06977, 19.73728], [-99.07014, 19.73754], [-99.0698, 19.73724], [-99.06989, 19.73711], [-99.07053, 19.73761], [-99.0703, 19.73738], [-99.07047, 19.73714], [-99.07094, 19.73747], [-99.07063, 19.73907], [-99.07029, 19.73883], [-99.07062, 19.73913], [-99.07057, 19.73936], [-99.06846, 19.73901], [-99.0686, 19.73861], [-99.06843, 19.739], [-99.06783, 19.7389]]]}}, {"id": "1128694", "type": "Feature", "properties": {"id": "1128694", "CVEGEO": "1505900010042010", "POBTOT": 99.0, "score_nse": 0.0, "NSE": "ND", "VIVTOT": 30.0, "GRAPROES": 9.79, "_ent": "15", "_mun": "059", "_loc": "0001"}, "geometry": {"type": "Polygon", "coordinates": [[[-99.06934, 19.74508], [-99.0685, 19.74315], [-99.07095, 19.74407], [-99.07085, 19.74429], [-99.07065, 19.74422], [-99.07083, 19.74433], [-99.0704, 19.74512], [-99.07017, 19.74502], [-99.07038, 19.74517], [-99.07024, 19.74542], [-99.06934, 19.74508]]]}}, {"id": "1128695", "type": "Feature", "properties": {"id": "1128695", "CVEGEO": "1505900010042009", "POBTOT": 49.0, "score_nse": 48.5742, "NSE": "C-", "VIVTOT": 18.0, "GRAPROES": 9.18, "_ent": "15", "_mun": "059", "_loc": "0001"}, "geometry": {"type": "Polygon", "coordinates": [[[-99.06828, 19.74308], [-99.06929, 19.7451], [-99.0702, 19.74549], [-99.06995, 19.7459], [-99.06791, 19.74529], [-99.06828, 19.74308]]]}}, {"id": "1128696", "type": "Feature", "properties": {"id": "1128696", "CVEGEO": "1505900010042008", "POBTOT": 51.0, "score_nse": 0.0, "NSE": "ND", "VIVTOT": 15.0, "GRAPROES": 8.86, "_ent": "15", "_mun": "059", "_loc": "0001"}, "geometry": {"type": "Polygon", "coordinates": [[[-99.07003, 19.74594], [-99.07069, 19.74472], [-99.07217, 19.74525], [-99.07079, 19.74618], [-99.07003, 19.74594]]]}}, {"id": "1128697", "type": "Feature", "properties": {"id": "1128697", "CVEGEO": "1505900010038035", "POBTOT": 91.0, "score_nse": 53.1349, "NSE": "C-", "VIVTOT": 28.0, "GRAPROES": 9.17, "_ent": "15", "_mun": "059", "_loc": "0001"}, "geometry": {"type": "Polygon", "coordinates": [[[-99.07127, 19.75473], [-99.07084, 19.75455], [-99.07127, 19.75352], [-99.07274, 19.75406], [-99.07219, 19.7557], [-99.07123, 19.75574], [-99.07024, 19.75607], [-99.07082, 19.7546], [-99.07127, 19.75473]]]}}, {"id": "1128698", "type": "Feature", "properties": {"id": "1128698", "CVEGEO": "1505900010038034", "POBTOT": 13.0, "score_nse": 0.0, "NSE": "ND", "VIVTOT": 4.0, "GRAPROES": 9.9, "_ent": "15", "_mun": "059", "_loc": "0001"}, "geometry": {"type": "Polygon", "coordinates": [[[-99.07307, 19.7507], [-99.07357, 19.7497], [-99.07419, 19.74993], [-99.07378, 19.75098], [-99.07307, 19.7507]]]}}, {"id": "1128699", "type": "Feature", "properties": {"id": "1128699", "CVEGEO": "1505900010038032", "POBTOT": 54.0, "score_nse": 59.2169, "NSE": "C", "VIVTOT": 13.0, "GRAPROES": 9.4, "_ent": "15", "_mun": "059", "_loc": "0001"}, "geometry": {"type": "Polygon", "coordinates": [[[-99.06931, 19.75274], [-99.07045, 19.75316], [-99.06983, 19.75487], [-99.06931, 19.75274]]]}}, {"id": "1128700", "type": "Feature", "properties": {"id": "1128700", "CVEGEO": "1505900010038031", "POBTOT": 103.0, "score_nse": 51.8287, "NSE": "C-", "VIVTOT": 33.0, "GRAPROES": 9.07, "_ent": "15", "_mun": "059", "_loc": "0001"}, "geometry": {"type": "Polygon", "coordinates": [[[-99.06939, 19.75632], [-99.0705, 19.75321], [-99.07122, 19.75349], [-99.07013, 19.7561], [-99.06939, 19.75632]]]}}, {"id": "1128701", "type": "Feature", "properties": {"id": "1128701", "CVEGEO": "1505900010057036", "POBTOT": 16.0, "score_nse": 0.0, "NSE": "ND", "VIVTOT": 4.0, "GRAPROES": 11.13, "_ent": "15", "_mun": "059", "_loc": "0001"}, "geometry": {"type": "Polygon", "coordinates": [[[-99.07831, 19.74658], [-99.08007, 19.74716], [-99.07797, 19.74789], [-99.07831, 19.74658]]]}}, {"id": "1128702", "type": "Feature", "properties": {"id": "1128702", "CVEGEO": "1505900010038004", "POBTOT": 68.0, "score_nse": 56.7789, "NSE": "C", "VIVTOT": 19.0, "GRAPROES": 9.4, "_ent": "15", "_mun": "059", "_loc": "0001"}, "geometry": {"type": "Polygon", "coordinates": [[[-99.06809, 19.74767], [-99.06789, 19.7454], [-99.06986, 19.74598], [-99.06857, 19.74782], [-99.06809, 19.74767]]]}}, {"id": "1128703", "type": "Feature", "properties": {"id": "1128703", "CVEGEO": "1505900010038003", "POBTOT": 42.0, "score_nse": 55.0727, "NSE": "C", "VIVTOT": 11.0, "GRAPROES": 9.74, "_ent": "15", "_mun": "059", "_loc": "0001"}, "geometry": {"type": "Polygon", "coordinates": [[[-99.06721, 19.74747], [-99.06795, 19.74769], [-99.06803, 19.74801], [-99.06699, 19.74814], [-99.06721, 19.74747]]]}}, {"id": "1128704", "type": "Feature", "properties": {"id": "1128704", "CVEGEO": "1505900010038002", "POBTOT": 125.0, "score_nse": 47.2496, "NSE": "C-", "VIVTOT": 41.0, "GRAPROES": 9.77, "_ent": "15", "_mun": "059", "_loc": "0001"}, "geometry": {"type": "Polygon", "coordinates": [[[-99.06528, 19.7491], [-99.0667, 19.74831], [-99.06779, 19.74801], [-99.06805, 19.74807], [-99.06816, 19.74853], [-99.06746, 19.74977], [-99.06528, 19.7491]]]}}, {"id": "1128705", "type": "Feature", "properties": {"id": "1128705", "CVEGEO": "1505900010038001", "POBTOT": 16.0, "score_nse": 0.0, "NSE": "ND", "VIVTOT": 5.0, "GRAPROES": 8.5, "_ent": "15", "_mun": "059", "_loc": "0001"}, "geometry": {"type": "Polygon", "coordinates": [[[-99.06823, 19.74846], [-99.06802, 19.74771], [-99.06854, 19.7479], [-99.06823, 19.74846]]]}}, {"id": "1128719", "type": "Feature", "properties": {"id": "1128719", "CVEGEO": "1505900010042016", "POBTOT": 89.0, "score_nse": 0.0, "NSE": "ND", "VIVTOT": 21.0, "GRAPROES": 7.68, "_ent": "15", "_mun": "059", "_loc": "0001"}, "geometry": {"type": "Polygon", "coordinates": [[[-99.07116, 19.7481], [-99.07218, 19.74843], [-99.07195, 19.74903], [-99.07095, 19.74869], [-99.07116, 19.7481]]]}}, {"id": "1128720", "type": "Feature", "properties": {"id": "1128720", "CVEGEO": "1505900010042015", "POBTOT": 92.0, "score_nse": 53.1629, "NSE": "C-", "VIVTOT": 28.0, "GRAPROES": 9.18, "_ent": "15", "_mun": "059", "_loc": "0001"}, "geometry": {"type": "Polygon", "coordinates": [[[-99.0722, 19.74839], [-99.07118, 19.74804], [-99.07173, 19.7466], [-99.07275, 19.74694], [-99.07242, 19.74774], [-99.07216, 19.74767], [-99.0724, 19.7478], [-99.0722, 19.74839]]]}}, {"id": "1128721", "type": "Feature", "properties": {"id": "1128721", "CVEGEO": "1505900010042012", "POBTOT": 88.0, "score_nse": 59.252, "NSE": "C", "VIVTOT": 25.0, "GRAPROES": 10.14, "_ent": "15", "_mun": "059", "_loc": "0001"}, "geometry": {"type": "Polygon", "coordinates": [[[-99.0725, 19.74142], [-99.07289, 19.74068], [-99.07343, 19.7406], [-99.07398, 19.74183], [-99.0725, 19.74142]]]}}, {"id": "1128722", "type": "Feature", "properties": {"id": "1128722", "CVEGEO": "1505900010038046", "POBTOT": 48.0, "score_nse": 70.38, "NSE": "C+", "VIVTOT": 10.0, "GRAPROES": 10.0, "_ent": "15", "_mun": "059", "_loc": "0001"}, "geometry": {"type": "Polygon", "coordinates": [[[-99.06356, 19.75066], [-99.0642, 19.74884], [-99.06518, 19.74915], [-99.06455, 19.75099], [-99.06356, 19.75066]]]}}, {"id": "1128723", "type": "Feature", "properties": {"id": "1128723", "CVEGEO": "1505900010038044", "POBTOT": 18.0, "score_nse": 0.0, "NSE": "ND", "VIVTOT": 8.0, "GRAPROES": 7.45, "_ent": "15", "_mun": "059", "_loc": "0001"}, "geometry": {"type": "Polygon", "coordinates": [[[-99.07252, 19.75836], [-99.069, 19.75735], [-99.06933, 19.75641], [-99.07124, 19.75579], [-99.07357, 19.75568], [-99.07252, 19.75836]]]}}, {"id": "1128724", "type": "Feature", "properties": {"id": "1128724", "CVEGEO": "1505900010038043", "POBTOT": 28.0, "score_nse": 0.0, "NSE": "ND", "VIVTOT": 6.0, "GRAPROES": 8.9, "_ent": "15", "_mun": "059", "_loc": "0001"}, "geometry": {"type": "Polygon", "coordinates": [[[-99.06867, 19.75029], [-99.06896, 19.75039], [-99.06883, 19.75091], [-99.06867, 19.75029]]]}}, {"id": "1128725", "type": "Feature", "properties": {"id": "1128725", "CVEGEO": "1505900010038030", "POBTOT": 147.0, "score_nse": 50.5867, "NSE": "C-", "VIVTOT": 51.0, "GRAPROES": 9.08, "_ent": "15", "_mun": "059", "_loc": "0001"}, "geometry": {"type": "Polygon", "coordinates": [[[-99.06926, 19.75634], [-99.06754, 19.7569], [-99.06396, 19.75569], [-99.06642, 19.75173], [-99.06753, 19.75212], [-99.06675, 19.7541], [-99.06759, 19.75214], [-99.06924, 19.75273], [-99.06978, 19.75498], [-99.06956, 19.75556], [-99.0689, 19.75535], [-99.06953, 19.75563], [-99.06942, 19.75591], [-99.06878, 19.75575], [-99.0694, 19.75598], [-99.06926, 19.75634]]]}}, {"id": "1128726", "type": "Feature", "properties": {"id": "1128726", "CVEGEO": "1505900010038029", "POBTOT": 17.0, "score_nse": 0.0, "NSE": "ND", "VIVTOT": 6.0, "GRAPROES": 10.82, "_ent": "15", "_mun": "059", "_loc": "0001"}, "geometry": {"type": "Polygon", "coordinates": [[[-99.07285, 19.7541], [-99.07402, 19.75457], [-99.07359, 19.75562], [-99.0723, 19.7557], [-99.07285, 19.7541]]]}}, {"id": "1128727", "type": "Feature", "properties": {"id": "1128727", "CVEGEO": "1505900010038028", "POBTOT": 34.0, "score_nse": 46.8267, "NSE": "C-", "VIVTOT": 9.0, "GRAPROES": 8.93, "_ent": "15", "_mun": "059", "_loc": "0001"}, "geometry": {"type": "Polygon", "coordinates": [[[-99.072, 19.75277], [-99.0726, 19.75165], [-99.07323, 19.75188], [-99.07283, 19.75296], [-99.07328, 19.75189], [-99.07486, 19.75248], [-99.07408, 19.75446], [-99.07163, 19.75354], [-99.07197, 19.75282], [-99.07261, 19.75305], [-99.072, 19.75277]]]}}, {"id": "1128729", "type": "Feature", "properties": {"id": "1128729", "CVEGEO": "1505900010038025", "POBTOT": 191.0, "score_nse": 0.0, "NSE": "ND", "VIVTOT": 56.0, "GRAPROES": 9.0, "_ent": "15", "_mun": "059", "_loc": "0001"}, "geometry": {"type": "Polygon", "coordinates": [[[-99.06249, 19.74575], [-99.06017, 19.74487], [-99.06035, 19.7443], [-99.06084, 19.74445], [-99.06037, 19.74425], [-99.06081, 19.74317], [-99.06207, 19.74356], [-99.06191, 19.74393], [-99.06214, 19.74359], [-99.06563, 19.74471], [-99.06516, 19.74599], [-99.06468, 19.74587], [-99.06514, 19.74604], [-99.06496, 19.74657], [-99.06259, 19.74578], [-99.06279, 19.74529], [-99.06249, 19.74575]]]}}, {"id": "1128738", "type": "Feature", "properties": {"id": "1128738", "CVEGEO": "1505900010042037", "POBTOT": 58.0, "score_nse": 0.0, "NSE": "ND", "VIVTOT": 16.0, "GRAPROES": 9.5, "_ent": "15", "_mun": "059", "_loc": "0001"}, "geometry": {"type": "Polygon", "coordinates": [[[-99.07015, 19.73685], [-99.07049, 19.73645], [-99.07104, 19.73689], [-99.07099, 19.73722], [-99.07064, 19.73698], [-99.07067, 19.73686], [-99.07047, 19.73708], [-99.07015, 19.73685]]]}}, {"id": "1128739", "type": "Feature", "properties": {"id": "1128739", "CVEGEO": "1505900010042036", "POBTOT": 35.0, "score_nse": 0.0, "NSE": "ND", "VIVTOT": 10.0, "GRAPROES": 7.61, "_ent": "15", "_mun": "059", "_loc": "0001"}, "geometry": {"type": "Polygon", "coordinates": [[[-99.07012, 19.73689], [-99.07043, 19.73712], [-99.07027, 19.73735], [-99.06994, 19.7371], [-99.07012, 19.73689]]]}}, {"id": "1128740", "type": "Feature", "properties": {"id": "1128740", "CVEGEO": "1505900010042035", "POBTOT": 91.0, "score_nse": 0.0, "NSE": "ND", "VIVTOT": 27.0, "GRAPROES": 9.88, "_ent": "15", "_mun": "059", "_loc": "0001"}, "geometry": {"type": "Polygon", "coordinates": [[[-99.06887, 19.73618], [-99.06901, 19.73586], [-99.07011, 19.73677], [-99.06987, 19.73708], [-99.06887, 19.73618]]]}}, {"id": "1128741", "type": "Feature", "properties": {"id": "1128741", "CVEGEO": "1505900010042026", "POBTOT": 101.0, "score_nse": 59.832, "NSE": "C", "VIVTOT": 40.0, "GRAPROES": 10.49, "_ent": "15", "_mun": "059", "_loc": "0001"}, "geometry": {"type": "Polygon", "coordinates": [[[-99.06826, 19.74293], [-99.06696, 19.74257], [-99.06708, 19.74219], [-99.06692, 19.74255], [-99.06651, 19.74241], [-99.06704, 19.74103], [-99.06755, 19.74121], [-99.06793, 19.74165], [-99.06826, 19.74293]]]}}, {"id": "1128742", "type": "Feature", "properties": {"id": "1128742", "CVEGEO": "1505900010038040", "POBTOT": 22.0, "score_nse": 0.0, "NSE": "ND", "VIVTOT": 6.0, "GRAPROES": 9.5, "_ent": "15", "_mun": "059", "_loc": "0001"}, "geometry": {"type": "Polygon", "coordinates": [[[-99.0622, 19.75027], [-99.06172, 19.75078], [-99.0612, 19.75057], [-99.06143, 19.74999], [-99.0622, 19.75027]]]}}, {"id": "1128743", "type": "Feature", "properties": {"id": "1128743", "CVEGEO": "1505900010057016", "POBTOT": 7.0, "score_nse": 0.0, "NSE": "ND", "VIVTOT": 2.0, "GRAPROES": 0.0, "_ent": "15", "_mun": "059", "_loc": "0001"}, "geometry": {"type": "Polygon", "coordinates": [[[-99.07995, 19.74349], [-99.07971, 19.74447], [-99.079, 19.74426], [-99.07925, 19.74329], [-99.07995, 19.74349]]]}}, {"id": "1128744", "type": "Feature", "properties": {"id": "1128744", "CVEGEO": "1505900010038008", "POBTOT": 113.0, "score_nse": 48.9181, "NSE": "C-", "VIVTOT": 34.0, "GRAPROES": 9.9, "_ent": "15", "_mun": "059", "_loc": "0001"}, "geometry": {"type": "Polygon", "coordinates": [[[-99.06502, 19.74999], [-99.06559, 19.75019], [-99.06557, 19.75046], [-99.06573, 19.74995], [-99.06561, 19.75014], [-99.06541, 19.75007], [-99.06552, 19.74977], [-99.06536, 19.75004], [-99.06494, 19.74991], [-99.06523, 19.74917], [-99.06742, 19.74985], [-99.06686, 19.75082], [-99.06638, 19.75069], [-99.06684, 19.75086], [-99.06638, 19.75164], [-99.06461, 19.75101], [-99.06502, 19.74999]]]}}, {"id": "1128752", "type": "Feature", "properties": {"id": "1128752", "CVEGEO": "1505900010042032", "POBTOT": 0.0, "score_nse": 0.0, "NSE": "ND", "VIVTOT": 0.0, "GRAPROES": 0.0, "_ent": "15", "_mun": "059", "_loc": "0001"}, "geometry": {"type": "Polygon", "coordinates": [[[-99.0734, 19.74055], [-99.07291, 19.74063], [-99.07321, 19.74009], [-99.0734, 19.74055]]]}}, {"id": "1128753", "type": "Feature", "properties": {"id": "1128753", "CVEGEO": "1505900010042031", "POBTOT": 110.0, "score_nse": 50.8529, "NSE": "C-", "VIVTOT": 28.0, "GRAPROES": 8.86, "_ent": "15", "_mun": "059", "_loc": "0001"}, "geometry": {"type": "Polygon", "coordinates": [[[-99.07071, 19.74468], [-99.07103, 19.7441], [-99.07282, 19.74474], [-99.07226, 19.74523], [-99.07071, 19.74468]]]}}, {"id": "1128760", "type": "Feature", "properties": {"id": "1128760", "CVEGEO": "1505900010146001", "POBTOT": 126.0, "score_nse": 57.8376, "NSE": "C", "VIVTOT": 37.0, "GRAPROES": 9.42, "_ent": "15", "_mun": "059", "_loc": "0001"}, "geometry": {"type": "Polygon", "coordinates": [[[-99.06827, 19.73453], [-99.06912, 19.73536], [-99.06897, 19.73572], [-99.06863, 19.73552], [-99.06895, 19.73576], [-99.06879, 19.73615], [-99.06818, 19.73572], [-99.06877, 19.73619], [-99.06775, 19.73888], [-99.06506, 19.73664], [-99.06827, 19.73453]]]}}, {"id": "1128761", "type": "Feature", "properties": {"id": "1128761", "CVEGEO": "1505900010057039", "POBTOT": 0.0, "score_nse": 0.0, "NSE": "ND", "VIVTOT": 0.0, "GRAPROES": 0.0, "_ent": "15", "_mun": "059", "_loc": "0001"}, "geometry": {"type": "Polygon", "coordinates": [[[-99.07689, 19.74829], [-99.07668, 19.74846], [-99.07636, 19.74872], [-99.07633, 19.74805], [-99.07689, 19.74829]]]}}, {"id": "1128762", "type": "Feature", "properties": {"id": "1128762", "CVEGEO": "1505900010057038", "POBTOT": 0.0, "score_nse": 0.0, "NSE": "ND", "VIVTOT": 0.0, "GRAPROES": 0.0, "_ent": "15", "_mun": "059", "_loc": "0001"}, "geometry": {"type": "Polygon", "coordinates": [[[-99.07681, 19.74812], [-99.07631, 19.74796], [-99.07649, 19.7474], [-99.07681, 19.74812]]]}}, {"id": "1128763", "type": "Feature", "properties": {"id": "1128763", "CVEGEO": "1505900010042028", "POBTOT": 31.0, "score_nse": 0.0, "NSE": "ND", "VIVTOT": 10.0, "GRAPROES": 9.88, "_ent": "15", "_mun": "059", "_loc": "0001"}, "geometry": {"type": "Polygon", "coordinates": [[[-99.07382, 19.74396], [-99.07352, 19.74484], [-99.07306, 19.74467], [-99.07343, 19.7443], [-99.07382, 19.74396]]]}}, {"id": "1128764", "type": "Feature", "properties": {"id": "1128764", "CVEGEO": "1505900010042027", "POBTOT": 60.0, "score_nse": 61.0333, "NSE": "C", "VIVTOT": 18.0, "GRAPROES": 9.1, "_ent": "15", "_mun": "059", "_loc": "0001"}, "geometry": {"type": "Polygon", "coordinates": [[[-99.0711, 19.73694], [-99.07163, 19.73739], [-99.07089, 19.73826], [-99.07097, 19.73772], [-99.0711, 19.73694]]]}}, {"id": "1128768", "type": "Feature", "properties": {"id": "1128768", "CVEGEO": "1505900010042014", "POBTOT": 260.0, "score_nse": 56.6612, "NSE": "C", "VIVTOT": 72.0, "GRAPROES": 9.82, "_ent": "15", "_mun": "059", "_loc": "0001"}, "geometry": {"type": "Polygon", "coordinates": [[[-99.07487, 19.74597], [-99.07516, 19.74609], [-99.07459, 19.7474], [-99.0729, 19.74689], [-99.0736, 19.74499], [-99.07536, 19.74559], [-99.07518, 19.74604], [-99.07487, 19.74597]]]}}, {"id": "1128779", "type": "Feature", "properties": {"id": "1128779", "CVEGEO": "1505900010127007", "POBTOT": 23.0, "score_nse": 0.0, "NSE": "ND", "VIVTOT": 6.0, "GRAPROES": 9.58, "_ent": "15", "_mun": "059", "_loc": "0001"}, "geometry": {"type": "Polygon", "coordinates": [[[-99.0707, 19.73397], [-99.07046, 19.73431], [-99.0702, 19.73408], [-99.07047, 19.73377], [-99.0707, 19.73397]]]}}, {"id": "1128792", "type": "Feature", "properties": {"id": "1128792", "CVEGEO": "1505900010057027", "POBTOT": 4.0, "score_nse": 0.0, "NSE": "ND", "VIVTOT": 2.0, "GRAPROES": 0.0, "_ent": "15", "_mun": "059", "_loc": "0001"}, "geometry": {"type": "Polygon", "coordinates": [[[-99.07585, 19.74575], [-99.07685, 19.74612], [-99.07648, 19.74714], [-99.0761, 19.7463], [-99.07585, 19.74575]]]}}, {"id": "1128793", "type": "Feature", "properties": {"id": "1128793", "CVEGEO": "1505900010038048", "POBTOT": 47.0, "score_nse": 0.0, "NSE": "ND", "VIVTOT": 13.0, "GRAPROES": 9.0, "_ent": "15", "_mun": "059", "_loc": "0001"}, "geometry": {"type": "Polygon", "coordinates": [[[-99.06767, 19.75693], [-99.06923, 19.75644], [-99.06891, 19.75734], [-99.06767, 19.75693]]]}}, {"id": "1128794", "type": "Feature", "properties": {"id": "1128794", "CVEGEO": "1505900010042034", "POBTOT": 36.0, "score_nse": 56.2865, "NSE": "C", "VIVTOT": 11.0, "GRAPROES": 8.57, "_ent": "15", "_mun": "059", "_loc": "0001"}, "geometry": {"type": "Polygon", "coordinates": [[[-99.06752, 19.73955], [-99.06736, 19.74003], [-99.06686, 19.73987], [-99.06703, 19.7394], [-99.06752, 19.73955]]]}}, {"id": "1128907", "type": "Feature", "properties": {"id": "1128907", "CVEGEO": "1505900010038009", "POBTOT": 21.0, "score_nse": 0.0, "NSE": "ND", "VIVTOT": 8.0, "GRAPROES": 12.18, "_ent": "15", "_mun": "059", "_loc": "0001"}, "geometry": {"type": "Polygon", "coordinates": [[[-99.06668, 19.74728], [-99.06715, 19.74745], [-99.06692, 19.74816], [-99.06628, 19.74846], [-99.06668, 19.74728]]]}}, {"id": "1128908", "type": "Feature", "properties": {"id": "1128908", "CVEGEO": "1505900010038027", "POBTOT": 15.0, "score_nse": 0.0, "NSE": "ND", "VIVTOT": 4.0, "GRAPROES": 8.5, "_ent": "15", "_mun": "059", "_loc": "0001"}, "geometry": {"type": "Polygon", "coordinates": [[[-99.07381, 19.75106], [-99.07409, 19.75116], [-99.07376, 19.75196], [-99.07348, 19.75186], [-99.07381, 19.75106]]]}}, {"id": "1128909", "type": "Feature", "properties": {"id": "1128909", "CVEGEO": "1505900010038041", "POBTOT": 64.0, "score_nse": 52.226, "NSE": "C-", "VIVTOT": 20.0, "GRAPROES": 8.79, "_ent": "15", "_mun": "059", "_loc": "0001"}, "geometry": {"type": "Polygon", "coordinates": [[[-99.07415, 19.75117], [-99.07523, 19.75152], [-99.07516, 19.75169], [-99.07491, 19.75163], [-99.07514, 19.75173], [-99.07489, 19.75239], [-99.07431, 19.75216], [-99.0744, 19.75194], [-99.07426, 19.75214], [-99.07382, 19.75198], [-99.07415, 19.75117]]]}}, {"id": "1128910", "type": "Feature", "properties": {"id": "1128910", "CVEGEO": "1505900010038042", "POBTOT": 25.0, "score_nse": 0.0, "NSE": "ND", "VIVTOT": 5.0, "GRAPROES": 9.31, "_ent": "15", "_mun": "059", "_loc": "0001"}, "geometry": {"type": "Polygon", "coordinates": [[[-99.07424, 19.74996], [-99.07563, 19.75045], [-99.07524, 19.75148], [-99.07383, 19.751], [-99.07424, 19.74996]]]}}, {"id": "1128915", "type": "Feature", "properties": {"id": "1128915", "CVEGEO": "1505900010038016", "POBTOT": 41.0, "score_nse": 60.9171, "NSE": "C", "VIVTOT": 14.0, "GRAPROES": 9.41, "_ent": "15", "_mun": "059", "_loc": "0001"}, "geometry": {"type": "Polygon", "coordinates": [[[-99.07008, 19.75077], [-99.06937, 19.7527], [-99.06929, 19.75267], [-99.06886, 19.75104], [-99.06903, 19.75041], [-99.07008, 19.75077]]]}}, {"id": "1128916", "type": "Feature", "properties": {"id": "1128916", "CVEGEO": "1505900010038017", "POBTOT": 85.0, "score_nse": 55.8564, "NSE": "C", "VIVTOT": 29.0, "GRAPROES": 9.55, "_ent": "15", "_mun": "059", "_loc": "0001"}, "geometry": {"type": "Polygon", "coordinates": [[[-99.06824, 19.75161], [-99.06891, 19.75147], [-99.06921, 19.75263], [-99.06646, 19.75167], [-99.06751, 19.74989], [-99.06859, 19.75028], [-99.06889, 19.75141], [-99.06824, 19.75161]]]}}, {"id": "1128917", "type": "Feature", "properties": {"id": "1128917", "CVEGEO": "1505900010038033", "POBTOT": 60.0, "score_nse": 0.0, "NSE": "ND", "VIVTOT": 30.0, "GRAPROES": 8.5, "_ent": "15", "_mun": "059", "_loc": "0001"}, "geometry": {"type": "Polygon", "coordinates": [[[-99.07262, 19.75147], [-99.07304, 19.75075], [-99.07375, 19.75104], [-99.07343, 19.75184], [-99.07262, 19.75147]]]}}, {"id": "1128918", "type": "Feature", "properties": {"id": "1128918", "CVEGEO": "1505900010042001", "POBTOT": 152.0, "score_nse": 60.8149, "NSE": "C", "VIVTOT": 49.0, "GRAPROES": 10.06, "_ent": "15", "_mun": "059", "_loc": "0001"}, "geometry": {"type": "Polygon", "coordinates": [[[-99.07237, 19.74393], [-99.07222, 19.74437], [-99.07206, 19.74432], [-99.07217, 19.74385], [-99.072, 19.7443], [-99.07108, 19.74402], [-99.07179, 19.74271], [-99.07414, 19.74349], [-99.07352, 19.74404], [-99.07322, 19.74387], [-99.07348, 19.74408], [-99.07294, 19.74463], [-99.07227, 19.74439], [-99.07237, 19.74393]]]}}, {"id": "1128919", "type": "Feature", "properties": {"id": "1128919", "CVEGEO": "1505900010042017", "POBTOT": 28.0, "score_nse": 0.0, "NSE": "ND", "VIVTOT": 12.0, "GRAPROES": 9.41, "_ent": "15", "_mun": "059", "_loc": "0001"}, "geometry": {"type": "Polygon", "coordinates": [[[-99.06996, 19.74183], [-99.06949, 19.74345], [-99.06836, 19.74304], [-99.06823, 19.74207], [-99.06872, 19.74214], [-99.06996, 19.74183]]]}}, {"id": "1128920", "type": "Feature", "properties": {"id": "1128920", "CVEGEO": "1505900010042018", "POBTOT": 139.0, "score_nse": 53.837, "NSE": "C-", "VIVTOT": 39.0, "GRAPROES": 9.44, "_ent": "15", "_mun": "059", "_loc": "0001"}, "geometry": {"type": "Polygon", "coordinates": [[[-99.06937, 19.74063], [-99.06915, 19.74149], [-99.06943, 19.74067], [-99.07023, 19.74087], [-99.06996, 19.74176], [-99.06874, 19.74208], [-99.06822, 19.74195], [-99.06763, 19.74114], [-99.06708, 19.74091], [-99.0674, 19.7401], [-99.06937, 19.74063]]]}}, {"id": "1128926", "type": "Feature", "properties": {"id": "1128926", "CVEGEO": "1505900010038005", "POBTOT": 113.0, "score_nse": 0.0, "NSE": "ND", "VIVTOT": 32.0, "GRAPROES": 9.47, "_ent": "15", "_mun": "059", "_loc": "0001"}, "geometry": {"type": "Polygon", "coordinates": [[[-99.07037, 19.74688], [-99.06998, 19.74677], [-99.07081, 19.74632], [-99.07163, 19.74657], [-99.07085, 19.74865], [-99.06866, 19.74787], [-99.06934, 19.7471], [-99.06988, 19.74682], [-99.07037, 19.74688]]]}}, {"id": "1128927", "type": "Feature", "properties": {"id": "1128927", "CVEGEO": "1505900010038006", "POBTOT": 186.0, "score_nse": 0.0, "NSE": "ND", "VIVTOT": 50.0, "GRAPROES": 10.06, "_ent": "15", "_mun": "059", "_loc": "0001"}, "geometry": {"type": "Polygon", "coordinates": [[[-99.06984, 19.7506], [-99.06865, 19.75021], [-99.06823, 19.74858], [-99.0686, 19.74792], [-99.0694, 19.74822], [-99.06923, 19.74905], [-99.0695, 19.74825], [-99.07082, 19.74874], [-99.07012, 19.75069], [-99.0699, 19.75062], [-99.06994, 19.75033], [-99.06984, 19.7506]]]}}, {"id": "1128928", "type": "Feature", "properties": {"id": "1128928", "CVEGEO": "1505900010038007", "POBTOT": 0.0, "score_nse": 10.0, "NSE": "E", "VIVTOT": 1.0, "GRAPROES": 0.0, "_ent": "15", "_mun": "059", "_loc": "0001"}, "geometry": {"type": "Polygon", "coordinates": [[[-99.06818, 19.74864], [-99.06852, 19.74996], [-99.06858, 19.7502], [-99.06753, 19.74981], [-99.06818, 19.74864]]]}}, {"id": "1128932", "type": "Feature", "properties": {"id": "1128932", "CVEGEO": "1505900010038022", "POBTOT": 121.0, "score_nse": 55.8958, "NSE": "C", "VIVTOT": 32.0, "GRAPROES": 9.86, "_ent": "15", "_mun": "059", "_loc": "0001"}, "geometry": {"type": "Polygon", "coordinates": [[[-99.07131, 19.75239], [-99.07087, 19.75219], [-99.07122, 19.75116], [-99.07248, 19.75162], [-99.07228, 19.75199], [-99.0718, 19.7518], [-99.07226, 19.75204], [-99.07152, 19.75351], [-99.07053, 19.75313], [-99.07085, 19.75225], [-99.07131, 19.75239]]]}}, {"id": "1128933", "type": "Feature", "properties": {"id": "1128933", "CVEGEO": "1505900010042025", "POBTOT": 92.0, "score_nse": 0.0, "NSE": "ND", "VIVTOT": 25.0, "GRAPROES": 9.6, "_ent": "15", "_mun": "059", "_loc": "0001"}, "geometry": {"type": "Polygon", "coordinates": [[[-99.07284, 19.74696], [-99.07453, 19.74749], [-99.07403, 19.74846], [-99.07371, 19.74833], [-99.07401, 19.74851], [-99.07349, 19.7496], [-99.07201, 19.74905], [-99.07284, 19.74696]]]}}, {"id": "1128934", "type": "Feature", "properties": {"id": "1128934", "CVEGEO": "1505900010042038", "POBTOT": 71.0, "score_nse": 59.9185, "NSE": "C", "VIVTOT": 16.0, "GRAPROES": 10.02, "_ent": "15", "_mun": "059", "_loc": "0001"}, "geometry": {"type": "Polygon", "coordinates": [[[-99.06905, 19.73579], [-99.06918, 19.73542], [-99.07041, 19.73645], [-99.07015, 19.73672], [-99.06905, 19.73579]]]}}, {"id": "1128942", "type": "Feature", "properties": {"id": "1128942", "CVEGEO": "1505900010038010", "POBTOT": 80.0, "score_nse": 53.8251, "NSE": "C-", "VIVTOT": 22.0, "GRAPROES": 10.55, "_ent": "15", "_mun": "059", "_loc": "0001"}, "geometry": {"type": "Polygon", "coordinates": [[[-99.06539, 19.74564], [-99.06778, 19.74656], [-99.06795, 19.74759], [-99.065, 19.74661], [-99.06539, 19.74564]]]}}, {"id": "1128943", "type": "Feature", "properties": {"id": "1128943", "CVEGEO": "1505900010038011", "POBTOT": 104.0, "score_nse": 55.1911, "NSE": "C", "VIVTOT": 26.0, "GRAPROES": 10.08, "_ent": "15", "_mun": "059", "_loc": "0001"}, "geometry": {"type": "Polygon", "coordinates": [[[-99.06569, 19.74473], [-99.06774, 19.74538], [-99.06779, 19.74648], [-99.0654, 19.74557], [-99.06569, 19.74473]]]}}, {"id": "1128944", "type": "Feature", "properties": {"id": "1128944", "CVEGEO": "1505900010038012", "POBTOT": 37.0, "score_nse": 0.0, "NSE": "ND", "VIVTOT": 8.0, "GRAPROES": 9.11, "_ent": "15", "_mun": "059", "_loc": "0001"}, "geometry": {"type": "Polygon", "coordinates": [[[-99.06936, 19.74696], [-99.06993, 19.74599], [-99.07066, 19.74626], [-99.06936, 19.74696]]]}}, {"id": "1128945", "type": "Feature", "properties": {"id": "1128945", "CVEGEO": "1505900010038013", "POBTOT": 93.0, "score_nse": 49.943, "NSE": "C-", "VIVTOT": 24.0, "GRAPROES": 8.67, "_ent": "15", "_mun": "059", "_loc": "0001"}, "geometry": {"type": "Polygon", "coordinates": [[[-99.07091, 19.74876], [-99.07189, 19.74911], [-99.07142, 19.75041], [-99.07079, 19.75019], [-99.07087, 19.74991], [-99.07075, 19.75017], [-99.07043, 19.75005], [-99.07091, 19.74876]]]}}, {"id": "1128946", "type": "Feature", "properties": {"id": "1128946", "CVEGEO": "1505900010038015", "POBTOT": 43.0, "score_nse": 48.0413, "NSE": "C-", "VIVTOT": 15.0, "GRAPROES": 8.47, "_ent": "15", "_mun": "059", "_loc": "0001"}, "geometry": {"type": "Polygon", "coordinates": [[[-99.07014, 19.75078], [-99.07117, 19.75114], [-99.07047, 19.75311], [-99.06943, 19.75272], [-99.07014, 19.75078]]]}}, {"id": "1128960", "type": "Feature", "properties": {"id": "1128960", "CVEGEO": "1505900010057007", "POBTOT": 44.0, "score_nse": 0.0, "NSE": "ND", "VIVTOT": 15.0, "GRAPROES": 10.14, "_ent": "15", "_mun": "059", "_loc": "0001"}, "geometry": {"type": "Polygon", "coordinates": [[[-99.07917, 19.74327], [-99.0789, 19.74426], [-99.07767, 19.74387], [-99.07797, 19.74296], [-99.07917, 19.74327]]]}}, {"id": "1128962", "type": "Feature", "properties": {"id": "1128962", "CVEGEO": "1505900010057017", "POBTOT": 83.0, "score_nse": 0.0, "NSE": "ND", "VIVTOT": 25.0, "GRAPROES": 8.92, "_ent": "15", "_mun": "059", "_loc": "0001"}, "geometry": {"type": "Polygon", "coordinates": [[[-99.07969, 19.74455], [-99.07905, 19.74675], [-99.07833, 19.74648], [-99.07894, 19.74434], [-99.07969, 19.74455]]]}}, {"id": "1128974", "type": "Feature", "properties": {"id": "1128974", "CVEGEO": "1505900010038020", "POBTOT": 129.0, "score_nse": 60.2629, "NSE": "C", "VIVTOT": 37.0, "GRAPROES": 9.91, "_ent": "15", "_mun": "059", "_loc": "0001"}, "geometry": {"type": "Polygon", "coordinates": [[[-99.06666, 19.74491], [-99.06754, 19.74287], [-99.06822, 19.74307], [-99.06795, 19.74387], [-99.06779, 19.74526], [-99.06666, 19.74491]]]}}, {"id": "1128975", "type": "Feature", "properties": {"id": "1128975", "CVEGEO": "1505900010038021", "POBTOT": 187.0, "score_nse": 61.4009, "NSE": "C", "VIVTOT": 44.0, "GRAPROES": 9.92, "_ent": "15", "_mun": "059", "_loc": "0001"}, "geometry": {"type": "Polygon", "coordinates": [[[-99.0723, 19.74995], [-99.07176, 19.74975], [-99.07183, 19.74954], [-99.07224, 19.74967], [-99.07185, 19.7495], [-99.07197, 19.74915], [-99.07347, 19.74968], [-99.073, 19.7506], [-99.07235, 19.75033], [-99.07259, 19.75048], [-99.07253, 19.75062], [-99.07265, 19.7505], [-99.07299, 19.75066], [-99.07252, 19.75153], [-99.07129, 19.75109], [-99.07149, 19.75051], [-99.072, 19.75067], [-99.0723, 19.74995]]]}}, {"id": "1128976", "type": "Feature", "properties": {"id": "1128976", "CVEGEO": "1505900010042003", "POBTOT": 36.0, "score_nse": 68.324, "NSE": "C", "VIVTOT": 8.0, "GRAPROES": 9.94, "_ent": "15", "_mun": "059", "_loc": "0001"}, "geometry": {"type": "Polygon", "coordinates": [[[-99.0704, 19.74092], [-99.07237, 19.74146], [-99.07194, 19.74217], [-99.07027, 19.74148], [-99.0704, 19.74092]]]}}, {"id": "1128977", "type": "Feature", "properties": {"id": "1128977", "CVEGEO": "1505900010042004", "POBTOT": 77.0, "score_nse": 0.0, "NSE": "ND", "VIVTOT": 23.0, "GRAPROES": 10.57, "_ent": "15", "_mun": "059", "_loc": "0001"}, "geometry": {"type": "Polygon", "coordinates": [[[-99.07368, 19.74323], [-99.07184, 19.74261], [-99.07246, 19.74148], [-99.074, 19.7419], [-99.07455, 19.74313], [-99.07423, 19.7434], [-99.07374, 19.74325], [-99.07379, 19.743], [-99.07368, 19.74323]]]}}, {"id": "1128978", "type": "Feature", "properties": {"id": "1128978", "CVEGEO": "1505900010042005", "POBTOT": 72.0, "score_nse": 59.8709, "NSE": "C", "VIVTOT": 22.0, "GRAPROES": 9.61, "_ent": "15", "_mun": "059", "_loc": "0001"}, "geometry": {"type": "Polygon", "coordinates": [[[-99.07413, 19.74424], [-99.07384, 19.74415], [-99.07401, 19.74366], [-99.07458, 19.74315], [-99.07549, 19.74511], [-99.07536, 19.74548], [-99.07363, 19.74489], [-99.07383, 19.74421], [-99.07413, 19.74424]]]}}, {"id": "1128979", "type": "Feature", "properties": {"id": "1128979", "CVEGEO": "1505900010042006", "POBTOT": 83.0, "score_nse": 0.0, "NSE": "ND", "VIVTOT": 23.0, "GRAPROES": 9.58, "_ent": "15", "_mun": "059", "_loc": "0001"}, "geometry": {"type": "Polygon", "coordinates": [[[-99.0721, 19.74555], [-99.07291, 19.74475], [-99.07345, 19.74494], [-99.07281, 19.74683], [-99.07176, 19.74649], [-99.0721, 19.74555]]]}}, {"id": "1128980", "type": "Feature", "properties": {"id": "1128980", "CVEGEO": "1505900010057018", "POBTOT": 163.0, "score_nse": 48.085, "NSE": "C-", "VIVTOT": 48.0, "GRAPROES": 9.22, "_ent": "15", "_mun": "059", "_loc": "0001"}, "geometry": {"type": "Polygon", "coordinates": [[[-99.07888, 19.74432], [-99.07826, 19.74648], [-99.07699, 19.74605], [-99.07733, 19.74486], [-99.07785, 19.74493], [-99.07735, 19.74481], [-99.07764, 19.74394], [-99.07888, 19.74432]]]}}, {"id": "1128984", "type": "Feature", "properties": {"id": "1128984", "CVEGEO": "1505900010038018", "POBTOT": 112.0, "score_nse": 56.6766, "NSE": "C", "VIVTOT": 28.0, "GRAPROES": 10.52, "_ent": "15", "_mun": "059", "_loc": "0001"}, "geometry": {"type": "Polygon", "coordinates": [[[-99.06423, 19.74874], [-99.065, 19.74672], [-99.06661, 19.74726], [-99.06633, 19.74806], [-99.06519, 19.74775], [-99.06631, 19.74811], [-99.0662, 19.7485], [-99.06521, 19.74905], [-99.06423, 19.74874]]]}}, {"id": "1128985", "type": "Feature", "properties": {"id": "1128985", "CVEGEO": "1505900010038019", "POBTOT": 66.0, "score_nse": 65.8101, "NSE": "C", "VIVTOT": 19.0, "GRAPROES": 10.26, "_ent": "15", "_mun": "059", "_loc": "0001"}, "geometry": {"type": "Polygon", "coordinates": [[[-99.06632, 19.74295], [-99.06678, 19.74304], [-99.06635, 19.74289], [-99.06649, 19.74252], [-99.06744, 19.74285], [-99.06655, 19.74489], [-99.06572, 19.74465], [-99.06632, 19.74295]]]}}, {"id": "1128986", "type": "Feature", "properties": {"id": "1128986", "CVEGEO": "1505900010042007", "POBTOT": 27.0, "score_nse": 0.0, "NSE": "ND", "VIVTOT": 9.0, "GRAPROES": 10.0, "_ent": "15", "_mun": "059", "_loc": "0001"}, "geometry": {"type": "Polygon", "coordinates": [[[-99.07093, 19.74622], [-99.07193, 19.74563], [-99.07166, 19.74645], [-99.07093, 19.74622]]]}}, {"id": "1128987", "type": "Feature", "properties": {"id": "1128987", "CVEGEO": "1505900010042022", "POBTOT": 51.0, "score_nse": 76.8006, "NSE": "C+", "VIVTOT": 14.0, "GRAPROES": 10.97, "_ent": "15", "_mun": "059", "_loc": "0001"}, "geometry": {"type": "Polygon", "coordinates": [[[-99.07218, 19.73971], [-99.07256, 19.73862], [-99.07312, 19.73989], [-99.07218, 19.73971]]]}}, {"id": "1128988", "type": "Feature", "properties": {"id": "1128988", "CVEGEO": "1505900010042023", "POBTOT": 110.0, "score_nse": 59.3176, "NSE": "C", "VIVTOT": 27.0, "GRAPROES": 9.8, "_ent": "15", "_mun": "059", "_loc": "0001"}, "geometry": {"type": "Polygon", "coordinates": [[[-99.07513, 19.74648], [-99.07543, 19.74561], [-99.07575, 19.74571], [-99.07646, 19.74728], [-99.07624, 19.74791], [-99.0747, 19.74744], [-99.07487, 19.74706], [-99.07514, 19.74715], [-99.0749, 19.747], [-99.0751, 19.74654], [-99.07536, 19.74657], [-99.07513, 19.74648]]]}}, {"id": "1128991", "type": "Feature", "properties": {"id": "1128991", "CVEGEO": "1505900010038014", "POBTOT": 38.0, "score_nse": 0.0, "NSE": "ND", "VIVTOT": 11.0, "GRAPROES": 9.06, "_ent": "15", "_mun": "059", "_loc": "0001"}, "geometry": {"type": "Polygon", "coordinates": [[[-99.07041, 19.7501], [-99.0714, 19.75047], [-99.07119, 19.75106], [-99.07019, 19.75072], [-99.07041, 19.7501]]]}}, {"id": "1128996", "type": "Feature", "properties": {"id": "1128996", "CVEGEO": "1505900010042041", "POBTOT": 32.0, "score_nse": 0.0, "NSE": "ND", "VIVTOT": 9.0, "GRAPROES": 7.86, "_ent": "15", "_mun": "059", "_loc": "0001"}, "geometry": {"type": "Polygon", "coordinates": [[[-99.0706, 19.73701], [-99.07098, 19.73726], [-99.07095, 19.73742], [-99.07051, 19.7371], [-99.0706, 19.73701]]]}}, {"id": "1129013", "type": "Feature", "properties": {"id": "1129013", "CVEGEO": "1505900010042042", "POBTOT": 37.0, "score_nse": 0.0, "NSE": "ND", "VIVTOT": 11.0, "GRAPROES": 8.97, "_ent": "15", "_mun": "059", "_loc": "0001"}, "geometry": {"type": "Polygon", "coordinates": [[[-99.06159, 19.74092], [-99.06228, 19.73938], [-99.0638, 19.7406], [-99.06324, 19.74148], [-99.06159, 19.74092]]]}}, {"id": "1129014", "type": "Feature", "properties": {"id": "1129014", "CVEGEO": "1505900010042043", "POBTOT": 24.0, "score_nse": 0.0, "NSE": "ND", "VIVTOT": 12.0, "GRAPROES": 8.27, "_ent": "15", "_mun": "059", "_loc": "0001"}, "geometry": {"type": "Polygon", "coordinates": [[[-99.06329, 19.74148], [-99.06368, 19.74085], [-99.064, 19.74102], [-99.06381, 19.74147], [-99.06419, 19.74165], [-99.06414, 19.74179], [-99.06329, 19.74148]]]}}, {"id": "1129017", "type": "Feature", "properties": {"id": "1129017", "CVEGEO": "1505900010108031", "POBTOT": 84.0, "score_nse": 0.0, "NSE": "ND", "VIVTOT": 21.0, "GRAPROES": 9.13, "_ent": "15", "_mun": "059", "_loc": "0001"}, "geometry": {"type": "Polygon", "coordinates": [[[-99.08281, 19.73459], [-99.08287, 19.73431], [-99.08405, 19.73449], [-99.08396, 19.73485], [-99.08281, 19.73459]]]}}, {"id": "1129027", "type": "Feature", "properties": {"id": "1129027", "CVEGEO": "1505900010042029", "POBTOT": 294.0, "score_nse": 61.2274, "NSE": "C", "VIVTOT": 91.0, "GRAPROES": 10.09, "_ent": "15", "_mun": "059", "_loc": "0001"}, "geometry": {"type": "Polygon", "coordinates": [[[-99.0656, 19.74227], [-99.06593, 19.74144], [-99.06555, 19.74226], [-99.06514, 19.7421], [-99.06525, 19.74163], [-99.06516, 19.74188], [-99.06468, 19.74177], [-99.06514, 19.74193], [-99.06509, 19.74209], [-99.06424, 19.74183], [-99.06443, 19.74115], [-99.06423, 19.74157], [-99.06387, 19.74142], [-99.06412, 19.74088], [-99.06374, 19.74079], [-99.06385, 19.74062], [-99.06404, 19.74077], [-99.06394, 19.74065], [-99.06494, 19.73915], [-99.06578, 19.73967], [-99.06533, 19.74098], [-99.06583, 19.73968], [-99.06625, 19.73979], [-99.06593, 19.74088], [-99.06629, 19.7398], [-99.06675, 19.73993], [-99.06645, 19.74095], [-99.06681, 19.73995], [-99.06732, 19.74008], [-99.0665, 19.74223], [-99.06593, 19.74204], [-99.06647, 19.7423], [-99.06637, 19.74253], [-99.0656, 19.74227]]]}}, {"id": "1129033", "type": "Feature", "properties": {"id": "1129033", "CVEGEO": "1505900010057014", "POBTOT": 55.0, "score_nse": 56.6085, "NSE": "C", "VIVTOT": 17.0, "GRAPROES": 9.95, "_ent": "15", "_mun": "059", "_loc": "0001"}, "geometry": {"type": "Polygon", "coordinates": [[[-99.07974, 19.74117], [-99.08005, 19.73998], [-99.08084, 19.74021], [-99.08053, 19.74132], [-99.07974, 19.74117]]]}}, {"id": "1129034", "type": "Feature", "properties": {"id": "1129034", "CVEGEO": "1505900010108032", "POBTOT": 28.0, "score_nse": 0.0, "NSE": "ND", "VIVTOT": 8.0, "GRAPROES": 7.59, "_ent": "15", "_mun": "059", "_loc": "0001"}, "geometry": {"type": "Polygon", "coordinates": [[[-99.0836, 19.72988], [-99.08392, 19.73015], [-99.08338, 19.73086], [-99.08308, 19.73061], [-99.0836, 19.72988]]]}}, {"id": "1129035", "type": "Feature", "properties": {"id": "1129035", "CVEGEO": "1505900010108033", "POBTOT": 13.0, "score_nse": 0.0, "NSE": "ND", "VIVTOT": 6.0, "GRAPROES": 3.91, "_ent": "15", "_mun": "059", "_loc": "0001"}, "geometry": {"type": "Polygon", "coordinates": [[[-99.08399, 19.7302], [-99.08419, 19.73038], [-99.08364, 19.73108], [-99.08345, 19.73091], [-99.08399, 19.7302]]]}}, {"id": "1129036", "type": "Feature", "properties": {"id": "1129036", "CVEGEO": "1505900010108034", "POBTOT": 40.0, "score_nse": 0.0, "NSE": "ND", "VIVTOT": 12.0, "GRAPROES": 8.04, "_ent": "15", "_mun": "059", "_loc": "0001"}, "geometry": {"type": "Polygon", "coordinates": [[[-99.08443, 19.73174], [-99.08371, 19.73112], [-99.08424, 19.73042], [-99.0845, 19.73065], [-99.0841, 19.73127], [-99.08455, 19.73068], [-99.08472, 19.73083], [-99.08428, 19.73143], [-99.08477, 19.73086], [-99.08494, 19.73102], [-99.08443, 19.73174]]]}}, {"id": "1129037", "type": "Feature", "properties": {"id": "1129037", "CVEGEO": "1505900010108035", "POBTOT": 14.0, "score_nse": 0.0, "NSE": "ND", "VIVTOT": 4.0, "GRAPROES": 9.09, "_ent": "15", "_mun": "059", "_loc": "0001"}, "geometry": {"type": "Polygon", "coordinates": [[[-99.08499, 19.73106], [-99.0851, 19.73114], [-99.0846, 19.73186], [-99.08449, 19.73177], [-99.08499, 19.73106]]]}}, {"id": "1129038", "type": "Feature", "properties": {"id": "1129038", "CVEGEO": "1505900010108021", "POBTOT": 198.0, "score_nse": 0.0, "NSE": "ND", "VIVTOT": 51.0, "GRAPROES": 9.54, "_ent": "15", "_mun": "059", "_loc": "0001"}, "geometry": {"type": "Polygon", "coordinates": [[[-99.08235, 19.73415], [-99.08296, 19.7318], [-99.08339, 19.73221], [-99.08286, 19.73293], [-99.08296, 19.73282], [-99.08306, 19.73291], [-99.08298, 19.7328], [-99.08343, 19.73224], [-99.0836, 19.73239], [-99.08327, 19.73288], [-99.08364, 19.73242], [-99.08385, 19.73262], [-99.08346, 19.7331], [-99.08389, 19.73266], [-99.08479, 19.73342], [-99.08445, 19.73446], [-99.08235, 19.73415]]]}}, {"id": "1129039", "type": "Feature", "properties": {"id": "1129039", "CVEGEO": "1505900010112034", "POBTOT": 31.0, "score_nse": 0.0, "NSE": "ND", "VIVTOT": 7.0, "GRAPROES": 9.37, "_ent": "15", "_mun": "059", "_loc": "0001"}, "geometry": {"type": "Polygon", "coordinates": [[[-99.07847, 19.73531], [-99.07859, 19.73476], [-99.07906, 19.7349], [-99.07888, 19.73542], [-99.07847, 19.73531]]]}}, {"id": "1129040", "type": "Feature", "properties": {"id": "1129040", "CVEGEO": "1505900010112005", "POBTOT": 91.0, "score_nse": 60.1543, "NSE": "C", "VIVTOT": 24.0, "GRAPROES": 9.14, "_ent": "15", "_mun": "059", "_loc": "0001"}, "geometry": {"type": "Polygon", "coordinates": [[[-99.0792, 19.7362], [-99.0791, 19.73661], [-99.07833, 19.73641], [-99.07834, 19.73628], [-99.07819, 19.73637], [-99.07829, 19.73596], [-99.0792, 19.7362]]]}}, {"id": "1129041", "type": "Feature", "properties": {"id": "1129041", "CVEGEO": "1505900010112004", "POBTOT": 50.0, "score_nse": 58.7267, "NSE": "C", "VIVTOT": 15.0, "GRAPROES": 9.3, "_ent": "15", "_mun": "059", "_loc": "0001"}, "geometry": {"type": "Polygon", "coordinates": [[[-99.07843, 19.73536], [-99.07938, 19.73562], [-99.07922, 19.73615], [-99.07829, 19.7359], [-99.07843, 19.73536]]]}}, {"id": "1129042", "type": "Feature", "properties": {"id": "1129042", "CVEGEO": "1505900010112003", "POBTOT": 82.0, "score_nse": 0.0, "NSE": "ND", "VIVTOT": 21.0, "GRAPROES": 9.96, "_ent": "15", "_mun": "059", "_loc": "0001"}, "geometry": {"type": "Polygon", "coordinates": [[[-99.07808, 19.73632], [-99.07721, 19.73615], [-99.07738, 19.7354], [-99.07715, 19.73613], [-99.07394, 19.73531], [-99.07463, 19.73365], [-99.0785, 19.73475], [-99.07808, 19.73632]]]}}, {"id": "1129043", "type": "Feature", "properties": {"id": "1129043", "CVEGEO": "1505900010108010", "POBTOT": 11.0, "score_nse": 0.0, "NSE": "ND", "VIVTOT": 3.0, "GRAPROES": 9.25, "_ent": "15", "_mun": "059", "_loc": "0001"}, "geometry": {"type": "Polygon", "coordinates": [[[-99.08225, 19.73423], [-99.08194, 19.73548], [-99.08133, 19.73535], [-99.08165, 19.73413], [-99.08225, 19.73423]]]}}, {"id": "1129044", "type": "Feature", "properties": {"id": "1129044", "CVEGEO": "1505900010108012", "POBTOT": 60.0, "score_nse": 45.7204, "NSE": "C-", "VIVTOT": 21.0, "GRAPROES": 9.59, "_ent": "15", "_mun": "059", "_loc": "0001"}, "geometry": {"type": "Polygon", "coordinates": [[[-99.08416, 19.7345], [-99.08648, 19.73487], [-99.08602, 19.73642], [-99.08379, 19.73593], [-99.08416, 19.7345]]]}}, {"id": "1129045", "type": "Feature", "properties": {"id": "1129045", "CVEGEO": "1505900010108011", "POBTOT": 121.0, "score_nse": 61.3836, "NSE": "C", "VIVTOT": 27.0, "GRAPROES": 9.81, "_ent": "15", "_mun": "059", "_loc": "0001"}, "geometry": {"type": "Polygon", "coordinates": [[[-99.08204, 19.73552], [-99.08235, 19.73423], [-99.0828, 19.7343], [-99.08272, 19.73464], [-99.08395, 19.73491], [-99.08368, 19.7359], [-99.08204, 19.73552]]]}}, {"id": "1129046", "type": "Feature", "properties": {"id": "1129046", "CVEGEO": "1505900010112017", "POBTOT": 27.0, "score_nse": 0.0, "NSE": "ND", "VIVTOT": 8.0, "GRAPROES": 13.5, "_ent": "15", "_mun": "059", "_loc": "0001"}, "geometry": {"type": "Polygon", "coordinates": [[[-99.08046, 19.73692], [-99.07917, 19.73662], [-99.07929, 19.7362], [-99.08088, 19.73658], [-99.08077, 19.73702], [-99.08051, 19.73694], [-99.08057, 19.73676], [-99.08046, 19.73692]]]}}, {"id": "1129050", "type": "Feature", "properties": {"id": "1129050", "CVEGEO": "1505900010127004", "POBTOT": 66.0, "score_nse": 0.0, "NSE": "ND", "VIVTOT": 17.0, "GRAPROES": 9.33, "_ent": "15", "_mun": "059", "_loc": "0001"}, "geometry": {"type": "Polygon", "coordinates": [[[-99.07017, 19.73417], [-99.07044, 19.73437], [-99.06991, 19.73509], [-99.06965, 19.73487], [-99.07017, 19.73417]]]}}, {"id": "1129051", "type": "Feature", "properties": {"id": "1129051", "CVEGEO": "1505900010127005", "POBTOT": 8.0, "score_nse": 0.0, "NSE": "ND", "VIVTOT": 2.0, "GRAPROES": 0.0, "_ent": "15", "_mun": "059", "_loc": "0001"}, "geometry": {"type": "Polygon", "coordinates": [[[-99.06959, 19.73489], [-99.06988, 19.73517], [-99.06964, 19.73551], [-99.06934, 19.73523], [-99.06959, 19.73489]]]}}, {"id": "1129052", "type": "Feature", "properties": {"id": "1129052", "CVEGEO": "1505900010057028", "POBTOT": 36.0, "score_nse": 0.0, "NSE": "ND", "VIVTOT": 7.0, "GRAPROES": 8.46, "_ent": "15", "_mun": "059", "_loc": "0001"}, "geometry": {"type": "Polygon", "coordinates": [[[-99.07257, 19.73838], [-99.07126, 19.73698], [-99.07291, 19.73746], [-99.07257, 19.73838]]]}}, {"id": "1129053", "type": "Feature", "properties": {"id": "1129053", "CVEGEO": "1505900010112012", "POBTOT": 36.0, "score_nse": 0.0, "NSE": "ND", "VIVTOT": 14.0, "GRAPROES": 9.93, "_ent": "15", "_mun": "059", "_loc": "0001"}, "geometry": {"type": "Polygon", "coordinates": [[[-99.07158, 19.73652], [-99.07316, 19.7369], [-99.07296, 19.73737], [-99.07135, 19.73692], [-99.07158, 19.73652]]]}}, {"id": "1129054", "type": "Feature", "properties": {"id": "1129054", "CVEGEO": "1505900010112007", "POBTOT": 61.0, "score_nse": 54.356, "NSE": "C-", "VIVTOT": 19.0, "GRAPROES": 8.94, "_ent": "15", "_mun": "059", "_loc": "0001"}, "geometry": {"type": "Polygon", "coordinates": [[[-99.07883, 19.73749], [-99.07863, 19.73808], [-99.0778, 19.73788], [-99.07794, 19.73734], [-99.07883, 19.73749]]]}}, {"id": "1129055", "type": "Feature", "properties": {"id": "1129055", "CVEGEO": "1505900010108019", "POBTOT": 32.0, "score_nse": 74.882, "NSE": "C+", "VIVTOT": 8.0, "GRAPROES": 10.48, "_ent": "15", "_mun": "059", "_loc": "0001"}, "geometry": {"type": "Polygon", "coordinates": [[[-99.08019, 19.7395], [-99.08044, 19.73861], [-99.08117, 19.73879], [-99.08096, 19.73971], [-99.08019, 19.7395]]]}}, {"id": "1129056", "type": "Feature", "properties": {"id": "1129056", "CVEGEO": "1505900010112008", "POBTOT": 30.0, "score_nse": 0.0, "NSE": "ND", "VIVTOT": 9.0, "GRAPROES": 9.92, "_ent": "15", "_mun": "059", "_loc": "0001"}, "geometry": {"type": "Polygon", "coordinates": [[[-99.07863, 19.73818], [-99.07836, 19.73898], [-99.07756, 19.73871], [-99.07776, 19.73796], [-99.07863, 19.73818]]]}}, {"id": "1129058", "type": "Feature", "properties": {"id": "1129058", "CVEGEO": "1505900010080023", "POBTOT": 157.0, "score_nse": 0.0, "NSE": "ND", "VIVTOT": 51.0, "GRAPROES": 8.52, "_ent": "15", "_mun": "059", "_loc": "0001"}, "geometry": {"type": "Polygon", "coordinates": [[[-99.08937, 19.73904], [-99.08915, 19.73531], [-99.09194, 19.73576], [-99.09206, 19.73793], [-99.09062, 19.73799], [-99.09086, 19.738], [-99.09094, 19.73868], [-99.09092, 19.738], [-99.09126, 19.73801], [-99.09131, 19.7386], [-99.09131, 19.73801], [-99.09207, 19.73799], [-99.09215, 19.73974], [-99.08937, 19.73904]]]}}, {"id": "1129059", "type": "Feature", "properties": {"id": "1129059", "CVEGEO": "1505900010080016", "POBTOT": 235.0, "score_nse": 0.0, "NSE": "ND", "VIVTOT": 72.0, "GRAPROES": 9.56, "_ent": "15", "_mun": "059", "_loc": "0001"}, "geometry": {"type": "Polygon", "coordinates": [[[-99.09216, 19.73776], [-99.09208, 19.73577], [-99.09601, 19.73633], [-99.0953, 19.73823], [-99.09414, 19.73796], [-99.09528, 19.7383], [-99.09451, 19.7403], [-99.09364, 19.74009], [-99.09406, 19.73841], [-99.09356, 19.74007], [-99.09299, 19.73993], [-99.09331, 19.73849], [-99.09292, 19.73991], [-99.09225, 19.73975], [-99.09215, 19.73779], [-99.09298, 19.73776], [-99.09216, 19.73776]]]}}, {"id": "1129060", "type": "Feature", "properties": {"id": "1129060", "CVEGEO": "1505900010080015", "POBTOT": 138.0, "score_nse": 56.6149, "NSE": "C", "VIVTOT": 36.0, "GRAPROES": 10.55, "_ent": "15", "_mun": "059", "_loc": "0001"}, "geometry": {"type": "Polygon", "coordinates": [[[-99.09293, 19.74193], [-99.09324, 19.74099], [-99.09288, 19.74191], [-99.09197, 19.74155], [-99.09239, 19.73988], [-99.09251, 19.7399], [-99.09249, 19.74014], [-99.09256, 19.73991], [-99.09397, 19.74028], [-99.09382, 19.74084], [-99.09401, 19.74029], [-99.09449, 19.74041], [-99.09388, 19.74197], [-99.09366, 19.7419], [-99.09386, 19.74201], [-99.09377, 19.74228], [-99.09293, 19.74193]]]}}, {"id": "1129061", "type": "Feature", "properties": {"id": "1129061", "CVEGEO": "1505900010080007", "POBTOT": 88.0, "score_nse": 0.0, "NSE": "ND", "VIVTOT": 32.0, "GRAPROES": 10.38, "_ent": "15", "_mun": "059", "_loc": "0001"}, "geometry": {"type": "Polygon", "coordinates": [[[-99.09589, 19.74077], [-99.095, 19.74273], [-99.09388, 19.7423], [-99.09457, 19.74041], [-99.09589, 19.74077]]]}}, {"id": "1129062", "type": "Feature", "properties": {"id": "1129062", "CVEGEO": "1505900010108018", "POBTOT": 45.0, "score_nse": 0.0, "NSE": "ND", "VIVTOT": 17.0, "GRAPROES": 9.43, "_ent": "15", "_mun": "059", "_loc": "0001"}, "geometry": {"type": "Polygon", "coordinates": [[[-99.08214, 19.7396], [-99.08115, 19.73923], [-99.08126, 19.73881], [-99.08274, 19.73922], [-99.08246, 19.74015], [-99.08105, 19.73974], [-99.08114, 19.73928], [-99.08214, 19.7396]]]}}, {"id": "1129063", "type": "Feature", "properties": {"id": "1129063", "CVEGEO": "1505900010057010", "POBTOT": 101.0, "score_nse": 53.159, "NSE": "C-", "VIVTOT": 40.0, "GRAPROES": 10.22, "_ent": "15", "_mun": "059", "_loc": "0001"}, "geometry": {"type": "Polygon", "coordinates": [[[-99.07501, 19.74026], [-99.07521, 19.73949], [-99.07591, 19.73941], [-99.07585, 19.73987], [-99.07594, 19.73941], [-99.07737, 19.73912], [-99.07698, 19.74063], [-99.07675, 19.74058], [-99.07681, 19.7403], [-99.0767, 19.74057], [-99.07501, 19.74026]]]}}, {"id": "1129064", "type": "Feature", "properties": {"id": "1129064", "CVEGEO": "1505900010108028", "POBTOT": 32.0, "score_nse": 62.7633, "NSE": "C", "VIVTOT": 11.0, "GRAPROES": 10.73, "_ent": "15", "_mun": "059", "_loc": "0001"}, "geometry": {"type": "Polygon", "coordinates": [[[-99.0896, 19.74108], [-99.09182, 19.74163], [-99.09153, 19.74274], [-99.0901, 19.74233], [-99.0896, 19.74108]]]}}, {"id": "1129067", "type": "Feature", "properties": {"id": "1129067", "CVEGEO": "1505900010112031", "POBTOT": 33.0, "score_nse": 0.0, "NSE": "ND", "VIVTOT": 11.0, "GRAPROES": 9.93, "_ent": "15", "_mun": "059", "_loc": "0001"}, "geometry": {"type": "Polygon", "coordinates": [[[-99.07958, 19.73502], [-99.0794, 19.73558], [-99.07894, 19.73545], [-99.07911, 19.73488], [-99.07958, 19.73502]]]}}, {"id": "1129068", "type": "Feature", "properties": {"id": "1129068", "CVEGEO": "1505900010112033", "POBTOT": 58.0, "score_nse": 64.304, "NSE": "C", "VIVTOT": 16.0, "GRAPROES": 10.48, "_ent": "15", "_mun": "059", "_loc": "0001"}, "geometry": {"type": "Polygon", "coordinates": [[[-99.08003, 19.73514], [-99.07976, 19.73625], [-99.07931, 19.73614], [-99.07964, 19.73504], [-99.08003, 19.73514]]]}}, {"id": "1129069", "type": "Feature", "properties": {"id": "1129069", "CVEGEO": "1505900010127001", "POBTOT": 32.0, "score_nse": 0.0, "NSE": "ND", "VIVTOT": 10.0, "GRAPROES": 10.64, "_ent": "15", "_mun": "059", "_loc": "0001"}, "geometry": {"type": "Polygon", "coordinates": [[[-99.07012, 19.73409], [-99.06959, 19.73481], [-99.06932, 19.7346], [-99.06983, 19.73385], [-99.07012, 19.73409]]]}}, {"id": "1129070", "type": "Feature", "properties": {"id": "1129070", "CVEGEO": "1505900010112030", "POBTOT": 3.0, "score_nse": 0.0, "NSE": "ND", "VIVTOT": 4.0, "GRAPROES": 0.0, "_ent": "15", "_mun": "059", "_loc": "0001"}, "geometry": {"type": "Polygon", "coordinates": [[[-99.08251, 19.73133], [-99.0801, 19.72923], [-99.08028, 19.72825], [-99.08302, 19.73059], [-99.08251, 19.73133]]]}}, {"id": "1129071", "type": "Feature", "properties": {"id": "1129071", "CVEGEO": "1505900010108030", "POBTOT": 2.0, "score_nse": 0.0, "NSE": "ND", "VIVTOT": 3.0, "GRAPROES": 0.0, "_ent": "15", "_mun": "059", "_loc": "0001"}, "geometry": {"type": "Polygon", "coordinates": [[[-99.08485, 19.73346], [-99.08633, 19.73477], [-99.08455, 19.73447], [-99.08485, 19.73346]]]}}, {"id": "1129072", "type": "Feature", "properties": {"id": "1129072", "CVEGEO": "1505900010112022", "POBTOT": 40.0, "score_nse": 60.0585, "NSE": "C", "VIVTOT": 11.0, "GRAPROES": 10.53, "_ent": "15", "_mun": "059", "_loc": "0001"}, "geometry": {"type": "Polygon", "coordinates": [[[-99.07146, 19.73651], [-99.07123, 19.73691], [-99.07045, 19.73628], [-99.07046, 19.73625], [-99.07146, 19.73651]]]}}, {"id": "1129073", "type": "Feature", "properties": {"id": "1129073", "CVEGEO": "1505900010112002", "POBTOT": 76.0, "score_nse": 58.9987, "NSE": "C", "VIVTOT": 21.0, "GRAPROES": 10.06, "_ent": "15", "_mun": "059", "_loc": "0001"}, "geometry": {"type": "Polygon", "coordinates": [[[-99.07477, 19.73607], [-99.07489, 19.73562], [-99.07611, 19.73596], [-99.07573, 19.73743], [-99.07491, 19.73723], [-99.0751, 19.73621], [-99.07489, 19.73722], [-99.07331, 19.73683], [-99.07388, 19.73537], [-99.07483, 19.73561], [-99.07477, 19.73607]]]}}, {"id": "1129074", "type": "Feature", "properties": {"id": "1129074", "CVEGEO": "1505900010108027", "POBTOT": 40.0, "score_nse": 61.2467, "NSE": "C", "VIVTOT": 9.0, "GRAPROES": 11.79, "_ent": "15", "_mun": "059", "_loc": "0001"}, "geometry": {"type": "Polygon", "coordinates": [[[-99.08937, 19.73916], [-99.09227, 19.73988], [-99.09186, 19.74153], [-99.08956, 19.74096], [-99.08937, 19.73916]]]}}, {"id": "1129075", "type": "Feature", "properties": {"id": "1129075", "CVEGEO": "1505900010108029", "POBTOT": 35.0, "score_nse": 55.8471, "NSE": "C", "VIVTOT": 13.0, "GRAPROES": 10.74, "_ent": "15", "_mun": "059", "_loc": "0001"}, "geometry": {"type": "Polygon", "coordinates": [[[-99.08685, 19.74142], [-99.08717, 19.74044], [-99.08947, 19.74104], [-99.08997, 19.7423], [-99.08685, 19.74142]]]}}, {"id": "1129076", "type": "Feature", "properties": {"id": "1129076", "CVEGEO": "1505900010080026", "POBTOT": 109.0, "score_nse": 54.5963, "NSE": "C-", "VIVTOT": 31.0, "GRAPROES": 9.56, "_ent": "15", "_mun": "059", "_loc": "0001"}, "geometry": {"type": "Polygon", "coordinates": [[[-99.0877, 19.74447], [-99.08646, 19.7449], [-99.0841, 19.7424], [-99.08416, 19.74222], [-99.09121, 19.7439], [-99.09107, 19.7446], [-99.0877, 19.74447]]]}}, {"id": "1129077", "type": "Feature", "properties": {"id": "1129077", "CVEGEO": "1505900010080028", "POBTOT": 108.0, "score_nse": 61.6572, "NSE": "C", "VIVTOT": 29.0, "GRAPROES": 9.4, "_ent": "15", "_mun": "059", "_loc": "0001"}, "geometry": {"type": "Polygon", "coordinates": [[[-99.0833, 19.74442], [-99.08274, 19.74622], [-99.08088, 19.74688], [-99.08127, 19.74472], [-99.08185, 19.74482], [-99.08128, 19.74466], [-99.0813, 19.74428], [-99.08193, 19.74443], [-99.08131, 19.74423], [-99.08137, 19.74389], [-99.0833, 19.74442]]]}}, {"id": "1129078", "type": "Feature", "properties": {"id": "1129078", "CVEGEO": "1505900010057011", "POBTOT": 114.0, "score_nse": 59.1613, "NSE": "C", "VIVTOT": 30.0, "GRAPROES": 9.1, "_ent": "15", "_mun": "059", "_loc": "0001"}, "geometry": {"type": "Polygon", "coordinates": [[[-99.07747, 19.7403], [-99.07719, 19.74022], [-99.07739, 19.73942], [-99.07818, 19.73964], [-99.07785, 19.74083], [-99.07707, 19.74068], [-99.07718, 19.74027], [-99.07747, 19.7403]]]}}, {"id": "1129079", "type": "Feature", "properties": {"id": "1129079", "CVEGEO": "1505900010080006", "POBTOT": 26.0, "score_nse": 76.306, "NSE": "C+", "VIVTOT": 8.0, "GRAPROES": 12.52, "_ent": "15", "_mun": "059", "_loc": "0001"}, "geometry": {"type": "Polygon", "coordinates": [[[-99.09384, 19.7424], [-99.09496, 19.74284], [-99.09461, 19.74363], [-99.09348, 19.74332], [-99.09384, 19.7424]]]}}, {"id": "1129080", "type": "Feature", "properties": {"id": "1129080", "CVEGEO": "1505900010080024", "POBTOT": 48.0, "score_nse": 65.4507, "NSE": "C", "VIVTOT": 15.0, "GRAPROES": 10.83, "_ent": "15", "_mun": "059", "_loc": "0001"}, "geometry": {"type": "Polygon", "coordinates": [[[-99.08637, 19.74494], [-99.086, 19.74508], [-99.08343, 19.74434], [-99.08365, 19.74366], [-99.08414, 19.7438], [-99.08368, 19.7436], [-99.08405, 19.74248], [-99.08637, 19.74494]]]}}, {"id": "1129081", "type": "Feature", "properties": {"id": "1129081", "CVEGEO": "1505900010080025", "POBTOT": 121.0, "score_nse": 58.8393, "NSE": "C", "VIVTOT": 33.0, "GRAPROES": 9.89, "_ent": "15", "_mun": "059", "_loc": "0001"}, "geometry": {"type": "Polygon", "coordinates": [[[-99.0814, 19.74382], [-99.08158, 19.74326], [-99.08214, 19.74343], [-99.0816, 19.7432], [-99.08213, 19.74173], [-99.08257, 19.74185], [-99.08226, 19.74296], [-99.08264, 19.74187], [-99.08405, 19.74222], [-99.08377, 19.74306], [-99.08283, 19.74285], [-99.08375, 19.74312], [-99.08333, 19.74432], [-99.0814, 19.74382]]]}}, {"id": "1129082", "type": "Feature", "properties": {"id": "1129082", "CVEGEO": "1505900010057012", "POBTOT": 58.0, "score_nse": 63.664, "NSE": "C", "VIVTOT": 15.0, "GRAPROES": 11.16, "_ent": "15", "_mun": "059", "_loc": "0001"}, "geometry": {"type": "Polygon", "coordinates": [[[-99.07793, 19.74081], [-99.07826, 19.73965], [-99.07878, 19.73982], [-99.07844, 19.74091], [-99.07793, 19.74081]]]}}, {"id": "1129083", "type": "Feature", "properties": {"id": "1129083", "CVEGEO": "1505900010057002", "POBTOT": 8.0, "score_nse": 0.0, "NSE": "ND", "VIVTOT": 5.0, "GRAPROES": 0.0, "_ent": "15", "_mun": "059", "_loc": "0001"}, "geometry": {"type": "Polygon", "coordinates": [[[-99.07615, 19.7424], [-99.07601, 19.74235], [-99.0762, 19.74225], [-99.07615, 19.7424]]]}}, {"id": "1129084", "type": "Feature", "properties": {"id": "1129084", "CVEGEO": "1505900010057001", "POBTOT": 118.0, "score_nse": 53.011, "NSE": "C-", "VIVTOT": 32.0, "GRAPROES": 9.33, "_ent": "15", "_mun": "059", "_loc": "0001"}, "geometry": {"type": "Polygon", "coordinates": [[[-99.0763, 19.74223], [-99.07841, 19.74111], [-99.07784, 19.74282], [-99.07626, 19.74241], [-99.0763, 19.74223]]]}}, {"id": "1129085", "type": "Feature", "properties": {"id": "1129085", "CVEGEO": "1505900010057033", "POBTOT": 54.0, "score_nse": 63.7627, "NSE": "C", "VIVTOT": 15.0, "GRAPROES": 10.22, "_ent": "15", "_mun": "059", "_loc": "0001"}, "geometry": {"type": "Polygon", "coordinates": [[[-99.07465, 19.74313], [-99.07589, 19.74241], [-99.07615, 19.74248], [-99.0758, 19.74376], [-99.0748, 19.74345], [-99.07465, 19.74313]]]}}, {"id": "1129087", "type": "Feature", "properties": {"id": "1129087", "CVEGEO": "1505900010112009", "POBTOT": 92.0, "score_nse": 52.804, "NSE": "C-", "VIVTOT": 20.0, "GRAPROES": 9.17, "_ent": "15", "_mun": "059", "_loc": "0001"}, "geometry": {"type": "Polygon", "coordinates": [[[-99.07579, 19.73754], [-99.0777, 19.73796], [-99.07749, 19.7387], [-99.07563, 19.73815], [-99.07579, 19.73754]]]}}, {"id": "1129088", "type": "Feature", "properties": {"id": "1129088", "CVEGEO": "1505900010112024", "POBTOT": 29.0, "score_nse": 67.253, "NSE": "C", "VIVTOT": 8.0, "GRAPROES": 12.79, "_ent": "15", "_mun": "059", "_loc": "0001"}, "geometry": {"type": "Polygon", "coordinates": [[[-99.08011, 19.73946], [-99.07907, 19.73917], [-99.07931, 19.73834], [-99.08035, 19.73858], [-99.08011, 19.73946]]]}}, {"id": "1129089", "type": "Feature", "properties": {"id": "1129089", "CVEGEO": "1505900010108002", "POBTOT": 140.0, "score_nse": 62.0255, "NSE": "C", "VIVTOT": 37.0, "GRAPROES": 10.58, "_ent": "15", "_mun": "059", "_loc": "0001"}, "geometry": {"type": "Polygon", "coordinates": [[[-99.08152, 19.73776], [-99.0823, 19.73788], [-99.08152, 19.73769], [-99.0816, 19.73728], [-99.0832, 19.73771], [-99.08279, 19.73914], [-99.08131, 19.73872], [-99.08152, 19.73776]]]}}, {"id": "1129090", "type": "Feature", "properties": {"id": "1129090", "CVEGEO": "1505900010108004", "POBTOT": 37.0, "score_nse": 61.7178, "NSE": "C", "VIVTOT": 11.0, "GRAPROES": 11.09, "_ent": "15", "_mun": "059", "_loc": "0001"}, "geometry": {"type": "Polygon", "coordinates": [[[-99.08379, 19.73601], [-99.08458, 19.73619], [-99.08439, 19.73715], [-99.08463, 19.73621], [-99.08596, 19.7365], [-99.08543, 19.73812], [-99.08336, 19.73764], [-99.08379, 19.73601]]]}}, {"id": "1129091", "type": "Feature", "properties": {"id": "1129091", "CVEGEO": "1505900010108022", "POBTOT": 126.0, "score_nse": 57.2074, "NSE": "C", "VIVTOT": 35.0, "GRAPROES": 10.73, "_ent": "15", "_mun": "059", "_loc": "0001"}, "geometry": {"type": "Polygon", "coordinates": [[[-99.08626, 19.73932], [-99.08599, 19.74001], [-99.08498, 19.73974], [-99.08547, 19.73823], [-99.08929, 19.73914], [-99.08943, 19.74094], [-99.08605, 19.74002], [-99.08626, 19.73932]]]}}, {"id": "1129092", "type": "Feature", "properties": {"id": "1129092", "CVEGEO": "1505900010108001", "POBTOT": 36.0, "score_nse": 56.9291, "NSE": "C", "VIVTOT": 14.0, "GRAPROES": 10.94, "_ent": "15", "_mun": "059", "_loc": "0001"}, "geometry": {"type": "Polygon", "coordinates": [[[-99.08352, 19.73934], [-99.08327, 19.73927], [-99.08352, 19.73835], [-99.08323, 19.73925], [-99.08288, 19.73917], [-99.08332, 19.73773], [-99.08393, 19.73788], [-99.08352, 19.73934]]]}}, {"id": "1129093", "type": "Feature", "properties": {"id": "1129093", "CVEGEO": "1505900010080018", "POBTOT": 118.0, "score_nse": 0.0, "NSE": "ND", "VIVTOT": 36.0, "GRAPROES": 10.0, "_ent": "15", "_mun": "059", "_loc": "0001"}, "geometry": {"type": "Polygon", "coordinates": [[[-99.08417, 19.74214], [-99.0846, 19.74089], [-99.08674, 19.74148], [-99.0864, 19.74268], [-99.08495, 19.74235], [-99.08505, 19.74191], [-99.08541, 19.74193], [-99.08509, 19.74186], [-99.08515, 19.7414], [-99.08486, 19.74233], [-99.08417, 19.74214]]]}}, {"id": "1129094", "type": "Feature", "properties": {"id": "1129094", "CVEGEO": "1505900010108023", "POBTOT": 25.0, "score_nse": 0.0, "NSE": "ND", "VIVTOT": 4.0, "GRAPROES": 9.67, "_ent": "15", "_mun": "059", "_loc": "0001"}, "geometry": {"type": "Polygon", "coordinates": [[[-99.08496, 19.73984], [-99.08707, 19.74041], [-99.08676, 19.74139], [-99.08465, 19.74077], [-99.08496, 19.73984]]]}}, {"id": "1129095", "type": "Feature", "properties": {"id": "1129095", "CVEGEO": "1505900010112025", "POBTOT": 0.0, "score_nse": 0.0, "NSE": "ND", "VIVTOT": 0.0, "GRAPROES": 0.0, "_ent": "15", "_mun": "059", "_loc": "0001"}, "geometry": {"type": "Polygon", "coordinates": [[[-99.07888, 19.73977], [-99.07903, 19.73929], [-99.08008, 19.73959], [-99.07993, 19.74009], [-99.07888, 19.73977]]]}}, {"id": "1129097", "type": "Feature", "properties": {"id": "1129097", "CVEGEO": "1505900010057008", "POBTOT": 102.0, "score_nse": 60.268, "NSE": "C", "VIVTOT": 25.0, "GRAPROES": 8.85, "_ent": "15", "_mun": "059", "_loc": "0001"}, "geometry": {"type": "Polygon", "coordinates": [[[-99.0759, 19.74379], [-99.07623, 19.74249], [-99.07648, 19.74257], [-99.07635, 19.74303], [-99.0767, 19.74313], [-99.07642, 19.74299], [-99.07653, 19.74258], [-99.07781, 19.74293], [-99.07739, 19.74422], [-99.0759, 19.74379]]]}}, {"id": "1129098", "type": "Feature", "properties": {"id": "1129098", "CVEGEO": "1505900010080017", "POBTOT": 109.0, "score_nse": 0.0, "NSE": "ND", "VIVTOT": 29.0, "GRAPROES": 9.19, "_ent": "15", "_mun": "059", "_loc": "0001"}, "geometry": {"type": "Polygon", "coordinates": [[[-99.08681, 19.74151], [-99.08876, 19.74207], [-99.08864, 19.74253], [-99.08882, 19.74209], [-99.09149, 19.74287], [-99.09125, 19.74382], [-99.08648, 19.7427], [-99.08665, 19.74207], [-99.0872, 19.74221], [-99.08666, 19.74203], [-99.08681, 19.74151]]]}}, {"id": "1129099", "type": "Feature", "properties": {"id": "1129099", "CVEGEO": "1505900010057024", "POBTOT": 80.0, "score_nse": 56.2267, "NSE": "C", "VIVTOT": 21.0, "GRAPROES": 10.08, "_ent": "15", "_mun": "059", "_loc": "0001"}, "geometry": {"type": "Polygon", "coordinates": [[[-99.07558, 19.73826], [-99.07625, 19.73845], [-99.07618, 19.73866], [-99.07629, 19.73847], [-99.07744, 19.7388], [-99.0774, 19.73902], [-99.07525, 19.73943], [-99.07558, 19.73826]]]}}, {"id": "1129100", "type": "Feature", "properties": {"id": "1129100", "CVEGEO": "1505900010057023", "POBTOT": 148.0, "score_nse": 57.2354, "NSE": "C", "VIVTOT": 39.0, "GRAPROES": 10.11, "_ent": "15", "_mun": "059", "_loc": "0001"}, "geometry": {"type": "Polygon", "coordinates": [[[-99.07298, 19.73751], [-99.07416, 19.73785], [-99.07387, 19.7389], [-99.07318, 19.73869], [-99.07386, 19.73893], [-99.07382, 19.73912], [-99.07325, 19.73894], [-99.07382, 19.73916], [-99.07372, 19.73953], [-99.07301, 19.73949], [-99.0726, 19.73858], [-99.07298, 19.73751]]]}}, {"id": "1129101", "type": "Feature", "properties": {"id": "1129101", "CVEGEO": "1505900010057025", "POBTOT": 64.0, "score_nse": 49.7676, "NSE": "C-", "VIVTOT": 18.0, "GRAPROES": 10.02, "_ent": "15", "_mun": "059", "_loc": "0001"}, "geometry": {"type": "Polygon", "coordinates": [[[-99.08063, 19.74132], [-99.08091, 19.74023], [-99.0823, 19.74061], [-99.0822, 19.74094], [-99.08181, 19.74084], [-99.08218, 19.74099], [-99.08198, 19.74162], [-99.08063, 19.74132]]]}}, {"id": "1129102", "type": "Feature", "properties": {"id": "1129102", "CVEGEO": "1505900010057006", "POBTOT": 32.0, "score_nse": 0.0, "NSE": "ND", "VIVTOT": 8.0, "GRAPROES": 11.19, "_ent": "15", "_mun": "059", "_loc": "0001"}, "geometry": {"type": "Polygon", "coordinates": [[[-99.07962, 19.74125], [-99.07911, 19.74318], [-99.07794, 19.74285], [-99.07853, 19.74103], [-99.07962, 19.74125]]]}}, {"id": "1129103", "type": "Feature", "properties": {"id": "1129103", "CVEGEO": "1505900010057005", "POBTOT": 9.0, "score_nse": 0.0, "NSE": "ND", "VIVTOT": 4.0, "GRAPROES": 10.63, "_ent": "15", "_mun": "059", "_loc": "0001"}, "geometry": {"type": "Polygon", "coordinates": [[[-99.0779, 19.74089], [-99.0784, 19.74099], [-99.07777, 19.74135], [-99.0779, 19.74089]]]}}, {"id": "1129104", "type": "Feature", "properties": {"id": "1129104", "CVEGEO": "1505900010057004", "POBTOT": 29.0, "score_nse": 0.0, "NSE": "ND", "VIVTOT": 8.0, "GRAPROES": 11.96, "_ent": "15", "_mun": "059", "_loc": "0001"}, "geometry": {"type": "Polygon", "coordinates": [[[-99.07705, 19.74074], [-99.0778, 19.74088], [-99.07766, 19.7414], [-99.07677, 19.74187], [-99.07705, 19.74074]]]}}, {"id": "1129105", "type": "Feature", "properties": {"id": "1129105", "CVEGEO": "1505900010112021", "POBTOT": 15.0, "score_nse": 0.0, "NSE": "ND", "VIVTOT": 6.0, "GRAPROES": 11.45, "_ent": "15", "_mun": "059", "_loc": "0001"}, "geometry": {"type": "Polygon", "coordinates": [[[-99.07761, 19.73884], [-99.07834, 19.73908], [-99.0782, 19.73956], [-99.07742, 19.7393], [-99.07761, 19.73884]]]}}, {"id": "1129106", "type": "Feature", "properties": {"id": "1129106", "CVEGEO": "1505900010112019", "POBTOT": 47.0, "score_nse": 58.6153, "NSE": "C", "VIVTOT": 11.0, "GRAPROES": 11.12, "_ent": "15", "_mun": "059", "_loc": "0001"}, "geometry": {"type": "Polygon", "coordinates": [[[-99.0787, 19.73819], [-99.07926, 19.73833], [-99.07903, 19.73917], [-99.07844, 19.73901], [-99.0787, 19.73819]]]}}, {"id": "1129107", "type": "Feature", "properties": {"id": "1129107", "CVEGEO": "1505900010112018", "POBTOT": 154.0, "score_nse": 0.0, "NSE": "ND", "VIVTOT": 49.0, "GRAPROES": 10.46, "_ent": "15", "_mun": "059", "_loc": "0001"}, "geometry": {"type": "Polygon", "coordinates": [[[-99.07997, 19.73786], [-99.08012, 19.73797], [-99.07999, 19.73841], [-99.07874, 19.73811], [-99.07894, 19.73742], [-99.07939, 19.73751], [-99.07896, 19.73737], [-99.07917, 19.7367], [-99.08077, 19.73708], [-99.08037, 19.7385], [-99.08005, 19.73842], [-99.08019, 19.73793], [-99.07997, 19.73786]]]}}, {"id": "1129108", "type": "Feature", "properties": {"id": "1129108", "CVEGEO": "1505900010108013", "POBTOT": 91.0, "score_nse": 52.0633, "NSE": "C-", "VIVTOT": 27.0, "GRAPROES": 9.63, "_ent": "15", "_mun": "059", "_loc": "0001"}, "geometry": {"type": "Polygon", "coordinates": [[[-99.08605, 19.73654], [-99.08912, 19.73726], [-99.08922, 19.73902], [-99.08759, 19.73863], [-99.08767, 19.73843], [-99.08757, 19.73863], [-99.08552, 19.73814], [-99.08605, 19.73654]]]}}, {"id": "1129109", "type": "Feature", "properties": {"id": "1129109", "CVEGEO": "1505900010080008", "POBTOT": 155.0, "score_nse": 50.4831, "NSE": "C-", "VIVTOT": 34.0, "GRAPROES": 9.36, "_ent": "15", "_mun": "059", "_loc": "0001"}, "geometry": {"type": "Polygon", "coordinates": [[[-99.09464, 19.74033], [-99.0961, 19.73637], [-99.09786, 19.73662], [-99.09697, 19.73842], [-99.09666, 19.73736], [-99.09689, 19.73851], [-99.0963, 19.73839], [-99.0969, 19.73856], [-99.09597, 19.74068], [-99.09464, 19.74033]]]}}, {"id": "1129110", "type": "Feature", "properties": {"id": "1129110", "CVEGEO": "1505900010108016", "POBTOT": 11.0, "score_nse": 0.0, "NSE": "ND", "VIVTOT": 5.0, "GRAPROES": 10.88, "_ent": "15", "_mun": "059", "_loc": "0001"}, "geometry": {"type": "Polygon", "coordinates": [[[-99.0835, 19.73942], [-99.08323, 19.74036], [-99.083, 19.7403], [-99.08325, 19.73935], [-99.0835, 19.73942]]]}}, {"id": "1129111", "type": "Feature", "properties": {"id": "1129111", "CVEGEO": "1505900010108015", "POBTOT": 57.0, "score_nse": 71.5307, "NSE": "C+", "VIVTOT": 19.0, "GRAPROES": 12.03, "_ent": "15", "_mun": "059", "_loc": "0001"}, "geometry": {"type": "Polygon", "coordinates": [[[-99.08329, 19.74037], [-99.08358, 19.73944], [-99.08486, 19.73981], [-99.08452, 19.74075], [-99.08329, 19.74037]]]}}, {"id": "1129112", "type": "Feature", "properties": {"id": "1129112", "CVEGEO": "1505900010080010", "POBTOT": 20.0, "score_nse": 0.0, "NSE": "ND", "VIVTOT": 7.0, "GRAPROES": 8.87, "_ent": "15", "_mun": "059", "_loc": "0001"}, "geometry": {"type": "Polygon", "coordinates": [[[-99.09572, 19.74494], [-99.09604, 19.74416], [-99.09631, 19.74431], [-99.09656, 19.74463], [-99.09652, 19.74497], [-99.09572, 19.74494]]]}}, {"id": "1129113", "type": "Feature", "properties": {"id": "1129113", "CVEGEO": "1505900010080011", "POBTOT": 42.0, "score_nse": 0.0, "NSE": "ND", "VIVTOT": 14.0, "GRAPROES": 9.65, "_ent": "15", "_mun": "059", "_loc": "0001"}, "geometry": {"type": "Polygon", "coordinates": [[[-99.09464, 19.74375], [-99.09593, 19.74418], [-99.09563, 19.74484], [-99.09431, 19.74453], [-99.09464, 19.74375]]]}}, {"id": "1129114", "type": "Feature", "properties": {"id": "1129114", "CVEGEO": "1505900010112020", "POBTOT": 33.0, "score_nse": 62.9356, "NSE": "C", "VIVTOT": 9.0, "GRAPROES": 11.79, "_ent": "15", "_mun": "059", "_loc": "0001"}, "geometry": {"type": "Polygon", "coordinates": [[[-99.07829, 19.73958], [-99.07843, 19.73911], [-99.07895, 19.73925], [-99.07881, 19.73974], [-99.07829, 19.73958]]]}}, {"id": "1129115", "type": "Feature", "properties": {"id": "1129115", "CVEGEO": "1505900010057032", "POBTOT": 81.0, "score_nse": 62.3238, "NSE": "C", "VIVTOT": 23.0, "GRAPROES": 10.26, "_ent": "15", "_mun": "059", "_loc": "0001"}, "geometry": {"type": "Polygon", "coordinates": [[[-99.07428, 19.73788], [-99.07546, 19.73823], [-99.07513, 19.73943], [-99.07387, 19.73948], [-99.07428, 19.73788]]]}}, {"id": "1129116", "type": "Feature", "properties": {"id": "1129116", "CVEGEO": "1505900010057031", "POBTOT": 2.0, "score_nse": 0.0, "NSE": "ND", "VIVTOT": 1.0, "GRAPROES": 0.0, "_ent": "15", "_mun": "059", "_loc": "0001"}, "geometry": {"type": "Polygon", "coordinates": [[[-99.07385, 19.73958], [-99.07511, 19.73951], [-99.0749, 19.74024], [-99.07376, 19.74002], [-99.07385, 19.73958]]]}}, {"id": "1129117", "type": "Feature", "properties": {"id": "1129117", "CVEGEO": "1505900010057030", "POBTOT": 80.0, "score_nse": 0.0, "NSE": "ND", "VIVTOT": 23.0, "GRAPROES": 9.5, "_ent": "15", "_mun": "059", "_loc": "0001"}, "geometry": {"type": "Polygon", "coordinates": [[[-99.07374, 19.74012], [-99.07487, 19.74035], [-99.07442, 19.74191], [-99.07408, 19.74183], [-99.07363, 19.74077], [-99.07374, 19.74012]]]}}, {"id": "1129118", "type": "Feature", "properties": {"id": "1129118", "CVEGEO": "1505900010057009", "POBTOT": 0.0, "score_nse": 0.0, "NSE": "ND", "VIVTOT": 0.0, "GRAPROES": 0.0, "_ent": "15", "_mun": "059", "_loc": "0001"}, "geometry": {"type": "Polygon", "coordinates": [[[-99.07489, 19.74359], [-99.07574, 19.74387], [-99.0755, 19.74493], [-99.07512, 19.74407], [-99.07489, 19.74359]]]}}, {"id": "1129121", "type": "Feature", "properties": {"id": "1129121", "CVEGEO": "1505900010080022", "POBTOT": 2.0, "score_nse": 0.0, "NSE": "ND", "VIVTOT": 1.0, "GRAPROES": 0.0, "_ent": "15", "_mun": "059", "_loc": "0001"}, "geometry": {"type": "Polygon", "coordinates": [[[-99.08901, 19.73529], [-99.0891, 19.73716], [-99.08612, 19.73645], [-99.08659, 19.73488], [-99.08901, 19.73529]]]}}, {"id": "1129122", "type": "Feature", "properties": {"id": "1129122", "CVEGEO": "1505900010080030", "POBTOT": 10.0, "score_nse": 0.0, "NSE": "ND", "VIVTOT": 3.0, "GRAPROES": 12.0, "_ent": "15", "_mun": "059", "_loc": "0001"}, "geometry": {"type": "Polygon", "coordinates": [[[-99.09428, 19.74461], [-99.09557, 19.74495], [-99.0942, 19.74485], [-99.09428, 19.74461]]]}}, {"id": "1129123", "type": "Feature", "properties": {"id": "1129123", "CVEGEO": "1505900010057015", "POBTOT": 41.0, "score_nse": 0.0, "NSE": "ND", "VIVTOT": 17.0, "GRAPROES": 10.88, "_ent": "15", "_mun": "059", "_loc": "0001"}, "geometry": {"type": "Polygon", "coordinates": [[[-99.07924, 19.7432], [-99.07975, 19.74125], [-99.0805, 19.7414], [-99.07994, 19.74338], [-99.07924, 19.7432]]]}}, {"id": "1129124", "type": "Feature", "properties": {"id": "1129124", "CVEGEO": "1505900010108025", "POBTOT": 11.0, "score_nse": 0.0, "NSE": "ND", "VIVTOT": 2.0, "GRAPROES": 0.0, "_ent": "15", "_mun": "059", "_loc": "0001"}, "geometry": {"type": "Polygon", "coordinates": [[[-99.08007, 19.73991], [-99.08017, 19.73959], [-99.08095, 19.73982], [-99.08089, 19.74013], [-99.08007, 19.73991]]]}}, {"id": "1129125", "type": "Feature", "properties": {"id": "1129125", "CVEGEO": "1505900010080003", "POBTOT": 71.0, "score_nse": 48.9637, "NSE": "C-", "VIVTOT": 24.0, "GRAPROES": 10.35, "_ent": "15", "_mun": "059", "_loc": "0001"}, "geometry": {"type": "Polygon", "coordinates": [[[-99.09904, 19.73858], [-99.09932, 19.73887], [-99.09827, 19.74126], [-99.09736, 19.741], [-99.09787, 19.73977], [-99.09844, 19.73996], [-99.09789, 19.73971], [-99.09893, 19.73684], [-99.09921, 19.73687], [-99.09972, 19.73786], [-99.09936, 19.73878], [-99.09904, 19.73858]]]}}, {"id": "1129126", "type": "Feature", "properties": {"id": "1129126", "CVEGEO": "1505900010080019", "POBTOT": 36.0, "score_nse": 0.0, "NSE": "ND", "VIVTOT": 9.0, "GRAPROES": 11.77, "_ent": "15", "_mun": "059", "_loc": "0001"}, "geometry": {"type": "Polygon", "coordinates": [[[-99.08315, 19.74103], [-99.08331, 19.74047], [-99.0845, 19.74083], [-99.0841, 19.74213], [-99.08363, 19.742], [-99.0837, 19.74184], [-99.08315, 19.74103]]]}}, {"id": "1129127", "type": "Feature", "properties": {"id": "1129127", "CVEGEO": "1505900010042033", "POBTOT": 27.0, "score_nse": 82.0486, "NSE": "C+", "VIVTOT": 7.0, "GRAPROES": 11.21, "_ent": "15", "_mun": "059", "_loc": "0001"}, "geometry": {"type": "Polygon", "coordinates": [[[-99.065, 19.73906], [-99.06602, 19.73756], [-99.06676, 19.7382], [-99.06625, 19.73968], [-99.06556, 19.7395], [-99.065, 19.73906]]]}}, {"id": "1129128", "type": "Feature", "properties": {"id": "1129128", "CVEGEO": "1505900010112013", "POBTOT": 24.0, "score_nse": 0.0, "NSE": "ND", "VIVTOT": 5.0, "GRAPROES": 10.6, "_ent": "15", "_mun": "059", "_loc": "0001"}, "geometry": {"type": "Polygon", "coordinates": [[[-99.07328, 19.7364], [-99.07314, 19.7368], [-99.07162, 19.73645], [-99.07228, 19.7354], [-99.07328, 19.7364]]]}}, {"id": "1129129", "type": "Feature", "properties": {"id": "1129129", "CVEGEO": "1505900010108008", "POBTOT": 66.0, "score_nse": 63.012, "NSE": "C", "VIVTOT": 20.0, "GRAPROES": 11.29, "_ent": "15", "_mun": "059", "_loc": "0001"}, "geometry": {"type": "Polygon", "coordinates": [[[-99.08048, 19.73852], [-99.08086, 19.7371], [-99.08153, 19.73728], [-99.0812, 19.73871], [-99.08048, 19.73852]]]}}, {"id": "1129130", "type": "Feature", "properties": {"id": "1129130", "CVEGEO": "1505900010080005", "POBTOT": 51.0, "score_nse": 0.0, "NSE": "ND", "VIVTOT": 16.0, "GRAPROES": 12.11, "_ent": "15", "_mun": "059", "_loc": "0001"}, "geometry": {"type": "Polygon", "coordinates": [[[-99.09471, 19.74366], [-99.09505, 19.74286], [-99.09629, 19.74337], [-99.096, 19.74402], [-99.09471, 19.74366]]]}}, {"id": "1129131", "type": "Feature", "properties": {"id": "1129131", "CVEGEO": "1505900010108005", "POBTOT": 85.0, "score_nse": 60.716, "NSE": "C", "VIVTOT": 25.0, "GRAPROES": 10.65, "_ent": "15", "_mun": "059", "_loc": "0001"}, "geometry": {"type": "Polygon", "coordinates": [[[-99.0836, 19.73938], [-99.08402, 19.7379], [-99.08538, 19.73822], [-99.0849, 19.73972], [-99.08427, 19.73957], [-99.0844, 19.73891], [-99.08421, 19.73955], [-99.0836, 19.73938]]]}}, {"id": "1129132", "type": "Feature", "properties": {"id": "1129132", "CVEGEO": "1505900010042030", "POBTOT": 0.0, "score_nse": 0.0, "NSE": "ND", "VIVTOT": 0.0, "GRAPROES": 0.0, "_ent": "15", "_mun": "059", "_loc": "0001"}, "geometry": {"type": "Polygon", "coordinates": [[[-99.07566, 19.74559], [-99.07542, 19.7455], [-99.07551, 19.74524], [-99.07566, 19.74559]]]}}, {"id": "1129133", "type": "Feature", "properties": {"id": "1129133", "CVEGEO": "1505900010108024", "POBTOT": 6.0, "score_nse": 0.0, "NSE": "ND", "VIVTOT": 1.0, "GRAPROES": 0.0, "_ent": "15", "_mun": "059", "_loc": "0001"}, "geometry": {"type": "Polygon", "coordinates": [[[-99.08102, 19.73985], [-99.08242, 19.74025], [-99.08234, 19.7405], [-99.08094, 19.74013], [-99.08102, 19.73985]]]}}, {"id": "1129134", "type": "Feature", "properties": {"id": "1129134", "CVEGEO": "1505900010057026", "POBTOT": 114.0, "score_nse": 0.0, "NSE": "ND", "VIVTOT": 41.0, "GRAPROES": 9.47, "_ent": "15", "_mun": "059", "_loc": "0001"}, "geometry": {"type": "Polygon", "coordinates": [[[-99.08072, 19.74283], [-99.08027, 19.74269], [-99.08061, 19.74146], [-99.08202, 19.74175], [-99.08129, 19.74379], [-99.08007, 19.74343], [-99.08024, 19.74275], [-99.08072, 19.74283]]]}}, {"id": "1129135", "type": "Feature", "properties": {"id": "1129135", "CVEGEO": "1505900010057029", "POBTOT": 6.0, "score_nse": 0.0, "NSE": "ND", "VIVTOT": 1.0, "GRAPROES": 0.0, "_ent": "15", "_mun": "059", "_loc": "0001"}, "geometry": {"type": "Polygon", "coordinates": [[[-99.07439, 19.74199], [-99.07429, 19.74232], [-99.07411, 19.74192], [-99.07439, 19.74199]]]}}, {"id": "1129138", "type": "Feature", "properties": {"id": "1129138", "CVEGEO": "1505900010112011", "POBTOT": 15.0, "score_nse": 0.0, "NSE": "ND", "VIVTOT": 4.0, "GRAPROES": 9.6, "_ent": "15", "_mun": "059", "_loc": "0001"}, "geometry": {"type": "Polygon", "coordinates": [[[-99.07325, 19.73692], [-99.07441, 19.73721], [-99.07425, 19.73774], [-99.07304, 19.7374], [-99.07325, 19.73692]]]}}, {"id": "1129139", "type": "Feature", "properties": {"id": "1129139", "CVEGEO": "1505900010112010", "POBTOT": 62.0, "score_nse": 57.94, "NSE": "C", "VIVTOT": 20.0, "GRAPROES": 10.45, "_ent": "15", "_mun": "059", "_loc": "0001"}, "geometry": {"type": "Polygon", "coordinates": [[[-99.0745, 19.73722], [-99.0757, 19.73752], [-99.07553, 19.73812], [-99.07433, 19.73776], [-99.0745, 19.73722]]]}}, {"id": "1129140", "type": "Feature", "properties": {"id": "1129140", "CVEGEO": "1505900010112006", "POBTOT": 41.0, "score_nse": 58.74, "NSE": "C", "VIVTOT": 15.0, "GRAPROES": 11.3, "_ent": "15", "_mun": "059", "_loc": "0001"}, "geometry": {"type": "Polygon", "coordinates": [[[-99.07816, 19.73645], [-99.07907, 19.73667], [-99.07885, 19.73741], [-99.07796, 19.73726], [-99.07816, 19.73645]]]}}, {"id": "1129141", "type": "Feature", "properties": {"id": "1129141", "CVEGEO": "1505900010080031", "POBTOT": 38.0, "score_nse": 0.0, "NSE": "ND", "VIVTOT": 12.0, "GRAPROES": 8.48, "_ent": "15", "_mun": "059", "_loc": "0001"}, "geometry": {"type": "Polygon", "coordinates": [[[-99.09419, 19.74458], [-99.09407, 19.74486], [-99.09295, 19.74474], [-99.09309, 19.74433], [-99.09419, 19.74458]]]}}, {"id": "1129142", "type": "Feature", "properties": {"id": "1129142", "CVEGEO": "1505900010080032", "POBTOT": 0.0, "score_nse": 0.0, "NSE": "ND", "VIVTOT": 0.0, "GRAPROES": 0.0, "_ent": "15", "_mun": "059", "_loc": "0001"}, "geometry": {"type": "Polygon", "coordinates": [[[-99.09297, 19.74432], [-99.09282, 19.74474], [-99.09117, 19.74459], [-99.09133, 19.74392], [-99.09297, 19.74432]]]}}, {"id": "1129143", "type": "Feature", "properties": {"id": "1129143", "CVEGEO": "1505900010057022", "POBTOT": 13.0, "score_nse": 0.0, "NSE": "ND", "VIVTOT": 4.0, "GRAPROES": 8.0, "_ent": "15", "_mun": "059", "_loc": "0001"}, "geometry": {"type": "Polygon", "coordinates": [[[-99.07363, 19.74001], [-99.0732, 19.73992], [-99.07303, 19.73953], [-99.07371, 19.73959], [-99.07363, 19.74001]]]}}, {"id": "1129144", "type": "Feature", "properties": {"id": "1129144", "CVEGEO": "1505900010057021", "POBTOT": 11.0, "score_nse": 0.0, "NSE": "ND", "VIVTOT": 1.0, "GRAPROES": 0.0, "_ent": "15", "_mun": "059", "_loc": "0001"}, "geometry": {"type": "Polygon", "coordinates": [[[-99.07366, 19.74011], [-99.07356, 19.74066], [-99.07327, 19.74003], [-99.07366, 19.74011]]]}}, {"id": "1129145", "type": "Feature", "properties": {"id": "1129145", "CVEGEO": "1505900010057003", "POBTOT": 163.0, "score_nse": 58.6284, "NSE": "C", "VIVTOT": 47.0, "GRAPROES": 9.94, "_ent": "15", "_mun": "059", "_loc": "0001"}, "geometry": {"type": "Polygon", "coordinates": [[[-99.07498, 19.74035], [-99.07695, 19.74073], [-99.07666, 19.74192], [-99.07589, 19.74231], [-99.07454, 19.74194], [-99.07473, 19.7413], [-99.07526, 19.74139], [-99.07474, 19.74125], [-99.07498, 19.74035]]]}}, {"id": "1129146", "type": "Feature", "properties": {"id": "1129146", "CVEGEO": "1505900010057020", "POBTOT": 46.0, "score_nse": 59.1742, "NSE": "C", "VIVTOT": 13.0, "GRAPROES": 10.5, "_ent": "15", "_mun": "059", "_loc": "0001"}, "geometry": {"type": "Polygon", "coordinates": [[[-99.07436, 19.74247], [-99.07449, 19.74202], [-99.07577, 19.74236], [-99.0746, 19.74305], [-99.07436, 19.74247]]]}}, {"id": "1129147", "type": "Feature", "properties": {"id": "1129147", "CVEGEO": "1505900010112014", "POBTOT": 31.0, "score_nse": 0.0, "NSE": "ND", "VIVTOT": 8.0, "GRAPROES": 10.79, "_ent": "15", "_mun": "059", "_loc": "0001"}, "geometry": {"type": "Polygon", "coordinates": [[[-99.07188, 19.73417], [-99.07153, 19.73456], [-99.07081, 19.73394], [-99.07185, 19.73256], [-99.07409, 19.73458], [-99.07339, 19.73633], [-99.07159, 19.73461], [-99.07188, 19.73417]]]}}, {"id": "1129148", "type": "Feature", "properties": {"id": "1129148", "CVEGEO": "1505900010108003", "POBTOT": 84.0, "score_nse": 0.0, "NSE": "ND", "VIVTOT": 26.0, "GRAPROES": 11.16, "_ent": "15", "_mun": "059", "_loc": "0001"}, "geometry": {"type": "Polygon", "coordinates": [[[-99.08162, 19.7372], [-99.08201, 19.73561], [-99.08367, 19.73599], [-99.08324, 19.73761], [-99.08162, 19.7372]]]}}, {"id": "1129149", "type": "Feature", "properties": {"id": "1129149", "CVEGEO": "1505900010080014", "POBTOT": 35.0, "score_nse": 0.0, "NSE": "ND", "VIVTOT": 12.0, "GRAPROES": 10.06, "_ent": "15", "_mun": "059", "_loc": "0001"}, "geometry": {"type": "Polygon", "coordinates": [[[-99.09162, 19.74277], [-99.09194, 19.74166], [-99.09373, 19.74236], [-99.0934, 19.74328], [-99.09162, 19.74277]]]}}, {"id": "1129150", "type": "Feature", "properties": {"id": "1129150", "CVEGEO": "1505900010080012", "POBTOT": 48.0, "score_nse": 65.8169, "NSE": "C", "VIVTOT": 13.0, "GRAPROES": 11.67, "_ent": "15", "_mun": "059", "_loc": "0001"}, "geometry": {"type": "Polygon", "coordinates": [[[-99.09312, 19.74426], [-99.09345, 19.7434], [-99.09457, 19.74372], [-99.09421, 19.74451], [-99.09312, 19.74426]]]}}, {"id": "1129151", "type": "Feature", "properties": {"id": "1129151", "CVEGEO": "1505900010080013", "POBTOT": 30.0, "score_nse": 0.0, "NSE": "ND", "VIVTOT": 13.0, "GRAPROES": 9.09, "_ent": "15", "_mun": "059", "_loc": "0001"}, "geometry": {"type": "Polygon", "coordinates": [[[-99.09277, 19.74368], [-99.09254, 19.7436], [-99.09266, 19.74319], [-99.09334, 19.74339], [-99.09302, 19.74424], [-99.09133, 19.74383], [-99.09157, 19.74288], [-99.09262, 19.74318], [-99.0925, 19.74358], [-99.09192, 19.74348], [-99.09277, 19.74368]]]}}, {"id": "1129152", "type": "Feature", "properties": {"id": "1129152", "CVEGEO": "1505900010108020", "POBTOT": 64.0, "score_nse": 56.61, "NSE": "C", "VIVTOT": 20.0, "GRAPROES": 8.62, "_ent": "15", "_mun": "059", "_loc": "0001"}, "geometry": {"type": "Polygon", "coordinates": [[[-99.0825, 19.73147], [-99.08289, 19.7317], [-99.08227, 19.73413], [-99.08167, 19.73405], [-99.0825, 19.73147]]]}}, {"id": "1129153", "type": "Feature", "properties": {"id": "1129153", "CVEGEO": "1505900010127006", "POBTOT": 18.0, "score_nse": 0.0, "NSE": "ND", "VIVTOT": 3.0, "GRAPROES": 9.57, "_ent": "15", "_mun": "059", "_loc": "0001"}, "geometry": {"type": "Polygon", "coordinates": [[[-99.06955, 19.73487], [-99.06932, 19.73518], [-99.06907, 19.73496], [-99.06928, 19.73464], [-99.06955, 19.73487]]]}}, {"id": "1129154", "type": "Feature", "properties": {"id": "1129154", "CVEGEO": "1505900010108017", "POBTOT": 48.0, "score_nse": 74.8227, "NSE": "C+", "VIVTOT": 12.0, "GRAPROES": 12.45, "_ent": "15", "_mun": "059", "_loc": "0001"}, "geometry": {"type": "Polygon", "coordinates": [[[-99.0832, 19.73935], [-99.08294, 19.74028], [-99.08255, 19.74017], [-99.08284, 19.73925], [-99.0832, 19.73935]]]}}, {"id": "1129157", "type": "Feature", "properties": {"id": "1129157", "CVEGEO": "1505900010112029", "POBTOT": 44.0, "score_nse": 0.0, "NSE": "ND", "VIVTOT": 17.0, "GRAPROES": 7.38, "_ent": "15", "_mun": "059", "_loc": "0001"}, "geometry": {"type": "Polygon", "coordinates": [[[-99.08158, 19.734], [-99.07891, 19.73365], [-99.08004, 19.7293], [-99.08244, 19.73138], [-99.08216, 19.73191], [-99.08158, 19.734]]]}}, {"id": "1129159", "type": "Feature", "properties": {"id": "1129159", "CVEGEO": "1505900010080004", "POBTOT": 93.0, "score_nse": 53.5086, "NSE": "C-", "VIVTOT": 33.0, "GRAPROES": 10.44, "_ent": "15", "_mun": "059", "_loc": "0001"}, "geometry": {"type": "Polygon", "coordinates": [[[-99.09607, 19.74406], [-99.0974, 19.74115], [-99.0982, 19.74136], [-99.09675, 19.74465], [-99.09607, 19.74406]]]}}, {"id": "1129160", "type": "Feature", "properties": {"id": "1129160", "CVEGEO": "1505900010080021", "POBTOT": 11.0, "score_nse": 0.0, "NSE": "ND", "VIVTOT": 3.0, "GRAPROES": 0.0, "_ent": "15", "_mun": "059", "_loc": "0001"}, "geometry": {"type": "Polygon", "coordinates": [[[-99.08253, 19.74027], [-99.08322, 19.74046], [-99.08313, 19.74071], [-99.08245, 19.74052], [-99.08253, 19.74027]]]}}, {"id": "1129161", "type": "Feature", "properties": {"id": "1129161", "CVEGEO": "1505900010112015", "POBTOT": 30.0, "score_nse": 0.0, "NSE": "ND", "VIVTOT": 8.0, "GRAPROES": 7.5, "_ent": "15", "_mun": "059", "_loc": "0001"}, "geometry": {"type": "Polygon", "coordinates": [[[-99.07888, 19.73376], [-99.08155, 19.73414], [-99.08121, 19.73532], [-99.07865, 19.73467], [-99.07888, 19.73376]]]}}, {"id": "1129162", "type": "Feature", "properties": {"id": "1129162", "CVEGEO": "1505900010057019", "POBTOT": 65.0, "score_nse": 0.0, "NSE": "ND", "VIVTOT": 17.0, "GRAPROES": 10.47, "_ent": "15", "_mun": "059", "_loc": "0001"}, "geometry": {"type": "Polygon", "coordinates": [[[-99.07581, 19.74566], [-99.07557, 19.7451], [-99.07586, 19.74389], [-99.07643, 19.74409], [-99.07627, 19.74481], [-99.07649, 19.74411], [-99.07682, 19.7442], [-99.07654, 19.7452], [-99.07688, 19.74422], [-99.07735, 19.74437], [-99.07685, 19.74601], [-99.07581, 19.74566]]]}}, {"id": "1129164", "type": "Feature", "properties": {"id": "1129164", "CVEGEO": "1505900010108009", "POBTOT": 46.0, "score_nse": 74.1493, "NSE": "C+", "VIVTOT": 9.0, "GRAPROES": 11.43, "_ent": "15", "_mun": "059", "_loc": "0001"}, "geometry": {"type": "Polygon", "coordinates": [[[-99.08088, 19.73701], [-99.08131, 19.73547], [-99.08191, 19.73558], [-99.08154, 19.73718], [-99.08088, 19.73701]]]}}, {"id": "1129165", "type": "Feature", "properties": {"id": "1129165", "CVEGEO": "1505900010080027", "POBTOT": 10.0, "score_nse": 0.0, "NSE": "ND", "VIVTOT": 3.0, "GRAPROES": 11.33, "_ent": "15", "_mun": "059", "_loc": "0001"}, "geometry": {"type": "Polygon", "coordinates": [[[-99.08588, 19.74512], [-99.08348, 19.74596], [-99.08284, 19.74619], [-99.08339, 19.74443], [-99.08588, 19.74512]]]}}, {"id": "1129166", "type": "Feature", "properties": {"id": "1129166", "CVEGEO": "1505900010057013", "POBTOT": 69.0, "score_nse": 65.5535, "NSE": "C", "VIVTOT": 22.0, "GRAPROES": 10.98, "_ent": "15", "_mun": "059", "_loc": "0001"}, "geometry": {"type": "Polygon", "coordinates": [[[-99.07887, 19.73984], [-99.07993, 19.74016], [-99.07966, 19.74114], [-99.07854, 19.74093], [-99.07887, 19.73984]]]}}, {"id": "1129429", "type": "Feature", "properties": {"id": "1129429", "CVEGEO": "1505900010080020", "POBTOT": 67.0, "score_nse": 52.3609, "NSE": "C-", "VIVTOT": 18.0, "GRAPROES": 9.38, "_ent": "15", "_mun": "059", "_loc": "0001"}, "geometry": {"type": "Polygon", "coordinates": [[[-99.08243, 19.7406], [-99.08308, 19.74081], [-99.08303, 19.74103], [-99.08339, 19.74154], [-99.08305, 19.74157], [-99.08344, 19.74159], [-99.08355, 19.742], [-99.08208, 19.74163], [-99.08243, 19.7406]]]}}, {"id": "1129511", "type": "Feature", "properties": {"id": "1129511", "CVEGEO": "1505900010038023", "POBTOT": 176.0, "score_nse": 0.0, "NSE": "ND", "VIVTOT": 54.0, "GRAPROES": 9.71, "_ent": "15", "_mun": "059", "_loc": "0001"}, "geometry": {"type": "Polygon", "coordinates": [[[-99.061, 19.74874], [-99.06075, 19.74938], [-99.061, 19.74945], [-99.06089, 19.74971], [-99.05862, 19.74893], [-99.05897, 19.74796], [-99.0595, 19.74818], [-99.05898, 19.74792], [-99.05922, 19.74726], [-99.06276, 19.74839], [-99.06267, 19.74873], [-99.06279, 19.7484], [-99.06407, 19.74882], [-99.06392, 19.74924], [-99.06364, 19.74915], [-99.0639, 19.74928], [-99.06375, 19.74971], [-99.06343, 19.74959], [-99.06374, 19.74974], [-99.06364, 19.74999], [-99.06328, 19.74991], [-99.06363, 19.75004], [-99.06341, 19.7506], [-99.06098, 19.74974], [-99.06146, 19.7486], [-99.06095, 19.74843], [-99.06136, 19.74865], [-99.06102, 19.74939], [-99.06084, 19.74933], [-99.061, 19.74874]]]}}, {"id": "1129512", "type": "Feature", "properties": {"id": "1129512", "CVEGEO": "1505900010038024", "POBTOT": 108.0, "score_nse": 50.2616, "NSE": "C-", "VIVTOT": 44.0, "GRAPROES": 9.75, "_ent": "15", "_mun": "059", "_loc": "0001"}, "geometry": {"type": "Polygon", "coordinates": [[[-99.06411, 19.74873], [-99.05927, 19.74718], [-99.06006, 19.74501], [-99.06231, 19.74576], [-99.06215, 19.74622], [-99.06238, 19.7458], [-99.06273, 19.74592], [-99.06239, 19.74693], [-99.06278, 19.74594], [-99.06439, 19.74649], [-99.06407, 19.74675], [-99.06341, 19.7465], [-99.06403, 19.74678], [-99.06368, 19.74705], [-99.06327, 19.74691], [-99.06364, 19.74708], [-99.06351, 19.74725], [-99.06445, 19.74651], [-99.06487, 19.74665], [-99.06411, 19.74873]]]}}, {"id": "1129513", "type": "Feature", "properties": {"id": "1129513", "CVEGEO": "1505900010038026", "POBTOT": 388.0, "score_nse": 51.757, "NSE": "C-", "VIVTOT": 121.0, "GRAPROES": 9.93, "_ent": "15", "_mun": "059", "_loc": "0001"}, "geometry": {"type": "Polygon", "coordinates": [[[-99.06149, 19.74253], [-99.06104, 19.74235], [-99.0615, 19.74121], [-99.06171, 19.7413], [-99.06151, 19.74117], [-99.0616, 19.74101], [-99.06203, 19.74114], [-99.0619, 19.74145], [-99.06205, 19.74116], [-99.06349, 19.74164], [-99.06329, 19.74182], [-99.06311, 19.74224], [-99.06278, 19.74211], [-99.0631, 19.74227], [-99.06275, 19.74262], [-99.06229, 19.74239], [-99.06273, 19.74271], [-99.06314, 19.74229], [-99.06355, 19.74166], [-99.06493, 19.74213], [-99.06469, 19.74289], [-99.06487, 19.74243], [-99.06544, 19.7426], [-99.06489, 19.74239], [-99.06498, 19.74215], [-99.06633, 19.74261], [-99.06561, 19.74456], [-99.06466, 19.74428], [-99.06498, 19.74334], [-99.06481, 19.74363], [-99.0634, 19.74322], [-99.06356, 19.74264], [-99.06335, 19.74321], [-99.06301, 19.74316], [-99.06333, 19.74326], [-99.06327, 19.74344], [-99.06377, 19.74358], [-99.06333, 19.7434], [-99.06338, 19.74327], [-99.06479, 19.74368], [-99.06459, 19.74426], [-99.06121, 19.74319], [-99.06131, 19.74277], [-99.06116, 19.74317], [-99.06081, 19.74306], [-99.06102, 19.74239], [-99.06149, 19.74253]]]}}, {"id": "1129514", "type": "Feature", "properties": {"id": "1129514", "CVEGEO": "1505900010038037", "POBTOT": 132.0, "score_nse": 43.792, "NSE": "C-", "VIVTOT": 50.0, "GRAPROES": 8.99, "_ent": "15", "_mun": "059", "_loc": "0001"}, "geometry": {"type": "Polygon", "coordinates": [[[-99.06361, 19.7531], [-99.06325, 19.75289], [-99.06354, 19.75215], [-99.06411, 19.7523], [-99.06356, 19.7521], [-99.06401, 19.75091], [-99.06468, 19.75115], [-99.06457, 19.75157], [-99.06472, 19.75117], [-99.06627, 19.75172], [-99.06382, 19.75564], [-99.06241, 19.7551], [-99.06323, 19.75296], [-99.06361, 19.7531]]]}}, {"id": "1129515", "type": "Feature", "properties": {"id": "1129515", "CVEGEO": "1505900010038038", "POBTOT": 284.0, "score_nse": 0.0, "NSE": "ND", "VIVTOT": 89.0, "GRAPROES": 9.34, "_ent": "15", "_mun": "059", "_loc": "0001"}, "geometry": {"type": "Polygon", "coordinates": [[[-99.06102, 19.75458], [-99.06126, 19.75389], [-99.06095, 19.75456], [-99.06073, 19.75446], [-99.06096, 19.75364], [-99.06067, 19.75444], [-99.06047, 19.75436], [-99.06075, 19.75365], [-99.06038, 19.75433], [-99.05905, 19.75382], [-99.0596, 19.75324], [-99.06023, 19.75347], [-99.05966, 19.75317], [-99.06093, 19.7518], [-99.06132, 19.75196], [-99.06098, 19.75176], [-99.06233, 19.75033], [-99.0639, 19.75088], [-99.06355, 19.75183], [-99.06243, 19.75145], [-99.06352, 19.75189], [-99.06312, 19.75293], [-99.06253, 19.75277], [-99.06311, 19.75297], [-99.06278, 19.75383], [-99.06199, 19.75356], [-99.06276, 19.75389], [-99.06266, 19.75414], [-99.06241, 19.75406], [-99.06265, 19.75419], [-99.0623, 19.75505], [-99.06102, 19.75458]]]}}, {"id": "1129516", "type": "Feature", "properties": {"id": "1129516", "CVEGEO": "1505900010038039", "POBTOT": 74.0, "score_nse": 50.152, "NSE": "C-", "VIVTOT": 29.0, "GRAPROES": 9.22, "_ent": "15", "_mun": "059", "_loc": "0001"}, "geometry": {"type": "Polygon", "coordinates": [[[-99.0577, 19.75138], [-99.05816, 19.75016], [-99.06129, 19.75124], [-99.06098, 19.75157], [-99.06015, 19.75129], [-99.06002, 19.75166], [-99.0602, 19.75138], [-99.06093, 19.75162], [-99.06046, 19.75215], [-99.0577, 19.75138]]]}}, {"id": "1129517", "type": "Feature", "properties": {"id": "1129517", "CVEGEO": "1505900010038047", "POBTOT": 83.0, "score_nse": 0.0, "NSE": "ND", "VIVTOT": 20.0, "GRAPROES": 10.13, "_ent": "15", "_mun": "059", "_loc": "0001"}, "geometry": {"type": "Polygon", "coordinates": [[[-99.06055, 19.75011], [-99.06123, 19.75037], [-99.06113, 19.7506], [-99.06168, 19.75082], [-99.06131, 19.75121], [-99.05988, 19.75069], [-99.05991, 19.75039], [-99.0598, 19.75066], [-99.05932, 19.7505], [-99.05943, 19.75011], [-99.05928, 19.75048], [-99.05818, 19.75009], [-99.05858, 19.74903], [-99.06023, 19.74957], [-99.06021, 19.74988], [-99.06032, 19.74959], [-99.06138, 19.74998], [-99.06124, 19.7503], [-99.06055, 19.75011]]]}}, {"id": "1129518", "type": "Feature", "properties": {"id": "1129518", "CVEGEO": "1505900010038051", "POBTOT": 0.0, "score_nse": 0.0, "NSE": null, "VIVTOT": 0.0, "GRAPROES": 0.0, "_ent": "15", "_mun": "059", "_loc": "0001"}, "geometry": {"type": "Polygon", "coordinates": [[[-99.06036, 19.75222], [-99.05895, 19.75379], [-99.05707, 19.75308], [-99.05769, 19.75144], [-99.06036, 19.75222]]]}}, {"id": "1129519", "type": "Feature", "properties": {"id": "1129519", "CVEGEO": "1505900010080002", "POBTOT": 142.0, "score_nse": 0.0, "NSE": "ND", "VIVTOT": 38.0, "GRAPROES": 9.79, "_ent": "15", "_mun": "059", "_loc": "0001"}, "geometry": {"type": "Polygon", "coordinates": [[[-99.0971, 19.73835], [-99.09811, 19.73873], [-99.09723, 19.74098], [-99.09659, 19.74065], [-99.09681, 19.74088], [-99.09604, 19.7407], [-99.0971, 19.73835]]]}}, {"id": "1129520", "type": "Feature", "properties": {"id": "1129520", "CVEGEO": "1505900010080009", "POBTOT": 57.0, "score_nse": 53.9289, "NSE": "C-", "VIVTOT": 18.0, "GRAPROES": 9.03, "_ent": "15", "_mun": "059", "_loc": "0001"}, "geometry": {"type": "Polygon", "coordinates": [[[-99.09874, 19.74174], [-99.09829, 19.74272], [-99.09781, 19.74261], [-99.09863, 19.74072], [-99.09956, 19.74096], [-99.09865, 19.74068], [-99.09982, 19.73795], [-99.10077, 19.74015], [-99.09977, 19.74186], [-99.09879, 19.74282], [-99.09836, 19.74272], [-99.09874, 19.74174]]]}}, {"id": "1129521", "type": "Feature", "properties": {"id": "1129521", "CVEGEO": "1505900010080035", "POBTOT": 0.0, "score_nse": 0.0, "NSE": null, "VIVTOT": 0.0, "GRAPROES": 0.0, "_ent": "15", "_mun": "059", "_loc": "0001"}, "geometry": {"type": "Polygon", "coordinates": [[[-99.09813, 19.73867], [-99.09714, 19.73828], [-99.09791, 19.73662], [-99.09885, 19.73674], [-99.09859, 19.73742], [-99.098, 19.73742], [-99.09857, 19.73748], [-99.09824, 19.73838], [-99.09769, 19.73829], [-99.09823, 19.73841], [-99.09813, 19.73867]]]}}, {"id": "1129522", "type": "Feature", "properties": {"id": "1129522", "CVEGEO": "1505900010080036", "POBTOT": 0.0, "score_nse": 0.0, "NSE": null, "VIVTOT": 0.0, "GRAPROES": 0.0, "_ent": "15", "_mun": "059", "_loc": "0001"}, "geometry": {"type": "Polygon", "coordinates": [[[-99.09781, 19.74265], [-99.09875, 19.74285], [-99.09707, 19.7445], [-99.09697, 19.74445], [-99.09781, 19.74265]]]}}, {"id": "1129523", "type": "Feature", "properties": {"id": "1129523", "CVEGEO": "1505900010108026", "POBTOT": 87.0, "score_nse": 0.0, "NSE": "ND", "VIVTOT": 21.0, "GRAPROES": 9.04, "_ent": "15", "_mun": "059", "_loc": "0001"}, "geometry": {"type": "Polygon", "coordinates": [[[-99.08257, 19.73136], [-99.08306, 19.73063], [-99.08537, 19.73259], [-99.08481, 19.73332], [-99.08429, 19.73287], [-99.08476, 19.73224], [-99.08425, 19.73283], [-99.08401, 19.73262], [-99.08424, 19.73231], [-99.08397, 19.73259], [-99.0836, 19.73226], [-99.08391, 19.73179], [-99.08356, 19.73223], [-99.08257, 19.73136]]]}}, {"id": "1129524", "type": "Feature", "properties": {"id": "1129524", "CVEGEO": "1505900010108036", "POBTOT": 0.0, "score_nse": 0.0, "NSE": null, "VIVTOT": 0.0, "GRAPROES": 0.0, "_ent": "15", "_mun": "059", "_loc": "0001"}, "geometry": {"type": "Polygon", "coordinates": [[[-99.0881, 19.73501], [-99.08659, 19.7348], [-99.08708, 19.73411], [-99.0881, 19.73501]]]}}, {"id": "1129525", "type": "Feature", "properties": {"id": "1129525", "CVEGEO": "1505900010108037", "POBTOT": 0.0, "score_nse": 0.0, "NSE": null, "VIVTOT": 0.0, "GRAPROES": 0.0, "_ent": "15", "_mun": "059", "_loc": "0001"}, "geometry": {"type": "Polygon", "coordinates": [[[-99.0865, 19.73478], [-99.08488, 19.73337], [-99.08543, 19.73263], [-99.08703, 19.73407], [-99.0865, 19.73478]]]}}, {"id": "1129526", "type": "Feature", "properties": {"id": "1129526", "CVEGEO": "1505900010112027", "POBTOT": 26.0, "score_nse": 0.0, "NSE": "ND", "VIVTOT": 4.0, "GRAPROES": 9.88, "_ent": "15", "_mun": "059", "_loc": "0001"}, "geometry": {"type": "Polygon", "coordinates": [[[-99.07354, 19.73134], [-99.0749, 19.73262], [-99.07462, 19.73331], [-99.0741, 19.73287], [-99.0746, 19.73335], [-99.07409, 19.73445], [-99.07378, 19.73417], [-99.07401, 19.73365], [-99.07372, 19.73412], [-99.07261, 19.73311], [-99.07299, 19.73259], [-99.07256, 19.73307], [-99.07173, 19.73232], [-99.07354, 19.73134]]]}}, {"id": "1129527", "type": "Feature", "properties": {"id": "1129527", "CVEGEO": "1505900010112028", "POBTOT": 259.0, "score_nse": 58.6789, "NSE": "C", "VIVTOT": 74.0, "GRAPROES": 9.94, "_ent": "15", "_mun": "059", "_loc": "0001"}, "geometry": {"type": "Polygon", "coordinates": [[[-99.07813, 19.73265], [-99.07757, 19.73332], [-99.07726, 19.73427], [-99.07687, 19.73415], [-99.07713, 19.73304], [-99.07678, 19.73413], [-99.07645, 19.73403], [-99.07662, 19.73323], [-99.07637, 19.73401], [-99.0761, 19.73394], [-99.07613, 19.73369], [-99.07605, 19.73392], [-99.07463, 19.73352], [-99.07584, 19.73073], [-99.07813, 19.73265]]]}}, {"id": "1129528", "type": "Feature", "properties": {"id": "1129528", "CVEGEO": "1505900010112035", "POBTOT": 0.0, "score_nse": 0.0, "NSE": null, "VIVTOT": 0.0, "GRAPROES": 0.0, "_ent": "15", "_mun": "059", "_loc": "0001"}, "geometry": {"type": "Polygon", "coordinates": [[[-99.0785, 19.73462], [-99.07734, 19.73429], [-99.07763, 19.73336], [-99.07822, 19.73272], [-99.07886, 19.73327], [-99.07869, 19.73393], [-99.07785, 19.73373], [-99.07867, 19.73397], [-99.0785, 19.73462]]]}}, {"id": "1129529", "type": "Feature", "properties": {"id": "1129529", "CVEGEO": "1505900010042002", "POBTOT": 141.0, "score_nse": 56.1436, "NSE": "C", "VIVTOT": 41.0, "GRAPROES": 9.89, "_ent": "15", "_mun": "059", "_loc": "0001"}, "geometry": {"type": "Polygon", "coordinates": [[[-99.07087, 19.74395], [-99.06962, 19.74349], [-99.07014, 19.74156], [-99.07186, 19.74222], [-99.07116, 19.74347], [-99.07043, 19.74336], [-99.07112, 19.74353], [-99.07087, 19.74395]]]}}, {"id": "1129530", "type": "Feature", "properties": {"id": "1129530", "CVEGEO": "1505900010042011", "POBTOT": 148.0, "score_nse": 0.0, "NSE": "ND", "VIVTOT": 46.0, "GRAPROES": 10.08, "_ent": "15", "_mun": "059", "_loc": "0001"}, "geometry": {"type": "Polygon", "coordinates": [[[-99.07239, 19.73985], [-99.07236, 19.74], [-99.07245, 19.73986], [-99.07305, 19.74001], [-99.07231, 19.74135], [-99.07036, 19.74081], [-99.07061, 19.7395], [-99.07156, 19.73966], [-99.07146, 19.74045], [-99.0715, 19.74029], [-99.07224, 19.7404], [-99.07153, 19.74021], [-99.07165, 19.73969], [-99.07239, 19.73985]]]}}, {"id": "1129531", "type": "Feature", "properties": {"id": "1129531", "CVEGEO": "1505900010042019", "POBTOT": 228.0, "score_nse": 61.8126, "NSE": "C", "VIVTOT": 70.0, "GRAPROES": 10.14, "_ent": "15", "_mun": "059", "_loc": "0001"}, "geometry": {"type": "Polygon", "coordinates": [[[-99.0705, 19.73949], [-99.07024, 19.74079], [-99.06742, 19.74005], [-99.06757, 19.73959], [-99.06786, 19.73967], [-99.06759, 19.73954], [-99.06781, 19.73897], [-99.06864, 19.73912], [-99.06866, 19.73937], [-99.06871, 19.73913], [-99.0705, 19.73949]]]}}, {"id": "1129532", "type": "Feature", "properties": {"id": "1129532", "CVEGEO": "1505900010080001", "POBTOT": 129.0, "score_nse": 0.0, "NSE": "ND", "VIVTOT": 36.0, "GRAPROES": 10.7, "_ent": "15", "_mun": "059", "_loc": "0001"}, "geometry": {"type": "Polygon", "coordinates": [[[-99.0973, 19.74112], [-99.09689, 19.74205], [-99.09654, 19.74195], [-99.0964, 19.74229], [-99.09658, 19.74199], [-99.09687, 19.7421], [-99.09635, 19.74329], [-99.0951, 19.74277], [-99.09554, 19.74178], [-99.09574, 19.74186], [-99.09562, 19.7423], [-99.09581, 19.74184], [-99.09556, 19.74173], [-99.09598, 19.74079], [-99.0973, 19.74112]]]}}, {"id": "1129533", "type": "Feature", "properties": {"id": "1129533", "CVEGEO": "1505900010112001", "POBTOT": 110.0, "score_nse": 64.8367, "NSE": "C", "VIVTOT": 33.0, "GRAPROES": 11.04, "_ent": "15", "_mun": "059", "_loc": "0001"}, "geometry": {"type": "Polygon", "coordinates": [[[-99.07804, 19.73643], [-99.07766, 19.73786], [-99.07582, 19.73743], [-99.07621, 19.73601], [-99.07679, 19.73613], [-99.07667, 19.73663], [-99.07685, 19.73614], [-99.07804, 19.73643]]]}}, {"id": "1129534", "type": "Feature", "properties": {"id": "1129534", "CVEGEO": "1505900010112016", "POBTOT": 98.0, "score_nse": 50.852, "NSE": "C-", "VIVTOT": 25.0, "GRAPROES": 9.36, "_ent": "15", "_mun": "059", "_loc": "0001"}, "geometry": {"type": "Polygon", "coordinates": [[[-99.08118, 19.73542], [-99.08088, 19.73651], [-99.08052, 19.73642], [-99.08054, 19.73605], [-99.08046, 19.7364], [-99.07984, 19.73626], [-99.08007, 19.73517], [-99.08045, 19.73525], [-99.08034, 19.73581], [-99.08049, 19.73526], [-99.08118, 19.73542]]]}}, {"id": "1129535", "type": "Feature", "properties": {"id": "1129535", "CVEGEO": "1505900010127002", "POBTOT": 132.0, "score_nse": 0.0, "NSE": "ND", "VIVTOT": 40.0, "GRAPROES": 9.86, "_ent": "15", "_mun": "059", "_loc": "0001"}, "geometry": {"type": "Polygon", "coordinates": [[[-99.0704, 19.73372], [-99.07012, 19.73403], [-99.06985, 19.73381], [-99.0699, 19.73364], [-99.06895, 19.73491], [-99.06882, 19.73481], [-99.06917, 19.73434], [-99.06899, 19.73447], [-99.06869, 19.73431], [-99.06896, 19.73452], [-99.06877, 19.73476], [-99.06839, 19.73446], [-99.07001, 19.73339], [-99.0704, 19.73372]]]}}, {"id": "1129536", "type": "Feature", "properties": {"id": "1129536", "CVEGEO": "1505900010127003", "POBTOT": 148.0, "score_nse": 53.8862, "NSE": "C-", "VIVTOT": 44.0, "GRAPROES": 9.63, "_ent": "15", "_mun": "059", "_loc": "0001"}, "geometry": {"type": "Polygon", "coordinates": [[[-99.0716, 19.73272], [-99.07074, 19.73391], [-99.0705, 19.73372], [-99.07098, 19.73314], [-99.07046, 19.73368], [-99.07008, 19.73337], [-99.07141, 19.73249], [-99.0716, 19.73272]]]}}, {"id": "1129537", "type": "Feature", "properties": {"id": "1129537", "CVEGEO": "1505900010127010", "POBTOT": 0.0, "score_nse": 0.0, "NSE": null, "VIVTOT": 0.0, "GRAPROES": 0.0, "_ent": "15", "_mun": "059", "_loc": "0001"}, "geometry": {"type": "Polygon", "coordinates": [[[-99.07176, 19.7325], [-99.0716, 19.73268], [-99.07146, 19.7325], [-99.07165, 19.73238], [-99.07176, 19.7325]]]}}, {"id": "1129559", "type": "Feature", "properties": {"id": "1129559", "CVEGEO": "1505900010112023", "POBTOT": 234.0, "score_nse": 49.3199, "NSE": "C-", "VIVTOT": 49.0, "GRAPROES": 9.28, "_ent": "15", "_mun": "059", "_loc": "0001"}, "geometry": {"type": "Polygon", "coordinates": [[[-99.07128, 19.73597], [-99.07096, 19.73583], [-99.07118, 19.73604], [-99.07102, 19.73631], [-99.0705, 19.73618], [-99.06966, 19.73557], [-99.07073, 19.73405], [-99.07158, 19.73477], [-99.07133, 19.73509], [-99.0716, 19.73479], [-99.07223, 19.73535], [-99.07199, 19.73571], [-99.07124, 19.73505], [-99.07151, 19.73537], [-99.07126, 19.73572], [-99.07157, 19.7354], [-99.07196, 19.73576], [-99.07155, 19.73644], [-99.07139, 19.73639], [-99.07149, 19.73615], [-99.07135, 19.73638], [-99.07107, 19.73631], [-99.07128, 19.73597]]]}}]}