{"type": "FeatureCollection", "features": [{"id": "1604024", "type": "Feature", "properties": {"id": "1604024", "CVEGEO": "2015000010096038", "POBTOT": 3.0, "score_nse": 0.0, "NSE": "ND", "VIVTOT": 2.0, "GRAPROES": 0.0, "_ent": "20", "_mun": "150", "_loc": "0001"}, "geometry": {"type": "Polygon", "coordinates": [[[-96.90121, 17.29837], [-96.90059, 17.29807], [-96.8997, 17.29813], [-96.8993, 17.29791], [-96.89869, 17.29653], [-96.89817, 17.29582], [-96.89868, 17.29566], [-96.90001, 17.29583], [-96.90067, 17.29489], [-96.90117, 17.29479], [-96.90121, 17.29837]]]}}, {"id": "1604025", "type": "Feature", "properties": {"id": "1604025", "CVEGEO": "2015000010081074", "POBTOT": 13.0, "score_nse": 0.0, "NSE": "ND", "VIVTOT": 3.0, "GRAPROES": 9.33, "_ent": "20", "_mun": "150", "_loc": "0001"}, "geometry": {"type": "Polygon", "coordinates": [[[-96.90417, 17.30782], [-96.90399, 17.30859], [-96.90303, 17.30786], [-96.90333, 17.30782], [-96.90417, 17.30782]]]}}, {"id": "1604026", "type": "Feature", "properties": {"id": "1604026", "CVEGEO": "2015000010096003", "POBTOT": 34.0, "score_nse": 0.0, "NSE": "ND", "VIVTOT": 11.0, "GRAPROES": 10.22, "_ent": "20", "_mun": "150", "_loc": "0001"}, "geometry": {"type": "Polygon", "coordinates": [[[-96.90546, 17.29633], [-96.90481, 17.29621], [-96.90488, 17.29541], [-96.90542, 17.29538], [-96.90546, 17.29633]]]}}, {"id": "1604027", "type": "Feature", "properties": {"id": "1604027", "CVEGEO": "2015000010081026", "POBTOT": 80.0, "score_nse": 0.0, "NSE": "ND", "VIVTOT": 20.0, "GRAPROES": 8.58, "_ent": "20", "_mun": "150", "_loc": "0001"}, "geometry": {"type": "Polygon", "coordinates": [[[-96.91421, 17.30533], [-96.91276, 17.30532], [-96.91267, 17.30389], [-96.9122, 17.30333], [-96.91198, 17.3022], [-96.91258, 17.30262], [-96.91345, 17.30414], [-96.91407, 17.30449], [-96.91433, 17.305], [-96.91421, 17.30533]]]}}, {"id": "1604028", "type": "Feature", "properties": {"id": "1604028", "CVEGEO": "2015000010109027", "POBTOT": 39.0, "score_nse": 0.0, "NSE": "ND", "VIVTOT": 12.0, "GRAPROES": 13.07, "_ent": "20", "_mun": "150", "_loc": "0001"}, "geometry": {"type": "Polygon", "coordinates": [[[-96.90319, 17.29467], [-96.9023, 17.29468], [-96.9023, 17.2932], [-96.90304, 17.29314], [-96.90319, 17.29467]]]}}, {"id": "1604029", "type": "Feature", "properties": {"id": "1604029", "CVEGEO": "2015000010081007", "POBTOT": 4.0, "score_nse": 0.0, "NSE": "ND", "VIVTOT": 2.0, "GRAPROES": 0.0, "_ent": "20", "_mun": "150", "_loc": "0001"}, "geometry": {"type": "Polygon", "coordinates": [[[-96.90626, 17.30281], [-96.90614, 17.30289], [-96.90596, 17.30277], [-96.90608, 17.30266], [-96.90626, 17.30281]]]}}, {"id": "1604030", "type": "Feature", "properties": {"id": "1604030", "CVEGEO": "2015000010081006", "POBTOT": 14.0, "score_nse": 0.0, "NSE": "ND", "VIVTOT": 3.0, "GRAPROES": 9.0, "_ent": "20", "_mun": "150", "_loc": "0001"}, "geometry": {"type": "Polygon", "coordinates": [[[-96.90585, 17.30279], [-96.90566, 17.30319], [-96.90556, 17.30373], [-96.90544, 17.30322], [-96.90561, 17.30287], [-96.90585, 17.30279]]]}}, {"id": "1604031", "type": "Feature", "properties": {"id": "1604031", "CVEGEO": "2015000010077017", "POBTOT": 35.0, "score_nse": 0.0, "NSE": "ND", "VIVTOT": 9.0, "GRAPROES": 10.04, "_ent": "20", "_mun": "150", "_loc": "0001"}, "geometry": {"type": "Polygon", "coordinates": [[[-96.91182, 17.29999], [-96.91046, 17.29855], [-96.91063, 17.29831], [-96.91061, 17.29764], [-96.91091, 17.29773], [-96.91182, 17.29999]]]}}, {"id": "1604032", "type": "Feature", "properties": {"id": "1604032", "CVEGEO": "2015000010077015", "POBTOT": 0.0, "score_nse": 0.0, "NSE": "ND", "VIVTOT": 0.0, "GRAPROES": 0.0, "_ent": "20", "_mun": "150", "_loc": "0001"}, "geometry": {"type": "Polygon", "coordinates": [[[-96.92561, 17.31253], [-96.9252, 17.31275], [-96.92549, 17.31164], [-96.92523, 17.3107], [-96.92538, 17.31029], [-96.92539, 17.31083], [-96.92565, 17.31155], [-96.92561, 17.31253]]]}}, {"id": "1604033", "type": "Feature", "properties": {"id": "1604033", "CVEGEO": "2015000010077014", "POBTOT": 19.0, "score_nse": 0.0, "NSE": "ND", "VIVTOT": 9.0, "GRAPROES": 9.88, "_ent": "20", "_mun": "150", "_loc": "0001"}, "geometry": {"type": "Polygon", "coordinates": [[[-96.92639, 17.31202], [-96.92567, 17.3125], [-96.92572, 17.31158], [-96.92543, 17.31041], [-96.9255, 17.31003], [-96.92562, 17.31012], [-96.92579, 17.31007], [-96.92605, 17.30962], [-96.92583, 17.30995], [-96.92582, 17.30948], [-96.92578, 17.31001], [-96.92551, 17.30999], [-96.92564, 17.30872], [-96.92585, 17.30902], [-96.92585, 17.30871], [-96.92581, 17.3088], [-96.92562, 17.30866], [-96.92552, 17.30832], [-96.9261, 17.30867], [-96.92611, 17.30955], [-96.92664, 17.30999], [-96.92612, 17.31092], [-96.92639, 17.31202]]]}}, {"id": "1604034", "type": "Feature", "properties": {"id": "1604034", "CVEGEO": "2015000010096009", "POBTOT": 238.0, "score_nse": 59.2299, "NSE": "C", "VIVTOT": 81.0, "GRAPROES": 11.71, "_ent": "20", "_mun": "150", "_loc": "0001"}, "geometry": {"type": "Polygon", "coordinates": [[[-96.90802, 17.29538], [-96.90787, 17.29669], [-96.90703, 17.29623], [-96.90704, 17.29566], [-96.907, 17.29622], [-96.90643, 17.29591], [-96.90627, 17.29574], [-96.90661, 17.2956], [-96.90658, 17.29538], [-96.90657, 17.29559], [-96.90624, 17.29571], [-96.9053, 17.29463], [-96.906, 17.29443], [-96.90609, 17.2947], [-96.90607, 17.29442], [-96.90708, 17.29419], [-96.90786, 17.29471], [-96.90777, 17.29525], [-96.90802, 17.29538]]]}}, {"id": "1604035", "type": "Feature", "properties": {"id": "1604035", "CVEGEO": "2015000010077033", "POBTOT": 52.0, "score_nse": 48.0231, "NSE": "C-", "VIVTOT": 18.0, "GRAPROES": 9.4, "_ent": "20", "_mun": "150", "_loc": "0001"}, "geometry": {"type": "Polygon", "coordinates": [[[-96.92769, 17.3052], [-96.92742, 17.3057], [-96.92716, 17.30571], [-96.92716, 17.30506], [-96.92711, 17.30571], [-96.92614, 17.30577], [-96.92591, 17.3054], [-96.92596, 17.30526], [-96.92639, 17.30526], [-96.9267, 17.30509], [-96.92638, 17.30421], [-96.92746, 17.30419], [-96.92769, 17.3052]]]}}, {"id": "1604036", "type": "Feature", "properties": {"id": "1604036", "CVEGEO": "2015000010077032", "POBTOT": 0.0, "score_nse": 0.0, "NSE": "ND", "VIVTOT": 0.0, "GRAPROES": 0.0, "_ent": "20", "_mun": "150", "_loc": "0001"}, "geometry": {"type": "Polygon", "coordinates": [[[-96.92567, 17.30387], [-96.92423, 17.30409], [-96.92339, 17.30403], [-96.92226, 17.30365], [-96.92203, 17.30329], [-96.92173, 17.30329], [-96.92156, 17.3031], [-96.92371, 17.30271], [-96.92492, 17.30266], [-96.9254, 17.30309], [-96.92586, 17.3029], [-96.92538, 17.30341], [-96.92619, 17.30318], [-96.92567, 17.30387]]]}}, {"id": "1604037", "type": "Feature", "properties": {"id": "1604037", "CVEGEO": "2015000010077006", "POBTOT": 29.0, "score_nse": 0.0, "NSE": "ND", "VIVTOT": 12.0, "GRAPROES": 8.67, "_ent": "20", "_mun": "150", "_loc": "0001"}, "geometry": {"type": "Polygon", "coordinates": [[[-96.92548, 17.30978], [-96.92529, 17.30967], [-96.92492, 17.3096], [-96.92514, 17.30967], [-96.92484, 17.3103], [-96.92424, 17.30965], [-96.92377, 17.30861], [-96.92347, 17.30671], [-96.92161, 17.30555], [-96.92198, 17.30546], [-96.92214, 17.305], [-96.92246, 17.30499], [-96.92247, 17.30525], [-96.92304, 17.30563], [-96.92294, 17.30602], [-96.92308, 17.30624], [-96.9233, 17.3064], [-96.92391, 17.30639], [-96.92372, 17.30722], [-96.92397, 17.30809], [-96.92402, 17.309], [-96.92404, 17.30797], [-96.92379, 17.30711], [-96.92404, 17.30636], [-96.92319, 17.30624], [-96.92304, 17.30602], [-96.92311, 17.30556], [-96.92257, 17.30521], [-96.92255, 17.30502], [-96.92482, 17.30621], [-96.92557, 17.30884], [-96.92548, 17.30978]]]}}, {"id": "1604038", "type": "Feature", "properties": {"id": "1604038", "CVEGEO": "2015000010109010", "POBTOT": 34.0, "score_nse": 0.0, "NSE": "ND", "VIVTOT": 8.0, "GRAPROES": 11.65, "_ent": "20", "_mun": "150", "_loc": "0001"}, "geometry": {"type": "Polygon", "coordinates": [[[-96.90284, 17.29115], [-96.9026, 17.29072], [-96.90213, 17.29024], [-96.90278, 17.2902], [-96.90284, 17.29115]]]}}, {"id": "1604039", "type": "Feature", "properties": {"id": "1604039", "CVEGEO": "2015000010081072", "POBTOT": 19.0, "score_nse": 0.0, "NSE": "ND", "VIVTOT": 7.0, "GRAPROES": 8.62, "_ent": "20", "_mun": "150", "_loc": "0001"}, "geometry": {"type": "Polygon", "coordinates": [[[-96.91625, 17.31062], [-96.91601, 17.31105], [-96.91562, 17.31095], [-96.91601, 17.3111], [-96.91584, 17.31198], [-96.91537, 17.31225], [-96.91505, 17.31053], [-96.91552, 17.3104], [-96.91625, 17.31062]]]}}, {"id": "1604040", "type": "Feature", "properties": {"id": "1604040", "CVEGEO": "2015000010081033", "POBTOT": 3.0, "score_nse": 0.0, "NSE": "ND", "VIVTOT": 1.0, "GRAPROES": 0.0, "_ent": "20", "_mun": "150", "_loc": "0001"}, "geometry": {"type": "Polygon", "coordinates": [[[-96.91315, 17.30343], [-96.91281, 17.30279], [-96.91225, 17.30221], [-96.91317, 17.30247], [-96.91315, 17.30343]]]}}, {"id": "1604041", "type": "Feature", "properties": {"id": "1604041", "CVEGEO": "2015000010109021", "POBTOT": 83.0, "score_nse": 63.1554, "NSE": "C", "VIVTOT": 26.0, "GRAPROES": 12.06, "_ent": "20", "_mun": "150", "_loc": "0001"}, "geometry": {"type": "Polygon", "coordinates": [[[-96.90371, 17.29468], [-96.90332, 17.29469], [-96.90306, 17.29173], [-96.90346, 17.29233], [-96.90338, 17.29266], [-96.90371, 17.29468]]]}}, {"id": "1604042", "type": "Feature", "properties": {"id": "1604042", "CVEGEO": "2015000010109019", "POBTOT": 216.0, "score_nse": 51.3041, "NSE": "C-", "VIVTOT": 58.0, "GRAPROES": 10.19, "_ent": "20", "_mun": "150", "_loc": "0001"}, "geometry": {"type": "Polygon", "coordinates": [[[-96.907, 17.29415], [-96.90584, 17.29443], [-96.90577, 17.29416], [-96.90613, 17.29405], [-96.90575, 17.29415], [-96.90581, 17.29443], [-96.90529, 17.29458], [-96.90497, 17.29407], [-96.90559, 17.29393], [-96.90496, 17.29404], [-96.90489, 17.29311], [-96.90662, 17.29293], [-96.907, 17.29415]]]}}, {"id": "1604043", "type": "Feature", "properties": {"id": "1604043", "CVEGEO": "2015000010109018", "POBTOT": 73.0, "score_nse": 0.0, "NSE": "ND", "VIVTOT": 25.0, "GRAPROES": 11.64, "_ent": "20", "_mun": "150", "_loc": "0001"}, "geometry": {"type": "Polygon", "coordinates": [[[-96.90722, 17.28991], [-96.90458, 17.29007], [-96.90318, 17.28593], [-96.90316, 17.28537], [-96.90424, 17.28511], [-96.90517, 17.28462], [-96.90515, 17.28492], [-96.90468, 17.28529], [-96.90491, 17.28605], [-96.90572, 17.28705], [-96.907, 17.28805], [-96.90729, 17.28894], [-96.90722, 17.28991]]]}}, {"id": "1604044", "type": "Feature", "properties": {"id": "1604044", "CVEGEO": "2015000010109025", "POBTOT": 4.0, "score_nse": 0.0, "NSE": "ND", "VIVTOT": 1.0, "GRAPROES": 0.0, "_ent": "20", "_mun": "150", "_loc": "0001"}, "geometry": {"type": "Polygon", "coordinates": [[[-96.90086, 17.28561], [-96.89935, 17.2851], [-96.8981, 17.28426], [-96.89872, 17.28406], [-96.89918, 17.28412], [-96.90081, 17.2855], [-96.90171, 17.28555], [-96.90086, 17.28561]]]}}, {"id": "1604045", "type": "Feature", "properties": {"id": "1604045", "CVEGEO": "2015000010109017", "POBTOT": 65.0, "score_nse": 0.0, "NSE": "ND", "VIVTOT": 19.0, "GRAPROES": 11.86, "_ent": "20", "_mun": "150", "_loc": "0001"}, "geometry": {"type": "Polygon", "coordinates": [[[-96.90291, 17.29016], [-96.90259, 17.28827], [-96.90183, 17.2867], [-96.90204, 17.28548], [-96.90274, 17.28544], [-96.90295, 17.28555], [-96.90449, 17.29007], [-96.90415, 17.29008], [-96.90414, 17.28941], [-96.90407, 17.2892], [-96.90408, 17.28939], [-96.90313, 17.28955], [-96.90411, 17.28944], [-96.90412, 17.29009], [-96.90291, 17.29016]]]}}, {"id": "1604046", "type": "Feature", "properties": {"id": "1604046", "CVEGEO": "2015000010096001", "POBTOT": 180.0, "score_nse": 55.5957, "NSE": "C", "VIVTOT": 48.0, "GRAPROES": 11.1, "_ent": "20", "_mun": "150", "_loc": "0001"}, "geometry": {"type": "Polygon", "coordinates": [[[-96.90658, 17.29782], [-96.90603, 17.29779], [-96.90604, 17.29752], [-96.90599, 17.29779], [-96.90555, 17.29779], [-96.90551, 17.2964], [-96.9065, 17.29654], [-96.90658, 17.29782]]]}}, {"id": "1604047", "type": "Feature", "properties": {"id": "1604047", "CVEGEO": "2015000010081042", "POBTOT": 28.0, "score_nse": 0.0, "NSE": "ND", "VIVTOT": 11.0, "GRAPROES": 11.0, "_ent": "20", "_mun": "150", "_loc": "0001"}, "geometry": {"type": "Polygon", "coordinates": [[[-96.90802, 17.30839], [-96.90779, 17.30999], [-96.90791, 17.31088], [-96.90774, 17.31187], [-96.90769, 17.31025], [-96.90687, 17.30891], [-96.9071, 17.30837], [-96.90802, 17.30839]]]}}, {"id": "1604048", "type": "Feature", "properties": {"id": "1604048", "CVEGEO": "2015000010081030", "POBTOT": 49.0, "score_nse": 0.0, "NSE": "ND", "VIVTOT": 8.0, "GRAPROES": 8.58, "_ent": "20", "_mun": "150", "_loc": "0001"}, "geometry": {"type": "Polygon", "coordinates": [[[-96.90658, 17.30248], [-96.90628, 17.30279], [-96.90608, 17.30263], [-96.90641, 17.30232], [-96.90658, 17.30248]]]}}, {"id": "1604049", "type": "Feature", "properties": {"id": "1604049", "CVEGEO": "2015000010077009", "POBTOT": 56.0, "score_nse": 0.0, "NSE": "ND", "VIVTOT": 17.0, "GRAPROES": 7.37, "_ent": "20", "_mun": "150", "_loc": "0001"}, "geometry": {"type": "Polygon", "coordinates": [[[-96.92842, 17.3109], [-96.9264, 17.31197], [-96.92617, 17.31094], [-96.9267, 17.31], [-96.9262, 17.3096], [-96.92617, 17.3087], [-96.92556, 17.30825], [-96.92556, 17.308], [-96.92621, 17.3082], [-96.92723, 17.30909], [-96.92756, 17.3101], [-96.92842, 17.3109]]]}}, {"id": "1604050", "type": "Feature", "properties": {"id": "1604050", "CVEGEO": "2015000010096018", "POBTOT": 34.0, "score_nse": 0.0, "NSE": "ND", "VIVTOT": 12.0, "GRAPROES": 9.52, "_ent": "20", "_mun": "150", "_loc": "0001"}, "geometry": {"type": "Polygon", "coordinates": [[[-96.90375, 17.29552], [-96.90313, 17.29548], [-96.90332, 17.29474], [-96.90372, 17.29473], [-96.90375, 17.29552]]]}}, {"id": "1604051", "type": "Feature", "properties": {"id": "1604051", "CVEGEO": "2015000010096020", "POBTOT": 0.0, "score_nse": 0.0, "NSE": "ND", "VIVTOT": 0.0, "GRAPROES": 0.0, "_ent": "20", "_mun": "150", "_loc": "0001"}, "geometry": {"type": "Polygon", "coordinates": [[[-96.91037, 17.2975], [-96.90982, 17.29716], [-96.91012, 17.29686], [-96.91017, 17.29721], [-96.91037, 17.2975]]]}}, {"id": "1604052", "type": "Feature", "properties": {"id": "1604052", "CVEGEO": "2015000010081040", "POBTOT": 22.0, "score_nse": 0.0, "NSE": "ND", "VIVTOT": 3.0, "GRAPROES": 10.71, "_ent": "20", "_mun": "150", "_loc": "0001"}, "geometry": {"type": "Polygon", "coordinates": [[[-96.90247, 17.30375], [-96.90209, 17.30503], [-96.90163, 17.30554], [-96.90086, 17.30545], [-96.90115, 17.30519], [-96.90162, 17.30378], [-96.90247, 17.30375]]]}}, {"id": "1604053", "type": "Feature", "properties": {"id": "1604053", "CVEGEO": "2015000010109011", "POBTOT": 127.0, "score_nse": 45.4492, "NSE": "C-", "VIVTOT": 33.0, "GRAPROES": 9.64, "_ent": "20", "_mun": "150", "_loc": "0001"}, "geometry": {"type": "Polygon", "coordinates": [[[-96.90705, 17.29089], [-96.90523, 17.2911], [-96.90508, 17.29008], [-96.90693, 17.28994], [-96.90711, 17.29016], [-96.90705, 17.29089]]]}}, {"id": "1604054", "type": "Feature", "properties": {"id": "1604054", "CVEGEO": "2015000010077029", "POBTOT": 104.0, "score_nse": 0.0, "NSE": "ND", "VIVTOT": 31.0, "GRAPROES": 8.69, "_ent": "20", "_mun": "150", "_loc": "0001"}, "geometry": {"type": "Polygon", "coordinates": [[[-96.92796, 17.3099], [-96.9276, 17.30998], [-96.92728, 17.30906], [-96.92627, 17.30817], [-96.92553, 17.30793], [-96.92495, 17.30611], [-96.9246, 17.30582], [-96.92462, 17.30544], [-96.9249, 17.30542], [-96.92462, 17.30542], [-96.92463, 17.3052], [-96.92576, 17.30517], [-96.92593, 17.30565], [-96.92635, 17.30607], [-96.92696, 17.30613], [-96.92718, 17.30632], [-96.92742, 17.30746], [-96.92806, 17.3081], [-96.92849, 17.30821], [-96.92861, 17.30864], [-96.92796, 17.3099]]]}}, {"id": "1604055", "type": "Feature", "properties": {"id": "1604055", "CVEGEO": "2015000010109028", "POBTOT": 157.0, "score_nse": 50.3278, "NSE": "C-", "VIVTOT": 34.0, "GRAPROES": 9.19, "_ent": "20", "_mun": "150", "_loc": "0001"}, "geometry": {"type": "Polygon", "coordinates": [[[-96.9042, 17.2934], [-96.90357, 17.29345], [-96.90342, 17.29242], [-96.90407, 17.29323], [-96.90395, 17.29326], [-96.9042, 17.2934]]]}}, {"id": "1604056", "type": "Feature", "properties": {"id": "1604056", "CVEGEO": "2015000010077005", "POBTOT": 0.0, "score_nse": 0.0, "NSE": "ND", "VIVTOT": 0.0, "GRAPROES": 0.0, "_ent": "20", "_mun": "150", "_loc": "0001"}, "geometry": {"type": "Polygon", "coordinates": [[[-96.92248, 17.30295], [-96.92144, 17.30308], [-96.92167, 17.30333], [-96.92201, 17.30335], [-96.92225, 17.30375], [-96.92209, 17.30375], [-96.92125, 17.30329], [-96.91979, 17.30198], [-96.92096, 17.30174], [-96.92132, 17.30136], [-96.92241, 17.30155], [-96.92221, 17.30205], [-96.92275, 17.30265], [-96.92248, 17.30295]]]}}, {"id": "1604057", "type": "Feature", "properties": {"id": "1604057", "CVEGEO": "2015000010077003", "POBTOT": 0.0, "score_nse": 10.0, "NSE": "E", "VIVTOT": 1.0, "GRAPROES": 0.0, "_ent": "20", "_mun": "150", "_loc": "0001"}, "geometry": {"type": "Polygon", "coordinates": [[[-96.91955, 17.3034], [-96.91953, 17.30353], [-96.91918, 17.30337], [-96.91921, 17.30335], [-96.91955, 17.3034]]]}}, {"id": "1604058", "type": "Feature", "properties": {"id": "1604058", "CVEGEO": "2015000010109007", "POBTOT": 66.0, "score_nse": 57.658, "NSE": "C", "VIVTOT": 20.0, "GRAPROES": 11.08, "_ent": "20", "_mun": "150", "_loc": "0001"}, "geometry": {"type": "Polygon", "coordinates": [[[-96.90539, 17.293], [-96.90489, 17.29305], [-96.90481, 17.29218], [-96.90528, 17.29212], [-96.90539, 17.293]]]}}, {"id": "1604059", "type": "Feature", "properties": {"id": "1604059", "CVEGEO": "2015000010109006", "POBTOT": 92.0, "score_nse": 49.1, "NSE": "C-", "VIVTOT": 25.0, "GRAPROES": 10.25, "_ent": "20", "_mun": "150", "_loc": "0001"}, "geometry": {"type": "Polygon", "coordinates": [[[-96.90527, 17.29207], [-96.9048, 17.29213], [-96.9047, 17.29122], [-96.90517, 17.29116], [-96.90527, 17.29207]]]}}, {"id": "1604060", "type": "Feature", "properties": {"id": "1604060", "CVEGEO": "2015000010077020", "POBTOT": 0.0, "score_nse": 0.0, "NSE": "ND", "VIVTOT": 0.0, "GRAPROES": 0.0, "_ent": "20", "_mun": "150", "_loc": "0001"}, "geometry": {"type": "Polygon", "coordinates": [[[-96.9292, 17.31098], [-96.92895, 17.3108], [-96.92838, 17.31079], [-96.92761, 17.31003], [-96.92791, 17.30996], [-96.92834, 17.31055], [-96.92919, 17.31049], [-96.9292, 17.31098]]]}}, {"id": "1604061", "type": "Feature", "properties": {"id": "1604061", "CVEGEO": "2015000010109023", "POBTOT": 6.0, "score_nse": 0.0, "NSE": "ND", "VIVTOT": 2.0, "GRAPROES": 0.0, "_ent": "20", "_mun": "150", "_loc": "0001"}, "geometry": {"type": "Polygon", "coordinates": [[[-96.90172, 17.28666], [-96.90171, 17.28784], [-96.90129, 17.28853], [-96.90133, 17.28979], [-96.90072, 17.28903], [-96.90036, 17.28649], [-96.89938, 17.28517], [-96.90098, 17.28573], [-96.90172, 17.28666]]]}}, {"id": "1604062", "type": "Feature", "properties": {"id": "1604062", "CVEGEO": "2015000010109008", "POBTOT": 210.0, "score_nse": 0.0, "NSE": "ND", "VIVTOT": 52.0, "GRAPROES": 9.81, "_ent": "20", "_mun": "150", "_loc": "0001"}, "geometry": {"type": "Polygon", "coordinates": [[[-96.9048, 17.29307], [-96.90413, 17.29319], [-96.9036, 17.29236], [-96.90472, 17.2922], [-96.9048, 17.29307]]]}}, {"id": "1604063", "type": "Feature", "properties": {"id": "1604063", "CVEGEO": "2015000010109005", "POBTOT": 24.0, "score_nse": 0.0, "NSE": "ND", "VIVTOT": 13.0, "GRAPROES": 12.05, "_ent": "20", "_mun": "150", "_loc": "0001"}, "geometry": {"type": "Polygon", "coordinates": [[[-96.90515, 17.29111], [-96.90469, 17.29116], [-96.9046, 17.29012], [-96.90501, 17.29009], [-96.90515, 17.29111]]]}}, {"id": "1604064", "type": "Feature", "properties": {"id": "1604064", "CVEGEO": "2015000010096017", "POBTOT": 94.0, "score_nse": 0.0, "NSE": "ND", "VIVTOT": 28.0, "GRAPROES": 11.17, "_ent": "20", "_mun": "150", "_loc": "0001"}, "geometry": {"type": "Polygon", "coordinates": [[[-96.90387, 17.29829], [-96.90379, 17.29918], [-96.90282, 17.29772], [-96.90389, 17.29777], [-96.90387, 17.29826], [-96.90349, 17.29827], [-96.90387, 17.29829]]]}}, {"id": "1604065", "type": "Feature", "properties": {"id": "1604065", "CVEGEO": "2015000010081024", "POBTOT": 272.0, "score_nse": 41.5266, "NSE": "D+", "VIVTOT": 97.0, "GRAPROES": 9.21, "_ent": "20", "_mun": "150", "_loc": "0001"}, "geometry": {"type": "Polygon", "coordinates": [[[-96.92534, 17.31345], [-96.92043, 17.31562], [-96.92075, 17.31488], [-96.92006, 17.31479], [-96.92034, 17.31447], [-96.92019, 17.31327], [-96.91879, 17.31098], [-96.91814, 17.3102], [-96.91776, 17.31016], [-96.91693, 17.30929], [-96.91651, 17.30796], [-96.91627, 17.30765], [-96.91638, 17.30731], [-96.91623, 17.30683], [-96.91555, 17.30599], [-96.91548, 17.30359], [-96.91573, 17.30371], [-96.91577, 17.30565], [-96.91579, 17.30373], [-96.91614, 17.30391], [-96.91616, 17.3056], [-96.91622, 17.30395], [-96.91704, 17.30434], [-96.91709, 17.30636], [-96.9173, 17.30681], [-96.91796, 17.30772], [-96.91796, 17.30835], [-96.918, 17.30771], [-96.91719, 17.30652], [-96.9171, 17.30594], [-96.91746, 17.30639], [-96.91899, 17.30785], [-96.91967, 17.30789], [-96.91998, 17.30868], [-96.92038, 17.30933], [-96.92089, 17.30971], [-96.92168, 17.31004], [-96.92182, 17.30996], [-96.92203, 17.30923], [-96.92173, 17.31], [-96.92092, 17.30967], [-96.9203, 17.30913], [-96.91971, 17.30785], [-96.919, 17.30779], [-96.91787, 17.30665], [-96.91813, 17.30625], [-96.91772, 17.3059], [-96.91805, 17.30627], [-96.91783, 17.30663], [-96.9175, 17.30636], [-96.9171, 17.30584], [-96.91708, 17.30436], [-96.9181, 17.30475], [-96.92019, 17.30499], [-96.92162, 17.30567], [-96.92099, 17.3067], [-96.92129, 17.3073], [-96.92104, 17.3067], [-96.92167, 17.30565], [-96.92318, 17.30678], [-96.92322, 17.30702], [-96.92272, 17.30751], [-96.92314, 17.30723], [-96.92329, 17.30685], [-96.92242, 17.30605], [-96.9233, 17.3066], [-96.92353, 17.3069], [-96.92359, 17.30805], [-96.9239, 17.30919], [-96.92515, 17.31113], [-96.92529, 17.31188], [-96.92515, 17.31277], [-96.92534, 17.31345]]]}}, {"id": "1604066", "type": "Feature", "properties": {"id": "1604066", "CVEGEO": "2015000010077012", "POBTOT": 45.0, "score_nse": 55.86, "NSE": "C", "VIVTOT": 14.0, "GRAPROES": 10.58, "_ent": "20", "_mun": "150", "_loc": "0001"}, "geometry": {"type": "Polygon", "coordinates": [[[-96.91702, 17.30416], [-96.91657, 17.30395], [-96.91655, 17.30231], [-96.917, 17.30252], [-96.91702, 17.30416]]]}}, {"id": "1604067", "type": "Feature", "properties": {"id": "1604067", "CVEGEO": "2015000010081020", "POBTOT": 1.0, "score_nse": 0.0, "NSE": "ND", "VIVTOT": 2.0, "GRAPROES": 0.0, "_ent": "20", "_mun": "150", "_loc": "0001"}, "geometry": {"type": "Polygon", "coordinates": [[[-96.91209, 17.30134], [-96.91192, 17.3019], [-96.91101, 17.30168], [-96.91128, 17.30052], [-96.91113, 17.30059], [-96.91096, 17.30168], [-96.9105, 17.30159], [-96.91074, 17.30106], [-96.91058, 17.30025], [-96.91121, 17.30014], [-96.91149, 17.30045], [-96.91166, 17.30104], [-96.91209, 17.30134]]]}}, {"id": "1604068", "type": "Feature", "properties": {"id": "1604068", "CVEGEO": "2015000010077031", "POBTOT": 52.0, "score_nse": 0.0, "NSE": "ND", "VIVTOT": 15.0, "GRAPROES": 9.51, "_ent": "20", "_mun": "150", "_loc": "0001"}, "geometry": {"type": "Polygon", "coordinates": [[[-96.9114, 17.29508], [-96.91108, 17.29505], [-96.9104, 17.2945], [-96.9098, 17.29429], [-96.90977, 17.29406], [-96.90974, 17.29429], [-96.90938, 17.2943], [-96.90851, 17.29387], [-96.90833, 17.29193], [-96.9097, 17.29199], [-96.90984, 17.2926], [-96.90973, 17.29286], [-96.90976, 17.29383], [-96.90988, 17.29265], [-96.90975, 17.29199], [-96.91008, 17.29197], [-96.91029, 17.29232], [-96.91012, 17.29196], [-96.91062, 17.29196], [-96.911, 17.29247], [-96.91098, 17.29291], [-96.91117, 17.29342], [-96.91097, 17.2939], [-96.9114, 17.29508]]]}}, {"id": "1604069", "type": "Feature", "properties": {"id": "1604069", "CVEGEO": "2015000010077030", "POBTOT": 65.0, "score_nse": 0.0, "NSE": "ND", "VIVTOT": 17.0, "GRAPROES": 8.36, "_ent": "20", "_mun": "150", "_loc": "0001"}, "geometry": {"type": "Polygon", "coordinates": [[[-96.92957, 17.31012], [-96.92858, 17.31047], [-96.92805, 17.31016], [-96.92812, 17.30982], [-96.92878, 17.30877], [-96.9286, 17.30818], [-96.92809, 17.308], [-96.92765, 17.30749], [-96.92727, 17.30624], [-96.92618, 17.30577], [-96.92752, 17.30574], [-96.92774, 17.30533], [-96.92816, 17.30597], [-96.92957, 17.31012]]]}}, {"id": "1604070", "type": "Feature", "properties": {"id": "1604070", "CVEGEO": "2015000010096036", "POBTOT": 0.0, "score_nse": 0.0, "NSE": "ND", "VIVTOT": 0.0, "GRAPROES": 0.0, "_ent": "20", "_mun": "150", "_loc": "0001"}, "geometry": {"type": "Polygon", "coordinates": [[[-96.89906, 17.3033], [-96.89903, 17.30344], [-96.89897, 17.3034], [-96.89906, 17.3033]]]}}, {"id": "1604071", "type": "Feature", "properties": {"id": "1604071", "CVEGEO": "2015000010096031", "POBTOT": 14.0, "score_nse": 0.0, "NSE": "ND", "VIVTOT": 3.0, "GRAPROES": 12.14, "_ent": "20", "_mun": "150", "_loc": "0001"}, "geometry": {"type": "Polygon", "coordinates": [[[-96.91054, 17.29762], [-96.91055, 17.29823], [-96.91041, 17.29848], [-96.91039, 17.29758], [-96.91054, 17.29762]]]}}, {"id": "1604072", "type": "Feature", "properties": {"id": "1604072", "CVEGEO": "2015000010096027", "POBTOT": 79.0, "score_nse": 53.2626, "NSE": "C-", "VIVTOT": 28.0, "GRAPROES": 9.76, "_ent": "20", "_mun": "150", "_loc": "0001"}, "geometry": {"type": "Polygon", "coordinates": [[[-96.90388, 17.29772], [-96.9028, 17.29768], [-96.90269, 17.29662], [-96.90311, 17.29554], [-96.90375, 17.29558], [-96.90375, 17.29584], [-96.90416, 17.29586], [-96.90388, 17.29772]]]}}, {"id": "1604073", "type": "Feature", "properties": {"id": "1604073", "CVEGEO": "2015000010081034", "POBTOT": 89.0, "score_nse": 0.0, "NSE": "ND", "VIVTOT": 19.0, "GRAPROES": 9.0, "_ent": "20", "_mun": "150", "_loc": "0001"}, "geometry": {"type": "Polygon", "coordinates": [[[-96.91466, 17.30506], [-96.91409, 17.30435], [-96.91409, 17.30289], [-96.91417, 17.30428], [-96.91419, 17.30294], [-96.91439, 17.30304], [-96.91439, 17.30395], [-96.91443, 17.30306], [-96.91464, 17.30316], [-96.91466, 17.30506]]]}}, {"id": "1604074", "type": "Feature", "properties": {"id": "1604074", "CVEGEO": "2015000010081021", "POBTOT": 39.0, "score_nse": 0.0, "NSE": "ND", "VIVTOT": 14.0, "GRAPROES": 9.36, "_ent": "20", "_mun": "150", "_loc": "0001"}, "geometry": {"type": "Polygon", "coordinates": [[[-96.92, 17.31478], [-96.91832, 17.3146], [-96.91773, 17.3149], [-96.91732, 17.3154], [-96.91703, 17.31542], [-96.91701, 17.31476], [-96.91668, 17.31445], [-96.91655, 17.31399], [-96.91599, 17.31347], [-96.91595, 17.31154], [-96.91637, 17.31037], [-96.91563, 17.3087], [-96.91524, 17.30734], [-96.91617, 17.30849], [-96.917, 17.31003], [-96.91716, 17.31153], [-96.91672, 17.31162], [-96.91713, 17.31163], [-96.91718, 17.31185], [-96.91755, 17.3118], [-96.91768, 17.31215], [-96.91757, 17.31175], [-96.91719, 17.31179], [-96.91715, 17.31023], [-96.91666, 17.30925], [-96.91706, 17.30946], [-96.91726, 17.3099], [-96.91774, 17.31025], [-96.91811, 17.31025], [-96.91925, 17.31167], [-96.91932, 17.31208], [-96.92011, 17.31325], [-96.9203, 17.31441], [-96.92, 17.31478]]]}}, {"id": "1604075", "type": "Feature", "properties": {"id": "1604075", "CVEGEO": "2015000010081041", "POBTOT": 62.0, "score_nse": 0.0, "NSE": "ND", "VIVTOT": 20.0, "GRAPROES": 10.33, "_ent": "20", "_mun": "150", "_loc": "0001"}, "geometry": {"type": "Polygon", "coordinates": [[[-96.91526, 17.30574], [-96.91484, 17.30551], [-96.91472, 17.30509], [-96.91471, 17.30319], [-96.91521, 17.30345], [-96.91526, 17.30574]]]}}, {"id": "1604076", "type": "Feature", "properties": {"id": "1604076", "CVEGEO": "2015000010081057", "POBTOT": 41.0, "score_nse": 0.0, "NSE": "ND", "VIVTOT": 9.0, "GRAPROES": 8.48, "_ent": "20", "_mun": "150", "_loc": "0001"}, "geometry": {"type": "Polygon", "coordinates": [[[-96.91548, 17.30612], [-96.91519, 17.30619], [-96.915, 17.30581], [-96.91513, 17.30619], [-96.91477, 17.3063], [-96.91435, 17.30534], [-96.91445, 17.3051], [-96.91473, 17.30523], [-96.91475, 17.3055], [-96.91548, 17.30612]]]}}, {"id": "1604077", "type": "Feature", "properties": {"id": "1604077", "CVEGEO": "2015000010081060", "POBTOT": 0.0, "score_nse": 10.0, "NSE": "E", "VIVTOT": 2.0, "GRAPROES": 0.0, "_ent": "20", "_mun": "150", "_loc": "0001"}, "geometry": {"type": "Polygon", "coordinates": [[[-96.91263, 17.304], [-96.91114, 17.30395], [-96.91114, 17.30379], [-96.91258, 17.30382], [-96.91263, 17.304]]]}}, {"id": "1604078", "type": "Feature", "properties": {"id": "1604078", "CVEGEO": "2015000010109004", "POBTOT": 67.0, "score_nse": 0.0, "NSE": "ND", "VIVTOT": 15.0, "GRAPROES": 11.76, "_ent": "20", "_mun": "150", "_loc": "0001"}, "geometry": {"type": "Polygon", "coordinates": [[[-96.90461, 17.29117], [-96.90392, 17.29125], [-96.90382, 17.29016], [-96.90451, 17.29012], [-96.90461, 17.29117]]]}}, {"id": "1604079", "type": "Feature", "properties": {"id": "1604079", "CVEGEO": "2015000010109003", "POBTOT": 53.0, "score_nse": 48.0453, "NSE": "C-", "VIVTOT": 18.0, "GRAPROES": 9.74, "_ent": "20", "_mun": "150", "_loc": "0001"}, "geometry": {"type": "Polygon", "coordinates": [[[-96.90386, 17.29126], [-96.90302, 17.2914], [-96.90291, 17.29022], [-96.90376, 17.29016], [-96.90386, 17.29126]]]}}, {"id": "1604080", "type": "Feature", "properties": {"id": "1604080", "CVEGEO": "2015000010109002", "POBTOT": 58.0, "score_nse": 0.0, "NSE": "ND", "VIVTOT": 17.0, "GRAPROES": 10.58, "_ent": "20", "_mun": "150", "_loc": "0001"}, "geometry": {"type": "Polygon", "coordinates": [[[-96.90395, 17.29225], [-96.90357, 17.29232], [-96.90303, 17.29145], [-96.90386, 17.29131], [-96.90395, 17.29225]]]}}, {"id": "1604081", "type": "Feature", "properties": {"id": "1604081", "CVEGEO": "2015000010109001", "POBTOT": 74.0, "score_nse": 0.0, "NSE": "ND", "VIVTOT": 21.0, "GRAPROES": 9.55, "_ent": "20", "_mun": "150", "_loc": "0001"}, "geometry": {"type": "Polygon", "coordinates": [[[-96.90471, 17.29214], [-96.90401, 17.29224], [-96.90393, 17.29131], [-96.90463, 17.29122], [-96.90471, 17.29214]]]}}, {"id": "1604082", "type": "Feature", "properties": {"id": "1604082", "CVEGEO": "2015000010096030", "POBTOT": 24.0, "score_nse": 0.0, "NSE": "ND", "VIVTOT": 8.0, "GRAPROES": 9.41, "_ent": "20", "_mun": "150", "_loc": "0001"}, "geometry": {"type": "Polygon", "coordinates": [[[-96.89902, 17.30359], [-96.89857, 17.30543], [-96.89803, 17.30554], [-96.89766, 17.30589], [-96.89736, 17.30532], [-96.89741, 17.30456], [-96.89818, 17.30374], [-96.89817, 17.30442], [-96.89829, 17.30371], [-96.89876, 17.30352], [-96.89902, 17.30359]]]}}, {"id": "1604083", "type": "Feature", "properties": {"id": "1604083", "CVEGEO": "2015000010109009", "POBTOT": 118.0, "score_nse": 0.0, "NSE": "ND", "VIVTOT": 35.0, "GRAPROES": 10.9, "_ent": "20", "_mun": "150", "_loc": "0001"}, "geometry": {"type": "Polygon", "coordinates": [[[-96.90513, 17.29455], [-96.90377, 17.29466], [-96.90358, 17.29347], [-96.90422, 17.29342], [-96.90513, 17.29455]]]}}, {"id": "1604084", "type": "Feature", "properties": {"id": "1604084", "CVEGEO": "2015000010096013", "POBTOT": 34.0, "score_nse": 0.0, "NSE": "ND", "VIVTOT": 6.0, "GRAPROES": 8.96, "_ent": "20", "_mun": "150", "_loc": "0001"}, "geometry": {"type": "Polygon", "coordinates": [[[-96.90972, 17.29735], [-96.90963, 17.29761], [-96.90919, 17.29723], [-96.90972, 17.29735]]]}}, {"id": "1604085", "type": "Feature", "properties": {"id": "1604085", "CVEGEO": "2015000010081019", "POBTOT": 55.0, "score_nse": 0.0, "NSE": "ND", "VIVTOT": 11.0, "GRAPROES": 10.35, "_ent": "20", "_mun": "150", "_loc": "0001"}, "geometry": {"type": "Polygon", "coordinates": [[[-96.90305, 17.30288], [-96.90192, 17.30268], [-96.9019, 17.30122], [-96.90293, 17.30119], [-96.90305, 17.30288]]]}}, {"id": "1604086", "type": "Feature", "properties": {"id": "1604086", "CVEGEO": "2015000010081018", "POBTOT": 3.0, "score_nse": 0.0, "NSE": "ND", "VIVTOT": 1.0, "GRAPROES": 0.0, "_ent": "20", "_mun": "150", "_loc": "0001"}, "geometry": {"type": "Polygon", "coordinates": [[[-96.90301, 17.30296], [-96.90241, 17.30375], [-96.90165, 17.30374], [-96.90191, 17.30273], [-96.90301, 17.30296]]]}}, {"id": "1604087", "type": "Feature", "properties": {"id": "1604087", "CVEGEO": "2015000010081017", "POBTOT": 127.0, "score_nse": 0.0, "NSE": "ND", "VIVTOT": 31.0, "GRAPROES": 8.16, "_ent": "20", "_mun": "150", "_loc": "0001"}, "geometry": {"type": "Polygon", "coordinates": [[[-96.90375, 17.30733], [-96.90338, 17.30709], [-96.90306, 17.30586], [-96.90282, 17.30595], [-96.90306, 17.30593], [-96.90334, 17.30709], [-96.90365, 17.30742], [-96.90329, 17.30748], [-96.90282, 17.30732], [-96.90261, 17.30735], [-96.90256, 17.30752], [-96.90186, 17.30644], [-96.90171, 17.30548], [-96.90216, 17.30507], [-96.9022, 17.30529], [-96.90199, 17.30546], [-96.90224, 17.30529], [-96.90227, 17.3048], [-96.90275, 17.30438], [-96.90229, 17.30473], [-96.90253, 17.30397], [-96.90275, 17.30395], [-96.90264, 17.30415], [-96.90281, 17.30396], [-96.90299, 17.30407], [-96.90319, 17.30556], [-96.90375, 17.30733]]]}}, {"id": "1604088", "type": "Feature", "properties": {"id": "1604088", "CVEGEO": "2015000010077023", "POBTOT": 70.0, "score_nse": 0.0, "NSE": "ND", "VIVTOT": 20.0, "GRAPROES": 8.79, "_ent": "20", "_mun": "150", "_loc": "0001"}, "geometry": {"type": "Polygon", "coordinates": [[[-96.9148, 17.29316], [-96.91455, 17.2937], [-96.91412, 17.29362], [-96.91366, 17.29377], [-96.91283, 17.29438], [-96.91155, 17.29494], [-96.91105, 17.2941], [-96.91106, 17.29372], [-96.91125, 17.29349], [-96.91257, 17.29326], [-96.91125, 17.29346], [-96.91102, 17.29292], [-96.9111, 17.29254], [-96.91149, 17.29264], [-96.91147, 17.29312], [-96.91154, 17.29263], [-96.91177, 17.29264], [-96.91168, 17.29296], [-96.91182, 17.29255], [-96.91112, 17.29251], [-96.91067, 17.29194], [-96.91184, 17.29203], [-96.91235, 17.29253], [-96.9121, 17.2929], [-96.9121, 17.29311], [-96.91223, 17.29322], [-96.91233, 17.29319], [-96.91232, 17.2931], [-96.91219, 17.29319], [-96.91214, 17.2929], [-96.91241, 17.2925], [-96.9119, 17.29202], [-96.9139, 17.2916], [-96.9148, 17.29316]]]}}, {"id": "1604089", "type": "Feature", "properties": {"id": "1604089", "CVEGEO": "2015000010077034", "POBTOT": 0.0, "score_nse": 0.0, "NSE": "ND", "VIVTOT": 0.0, "GRAPROES": 0.0, "_ent": "20", "_mun": "150", "_loc": "0001"}, "geometry": {"type": "Polygon", "coordinates": [[[-96.92517, 17.30408], [-96.92243, 17.30455], [-96.92235, 17.30419], [-96.92236, 17.30394], [-96.92357, 17.30418], [-96.92517, 17.30408]]]}}, {"id": "1604090", "type": "Feature", "properties": {"id": "1604090", "CVEGEO": "2015000010077013", "POBTOT": 190.0, "score_nse": 48.5811, "NSE": "C-", "VIVTOT": 59.0, "GRAPROES": 9.93, "_ent": "20", "_mun": "150", "_loc": "0001"}, "geometry": {"type": "Polygon", "coordinates": [[[-96.91653, 17.30392], [-96.91631, 17.30381], [-96.91629, 17.30282], [-96.91627, 17.3038], [-96.91594, 17.30363], [-96.91593, 17.30338], [-96.91591, 17.3036], [-96.91529, 17.30327], [-96.91529, 17.30241], [-96.91526, 17.30325], [-96.91436, 17.30282], [-96.91438, 17.30223], [-96.91433, 17.3028], [-96.91407, 17.30267], [-96.9141, 17.30119], [-96.91652, 17.3023], [-96.91653, 17.30392]]]}}, {"id": "1604091", "type": "Feature", "properties": {"id": "1604091", "CVEGEO": "2015000010077035", "POBTOT": 44.0, "score_nse": 0.0, "NSE": "ND", "VIVTOT": 12.0, "GRAPROES": 8.27, "_ent": "20", "_mun": "150", "_loc": "0001"}, "geometry": {"type": "Polygon", "coordinates": [[[-96.91727, 17.30429], [-96.91705, 17.30419], [-96.91703, 17.30254], [-96.91727, 17.30265], [-96.91727, 17.30429]]]}}, {"id": "1604092", "type": "Feature", "properties": {"id": "1604092", "CVEGEO": "2015000010081070", "POBTOT": 0.0, "score_nse": 0.0, "NSE": "ND", "VIVTOT": 0.0, "GRAPROES": 0.0, "_ent": "20", "_mun": "150", "_loc": "0001"}, "geometry": {"type": "Polygon", "coordinates": [[[-96.92033, 17.31565], [-96.9156, 17.31701], [-96.91489, 17.31698], [-96.91499, 17.31658], [-96.91558, 17.31629], [-96.91557, 17.3155], [-96.91617, 17.31519], [-96.91601, 17.31357], [-96.91641, 17.31389], [-96.91665, 17.31449], [-96.91697, 17.31478], [-96.91703, 17.31547], [-96.91734, 17.31545], [-96.91779, 17.31492], [-96.9185, 17.31462], [-96.91881, 17.31477], [-96.92065, 17.31489], [-96.92064, 17.31524], [-96.92033, 17.31565]]]}}, {"id": "1604093", "type": "Feature", "properties": {"id": "1604093", "CVEGEO": "2015000010077038", "POBTOT": 16.0, "score_nse": 28.18, "NSE": "D", "VIVTOT": 5.0, "GRAPROES": 6.89, "_ent": "20", "_mun": "150", "_loc": "0001"}, "geometry": {"type": "Polygon", "coordinates": [[[-96.91101, 17.28909], [-96.91042, 17.28932], [-96.91037, 17.28895], [-96.91087, 17.2888], [-96.91101, 17.28909]]]}}, {"id": "1604094", "type": "Feature", "properties": {"id": "1604094", "CVEGEO": "2015000010077037", "POBTOT": 19.0, "score_nse": 0.0, "NSE": "ND", "VIVTOT": 8.0, "GRAPROES": 7.38, "_ent": "20", "_mun": "150", "_loc": "0001"}, "geometry": {"type": "Polygon", "coordinates": [[[-96.91552, 17.29741], [-96.91521, 17.29792], [-96.91489, 17.298], [-96.91444, 17.297], [-96.91552, 17.29741]]]}}, {"id": "1604095", "type": "Feature", "properties": {"id": "1604095", "CVEGEO": "2015000010081061", "POBTOT": 49.0, "score_nse": 0.0, "NSE": "ND", "VIVTOT": 14.0, "GRAPROES": 8.26, "_ent": "20", "_mun": "150", "_loc": "0001"}, "geometry": {"type": "Polygon", "coordinates": [[[-96.91402, 17.30428], [-96.91351, 17.30409], [-96.9132, 17.30354], [-96.91321, 17.30248], [-96.91403, 17.30288], [-96.91402, 17.30428]]]}}, {"id": "1604096", "type": "Feature", "properties": {"id": "1604096", "CVEGEO": "2015000010109016", "POBTOT": 25.0, "score_nse": 0.0, "NSE": "ND", "VIVTOT": 6.0, "GRAPROES": 9.44, "_ent": "20", "_mun": "150", "_loc": "0001"}, "geometry": {"type": "Polygon", "coordinates": [[[-96.90278, 17.29015], [-96.90207, 17.2902], [-96.90139, 17.28984], [-96.90137, 17.28881], [-96.90145, 17.28831], [-96.90181, 17.28778], [-96.90182, 17.28678], [-96.90253, 17.28826], [-96.90278, 17.29015]]]}}, {"id": "1604097", "type": "Feature", "properties": {"id": "1604097", "CVEGEO": "2015000010109014", "POBTOT": 15.0, "score_nse": 0.0, "NSE": "ND", "VIVTOT": 9.0, "GRAPROES": 9.82, "_ent": "20", "_mun": "150", "_loc": "0001"}, "geometry": {"type": "Polygon", "coordinates": [[[-96.90488, 17.29409], [-96.90416, 17.29323], [-96.9048, 17.29312], [-96.90488, 17.29409]]]}}, {"id": "1604098", "type": "Feature", "properties": {"id": "1604098", "CVEGEO": "2015000010096024", "POBTOT": 259.0, "score_nse": 0.0, "NSE": "ND", "VIVTOT": 65.0, "GRAPROES": 9.38, "_ent": "20", "_mun": "150", "_loc": "0001"}, "geometry": {"type": "Polygon", "coordinates": [[[-96.90446, 17.29996], [-96.90443, 17.3006], [-96.90399, 17.30059], [-96.90399, 17.30042], [-96.90396, 17.30058], [-96.90347, 17.30057], [-96.90341, 17.30029], [-96.90344, 17.30056], [-96.90303, 17.30056], [-96.90315, 17.29963], [-96.90371, 17.29966], [-96.90374, 17.29991], [-96.90387, 17.29958], [-96.90404, 17.29968], [-96.90402, 17.29996], [-96.90408, 17.29971], [-96.90446, 17.29996]]]}}, {"id": "1604099", "type": "Feature", "properties": {"id": "1604099", "CVEGEO": "2015000010096022", "POBTOT": 1.0, "score_nse": 0.0, "NSE": "ND", "VIVTOT": 1.0, "GRAPROES": 0.0, "_ent": "20", "_mun": "150", "_loc": "0001"}, "geometry": {"type": "Polygon", "coordinates": [[[-96.91036, 17.29757], [-96.9103, 17.29836], [-96.90969, 17.29772], [-96.90978, 17.29736], [-96.91036, 17.29757]]]}}, {"id": "1604100", "type": "Feature", "properties": {"id": "1604100", "CVEGEO": "2015000010081052", "POBTOT": 8.0, "score_nse": 0.0, "NSE": "ND", "VIVTOT": 2.0, "GRAPROES": 0.0, "_ent": "20", "_mun": "150", "_loc": "0001"}, "geometry": {"type": "Polygon", "coordinates": [[[-96.91208, 17.30312], [-96.91106, 17.30309], [-96.91004, 17.30308], [-96.91008, 17.30292], [-96.91206, 17.30296], [-96.91208, 17.30312]]]}}, {"id": "1604101", "type": "Feature", "properties": {"id": "1604101", "CVEGEO": "2015000010081049", "POBTOT": 35.0, "score_nse": 87.8884, "NSE": "A/B", "VIVTOT": 9.0, "GRAPROES": 15.0, "_ent": "20", "_mun": "150", "_loc": "0001"}, "geometry": {"type": "Polygon", "coordinates": [[[-96.91256, 17.30379], [-96.91114, 17.30374], [-96.91114, 17.30336], [-96.91218, 17.30341], [-96.91256, 17.30379]]]}}, {"id": "1604102", "type": "Feature", "properties": {"id": "1604102", "CVEGEO": "2015000010081047", "POBTOT": 25.0, "score_nse": 0.0, "NSE": "ND", "VIVTOT": 8.0, "GRAPROES": 7.82, "_ent": "20", "_mun": "150", "_loc": "0001"}, "geometry": {"type": "Polygon", "coordinates": [[[-96.91205, 17.30292], [-96.9102, 17.30287], [-96.91063, 17.30233], [-96.91052, 17.30174], [-96.91175, 17.3021], [-96.91205, 17.30292]]]}}, {"id": "1604103", "type": "Feature", "properties": {"id": "1604103", "CVEGEO": "2015000010081015", "POBTOT": 3.0, "score_nse": 0.0, "NSE": "ND", "VIVTOT": 2.0, "GRAPROES": 0.0, "_ent": "20", "_mun": "150", "_loc": "0001"}, "geometry": {"type": "Polygon", "coordinates": [[[-96.90773, 17.3011], [-96.90739, 17.30132], [-96.90724, 17.30099], [-96.90773, 17.3011]]]}}, {"id": "1604104", "type": "Feature", "properties": {"id": "1604104", "CVEGEO": "2015000010081014", "POBTOT": 201.0, "score_nse": 42.0699, "NSE": "C-", "VIVTOT": 56.0, "GRAPROES": 8.02, "_ent": "20", "_mun": "150", "_loc": "0001"}, "geometry": {"type": "Polygon", "coordinates": [[[-96.90723, 17.30115], [-96.90692, 17.30155], [-96.9061, 17.30179], [-96.90595, 17.30159], [-96.90575, 17.30169], [-96.90566, 17.30076], [-96.90605, 17.3007], [-96.90702, 17.30094], [-96.90696, 17.30099], [-96.90696, 17.30105], [-96.90714, 17.30097], [-96.90723, 17.30115]]]}}, {"id": "1604105", "type": "Feature", "properties": {"id": "1604105", "CVEGEO": "2015000010081013", "POBTOT": 12.0, "score_nse": 0.0, "NSE": "ND", "VIVTOT": 4.0, "GRAPROES": 8.55, "_ent": "20", "_mun": "150", "_loc": "0001"}, "geometry": {"type": "Polygon", "coordinates": [[[-96.90608, 17.3018], [-96.90571, 17.30226], [-96.90562, 17.30219], [-96.90575, 17.30171], [-96.90595, 17.30162], [-96.90608, 17.3018]]]}}, {"id": "1604106", "type": "Feature", "properties": {"id": "1604106", "CVEGEO": "2015000010077028", "POBTOT": 18.0, "score_nse": 0.0, "NSE": "ND", "VIVTOT": 7.0, "GRAPROES": 7.83, "_ent": "20", "_mun": "150", "_loc": "0001"}, "geometry": {"type": "Polygon", "coordinates": [[[-96.92663, 17.30498], [-96.9264, 17.3052], [-96.92459, 17.30515], [-96.92458, 17.30581], [-96.92301, 17.3051], [-96.92243, 17.30461], [-96.92574, 17.30407], [-96.92622, 17.30417], [-96.92663, 17.30498]]]}}, {"id": "1604107", "type": "Feature", "properties": {"id": "1604107", "CVEGEO": "2015000010081069", "POBTOT": 4.0, "score_nse": 0.0, "NSE": "ND", "VIVTOT": 4.0, "GRAPROES": 0.0, "_ent": "20", "_mun": "150", "_loc": "0001"}, "geometry": {"type": "Polygon", "coordinates": [[[-96.91683, 17.30931], [-96.91519, 17.3072], [-96.91479, 17.30632], [-96.91552, 17.30615], [-96.91601, 17.30673], [-96.91625, 17.30742], [-96.91615, 17.30769], [-96.91683, 17.30931]]]}}, {"id": "1604108", "type": "Feature", "properties": {"id": "1604108", "CVEGEO": "2015000010081035", "POBTOT": 112.0, "score_nse": 46.3263, "NSE": "C-", "VIVTOT": 31.0, "GRAPROES": 9.38, "_ent": "20", "_mun": "150", "_loc": "0001"}, "geometry": {"type": "Polygon", "coordinates": [[[-96.91548, 17.30585], [-96.91528, 17.30575], [-96.91524, 17.30347], [-96.91545, 17.30357], [-96.91548, 17.30585]]]}}, {"id": "1604109", "type": "Feature", "properties": {"id": "1604109", "CVEGEO": "2015000010077007", "POBTOT": 0.0, "score_nse": 0.0, "NSE": "ND", "VIVTOT": 0.0, "GRAPROES": 0.0, "_ent": "20", "_mun": "150", "_loc": "0001"}, "geometry": {"type": "Polygon", "coordinates": [[[-96.91957, 17.30475], [-96.91806, 17.30459], [-96.91732, 17.30432], [-96.91731, 17.30263], [-96.91955, 17.30365], [-96.91957, 17.30475]]]}}, {"id": "1604110", "type": "Feature", "properties": {"id": "1604110", "CVEGEO": "2015000010077002", "POBTOT": 54.0, "score_nse": 0.0, "NSE": "ND", "VIVTOT": 13.0, "GRAPROES": 8.95, "_ent": "20", "_mun": "150", "_loc": "0001"}, "geometry": {"type": "Polygon", "coordinates": [[[-96.92203, 17.30479], [-96.92194, 17.30535], [-96.92172, 17.3055], [-96.92043, 17.30492], [-96.91962, 17.30476], [-96.91962, 17.30369], [-96.92203, 17.30479]]]}}, {"id": "1604111", "type": "Feature", "properties": {"id": "1604111", "CVEGEO": "2015000010077001", "POBTOT": 2.0, "score_nse": 0.0, "NSE": "ND", "VIVTOT": 2.0, "GRAPROES": 0.0, "_ent": "20", "_mun": "150", "_loc": "0001"}, "geometry": {"type": "Polygon", "coordinates": [[[-96.92248, 17.3048], [-96.91958, 17.30355], [-96.91959, 17.3034], [-96.92047, 17.30357], [-96.92248, 17.3048]]]}}, {"id": "1604112", "type": "Feature", "properties": {"id": "1604112", "CVEGEO": "2015000010081062", "POBTOT": 5.0, "score_nse": 0.0, "NSE": "ND", "VIVTOT": 2.0, "GRAPROES": 0.0, "_ent": "20", "_mun": "150", "_loc": "0001"}, "geometry": {"type": "Polygon", "coordinates": [[[-96.91593, 17.31349], [-96.91564, 17.31361], [-96.91545, 17.31401], [-96.91485, 17.31276], [-96.91584, 17.31204], [-96.91593, 17.31349]]]}}, {"id": "1604113", "type": "Feature", "properties": {"id": "1604113", "CVEGEO": "2015000010081039", "POBTOT": 14.0, "score_nse": 0.0, "NSE": "ND", "VIVTOT": 5.0, "GRAPROES": 8.55, "_ent": "20", "_mun": "150", "_loc": "0001"}, "geometry": {"type": "Polygon", "coordinates": [[[-96.90267, 17.30771], [-96.90109, 17.3078], [-96.90054, 17.3064], [-96.90076, 17.30551], [-96.90166, 17.30561], [-96.90182, 17.30647], [-96.90267, 17.30771]]]}}, {"id": "1604114", "type": "Feature", "properties": {"id": "1604114", "CVEGEO": "2015000010109029", "POBTOT": 29.0, "score_nse": 0.0, "NSE": "ND", "VIVTOT": 15.0, "GRAPROES": 8.65, "_ent": "20", "_mun": "150", "_loc": "0001"}, "geometry": {"type": "Polygon", "coordinates": [[[-96.90225, 17.29468], [-96.90161, 17.29469], [-96.9016, 17.29398], [-96.90157, 17.29469], [-96.90037, 17.2949], [-96.90073, 17.29429], [-96.90098, 17.29335], [-96.90196, 17.29323], [-96.90225, 17.29321], [-96.90225, 17.29468]]]}}, {"id": "1604115", "type": "Feature", "properties": {"id": "1604115", "CVEGEO": "2015000010109024", "POBTOT": 17.0, "score_nse": 0.0, "NSE": "ND", "VIVTOT": 4.0, "GRAPROES": 13.93, "_ent": "20", "_mun": "150", "_loc": "0001"}, "geometry": {"type": "Polygon", "coordinates": [[[-96.90193, 17.28556], [-96.90196, 17.28582], [-96.90175, 17.28662], [-96.90098, 17.28569], [-96.90193, 17.28556]]]}}, {"id": "1604116", "type": "Feature", "properties": {"id": "1604116", "CVEGEO": "2015000010096035", "POBTOT": 87.0, "score_nse": 49.3, "NSE": "C-", "VIVTOT": 25.0, "GRAPROES": 10.0, "_ent": "20", "_mun": "150", "_loc": "0001"}, "geometry": {"type": "Polygon", "coordinates": [[[-96.90587, 17.30065], [-96.90447, 17.30061], [-96.90448, 17.29997], [-96.9049, 17.30025], [-96.90587, 17.30065]]]}}, {"id": "1604117", "type": "Feature", "properties": {"id": "1604117", "CVEGEO": "2015000010096008", "POBTOT": 0.0, "score_nse": 0.0, "NSE": "ND", "VIVTOT": 0.0, "GRAPROES": 0.0, "_ent": "20", "_mun": "150", "_loc": "0001"}, "geometry": {"type": "Polygon", "coordinates": [[[-96.90576, 17.29528], [-96.90548, 17.29532], [-96.90545, 17.29493], [-96.90576, 17.29528]]]}}, {"id": "1604118", "type": "Feature", "properties": {"id": "1604118", "CVEGEO": "2015000010096007", "POBTOT": 3.0, "score_nse": 0.0, "NSE": "ND", "VIVTOT": 4.0, "GRAPROES": 0.0, "_ent": "20", "_mun": "150", "_loc": "0001"}, "geometry": {"type": "Polygon", "coordinates": [[[-96.90483, 17.29541], [-96.90475, 17.29622], [-96.90429, 17.29615], [-96.90422, 17.29578], [-96.90383, 17.29578], [-96.90383, 17.29548], [-96.90483, 17.29541]]]}}, {"id": "1604119", "type": "Feature", "properties": {"id": "1604119", "CVEGEO": "2015000010096005", "POBTOT": 26.0, "score_nse": 66.0773, "NSE": "C", "VIVTOT": 9.0, "GRAPROES": 11.95, "_ent": "20", "_mun": "150", "_loc": "0001"}, "geometry": {"type": "Polygon", "coordinates": [[[-96.90745, 17.29656], [-96.90657, 17.29649], [-96.90651, 17.29609], [-96.90652, 17.29606], [-96.90745, 17.29656]]]}}, {"id": "1604120", "type": "Feature", "properties": {"id": "1604120", "CVEGEO": "2015000010096004", "POBTOT": 95.0, "score_nse": 52.1747, "NSE": "C-", "VIVTOT": 30.0, "GRAPROES": 11.18, "_ent": "20", "_mun": "150", "_loc": "0001"}, "geometry": {"type": "Polygon", "coordinates": [[[-96.9065, 17.29649], [-96.90551, 17.29633], [-96.90548, 17.29535], [-96.90579, 17.29531], [-96.90641, 17.29599], [-96.9065, 17.29649]]]}}, {"id": "1604121", "type": "Feature", "properties": {"id": "1604121", "CVEGEO": "2015000010077018", "POBTOT": 118.0, "score_nse": 0.0, "NSE": "ND", "VIVTOT": 40.0, "GRAPROES": 7.91, "_ent": "20", "_mun": "150", "_loc": "0001"}, "geometry": {"type": "Polygon", "coordinates": [[[-96.91484, 17.29798], [-96.91419, 17.29783], [-96.91343, 17.29795], [-96.91348, 17.29758], [-96.91337, 17.29794], [-96.91187, 17.29745], [-96.91165, 17.29751], [-96.91192, 17.29773], [-96.9107, 17.29753], [-96.91028, 17.29723], [-96.91024, 17.2968], [-96.91096, 17.29644], [-96.9108, 17.29573], [-96.91158, 17.29636], [-96.91438, 17.29699], [-96.91484, 17.29798]]]}}, {"id": "1604122", "type": "Feature", "properties": {"id": "1604122", "CVEGEO": "2015000010096014", "POBTOT": 558.0, "score_nse": 49.7026, "NSE": "C-", "VIVTOT": 144.0, "GRAPROES": 9.86, "_ent": "20", "_mun": "150", "_loc": "0001"}, "geometry": {"type": "Polygon", "coordinates": [[[-96.90959, 17.29773], [-96.90936, 17.29812], [-96.90825, 17.29888], [-96.9082, 17.2998], [-96.90795, 17.30057], [-96.9077, 17.30038], [-96.90788, 17.30053], [-96.9079, 17.30097], [-96.90757, 17.30093], [-96.90756, 17.30081], [-96.90754, 17.30093], [-96.90738, 17.30089], [-96.9074, 17.3007], [-96.90735, 17.30088], [-96.90714, 17.30084], [-96.90714, 17.3007], [-96.90711, 17.30084], [-96.90685, 17.3008], [-96.90679, 17.3003], [-96.90696, 17.30031], [-96.90679, 17.30027], [-96.90677, 17.2999], [-96.90694, 17.29987], [-96.90676, 17.29986], [-96.90671, 17.29913], [-96.90715, 17.29912], [-96.90671, 17.2991], [-96.90667, 17.29869], [-96.90733, 17.29868], [-96.90666, 17.29867], [-96.90665, 17.2984], [-96.90735, 17.29842], [-96.90736, 17.29856], [-96.90738, 17.29839], [-96.90667, 17.29837], [-96.90702, 17.29827], [-96.90666, 17.29826], [-96.90665, 17.29787], [-96.90766, 17.29788], [-96.90752, 17.29805], [-96.90768, 17.29806], [-96.90769, 17.29788], [-96.90789, 17.29789], [-96.90782, 17.29834], [-96.90787, 17.2984], [-96.90812, 17.2985], [-96.90784, 17.29831], [-96.90787, 17.29819], [-96.90791, 17.29759], [-96.90814, 17.29759], [-96.90791, 17.29756], [-96.90798, 17.29684], [-96.90876, 17.29712], [-96.90875, 17.29738], [-96.90879, 17.29712], [-96.90908, 17.29724], [-96.90959, 17.29773]]]}}, {"id": "1604123", "type": "Feature", "properties": {"id": "1604123", "CVEGEO": "2015000010081067", "POBTOT": 25.0, "score_nse": 0.0, "NSE": "ND", "VIVTOT": 8.0, "GRAPROES": 8.53, "_ent": "20", "_mun": "150", "_loc": "0001"}, "geometry": {"type": "Polygon", "coordinates": [[[-96.9066, 17.30247], [-96.90642, 17.30231], [-96.90657, 17.30198], [-96.90639, 17.30173], [-96.90675, 17.30203], [-96.9066, 17.30247]]]}}, {"id": "1604124", "type": "Feature", "properties": {"id": "1604124", "CVEGEO": "2015000010081065", "POBTOT": 23.0, "score_nse": 0.0, "NSE": "ND", "VIVTOT": 3.0, "GRAPROES": 0.0, "_ent": "20", "_mun": "150", "_loc": "0001"}, "geometry": {"type": "Polygon", "coordinates": [[[-96.90417, 17.30779], [-96.90301, 17.30783], [-96.90264, 17.30745], [-96.90298, 17.30738], [-96.9033, 17.30755], [-96.90378, 17.30739], [-96.90417, 17.30779]]]}}, {"id": "1604125", "type": "Feature", "properties": {"id": "1604125", "CVEGEO": "2015000010081045", "POBTOT": 0.0, "score_nse": 10.0, "NSE": "E", "VIVTOT": 1.0, "GRAPROES": 0.0, "_ent": "20", "_mun": "150", "_loc": "0001"}, "geometry": {"type": "Polygon", "coordinates": [[[-96.90462, 17.30733], [-96.90455, 17.30768], [-96.90422, 17.30787], [-96.90406, 17.30737], [-96.90426, 17.30725], [-96.90462, 17.30733]]]}}, {"id": "1604126", "type": "Feature", "properties": {"id": "1604126", "CVEGEO": "2015000010081064", "POBTOT": 0.0, "score_nse": 10.0, "NSE": "E", "VIVTOT": 5.0, "GRAPROES": 0.0, "_ent": "20", "_mun": "150", "_loc": "0001"}, "geometry": {"type": "Polygon", "coordinates": [[[-96.91323, 17.3145], [-96.91289, 17.31327], [-96.91224, 17.31248], [-96.91205, 17.31122], [-96.91163, 17.31051], [-96.91172, 17.31033], [-96.91207, 17.31032], [-96.91245, 17.31057], [-96.91285, 17.31122], [-96.91258, 17.31059], [-96.91215, 17.31031], [-96.91308, 17.31023], [-96.91333, 17.31073], [-96.91331, 17.3116], [-96.91372, 17.31265], [-96.91356, 17.31265], [-96.91345, 17.31335], [-96.91363, 17.31414], [-96.91333, 17.31426], [-96.91323, 17.3145]]]}}, {"id": "1604127", "type": "Feature", "properties": {"id": "1604127", "CVEGEO": "2015000010081055", "POBTOT": 7.0, "score_nse": 0.0, "NSE": "ND", "VIVTOT": 3.0, "GRAPROES": 0.0, "_ent": "20", "_mun": "150", "_loc": "0001"}, "geometry": {"type": "Polygon", "coordinates": [[[-96.91179, 17.30815], [-96.90981, 17.30809], [-96.90955, 17.30764], [-96.91175, 17.30771], [-96.91179, 17.30815]]]}}, {"id": "1604128", "type": "Feature", "properties": {"id": "1604128", "CVEGEO": "2015000010081056", "POBTOT": 89.0, "score_nse": 42.5891, "NSE": "C-", "VIVTOT": 36.0, "GRAPROES": 9.55, "_ent": "20", "_mun": "150", "_loc": "0001"}, "geometry": {"type": "Polygon", "coordinates": [[[-96.91265, 17.30537], [-96.91175, 17.30767], [-96.90942, 17.30755], [-96.90957, 17.3061], [-96.90997, 17.30532], [-96.91011, 17.30532], [-96.90996, 17.3056], [-96.90996, 17.30643], [-96.91015, 17.30532], [-96.91022, 17.30626], [-96.91021, 17.30532], [-96.91265, 17.30537]]]}}, {"id": "1604129", "type": "Feature", "properties": {"id": "1604129", "CVEGEO": "2015000010081053", "POBTOT": 31.0, "score_nse": 0.0, "NSE": "ND", "VIVTOT": 13.0, "GRAPROES": 7.86, "_ent": "20", "_mun": "150", "_loc": "0001"}, "geometry": {"type": "Polygon", "coordinates": [[[-96.91304, 17.31018], [-96.91167, 17.31031], [-96.91137, 17.31091], [-96.91028, 17.31069], [-96.91027, 17.30895], [-96.90981, 17.30813], [-96.9118, 17.30819], [-96.91191, 17.3084], [-96.91003, 17.30843], [-96.91194, 17.30845], [-96.91221, 17.30957], [-96.91262, 17.30974], [-96.91304, 17.31018]]]}}, {"id": "1604130", "type": "Feature", "properties": {"id": "1604130", "CVEGEO": "2015000010081063", "POBTOT": 24.0, "score_nse": 0.0, "NSE": "ND", "VIVTOT": 15.0, "GRAPROES": 6.88, "_ent": "20", "_mun": "150", "_loc": "0001"}, "geometry": {"type": "Polygon", "coordinates": [[[-96.91591, 17.3136], [-96.91612, 17.3151], [-96.91548, 17.31554], [-96.91552, 17.31629], [-96.91496, 17.31654], [-96.91458, 17.31708], [-96.91388, 17.31737], [-96.91256, 17.31715], [-96.91223, 17.31687], [-96.90865, 17.31535], [-96.9083, 17.31533], [-96.90786, 17.31502], [-96.90752, 17.31501], [-96.90729, 17.31382], [-96.90724, 17.31327], [-96.90737, 17.31335], [-96.90728, 17.31356], [-96.90745, 17.31411], [-96.90824, 17.31429], [-96.90855, 17.31463], [-96.90823, 17.31423], [-96.90747, 17.31404], [-96.90733, 17.31364], [-96.90743, 17.31339], [-96.90724, 17.31319], [-96.90725, 17.31281], [-96.90776, 17.31194], [-96.90829, 17.31205], [-96.90856, 17.31235], [-96.90885, 17.31246], [-96.9095, 17.3126], [-96.9098, 17.31296], [-96.9095, 17.3125], [-96.90875, 17.31237], [-96.90831, 17.312], [-96.9078, 17.31187], [-96.90794, 17.31055], [-96.91024, 17.31074], [-96.91038, 17.31115], [-96.91086, 17.31179], [-96.91104, 17.31233], [-96.91132, 17.31249], [-96.91106, 17.3123], [-96.91091, 17.31179], [-96.91029, 17.31074], [-96.91141, 17.31096], [-96.91155, 17.31054], [-96.91202, 17.31124], [-96.91213, 17.31229], [-96.91241, 17.31289], [-96.91284, 17.3133], [-96.91321, 17.31459], [-96.91338, 17.31429], [-96.91385, 17.31412], [-96.91476, 17.31469], [-96.91504, 17.3152], [-96.91557, 17.31514], [-96.9158, 17.31473], [-96.91559, 17.31385], [-96.91591, 17.3136]]]}}, {"id": "1604131", "type": "Feature", "properties": {"id": "1604131", "CVEGEO": "2015000010109030", "POBTOT": 5.0, "score_nse": 0.0, "NSE": "ND", "VIVTOT": 2.0, "GRAPROES": 0.0, "_ent": "20", "_mun": "150", "_loc": "0001"}, "geometry": {"type": "Polygon", "coordinates": [[[-96.9002, 17.29056], [-96.89948, 17.29036], [-96.89922, 17.29004], [-96.89979, 17.2897], [-96.90045, 17.28963], [-96.90043, 17.29024], [-96.90052, 17.28962], [-96.90091, 17.28945], [-96.90131, 17.28985], [-96.9006, 17.29163], [-96.90015, 17.29148], [-96.90032, 17.29083], [-96.9002, 17.29056]]]}}, {"id": "1604132", "type": "Feature", "properties": {"id": "1604132", "CVEGEO": "2015000010109022", "POBTOT": 60.0, "score_nse": 0.0, "NSE": "ND", "VIVTOT": 18.0, "GRAPROES": 8.28, "_ent": "20", "_mun": "150", "_loc": "0001"}, "geometry": {"type": "Polygon", "coordinates": [[[-96.89853, 17.29455], [-96.89819, 17.29454], [-96.89873, 17.29473], [-96.89855, 17.29488], [-96.89798, 17.2947], [-96.89734, 17.29474], [-96.89717, 17.29314], [-96.89687, 17.29225], [-96.89711, 17.29155], [-96.89767, 17.29087], [-96.89965, 17.29102], [-96.89964, 17.29124], [-96.89988, 17.29125], [-96.89947, 17.29143], [-96.89883, 17.29142], [-96.89808, 17.29196], [-96.89882, 17.29148], [-96.89952, 17.29147], [-96.90005, 17.29126], [-96.90008, 17.29151], [-96.90041, 17.29167], [-96.90092, 17.2929], [-96.90068, 17.29423], [-96.90026, 17.2949], [-96.89961, 17.29509], [-96.89928, 17.29504], [-96.89853, 17.29455]]]}}, {"id": "1604133", "type": "Feature", "properties": {"id": "1604133", "CVEGEO": "2015000010096032", "POBTOT": 107.0, "score_nse": 42.5227, "NSE": "C-", "VIVTOT": 30.0, "GRAPROES": 9.07, "_ent": "20", "_mun": "150", "_loc": "0001"}, "geometry": {"type": "Polygon", "coordinates": [[[-96.90177, 17.30116], [-96.90094, 17.30113], [-96.90091, 17.30096], [-96.90109, 17.3009], [-96.90088, 17.30092], [-96.9009, 17.30111], [-96.89964, 17.30089], [-96.89848, 17.30176], [-96.89773, 17.30176], [-96.89847, 17.30084], [-96.89803, 17.29939], [-96.89825, 17.29919], [-96.89802, 17.29936], [-96.89756, 17.29774], [-96.89831, 17.29799], [-96.89844, 17.29878], [-96.89896, 17.29938], [-96.89951, 17.2997], [-96.89937, 17.29929], [-96.89953, 17.29841], [-96.89922, 17.29803], [-96.89882, 17.29732], [-96.89817, 17.2967], [-96.89804, 17.29626], [-96.89826, 17.29608], [-96.89864, 17.29661], [-96.89906, 17.29771], [-96.89941, 17.29813], [-96.90076, 17.29825], [-96.90139, 17.29881], [-96.9015, 17.29941], [-96.90131, 17.30018], [-96.90177, 17.30116]]]}}, {"id": "1604134", "type": "Feature", "properties": {"id": "1604134", "CVEGEO": "2015000010081038", "POBTOT": 44.0, "score_nse": 0.0, "NSE": "ND", "VIVTOT": 12.0, "GRAPROES": 8.65, "_ent": "20", "_mun": "150", "_loc": "0001"}, "geometry": {"type": "Polygon", "coordinates": [[[-96.90399, 17.30865], [-96.90404, 17.30977], [-96.90373, 17.31033], [-96.90388, 17.31141], [-96.90355, 17.31078], [-96.90276, 17.30994], [-96.90273, 17.3097], [-96.90315, 17.30897], [-96.90344, 17.30943], [-96.90308, 17.30956], [-96.90307, 17.30965], [-96.90316, 17.30972], [-96.90328, 17.30974], [-96.90308, 17.3096], [-96.90348, 17.30944], [-96.90277, 17.30831], [-96.90277, 17.30777], [-96.90399, 17.30865]]]}}, {"id": "1604135", "type": "Feature", "properties": {"id": "1604135", "CVEGEO": "2015000010081066", "POBTOT": 3.0, "score_nse": 0.0, "NSE": "ND", "VIVTOT": 1.0, "GRAPROES": 0.0, "_ent": "20", "_mun": "150", "_loc": "0001"}, "geometry": {"type": "Polygon", "coordinates": [[[-96.90307, 17.30884], [-96.90263, 17.30873], [-96.90122, 17.30964], [-96.90113, 17.30991], [-96.90105, 17.30981], [-96.90129, 17.30854], [-96.90111, 17.30788], [-96.90271, 17.30778], [-96.90271, 17.30833], [-96.90307, 17.30884]]]}}, {"id": "1604136", "type": "Feature", "properties": {"id": "1604136", "CVEGEO": "2015000010081059", "POBTOT": 22.0, "score_nse": 0.0, "NSE": "ND", "VIVTOT": 7.0, "GRAPROES": 7.13, "_ent": "20", "_mun": "150", "_loc": "0001"}, "geometry": {"type": "Polygon", "coordinates": [[[-96.90354, 17.31084], [-96.90376, 17.3115], [-96.90321, 17.31085], [-96.90233, 17.31041], [-96.9019, 17.31041], [-96.90144, 17.31076], [-96.90103, 17.30988], [-96.90115, 17.30996], [-96.90123, 17.30968], [-96.90265, 17.30877], [-96.90306, 17.30888], [-96.90285, 17.3094], [-96.90176, 17.3098], [-96.9028, 17.30946], [-96.90271, 17.30997], [-96.90354, 17.31084]]]}}, {"id": "1604137", "type": "Feature", "properties": {"id": "1604137", "CVEGEO": "2015000010081044", "POBTOT": 27.0, "score_nse": 0.0, "NSE": "ND", "VIVTOT": 4.0, "GRAPROES": 7.6, "_ent": "20", "_mun": "150", "_loc": "0001"}, "geometry": {"type": "Polygon", "coordinates": [[[-96.89857, 17.30549], [-96.89832, 17.30716], [-96.89772, 17.30726], [-96.89752, 17.30747], [-96.89695, 17.30648], [-96.89725, 17.30608], [-96.89777, 17.30592], [-96.89805, 17.30559], [-96.89857, 17.30549]]]}}, {"id": "1604138", "type": "Feature", "properties": {"id": "1604138", "CVEGEO": "2015000010096029", "POBTOT": 15.0, "score_nse": 17.0933, "NSE": "E", "VIVTOT": 9.0, "GRAPROES": 5.63, "_ent": "20", "_mun": "150", "_loc": "0001"}, "geometry": {"type": "Polygon", "coordinates": [[[-96.8962, 17.30404], [-96.8976, 17.30184], [-96.89843, 17.30181], [-96.89754, 17.30229], [-96.89741, 17.30261], [-96.89751, 17.30313], [-96.89727, 17.30353], [-96.89688, 17.30359], [-96.8962, 17.30535], [-96.8962, 17.30404]]]}}, {"id": "1604139", "type": "Feature", "properties": {"id": "1604139", "CVEGEO": "2015000010096026", "POBTOT": 99.0, "score_nse": 0.0, "NSE": "ND", "VIVTOT": 31.0, "GRAPROES": 9.02, "_ent": "20", "_mun": "150", "_loc": "0001"}, "geometry": {"type": "Polygon", "coordinates": [[[-96.89753, 17.29947], [-96.89747, 17.29743], [-96.89704, 17.29705], [-96.89695, 17.2964], [-96.8973, 17.2948], [-96.89797, 17.29476], [-96.89854, 17.29494], [-96.89879, 17.29483], [-96.89962, 17.29515], [-96.90024, 17.29496], [-96.89996, 17.29566], [-96.89945, 17.29569], [-96.89874, 17.29549], [-96.89811, 17.2956], [-96.89801, 17.29582], [-96.89819, 17.29607], [-96.89762, 17.29658], [-96.89779, 17.29654], [-96.89798, 17.29699], [-96.89815, 17.29714], [-96.89833, 17.29712], [-96.89804, 17.29697], [-96.89783, 17.29648], [-96.89798, 17.29632], [-96.89831, 17.297], [-96.8988, 17.29737], [-96.89949, 17.29859], [-96.89933, 17.29914], [-96.89942, 17.29969], [-96.8985, 17.29876], [-96.89834, 17.29795], [-96.89751, 17.29773], [-96.89842, 17.30085], [-96.89755, 17.30183], [-96.89735, 17.30176], [-96.89753, 17.29947]]]}}, {"id": "1604140", "type": "Feature", "properties": {"id": "1604140", "CVEGEO": "2015000010081054", "POBTOT": 15.0, "score_nse": 0.0, "NSE": "ND", "VIVTOT": 7.0, "GRAPROES": 10.73, "_ent": "20", "_mun": "150", "_loc": "0001"}, "geometry": {"type": "Polygon", "coordinates": [[[-96.91022, 17.31069], [-96.90793, 17.31052], [-96.90786, 17.30984], [-96.90807, 17.30858], [-96.91016, 17.30881], [-96.91031, 17.30973], [-96.91022, 17.31069]]]}}, {"id": "1604141", "type": "Feature", "properties": {"id": "1604141", "CVEGEO": "2015000010081078", "POBTOT": 2.0, "score_nse": 0.0, "NSE": "ND", "VIVTOT": 3.0, "GRAPROES": 0.0, "_ent": "20", "_mun": "150", "_loc": "0001"}, "geometry": {"type": "Polygon", "coordinates": [[[-96.91009, 17.30872], [-96.90934, 17.3087], [-96.90926, 17.30865], [-96.90996, 17.3086], [-96.91009, 17.30872]]]}}, {"id": "1604142", "type": "Feature", "properties": {"id": "1604142", "CVEGEO": "2015000010109033", "POBTOT": 10.0, "score_nse": 0.0, "NSE": "ND", "VIVTOT": 3.0, "GRAPROES": 11.33, "_ent": "20", "_mun": "150", "_loc": "0001"}, "geometry": {"type": "Polygon", "coordinates": [[[-96.90298, 17.29235], [-96.90229, 17.29241], [-96.9023, 17.29193], [-96.90294, 17.29188], [-96.90298, 17.29235]]]}}, {"id": "1604143", "type": "Feature", "properties": {"id": "1604143", "CVEGEO": "2015000010096015", "POBTOT": 473.0, "score_nse": 0.0, "NSE": "ND", "VIVTOT": 136.0, "GRAPROES": 10.35, "_ent": "20", "_mun": "150", "_loc": "0001"}, "geometry": {"type": "Polygon", "coordinates": [[[-96.90672, 17.30074], [-96.90564, 17.30043], [-96.90563, 17.30011], [-96.90574, 17.30009], [-96.90563, 17.30008], [-96.90562, 17.29966], [-96.90573, 17.29966], [-96.90561, 17.29952], [-96.9058, 17.29951], [-96.90561, 17.2995], [-96.9056, 17.29888], [-96.90608, 17.2989], [-96.90607, 17.29925], [-96.90611, 17.29903], [-96.90627, 17.299], [-96.90611, 17.29887], [-96.90558, 17.29885], [-96.90573, 17.29876], [-96.90557, 17.29875], [-96.90556, 17.29851], [-96.90572, 17.29849], [-96.90557, 17.29848], [-96.90555, 17.29786], [-96.90656, 17.29787], [-96.90658, 17.29836], [-96.90628, 17.29835], [-96.90658, 17.29839], [-96.9067, 17.29999], [-96.90629, 17.29999], [-96.90669, 17.30002], [-96.90672, 17.30074]]]}}, {"id": "1604144", "type": "Feature", "properties": {"id": "1604144", "CVEGEO": "2015000010096028", "POBTOT": 94.0, "score_nse": 0.0, "NSE": "ND", "VIVTOT": 21.0, "GRAPROES": 9.16, "_ent": "20", "_mun": "150", "_loc": "0001"}, "geometry": {"type": "Polygon", "coordinates": [[[-96.90088, 17.30115], [-96.89971, 17.30196], [-96.89955, 17.30239], [-96.89901, 17.30293], [-96.89927, 17.3028], [-96.8989, 17.30341], [-96.89851, 17.30355], [-96.89847, 17.30296], [-96.89848, 17.30356], [-96.89825, 17.30366], [-96.89822, 17.30295], [-96.8982, 17.30368], [-96.89734, 17.30461], [-96.89733, 17.30538], [-96.89758, 17.30586], [-96.89724, 17.306], [-96.89701, 17.30571], [-96.8963, 17.30571], [-96.89621, 17.30541], [-96.89642, 17.30516], [-96.89668, 17.30506], [-96.89706, 17.30482], [-96.89645, 17.30509], [-96.89693, 17.30362], [-96.89729, 17.30358], [-96.89756, 17.30315], [-96.89746, 17.30266], [-96.89759, 17.30233], [-96.89964, 17.30095], [-96.90088, 17.30115]]]}}, {"id": "1604145", "type": "Feature", "properties": {"id": "1604145", "CVEGEO": "2015000010081077", "POBTOT": 9.0, "score_nse": 0.0, "NSE": "ND", "VIVTOT": 2.0, "GRAPROES": 0.0, "_ent": "20", "_mun": "150", "_loc": "0001"}, "geometry": {"type": "Polygon", "coordinates": [[[-96.90109, 17.31031], [-96.90019, 17.31055], [-96.90011, 17.31031], [-96.90103, 17.3094], [-96.90109, 17.31031]]]}}, {"id": "1604146", "type": "Feature", "properties": {"id": "1604146", "CVEGEO": "2015000010109037", "POBTOT": 71.0, "score_nse": 0.0, "NSE": "ND", "VIVTOT": 21.0, "GRAPROES": 11.02, "_ent": "20", "_mun": "150", "_loc": "0001"}, "geometry": {"type": "Polygon", "coordinates": [[[-96.90292, 17.29184], [-96.90231, 17.29188], [-96.90216, 17.29111], [-96.90225, 17.29189], [-96.90083, 17.2921], [-96.90073, 17.29146], [-96.90138, 17.28989], [-96.90209, 17.29026], [-96.90257, 17.29076], [-96.90292, 17.29184]]]}}, {"id": "1604147", "type": "Feature", "properties": {"id": "1604147", "CVEGEO": "2015000010081023", "POBTOT": 138.0, "score_nse": 0.0, "NSE": "ND", "VIVTOT": 46.0, "GRAPROES": 9.06, "_ent": "20", "_mun": "150", "_loc": "0001"}, "geometry": {"type": "Polygon", "coordinates": [[[-96.91043, 17.30158], [-96.91047, 17.30096], [-96.91036, 17.30056], [-96.91036, 17.30157], [-96.90992, 17.30147], [-96.90997, 17.30061], [-96.90986, 17.30145], [-96.90945, 17.30136], [-96.90953, 17.30003], [-96.90939, 17.30134], [-96.90926, 17.30132], [-96.90929, 17.30045], [-96.90921, 17.30132], [-96.90799, 17.30099], [-96.9083, 17.29975], [-96.90833, 17.29889], [-96.90935, 17.29821], [-96.90966, 17.29782], [-96.91034, 17.29855], [-96.90999, 17.29915], [-96.91052, 17.30018], [-96.91063, 17.30103], [-96.91043, 17.30158]]]}}, {"id": "1604148", "type": "Feature", "properties": {"id": "1604148", "CVEGEO": "2015000010081076", "POBTOT": 0.0, "score_nse": 0.0, "NSE": "ND", "VIVTOT": 0.0, "GRAPROES": 0.0, "_ent": "20", "_mun": "150", "_loc": "0001"}, "geometry": {"type": "Polygon", "coordinates": [[[-96.90091, 17.30769], [-96.90118, 17.30849], [-96.90103, 17.30912], [-96.9006, 17.30984], [-96.90001, 17.30786], [-96.90091, 17.30769]]]}}, {"id": "1604149", "type": "Feature", "properties": {"id": "1604149", "CVEGEO": "2015000010081050", "POBTOT": 4.0, "score_nse": 0.0, "NSE": "ND", "VIVTOT": 2.0, "GRAPROES": 0.0, "_ent": "20", "_mun": "150", "_loc": "0001"}, "geometry": {"type": "Polygon", "coordinates": [[[-96.90056, 17.30987], [-96.89966, 17.31039], [-96.89911, 17.30996], [-96.89923, 17.30915], [-96.89997, 17.3079], [-96.90056, 17.30987]]]}}, {"id": "1604150", "type": "Feature", "properties": {"id": "1604150", "CVEGEO": "2015000010096033", "POBTOT": 72.0, "score_nse": 0.0, "NSE": "ND", "VIVTOT": 20.0, "GRAPROES": 9.16, "_ent": "20", "_mun": "150", "_loc": "0001"}, "geometry": {"type": "Polygon", "coordinates": [[[-96.9046, 17.29745], [-96.90427, 17.29749], [-96.90459, 17.29753], [-96.90459, 17.29777], [-96.90395, 17.29773], [-96.90396, 17.29741], [-96.9046, 17.29745]]]}}, {"id": "1604151", "type": "Feature", "properties": {"id": "1604151", "CVEGEO": "2015000010109012", "POBTOT": 66.0, "score_nse": 55.999, "NSE": "C", "VIVTOT": 23.0, "GRAPROES": 11.19, "_ent": "20", "_mun": "150", "_loc": "0001"}, "geometry": {"type": "Polygon", "coordinates": [[[-96.90706, 17.29097], [-96.90681, 17.29187], [-96.90646, 17.2919], [-96.90639, 17.29169], [-96.90643, 17.29191], [-96.90534, 17.29205], [-96.90523, 17.29115], [-96.90668, 17.29099], [-96.9067, 17.29118], [-96.90672, 17.29097], [-96.90706, 17.29097]]]}}, {"id": "1604163", "type": "Feature", "properties": {"id": "1604163", "CVEGEO": "2015000010109038", "POBTOT": 8.0, "score_nse": 0.0, "NSE": "ND", "VIVTOT": 5.0, "GRAPROES": 0.0, "_ent": "20", "_mun": "150", "_loc": "0001"}, "geometry": {"type": "Polygon", "coordinates": [[[-96.90225, 17.29317], [-96.901, 17.2933], [-96.901, 17.29299], [-96.90224, 17.29301], [-96.90225, 17.29317]]]}}, {"id": "1604164", "type": "Feature", "properties": {"id": "1604164", "CVEGEO": "2015000010096039", "POBTOT": 7.0, "score_nse": 0.0, "NSE": "ND", "VIVTOT": 3.0, "GRAPROES": 0.0, "_ent": "20", "_mun": "150", "_loc": "0001"}, "geometry": {"type": "Polygon", "coordinates": [[[-96.9108, 17.29626], [-96.91027, 17.29654], [-96.91014, 17.29679], [-96.90986, 17.29678], [-96.91019, 17.29564], [-96.9108, 17.29626]]]}}, {"id": "1604165", "type": "Feature", "properties": {"id": "1604165", "CVEGEO": "2015000010096040", "POBTOT": 0.0, "score_nse": 0.0, "NSE": "ND", "VIVTOT": 0.0, "GRAPROES": 0.0, "_ent": "20", "_mun": "150", "_loc": "0001"}, "geometry": {"type": "Polygon", "coordinates": [[[-96.9081, 17.2948], [-96.90803, 17.29534], [-96.90781, 17.29524], [-96.9079, 17.29473], [-96.9081, 17.2948]]]}}, {"id": "1604166", "type": "Feature", "properties": {"id": "1604166", "CVEGEO": "2015000010077036", "POBTOT": 122.0, "score_nse": 0.0, "NSE": "ND", "VIVTOT": 36.0, "GRAPROES": 9.75, "_ent": "20", "_mun": "150", "_loc": "0001"}, "geometry": {"type": "Polygon", "coordinates": [[[-96.92122, 17.30344], [-96.92061, 17.3036], [-96.91986, 17.30338], [-96.91991, 17.30321], [-96.92061, 17.3034], [-96.9201, 17.30321], [-96.9199, 17.30318], [-96.91981, 17.30338], [-96.91932, 17.30328], [-96.91937, 17.30296], [-96.91929, 17.30328], [-96.91903, 17.30324], [-96.91858, 17.30307], [-96.91863, 17.30295], [-96.91915, 17.303], [-96.91856, 17.3029], [-96.91853, 17.30305], [-96.9177, 17.30268], [-96.91868, 17.30115], [-96.92122, 17.30344]]]}}, {"id": "1604167", "type": "Feature", "properties": {"id": "1604167", "CVEGEO": "2015000010077039", "POBTOT": 0.0, "score_nse": 0.0, "NSE": "ND", "VIVTOT": 0.0, "GRAPROES": 0.0, "_ent": "20", "_mun": "150", "_loc": "0001"}, "geometry": {"type": "Polygon", "coordinates": [[[-96.92235, 17.30452], [-96.92207, 17.30457], [-96.92068, 17.30363], [-96.92124, 17.30349], [-96.92225, 17.3039], [-96.92235, 17.30452]]]}}, {"id": "1604174", "type": "Feature", "properties": {"id": "1604174", "CVEGEO": "2015000010109031", "POBTOT": 0.0, "score_nse": 10.0, "NSE": "E", "VIVTOT": 1.0, "GRAPROES": 0.0, "_ent": "20", "_mun": "150", "_loc": "0001"}, "geometry": {"type": "Polygon", "coordinates": [[[-96.89956, 17.28937], [-96.90043, 17.28771], [-96.90066, 17.28906], [-96.90086, 17.28942], [-96.90009, 17.28967], [-96.89964, 17.2896], [-96.89956, 17.28937]]]}}, {"id": "1604175", "type": "Feature", "properties": {"id": "1604175", "CVEGEO": "2015000010109036", "POBTOT": 16.0, "score_nse": 0.0, "NSE": "ND", "VIVTOT": 6.0, "GRAPROES": 8.45, "_ent": "20", "_mun": "150", "_loc": "0001"}, "geometry": {"type": "Polygon", "coordinates": [[[-96.90017, 17.29059], [-96.90026, 17.29088], [-96.90011, 17.29118], [-96.89971, 17.29119], [-96.89975, 17.29051], [-96.90017, 17.29059]]]}}, {"id": "1604176", "type": "Feature", "properties": {"id": "1604176", "CVEGEO": "2015000010109034", "POBTOT": 23.0, "score_nse": 0.0, "NSE": "ND", "VIVTOT": 6.0, "GRAPROES": 10.33, "_ent": "20", "_mun": "150", "_loc": "0001"}, "geometry": {"type": "Polygon", "coordinates": [[[-96.90305, 17.29309], [-96.9023, 17.29314], [-96.9023, 17.29247], [-96.90298, 17.29242], [-96.90305, 17.29309]]]}}, {"id": "1604182", "type": "Feature", "properties": {"id": "1604182", "CVEGEO": "2015000010077040", "POBTOT": 28.0, "score_nse": 0.0, "NSE": "ND", "VIVTOT": 9.0, "GRAPROES": 11.8, "_ent": "20", "_mun": "150", "_loc": "0001"}, "geometry": {"type": "Polygon", "coordinates": [[[-96.91172, 17.28831], [-96.91156, 17.28809], [-96.91115, 17.28804], [-96.91102, 17.28736], [-96.91141, 17.28725], [-96.91172, 17.28831]]]}}, {"id": "1604185", "type": "Feature", "properties": {"id": "1604185", "CVEGEO": "2015000010096010", "POBTOT": 97.0, "score_nse": 48.9183, "NSE": "C-", "VIVTOT": 35.0, "GRAPROES": 10.21, "_ent": "20", "_mun": "150", "_loc": "0001"}, "geometry": {"type": "Polygon", "coordinates": [[[-96.91015, 17.29567], [-96.9097, 17.29727], [-96.90791, 17.2967], [-96.90815, 17.2948], [-96.91015, 17.29567]]]}}, {"id": "1604189", "type": "Feature", "properties": {"id": "1604189", "CVEGEO": "2015000010096037", "POBTOT": 45.0, "score_nse": 0.0, "NSE": "ND", "VIVTOT": 14.0, "GRAPROES": 9.21, "_ent": "20", "_mun": "150", "_loc": "0001"}, "geometry": {"type": "Polygon", "coordinates": [[[-96.9031, 17.29474], [-96.90273, 17.29594], [-96.90117, 17.29596], [-96.90123, 17.29477], [-96.90146, 17.29476], [-96.9015, 17.29544], [-96.9015, 17.29476], [-96.90164, 17.29531], [-96.90162, 17.29474], [-96.9031, 17.29474]]]}}, {"id": "1604190", "type": "Feature", "properties": {"id": "1604190", "CVEGEO": "2015000010096023", "POBTOT": 455.0, "score_nse": 49.9617, "NSE": "C-", "VIVTOT": 119.0, "GRAPROES": 9.23, "_ent": "20", "_mun": "150", "_loc": "0001"}, "geometry": {"type": "Polygon", "coordinates": [[[-96.90565, 17.30181], [-96.90517, 17.30184], [-96.90564, 17.30184], [-96.90556, 17.30218], [-96.90507, 17.30242], [-96.90489, 17.30223], [-96.90507, 17.30245], [-96.90519, 17.30238], [-96.90481, 17.30267], [-96.90419, 17.3026], [-96.9042, 17.30244], [-96.90474, 17.30246], [-96.90474, 17.30195], [-96.90459, 17.30155], [-96.90469, 17.30241], [-96.90307, 17.30232], [-96.90303, 17.30061], [-96.90336, 17.30062], [-96.90335, 17.30094], [-96.90339, 17.30063], [-96.90359, 17.30063], [-96.90361, 17.30108], [-96.90362, 17.30064], [-96.90559, 17.30074], [-96.90562, 17.30116], [-96.90504, 17.30119], [-96.90562, 17.30119], [-96.90564, 17.30141], [-96.90476, 17.3014], [-96.90565, 17.30145], [-96.90565, 17.30181]]]}}, {"id": "1604191", "type": "Feature", "properties": {"id": "1604191", "CVEGEO": "2015000010096019", "POBTOT": 160.0, "score_nse": 0.0, "NSE": "ND", "VIVTOT": 62.0, "GRAPROES": 10.11, "_ent": "20", "_mun": "150", "_loc": "0001"}, "geometry": {"type": "Polygon", "coordinates": [[[-96.90542, 17.29533], [-96.90397, 17.29542], [-96.90396, 17.29512], [-96.90394, 17.29543], [-96.90381, 17.29543], [-96.90378, 17.29471], [-96.90436, 17.29466], [-96.90441, 17.29489], [-96.90439, 17.29466], [-96.90517, 17.29459], [-96.90537, 17.29483], [-96.90542, 17.29533]]]}}, {"id": "1604192", "type": "Feature", "properties": {"id": "1604192", "CVEGEO": "2015000010096016", "POBTOT": 295.0, "score_nse": 55.5767, "NSE": "C", "VIVTOT": 83.0, "GRAPROES": 9.99, "_ent": "20", "_mun": "150", "_loc": "0001"}, "geometry": {"type": "Polygon", "coordinates": [[[-96.90554, 17.30037], [-96.90453, 17.2998], [-96.90453, 17.29962], [-96.9048, 17.29961], [-96.90454, 17.29958], [-96.90455, 17.29931], [-96.90449, 17.29976], [-96.90416, 17.29949], [-96.90416, 17.29903], [-96.90433, 17.29898], [-96.90413, 17.29898], [-96.90413, 17.29945], [-96.90388, 17.29923], [-96.90393, 17.29848], [-96.90453, 17.29846], [-96.90393, 17.29845], [-96.90393, 17.2983], [-96.90437, 17.29829], [-96.90393, 17.29827], [-96.90435, 17.2982], [-96.90393, 17.29815], [-96.90394, 17.2978], [-96.90547, 17.29786], [-96.90547, 17.29804], [-96.90508, 17.29807], [-96.90548, 17.29808], [-96.90548, 17.29823], [-96.90497, 17.29825], [-96.90549, 17.29826], [-96.90554, 17.30037]]]}}, {"id": "1604193", "type": "Feature", "properties": {"id": "1604193", "CVEGEO": "2015000010096006", "POBTOT": 236.0, "score_nse": 0.0, "NSE": "ND", "VIVTOT": 69.0, "GRAPROES": 11.07, "_ent": "20", "_mun": "150", "_loc": "0001"}, "geometry": {"type": "Polygon", "coordinates": [[[-96.90792, 17.29681], [-96.90785, 17.29783], [-96.90733, 17.29782], [-96.90744, 17.29753], [-96.90733, 17.29752], [-96.90731, 17.29782], [-96.90665, 17.29782], [-96.90662, 17.29715], [-96.90724, 17.29715], [-96.90662, 17.29712], [-96.90657, 17.29655], [-96.90792, 17.29681]]]}}, {"id": "1604194", "type": "Feature", "properties": {"id": "1604194", "CVEGEO": "2015000010096002", "POBTOT": 233.0, "score_nse": 56.52, "NSE": "C", "VIVTOT": 60.0, "GRAPROES": 10.44, "_ent": "20", "_mun": "150", "_loc": "0001"}, "geometry": {"type": "Polygon", "coordinates": [[[-96.90547, 17.29779], [-96.90463, 17.29777], [-96.90464, 17.29739], [-96.90396, 17.29738], [-96.90406, 17.2967], [-96.90448, 17.29676], [-96.90406, 17.29667], [-96.90429, 17.29621], [-96.90475, 17.29628], [-96.90469, 17.297], [-96.90483, 17.29697], [-96.90479, 17.29628], [-96.90545, 17.29641], [-96.90547, 17.29779]]]}}, {"id": "1604195", "type": "Feature", "properties": {"id": "1604195", "CVEGEO": "2015000010081071", "POBTOT": 4.0, "score_nse": 0.0, "NSE": "ND", "VIVTOT": 9.0, "GRAPROES": 0.0, "_ent": "20", "_mun": "150", "_loc": "0001"}, "geometry": {"type": "Polygon", "coordinates": [[[-96.91449, 17.3058], [-96.914, 17.30581], [-96.91382, 17.30646], [-96.91399, 17.30727], [-96.91361, 17.30738], [-96.91373, 17.30824], [-96.91353, 17.30948], [-96.91307, 17.30986], [-96.91229, 17.30955], [-96.91185, 17.3081], [-96.91189, 17.30732], [-96.91201, 17.30709], [-96.91319, 17.30701], [-96.91203, 17.30705], [-96.91234, 17.30656], [-96.91288, 17.30657], [-96.91236, 17.30652], [-96.91245, 17.30575], [-96.91274, 17.30537], [-96.91417, 17.30538], [-96.91449, 17.3058]]]}}, {"id": "1604196", "type": "Feature", "properties": {"id": "1604196", "CVEGEO": "2015000010081051", "POBTOT": 11.0, "score_nse": 0.0, "NSE": "ND", "VIVTOT": 4.0, "GRAPROES": 11.78, "_ent": "20", "_mun": "150", "_loc": "0001"}, "geometry": {"type": "Polygon", "coordinates": [[[-96.91214, 17.30337], [-96.91117, 17.30333], [-96.91117, 17.30321], [-96.91006, 17.3031], [-96.91209, 17.30316], [-96.91214, 17.30337]]]}}, {"id": "1604197", "type": "Feature", "properties": {"id": "1604197", "CVEGEO": "2015000010081022", "POBTOT": 50.0, "score_nse": 53.2547, "NSE": "C-", "VIVTOT": 18.0, "GRAPROES": 9.46, "_ent": "20", "_mun": "150", "_loc": "0001"}, "geometry": {"type": "Polygon", "coordinates": [[[-96.90123, 17.30458], [-96.90104, 17.30511], [-96.90051, 17.30573], [-96.90042, 17.30631], [-96.89988, 17.30621], [-96.9003, 17.30633], [-96.9002, 17.30644], [-96.90019, 17.30665], [-96.90042, 17.30635], [-96.90088, 17.30764], [-96.89988, 17.3079], [-96.89939, 17.30879], [-96.89903, 17.30864], [-96.89872, 17.30826], [-96.89892, 17.3077], [-96.89837, 17.30707], [-96.89855, 17.30603], [-96.89954, 17.30602], [-96.89856, 17.30599], [-96.89864, 17.30555], [-96.89989, 17.30559], [-96.89863, 17.30551], [-96.89903, 17.304], [-96.89971, 17.30408], [-96.89904, 17.30395], [-96.89907, 17.30361], [-96.89984, 17.30368], [-96.89906, 17.30358], [-96.89907, 17.30341], [-96.8992, 17.30304], [-96.89938, 17.3031], [-96.8994, 17.30329], [-96.89941, 17.30308], [-96.89923, 17.303], [-96.89931, 17.30287], [-96.89952, 17.30292], [-96.89935, 17.30269], [-96.89992, 17.30186], [-96.90005, 17.30215], [-96.89995, 17.30346], [-96.90059, 17.30425], [-96.90095, 17.30447], [-96.90097, 17.30476], [-96.90123, 17.30458]]]}}, {"id": "1604198", "type": "Feature", "properties": {"id": "1604198", "CVEGEO": "2015000010081068", "POBTOT": 7.0, "score_nse": 0.0, "NSE": "ND", "VIVTOT": 6.0, "GRAPROES": 0.0, "_ent": "20", "_mun": "150", "_loc": "0001"}, "geometry": {"type": "Polygon", "coordinates": [[[-96.9111, 17.30374], [-96.91031, 17.30373], [-96.90974, 17.30369], [-96.9101, 17.30321], [-96.91075, 17.30323], [-96.91111, 17.30324], [-96.9111, 17.30374]]]}}, {"id": "1604199", "type": "Feature", "properties": {"id": "1604199", "CVEGEO": "2015000010081005", "POBTOT": 296.0, "score_nse": 46.5105, "NSE": "C-", "VIVTOT": 78.0, "GRAPROES": 9.37, "_ent": "20", "_mun": "150", "_loc": "0001"}, "geometry": {"type": "Polygon", "coordinates": [[[-96.90649, 17.30214], [-96.90553, 17.3029], [-96.90541, 17.30353], [-96.90521, 17.30312], [-96.9052, 17.30338], [-96.90559, 17.30386], [-96.90564, 17.30428], [-96.90537, 17.30479], [-96.90496, 17.30489], [-96.90483, 17.30471], [-96.90492, 17.30417], [-96.90477, 17.30402], [-96.90496, 17.30376], [-96.90473, 17.304], [-96.9043, 17.30366], [-96.9036, 17.30363], [-96.90337, 17.30311], [-96.9045, 17.30317], [-96.9034, 17.30308], [-96.90314, 17.30287], [-96.90306, 17.30237], [-96.90416, 17.30243], [-96.90416, 17.3026], [-96.90383, 17.3026], [-96.9048, 17.30271], [-96.90473, 17.30296], [-96.90525, 17.30238], [-96.90545, 17.30227], [-96.9055, 17.30252], [-96.90548, 17.30226], [-96.90571, 17.30232], [-96.90632, 17.30176], [-96.90649, 17.30214]]]}}, {"id": "1604200", "type": "Feature", "properties": {"id": "1604200", "CVEGEO": "2015000010081003", "POBTOT": 106.0, "score_nse": 39.249, "NSE": "D+", "VIVTOT": 41.0, "GRAPROES": 8.63, "_ent": "20", "_mun": "150", "_loc": "0001"}, "geometry": {"type": "Polygon", "coordinates": [[[-96.90819, 17.3063], [-96.90802, 17.30834], [-96.90711, 17.30834], [-96.90707, 17.30816], [-96.90728, 17.30805], [-96.90701, 17.30813], [-96.90674, 17.30787], [-96.9064, 17.30716], [-96.90658, 17.30609], [-96.9073, 17.30493], [-96.90749, 17.30428], [-96.90747, 17.30348], [-96.90722, 17.3029], [-96.90734, 17.30164], [-96.90807, 17.30337], [-96.90824, 17.30493], [-96.9082, 17.30584], [-96.90772, 17.30587], [-96.9082, 17.30587], [-96.90819, 17.30625], [-96.90745, 17.30627], [-96.90819, 17.3063]]]}}, {"id": "1604201", "type": "Feature", "properties": {"id": "1604201", "CVEGEO": "2015000010081080", "POBTOT": 0.0, "score_nse": 0.0, "NSE": "ND", "VIVTOT": 0.0, "GRAPROES": 0.0, "_ent": "20", "_mun": "150", "_loc": "0001"}, "geometry": {"type": "Polygon", "coordinates": [[[-96.91575, 17.31453], [-96.91561, 17.31508], [-96.91513, 17.31518], [-96.91479, 17.31466], [-96.91448, 17.31457], [-96.9144, 17.31447], [-96.91556, 17.314], [-96.91575, 17.31453]]]}}, {"id": "1604202", "type": "Feature", "properties": {"id": "1604202", "CVEGEO": "2015000010081079", "POBTOT": 34.0, "score_nse": 0.0, "NSE": "ND", "VIVTOT": 12.0, "GRAPROES": 8.72, "_ent": "20", "_mun": "150", "_loc": "0001"}, "geometry": {"type": "Polygon", "coordinates": [[[-96.90528, 17.30485], [-96.90482, 17.30715], [-96.90462, 17.30728], [-96.9042, 17.30721], [-96.9039, 17.30741], [-96.90324, 17.30554], [-96.90303, 17.30402], [-96.90256, 17.30388], [-96.90256, 17.30368], [-96.90313, 17.30291], [-96.90326, 17.30295], [-96.90398, 17.3046], [-96.90403, 17.30527], [-96.90375, 17.30529], [-96.90336, 17.3048], [-96.90372, 17.30532], [-96.90401, 17.30532], [-96.90405, 17.30567], [-96.90421, 17.30599], [-96.90419, 17.30612], [-96.90375, 17.30579], [-96.9041, 17.30615], [-96.90421, 17.30614], [-96.90424, 17.306], [-96.90408, 17.30567], [-96.90404, 17.30457], [-96.90365, 17.3037], [-96.90437, 17.30376], [-96.90488, 17.30418], [-96.90487, 17.30491], [-96.90528, 17.30485]]]}}, {"id": "1604203", "type": "Feature", "properties": {"id": "1604203", "CVEGEO": "2015000010077041", "POBTOT": 78.0, "score_nse": 36.8743, "NSE": "D+", "VIVTOT": 24.0, "GRAPROES": 8.45, "_ent": "20", "_mun": "150", "_loc": "0001"}, "geometry": {"type": "Polygon", "coordinates": [[[-96.92842, 17.30401], [-96.92679, 17.30419], [-96.92575, 17.30387], [-96.92626, 17.30317], [-96.92539, 17.30338], [-96.92565, 17.30327], [-96.92593, 17.30285], [-96.9254, 17.30305], [-96.92503, 17.30283], [-96.92497, 17.30262], [-96.92654, 17.30221], [-96.92752, 17.30232], [-96.9281, 17.30191], [-96.92825, 17.30272], [-96.92815, 17.30358], [-96.92842, 17.30401]]]}}, {"id": "1604204", "type": "Feature", "properties": {"id": "1604204", "CVEGEO": "2015000010077004", "POBTOT": 222.0, "score_nse": 50.412, "NSE": "C-", "VIVTOT": 75.0, "GRAPROES": 9.75, "_ent": "20", "_mun": "150", "_loc": "0001"}, "geometry": {"type": "Polygon", "coordinates": [[[-96.91836, 17.30042], [-96.91862, 17.30109], [-96.91828, 17.3016], [-96.91794, 17.3014], [-96.91753, 17.30208], [-96.91751, 17.30258], [-96.91603, 17.3019], [-96.91613, 17.30083], [-96.91599, 17.30187], [-96.91497, 17.30141], [-96.91504, 17.30062], [-96.91493, 17.30138], [-96.91437, 17.30114], [-96.91441, 17.30064], [-96.91434, 17.30111], [-96.91196, 17.30005], [-96.9115, 17.29901], [-96.91185, 17.29897], [-96.91148, 17.29897], [-96.91099, 17.29771], [-96.91242, 17.29821], [-96.91264, 17.29847], [-96.91272, 17.299], [-96.91292, 17.29916], [-96.91516, 17.29948], [-96.91511, 17.30012], [-96.9153, 17.30038], [-96.9159, 17.30036], [-96.91651, 17.30009], [-96.9181, 17.30019], [-96.91836, 17.30042]]]}}, {"id": "1604205", "type": "Feature", "properties": {"id": "1604205", "CVEGEO": "2015000010077027", "POBTOT": 258.0, "score_nse": 38.765, "NSE": "D+", "VIVTOT": 80.0, "GRAPROES": 8.89, "_ent": "20", "_mun": "150", "_loc": "0001"}, "geometry": {"type": "Polygon", "coordinates": [[[-96.9139, 17.29154], [-96.912, 17.29197], [-96.90956, 17.29193], [-96.90951, 17.29133], [-96.90953, 17.29193], [-96.90887, 17.29187], [-96.90886, 17.29141], [-96.90884, 17.29187], [-96.90735, 17.29183], [-96.90759, 17.29004], [-96.90843, 17.28988], [-96.90905, 17.28952], [-96.91054, 17.28942], [-96.91093, 17.28995], [-96.90969, 17.29009], [-96.91094, 17.28999], [-96.91104, 17.29028], [-96.91158, 17.29081], [-96.90996, 17.29106], [-96.91173, 17.29085], [-96.91208, 17.29093], [-96.91203, 17.29115], [-96.91086, 17.29139], [-96.91203, 17.29121], [-96.9121, 17.29086], [-96.91286, 17.29111], [-96.91327, 17.29113], [-96.91236, 17.29083], [-96.91162, 17.29077], [-96.91105, 17.29023], [-96.91092, 17.28974], [-96.91048, 17.28936], [-96.91148, 17.2891], [-96.91194, 17.28917], [-96.91268, 17.28972], [-96.91507, 17.29056], [-96.91501, 17.29146], [-96.9139, 17.29154]]]}}, {"id": "1604206", "type": "Feature", "properties": {"id": "1604206", "CVEGEO": "2015000010077042", "POBTOT": 0.0, "score_nse": 0.0, "NSE": null, "VIVTOT": 0.0, "GRAPROES": 0.0, "_ent": "20", "_mun": "150", "_loc": "0001"}, "geometry": {"type": "Polygon", "coordinates": [[[-96.91036, 17.28889], [-96.9103, 17.28847], [-96.91045, 17.28833], [-96.91098, 17.28806], [-96.91146, 17.28814], [-96.91186, 17.28852], [-96.91339, 17.28905], [-96.91345, 17.28939], [-96.91393, 17.29007], [-96.91271, 17.28969], [-96.91186, 17.28908], [-96.91107, 17.28906], [-96.91088, 17.28874], [-96.91036, 17.28889]]]}}, {"id": "1604207", "type": "Feature", "properties": {"id": "1604207", "CVEGEO": "2015000010077043", "POBTOT": 0.0, "score_nse": 0.0, "NSE": null, "VIVTOT": 0.0, "GRAPROES": 0.0, "_ent": "20", "_mun": "150", "_loc": "0001"}, "geometry": {"type": "Polygon", "coordinates": [[[-96.91826, 17.30163], [-96.91767, 17.30266], [-96.91757, 17.30261], [-96.91777, 17.3018], [-96.91806, 17.30194], [-96.9178, 17.30176], [-96.91798, 17.30143], [-96.91826, 17.30163]]]}}, {"id": "1604208", "type": "Feature", "properties": {"id": "1604208", "CVEGEO": "2015000010081010", "POBTOT": 69.0, "score_nse": 0.0, "NSE": "ND", "VIVTOT": 19.0, "GRAPROES": 7.9, "_ent": "20", "_mun": "150", "_loc": "0001"}, "geometry": {"type": "Polygon", "coordinates": [[[-96.90647, 17.30761], [-96.90696, 17.30836], [-96.90677, 17.30891], [-96.90621, 17.30922], [-96.90559, 17.30988], [-96.90532, 17.30997], [-96.90494, 17.30963], [-96.90528, 17.31], [-96.90515, 17.31016], [-96.90564, 17.30993], [-96.90606, 17.30954], [-96.90552, 17.31104], [-96.90526, 17.31099], [-96.90518, 17.3106], [-96.9052, 17.31099], [-96.90508, 17.31103], [-96.90506, 17.31116], [-96.90523, 17.31103], [-96.90587, 17.31126], [-96.90565, 17.31164], [-96.90513, 17.31156], [-96.9049, 17.31185], [-96.90484, 17.31208], [-96.90514, 17.31256], [-96.9052, 17.31317], [-96.9049, 17.31375], [-96.90471, 17.31382], [-96.90456, 17.31278], [-96.90416, 17.31252], [-96.90378, 17.31171], [-96.90395, 17.31117], [-96.90417, 17.31134], [-96.90446, 17.31117], [-96.90416, 17.31129], [-96.90396, 17.31113], [-96.90382, 17.31038], [-96.90402, 17.30995], [-96.90432, 17.31039], [-96.90405, 17.30989], [-96.90405, 17.30838], [-96.90422, 17.30799], [-96.90457, 17.30775], [-96.90463, 17.30829], [-96.90469, 17.30734], [-96.90534, 17.30778], [-96.90613, 17.30781], [-96.90647, 17.30761]]]}}, {"id": "1604209", "type": "Feature", "properties": {"id": "1604209", "CVEGEO": "2015000010081048", "POBTOT": 41.0, "score_nse": 68.5413, "NSE": "C", "VIVTOT": 15.0, "GRAPROES": 13.85, "_ent": "20", "_mun": "150", "_loc": "0001"}, "geometry": {"type": "Polygon", "coordinates": [[[-96.90811, 17.30801], [-96.9083, 17.30529], [-96.90989, 17.30531], [-96.90954, 17.30602], [-96.90934, 17.30752], [-96.9097, 17.30801], [-96.90811, 17.30801]]]}}, {"id": "1604210", "type": "Feature", "properties": {"id": "1604210", "CVEGEO": "2015000010081081", "POBTOT": 0.0, "score_nse": 0.0, "NSE": null, "VIVTOT": 0.0, "GRAPROES": 0.0, "_ent": "20", "_mun": "150", "_loc": "0001"}, "geometry": {"type": "Polygon", "coordinates": [[[-96.90575, 17.31041], [-96.90602, 17.31086], [-96.9059, 17.31124], [-96.90559, 17.31107], [-96.90575, 17.31041]]]}}, {"id": "1604211", "type": "Feature", "properties": {"id": "1604211", "CVEGEO": "2015000010081082", "POBTOT": 0.0, "score_nse": 0.0, "NSE": null, "VIVTOT": 0.0, "GRAPROES": 0.0, "_ent": "20", "_mun": "150", "_loc": "0001"}, "geometry": {"type": "Polygon", "coordinates": [[[-96.90985, 17.30852], [-96.90807, 17.30852], [-96.90809, 17.30826], [-96.90937, 17.30827], [-96.9081, 17.30822], [-96.90811, 17.30805], [-96.90971, 17.30805], [-96.90985, 17.30852]]]}}, {"id": "1604212", "type": "Feature", "properties": {"id": "1604212", "CVEGEO": "2015000010081083", "POBTOT": 0.0, "score_nse": 0.0, "NSE": null, "VIVTOT": 0.0, "GRAPROES": 0.0, "_ent": "20", "_mun": "150", "_loc": "0001"}, "geometry": {"type": "Polygon", "coordinates": [[[-96.90371, 17.31441], [-96.90339, 17.31459], [-96.90163, 17.31482], [-96.90258, 17.31422], [-96.90269, 17.3137], [-96.9034, 17.31265], [-96.90327, 17.31191], [-96.90372, 17.31179], [-96.90409, 17.31252], [-96.90448, 17.31279], [-96.90455, 17.31313], [-96.9042, 17.31378], [-96.90421, 17.31336], [-96.90415, 17.31328], [-96.90415, 17.31383], [-96.90382, 17.31408], [-96.90371, 17.31441]]]}}, {"id": "1604213", "type": "Feature", "properties": {"id": "1604213", "CVEGEO": "2015000010096041", "POBTOT": 0.0, "score_nse": 0.0, "NSE": null, "VIVTOT": 0.0, "GRAPROES": 0.0, "_ent": "20", "_mun": "150", "_loc": "0001"}, "geometry": {"type": "Polygon", "coordinates": [[[-96.89529, 17.30318], [-96.89608, 17.3027], [-96.89659, 17.3033], [-96.89614, 17.30393], [-96.89613, 17.30444], [-96.89581, 17.30442], [-96.89544, 17.30387], [-96.895, 17.3037], [-96.89529, 17.30318]]]}}, {"id": "1604214", "type": "Feature", "properties": {"id": "1604214", "CVEGEO": "2015000010077008", "POBTOT": 178.0, "score_nse": 0.0, "NSE": "ND", "VIVTOT": 57.0, "GRAPROES": 7.89, "_ent": "20", "_mun": "150", "_loc": "0001"}, "geometry": {"type": "Polygon", "coordinates": [[[-96.92081, 17.30165], [-96.91963, 17.30189], [-96.91899, 17.30134], [-96.91839, 17.3002], [-96.91814, 17.30002], [-96.91642, 17.29996], [-96.91577, 17.30029], [-96.91534, 17.3003], [-96.9152, 17.3001], [-96.9152, 17.29945], [-96.91435, 17.2992], [-96.91293, 17.2991], [-96.91282, 17.299], [-96.913, 17.29865], [-96.91293, 17.29837], [-96.91175, 17.29751], [-96.91329, 17.29797], [-96.91323, 17.29808], [-96.91334, 17.29826], [-96.91331, 17.29797], [-96.91361, 17.298], [-96.91365, 17.29824], [-96.91365, 17.298], [-96.91403, 17.29803], [-96.91399, 17.29818], [-96.91408, 17.29802], [-96.91383, 17.29794], [-96.91414, 17.29788], [-96.91434, 17.29842], [-96.91415, 17.29851], [-96.9141, 17.29863], [-96.91436, 17.29845], [-96.9145, 17.2986], [-96.91487, 17.29857], [-96.91446, 17.29853], [-96.91419, 17.29788], [-96.91473, 17.29802], [-96.9148, 17.29839], [-96.91507, 17.29844], [-96.91482, 17.29836], [-96.91478, 17.29804], [-96.91533, 17.29786], [-96.9161, 17.29796], [-96.9168, 17.29883], [-96.91652, 17.29926], [-96.91685, 17.29882], [-96.91668, 17.29863], [-96.91684, 17.29863], [-96.91709, 17.29835], [-96.91675, 17.29859], [-96.91609, 17.2979], [-96.91536, 17.2978], [-96.91559, 17.29744], [-96.91734, 17.29747], [-96.91795, 17.29857], [-96.92081, 17.30165]]]}}, {"id": "1604215", "type": "Feature", "properties": {"id": "1604215", "CVEGEO": "2015000010077016", "POBTOT": 198.0, "score_nse": 54.2051, "NSE": "C-", "VIVTOT": 63.0, "GRAPROES": 9.95, "_ent": "20", "_mun": "150", "_loc": "0001"}, "geometry": {"type": "Polygon", "coordinates": [[[-96.914, 17.30264], [-96.91381, 17.30253], [-96.91383, 17.30216], [-96.91378, 17.30252], [-96.91324, 17.30226], [-96.91326, 17.30175], [-96.91322, 17.30225], [-96.91262, 17.30209], [-96.91272, 17.30166], [-96.91259, 17.30208], [-96.9124, 17.30203], [-96.91242, 17.30177], [-96.91238, 17.30203], [-96.91199, 17.30192], [-96.9122, 17.3014], [-96.91181, 17.30107], [-96.9114, 17.3002], [-96.91119, 17.30003], [-96.91059, 17.30013], [-96.91045, 17.29967], [-96.91009, 17.29931], [-96.91005, 17.29906], [-96.91028, 17.29871], [-96.91041, 17.2986], [-96.9118, 17.30008], [-96.91277, 17.30062], [-96.91278, 17.30117], [-96.91281, 17.30064], [-96.91344, 17.3009], [-96.91344, 17.3014], [-96.91348, 17.30092], [-96.91365, 17.30099], [-96.91365, 17.30157], [-96.91368, 17.30101], [-96.91403, 17.30116], [-96.914, 17.30264]]]}}, {"id": "1604216", "type": "Feature", "properties": {"id": "1604216", "CVEGEO": "2015000010077019", "POBTOT": 177.0, "score_nse": 39.132, "NSE": "D+", "VIVTOT": 50.0, "GRAPROES": 8.3, "_ent": "20", "_mun": "150", "_loc": "0001"}, "geometry": {"type": "Polygon", "coordinates": [[[-96.91725, 17.29741], [-96.91584, 17.29744], [-96.91289, 17.29651], [-96.91258, 17.29514], [-96.91282, 17.2965], [-96.91154, 17.29628], [-96.91085, 17.29569], [-96.90934, 17.29499], [-96.90983, 17.29441], [-96.9102, 17.29449], [-96.91115, 17.29512], [-96.91158, 17.29502], [-96.91158, 17.29525], [-96.91163, 17.29541], [-96.9115, 17.29567], [-96.9114, 17.29601], [-96.9114, 17.2961], [-96.91147, 17.29616], [-96.91158, 17.29606], [-96.91169, 17.2957], [-96.91215, 17.29508], [-96.91169, 17.29565], [-96.91147, 17.29613], [-96.91166, 17.29544], [-96.91161, 17.29498], [-96.91171, 17.29483], [-96.91295, 17.29437], [-96.91462, 17.29528], [-96.91513, 17.29578], [-96.9145, 17.29578], [-96.91388, 17.29535], [-96.91348, 17.29522], [-96.91444, 17.29579], [-96.91408, 17.29576], [-96.91393, 17.29591], [-96.91367, 17.29578], [-96.9139, 17.29593], [-96.91414, 17.29578], [-96.91514, 17.29584], [-96.9151, 17.29564], [-96.91471, 17.29531], [-96.91621, 17.29563], [-96.91725, 17.29741]]]}}, {"id": "1604217", "type": "Feature", "properties": {"id": "1604217", "CVEGEO": "2015000010077044", "POBTOT": 0.0, "score_nse": 0.0, "NSE": null, "VIVTOT": 0.0, "GRAPROES": 0.0, "_ent": "20", "_mun": "150", "_loc": "0001"}, "geometry": {"type": "Polygon", "coordinates": [[[-96.90978, 17.2944], [-96.90931, 17.29497], [-96.9078, 17.29442], [-96.9078, 17.29344], [-96.90775, 17.29439], [-96.9074, 17.2941], [-96.90697, 17.29318], [-96.90698, 17.29226], [-96.90714, 17.29185], [-96.90827, 17.29195], [-96.90842, 17.29386], [-96.90904, 17.29431], [-96.90978, 17.2944]]]}}, {"id": "1604218", "type": "Feature", "properties": {"id": "1604218", "CVEGEO": "2015000010081009", "POBTOT": 136.0, "score_nse": 0.0, "NSE": "ND", "VIVTOT": 39.0, "GRAPROES": 8.76, "_ent": "20", "_mun": "150", "_loc": "0001"}, "geometry": {"type": "Polygon", "coordinates": [[[-96.91625, 17.31057], [-96.91554, 17.31036], [-96.91464, 17.31045], [-96.91501, 17.31049], [-96.91521, 17.31136], [-96.91532, 17.31228], [-96.91495, 17.31253], [-96.91468, 17.31194], [-96.91337, 17.31084], [-96.91321, 17.31033], [-96.9128, 17.30984], [-96.91413, 17.30994], [-96.91331, 17.30975], [-96.91357, 17.3095], [-96.91378, 17.30824], [-96.91367, 17.3074], [-96.91403, 17.30729], [-96.91387, 17.30649], [-96.91405, 17.30585], [-96.91452, 17.30585], [-96.91533, 17.30786], [-96.91489, 17.30814], [-96.91534, 17.3079], [-96.91547, 17.30837], [-96.91539, 17.30852], [-96.91408, 17.30866], [-96.91387, 17.3088], [-96.91553, 17.3086], [-96.91603, 17.30972], [-96.91543, 17.30972], [-96.91501, 17.30985], [-96.91606, 17.3098], [-96.91625, 17.31057]]]}}, {"id": "1604219", "type": "Feature", "properties": {"id": "1604219", "CVEGEO": "2015000010081016", "POBTOT": 93.0, "score_nse": 0.0, "NSE": "ND", "VIVTOT": 31.0, "GRAPROES": 9.76, "_ent": "20", "_mun": "150", "_loc": "0001"}, "geometry": {"type": "Polygon", "coordinates": [[[-96.91266, 17.30504], [-96.91225, 17.30502], [-96.91266, 17.30508], [-96.91265, 17.3053], [-96.91002, 17.30524], [-96.91029, 17.30463], [-96.9099, 17.30416], [-96.91087, 17.30416], [-96.91069, 17.30415], [-96.91067, 17.3038], [-96.91065, 17.30415], [-96.90989, 17.30412], [-96.90973, 17.30374], [-96.9111, 17.3038], [-96.91109, 17.30399], [-96.91263, 17.30405], [-96.91264, 17.30427], [-96.91159, 17.30423], [-96.91264, 17.30438], [-96.91158, 17.30432], [-96.91263, 17.30441], [-96.91264, 17.30461], [-96.9114, 17.30456], [-96.91263, 17.30466], [-96.91266, 17.30504]]]}}, {"id": "1604220", "type": "Feature", "properties": {"id": "1604220", "CVEGEO": "2015000010081037", "POBTOT": 2.0, "score_nse": 0.0, "NSE": "ND", "VIVTOT": 2.0, "GRAPROES": 0.0, "_ent": "20", "_mun": "150", "_loc": "0001"}, "geometry": {"type": "Polygon", "coordinates": [[[-96.9074, 17.315], [-96.90531, 17.31509], [-96.90501, 17.31536], [-96.90436, 17.31535], [-96.90425, 17.31506], [-96.90478, 17.31461], [-96.90548, 17.3145], [-96.90605, 17.31398], [-96.90628, 17.31311], [-96.90626, 17.31293], [-96.90538, 17.31258], [-96.90493, 17.31209], [-96.90512, 17.31165], [-96.90563, 17.31177], [-96.90601, 17.31125], [-96.90643, 17.31172], [-96.90666, 17.31247], [-96.90692, 17.31263], [-96.90717, 17.31319], [-96.9074, 17.315]]]}}, {"id": "1604221", "type": "Feature", "properties": {"id": "1604221", "CVEGEO": "2015000010081043", "POBTOT": 0.0, "score_nse": 10.0, "NSE": "E", "VIVTOT": 1.0, "GRAPROES": 0.0, "_ent": "20", "_mun": "150", "_loc": "0001"}, "geometry": {"type": "Polygon", "coordinates": [[[-96.90765, 17.31155], [-96.90765, 17.31191], [-96.90723, 17.31261], [-96.90718, 17.313], [-96.90697, 17.31258], [-96.90671, 17.31244], [-96.90655, 17.31173], [-96.90606, 17.31118], [-96.90607, 17.3108], [-96.90579, 17.31033], [-96.90629, 17.30924], [-96.9068, 17.30898], [-96.90763, 17.31028], [-96.90776, 17.31078], [-96.90764, 17.31142], [-96.90685, 17.31136], [-96.90765, 17.31155]]]}}, {"id": "1604222", "type": "Feature", "properties": {"id": "1604222", "CVEGEO": "2015000010081058", "POBTOT": 8.0, "score_nse": 0.0, "NSE": "ND", "VIVTOT": 3.0, "GRAPROES": 0.0, "_ent": "20", "_mun": "150", "_loc": "0001"}, "geometry": {"type": "Polygon", "coordinates": [[[-96.9154, 17.31403], [-96.91443, 17.31443], [-96.91427, 17.31299], [-96.91435, 17.3143], [-96.91356, 17.31401], [-96.91347, 17.31338], [-96.91376, 17.31236], [-96.91339, 17.31173], [-96.91333, 17.3109], [-96.91461, 17.31197], [-96.9149, 17.31257], [-96.91478, 17.31271], [-96.9154, 17.31403]]]}}, {"id": "1604223", "type": "Feature", "properties": {"id": "1604223", "CVEGEO": "2015000010081084", "POBTOT": 0.0, "score_nse": 0.0, "NSE": null, "VIVTOT": 0.0, "GRAPROES": 0.0, "_ent": "20", "_mun": "150", "_loc": "0001"}, "geometry": {"type": "Polygon", "coordinates": [[[-96.90423, 17.31501], [-96.90417, 17.31468], [-96.90458, 17.31385], [-96.90486, 17.31386], [-96.90522, 17.31336], [-96.90521, 17.31261], [-96.90614, 17.31297], [-96.90595, 17.31395], [-96.90545, 17.31443], [-96.90475, 17.31457], [-96.90423, 17.31501]]]}}, {"id": "1604224", "type": "Feature", "properties": {"id": "1604224", "CVEGEO": "2015000010109013", "POBTOT": 96.0, "score_nse": 0.0, "NSE": "ND", "VIVTOT": 35.0, "GRAPROES": 9.99, "_ent": "20", "_mun": "150", "_loc": "0001"}, "geometry": {"type": "Polygon", "coordinates": [[[-96.9068, 17.29192], [-96.90666, 17.29262], [-96.90619, 17.29266], [-96.90665, 17.29265], [-96.90663, 17.29288], [-96.90546, 17.29299], [-96.90534, 17.2921], [-96.9068, 17.29192]]]}}, {"id": "1604225", "type": "Feature", "properties": {"id": "1604225", "CVEGEO": "2015000010109015", "POBTOT": 18.0, "score_nse": 0.0, "NSE": "ND", "VIVTOT": 2.0, "GRAPROES": 0.0, "_ent": "20", "_mun": "150", "_loc": "0001"}, "geometry": {"type": "Polygon", "coordinates": [[[-96.90224, 17.29278], [-96.90163, 17.29281], [-96.90222, 17.29283], [-96.90223, 17.29297], [-96.90099, 17.29296], [-96.90083, 17.29238], [-96.90108, 17.2926], [-96.90223, 17.29249], [-96.90224, 17.29278]]]}}, {"id": "1604226", "type": "Feature", "properties": {"id": "1604226", "CVEGEO": "2015000010109032", "POBTOT": 18.0, "score_nse": 0.0, "NSE": "ND", "VIVTOT": 5.0, "GRAPROES": 8.92, "_ent": "20", "_mun": "150", "_loc": "0001"}, "geometry": {"type": "Polygon", "coordinates": [[[-96.90223, 17.29242], [-96.90162, 17.29249], [-96.90156, 17.29203], [-96.90223, 17.29194], [-96.90223, 17.29242]]]}}, {"id": "1604227", "type": "Feature", "properties": {"id": "1604227", "CVEGEO": "2015000010109039", "POBTOT": 0.0, "score_nse": 0.0, "NSE": null, "VIVTOT": 0.0, "GRAPROES": 0.0, "_ent": "20", "_mun": "150", "_loc": "0001"}, "geometry": {"type": "Polygon", "coordinates": [[[-96.90158, 17.2925], [-96.90098, 17.29252], [-96.90083, 17.29213], [-96.90153, 17.29204], [-96.90158, 17.2925]]]}}, {"id": "1604228", "type": "Feature", "properties": {"id": "1604228", "CVEGEO": "2015000010081008", "POBTOT": 403.0, "score_nse": 49.5059, "NSE": "C-", "VIVTOT": 105.0, "GRAPROES": 9.33, "_ent": "20", "_mun": "150", "_loc": "0001"}, "geometry": {"type": "Polygon", "coordinates": [[[-96.91042, 17.30173], [-96.91049, 17.30239], [-96.90963, 17.30374], [-96.91018, 17.30461], [-96.90995, 17.30525], [-96.9098, 17.30526], [-96.9098, 17.30489], [-96.90976, 17.30526], [-96.90835, 17.30521], [-96.90829, 17.30484], [-96.90946, 17.30487], [-96.90829, 17.30481], [-96.90829, 17.30457], [-96.90925, 17.30459], [-96.90829, 17.30453], [-96.90822, 17.304], [-96.90942, 17.30403], [-96.90822, 17.30397], [-96.90818, 17.30353], [-96.90929, 17.30357], [-96.90818, 17.30351], [-96.90762, 17.30241], [-96.90736, 17.30158], [-96.90747, 17.30132], [-96.90782, 17.30114], [-96.90814, 17.30123], [-96.90812, 17.30198], [-96.90819, 17.30126], [-96.9082, 17.30198], [-96.90833, 17.30198], [-96.90828, 17.30129], [-96.90853, 17.30134], [-96.9085, 17.30201], [-96.90864, 17.30136], [-96.90864, 17.30189], [-96.90872, 17.30215], [-96.90868, 17.30139], [-96.909, 17.30147], [-96.90897, 17.30214], [-96.90905, 17.3015], [-96.90927, 17.30169], [-96.90924, 17.30219], [-96.90931, 17.30171], [-96.90941, 17.30181], [-96.9097, 17.30251], [-96.90952, 17.30354], [-96.90975, 17.30237], [-96.90922, 17.30148], [-96.91042, 17.30173]]]}}, {"id": "1604229", "type": "Feature", "properties": {"id": "1604229", "CVEGEO": "2015000010081075", "POBTOT": 12.0, "score_nse": 0.0, "NSE": "ND", "VIVTOT": 2.0, "GRAPROES": 0.0, "_ent": "20", "_mun": "150", "_loc": "0001"}, "geometry": {"type": "Polygon", "coordinates": [[[-96.90179, 17.30121], [-96.90178, 17.30271], [-96.90153, 17.3036], [-96.90127, 17.30303], [-96.90084, 17.30287], [-96.90083, 17.30212], [-96.9008, 17.30288], [-96.90124, 17.30307], [-96.90148, 17.30363], [-96.90103, 17.30474], [-96.90099, 17.30444], [-96.90061, 17.30422], [-96.89998, 17.30343], [-96.90005, 17.30182], [-96.90073, 17.30182], [-96.90079, 17.30124], [-96.90094, 17.30119], [-96.90179, 17.30121]]]}}, {"id": "1604230", "type": "Feature", "properties": {"id": "1604230", "CVEGEO": "2015000010081085", "POBTOT": 0.0, "score_nse": 0.0, "NSE": null, "VIVTOT": 0.0, "GRAPROES": 0.0, "_ent": "20", "_mun": "150", "_loc": "0001"}, "geometry": {"type": "Polygon", "coordinates": [[[-96.90072, 17.30128], [-96.90067, 17.30177], [-96.90005, 17.30177], [-96.90055, 17.30139], [-96.90072, 17.30128]]]}}, {"id": "1604231", "type": "Feature", "properties": {"id": "1604231", "CVEGEO": "2015000010096025", "POBTOT": 171.0, "score_nse": 50.9171, "NSE": "C-", "VIVTOT": 52.0, "GRAPROES": 9.9, "_ent": "20", "_mun": "150", "_loc": "0001"}, "geometry": {"type": "Polygon", "coordinates": [[[-96.90381, 17.29945], [-96.90379, 17.2996], [-96.90337, 17.29957], [-96.90343, 17.29936], [-96.90253, 17.29932], [-96.90338, 17.29938], [-96.90334, 17.29957], [-96.90276, 17.29966], [-96.90303, 17.2997], [-96.90299, 17.29995], [-96.90237, 17.29992], [-96.90299, 17.29998], [-96.90298, 17.30018], [-96.90242, 17.30015], [-96.90298, 17.30021], [-96.90296, 17.30035], [-96.90246, 17.30032], [-96.90296, 17.30038], [-96.90293, 17.30114], [-96.90185, 17.30116], [-96.90147, 17.30045], [-96.90163, 17.29909], [-96.90129, 17.29843], [-96.90119, 17.296], [-96.9027, 17.296], [-96.90254, 17.29651], [-96.90256, 17.29743], [-96.90308, 17.29852], [-96.90381, 17.29945]]]}}, {"id": "1604232", "type": "Feature", "properties": {"id": "1604232", "CVEGEO": "2015000010081046", "POBTOT": 253.0, "score_nse": 37.6931, "NSE": "D+", "VIVTOT": 67.0, "GRAPROES": 7.99, "_ent": "20", "_mun": "150", "_loc": "0001"}, "geometry": {"type": "Polygon", "coordinates": [[[-96.9074, 17.30442], [-96.90705, 17.30438], [-96.90708, 17.3039], [-96.90691, 17.30436], [-96.90692, 17.30359], [-96.90688, 17.30436], [-96.90677, 17.30434], [-96.90676, 17.30412], [-96.90649, 17.30377], [-96.9066, 17.304], [-96.90612, 17.30415], [-96.90607, 17.30399], [-96.90601, 17.30394], [-96.9061, 17.3043], [-96.90562, 17.30465], [-96.90561, 17.30362], [-96.90598, 17.30367], [-96.90562, 17.30359], [-96.90581, 17.30296], [-96.90594, 17.30278], [-96.90613, 17.30291], [-96.90604, 17.30308], [-96.90595, 17.30349], [-96.90611, 17.303], [-96.90676, 17.30231], [-96.90661, 17.30157], [-96.90695, 17.30155], [-96.90724, 17.30117], [-96.90735, 17.30141], [-96.90705, 17.30205], [-96.90718, 17.302], [-96.90721, 17.3026], [-96.90715, 17.30276], [-96.90673, 17.30265], [-96.90715, 17.30279], [-96.90731, 17.30328], [-96.90677, 17.30349], [-96.90664, 17.30324], [-96.90671, 17.30353], [-96.90733, 17.30331], [-96.90748, 17.30387], [-96.9074, 17.30442]]]}}, {"id": "1604233", "type": "Feature", "properties": {"id": "1604233", "CVEGEO": "2015000010081001", "POBTOT": 169.0, "score_nse": 42.5468, "NSE": "C-", "VIVTOT": 52.0, "GRAPROES": 8.66, "_ent": "20", "_mun": "150", "_loc": "0001"}, "geometry": {"type": "Polygon", "coordinates": [[[-96.9074, 17.30447], [-96.90663, 17.30581], [-96.90639, 17.30654], [-96.90559, 17.30529], [-96.90561, 17.30468], [-96.90595, 17.30451], [-96.90639, 17.30472], [-96.90632, 17.30491], [-96.90675, 17.30437], [-96.90689, 17.3044], [-96.90679, 17.30486], [-96.90693, 17.30441], [-96.9074, 17.30447]]]}}, {"id": "1604234", "type": "Feature", "properties": {"id": "1604234", "CVEGEO": "2015000010081086", "POBTOT": 0.0, "score_nse": 0.0, "NSE": null, "VIVTOT": 0.0, "GRAPROES": 0.0, "_ent": "20", "_mun": "150", "_loc": "0001"}, "geometry": {"type": "Polygon", "coordinates": [[[-96.90674, 17.30428], [-96.90643, 17.30422], [-96.90672, 17.3043], [-96.90641, 17.3047], [-96.90596, 17.3045], [-96.90614, 17.30416], [-96.90661, 17.30402], [-96.90674, 17.30428]]]}}, {"id": "1604235", "type": "Feature", "properties": {"id": "1604235", "CVEGEO": "2015000010081004", "POBTOT": 291.0, "score_nse": 43.7798, "NSE": "C-", "VIVTOT": 77.0, "GRAPROES": 8.61, "_ent": "20", "_mun": "150", "_loc": "0001"}, "geometry": {"type": "Polygon", "coordinates": [[[-96.90645, 17.30753], [-96.9062, 17.30774], [-96.90557, 17.30774], [-96.9055, 17.3074], [-96.90574, 17.30707], [-96.90574, 17.307], [-96.9056, 17.3072], [-96.90552, 17.3069], [-96.90545, 17.30741], [-96.90552, 17.30774], [-96.90511, 17.30763], [-96.90472, 17.3073], [-96.90496, 17.307], [-96.90517, 17.30712], [-96.90497, 17.30695], [-96.90509, 17.30558], [-96.90524, 17.305], [-96.90556, 17.30468], [-96.90561, 17.30597], [-96.9056, 17.3054], [-96.90638, 17.30661], [-96.90634, 17.30685], [-96.90579, 17.30731], [-96.90633, 17.30692], [-96.90645, 17.30753]]]}}]}