{"type": "FeatureCollection", "features": [{"id": "151832", "type": "Feature", "properties": {"id": "151832", "CVEGEO": "0500600010469073", "POBTOT": 10.0, "score_nse": 0.0, "NSE": "ND", "VIVTOT": 3.0, "GRAPROES": 0.0, "_ent": "05", "_mun": "006", "_loc": "0001"}, "geometry": {"type": "Polygon", "coordinates": [[[-101.44421, 26.78647], [-101.4439, 26.78605], [-101.44449, 26.78574], [-101.44475, 26.78619], [-101.44421, 26.78647]]]}}, {"id": "151833", "type": "Feature", "properties": {"id": "151833", "CVEGEO": "0500600010469072", "POBTOT": 1.0, "score_nse": 0.0, "NSE": "ND", "VIVTOT": 2.0, "GRAPROES": 0.0, "_ent": "05", "_mun": "006", "_loc": "0001"}, "geometry": {"type": "Polygon", "coordinates": [[[-101.44436, 26.7866], [-101.44483, 26.78636], [-101.44506, 26.78671], [-101.44471, 26.78688], [-101.44436, 26.7866]]]}}, {"id": "151834", "type": "Feature", "properties": {"id": "151834", "CVEGEO": "0500600010469069", "POBTOT": 27.0, "score_nse": 0.0, "NSE": "ND", "VIVTOT": 15.0, "GRAPROES": 11.0, "_ent": "05", "_mun": "006", "_loc": "0001"}, "geometry": {"type": "Polygon", "coordinates": [[[-101.44616, 26.7862], [-101.44556, 26.78522], [-101.44589, 26.78506], [-101.44649, 26.78604], [-101.44616, 26.7862]]]}}, {"id": "151835", "type": "Feature", "properties": {"id": "151835", "CVEGEO": "0500600010350051", "POBTOT": 25.0, "score_nse": 56.478, "NSE": "C", "VIVTOT": 8.0, "GRAPROES": 10.24, "_ent": "05", "_mun": "006", "_loc": "0001"}, "geometry": {"type": "Polygon", "coordinates": [[[-101.42291, 26.79809], [-101.42329, 26.79706], [-101.42376, 26.79728], [-101.42335, 26.79824], [-101.42291, 26.79809]]]}}, {"id": "151836", "type": "Feature", "properties": {"id": "151836", "CVEGEO": "0500600010350050", "POBTOT": 26.0, "score_nse": 0.0, "NSE": "ND", "VIVTOT": 5.0, "GRAPROES": 8.93, "_ent": "05", "_mun": "006", "_loc": "0001"}, "geometry": {"type": "Polygon", "coordinates": [[[-101.42257, 26.79916], [-101.42286, 26.79823], [-101.42329, 26.79837], [-101.4231, 26.79929], [-101.42257, 26.79916]]]}}, {"id": "151837", "type": "Feature", "properties": {"id": "151837", "CVEGEO": "0500600010350049", "POBTOT": 12.0, "score_nse": 0.0, "NSE": "ND", "VIVTOT": 3.0, "GRAPROES": 11.25, "_ent": "05", "_mun": "006", "_loc": "0001"}, "geometry": {"type": "Polygon", "coordinates": [[[-101.4223, 26.8002], [-101.42254, 26.79929], [-101.42311, 26.7994], [-101.42309, 26.80032], [-101.4223, 26.8002]]]}}, {"id": "151838", "type": "Feature", "properties": {"id": "151838", "CVEGEO": "0500600010806036", "POBTOT": 34.0, "score_nse": 0.0, "NSE": "ND", "VIVTOT": 11.0, "GRAPROES": 10.52, "_ent": "05", "_mun": "006", "_loc": "0001"}, "geometry": {"type": "Polygon", "coordinates": [[[-101.44775, 26.79027], [-101.44669, 26.78998], [-101.44705, 26.78923], [-101.44844, 26.7884], [-101.44775, 26.79027]]]}}, {"id": "151839", "type": "Feature", "properties": {"id": "151839", "CVEGEO": "0500600010331040", "POBTOT": 0.0, "score_nse": 0.0, "NSE": "ND", "VIVTOT": 0.0, "GRAPROES": 0.0, "_ent": "05", "_mun": "006", "_loc": "0001"}, "geometry": {"type": "Polygon", "coordinates": [[[-101.4198, 26.80854], [-101.4186, 26.80827], [-101.41883, 26.80737], [-101.42004, 26.80762], [-101.4198, 26.80854]]]}}, {"id": "151840", "type": "Feature", "properties": {"id": "151840", "CVEGEO": "050060001044A006", "POBTOT": 8.0, "score_nse": 0.0, "NSE": "ND", "VIVTOT": 5.0, "GRAPROES": 12.5, "_ent": "05", "_mun": "006", "_loc": "0001"}, "geometry": {"type": "Polygon", "coordinates": [[[-101.41929, 26.77514], [-101.42036, 26.77486], [-101.42057, 26.77586], [-101.41963, 26.77612], [-101.41929, 26.77514]]]}}, {"id": "151841", "type": "Feature", "properties": {"id": "151841", "CVEGEO": "0500600010420015", "POBTOT": 26.0, "score_nse": 64.624, "NSE": "C", "VIVTOT": 10.0, "GRAPROES": 10.19, "_ent": "05", "_mun": "006", "_loc": "0001"}, "geometry": {"type": "Polygon", "coordinates": [[[-101.43039, 26.78236], [-101.43084, 26.78191], [-101.43107, 26.78206], [-101.4307, 26.78254], [-101.43039, 26.78236]]]}}, {"id": "151842", "type": "Feature", "properties": {"id": "151842", "CVEGEO": "0500600010350044", "POBTOT": 32.0, "score_nse": 0.0, "NSE": "ND", "VIVTOT": 14.0, "GRAPROES": 8.79, "_ent": "05", "_mun": "006", "_loc": "0001"}, "geometry": {"type": "Polygon", "coordinates": [[[-101.42051, 26.79614], [-101.42069, 26.79546], [-101.42107, 26.79543], [-101.42144, 26.79644], [-101.42051, 26.79614]]]}}, {"id": "151843", "type": "Feature", "properties": {"id": "151843", "CVEGEO": "0500600010350022", "POBTOT": 51.0, "score_nse": 66.774, "NSE": "C", "VIVTOT": 20.0, "GRAPROES": 11.84, "_ent": "05", "_mun": "006", "_loc": "0001"}, "geometry": {"type": "Polygon", "coordinates": [[[-101.42766, 26.78984], [-101.4282, 26.78994], [-101.42779, 26.79147], [-101.42761, 26.79167], [-101.42719, 26.79158], [-101.42766, 26.78984]]]}}, {"id": "151844", "type": "Feature", "properties": {"id": "151844", "CVEGEO": "0500600010435024", "POBTOT": 0.0, "score_nse": 10.0, "NSE": "E", "VIVTOT": 1.0, "GRAPROES": 0.0, "_ent": "05", "_mun": "006", "_loc": "0001"}, "geometry": {"type": "Polygon", "coordinates": [[[-101.41793, 26.77852], [-101.41818, 26.77852], [-101.41817, 26.77902], [-101.41793, 26.77852]]]}}, {"id": "151845", "type": "Feature", "properties": {"id": "151845", "CVEGEO": "050060001037A008", "POBTOT": 46.0, "score_nse": 0.0, "NSE": "ND", "VIVTOT": 19.0, "GRAPROES": 11.28, "_ent": "05", "_mun": "006", "_loc": "0001"}, "geometry": {"type": "Polygon", "coordinates": [[[-101.43681, 26.78992], [-101.43706, 26.78899], [-101.4381, 26.78923], [-101.43784, 26.79016], [-101.43681, 26.78992]]]}}, {"id": "151846", "type": "Feature", "properties": {"id": "151846", "CVEGEO": "0500600710581001", "POBTOT": 0.0, "score_nse": 0.0, "NSE": null, "VIVTOT": 0.0, "GRAPROES": 0.0, "_ent": "05", "_mun": "006", "_loc": "0071"}, "geometry": {"type": "Polygon", "coordinates": [[[-101.61517, 26.75853], [-101.61493, 26.75766], [-101.61687, 26.75739], [-101.61721, 26.75834], [-101.61517, 26.75853]]]}}, {"id": "151847", "type": "Feature", "properties": {"id": "151847", "CVEGEO": "0500600450717016", "POBTOT": 0.0, "score_nse": 0.0, "NSE": null, "VIVTOT": 0.0, "GRAPROES": 0.0, "_ent": "05", "_mun": "006", "_loc": "0045"}, "geometry": {"type": "Polygon", "coordinates": [[[-101.18421, 26.60539], [-101.18444, 26.60422], [-101.18469, 26.60412], [-101.18517, 26.6054], [-101.18421, 26.60539]]]}}, {"id": "151848", "type": "Feature", "properties": {"id": "151848", "CVEGEO": "0500600010806028", "POBTOT": 0.0, "score_nse": 0.0, "NSE": "ND", "VIVTOT": 0.0, "GRAPROES": 0.0, "_ent": "05", "_mun": "006", "_loc": "0001"}, "geometry": {"type": "Polygon", "coordinates": [[[-101.44453, 26.79311], [-101.44564, 26.7934], [-101.44535, 26.79422], [-101.44432, 26.79396], [-101.44453, 26.79311]]]}}, {"id": "151849", "type": "Feature", "properties": {"id": "151849", "CVEGEO": "0500600010806027", "POBTOT": 15.0, "score_nse": 87.88, "NSE": "A/B", "VIVTOT": 4.0, "GRAPROES": 12.44, "_ent": "05", "_mun": "006", "_loc": "0001"}, "geometry": {"type": "Polygon", "coordinates": [[[-101.44574, 26.79342], [-101.44678, 26.79367], [-101.44652, 26.79455], [-101.4455, 26.79425], [-101.44574, 26.79342]]]}}, {"id": "151850", "type": "Feature", "properties": {"id": "151850", "CVEGEO": "0500600010420030", "POBTOT": 4.0, "score_nse": 0.0, "NSE": "ND", "VIVTOT": 1.0, "GRAPROES": 0.0, "_ent": "05", "_mun": "006", "_loc": "0001"}, "geometry": {"type": "Polygon", "coordinates": [[[-101.43417, 26.78383], [-101.43308, 26.78357], [-101.43311, 26.78348], [-101.4341, 26.7834], [-101.43417, 26.78383]]]}}, {"id": "151851", "type": "Feature", "properties": {"id": "151851", "CVEGEO": "0500600010420026", "POBTOT": 23.0, "score_nse": 0.0, "NSE": "ND", "VIVTOT": 10.0, "GRAPROES": 9.35, "_ent": "05", "_mun": "006", "_loc": "0001"}, "geometry": {"type": "Polygon", "coordinates": [[[-101.43412, 26.78252], [-101.43478, 26.78247], [-101.43467, 26.78326], [-101.43416, 26.78331], [-101.43412, 26.78252]]]}}, {"id": "151852", "type": "Feature", "properties": {"id": "151852", "CVEGEO": "0500600010420016", "POBTOT": 40.0, "score_nse": 57.4372, "NSE": "C", "VIVTOT": 13.0, "GRAPROES": 10.0, "_ent": "05", "_mun": "006", "_loc": "0001"}, "geometry": {"type": "Polygon", "coordinates": [[[-101.43011, 26.78176], [-101.43045, 26.78164], [-101.43078, 26.78186], [-101.43033, 26.78233], [-101.42987, 26.78206], [-101.43011, 26.78176]]]}}, {"id": "151853", "type": "Feature", "properties": {"id": "151853", "CVEGEO": "0500600010420006", "POBTOT": 55.0, "score_nse": 60.584, "NSE": "C", "VIVTOT": 20.0, "GRAPROES": 10.13, "_ent": "05", "_mun": "006", "_loc": "0001"}, "geometry": {"type": "Polygon", "coordinates": [[[-101.4316, 26.7843], [-101.43187, 26.7833], [-101.43252, 26.7837], [-101.43231, 26.78447], [-101.4316, 26.7843]]]}}, {"id": "151854", "type": "Feature", "properties": {"id": "151854", "CVEGEO": "0500600010416004", "POBTOT": 98.0, "score_nse": 75.3451, "NSE": "C+", "VIVTOT": 28.0, "GRAPROES": 11.72, "_ent": "05", "_mun": "006", "_loc": "0001"}, "geometry": {"type": "Polygon", "coordinates": [[[-101.43667, 26.78547], [-101.43524, 26.78516], [-101.4355, 26.78417], [-101.43694, 26.78448], [-101.43667, 26.78547]]]}}, {"id": "151855", "type": "Feature", "properties": {"id": "151855", "CVEGEO": "0500600010399018", "POBTOT": 0.0, "score_nse": 0.0, "NSE": "ND", "VIVTOT": 0.0, "GRAPROES": 0.0, "_ent": "05", "_mun": "006", "_loc": "0001"}, "geometry": {"type": "Polygon", "coordinates": [[[-101.41994, 26.78388], [-101.41998, 26.78345], [-101.4208, 26.78368], [-101.42083, 26.78388], [-101.41994, 26.78388]]]}}, {"id": "151856", "type": "Feature", "properties": {"id": "151856", "CVEGEO": "0500600010399005", "POBTOT": 41.0, "score_nse": 66.8834, "NSE": "C", "VIVTOT": 14.0, "GRAPROES": 10.59, "_ent": "05", "_mun": "006", "_loc": "0001"}, "geometry": {"type": "Polygon", "coordinates": [[[-101.41885, 26.78608], [-101.41863, 26.78544], [-101.41979, 26.78537], [-101.41975, 26.78602], [-101.41885, 26.78608]]]}}, {"id": "151857", "type": "Feature", "properties": {"id": "151857", "CVEGEO": "0500600300914004", "POBTOT": 0.0, "score_nse": 0.0, "NSE": null, "VIVTOT": 0.0, "GRAPROES": 0.0, "_ent": "05", "_mun": "006", "_loc": "0030"}, "geometry": {"type": "Polygon", "coordinates": [[[-101.19572, 26.44214], [-101.19522, 26.44143], [-101.19564, 26.44125], [-101.19572, 26.44214]]]}}, {"id": "151858", "type": "Feature", "properties": {"id": "151858", "CVEGEO": "0500600180774029", "POBTOT": 0.0, "score_nse": 0.0, "NSE": null, "VIVTOT": 0.0, "GRAPROES": 0.0, "_ent": "05", "_mun": "006", "_loc": "0018"}, "geometry": {"type": "Polygon", "coordinates": [[[-101.43021, 26.3727], [-101.42933, 26.37255], [-101.42945, 26.37213], [-101.42995, 26.37234], [-101.43021, 26.3727]]]}}, {"id": "151859", "type": "Feature", "properties": {"id": "151859", "CVEGEO": "0500600010806032", "POBTOT": 31.0, "score_nse": 0.0, "NSE": "ND", "VIVTOT": 11.0, "GRAPROES": 10.0, "_ent": "05", "_mun": "006", "_loc": "0001"}, "geometry": {"type": "Polygon", "coordinates": [[[-101.44662, 26.79473], [-101.44758, 26.795], [-101.44733, 26.79586], [-101.44635, 26.79557], [-101.44662, 26.79473]]]}}, {"id": "151860", "type": "Feature", "properties": {"id": "151860", "CVEGEO": "0500600010859002", "POBTOT": 63.0, "score_nse": 55.7407, "NSE": "C", "VIVTOT": 27.0, "GRAPROES": 9.6, "_ent": "05", "_mun": "006", "_loc": "0001"}, "geometry": {"type": "Polygon", "coordinates": [[[-101.42865, 26.78243], [-101.4284, 26.78076], [-101.4287, 26.77748], [-101.42939, 26.77743], [-101.43066, 26.77652], [-101.43228, 26.77586], [-101.43457, 26.77407], [-101.43431, 26.7766], [-101.43374, 26.77952], [-101.4316, 26.78134], [-101.43082, 26.78183], [-101.43042, 26.78157], [-101.43006, 26.78171], [-101.42982, 26.78203], [-101.42932, 26.78159], [-101.42945, 26.7819], [-101.42978, 26.78209], [-101.42936, 26.78261], [-101.42865, 26.78243]]]}}, {"id": "151861", "type": "Feature", "properties": {"id": "151861", "CVEGEO": "0500600010844001", "POBTOT": 20.0, "score_nse": 62.696, "NSE": "C", "VIVTOT": 10.0, "GRAPROES": 11.67, "_ent": "05", "_mun": "006", "_loc": "0001"}, "geometry": {"type": "Polygon", "coordinates": [[[-101.42693, 26.77617], [-101.42779, 26.77729], [-101.42856, 26.7774], [-101.42822, 26.78077], [-101.42852, 26.78236], [-101.4282, 26.78229], [-101.42786, 26.78336], [-101.42755, 26.78365], [-101.4256, 26.78372], [-101.42577, 26.7829], [-101.42619, 26.78251], [-101.42645, 26.78162], [-101.42676, 26.78117], [-101.42623, 26.77936], [-101.4264, 26.7783], [-101.42665, 26.77797], [-101.42664, 26.77729], [-101.42693, 26.77617]]]}}, {"id": "151862", "type": "Feature", "properties": {"id": "151862", "CVEGEO": "0500600010539001", "POBTOT": 63.0, "score_nse": 55.7305, "NSE": "C", "VIVTOT": 22.0, "GRAPROES": 9.63, "_ent": "05", "_mun": "006", "_loc": "0001"}, "geometry": {"type": "Polygon", "coordinates": [[[-101.41006, 26.7838], [-101.40917, 26.78425], [-101.40807, 26.78243], [-101.40887, 26.78202], [-101.41006, 26.7838]]]}}, {"id": "151863", "type": "Feature", "properties": {"id": "151863", "CVEGEO": "050060001051A013", "POBTOT": 63.0, "score_nse": 0.0, "NSE": "ND", "VIVTOT": 17.0, "GRAPROES": 8.98, "_ent": "05", "_mun": "006", "_loc": "0001"}, "geometry": {"type": "Polygon", "coordinates": [[[-101.41012, 26.78256], [-101.40962, 26.78183], [-101.41017, 26.7817], [-101.41059, 26.78234], [-101.41012, 26.78256]]]}}, {"id": "151864", "type": "Feature", "properties": {"id": "151864", "CVEGEO": "050060001051A003", "POBTOT": 27.0, "score_nse": 0.0, "NSE": "ND", "VIVTOT": 7.0, "GRAPROES": 9.1, "_ent": "05", "_mun": "006", "_loc": "0001"}, "geometry": {"type": "Polygon", "coordinates": [[[-101.41138, 26.78441], [-101.41082, 26.78358], [-101.41129, 26.78336], [-101.41186, 26.78416], [-101.41138, 26.78441]]]}}, {"id": "151865", "type": "Feature", "properties": {"id": "151865", "CVEGEO": "0500600010454018", "POBTOT": 60.0, "score_nse": 68.989, "NSE": "C", "VIVTOT": 16.0, "GRAPROES": 10.29, "_ent": "05", "_mun": "006", "_loc": "0001"}, "geometry": {"type": "Polygon", "coordinates": [[[-101.41417, 26.76743], [-101.41525, 26.76713], [-101.41558, 26.76811], [-101.41449, 26.76841], [-101.41417, 26.76743]]]}}, {"id": "151866", "type": "Feature", "properties": {"id": "151866", "CVEGEO": "050060273090A021", "POBTOT": 0.0, "score_nse": 0.0, "NSE": null, "VIVTOT": 0.0, "GRAPROES": 0.0, "_ent": "05", "_mun": "006", "_loc": "0273"}, "geometry": {"type": "Polygon", "coordinates": [[[-101.10657, 26.26383], [-101.10631, 26.26359], [-101.10637, 26.26332], [-101.10705, 26.26348], [-101.10764, 26.26383], [-101.1082, 26.26371], [-101.10838, 26.26406], [-101.10819, 26.26437], [-101.10691, 26.26463], [-101.10657, 26.26383]]]}}, {"id": "151867", "type": "Feature", "properties": {"id": "151867", "CVEGEO": "0500602220562006", "POBTOT": 0.0, "score_nse": 0.0, "NSE": null, "VIVTOT": 0.0, "GRAPROES": 0.0, "_ent": "05", "_mun": "006", "_loc": "0222"}, "geometry": {"type": "Polygon", "coordinates": [[[-101.46424, 26.78541], [-101.46395, 26.78436], [-101.46685, 26.78372], [-101.46713, 26.7848], [-101.46424, 26.78541]]]}}, {"id": "151868", "type": "Feature", "properties": {"id": "151868", "CVEGEO": "0500602120647017", "POBTOT": 0.0, "score_nse": 0.0, "NSE": null, "VIVTOT": 0.0, "GRAPROES": 0.0, "_ent": "05", "_mun": "006", "_loc": "0212"}, "geometry": {"type": "Polygon", "coordinates": [[[-101.1151, 26.50475], [-101.11538, 26.50435], [-101.11649, 26.505], [-101.11623, 26.5054], [-101.1151, 26.50475]]]}}, {"id": "151869", "type": "Feature", "properties": {"id": "151869", "CVEGEO": "0500600820666005", "POBTOT": 0.0, "score_nse": 0.0, "NSE": null, "VIVTOT": 0.0, "GRAPROES": 0.0, "_ent": "05", "_mun": "006", "_loc": "0082"}, "geometry": {"type": "Polygon", "coordinates": [[[-101.36293, 26.63988], [-101.36246, 26.63922], [-101.36322, 26.63879], [-101.36363, 26.63944], [-101.36293, 26.63988]]]}}, {"id": "151870", "type": "Feature", "properties": {"id": "151870", "CVEGEO": "0500600710581013", "POBTOT": 0.0, "score_nse": 0.0, "NSE": null, "VIVTOT": 0.0, "GRAPROES": 0.0, "_ent": "05", "_mun": "006", "_loc": "0071"}, "geometry": {"type": "Polygon", "coordinates": [[[-101.61324, 26.75693], [-101.61304, 26.75677], [-101.6131, 26.75648], [-101.61354, 26.75641], [-101.61364, 26.75686], [-101.61324, 26.75693]]]}}, {"id": "151871", "type": "Feature", "properties": {"id": "151871", "CVEGEO": "0500600390581009", "POBTOT": 0.0, "score_nse": 0.0, "NSE": null, "VIVTOT": 0.0, "GRAPROES": 0.0, "_ent": "05", "_mun": "006", "_loc": "0039"}, "geometry": {"type": "Polygon", "coordinates": [[[-101.50191, 26.76818], [-101.50198, 26.76713], [-101.50305, 26.76721], [-101.50299, 26.76831], [-101.50191, 26.76818]]]}}, {"id": "151872", "type": "Feature", "properties": {"id": "151872", "CVEGEO": "0500600390581008", "POBTOT": 0.0, "score_nse": 0.0, "NSE": null, "VIVTOT": 0.0, "GRAPROES": 0.0, "_ent": "05", "_mun": "006", "_loc": "0039"}, "geometry": {"type": "Polygon", "coordinates": [[[-101.50309, 26.76832], [-101.50315, 26.76722], [-101.50415, 26.7673], [-101.50405, 26.76843], [-101.50309, 26.76832]]]}}, {"id": "151873", "type": "Feature", "properties": {"id": "151873", "CVEGEO": "0500600300914007", "POBTOT": 0.0, "score_nse": 0.0, "NSE": null, "VIVTOT": 0.0, "GRAPROES": 0.0, "_ent": "05", "_mun": "006", "_loc": "0030"}, "geometry": {"type": "Polygon", "coordinates": [[[-101.19369, 26.44289], [-101.19336, 26.44217], [-101.1939, 26.44192], [-101.19432, 26.44271], [-101.19369, 26.44289]]]}}, {"id": "151874", "type": "Feature", "properties": {"id": "151874", "CVEGEO": "0500600300914006", "POBTOT": 0.0, "score_nse": 0.0, "NSE": null, "VIVTOT": 0.0, "GRAPROES": 0.0, "_ent": "05", "_mun": "006", "_loc": "0030"}, "geometry": {"type": "Polygon", "coordinates": [[[-101.19457, 26.44291], [-101.19402, 26.44193], [-101.19453, 26.44172], [-101.19506, 26.44272], [-101.19457, 26.44291]]]}}, {"id": "151875", "type": "Feature", "properties": {"id": "151875", "CVEGEO": "0500600300914005", "POBTOT": 0.0, "score_nse": 0.0, "NSE": null, "VIVTOT": 0.0, "GRAPROES": 0.0, "_ent": "05", "_mun": "006", "_loc": "0030"}, "geometry": {"type": "Polygon", "coordinates": [[[-101.19558, 26.44225], [-101.19502, 26.4425], [-101.19459, 26.44169], [-101.19514, 26.44146], [-101.19558, 26.44225]]]}}, {"id": "151876", "type": "Feature", "properties": {"id": "151876", "CVEGEO": "0500600011005033", "POBTOT": 0.0, "score_nse": 10.0, "NSE": "E", "VIVTOT": 5.0, "GRAPROES": 0.0, "_ent": "05", "_mun": "006", "_loc": "0001"}, "geometry": {"type": "Polygon", "coordinates": [[[-101.39806, 26.77504], [-101.39741, 26.77406], [-101.39786, 26.77382], [-101.39851, 26.7748], [-101.39806, 26.77504]]]}}, {"id": "151877", "type": "Feature", "properties": {"id": "151877", "CVEGEO": "0500600011005032", "POBTOT": 0.0, "score_nse": 0.0, "NSE": "ND", "VIVTOT": 0.0, "GRAPROES": 0.0, "_ent": "05", "_mun": "006", "_loc": "0001"}, "geometry": {"type": "Polygon", "coordinates": [[[-101.39859, 26.77475], [-101.39796, 26.77377], [-101.39841, 26.77354], [-101.39906, 26.77452], [-101.39859, 26.77475]]]}}, {"id": "151878", "type": "Feature", "properties": {"id": "151878", "CVEGEO": "0500600011005031", "POBTOT": 8.0, "score_nse": 0.0, "NSE": "ND", "VIVTOT": 8.0, "GRAPROES": 11.0, "_ent": "05", "_mun": "006", "_loc": "0001"}, "geometry": {"type": "Polygon", "coordinates": [[[-101.39915, 26.77447], [-101.39851, 26.77349], [-101.39896, 26.77325], [-101.39961, 26.77424], [-101.39915, 26.77447]]]}}, {"id": "151879", "type": "Feature", "properties": {"id": "151879", "CVEGEO": "0500600011005022", "POBTOT": 21.0, "score_nse": 46.3933, "NSE": "C-", "VIVTOT": 6.0, "GRAPROES": 8.58, "_ent": "05", "_mun": "006", "_loc": "0001"}, "geometry": {"type": "Polygon", "coordinates": [[[-101.40149, 26.7747], [-101.40084, 26.77371], [-101.4013, 26.77348], [-101.40194, 26.77446], [-101.40149, 26.7747]]]}}, {"id": "151880", "type": "Feature", "properties": {"id": "151880", "CVEGEO": "0500600011005021", "POBTOT": 20.0, "score_nse": 0.0, "NSE": "ND", "VIVTOT": 6.0, "GRAPROES": 9.62, "_ent": "05", "_mun": "006", "_loc": "0001"}, "geometry": {"type": "Polygon", "coordinates": [[[-101.3977, 26.77675], [-101.39816, 26.77652], [-101.39882, 26.77754], [-101.39837, 26.77777], [-101.3977, 26.77675]]]}}, {"id": "151881", "type": "Feature", "properties": {"id": "151881", "CVEGEO": "0500600011005019", "POBTOT": 15.0, "score_nse": 46.75, "NSE": "C-", "VIVTOT": 8.0, "GRAPROES": 8.75, "_ent": "05", "_mun": "006", "_loc": "0001"}, "geometry": {"type": "Polygon", "coordinates": [[[-101.40002, 26.77694], [-101.39935, 26.77593], [-101.3998, 26.7757], [-101.40046, 26.77669], [-101.40002, 26.77694]]]}}, {"id": "151882", "type": "Feature", "properties": {"id": "151882", "CVEGEO": "0500600011005009", "POBTOT": 18.0, "score_nse": 0.0, "NSE": "ND", "VIVTOT": 8.0, "GRAPROES": 9.62, "_ent": "05", "_mun": "006", "_loc": "0001"}, "geometry": {"type": "Polygon", "coordinates": [[[-101.40234, 26.77718], [-101.40168, 26.77616], [-101.40214, 26.77593], [-101.40279, 26.77692], [-101.40234, 26.77718]]]}}, {"id": "151883", "type": "Feature", "properties": {"id": "151883", "CVEGEO": "0500600011005008", "POBTOT": 30.0, "score_nse": 0.0, "NSE": "ND", "VIVTOT": 11.0, "GRAPROES": 9.43, "_ent": "05", "_mun": "006", "_loc": "0001"}, "geometry": {"type": "Polygon", "coordinates": [[[-101.40288, 26.77688], [-101.40224, 26.77588], [-101.40269, 26.77564], [-101.40334, 26.77664], [-101.40288, 26.77688]]]}}, {"id": "151884", "type": "Feature", "properties": {"id": "151884", "CVEGEO": "0500600010806016", "POBTOT": 48.0, "score_nse": 0.0, "NSE": "ND", "VIVTOT": 14.0, "GRAPROES": 10.23, "_ent": "05", "_mun": "006", "_loc": "0001"}, "geometry": {"type": "Polygon", "coordinates": [[[-101.44771, 26.79037], [-101.44739, 26.7913], [-101.44637, 26.79106], [-101.44664, 26.79014], [-101.44771, 26.79037]]]}}, {"id": "151885", "type": "Feature", "properties": {"id": "151885", "CVEGEO": "0500600010806015", "POBTOT": 52.0, "score_nse": 0.0, "NSE": "ND", "VIVTOT": 14.0, "GRAPROES": 10.37, "_ent": "05", "_mun": "006", "_loc": "0001"}, "geometry": {"type": "Polygon", "coordinates": [[[-101.44847, 26.79153], [-101.44753, 26.79134], [-101.44783, 26.79041], [-101.44837, 26.79051], [-101.44847, 26.79153]]]}}, {"id": "151886", "type": "Feature", "properties": {"id": "151886", "CVEGEO": "0500600010539002", "POBTOT": 24.0, "score_nse": 0.0, "NSE": "ND", "VIVTOT": 8.0, "GRAPROES": 9.2, "_ent": "05", "_mun": "006", "_loc": "0001"}, "geometry": {"type": "Polygon", "coordinates": [[[-101.4076, 26.78391], [-101.40851, 26.7835], [-101.40902, 26.7843], [-101.40809, 26.7848], [-101.4076, 26.78391]]]}}, {"id": "151887", "type": "Feature", "properties": {"id": "151887", "CVEGEO": "0500600010524025", "POBTOT": 15.0, "score_nse": 48.4, "NSE": "C-", "VIVTOT": 5.0, "GRAPROES": 10.6, "_ent": "05", "_mun": "006", "_loc": "0001"}, "geometry": {"type": "Polygon", "coordinates": [[[-101.39826, 26.7846], [-101.39734, 26.78509], [-101.39683, 26.78425], [-101.39775, 26.78381], [-101.39826, 26.7846]]]}}, {"id": "151888", "type": "Feature", "properties": {"id": "151888", "CVEGEO": "0500600010524024", "POBTOT": 40.0, "score_nse": 0.0, "NSE": "ND", "VIVTOT": 17.0, "GRAPROES": 8.91, "_ent": "05", "_mun": "006", "_loc": "0001"}, "geometry": {"type": "Polygon", "coordinates": [[[-101.39877, 26.78328], [-101.3993, 26.78411], [-101.39838, 26.78455], [-101.39789, 26.78373], [-101.39877, 26.78328]]]}}, {"id": "151889", "type": "Feature", "properties": {"id": "151889", "CVEGEO": "0500600010524004", "POBTOT": 36.0, "score_nse": 62.1567, "NSE": "C", "VIVTOT": 12.0, "GRAPROES": 8.72, "_ent": "05", "_mun": "006", "_loc": "0001"}, "geometry": {"type": "Polygon", "coordinates": [[[-101.40169, 26.78558], [-101.4027, 26.78509], [-101.40323, 26.78598], [-101.40222, 26.78647], [-101.40169, 26.78558]]]}}, {"id": "151890", "type": "Feature", "properties": {"id": "151890", "CVEGEO": "0500600010488020", "POBTOT": 114.0, "score_nse": 64.092, "NSE": "C", "VIVTOT": 30.0, "GRAPROES": 11.09, "_ent": "05", "_mun": "006", "_loc": "0001"}, "geometry": {"type": "Polygon", "coordinates": [[[-101.42979, 26.7948], [-101.42936, 26.79525], [-101.42808, 26.79455], [-101.42875, 26.79375], [-101.43041, 26.79418], [-101.42987, 26.79471], [-101.42909, 26.7944], [-101.42902, 26.7945], [-101.42979, 26.7948]]]}}, {"id": "151891", "type": "Feature", "properties": {"id": "151891", "CVEGEO": "0500600010488010", "POBTOT": 17.0, "score_nse": 0.0, "NSE": "ND", "VIVTOT": 8.0, "GRAPROES": 10.63, "_ent": "05", "_mun": "006", "_loc": "0001"}, "geometry": {"type": "Polygon", "coordinates": [[[-101.42572, 26.79908], [-101.42609, 26.79858], [-101.42661, 26.79892], [-101.42629, 26.79933], [-101.42572, 26.79908]]]}}, {"id": "151892", "type": "Feature", "properties": {"id": "151892", "CVEGEO": "0500600010473043", "POBTOT": 35.0, "score_nse": 0.0, "NSE": "ND", "VIVTOT": 11.0, "GRAPROES": 10.53, "_ent": "05", "_mun": "006", "_loc": "0001"}, "geometry": {"type": "Polygon", "coordinates": [[[-101.40434, 26.76821], [-101.40575, 26.76752], [-101.40607, 26.76844], [-101.40495, 26.76875], [-101.40434, 26.76821]]]}}, {"id": "151893", "type": "Feature", "properties": {"id": "151893", "CVEGEO": "0500600010473030", "POBTOT": 68.0, "score_nse": 70.5225, "NSE": "C+", "VIVTOT": 16.0, "GRAPROES": 9.58, "_ent": "05", "_mun": "006", "_loc": "0001"}, "geometry": {"type": "Polygon", "coordinates": [[[-101.40576, 26.77078], [-101.4054, 26.76984], [-101.40646, 26.76956], [-101.4068, 26.77053], [-101.40576, 26.77078]]]}}, {"id": "151894", "type": "Feature", "properties": {"id": "151894", "CVEGEO": "0500600010473029", "POBTOT": 39.0, "score_nse": 58.2086, "NSE": "C", "VIVTOT": 14.0, "GRAPROES": 10.1, "_ent": "05", "_mun": "006", "_loc": "0001"}, "geometry": {"type": "Polygon", "coordinates": [[[-101.4066, 26.76953], [-101.40764, 26.76924], [-101.40797, 26.77021], [-101.40692, 26.77049], [-101.4066, 26.76953]]]}}, {"id": "151895", "type": "Feature", "properties": {"id": "151895", "CVEGEO": "0500600010473028", "POBTOT": 38.0, "score_nse": 75.0689, "NSE": "C+", "VIVTOT": 9.0, "GRAPROES": 10.54, "_ent": "05", "_mun": "006", "_loc": "0001"}, "geometry": {"type": "Polygon", "coordinates": [[[-101.40674, 26.77159], [-101.40584, 26.77082], [-101.40682, 26.77059], [-101.40714, 26.77148], [-101.40674, 26.77159]]]}}, {"id": "151896", "type": "Feature", "properties": {"id": "151896", "CVEGEO": "0500600010473027", "POBTOT": 39.0, "score_nse": 0.0, "NSE": "ND", "VIVTOT": 16.0, "GRAPROES": 10.19, "_ent": "05", "_mun": "006", "_loc": "0001"}, "geometry": {"type": "Polygon", "coordinates": [[[-101.4083, 26.77121], [-101.40726, 26.77149], [-101.40694, 26.77056], [-101.40799, 26.77027], [-101.4083, 26.77121]]]}}, {"id": "151897", "type": "Feature", "properties": {"id": "151897", "CVEGEO": "0500600010454017", "POBTOT": 64.0, "score_nse": 58.396, "NSE": "C", "VIVTOT": 20.0, "GRAPROES": 9.0, "_ent": "05", "_mun": "006", "_loc": "0001"}, "geometry": {"type": "Polygon", "coordinates": [[[-101.41531, 26.76712], [-101.41638, 26.76682], [-101.41672, 26.7678], [-101.41564, 26.7681], [-101.41531, 26.76712]]]}}, {"id": "151898", "type": "Feature", "properties": {"id": "151898", "CVEGEO": "0500600010454008", "POBTOT": 31.0, "score_nse": 0.0, "NSE": "ND", "VIVTOT": 10.0, "GRAPROES": 10.09, "_ent": "05", "_mun": "006", "_loc": "0001"}, "geometry": {"type": "Polygon", "coordinates": [[[-101.41518, 26.7705], [-101.41485, 26.7695], [-101.41595, 26.76921], [-101.41628, 26.7702], [-101.41518, 26.7705]]]}}, {"id": "151899", "type": "Feature", "properties": {"id": "151899", "CVEGEO": "0500600010454007", "POBTOT": 48.0, "score_nse": 0.0, "NSE": "ND", "VIVTOT": 23.0, "GRAPROES": 7.81, "_ent": "05", "_mun": "006", "_loc": "0001"}, "geometry": {"type": "Polygon", "coordinates": [[[-101.41634, 26.77018], [-101.41601, 26.76919], [-101.41709, 26.7689], [-101.41743, 26.76989], [-101.41634, 26.77018]]]}}, {"id": "151900", "type": "Feature", "properties": {"id": "151900", "CVEGEO": "050060001044A028", "POBTOT": 0.0, "score_nse": 0.0, "NSE": "ND", "VIVTOT": 0.0, "GRAPROES": 0.0, "_ent": "05", "_mun": "006", "_loc": "0001"}, "geometry": {"type": "Polygon", "coordinates": [[[-101.41553, 26.77156], [-101.41664, 26.77126], [-101.41698, 26.77226], [-101.41586, 26.77256], [-101.41553, 26.77156]]]}}, {"id": "151901", "type": "Feature", "properties": {"id": "151901", "CVEGEO": "050060001044A027", "POBTOT": 0.0, "score_nse": 0.0, "NSE": "ND", "VIVTOT": 0.0, "GRAPROES": 0.0, "_ent": "05", "_mun": "006", "_loc": "0001"}, "geometry": {"type": "Polygon", "coordinates": [[[-101.41704, 26.77224], [-101.4167, 26.77124], [-101.41779, 26.77094], [-101.41813, 26.77194], [-101.41704, 26.77224]]]}}, {"id": "151902", "type": "Feature", "properties": {"id": "151902", "CVEGEO": "050060001044A018", "POBTOT": 61.0, "score_nse": 70.3542, "NSE": "C+", "VIVTOT": 18.0, "GRAPROES": 10.88, "_ent": "05", "_mun": "006", "_loc": "0001"}, "geometry": {"type": "Polygon", "coordinates": [[[-101.41658, 26.77466], [-101.41623, 26.77367], [-101.41735, 26.77337], [-101.41768, 26.77435], [-101.41658, 26.77466]]]}}, {"id": "151903", "type": "Feature", "properties": {"id": "151903", "CVEGEO": "050060001044A017", "POBTOT": 35.0, "score_nse": 78.4662, "NSE": "C+", "VIVTOT": 11.0, "GRAPROES": 10.46, "_ent": "05", "_mun": "006", "_loc": "0001"}, "geometry": {"type": "Polygon", "coordinates": [[[-101.41775, 26.77429], [-101.41741, 26.77336], [-101.41851, 26.77307], [-101.41881, 26.77401], [-101.41775, 26.77429]]]}}, {"id": "151904", "type": "Feature", "properties": {"id": "151904", "CVEGEO": "0500600010420005", "POBTOT": 10.0, "score_nse": 0.0, "NSE": "ND", "VIVTOT": 3.0, "GRAPROES": 9.75, "_ent": "05", "_mun": "006", "_loc": "0001"}, "geometry": {"type": "Polygon", "coordinates": [[[-101.43416, 26.7834], [-101.43466, 26.78336], [-101.43451, 26.7839], [-101.43423, 26.78384], [-101.43416, 26.7834]]]}}, {"id": "151905", "type": "Feature", "properties": {"id": "151905", "CVEGEO": "0500600010416032", "POBTOT": 65.0, "score_nse": 63.702, "NSE": "C", "VIVTOT": 20.0, "GRAPROES": 8.86, "_ent": "05", "_mun": "006", "_loc": "0001"}, "geometry": {"type": "Polygon", "coordinates": [[[-101.44099, 26.78305], [-101.4404, 26.78312], [-101.43995, 26.78272], [-101.44013, 26.78204], [-101.44123, 26.78197], [-101.44099, 26.78305]]]}}, {"id": "151906", "type": "Feature", "properties": {"id": "151906", "CVEGEO": "0500600010416016", "POBTOT": 53.0, "score_nse": 53.7796, "NSE": "C-", "VIVTOT": 19.0, "GRAPROES": 9.78, "_ent": "05", "_mun": "006", "_loc": "0001"}, "geometry": {"type": "Polygon", "coordinates": [[[-101.43893, 26.78203], [-101.43913, 26.78108], [-101.44022, 26.78102], [-101.44002, 26.78198], [-101.43893, 26.78203]]]}}, {"id": "151907", "type": "Feature", "properties": {"id": "151907", "CVEGEO": "0500600010416015", "POBTOT": 15.0, "score_nse": 0.0, "NSE": "ND", "VIVTOT": 12.0, "GRAPROES": 7.36, "_ent": "05", "_mun": "006", "_loc": "0001"}, "geometry": {"type": "Polygon", "coordinates": [[[-101.43489, 26.78246], [-101.43584, 26.78239], [-101.43563, 26.78321], [-101.43479, 26.78327], [-101.43489, 26.78246]]]}}, {"id": "151908", "type": "Feature", "properties": {"id": "151908", "CVEGEO": "0500600010416014", "POBTOT": 44.0, "score_nse": 0.0, "NSE": "ND", "VIVTOT": 17.0, "GRAPROES": 9.69, "_ent": "05", "_mun": "006", "_loc": "0001"}, "geometry": {"type": "Polygon", "coordinates": [[[-101.43626, 26.78316], [-101.43575, 26.7832], [-101.43596, 26.78238], [-101.43756, 26.78225], [-101.43724, 26.7834], [-101.43626, 26.78316]]]}}, {"id": "151909", "type": "Feature", "properties": {"id": "151909", "CVEGEO": "0500600010416005", "POBTOT": 54.0, "score_nse": 60.4817, "NSE": "C", "VIVTOT": 19.0, "GRAPROES": 10.14, "_ent": "05", "_mun": "006", "_loc": "0001"}, "geometry": {"type": "Polygon", "coordinates": [[[-101.43436, 26.78496], [-101.4346, 26.78403], [-101.43533, 26.7842], [-101.43511, 26.78513], [-101.43436, 26.78496]]]}}, {"id": "151910", "type": "Feature", "properties": {"id": "151910", "CVEGEO": "0500600010384012", "POBTOT": 20.0, "score_nse": 65.7204, "NSE": "C", "VIVTOT": 9.0, "GRAPROES": 11.71, "_ent": "05", "_mun": "006", "_loc": "0001"}, "geometry": {"type": "Polygon", "coordinates": [[[-101.42722, 26.78725], [-101.42768, 26.78736], [-101.42736, 26.78856], [-101.42686, 26.78846], [-101.42722, 26.78725]]]}}, {"id": "151911", "type": "Feature", "properties": {"id": "151911", "CVEGEO": "0500600010384011", "POBTOT": 28.0, "score_nse": 52.7391, "NSE": "C-", "VIVTOT": 18.0, "GRAPROES": 9.28, "_ent": "05", "_mun": "006", "_loc": "0001"}, "geometry": {"type": "Polygon", "coordinates": [[[-101.42743, 26.78857], [-101.42776, 26.78738], [-101.42822, 26.78749], [-101.4279, 26.78866], [-101.42743, 26.78857]]]}}, {"id": "151912", "type": "Feature", "properties": {"id": "151912", "CVEGEO": "0500600010384002", "POBTOT": 16.0, "score_nse": 0.0, "NSE": "ND", "VIVTOT": 4.0, "GRAPROES": 11.0, "_ent": "05", "_mun": "006", "_loc": "0001"}, "geometry": {"type": "Polygon", "coordinates": [[[-101.42878, 26.79047], [-101.42923, 26.78896], [-101.4296, 26.78904], [-101.42878, 26.79047]]]}}, {"id": "151913", "type": "Feature", "properties": {"id": "151913", "CVEGEO": "050060001037A021", "POBTOT": 71.0, "score_nse": 62.9098, "NSE": "C", "VIVTOT": 22.0, "GRAPROES": 9.54, "_ent": "05", "_mun": "006", "_loc": "0001"}, "geometry": {"type": "Polygon", "coordinates": [[[-101.43991, 26.78732], [-101.43884, 26.78707], [-101.43908, 26.78607], [-101.44019, 26.7863], [-101.43991, 26.78732]]]}}, {"id": "151914", "type": "Feature", "properties": {"id": "151914", "CVEGEO": "050060001037A009", "POBTOT": 110.0, "score_nse": 63.1307, "NSE": "C", "VIVTOT": 30.0, "GRAPROES": 9.54, "_ent": "05", "_mun": "006", "_loc": "0001"}, "geometry": {"type": "Polygon", "coordinates": [[[-101.43561, 26.78969], [-101.43587, 26.78875], [-101.43697, 26.78899], [-101.43672, 26.78993], [-101.43561, 26.78969]]]}}, {"id": "151915", "type": "Feature", "properties": {"id": "151915", "CVEGEO": "0500600010365032", "POBTOT": 23.0, "score_nse": 0.0, "NSE": "ND", "VIVTOT": 7.0, "GRAPROES": 9.62, "_ent": "05", "_mun": "006", "_loc": "0001"}, "geometry": {"type": "Polygon", "coordinates": [[[-101.43466, 26.7973], [-101.4336, 26.79699], [-101.43385, 26.79611], [-101.43492, 26.79637], [-101.43466, 26.7973]]]}}, {"id": "151916", "type": "Feature", "properties": {"id": "151916", "CVEGEO": "0500600010365031", "POBTOT": 26.0, "score_nse": 0.0, "NSE": "ND", "VIVTOT": 8.0, "GRAPROES": 10.27, "_ent": "05", "_mun": "006", "_loc": "0001"}, "geometry": {"type": "Polygon", "coordinates": [[[-101.4348, 26.79729], [-101.43505, 26.79639], [-101.43604, 26.7966], [-101.43578, 26.79753], [-101.4348, 26.79729]]]}}, {"id": "151917", "type": "Feature", "properties": {"id": "151917", "CVEGEO": "0500600010346020", "POBTOT": 0.0, "score_nse": 0.0, "NSE": "ND", "VIVTOT": 0.0, "GRAPROES": 0.0, "_ent": "05", "_mun": "006", "_loc": "0001"}, "geometry": {"type": "Polygon", "coordinates": [[[-101.4205, 26.80093], [-101.42075, 26.79994], [-101.42202, 26.80025], [-101.42176, 26.80117], [-101.4205, 26.80093]]]}}, {"id": "151918", "type": "Feature", "properties": {"id": "151918", "CVEGEO": "0500600010346005", "POBTOT": 57.0, "score_nse": 57.6431, "NSE": "C", "VIVTOT": 17.0, "GRAPROES": 8.71, "_ent": "05", "_mun": "006", "_loc": "0001"}, "geometry": {"type": "Polygon", "coordinates": [[[-101.41834, 26.80379], [-101.41729, 26.80356], [-101.4175, 26.80264], [-101.41859, 26.80285], [-101.41834, 26.80379]]]}}, {"id": "151919", "type": "Feature", "properties": {"id": "151919", "CVEGEO": "0500600010401012", "POBTOT": 7.0, "score_nse": 0.0, "NSE": "ND", "VIVTOT": 3.0, "GRAPROES": 0.0, "_ent": "05", "_mun": "006", "_loc": "0001"}, "geometry": {"type": "Polygon", "coordinates": [[[-101.42803, 26.78453], [-101.42823, 26.78394], [-101.42861, 26.78404], [-101.42844, 26.78465], [-101.42803, 26.78453]]]}}, {"id": "151920", "type": "Feature", "properties": {"id": "151920", "CVEGEO": "050060001037A017", "POBTOT": 2.0, "score_nse": 0.0, "NSE": "ND", "VIVTOT": 1.0, "GRAPROES": 0.0, "_ent": "05", "_mun": "006", "_loc": "0001"}, "geometry": {"type": "Polygon", "coordinates": [[[-101.43546, 26.78761], [-101.43479, 26.78762], [-101.43461, 26.78838], [-101.43357, 26.78816], [-101.43389, 26.78624], [-101.43558, 26.78652], [-101.43546, 26.78761]]]}}, {"id": "151921", "type": "Feature", "properties": {"id": "151921", "CVEGEO": "0500600010488052", "POBTOT": 57.0, "score_nse": 61.9097, "NSE": "C", "VIVTOT": 19.0, "GRAPROES": 9.93, "_ent": "05", "_mun": "006", "_loc": "0001"}, "geometry": {"type": "Polygon", "coordinates": [[[-101.4279, 26.79694], [-101.42709, 26.79818], [-101.4266, 26.79785], [-101.42737, 26.79666], [-101.4279, 26.79694]]]}}, {"id": "151922", "type": "Feature", "properties": {"id": "151922", "CVEGEO": "0500600010399004", "POBTOT": 56.0, "score_nse": 54.744, "NSE": "C-", "VIVTOT": 23.0, "GRAPROES": 8.53, "_ent": "05", "_mun": "006", "_loc": "0001"}, "geometry": {"type": "Polygon", "coordinates": [[[-101.41985, 26.78537], [-101.42104, 26.7853], [-101.42113, 26.78592], [-101.41982, 26.78602], [-101.41985, 26.78537]]]}}, {"id": "151923", "type": "Feature", "properties": {"id": "151923", "CVEGEO": "0500600010365011", "POBTOT": 40.0, "score_nse": 0.0, "NSE": "ND", "VIVTOT": 18.0, "GRAPROES": 9.39, "_ent": "05", "_mun": "006", "_loc": "0001"}, "geometry": {"type": "Polygon", "coordinates": [[[-101.43524, 26.79522], [-101.43419, 26.79497], [-101.43443, 26.79403], [-101.43556, 26.79428], [-101.43524, 26.79522]]]}}, {"id": "151924", "type": "Feature", "properties": {"id": "151924", "CVEGEO": "0500600010806017", "POBTOT": 54.0, "score_nse": 59.3, "NSE": "C", "VIVTOT": 15.0, "GRAPROES": 9.38, "_ent": "05", "_mun": "006", "_loc": "0001"}, "geometry": {"type": "Polygon", "coordinates": [[[-101.44541, 26.78985], [-101.44649, 26.79012], [-101.44624, 26.79103], [-101.44518, 26.7908], [-101.44541, 26.78985]]]}}, {"id": "151925", "type": "Feature", "properties": {"id": "151925", "CVEGEO": "0500600010524003", "POBTOT": 50.0, "score_nse": 53.8053, "NSE": "C-", "VIVTOT": 15.0, "GRAPROES": 8.97, "_ent": "05", "_mun": "006", "_loc": "0001"}, "geometry": {"type": "Polygon", "coordinates": [[[-101.40277, 26.78505], [-101.40373, 26.78458], [-101.40402, 26.78509], [-101.40373, 26.78522], [-101.40408, 26.78517], [-101.40427, 26.78548], [-101.4033, 26.78594], [-101.40277, 26.78505]]]}}, {"id": "151926", "type": "Feature", "properties": {"id": "151926", "CVEGEO": "0500600820666002", "POBTOT": 0.0, "score_nse": 0.0, "NSE": null, "VIVTOT": 0.0, "GRAPROES": 0.0, "_ent": "05", "_mun": "006", "_loc": "0082"}, "geometry": {"type": "Polygon", "coordinates": [[[-101.36485, 26.64168], [-101.36488, 26.641], [-101.36381, 26.63954], [-101.36615, 26.63812], [-101.36698, 26.63956], [-101.36642, 26.63979], [-101.36701, 26.63963], [-101.36768, 26.64078], [-101.36485, 26.64168]]]}}, {"id": "151927", "type": "Feature", "properties": {"id": "151927", "CVEGEO": "0500600820666001", "POBTOT": 0.0, "score_nse": 0.0, "NSE": null, "VIVTOT": 0.0, "GRAPROES": 0.0, "_ent": "05", "_mun": "006", "_loc": "0082"}, "geometry": {"type": "Polygon", "coordinates": [[[-101.36371, 26.63961], [-101.36484, 26.64108], [-101.36475, 26.64158], [-101.36415, 26.64184], [-101.36299, 26.64001], [-101.36371, 26.63961]]]}}, {"id": "151928", "type": "Feature", "properties": {"id": "151928", "CVEGEO": "0500600710581035", "POBTOT": 0.0, "score_nse": 0.0, "NSE": null, "VIVTOT": 0.0, "GRAPROES": 0.0, "_ent": "05", "_mun": "006", "_loc": "0071"}, "geometry": {"type": "Polygon", "coordinates": [[[-101.61035, 26.75224], [-101.61016, 26.75096], [-101.61057, 26.75086], [-101.61094, 26.75215], [-101.61035, 26.75224]]]}}, {"id": "151929", "type": "Feature", "properties": {"id": "151929", "CVEGEO": "0500600710581034", "POBTOT": 0.0, "score_nse": 0.0, "NSE": null, "VIVTOT": 0.0, "GRAPROES": 0.0, "_ent": "05", "_mun": "006", "_loc": "0071"}, "geometry": {"type": "Polygon", "coordinates": [[[-101.61084, 26.75132], [-101.61177, 26.75157], [-101.61223, 26.75196], [-101.61103, 26.75215], [-101.61084, 26.75132]]]}}, {"id": "151930", "type": "Feature", "properties": {"id": "151930", "CVEGEO": "0500600180774031", "POBTOT": 0.0, "score_nse": 0.0, "NSE": null, "VIVTOT": 0.0, "GRAPROES": 0.0, "_ent": "05", "_mun": "006", "_loc": "0018"}, "geometry": {"type": "Polygon", "coordinates": [[[-101.42751, 26.37134], [-101.42732, 26.37233], [-101.42745, 26.37234], [-101.42743, 26.3725], [-101.42649, 26.37239], [-101.42665, 26.37119], [-101.42751, 26.37134]]]}}, {"id": "151931", "type": "Feature", "properties": {"id": "151931", "CVEGEO": "0500600010806035", "POBTOT": 13.0, "score_nse": 0.0, "NSE": "ND", "VIVTOT": 3.0, "GRAPROES": 12.43, "_ent": "05", "_mun": "006", "_loc": "0001"}, "geometry": {"type": "Polygon", "coordinates": [[[-101.44725, 26.79249], [-101.44782, 26.79264], [-101.44774, 26.79287], [-101.44791, 26.79266], [-101.4483, 26.79277], [-101.44797, 26.7938], [-101.44696, 26.79358], [-101.44725, 26.79249]]]}}, {"id": "151932", "type": "Feature", "properties": {"id": "151932", "CVEGEO": "0500600011024002", "POBTOT": 0.0, "score_nse": 0.0, "NSE": "ND", "VIVTOT": 0.0, "GRAPROES": 0.0, "_ent": "05", "_mun": "006", "_loc": "0001"}, "geometry": {"type": "Polygon", "coordinates": [[[-101.40018, 26.7804], [-101.40196, 26.7795], [-101.40251, 26.78031], [-101.40128, 26.7809], [-101.40091, 26.78043], [-101.40018, 26.7804]]]}}, {"id": "151933", "type": "Feature", "properties": {"id": "151933", "CVEGEO": "0500600011005043", "POBTOT": 4.0, "score_nse": 0.0, "NSE": "ND", "VIVTOT": 2.0, "GRAPROES": 0.0, "_ent": "05", "_mun": "006", "_loc": "0001"}, "geometry": {"type": "Polygon", "coordinates": [[[-101.3994, 26.77151], [-101.39993, 26.77127], [-101.40056, 26.77232], [-101.40008, 26.77256], [-101.3994, 26.77151]]]}}, {"id": "151934", "type": "Feature", "properties": {"id": "151934", "CVEGEO": "0500600010990002", "POBTOT": 43.0, "score_nse": 57.4545, "NSE": "C", "VIVTOT": 16.0, "GRAPROES": 9.81, "_ent": "05", "_mun": "006", "_loc": "0001"}, "geometry": {"type": "Polygon", "coordinates": [[[-101.44067, 26.77989], [-101.44095, 26.77818], [-101.44109, 26.77812], [-101.44185, 26.77892], [-101.44067, 26.77989]]]}}, {"id": "151935", "type": "Feature", "properties": {"id": "151935", "CVEGEO": "050060001051A014", "POBTOT": 20.0, "score_nse": 0.0, "NSE": "ND", "VIVTOT": 10.0, "GRAPROES": 10.93, "_ent": "05", "_mun": "006", "_loc": "0001"}, "geometry": {"type": "Polygon", "coordinates": [[[-101.40956, 26.78282], [-101.40904, 26.78199], [-101.40951, 26.78186], [-101.41001, 26.78261], [-101.40956, 26.78282]]]}}, {"id": "151936", "type": "Feature", "properties": {"id": "151936", "CVEGEO": "050060001051A004", "POBTOT": 34.0, "score_nse": 0.0, "NSE": "ND", "VIVTOT": 11.0, "GRAPROES": 10.0, "_ent": "05", "_mun": "006", "_loc": "0001"}, "geometry": {"type": "Polygon", "coordinates": [[[-101.41253, 26.78386], [-101.41197, 26.78304], [-101.41246, 26.78281], [-101.41302, 26.78362], [-101.41253, 26.78386]]]}}, {"id": "151937", "type": "Feature", "properties": {"id": "151937", "CVEGEO": "0500600010505034", "POBTOT": 19.0, "score_nse": 0.0, "NSE": "ND", "VIVTOT": 5.0, "GRAPROES": 10.11, "_ent": "05", "_mun": "006", "_loc": "0001"}, "geometry": {"type": "Polygon", "coordinates": [[[-101.40689, 26.78549], [-101.40704, 26.78542], [-101.40759, 26.78631], [-101.40711, 26.78654], [-101.40689, 26.78549]]]}}, {"id": "151938", "type": "Feature", "properties": {"id": "151938", "CVEGEO": "0500600010505023", "POBTOT": 83.0, "score_nse": 47.2069, "NSE": "C-", "VIVTOT": 22.0, "GRAPROES": 9.98, "_ent": "05", "_mun": "006", "_loc": "0001"}, "geometry": {"type": "Polygon", "coordinates": [[[-101.40606, 26.78832], [-101.40726, 26.78777], [-101.40745, 26.78841], [-101.40737, 26.78879], [-101.4066, 26.78922], [-101.40606, 26.78832]]]}}, {"id": "151939", "type": "Feature", "properties": {"id": "151939", "CVEGEO": "0500600010505022", "POBTOT": 8.0, "score_nse": 0.0, "NSE": "ND", "VIVTOT": 2.0, "GRAPROES": 0.0, "_ent": "05", "_mun": "006", "_loc": "0001"}, "geometry": {"type": "Polygon", "coordinates": [[[-101.40864, 26.78817], [-101.40809, 26.78843], [-101.40755, 26.78841], [-101.40739, 26.78772], [-101.4081, 26.78736], [-101.40864, 26.78817]]]}}, {"id": "151940", "type": "Feature", "properties": {"id": "151940", "CVEGEO": "0500600010488055", "POBTOT": 91.0, "score_nse": 63.8192, "NSE": "C", "VIVTOT": 29.0, "GRAPROES": 10.81, "_ent": "05", "_mun": "006", "_loc": "0001"}, "geometry": {"type": "Polygon", "coordinates": [[[-101.42786, 26.79456], [-101.42644, 26.79609], [-101.42567, 26.79567], [-101.42717, 26.79411], [-101.42786, 26.79456]]]}}, {"id": "151941", "type": "Feature", "properties": {"id": "151941", "CVEGEO": "0500600010469014", "POBTOT": 56.0, "score_nse": 0.0, "NSE": "ND", "VIVTOT": 19.0, "GRAPROES": 8.14, "_ent": "05", "_mun": "006", "_loc": "0001"}, "geometry": {"type": "Polygon", "coordinates": [[[-101.44089, 26.78867], [-101.44117, 26.78765], [-101.44222, 26.78787], [-101.4419, 26.78891], [-101.44089, 26.78867]]]}}, {"id": "151942", "type": "Feature", "properties": {"id": "151942", "CVEGEO": "0500600010469005", "POBTOT": 70.0, "score_nse": 64.9419, "NSE": "C", "VIVTOT": 23.0, "GRAPROES": 11.12, "_ent": "05", "_mun": "006", "_loc": "0001"}, "geometry": {"type": "Polygon", "coordinates": [[[-101.43824, 26.7937], [-101.43854, 26.79273], [-101.43962, 26.79297], [-101.43931, 26.79396], [-101.43824, 26.7937]]]}}, {"id": "151943", "type": "Feature", "properties": {"id": "151943", "CVEGEO": "0500600010469004", "POBTOT": 64.0, "score_nse": 61.546, "NSE": "C", "VIVTOT": 20.0, "GRAPROES": 10.21, "_ent": "05", "_mun": "006", "_loc": "0001"}, "geometry": {"type": "Polygon", "coordinates": [[[-101.43823, 26.79379], [-101.43927, 26.79404], [-101.43901, 26.79494], [-101.43799, 26.79468], [-101.43823, 26.79379]]]}}, {"id": "151944", "type": "Feature", "properties": {"id": "151944", "CVEGEO": "0500600010454028", "POBTOT": 58.0, "score_nse": 60.7427, "NSE": "C", "VIVTOT": 15.0, "GRAPROES": 10.33, "_ent": "05", "_mun": "006", "_loc": "0001"}, "geometry": {"type": "Polygon", "coordinates": [[[-101.41349, 26.76537], [-101.41456, 26.76508], [-101.4149, 26.76611], [-101.41383, 26.7664], [-101.41349, 26.76537]]]}}, {"id": "151945", "type": "Feature", "properties": {"id": "151945", "CVEGEO": "050060001044A016", "POBTOT": 41.0, "score_nse": 54.8367, "NSE": "C-", "VIVTOT": 12.0, "GRAPROES": 8.53, "_ent": "05", "_mun": "006", "_loc": "0001"}, "geometry": {"type": "Polygon", "coordinates": [[[-101.41891, 26.77398], [-101.4186, 26.77304], [-101.41964, 26.77279], [-101.41994, 26.77369], [-101.41891, 26.77398]]]}}, {"id": "151946", "type": "Feature", "properties": {"id": "151946", "CVEGEO": "050060001044A007", "POBTOT": 58.0, "score_nse": 0.0, "NSE": "ND", "VIVTOT": 17.0, "GRAPROES": 9.87, "_ent": "05", "_mun": "006", "_loc": "0001"}, "geometry": {"type": "Polygon", "coordinates": [[[-101.41812, 26.77545], [-101.41922, 26.77516], [-101.41956, 26.77614], [-101.41845, 26.77643], [-101.41812, 26.77545]]]}}, {"id": "151947", "type": "Feature", "properties": {"id": "151947", "CVEGEO": "0500600010416003", "POBTOT": 0.0, "score_nse": 0.0, "NSE": "ND", "VIVTOT": 0.0, "GRAPROES": 0.0, "_ent": "05", "_mun": "006", "_loc": "0001"}, "geometry": {"type": "Polygon", "coordinates": [[[-101.43783, 26.78571], [-101.43675, 26.78548], [-101.43701, 26.7845], [-101.43809, 26.78473], [-101.43783, 26.78571]]]}}, {"id": "151948", "type": "Feature", "properties": {"id": "151948", "CVEGEO": "0500600010401004", "POBTOT": 2.0, "score_nse": 0.0, "NSE": "ND", "VIVTOT": 1.0, "GRAPROES": 0.0, "_ent": "05", "_mun": "006", "_loc": "0001"}, "geometry": {"type": "Polygon", "coordinates": [[[-101.42881, 26.78546], [-101.42898, 26.78484], [-101.42946, 26.78497], [-101.4293, 26.78559], [-101.42881, 26.78546]]]}}, {"id": "151949", "type": "Feature", "properties": {"id": "151949", "CVEGEO": "0500600010401003", "POBTOT": 0.0, "score_nse": 0.0, "NSE": "ND", "VIVTOT": 0.0, "GRAPROES": 0.0, "_ent": "05", "_mun": "006", "_loc": "0001"}, "geometry": {"type": "Polygon", "coordinates": [[[-101.42936, 26.78561], [-101.42951, 26.78498], [-101.43024, 26.78518], [-101.43006, 26.78579], [-101.42936, 26.78561]]]}}, {"id": "151950", "type": "Feature", "properties": {"id": "151950", "CVEGEO": "0500600010399020", "POBTOT": 4.0, "score_nse": 0.0, "NSE": "ND", "VIVTOT": 2.0, "GRAPROES": 0.0, "_ent": "05", "_mun": "006", "_loc": "0001"}, "geometry": {"type": "Polygon", "coordinates": [[[-101.4181, 26.7829], [-101.41878, 26.78313], [-101.41871, 26.78387], [-101.41816, 26.78386], [-101.41788, 26.78308], [-101.4181, 26.7829]]]}}, {"id": "151951", "type": "Feature", "properties": {"id": "151951", "CVEGEO": "0500600010399019", "POBTOT": 45.0, "score_nse": 64.836, "NSE": "C", "VIVTOT": 15.0, "GRAPROES": 9.31, "_ent": "05", "_mun": "006", "_loc": "0001"}, "geometry": {"type": "Polygon", "coordinates": [[[-101.4188, 26.78389], [-101.41887, 26.78315], [-101.41989, 26.78344], [-101.41987, 26.78388], [-101.4188, 26.78389]]]}}, {"id": "151952", "type": "Feature", "properties": {"id": "151952", "CVEGEO": "0500600010350021", "POBTOT": 18.0, "score_nse": 0.0, "NSE": "ND", "VIVTOT": 5.0, "GRAPROES": 10.38, "_ent": "05", "_mun": "006", "_loc": "0001"}, "geometry": {"type": "Polygon", "coordinates": [[[-101.42718, 26.79162], [-101.42755, 26.79174], [-101.42698, 26.79232], [-101.42718, 26.79162]]]}}, {"id": "151953", "type": "Feature", "properties": {"id": "151953", "CVEGEO": "0500600010350010", "POBTOT": 54.0, "score_nse": 57.8791, "NSE": "C", "VIVTOT": 18.0, "GRAPROES": 9.77, "_ent": "05", "_mun": "006", "_loc": "0001"}, "geometry": {"type": "Polygon", "coordinates": [[[-101.41766, 26.79691], [-101.41777, 26.79643], [-101.41896, 26.79674], [-101.41886, 26.79718], [-101.41766, 26.79691]]]}}, {"id": "151954", "type": "Feature", "properties": {"id": "151954", "CVEGEO": "0500600010350009", "POBTOT": 70.0, "score_nse": 65.06, "NSE": "C", "VIVTOT": 22.0, "GRAPROES": 11.73, "_ent": "05", "_mun": "006", "_loc": "0001"}, "geometry": {"type": "Polygon", "coordinates": [[[-101.42009, 26.79738], [-101.41898, 26.79721], [-101.41928, 26.79606], [-101.4204, 26.79623], [-101.42009, 26.79738]]]}}, {"id": "151955", "type": "Feature", "properties": {"id": "151955", "CVEGEO": "0500600010346030", "POBTOT": 63.0, "score_nse": 58.6938, "NSE": "C", "VIVTOT": 18.0, "GRAPROES": 8.7, "_ent": "05", "_mun": "006", "_loc": "0001"}, "geometry": {"type": "Polygon", "coordinates": [[[-101.41785, 26.80092], [-101.41678, 26.80069], [-101.41686, 26.8003], [-101.41795, 26.8005], [-101.41785, 26.80092]]]}}, {"id": "151956", "type": "Feature", "properties": {"id": "151956", "CVEGEO": "0500600010346029", "POBTOT": 31.0, "score_nse": 65.5018, "NSE": "C", "VIVTOT": 9.0, "GRAPROES": 10.05, "_ent": "05", "_mun": "006", "_loc": "0001"}, "geometry": {"type": "Polygon", "coordinates": [[[-101.41725, 26.80303], [-101.41654, 26.80289], [-101.41643, 26.80242], [-101.41736, 26.80262], [-101.41725, 26.80303]]]}}, {"id": "151957", "type": "Feature", "properties": {"id": "151957", "CVEGEO": "0500600180774006", "POBTOT": 0.0, "score_nse": 0.0, "NSE": null, "VIVTOT": 0.0, "GRAPROES": 0.0, "_ent": "05", "_mun": "006", "_loc": "0018"}, "geometry": {"type": "Polygon", "coordinates": [[[-101.42938, 26.37447], [-101.42965, 26.37318], [-101.43012, 26.37323], [-101.42991, 26.37432], [-101.42938, 26.37447]]]}}, {"id": "151958", "type": "Feature", "properties": {"id": "151958", "CVEGEO": "0500600180774030", "POBTOT": 0.0, "score_nse": 0.0, "NSE": null, "VIVTOT": 0.0, "GRAPROES": 0.0, "_ent": "05", "_mun": "006", "_loc": "0018"}, "geometry": {"type": "Polygon", "coordinates": [[[-101.42926, 26.37253], [-101.42856, 26.3724], [-101.42863, 26.37193], [-101.42935, 26.37212], [-101.42926, 26.37253]]]}}, {"id": "151959", "type": "Feature", "properties": {"id": "151959", "CVEGEO": "0500602120647009", "POBTOT": 0.0, "score_nse": 0.0, "NSE": null, "VIVTOT": 0.0, "GRAPROES": 0.0, "_ent": "05", "_mun": "006", "_loc": "0212"}, "geometry": {"type": "Polygon", "coordinates": [[[-101.11043, 26.50618], [-101.11092, 26.50529], [-101.1118, 26.5058], [-101.11132, 26.50669], [-101.11043, 26.50618]]]}}, {"id": "151960", "type": "Feature", "properties": {"id": "151960", "CVEGEO": "0500602120647008", "POBTOT": 0.0, "score_nse": 0.0, "NSE": null, "VIVTOT": 0.0, "GRAPROES": 0.0, "_ent": "05", "_mun": "006", "_loc": "0212"}, "geometry": {"type": "Polygon", "coordinates": [[[-101.11148, 26.50672], [-101.11193, 26.50588], [-101.11282, 26.50639], [-101.11235, 26.50724], [-101.11148, 26.50672]]]}}, {"id": "151961", "type": "Feature", "properties": {"id": "151961", "CVEGEO": "0500600820666009", "POBTOT": 0.0, "score_nse": 0.0, "NSE": null, "VIVTOT": 0.0, "GRAPROES": 0.0, "_ent": "05", "_mun": "006", "_loc": "0082"}, "geometry": {"type": "Polygon", "coordinates": [[[-101.36245, 26.63909], [-101.36216, 26.63867], [-101.36286, 26.63831], [-101.36313, 26.63867], [-101.36245, 26.63909]]]}}, {"id": "151962", "type": "Feature", "properties": {"id": "151962", "CVEGEO": "0500600300914020", "POBTOT": 0.0, "score_nse": 0.0, "NSE": null, "VIVTOT": 0.0, "GRAPROES": 0.0, "_ent": "05", "_mun": "006", "_loc": "0030"}, "geometry": {"type": "Polygon", "coordinates": [[[-101.19405, 26.4394], [-101.19361, 26.43858], [-101.19414, 26.43835], [-101.19455, 26.43915], [-101.19405, 26.4394]]]}}, {"id": "151963", "type": "Feature", "properties": {"id": "151963", "CVEGEO": "0500600300914019", "POBTOT": 0.0, "score_nse": 0.0, "NSE": null, "VIVTOT": 0.0, "GRAPROES": 0.0, "_ent": "05", "_mun": "006", "_loc": "0030"}, "geometry": {"type": "Polygon", "coordinates": [[[-101.19475, 26.43916], [-101.19432, 26.43833], [-101.19472, 26.43814], [-101.19517, 26.43897], [-101.19475, 26.43916]]]}}, {"id": "151964", "type": "Feature", "properties": {"id": "151964", "CVEGEO": "0500600180774020", "POBTOT": 0.0, "score_nse": 0.0, "NSE": null, "VIVTOT": 0.0, "GRAPROES": 0.0, "_ent": "05", "_mun": "006", "_loc": "0018"}, "geometry": {"type": "Polygon", "coordinates": [[[-101.42852, 26.37052], [-101.42862, 26.36999], [-101.42884, 26.37002], [-101.42856, 26.3716], [-101.4283, 26.37154], [-101.42827, 26.37131], [-101.42838, 26.37051], [-101.42852, 26.37052]]]}}, {"id": "151965", "type": "Feature", "properties": {"id": "151965", "CVEGEO": "0500600010990001", "POBTOT": 11.0, "score_nse": 0.0, "NSE": "ND", "VIVTOT": 2.0, "GRAPROES": 0.0, "_ent": "05", "_mun": "006", "_loc": "0001"}, "geometry": {"type": "Polygon", "coordinates": [[[-101.44162, 26.77931], [-101.44156, 26.7799], [-101.44082, 26.77992], [-101.44162, 26.77931]]]}}, {"id": "151966", "type": "Feature", "properties": {"id": "151966", "CVEGEO": "0500600010929006", "POBTOT": 22.0, "score_nse": 0.0, "NSE": "ND", "VIVTOT": 6.0, "GRAPROES": 8.73, "_ent": "05", "_mun": "006", "_loc": "0001"}, "geometry": {"type": "Polygon", "coordinates": [[[-101.42858, 26.79632], [-101.42878, 26.79641], [-101.42825, 26.79701], [-101.42806, 26.79693], [-101.42858, 26.79632]]]}}, {"id": "151967", "type": "Feature", "properties": {"id": "151967", "CVEGEO": "0500600010929005", "POBTOT": 36.0, "score_nse": 66.319, "NSE": "C", "VIVTOT": 8.0, "GRAPROES": 10.25, "_ent": "05", "_mun": "006", "_loc": "0001"}, "geometry": {"type": "Polygon", "coordinates": [[[-101.42889, 26.79646], [-101.42925, 26.79664], [-101.42873, 26.79724], [-101.42836, 26.79706], [-101.42889, 26.79646]]]}}, {"id": "151968", "type": "Feature", "properties": {"id": "151968", "CVEGEO": "0500600010401023", "POBTOT": 21.0, "score_nse": 0.0, "NSE": "ND", "VIVTOT": 9.0, "GRAPROES": 10.65, "_ent": "05", "_mun": "006", "_loc": "0001"}, "geometry": {"type": "Polygon", "coordinates": [[[-101.42923, 26.78372], [-101.42879, 26.78361], [-101.42896, 26.78301], [-101.42939, 26.78313], [-101.42923, 26.78372]]]}}, {"id": "151969", "type": "Feature", "properties": {"id": "151969", "CVEGEO": "0500600010401022", "POBTOT": 20.0, "score_nse": 59.3892, "NSE": "C", "VIVTOT": 13.0, "GRAPROES": 9.31, "_ent": "05", "_mun": "006", "_loc": "0001"}, "geometry": {"type": "Polygon", "coordinates": [[[-101.42928, 26.78373], [-101.42944, 26.78314], [-101.42989, 26.78326], [-101.42974, 26.78384], [-101.42928, 26.78373]]]}}, {"id": "151970", "type": "Feature", "properties": {"id": "151970", "CVEGEO": "0500600010469060", "POBTOT": 86.0, "score_nse": 61.048, "NSE": "C", "VIVTOT": 24.0, "GRAPROES": 9.24, "_ent": "05", "_mun": "006", "_loc": "0001"}, "geometry": {"type": "Polygon", "coordinates": [[[-101.44231, 26.78292], [-101.44249, 26.78199], [-101.44356, 26.78195], [-101.44343, 26.78288], [-101.44231, 26.78292]]]}}, {"id": "151971", "type": "Feature", "properties": {"id": "151971", "CVEGEO": "0500600010469058", "POBTOT": 115.0, "score_nse": 55.7079, "NSE": "C", "VIVTOT": 39.0, "GRAPROES": 9.43, "_ent": "05", "_mun": "006", "_loc": "0001"}, "geometry": {"type": "Polygon", "coordinates": [[[-101.44165, 26.78545], [-101.44144, 26.7854], [-101.44146, 26.78473], [-101.44134, 26.78538], [-101.44057, 26.78522], [-101.44082, 26.78433], [-101.44184, 26.78457], [-101.44165, 26.78545]]]}}, {"id": "151972", "type": "Feature", "properties": {"id": "151972", "CVEGEO": "0500600010469044", "POBTOT": 44.0, "score_nse": 56.484, "NSE": "C", "VIVTOT": 15.0, "GRAPROES": 9.07, "_ent": "05", "_mun": "006", "_loc": "0001"}, "geometry": {"type": "Polygon", "coordinates": [[[-101.44046, 26.79431], [-101.4402, 26.79524], [-101.43915, 26.79497], [-101.43939, 26.79404], [-101.44046, 26.79431]]]}}, {"id": "151973", "type": "Feature", "properties": {"id": "151973", "CVEGEO": "050060001044A005", "POBTOT": 57.0, "score_nse": 55.1286, "NSE": "C", "VIVTOT": 14.0, "GRAPROES": 9.05, "_ent": "05", "_mun": "006", "_loc": "0001"}, "geometry": {"type": "Polygon", "coordinates": [[[-101.4156, 26.77724], [-101.41597, 26.77827], [-101.4147, 26.77861], [-101.41435, 26.77757], [-101.4156, 26.77724]]]}}, {"id": "151974", "type": "Feature", "properties": {"id": "151974", "CVEGEO": "0500600010435025", "POBTOT": 0.0, "score_nse": 0.0, "NSE": "ND", "VIVTOT": 0.0, "GRAPROES": 0.0, "_ent": "05", "_mun": "006", "_loc": "0001"}, "geometry": {"type": "Polygon", "coordinates": [[[-101.41653, 26.779], [-101.41628, 26.77823], [-101.41753, 26.77792], [-101.41794, 26.779], [-101.41653, 26.779]]]}}, {"id": "151975", "type": "Feature", "properties": {"id": "151975", "CVEGEO": "0500600010384023", "POBTOT": 54.0, "score_nse": 58.5674, "NSE": "C", "VIVTOT": 27.0, "GRAPROES": 10.57, "_ent": "05", "_mun": "006", "_loc": "0001"}, "geometry": {"type": "Polygon", "coordinates": [[[-101.43179, 26.7863], [-101.43147, 26.78743], [-101.43042, 26.7872], [-101.43089, 26.78605], [-101.43179, 26.7863]]]}}, {"id": "151976", "type": "Feature", "properties": {"id": "151976", "CVEGEO": "0500600010384022", "POBTOT": 0.0, "score_nse": 0.0, "NSE": "ND", "VIVTOT": 0.0, "GRAPROES": 0.0, "_ent": "05", "_mun": "006", "_loc": "0001"}, "geometry": {"type": "Polygon", "coordinates": [[[-101.42795, 26.78665], [-101.42805, 26.78623], [-101.42852, 26.78633], [-101.42841, 26.78675], [-101.42795, 26.78665]]]}}, {"id": "151977", "type": "Feature", "properties": {"id": "151977", "CVEGEO": "0500600010365021", "POBTOT": 57.0, "score_nse": 63.7174, "NSE": "C", "VIVTOT": 23.0, "GRAPROES": 10.35, "_ent": "05", "_mun": "006", "_loc": "0001"}, "geometry": {"type": "Polygon", "coordinates": [[[-101.43475, 26.79287], [-101.43501, 26.79192], [-101.43612, 26.79219], [-101.43587, 26.79314], [-101.43475, 26.79287]]]}}, {"id": "151978", "type": "Feature", "properties": {"id": "151978", "CVEGEO": "0500600010365020", "POBTOT": 34.0, "score_nse": 62.72, "NSE": "C", "VIVTOT": 12.0, "GRAPROES": 11.04, "_ent": "05", "_mun": "006", "_loc": "0001"}, "geometry": {"type": "Polygon", "coordinates": [[[-101.43596, 26.79316], [-101.43621, 26.79221], [-101.43721, 26.79243], [-101.43697, 26.79339], [-101.43596, 26.79316]]]}}, {"id": "151979", "type": "Feature", "properties": {"id": "151979", "CVEGEO": "0500600010365012", "POBTOT": 50.0, "score_nse": 62.82, "NSE": "C", "VIVTOT": 15.0, "GRAPROES": 9.88, "_ent": "05", "_mun": "006", "_loc": "0001"}, "geometry": {"type": "Polygon", "coordinates": [[[-101.43298, 26.79468], [-101.43325, 26.79376], [-101.43431, 26.79401], [-101.43407, 26.79494], [-101.43298, 26.79468]]]}}, {"id": "151980", "type": "Feature", "properties": {"id": "151980", "CVEGEO": "0500600110736005", "POBTOT": 0.0, "score_nse": 0.0, "NSE": null, "VIVTOT": 0.0, "GRAPROES": 0.0, "_ent": "05", "_mun": "006", "_loc": "0011"}, "geometry": {"type": "Polygon", "coordinates": [[[-101.27539, 26.49434], [-101.27472, 26.49375], [-101.27519, 26.49339], [-101.2758, 26.49391], [-101.27539, 26.49434]]]}}, {"id": "151981", "type": "Feature", "properties": {"id": "151981", "CVEGEO": "0500600010469015", "POBTOT": 46.0, "score_nse": 59.508, "NSE": "C", "VIVTOT": 20.0, "GRAPROES": 9.53, "_ent": "05", "_mun": "006", "_loc": "0001"}, "geometry": {"type": "Polygon", "coordinates": [[[-101.44076, 26.78864], [-101.43976, 26.78841], [-101.43997, 26.7874], [-101.44108, 26.78763], [-101.44076, 26.78864]]]}}, {"id": "151982", "type": "Feature", "properties": {"id": "151982", "CVEGEO": "050060273090A003", "POBTOT": 0.0, "score_nse": 0.0, "NSE": null, "VIVTOT": 0.0, "GRAPROES": 0.0, "_ent": "05", "_mun": "006", "_loc": "0273"}, "geometry": {"type": "Polygon", "coordinates": [[[-101.11098, 26.26777], [-101.11199, 26.26752], [-101.11223, 26.26778], [-101.11228, 26.26835], [-101.11177, 26.26843], [-101.11164, 26.26812], [-101.1117, 26.26844], [-101.11147, 26.26847], [-101.11134, 26.26816], [-101.1114, 26.26848], [-101.1112, 26.26851], [-101.11098, 26.26777]]]}}, {"id": "151983", "type": "Feature", "properties": {"id": "151983", "CVEGEO": "0500600710581025", "POBTOT": 0.0, "score_nse": 0.0, "NSE": null, "VIVTOT": 0.0, "GRAPROES": 0.0, "_ent": "05", "_mun": "006", "_loc": "0071"}, "geometry": {"type": "Polygon", "coordinates": [[[-101.61385, 26.75184], [-101.61423, 26.75184], [-101.61465, 26.75255], [-101.61473, 26.75321], [-101.61417, 26.75328], [-101.61385, 26.75184]]]}}, {"id": "151984", "type": "Feature", "properties": {"id": "151984", "CVEGEO": "0500600710581014", "POBTOT": 0.0, "score_nse": 0.0, "NSE": null, "VIVTOT": 0.0, "GRAPROES": 0.0, "_ent": "05", "_mun": "006", "_loc": "0071"}, "geometry": {"type": "Polygon", "coordinates": [[[-101.61605, 26.75504], [-101.61566, 26.75395], [-101.61608, 26.75367], [-101.61689, 26.75355], [-101.61728, 26.75456], [-101.61605, 26.75504]]]}}, {"id": "151985", "type": "Feature", "properties": {"id": "151985", "CVEGEO": "0500600390581019", "POBTOT": 0.0, "score_nse": 0.0, "NSE": null, "VIVTOT": 0.0, "GRAPROES": 0.0, "_ent": "05", "_mun": "006", "_loc": "0039"}, "geometry": {"type": "Polygon", "coordinates": [[[-101.49969, 26.76589], [-101.49976, 26.76509], [-101.50198, 26.76541], [-101.50195, 26.76602], [-101.49969, 26.76589]]]}}, {"id": "151986", "type": "Feature", "properties": {"id": "151986", "CVEGEO": "0500600180774007", "POBTOT": 0.0, "score_nse": 0.0, "NSE": null, "VIVTOT": 0.0, "GRAPROES": 0.0, "_ent": "05", "_mun": "006", "_loc": "0018"}, "geometry": {"type": "Polygon", "coordinates": [[[-101.4289, 26.37388], [-101.42918, 26.37308], [-101.42958, 26.37316], [-101.42939, 26.37401], [-101.4289, 26.37388]]]}}, {"id": "151987", "type": "Feature", "properties": {"id": "151987", "CVEGEO": "0500600010488032", "POBTOT": 8.0, "score_nse": 0.0, "NSE": "ND", "VIVTOT": 3.0, "GRAPROES": 0.0, "_ent": "05", "_mun": "006", "_loc": "0001"}, "geometry": {"type": "Polygon", "coordinates": [[[-101.43305, 26.78818], [-101.43252, 26.79015], [-101.43086, 26.78971], [-101.43189, 26.78793], [-101.43305, 26.78818]]]}}, {"id": "151988", "type": "Feature", "properties": {"id": "151988", "CVEGEO": "0500600010488022", "POBTOT": 49.0, "score_nse": 67.2732, "NSE": "C", "VIVTOT": 17.0, "GRAPROES": 10.82, "_ent": "05", "_mun": "006", "_loc": "0001"}, "geometry": {"type": "Polygon", "coordinates": [[[-101.42878, 26.79371], [-101.42958, 26.79286], [-101.43111, 26.79323], [-101.43043, 26.79409], [-101.42878, 26.79371]]]}}, {"id": "151989", "type": "Feature", "properties": {"id": "151989", "CVEGEO": "0500600010435010", "POBTOT": 68.0, "score_nse": 61.8678, "NSE": "C", "VIVTOT": 23.0, "GRAPROES": 8.94, "_ent": "05", "_mun": "006", "_loc": "0001"}, "geometry": {"type": "Polygon", "coordinates": [[[-101.41803, 26.78145], [-101.41814, 26.78021], [-101.41906, 26.78022], [-101.41896, 26.78146], [-101.41803, 26.78145]]]}}, {"id": "151990", "type": "Feature", "properties": {"id": "151990", "CVEGEO": "0500600010435009", "POBTOT": 53.0, "score_nse": 62.5527, "NSE": "C", "VIVTOT": 22.0, "GRAPROES": 9.42, "_ent": "05", "_mun": "006", "_loc": "0001"}, "geometry": {"type": "Polygon", "coordinates": [[[-101.4198, 26.78146], [-101.41903, 26.78146], [-101.41915, 26.78023], [-101.41959, 26.78023], [-101.4198, 26.78146]]]}}, {"id": "151991", "type": "Feature", "properties": {"id": "151991", "CVEGEO": "050060273090A019", "POBTOT": 0.0, "score_nse": 0.0, "NSE": null, "VIVTOT": 0.0, "GRAPROES": 0.0, "_ent": "05", "_mun": "006", "_loc": "0273"}, "geometry": {"type": "Polygon", "coordinates": [[[-101.11072, 26.26392], [-101.1096, 26.26375], [-101.11228, 26.2629], [-101.11218, 26.2643], [-101.11155, 26.26456], [-101.11072, 26.26392]]]}}, {"id": "151992", "type": "Feature", "properties": {"id": "151992", "CVEGEO": "0500600710581033", "POBTOT": 0.0, "score_nse": 0.0, "NSE": null, "VIVTOT": 0.0, "GRAPROES": 0.0, "_ent": "05", "_mun": "006", "_loc": "0071"}, "geometry": {"type": "Polygon", "coordinates": [[[-101.61274, 26.75163], [-101.61353, 26.75159], [-101.61371, 26.75175], [-101.61279, 26.75188], [-101.61274, 26.75163]]]}}, {"id": "151993", "type": "Feature", "properties": {"id": "151993", "CVEGEO": "050060273090A020", "POBTOT": 0.0, "score_nse": 0.0, "NSE": null, "VIVTOT": 0.0, "GRAPROES": 0.0, "_ent": "05", "_mun": "006", "_loc": "0273"}, "geometry": {"type": "Polygon", "coordinates": [[[-101.10896, 26.26511], [-101.10847, 26.26409], [-101.10907, 26.26377], [-101.10955, 26.26381], [-101.10997, 26.26502], [-101.10896, 26.26511]]]}}, {"id": "151994", "type": "Feature", "properties": {"id": "151994", "CVEGEO": "050060273090A024", "POBTOT": 0.0, "score_nse": 0.0, "NSE": null, "VIVTOT": 0.0, "GRAPROES": 0.0, "_ent": "05", "_mun": "006", "_loc": "0273"}, "geometry": {"type": "Polygon", "coordinates": [[[-101.11229, 26.26929], [-101.11204, 26.26934], [-101.11179, 26.26849], [-101.11228, 26.26842], [-101.11229, 26.26929]]]}}, {"id": "151995", "type": "Feature", "properties": {"id": "151995", "CVEGEO": "050060273090A022", "POBTOT": 0.0, "score_nse": 0.0, "NSE": null, "VIVTOT": 0.0, "GRAPROES": 0.0, "_ent": "05", "_mun": "006", "_loc": "0273"}, "geometry": {"type": "Polygon", "coordinates": [[[-101.10791, 26.26291], [-101.10908, 26.2629], [-101.10952, 26.26374], [-101.10904, 26.26371], [-101.10845, 26.26403], [-101.10791, 26.26291]]]}}, {"id": "151996", "type": "Feature", "properties": {"id": "151996", "CVEGEO": "050060273090A018", "POBTOT": 0.0, "score_nse": 0.0, "NSE": null, "VIVTOT": 0.0, "GRAPROES": 0.0, "_ent": "05", "_mun": "006", "_loc": "0273"}, "geometry": {"type": "Polygon", "coordinates": [[[-101.10845, 26.26489], [-101.10825, 26.26448], [-101.10841, 26.26412], [-101.10919, 26.26575], [-101.10861, 26.26591], [-101.10845, 26.26489]]]}}, {"id": "151997", "type": "Feature", "properties": {"id": "151997", "CVEGEO": "050060273090A016", "POBTOT": 0.0, "score_nse": 0.0, "NSE": null, "VIVTOT": 0.0, "GRAPROES": 0.0, "_ent": "05", "_mun": "006", "_loc": "0273"}, "geometry": {"type": "Polygon", "coordinates": [[[-101.10963, 26.26382], [-101.11068, 26.26397], [-101.11153, 26.26462], [-101.11011, 26.26523], [-101.10963, 26.26382]]]}}, {"id": "151998", "type": "Feature", "properties": {"id": "151998", "CVEGEO": "050060273090A015", "POBTOT": 0.0, "score_nse": 0.0, "NSE": null, "VIVTOT": 0.0, "GRAPROES": 0.0, "_ent": "05", "_mun": "006", "_loc": "0273"}, "geometry": {"type": "Polygon", "coordinates": [[[-101.11154, 26.26475], [-101.11162, 26.2646], [-101.11217, 26.26437], [-101.11211, 26.26515], [-101.11154, 26.26475]]]}}, {"id": "151999", "type": "Feature", "properties": {"id": "151999", "CVEGEO": "050060273090A014", "POBTOT": 0.0, "score_nse": 0.0, "NSE": null, "VIVTOT": 0.0, "GRAPROES": 0.0, "_ent": "05", "_mun": "006", "_loc": "0273"}, "geometry": {"type": "Polygon", "coordinates": [[[-101.11147, 26.26576], [-101.11108, 26.26489], [-101.11148, 26.26479], [-101.11211, 26.26522], [-101.11207, 26.26577], [-101.11147, 26.26576]]]}}, {"id": "152000", "type": "Feature", "properties": {"id": "152000", "CVEGEO": "050060273090A013", "POBTOT": 0.0, "score_nse": 0.0, "NSE": null, "VIVTOT": 0.0, "GRAPROES": 0.0, "_ent": "05", "_mun": "006", "_loc": "0273"}, "geometry": {"type": "Polygon", "coordinates": [[[-101.10862, 26.26597], [-101.10921, 26.26581], [-101.10963, 26.26668], [-101.10877, 26.26685], [-101.10862, 26.26597]]]}}, {"id": "152001", "type": "Feature", "properties": {"id": "152001", "CVEGEO": "050060273090A011", "POBTOT": 0.0, "score_nse": 0.0, "NSE": null, "VIVTOT": 0.0, "GRAPROES": 0.0, "_ent": "05", "_mun": "006", "_loc": "0273"}, "geometry": {"type": "Polygon", "coordinates": [[[-101.11013, 26.26529], [-101.11101, 26.2649], [-101.11162, 26.26628], [-101.11096, 26.26641], [-101.11077, 26.26584], [-101.11089, 26.26642], [-101.11054, 26.26649], [-101.11013, 26.26529]]]}}, {"id": "152002", "type": "Feature", "properties": {"id": "152002", "CVEGEO": "0500600710581006", "POBTOT": 0.0, "score_nse": 0.0, "NSE": null, "VIVTOT": 0.0, "GRAPROES": 0.0, "_ent": "05", "_mun": "006", "_loc": "0071"}, "geometry": {"type": "Polygon", "coordinates": [[[-101.61486, 26.75756], [-101.61459, 26.7573], [-101.61443, 26.75679], [-101.61651, 26.75642], [-101.61686, 26.75732], [-101.61486, 26.75756]]]}}, {"id": "152003", "type": "Feature", "properties": {"id": "152003", "CVEGEO": "0500600710581005", "POBTOT": 0.0, "score_nse": 0.0, "NSE": null, "VIVTOT": 0.0, "GRAPROES": 0.0, "_ent": "05", "_mun": "006", "_loc": "0071"}, "geometry": {"type": "Polygon", "coordinates": [[[-101.61695, 26.75731], [-101.61661, 26.75642], [-101.61778, 26.7562], [-101.618, 26.75715], [-101.61695, 26.75731]]]}}, {"id": "152004", "type": "Feature", "properties": {"id": "152004", "CVEGEO": "0500600710581004", "POBTOT": 0.0, "score_nse": 0.0, "NSE": null, "VIVTOT": 0.0, "GRAPROES": 0.0, "_ent": "05", "_mun": "006", "_loc": "0071"}, "geometry": {"type": "Polygon", "coordinates": [[[-101.61075, 26.75836], [-101.61068, 26.75819], [-101.61107, 26.75814], [-101.61115, 26.75829], [-101.61075, 26.75836]]]}}, {"id": "152005", "type": "Feature", "properties": {"id": "152005", "CVEGEO": "0500600710581003", "POBTOT": 0.0, "score_nse": 0.0, "NSE": null, "VIVTOT": 0.0, "GRAPROES": 0.0, "_ent": "05", "_mun": "006", "_loc": "0071"}, "geometry": {"type": "Polygon", "coordinates": [[[-101.61148, 26.75851], [-101.61114, 26.75814], [-101.61208, 26.75793], [-101.61148, 26.75851]]]}}, {"id": "152006", "type": "Feature", "properties": {"id": "152006", "CVEGEO": "0500600710581002", "POBTOT": 0.0, "score_nse": 0.0, "NSE": null, "VIVTOT": 0.0, "GRAPROES": 0.0, "_ent": "05", "_mun": "006", "_loc": "0071"}, "geometry": {"type": "Polygon", "coordinates": [[[-101.61732, 26.75833], [-101.61698, 26.75739], [-101.61801, 26.75725], [-101.61823, 26.75819], [-101.61732, 26.75833]]]}}, {"id": "152007", "type": "Feature", "properties": {"id": "152007", "CVEGEO": "0500600660755004", "POBTOT": 0.0, "score_nse": 0.0, "NSE": null, "VIVTOT": 0.0, "GRAPROES": 0.0, "_ent": "05", "_mun": "006", "_loc": "0066"}, "geometry": {"type": "Polygon", "coordinates": [[[-101.35827, 26.39404], [-101.35827, 26.39458], [-101.35975, 26.39514], [-101.35981, 26.39536], [-101.3589, 26.39658], [-101.35867, 26.39668], [-101.35835, 26.39621], [-101.3585, 26.39607], [-101.3588, 26.39615], [-101.35845, 26.39593], [-101.35877, 26.3957], [-101.35846, 26.39574], [-101.35849, 26.39531], [-101.35838, 26.39584], [-101.35708, 26.39579], [-101.35712, 26.39407], [-101.35827, 26.39404]]]}}, {"id": "152008", "type": "Feature", "properties": {"id": "152008", "CVEGEO": "0500600660755003", "POBTOT": 0.0, "score_nse": 0.0, "NSE": null, "VIVTOT": 0.0, "GRAPROES": 0.0, "_ent": "05", "_mun": "006", "_loc": "0066"}, "geometry": {"type": "Polygon", "coordinates": [[[-101.35594, 26.39816], [-101.356, 26.39505], [-101.35674, 26.39504], [-101.35654, 26.39823], [-101.35594, 26.39816]]]}}, {"id": "152009", "type": "Feature", "properties": {"id": "152009", "CVEGEO": "0500600660755002", "POBTOT": 0.0, "score_nse": 0.0, "NSE": null, "VIVTOT": 0.0, "GRAPROES": 0.0, "_ent": "05", "_mun": "006", "_loc": "0066"}, "geometry": {"type": "Polygon", "coordinates": [[[-101.35822, 26.39591], [-101.35828, 26.39649], [-101.35849, 26.39641], [-101.3591, 26.3971], [-101.3574, 26.39792], [-101.35704, 26.39797], [-101.35708, 26.39586], [-101.35822, 26.39591]]]}}, {"id": "152010", "type": "Feature", "properties": {"id": "152010", "CVEGEO": "0500600660755001", "POBTOT": 0.0, "score_nse": 0.0, "NSE": null, "VIVTOT": 0.0, "GRAPROES": 0.0, "_ent": "05", "_mun": "006", "_loc": "0066"}, "geometry": {"type": "Polygon", "coordinates": [[[-101.35652, 26.39946], [-101.35666, 26.39946], [-101.35664, 26.40029], [-101.3559, 26.40029], [-101.35594, 26.39827], [-101.35654, 26.39838], [-101.35652, 26.39946]]]}}, {"id": "152011", "type": "Feature", "properties": {"id": "152011", "CVEGEO": "050060273090A017", "POBTOT": 0.0, "score_nse": 0.0, "NSE": null, "VIVTOT": 0.0, "GRAPROES": 0.0, "_ent": "05", "_mun": "006", "_loc": "0273"}, "geometry": {"type": "Polygon", "coordinates": [[[-101.10899, 26.26517], [-101.10999, 26.26509], [-101.11013, 26.2655], [-101.10925, 26.26573], [-101.10899, 26.26517]]]}}, {"id": "152012", "type": "Feature", "properties": {"id": "152012", "CVEGEO": "0500600450717012", "POBTOT": 0.0, "score_nse": 0.0, "NSE": null, "VIVTOT": 0.0, "GRAPROES": 0.0, "_ent": "05", "_mun": "006", "_loc": "0045"}, "geometry": {"type": "Polygon", "coordinates": [[[-101.18392, 26.60642], [-101.18358, 26.6064], [-101.18389, 26.60444], [-101.18435, 26.60426], [-101.18392, 26.60642]]]}}, {"id": "152013", "type": "Feature", "properties": {"id": "152013", "CVEGEO": "0500600450717011", "POBTOT": 0.0, "score_nse": 0.0, "NSE": null, "VIVTOT": 0.0, "GRAPROES": 0.0, "_ent": "05", "_mun": "006", "_loc": "0045"}, "geometry": {"type": "Polygon", "coordinates": [[[-101.184, 26.60643], [-101.1842, 26.60546], [-101.18516, 26.60548], [-101.18507, 26.60656], [-101.184, 26.60643]]]}}, {"id": "152014", "type": "Feature", "properties": {"id": "152014", "CVEGEO": "0500600450717010", "POBTOT": 0.0, "score_nse": 0.0, "NSE": null, "VIVTOT": 0.0, "GRAPROES": 0.0, "_ent": "05", "_mun": "006", "_loc": "0045"}, "geometry": {"type": "Polygon", "coordinates": [[[-101.18515, 26.60657], [-101.18527, 26.60519], [-101.18477, 26.60409], [-101.18687, 26.60391], [-101.18646, 26.60493], [-101.18534, 26.60659], [-101.18515, 26.60657]]]}}, {"id": "152015", "type": "Feature", "properties": {"id": "152015", "CVEGEO": "0500600450717009", "POBTOT": 0.0, "score_nse": 0.0, "NSE": null, "VIVTOT": 0.0, "GRAPROES": 0.0, "_ent": "05", "_mun": "006", "_loc": "0045"}, "geometry": {"type": "Polygon", "coordinates": [[[-101.18624, 26.60539], [-101.18666, 26.60555], [-101.18639, 26.60618], [-101.18585, 26.60666], [-101.18543, 26.6066], [-101.18624, 26.60539]]]}}, {"id": "152016", "type": "Feature", "properties": {"id": "152016", "CVEGEO": "0500600450717005", "POBTOT": 0.0, "score_nse": 0.0, "NSE": null, "VIVTOT": 0.0, "GRAPROES": 0.0, "_ent": "05", "_mun": "006", "_loc": "0045"}, "geometry": {"type": "Polygon", "coordinates": [[[-101.18149, 26.60711], [-101.1815, 26.60657], [-101.1838, 26.60647], [-101.18352, 26.60726], [-101.18149, 26.60711]]]}}, {"id": "152017", "type": "Feature", "properties": {"id": "152017", "CVEGEO": "0500600450717004", "POBTOT": 0.0, "score_nse": 0.0, "NSE": null, "VIVTOT": 0.0, "GRAPROES": 0.0, "_ent": "05", "_mun": "006", "_loc": "0045"}, "geometry": {"type": "Polygon", "coordinates": [[[-101.18516, 26.60722], [-101.18559, 26.60727], [-101.18506, 26.60773], [-101.18516, 26.60722]]]}}, {"id": "152018", "type": "Feature", "properties": {"id": "152018", "CVEGEO": "0500600450717002", "POBTOT": 0.0, "score_nse": 0.0, "NSE": null, "VIVTOT": 0.0, "GRAPROES": 0.0, "_ent": "05", "_mun": "006", "_loc": "0045"}, "geometry": {"type": "Polygon", "coordinates": [[[-101.1812, 26.6081], [-101.18148, 26.60718], [-101.18349, 26.60733], [-101.18318, 26.60818], [-101.1812, 26.6081]]]}}, {"id": "152019", "type": "Feature", "properties": {"id": "152019", "CVEGEO": "050060044076A004", "POBTOT": 0.0, "score_nse": 0.0, "NSE": null, "VIVTOT": 0.0, "GRAPROES": 0.0, "_ent": "05", "_mun": "006", "_loc": "0044"}, "geometry": {"type": "Polygon", "coordinates": [[[-101.14743, 26.3019], [-101.14594, 26.30183], [-101.1459, 26.3013], [-101.14702, 26.30085], [-101.14761, 26.30098], [-101.14743, 26.3019]]]}}, {"id": "152020", "type": "Feature", "properties": {"id": "152020", "CVEGEO": "050060044076A003", "POBTOT": 0.0, "score_nse": 0.0, "NSE": null, "VIVTOT": 0.0, "GRAPROES": 0.0, "_ent": "05", "_mun": "006", "_loc": "0044"}, "geometry": {"type": "Polygon", "coordinates": [[[-101.14609, 26.30244], [-101.14627, 26.30199], [-101.14745, 26.30199], [-101.14738, 26.30248], [-101.14609, 26.30244]]]}}, {"id": "152021", "type": "Feature", "properties": {"id": "152021", "CVEGEO": "050060044076A006", "POBTOT": 0.0, "score_nse": 0.0, "NSE": null, "VIVTOT": 0.0, "GRAPROES": 0.0, "_ent": "05", "_mun": "006", "_loc": "0044"}, "geometry": {"type": "Polygon", "coordinates": [[[-101.1464, 26.30547], [-101.14611, 26.30491], [-101.14595, 26.30495], [-101.14556, 26.30462], [-101.14632, 26.30415], [-101.14658, 26.30429], [-101.14697, 26.30509], [-101.1464, 26.30547]]]}}, {"id": "152022", "type": "Feature", "properties": {"id": "152022", "CVEGEO": "050060044076A007", "POBTOT": 0.0, "score_nse": 0.0, "NSE": null, "VIVTOT": 0.0, "GRAPROES": 0.0, "_ent": "05", "_mun": "006", "_loc": "0044"}, "geometry": {"type": "Polygon", "coordinates": [[[-101.14734, 26.30412], [-101.14699, 26.30346], [-101.14725, 26.30317], [-101.14803, 26.30367], [-101.14806, 26.30382], [-101.14734, 26.30412]]]}}, {"id": "152023", "type": "Feature", "properties": {"id": "152023", "CVEGEO": "050060044076A008", "POBTOT": 0.0, "score_nse": 0.0, "NSE": null, "VIVTOT": 0.0, "GRAPROES": 0.0, "_ent": "05", "_mun": "006", "_loc": "0044"}, "geometry": {"type": "Polygon", "coordinates": [[[-101.14677, 26.3044], [-101.14654, 26.30399], [-101.147, 26.30379], [-101.14724, 26.30418], [-101.14677, 26.3044]]]}}, {"id": "152024", "type": "Feature", "properties": {"id": "152024", "CVEGEO": "050060044076A005", "POBTOT": 0.0, "score_nse": 0.0, "NSE": null, "VIVTOT": 0.0, "GRAPROES": 0.0, "_ent": "05", "_mun": "006", "_loc": "0044"}, "geometry": {"type": "Polygon", "coordinates": [[[-101.1471, 26.30508], [-101.14685, 26.30482], [-101.1468, 26.3045], [-101.14733, 26.30427], [-101.14771, 26.30475], [-101.1471, 26.30508]]]}}, {"id": "152025", "type": "Feature", "properties": {"id": "152025", "CVEGEO": "050060044076A001", "POBTOT": 0.0, "score_nse": 0.0, "NSE": null, "VIVTOT": 0.0, "GRAPROES": 0.0, "_ent": "05", "_mun": "006", "_loc": "0044"}, "geometry": {"type": "Polygon", "coordinates": [[[-101.14613, 26.30576], [-101.14788, 26.30485], [-101.14795, 26.30512], [-101.1483, 26.3054], [-101.1469, 26.30613], [-101.14632, 26.30661], [-101.14613, 26.30576]]]}}, {"id": "152026", "type": "Feature", "properties": {"id": "152026", "CVEGEO": "050060044076A002", "POBTOT": 0.0, "score_nse": 0.0, "NSE": null, "VIVTOT": 0.0, "GRAPROES": 0.0, "_ent": "05", "_mun": "006", "_loc": "0044"}, "geometry": {"type": "Polygon", "coordinates": [[[-101.14771, 26.30097], [-101.1495, 26.30078], [-101.14959, 26.30149], [-101.14755, 26.30188], [-101.14771, 26.30097]]]}}, {"id": "152027", "type": "Feature", "properties": {"id": "152027", "CVEGEO": "0500600390581020", "POBTOT": 0.0, "score_nse": 0.0, "NSE": null, "VIVTOT": 0.0, "GRAPROES": 0.0, "_ent": "05", "_mun": "006", "_loc": "0039"}, "geometry": {"type": "Polygon", "coordinates": [[[-101.49824, 26.76581], [-101.49825, 26.76542], [-101.49963, 26.76547], [-101.49959, 26.76588], [-101.49824, 26.76581]]]}}, {"id": "152028", "type": "Feature", "properties": {"id": "152028", "CVEGEO": "0500600390581017", "POBTOT": 0.0, "score_nse": 0.0, "NSE": null, "VIVTOT": 0.0, "GRAPROES": 0.0, "_ent": "05", "_mun": "006", "_loc": "0039"}, "geometry": {"type": "Polygon", "coordinates": [[[-101.49961, 26.76686], [-101.49968, 26.76598], [-101.50079, 26.76604], [-101.50075, 26.76695], [-101.49961, 26.76686]]]}}, {"id": "152029", "type": "Feature", "properties": {"id": "152029", "CVEGEO": "0500600390581016", "POBTOT": 0.0, "score_nse": 0.0, "NSE": null, "VIVTOT": 0.0, "GRAPROES": 0.0, "_ent": "05", "_mun": "006", "_loc": "0039"}, "geometry": {"type": "Polygon", "coordinates": [[[-101.50085, 26.76696], [-101.50089, 26.76605], [-101.50194, 26.76611], [-101.50188, 26.76704], [-101.50085, 26.76696]]]}}, {"id": "152030", "type": "Feature", "properties": {"id": "152030", "CVEGEO": "0500600390581015", "POBTOT": 0.0, "score_nse": 0.0, "NSE": null, "VIVTOT": 0.0, "GRAPROES": 0.0, "_ent": "05", "_mun": "006", "_loc": "0039"}, "geometry": {"type": "Polygon", "coordinates": [[[-101.50198, 26.76704], [-101.50204, 26.76611], [-101.5031, 26.76617], [-101.50305, 26.76712], [-101.50198, 26.76704]]]}}, {"id": "152031", "type": "Feature", "properties": {"id": "152031", "CVEGEO": "0500600390581014", "POBTOT": 0.0, "score_nse": 0.0, "NSE": null, "VIVTOT": 0.0, "GRAPROES": 0.0, "_ent": "05", "_mun": "006", "_loc": "0039"}, "geometry": {"type": "Polygon", "coordinates": [[[-101.50315, 26.76713], [-101.5032, 26.76618], [-101.50425, 26.76623], [-101.50416, 26.76721], [-101.50315, 26.76713]]]}}, {"id": "152032", "type": "Feature", "properties": {"id": "152032", "CVEGEO": "0500600390581013", "POBTOT": 0.0, "score_nse": 0.0, "NSE": null, "VIVTOT": 0.0, "GRAPROES": 0.0, "_ent": "05", "_mun": "006", "_loc": "0039"}, "geometry": {"type": "Polygon", "coordinates": [[[-101.50426, 26.76722], [-101.50435, 26.76624], [-101.50465, 26.76626], [-101.50436, 26.76615], [-101.5045, 26.76558], [-101.50494, 26.76618], [-101.50485, 26.76726], [-101.50426, 26.76722]]]}}, {"id": "152033", "type": "Feature", "properties": {"id": "152033", "CVEGEO": "0500600390581011", "POBTOT": 0.0, "score_nse": 0.0, "NSE": null, "VIVTOT": 0.0, "GRAPROES": 0.0, "_ent": "05", "_mun": "006", "_loc": "0039"}, "geometry": {"type": "Polygon", "coordinates": [[[-101.49953, 26.76791], [-101.4996, 26.76696], [-101.50074, 26.76704], [-101.50069, 26.76804], [-101.49953, 26.76791]]]}}, {"id": "152034", "type": "Feature", "properties": {"id": "152034", "CVEGEO": "0500600390581010", "POBTOT": 0.0, "score_nse": 0.0, "NSE": null, "VIVTOT": 0.0, "GRAPROES": 0.0, "_ent": "05", "_mun": "006", "_loc": "0039"}, "geometry": {"type": "Polygon", "coordinates": [[[-101.50079, 26.76805], [-101.50084, 26.76705], [-101.50188, 26.76713], [-101.50181, 26.76817], [-101.50079, 26.76805]]]}}, {"id": "152035", "type": "Feature", "properties": {"id": "152035", "CVEGEO": "0500600300914029", "POBTOT": 0.0, "score_nse": 0.0, "NSE": null, "VIVTOT": 0.0, "GRAPROES": 0.0, "_ent": "05", "_mun": "006", "_loc": "0030"}, "geometry": {"type": "Polygon", "coordinates": [[[-101.19166, 26.43934], [-101.19149, 26.43885], [-101.19207, 26.4386], [-101.19234, 26.43907], [-101.19166, 26.43934]]]}}, {"id": "152036", "type": "Feature", "properties": {"id": "152036", "CVEGEO": "0500600300914028", "POBTOT": 0.0, "score_nse": 0.0, "NSE": null, "VIVTOT": 0.0, "GRAPROES": 0.0, "_ent": "05", "_mun": "006", "_loc": "0030"}, "geometry": {"type": "Polygon", "coordinates": [[[-101.19239, 26.43904], [-101.19213, 26.43858], [-101.19271, 26.43832], [-101.19297, 26.43881], [-101.19239, 26.43904]]]}}, {"id": "152037", "type": "Feature", "properties": {"id": "152037", "CVEGEO": "0500600390581007", "POBTOT": 0.0, "score_nse": 0.0, "NSE": null, "VIVTOT": 0.0, "GRAPROES": 0.0, "_ent": "05", "_mun": "006", "_loc": "0039"}, "geometry": {"type": "Polygon", "coordinates": [[[-101.50415, 26.76844], [-101.50425, 26.76731], [-101.50484, 26.76735], [-101.50478, 26.76802], [-101.50573, 26.76813], [-101.50569, 26.76862], [-101.50415, 26.76844]]]}}, {"id": "152038", "type": "Feature", "properties": {"id": "152038", "CVEGEO": "0500600390581005", "POBTOT": 0.0, "score_nse": 0.0, "NSE": null, "VIVTOT": 0.0, "GRAPROES": 0.0, "_ent": "05", "_mun": "006", "_loc": "0039"}, "geometry": {"type": "Polygon", "coordinates": [[[-101.49945, 26.7688], [-101.49952, 26.768], [-101.50069, 26.76813], [-101.50064, 26.76915], [-101.49945, 26.7688]]]}}, {"id": "152039", "type": "Feature", "properties": {"id": "152039", "CVEGEO": "0500600390581004", "POBTOT": 0.0, "score_nse": 0.0, "NSE": null, "VIVTOT": 0.0, "GRAPROES": 0.0, "_ent": "05", "_mun": "006", "_loc": "0039"}, "geometry": {"type": "Polygon", "coordinates": [[[-101.50074, 26.76918], [-101.50079, 26.76814], [-101.5018, 26.76826], [-101.50173, 26.76947], [-101.50074, 26.76918]]]}}, {"id": "152040", "type": "Feature", "properties": {"id": "152040", "CVEGEO": "0500600390581003", "POBTOT": 0.0, "score_nse": 0.0, "NSE": null, "VIVTOT": 0.0, "GRAPROES": 0.0, "_ent": "05", "_mun": "006", "_loc": "0039"}, "geometry": {"type": "Polygon", "coordinates": [[[-101.50292, 26.7697], [-101.50183, 26.7695], [-101.5019, 26.76827], [-101.50299, 26.7684], [-101.50292, 26.7697]]]}}, {"id": "152041", "type": "Feature", "properties": {"id": "152041", "CVEGEO": "0500600390581002", "POBTOT": 0.0, "score_nse": 0.0, "NSE": null, "VIVTOT": 0.0, "GRAPROES": 0.0, "_ent": "05", "_mun": "006", "_loc": "0039"}, "geometry": {"type": "Polygon", "coordinates": [[[-101.50302, 26.76971], [-101.50309, 26.76841], [-101.50405, 26.76852], [-101.50393, 26.7698], [-101.50302, 26.76971]]]}}, {"id": "152042", "type": "Feature", "properties": {"id": "152042", "CVEGEO": "0500600390581001", "POBTOT": 0.0, "score_nse": 0.0, "NSE": null, "VIVTOT": 0.0, "GRAPROES": 0.0, "_ent": "05", "_mun": "006", "_loc": "0039"}, "geometry": {"type": "Polygon", "coordinates": [[[-101.50403, 26.76981], [-101.50415, 26.76853], [-101.50568, 26.76871], [-101.50558, 26.76997], [-101.50403, 26.76981]]]}}, {"id": "152043", "type": "Feature", "properties": {"id": "152043", "CVEGEO": "0500600300914018", "POBTOT": 0.0, "score_nse": 0.0, "NSE": null, "VIVTOT": 0.0, "GRAPROES": 0.0, "_ent": "05", "_mun": "006", "_loc": "0030"}, "geometry": {"type": "Polygon", "coordinates": [[[-101.1957, 26.43874], [-101.19528, 26.43892], [-101.19482, 26.4381], [-101.19535, 26.43786], [-101.1957, 26.43874]]]}}, {"id": "152044", "type": "Feature", "properties": {"id": "152044", "CVEGEO": "0500600300914027", "POBTOT": 0.0, "score_nse": 0.0, "NSE": null, "VIVTOT": 0.0, "GRAPROES": 0.0, "_ent": "05", "_mun": "006", "_loc": "0030"}, "geometry": {"type": "Polygon", "coordinates": [[[-101.19304, 26.43878], [-101.19278, 26.4383], [-101.19326, 26.43809], [-101.19354, 26.43858], [-101.19304, 26.43878]]]}}, {"id": "152045", "type": "Feature", "properties": {"id": "152045", "CVEGEO": "0500600300914026", "POBTOT": 0.0, "score_nse": 0.0, "NSE": null, "VIVTOT": 0.0, "GRAPROES": 0.0, "_ent": "05", "_mun": "006", "_loc": "0030"}, "geometry": {"type": "Polygon", "coordinates": [[[-101.19355, 26.4385], [-101.19328, 26.43795], [-101.19366, 26.43754], [-101.19405, 26.43827], [-101.19355, 26.4385]]]}}, {"id": "152046", "type": "Feature", "properties": {"id": "152046", "CVEGEO": "0500600300914025", "POBTOT": 0.0, "score_nse": 0.0, "NSE": null, "VIVTOT": 0.0, "GRAPROES": 0.0, "_ent": "05", "_mun": "006", "_loc": "0030"}, "geometry": {"type": "Polygon", "coordinates": [[[-101.19413, 26.43825], [-101.19373, 26.43747], [-101.19411, 26.43712], [-101.19459, 26.43801], [-101.19413, 26.43825]]]}}, {"id": "152047", "type": "Feature", "properties": {"id": "152047", "CVEGEO": "0500600300914024", "POBTOT": 0.0, "score_nse": 0.0, "NSE": null, "VIVTOT": 0.0, "GRAPROES": 0.0, "_ent": "05", "_mun": "006", "_loc": "0030"}, "geometry": {"type": "Polygon", "coordinates": [[[-101.19478, 26.43802], [-101.19424, 26.43706], [-101.19481, 26.43677], [-101.19531, 26.43778], [-101.19478, 26.43802]]]}}, {"id": "152048", "type": "Feature", "properties": {"id": "152048", "CVEGEO": "0500600300914023", "POBTOT": 0.0, "score_nse": 0.0, "NSE": null, "VIVTOT": 0.0, "GRAPROES": 0.0, "_ent": "05", "_mun": "006", "_loc": "0030"}, "geometry": {"type": "Polygon", "coordinates": [[[-101.19228, 26.44028], [-101.19186, 26.43935], [-101.19238, 26.43914], [-101.19287, 26.44001], [-101.19228, 26.44028]]]}}, {"id": "152049", "type": "Feature", "properties": {"id": "152049", "CVEGEO": "0500600300914022", "POBTOT": 0.0, "score_nse": 0.0, "NSE": null, "VIVTOT": 0.0, "GRAPROES": 0.0, "_ent": "05", "_mun": "006", "_loc": "0030"}, "geometry": {"type": "Polygon", "coordinates": [[[-101.19292, 26.43999], [-101.19243, 26.43912], [-101.19301, 26.43888], [-101.19347, 26.43974], [-101.19292, 26.43999]]]}}, {"id": "152050", "type": "Feature", "properties": {"id": "152050", "CVEGEO": "0500600300914021", "POBTOT": 0.0, "score_nse": 0.0, "NSE": null, "VIVTOT": 0.0, "GRAPROES": 0.0, "_ent": "05", "_mun": "006", "_loc": "0030"}, "geometry": {"type": "Polygon", "coordinates": [[[-101.19346, 26.43966], [-101.19301, 26.43883], [-101.19348, 26.43862], [-101.19393, 26.43944], [-101.19346, 26.43966]]]}}, {"id": "152051", "type": "Feature", "properties": {"id": "152051", "CVEGEO": "0500600300914017", "POBTOT": 0.0, "score_nse": 0.0, "NSE": null, "VIVTOT": 0.0, "GRAPROES": 0.0, "_ent": "05", "_mun": "006", "_loc": "0030"}, "geometry": {"type": "Polygon", "coordinates": [[[-101.19282, 26.44115], [-101.19239, 26.44037], [-101.19293, 26.44012], [-101.19338, 26.44092], [-101.19282, 26.44115]]]}}, {"id": "152052", "type": "Feature", "properties": {"id": "152052", "CVEGEO": "0500600300914016", "POBTOT": 0.0, "score_nse": 0.0, "NSE": null, "VIVTOT": 0.0, "GRAPROES": 0.0, "_ent": "05", "_mun": "006", "_loc": "0030"}, "geometry": {"type": "Polygon", "coordinates": [[[-101.19339, 26.44088], [-101.19293, 26.44003], [-101.19344, 26.43979], [-101.19388, 26.44066], [-101.19339, 26.44088]]]}}, {"id": "152053", "type": "Feature", "properties": {"id": "152053", "CVEGEO": "0500600300914015", "POBTOT": 0.0, "score_nse": 0.0, "NSE": null, "VIVTOT": 0.0, "GRAPROES": 0.0, "_ent": "05", "_mun": "006", "_loc": "0030"}, "geometry": {"type": "Polygon", "coordinates": [[[-101.19404, 26.44064], [-101.19359, 26.43982], [-101.1941, 26.43959], [-101.19456, 26.44042], [-101.19404, 26.44064]]]}}, {"id": "152054", "type": "Feature", "properties": {"id": "152054", "CVEGEO": "0500600300914014", "POBTOT": 0.0, "score_nse": 0.0, "NSE": null, "VIVTOT": 0.0, "GRAPROES": 0.0, "_ent": "05", "_mun": "006", "_loc": "0030"}, "geometry": {"type": "Polygon", "coordinates": [[[-101.19464, 26.44039], [-101.19418, 26.43955], [-101.19471, 26.43931], [-101.19504, 26.44022], [-101.19464, 26.44039]]]}}, {"id": "152055", "type": "Feature", "properties": {"id": "152055", "CVEGEO": "0500600300914013", "POBTOT": 0.0, "score_nse": 0.0, "NSE": null, "VIVTOT": 0.0, "GRAPROES": 0.0, "_ent": "05", "_mun": "006", "_loc": "0030"}, "geometry": {"type": "Polygon", "coordinates": [[[-101.1957, 26.43885], [-101.19565, 26.43991], [-101.19525, 26.44013], [-101.1948, 26.43926], [-101.1957, 26.43885]]]}}, {"id": "152056", "type": "Feature", "properties": {"id": "152056", "CVEGEO": "0500600300914012", "POBTOT": 0.0, "score_nse": 0.0, "NSE": null, "VIVTOT": 0.0, "GRAPROES": 0.0, "_ent": "05", "_mun": "006", "_loc": "0030"}, "geometry": {"type": "Polygon", "coordinates": [[[-101.1934, 26.44208], [-101.19292, 26.44125], [-101.19345, 26.44103], [-101.19392, 26.44186], [-101.1934, 26.44208]]]}}, {"id": "152057", "type": "Feature", "properties": {"id": "152057", "CVEGEO": "0500600300914011", "POBTOT": 0.0, "score_nse": 0.0, "NSE": null, "VIVTOT": 0.0, "GRAPROES": 0.0, "_ent": "05", "_mun": "006", "_loc": "0030"}, "geometry": {"type": "Polygon", "coordinates": [[[-101.19396, 26.44184], [-101.19346, 26.44096], [-101.19393, 26.44076], [-101.19442, 26.44165], [-101.19396, 26.44184]]]}}, {"id": "152058", "type": "Feature", "properties": {"id": "152058", "CVEGEO": "0500600300914010", "POBTOT": 0.0, "score_nse": 0.0, "NSE": null, "VIVTOT": 0.0, "GRAPROES": 0.0, "_ent": "05", "_mun": "006", "_loc": "0030"}, "geometry": {"type": "Polygon", "coordinates": [[[-101.19454, 26.44159], [-101.1941, 26.44076], [-101.19462, 26.44054], [-101.19509, 26.44137], [-101.19454, 26.44159]]]}}, {"id": "152059", "type": "Feature", "properties": {"id": "152059", "CVEGEO": "0500600300914009", "POBTOT": 0.0, "score_nse": 0.0, "NSE": null, "VIVTOT": 0.0, "GRAPROES": 0.0, "_ent": "05", "_mun": "006", "_loc": "0030"}, "geometry": {"type": "Polygon", "coordinates": [[[-101.19561, 26.44115], [-101.19517, 26.44133], [-101.19471, 26.4405], [-101.19514, 26.44032], [-101.19561, 26.44115]]]}}, {"id": "152060", "type": "Feature", "properties": {"id": "152060", "CVEGEO": "0500600300914003", "POBTOT": 0.0, "score_nse": 0.0, "NSE": null, "VIVTOT": 0.0, "GRAPROES": 0.0, "_ent": "05", "_mun": "006", "_loc": "0030"}, "geometry": {"type": "Polygon", "coordinates": [[[-101.19489, 26.44373], [-101.19421, 26.44397], [-101.19375, 26.44306], [-101.19447, 26.44284], [-101.19489, 26.44373]]]}}, {"id": "152061", "type": "Feature", "properties": {"id": "152061", "CVEGEO": "0500600300914002", "POBTOT": 0.0, "score_nse": 0.0, "NSE": null, "VIVTOT": 0.0, "GRAPROES": 0.0, "_ent": "05", "_mun": "006", "_loc": "0030"}, "geometry": {"type": "Polygon", "coordinates": [[[-101.19496, 26.44372], [-101.19463, 26.44295], [-101.19509, 26.44277], [-101.19551, 26.44356], [-101.19496, 26.44372]]]}}, {"id": "152062", "type": "Feature", "properties": {"id": "152062", "CVEGEO": "0500600180774035", "POBTOT": 0.0, "score_nse": 0.0, "NSE": null, "VIVTOT": 0.0, "GRAPROES": 0.0, "_ent": "05", "_mun": "006", "_loc": "0018"}, "geometry": {"type": "Polygon", "coordinates": [[[-101.42547, 26.37139], [-101.42548, 26.371], [-101.42652, 26.37103], [-101.42649, 26.37144], [-101.42547, 26.37139]]]}}, {"id": "152063", "type": "Feature", "properties": {"id": "152063", "CVEGEO": "0500600180774034", "POBTOT": 0.0, "score_nse": 0.0, "NSE": null, "VIVTOT": 0.0, "GRAPROES": 0.0, "_ent": "05", "_mun": "006", "_loc": "0018"}, "geometry": {"type": "Polygon", "coordinates": [[[-101.42859, 26.36969], [-101.4285, 26.3701], [-101.42826, 26.37006], [-101.42833, 26.36966], [-101.42859, 26.36969]]]}}, {"id": "152064", "type": "Feature", "properties": {"id": "152064", "CVEGEO": "0500600180774033", "POBTOT": 0.0, "score_nse": 0.0, "NSE": null, "VIVTOT": 0.0, "GRAPROES": 0.0, "_ent": "05", "_mun": "006", "_loc": "0018"}, "geometry": {"type": "Polygon", "coordinates": [[[-101.42886, 26.37099], [-101.42964, 26.37116], [-101.4294, 26.37203], [-101.4287, 26.37181], [-101.42886, 26.37099]]]}}, {"id": "152065", "type": "Feature", "properties": {"id": "152065", "CVEGEO": "0500600180774032", "POBTOT": 0.0, "score_nse": 0.0, "NSE": null, "VIVTOT": 0.0, "GRAPROES": 0.0, "_ent": "05", "_mun": "006", "_loc": "0018"}, "geometry": {"type": "Polygon", "coordinates": [[[-101.42584, 26.37192], [-101.42588, 26.3715], [-101.42648, 26.37153], [-101.42644, 26.37196], [-101.42584, 26.37192]]]}}, {"id": "152066", "type": "Feature", "properties": {"id": "152066", "CVEGEO": "0500600180774019", "POBTOT": 0.0, "score_nse": 0.0, "NSE": null, "VIVTOT": 0.0, "GRAPROES": 0.0, "_ent": "05", "_mun": "006", "_loc": "0018"}, "geometry": {"type": "Polygon", "coordinates": [[[-101.429, 26.37002], [-101.42919, 26.37006], [-101.42903, 26.37092], [-101.42885, 26.37089], [-101.429, 26.37002]]]}}, {"id": "152067", "type": "Feature", "properties": {"id": "152067", "CVEGEO": "0500600180774027", "POBTOT": 0.0, "score_nse": 0.0, "NSE": null, "VIVTOT": 0.0, "GRAPROES": 0.0, "_ent": "05", "_mun": "006", "_loc": "0018"}, "geometry": {"type": "Polygon", "coordinates": [[[-101.42924, 26.37257], [-101.42912, 26.37299], [-101.42846, 26.37289], [-101.42853, 26.37245], [-101.42924, 26.37257]]]}}, {"id": "152068", "type": "Feature", "properties": {"id": "152068", "CVEGEO": "0500600180774026", "POBTOT": 0.0, "score_nse": 0.0, "NSE": null, "VIVTOT": 0.0, "GRAPROES": 0.0, "_ent": "05", "_mun": "006", "_loc": "0018"}, "geometry": {"type": "Polygon", "coordinates": [[[-101.42742, 26.37254], [-101.42739, 26.37303], [-101.42663, 26.37287], [-101.42665, 26.37247], [-101.42742, 26.37254]]]}}, {"id": "152069", "type": "Feature", "properties": {"id": "152069", "CVEGEO": "0500600180774025", "POBTOT": 0.0, "score_nse": 0.0, "NSE": null, "VIVTOT": 0.0, "GRAPROES": 0.0, "_ent": "05", "_mun": "006", "_loc": "0018"}, "geometry": {"type": "Polygon", "coordinates": [[[-101.42846, 26.37297], [-101.42911, 26.37306], [-101.42889, 26.37369], [-101.42834, 26.37353], [-101.42846, 26.37297]]]}}, {"id": "152070", "type": "Feature", "properties": {"id": "152070", "CVEGEO": "0500600180774023", "POBTOT": 0.0, "score_nse": 0.0, "NSE": null, "VIVTOT": 0.0, "GRAPROES": 0.0, "_ent": "05", "_mun": "006", "_loc": "0018"}, "geometry": {"type": "Polygon", "coordinates": [[[-101.42773, 26.37081], [-101.42778, 26.37039], [-101.42831, 26.37043], [-101.42826, 26.37087], [-101.42773, 26.37081]]]}}, {"id": "152071", "type": "Feature", "properties": {"id": "152071", "CVEGEO": "0500600180774022", "POBTOT": 0.0, "score_nse": 0.0, "NSE": null, "VIVTOT": 0.0, "GRAPROES": 0.0, "_ent": "05", "_mun": "006", "_loc": "0018"}, "geometry": {"type": "Polygon", "coordinates": [[[-101.42718, 26.3706], [-101.42719, 26.37042], [-101.4277, 26.37046], [-101.4276, 26.37119], [-101.42659, 26.37096], [-101.42664, 26.37049], [-101.42718, 26.3706]]]}}, {"id": "152072", "type": "Feature", "properties": {"id": "152072", "CVEGEO": "0500600180774021", "POBTOT": 0.0, "score_nse": 0.0, "NSE": null, "VIVTOT": 0.0, "GRAPROES": 0.0, "_ent": "05", "_mun": "006", "_loc": "0018"}, "geometry": {"type": "Polygon", "coordinates": [[[-101.42768, 26.37136], [-101.42773, 26.37085], [-101.42826, 26.3709], [-101.42821, 26.37141], [-101.42768, 26.37136]]]}}, {"id": "152073", "type": "Feature", "properties": {"id": "152073", "CVEGEO": "0500600180774017", "POBTOT": 0.0, "score_nse": 0.0, "NSE": null, "VIVTOT": 0.0, "GRAPROES": 0.0, "_ent": "05", "_mun": "006", "_loc": "0018"}, "geometry": {"type": "Polygon", "coordinates": [[[-101.43026, 26.37269], [-101.42987, 26.3722], [-101.42947, 26.37207], [-101.42971, 26.37119], [-101.43103, 26.37146], [-101.43072, 26.37275], [-101.43026, 26.37269]]]}}, {"id": "152074", "type": "Feature", "properties": {"id": "152074", "CVEGEO": "0500600180774016", "POBTOT": 0.0, "score_nse": 0.0, "NSE": null, "VIVTOT": 0.0, "GRAPROES": 0.0, "_ent": "05", "_mun": "006", "_loc": "0018"}, "geometry": {"type": "Polygon", "coordinates": [[[-101.42743, 26.37309], [-101.42766, 26.37164], [-101.42784, 26.37159], [-101.4285, 26.37178], [-101.42829, 26.37318], [-101.42743, 26.37309]]]}}, {"id": "152075", "type": "Feature", "properties": {"id": "152075", "CVEGEO": "0500600180774015", "POBTOT": 0.0, "score_nse": 0.0, "NSE": null, "VIVTOT": 0.0, "GRAPROES": 0.0, "_ent": "05", "_mun": "006", "_loc": "0018"}, "geometry": {"type": "Polygon", "coordinates": [[[-101.42932, 26.3726], [-101.43021, 26.37274], [-101.43013, 26.37317], [-101.42919, 26.373], [-101.42932, 26.3726]]]}}, {"id": "152076", "type": "Feature", "properties": {"id": "152076", "CVEGEO": "0500600180774014", "POBTOT": 0.0, "score_nse": 0.0, "NSE": null, "VIVTOT": 0.0, "GRAPROES": 0.0, "_ent": "05", "_mun": "006", "_loc": "0018"}, "geometry": {"type": "Polygon", "coordinates": [[[-101.43022, 26.37319], [-101.43029, 26.37275], [-101.43095, 26.37284], [-101.43084, 26.37326], [-101.43022, 26.37319]]]}}, {"id": "152077", "type": "Feature", "properties": {"id": "152077", "CVEGEO": "0500600180774013", "POBTOT": 0.0, "score_nse": 0.0, "NSE": null, "VIVTOT": 0.0, "GRAPROES": 0.0, "_ent": "05", "_mun": "006", "_loc": "0018"}, "geometry": {"type": "Polygon", "coordinates": [[[-101.43154, 26.37294], [-101.43142, 26.37334], [-101.43091, 26.37328], [-101.431, 26.37286], [-101.43154, 26.37294]]]}}, {"id": "152078", "type": "Feature", "properties": {"id": "152078", "CVEGEO": "0500600180774005", "POBTOT": 0.0, "score_nse": 0.0, "NSE": null, "VIVTOT": 0.0, "GRAPROES": 0.0, "_ent": "05", "_mun": "006", "_loc": "0018"}, "geometry": {"type": "Polygon", "coordinates": [[[-101.42999, 26.37429], [-101.4302, 26.37323], [-101.43199, 26.3735], [-101.42999, 26.37429]]]}}, {"id": "152079", "type": "Feature", "properties": {"id": "152079", "CVEGEO": "0500600180774004", "POBTOT": 0.0, "score_nse": 0.0, "NSE": null, "VIVTOT": 0.0, "GRAPROES": 0.0, "_ent": "05", "_mun": "006", "_loc": "0018"}, "geometry": {"type": "Polygon", "coordinates": [[[-101.42814, 26.37391], [-101.42804, 26.37463], [-101.42706, 26.37447], [-101.42714, 26.3738], [-101.42814, 26.37391]]]}}, {"id": "152080", "type": "Feature", "properties": {"id": "152080", "CVEGEO": "0500600180774003", "POBTOT": 0.0, "score_nse": 0.0, "NSE": null, "VIVTOT": 0.0, "GRAPROES": 0.0, "_ent": "05", "_mun": "006", "_loc": "0018"}, "geometry": {"type": "Polygon", "coordinates": [[[-101.42835, 26.37359], [-101.42887, 26.37374], [-101.4285, 26.37472], [-101.42812, 26.37464], [-101.42835, 26.37359]]]}}, {"id": "152081", "type": "Feature", "properties": {"id": "152081", "CVEGEO": "0500600180774002", "POBTOT": 0.0, "score_nse": 0.0, "NSE": null, "VIVTOT": 0.0, "GRAPROES": 0.0, "_ent": "05", "_mun": "006", "_loc": "0018"}, "geometry": {"type": "Polygon", "coordinates": [[[-101.42859, 26.37469], [-101.42889, 26.3739], [-101.42939, 26.37403], [-101.4293, 26.37449], [-101.42859, 26.37469]]]}}, {"id": "152082", "type": "Feature", "properties": {"id": "152082", "CVEGEO": "0500600180774001", "POBTOT": 0.0, "score_nse": 0.0, "NSE": null, "VIVTOT": 0.0, "GRAPROES": 0.0, "_ent": "05", "_mun": "006", "_loc": "0018"}, "geometry": {"type": "Polygon", "coordinates": [[[-101.42802, 26.37468], [-101.42797, 26.37505], [-101.42727, 26.37495], [-101.42733, 26.37456], [-101.42802, 26.37468]]]}}, {"id": "152083", "type": "Feature", "properties": {"id": "152083", "CVEGEO": "0500600110736001", "POBTOT": 0.0, "score_nse": 0.0, "NSE": null, "VIVTOT": 0.0, "GRAPROES": 0.0, "_ent": "05", "_mun": "006", "_loc": "0011"}, "geometry": {"type": "Polygon", "coordinates": [[[-101.27398, 26.49617], [-101.2754, 26.49441], [-101.27614, 26.49501], [-101.27556, 26.49587], [-101.27498, 26.4963], [-101.27474, 26.49626], [-101.27402, 26.49686], [-101.27313, 26.49637], [-101.27356, 26.4959], [-101.27398, 26.49617]]]}}, {"id": "152084", "type": "Feature", "properties": {"id": "152084", "CVEGEO": "0500600110736004", "POBTOT": 0.0, "score_nse": 0.0, "NSE": null, "VIVTOT": 0.0, "GRAPROES": 0.0, "_ent": "05", "_mun": "006", "_loc": "0011"}, "geometry": {"type": "Polygon", "coordinates": [[[-101.27357, 26.49471], [-101.27449, 26.49398], [-101.27414, 26.49511], [-101.27357, 26.49471]]]}}, {"id": "152085", "type": "Feature", "properties": {"id": "152085", "CVEGEO": "0500600110736003", "POBTOT": 0.0, "score_nse": 0.0, "NSE": null, "VIVTOT": 0.0, "GRAPROES": 0.0, "_ent": "05", "_mun": "006", "_loc": "0011"}, "geometry": {"type": "Polygon", "coordinates": [[[-101.27393, 26.49595], [-101.27365, 26.49581], [-101.27442, 26.49493], [-101.27466, 26.49381], [-101.27526, 26.49445], [-101.27393, 26.49595]]]}}, {"id": "152086", "type": "Feature", "properties": {"id": "152086", "CVEGEO": "0500600110736008", "POBTOT": 0.0, "score_nse": 0.0, "NSE": null, "VIVTOT": 0.0, "GRAPROES": 0.0, "_ent": "05", "_mun": "006", "_loc": "0011"}, "geometry": {"type": "Polygon", "coordinates": [[[-101.27467, 26.49368], [-101.27466, 26.49196], [-101.27499, 26.49174], [-101.27548, 26.49181], [-101.27608, 26.49244], [-101.27467, 26.49368]]]}}, {"id": "152087", "type": "Feature", "properties": {"id": "152087", "CVEGEO": "0500600110736010", "POBTOT": 0.0, "score_nse": 0.0, "NSE": null, "VIVTOT": 0.0, "GRAPROES": 0.0, "_ent": "05", "_mun": "006", "_loc": "0011"}, "geometry": {"type": "Polygon", "coordinates": [[[-101.27621, 26.49233], [-101.27566, 26.49178], [-101.27542, 26.49111], [-101.27618, 26.49049], [-101.27689, 26.49178], [-101.27621, 26.49233]]]}}, {"id": "152088", "type": "Feature", "properties": {"id": "152088", "CVEGEO": "0500600080736018", "POBTOT": 0.0, "score_nse": 0.0, "NSE": null, "VIVTOT": 0.0, "GRAPROES": 0.0, "_ent": "05", "_mun": "006", "_loc": "0008"}, "geometry": {"type": "Polygon", "coordinates": [[[-101.2528, 26.52923], [-101.25453, 26.52824], [-101.25515, 26.52907], [-101.25432, 26.52955], [-101.25404, 26.52918], [-101.25392, 26.52925], [-101.25461, 26.53019], [-101.25396, 26.53056], [-101.2528, 26.52923]]]}}, {"id": "152089", "type": "Feature", "properties": {"id": "152089", "CVEGEO": "0500600080736017", "POBTOT": 0.0, "score_nse": 0.0, "NSE": null, "VIVTOT": 0.0, "GRAPROES": 0.0, "_ent": "05", "_mun": "006", "_loc": "0008"}, "geometry": {"type": "Polygon", "coordinates": [[[-101.25441, 26.52968], [-101.25524, 26.5292], [-101.25579, 26.52992], [-101.25494, 26.53041], [-101.25441, 26.52968]]]}}, {"id": "152090", "type": "Feature", "properties": {"id": "152090", "CVEGEO": "0500600080736016", "POBTOT": 0.0, "score_nse": 0.0, "NSE": null, "VIVTOT": 0.0, "GRAPROES": 0.0, "_ent": "05", "_mun": "006", "_loc": "0008"}, "geometry": {"type": "Polygon", "coordinates": [[[-101.25465, 26.52817], [-101.25552, 26.52767], [-101.25678, 26.52935], [-101.25591, 26.52985], [-101.25465, 26.52817]]]}}, {"id": "152091", "type": "Feature", "properties": {"id": "152091", "CVEGEO": "0500600080736015", "POBTOT": 0.0, "score_nse": 0.0, "NSE": null, "VIVTOT": 0.0, "GRAPROES": 0.0, "_ent": "05", "_mun": "006", "_loc": "0008"}, "geometry": {"type": "Polygon", "coordinates": [[[-101.25472, 26.53034], [-101.25546, 26.53136], [-101.25459, 26.53186], [-101.25346, 26.53106], [-101.25472, 26.53034]]]}}, {"id": "152092", "type": "Feature", "properties": {"id": "152092", "CVEGEO": "0500600080736014", "POBTOT": 0.0, "score_nse": 0.0, "NSE": null, "VIVTOT": 0.0, "GRAPROES": 0.0, "_ent": "05", "_mun": "006", "_loc": "0008"}, "geometry": {"type": "Polygon", "coordinates": [[[-101.25503, 26.53053], [-101.25588, 26.53004], [-101.25644, 26.53079], [-101.25559, 26.53129], [-101.25503, 26.53053]]]}}, {"id": "152093", "type": "Feature", "properties": {"id": "152093", "CVEGEO": "0500600080736013", "POBTOT": 0.0, "score_nse": 0.0, "NSE": null, "VIVTOT": 0.0, "GRAPROES": 0.0, "_ent": "05", "_mun": "006", "_loc": "0008"}, "geometry": {"type": "Polygon", "coordinates": [[[-101.256, 26.52997], [-101.25687, 26.52947], [-101.25743, 26.53023], [-101.25656, 26.53072], [-101.256, 26.52997]]]}}, {"id": "152094", "type": "Feature", "properties": {"id": "152094", "CVEGEO": "0500600080736012", "POBTOT": 0.0, "score_nse": 0.0, "NSE": null, "VIVTOT": 0.0, "GRAPROES": 0.0, "_ent": "05", "_mun": "006", "_loc": "0008"}, "geometry": {"type": "Polygon", "coordinates": [[[-101.2547, 26.53194], [-101.25554, 26.53146], [-101.2561, 26.53222], [-101.25584, 26.53275], [-101.2547, 26.53194]]]}}, {"id": "152095", "type": "Feature", "properties": {"id": "152095", "CVEGEO": "0500600080736011", "POBTOT": 0.0, "score_nse": 0.0, "NSE": null, "VIVTOT": 0.0, "GRAPROES": 0.0, "_ent": "05", "_mun": "006", "_loc": "0008"}, "geometry": {"type": "Polygon", "coordinates": [[[-101.25566, 26.53139], [-101.25652, 26.53089], [-101.25708, 26.53165], [-101.25622, 26.53214], [-101.25566, 26.53139]]]}}, {"id": "152096", "type": "Feature", "properties": {"id": "152096", "CVEGEO": "0500600080736010", "POBTOT": 0.0, "score_nse": 0.0, "NSE": null, "VIVTOT": 0.0, "GRAPROES": 0.0, "_ent": "05", "_mun": "006", "_loc": "0008"}, "geometry": {"type": "Polygon", "coordinates": [[[-101.25664, 26.53082], [-101.25751, 26.53033], [-101.25807, 26.53108], [-101.2572, 26.53158], [-101.25664, 26.53082]]]}}, {"id": "152097", "type": "Feature", "properties": {"id": "152097", "CVEGEO": "0500600080736008", "POBTOT": 0.0, "score_nse": 0.0, "NSE": null, "VIVTOT": 0.0, "GRAPROES": 0.0, "_ent": "05", "_mun": "006", "_loc": "0008"}, "geometry": {"type": "Polygon", "coordinates": [[[-101.25629, 26.53225], [-101.25716, 26.53175], [-101.25772, 26.5325], [-101.25685, 26.533], [-101.25629, 26.53225]]]}}, {"id": "152098", "type": "Feature", "properties": {"id": "152098", "CVEGEO": "0500600080736007", "POBTOT": 0.0, "score_nse": 0.0, "NSE": null, "VIVTOT": 0.0, "GRAPROES": 0.0, "_ent": "05", "_mun": "006", "_loc": "0008"}, "geometry": {"type": "Polygon", "coordinates": [[[-101.25728, 26.53168], [-101.25815, 26.53118], [-101.25871, 26.53193], [-101.25784, 26.53243], [-101.25728, 26.53168]]]}}, {"id": "152099", "type": "Feature", "properties": {"id": "152099", "CVEGEO": "0500600080736005", "POBTOT": 0.0, "score_nse": 0.0, "NSE": null, "VIVTOT": 0.0, "GRAPROES": 0.0, "_ent": "05", "_mun": "006", "_loc": "0008"}, "geometry": {"type": "Polygon", "coordinates": [[[-101.2595, 26.5307], [-101.25981, 26.53053], [-101.26024, 26.53105], [-101.25988, 26.53125], [-101.2595, 26.5307]]]}}, {"id": "152100", "type": "Feature", "properties": {"id": "152100", "CVEGEO": "0500600080736004", "POBTOT": 0.0, "score_nse": 0.0, "NSE": null, "VIVTOT": 0.0, "GRAPROES": 0.0, "_ent": "05", "_mun": "006", "_loc": "0008"}, "geometry": {"type": "Polygon", "coordinates": [[[-101.25694, 26.53313], [-101.25782, 26.53263], [-101.25849, 26.53352], [-101.2576, 26.53403], [-101.25694, 26.53313]]]}}, {"id": "152101", "type": "Feature", "properties": {"id": "152101", "CVEGEO": "0500600080736003", "POBTOT": 0.0, "score_nse": 0.0, "NSE": null, "VIVTOT": 0.0, "GRAPROES": 0.0, "_ent": "05", "_mun": "006", "_loc": "0008"}, "geometry": {"type": "Polygon", "coordinates": [[[-101.25794, 26.53256], [-101.25881, 26.53206], [-101.25948, 26.53296], [-101.25861, 26.53345], [-101.25794, 26.53256]]]}}, {"id": "152102", "type": "Feature", "properties": {"id": "152102", "CVEGEO": "0500600080736002", "POBTOT": 0.0, "score_nse": 0.0, "NSE": null, "VIVTOT": 0.0, "GRAPROES": 0.0, "_ent": "05", "_mun": "006", "_loc": "0008"}, "geometry": {"type": "Polygon", "coordinates": [[[-101.25996, 26.53139], [-101.26043, 26.53112], [-101.26136, 26.53243], [-101.26076, 26.53245], [-101.25996, 26.53139]]]}}, {"id": "152103", "type": "Feature", "properties": {"id": "152103", "CVEGEO": "0500600010416037", "POBTOT": 31.0, "score_nse": 0.0, "NSE": "ND", "VIVTOT": 7.0, "GRAPROES": 10.13, "_ent": "05", "_mun": "006", "_loc": "0001"}, "geometry": {"type": "Polygon", "coordinates": [[[-101.4381, 26.7779], [-101.43951, 26.77889], [-101.43949, 26.77916], [-101.43796, 26.77814], [-101.4381, 26.7779]]]}}, {"id": "152104", "type": "Feature", "properties": {"id": "152104", "CVEGEO": "0500600010990004", "POBTOT": 29.0, "score_nse": 0.0, "NSE": "ND", "VIVTOT": 6.0, "GRAPROES": 9.94, "_ent": "05", "_mun": "006", "_loc": "0001"}, "geometry": {"type": "Polygon", "coordinates": [[[-101.44191, 26.77885], [-101.44115, 26.77806], [-101.44186, 26.77766], [-101.4424, 26.77844], [-101.44191, 26.77885]]]}}, {"id": "152105", "type": "Feature", "properties": {"id": "152105", "CVEGEO": "0500600011005048", "POBTOT": 0.0, "score_nse": 10.0, "NSE": "E", "VIVTOT": 3.0, "GRAPROES": 0.0, "_ent": "05", "_mun": "006", "_loc": "0001"}, "geometry": {"type": "Polygon", "coordinates": [[[-101.39892, 26.77752], [-101.39824, 26.77648], [-101.39871, 26.77624], [-101.39938, 26.77727], [-101.39892, 26.77752]]]}}, {"id": "152106", "type": "Feature", "properties": {"id": "152106", "CVEGEO": "0500600011005047", "POBTOT": 8.0, "score_nse": 0.0, "NSE": "ND", "VIVTOT": 2.0, "GRAPROES": 0.0, "_ent": "05", "_mun": "006", "_loc": "0001"}, "geometry": {"type": "Polygon", "coordinates": [[[-101.39959, 26.77857], [-101.39894, 26.77759], [-101.39942, 26.77734], [-101.40005, 26.77833], [-101.39959, 26.77857]]]}}, {"id": "152107", "type": "Feature", "properties": {"id": "152107", "CVEGEO": "0500600010806034", "POBTOT": 42.0, "score_nse": 0.0, "NSE": "ND", "VIVTOT": 11.0, "GRAPROES": 8.69, "_ent": "05", "_mun": "006", "_loc": "0001"}, "geometry": {"type": "Polygon", "coordinates": [[[-101.44691, 26.7937], [-101.44791, 26.79393], [-101.44763, 26.79484], [-101.44666, 26.7946], [-101.44691, 26.7937]]]}}, {"id": "152108", "type": "Feature", "properties": {"id": "152108", "CVEGEO": "050060001051A035", "POBTOT": 23.0, "score_nse": 0.0, "NSE": "ND", "VIVTOT": 11.0, "GRAPROES": 10.24, "_ent": "05", "_mun": "006", "_loc": "0001"}, "geometry": {"type": "Polygon", "coordinates": [[[-101.41136, 26.78546], [-101.41094, 26.78477], [-101.41191, 26.78431], [-101.41231, 26.78498], [-101.41136, 26.78546]]]}}, {"id": "152109", "type": "Feature", "properties": {"id": "152109", "CVEGEO": "050060001051A034", "POBTOT": 0.0, "score_nse": 0.0, "NSE": "ND", "VIVTOT": 0.0, "GRAPROES": 0.0, "_ent": "05", "_mun": "006", "_loc": "0001"}, "geometry": {"type": "Polygon", "coordinates": [[[-101.41245, 26.78488], [-101.41205, 26.78425], [-101.41343, 26.7836], [-101.41355, 26.78437], [-101.41245, 26.78488]]]}}, {"id": "152110", "type": "Feature", "properties": {"id": "152110", "CVEGEO": "0500600011005020", "POBTOT": 13.0, "score_nse": 0.0, "NSE": "ND", "VIVTOT": 3.0, "GRAPROES": 7.86, "_ent": "05", "_mun": "006", "_loc": "0001"}, "geometry": {"type": "Polygon", "coordinates": [[[-101.39946, 26.77723], [-101.39878, 26.77621], [-101.39925, 26.77598], [-101.39991, 26.77699], [-101.39946, 26.77723]]]}}, {"id": "152111", "type": "Feature", "properties": {"id": "152111", "CVEGEO": "0500600011005013", "POBTOT": 6.0, "score_nse": 0.0, "NSE": "ND", "VIVTOT": 2.0, "GRAPROES": 0.0, "_ent": "05", "_mun": "006", "_loc": "0001"}, "geometry": {"type": "Polygon", "coordinates": [[[-101.40011, 26.77831], [-101.39949, 26.7773], [-101.39994, 26.77707], [-101.4006, 26.77806], [-101.40011, 26.77831]]]}}, {"id": "152112", "type": "Feature", "properties": {"id": "152112", "CVEGEO": "0500600010806029", "POBTOT": 41.0, "score_nse": 53.3109, "NSE": "C-", "VIVTOT": 14.0, "GRAPROES": 9.33, "_ent": "05", "_mun": "006", "_loc": "0001"}, "geometry": {"type": "Polygon", "coordinates": [[[-101.44748, 26.79145], [-101.44848, 26.79167], [-101.44829, 26.79261], [-101.44728, 26.79237], [-101.44748, 26.79145]]]}}, {"id": "152113", "type": "Feature", "properties": {"id": "152113", "CVEGEO": "0500600010469018", "POBTOT": 50.0, "score_nse": 62.4749, "NSE": "C", "VIVTOT": 14.0, "GRAPROES": 8.88, "_ent": "05", "_mun": "006", "_loc": "0001"}, "geometry": {"type": "Polygon", "coordinates": [[[-101.44143, 26.7867], [-101.44223, 26.7878], [-101.44119, 26.78758], [-101.44143, 26.7867]]]}}, {"id": "152114", "type": "Feature", "properties": {"id": "152114", "CVEGEO": "0500600010331017", "POBTOT": 0.0, "score_nse": 0.0, "NSE": "ND", "VIVTOT": 0.0, "GRAPROES": 0.0, "_ent": "05", "_mun": "006", "_loc": "0001"}, "geometry": {"type": "Polygon", "coordinates": [[[-101.41885, 26.80731], [-101.41938, 26.80524], [-101.42061, 26.8055], [-101.42008, 26.80756], [-101.41885, 26.80731]]]}}, {"id": "152115", "type": "Feature", "properties": {"id": "152115", "CVEGEO": "0500600010331004", "POBTOT": 26.0, "score_nse": 0.0, "NSE": "ND", "VIVTOT": 7.0, "GRAPROES": 9.0, "_ent": "05", "_mun": "006", "_loc": "0001"}, "geometry": {"type": "Polygon", "coordinates": [[[-101.41687, 26.8058], [-101.41781, 26.80601], [-101.41743, 26.8071], [-101.41758, 26.80712], [-101.41754, 26.80734], [-101.41766, 26.80736], [-101.4177, 26.80714], [-101.41876, 26.80735], [-101.41853, 26.80825], [-101.41789, 26.80811], [-101.41852, 26.80831], [-101.41826, 26.80933], [-101.41723, 26.80908], [-101.41564, 26.80664], [-101.41632, 26.8024], [-101.41682, 26.80381], [-101.41687, 26.8058]]]}}, {"id": "152116", "type": "Feature", "properties": {"id": "152116", "CVEGEO": "0500600011024001", "POBTOT": 21.0, "score_nse": 0.0, "NSE": "ND", "VIVTOT": 5.0, "GRAPROES": 9.82, "_ent": "05", "_mun": "006", "_loc": "0001"}, "geometry": {"type": "Polygon", "coordinates": [[[-101.40256, 26.78039], [-101.40316, 26.78134], [-101.40299, 26.78143], [-101.40219, 26.78138], [-101.40137, 26.78095], [-101.40256, 26.78039]]]}}, {"id": "152117", "type": "Feature", "properties": {"id": "152117", "CVEGEO": "0500600011005046", "POBTOT": 10.0, "score_nse": 0.0, "NSE": "ND", "VIVTOT": 6.0, "GRAPROES": 0.0, "_ent": "05", "_mun": "006", "_loc": "0001"}, "geometry": {"type": "Polygon", "coordinates": [[[-101.39702, 26.77569], [-101.39747, 26.77545], [-101.39811, 26.77644], [-101.39765, 26.77667], [-101.39702, 26.77569]]]}}, {"id": "152118", "type": "Feature", "properties": {"id": "152118", "CVEGEO": "0500600011005045", "POBTOT": 0.0, "score_nse": 0.0, "NSE": "ND", "VIVTOT": 0.0, "GRAPROES": 0.0, "_ent": "05", "_mun": "006", "_loc": "0001"}, "geometry": {"type": "Polygon", "coordinates": [[[-101.39872, 26.77616], [-101.3981, 26.77511], [-101.39856, 26.77488], [-101.3992, 26.7759], [-101.39872, 26.77616]]]}}, {"id": "152119", "type": "Feature", "properties": {"id": "152119", "CVEGEO": "0500600011005044", "POBTOT": 0.0, "score_nse": 0.0, "NSE": "ND", "VIVTOT": 0.0, "GRAPROES": 0.0, "_ent": "05", "_mun": "006", "_loc": "0001"}, "geometry": {"type": "Polygon", "coordinates": [[[-101.40902, 26.78017], [-101.4098, 26.78052], [-101.41154, 26.78069], [-101.4123, 26.78112], [-101.40947, 26.78174], [-101.40902, 26.78017]]]}}, {"id": "152120", "type": "Feature", "properties": {"id": "152120", "CVEGEO": "0500600011005041", "POBTOT": 0.0, "score_nse": 0.0, "NSE": "ND", "VIVTOT": 0.0, "GRAPROES": 0.0, "_ent": "05", "_mun": "006", "_loc": "0001"}, "geometry": {"type": "Polygon", "coordinates": [[[-101.39681, 26.77424], [-101.39614, 26.77324], [-101.39662, 26.773], [-101.39726, 26.77401], [-101.39681, 26.77424]]]}}, {"id": "152121", "type": "Feature", "properties": {"id": "152121", "CVEGEO": "0500600011005040", "POBTOT": 6.0, "score_nse": 0.0, "NSE": "ND", "VIVTOT": 1.0, "GRAPROES": 0.0, "_ent": "05", "_mun": "006", "_loc": "0001"}, "geometry": {"type": "Polygon", "coordinates": [[[-101.39736, 26.77396], [-101.39671, 26.77296], [-101.39716, 26.77273], [-101.3978, 26.77373], [-101.39736, 26.77396]]]}}, {"id": "152122", "type": "Feature", "properties": {"id": "152122", "CVEGEO": "0500600011005039", "POBTOT": 0.0, "score_nse": 10.0, "NSE": "E", "VIVTOT": 1.0, "GRAPROES": 0.0, "_ent": "05", "_mun": "006", "_loc": "0001"}, "geometry": {"type": "Polygon", "coordinates": [[[-101.3979, 26.77368], [-101.39726, 26.77268], [-101.39771, 26.77245], [-101.39836, 26.77344], [-101.3979, 26.77368]]]}}, {"id": "152123", "type": "Feature", "properties": {"id": "152123", "CVEGEO": "0500600011005038", "POBTOT": 9.0, "score_nse": 0.0, "NSE": "ND", "VIVTOT": 9.0, "GRAPROES": 11.5, "_ent": "05", "_mun": "006", "_loc": "0001"}, "geometry": {"type": "Polygon", "coordinates": [[[-101.39845, 26.77339], [-101.3978, 26.7724], [-101.39826, 26.77217], [-101.39891, 26.77316], [-101.39845, 26.77339]]]}}, {"id": "152124", "type": "Feature", "properties": {"id": "152124", "CVEGEO": "0500600011005037", "POBTOT": 9.0, "score_nse": 0.0, "NSE": "ND", "VIVTOT": 8.0, "GRAPROES": 9.17, "_ent": "05", "_mun": "006", "_loc": "0001"}, "geometry": {"type": "Polygon", "coordinates": [[[-101.399, 26.7731], [-101.39834, 26.77213], [-101.39882, 26.77188], [-101.39946, 26.77288], [-101.399, 26.7731]]]}}, {"id": "152125", "type": "Feature", "properties": {"id": "152125", "CVEGEO": "0500600011005036", "POBTOT": 21.0, "score_nse": 42.285, "NSE": "C-", "VIVTOT": 8.0, "GRAPROES": 8.92, "_ent": "05", "_mun": "006", "_loc": "0001"}, "geometry": {"type": "Polygon", "coordinates": [[[-101.39956, 26.77283], [-101.39891, 26.77184], [-101.39936, 26.7716], [-101.40002, 26.77259], [-101.39956, 26.77283]]]}}, {"id": "152126", "type": "Feature", "properties": {"id": "152126", "CVEGEO": "0500600011005035", "POBTOT": 5.0, "score_nse": 0.0, "NSE": "ND", "VIVTOT": 5.0, "GRAPROES": 0.0, "_ent": "05", "_mun": "006", "_loc": "0001"}, "geometry": {"type": "Polygon", "coordinates": [[[-101.39696, 26.77561], [-101.39632, 26.77462], [-101.39676, 26.77439], [-101.39741, 26.77538], [-101.39696, 26.77561]]]}}, {"id": "152127", "type": "Feature", "properties": {"id": "152127", "CVEGEO": "0500600011005034", "POBTOT": 8.0, "score_nse": 0.0, "NSE": "ND", "VIVTOT": 3.0, "GRAPROES": 0.0, "_ent": "05", "_mun": "006", "_loc": "0001"}, "geometry": {"type": "Polygon", "coordinates": [[[-101.39751, 26.77533], [-101.39686, 26.77433], [-101.39731, 26.77411], [-101.39796, 26.7751], [-101.39751, 26.77533]]]}}, {"id": "152128", "type": "Feature", "properties": {"id": "152128", "CVEGEO": "0500600011005030", "POBTOT": 26.0, "score_nse": 0.0, "NSE": "ND", "VIVTOT": 10.0, "GRAPROES": 11.13, "_ent": "05", "_mun": "006", "_loc": "0001"}, "geometry": {"type": "Polygon", "coordinates": [[[-101.3997, 26.77419], [-101.39905, 26.7732], [-101.39951, 26.77296], [-101.40015, 26.77395], [-101.3997, 26.77419]]]}}, {"id": "152129", "type": "Feature", "properties": {"id": "152129", "CVEGEO": "0500600011005029", "POBTOT": 47.0, "score_nse": 53.3179, "NSE": "C-", "VIVTOT": 17.0, "GRAPROES": 9.59, "_ent": "05", "_mun": "006", "_loc": "0001"}, "geometry": {"type": "Polygon", "coordinates": [[[-101.40024, 26.77392], [-101.3996, 26.77291], [-101.40006, 26.77268], [-101.4007, 26.77367], [-101.40024, 26.77392]]]}}, {"id": "152130", "type": "Feature", "properties": {"id": "152130", "CVEGEO": "0500600011005028", "POBTOT": 21.0, "score_nse": 52.6511, "NSE": "C-", "VIVTOT": 9.0, "GRAPROES": 8.47, "_ent": "05", "_mun": "006", "_loc": "0001"}, "geometry": {"type": "Polygon", "coordinates": [[[-101.4008, 26.77362], [-101.40014, 26.77263], [-101.4006, 26.7724], [-101.40125, 26.77339], [-101.4008, 26.77362]]]}}, {"id": "152131", "type": "Feature", "properties": {"id": "152131", "CVEGEO": "0500600011005027", "POBTOT": 12.0, "score_nse": 0.0, "NSE": "ND", "VIVTOT": 6.0, "GRAPROES": 9.71, "_ent": "05", "_mun": "006", "_loc": "0001"}, "geometry": {"type": "Polygon", "coordinates": [[[-101.39756, 26.77542], [-101.39801, 26.77518], [-101.39866, 26.77618], [-101.3982, 26.7764], [-101.39756, 26.77542]]]}}, {"id": "152132", "type": "Feature", "properties": {"id": "152132", "CVEGEO": "0500600011005026", "POBTOT": 4.0, "score_nse": 0.0, "NSE": "ND", "VIVTOT": 2.0, "GRAPROES": 0.0, "_ent": "05", "_mun": "006", "_loc": "0001"}, "geometry": {"type": "Polygon", "coordinates": [[[-101.39931, 26.77585], [-101.39865, 26.77483], [-101.3991, 26.77461], [-101.39975, 26.7756], [-101.39931, 26.77585]]]}}, {"id": "152133", "type": "Feature", "properties": {"id": "152133", "CVEGEO": "0500600011005025", "POBTOT": 26.0, "score_nse": 0.0, "NSE": "ND", "VIVTOT": 11.0, "GRAPROES": 9.47, "_ent": "05", "_mun": "006", "_loc": "0001"}, "geometry": {"type": "Polygon", "coordinates": [[[-101.39984, 26.77555], [-101.3992, 26.77456], [-101.39966, 26.77432], [-101.40029, 26.77532], [-101.39984, 26.77555]]]}}, {"id": "152134", "type": "Feature", "properties": {"id": "152134", "CVEGEO": "0500600011005024", "POBTOT": 16.0, "score_nse": 55.2571, "NSE": "C", "VIVTOT": 7.0, "GRAPROES": 10.0, "_ent": "05", "_mun": "006", "_loc": "0001"}, "geometry": {"type": "Polygon", "coordinates": [[[-101.40039, 26.77527], [-101.39974, 26.77428], [-101.4002, 26.77404], [-101.40084, 26.77504], [-101.40039, 26.77527]]]}}, {"id": "152135", "type": "Feature", "properties": {"id": "152135", "CVEGEO": "0500600011005023", "POBTOT": 9.0, "score_nse": 0.0, "NSE": "ND", "VIVTOT": 4.0, "GRAPROES": 8.83, "_ent": "05", "_mun": "006", "_loc": "0001"}, "geometry": {"type": "Polygon", "coordinates": [[[-101.40093, 26.77498], [-101.40029, 26.774], [-101.40075, 26.77375], [-101.4014, 26.77475], [-101.40093, 26.77498]]]}}, {"id": "152136", "type": "Feature", "properties": {"id": "152136", "CVEGEO": "0500600011005018", "POBTOT": 8.0, "score_nse": 0.0, "NSE": "ND", "VIVTOT": 4.0, "GRAPROES": 0.0, "_ent": "05", "_mun": "006", "_loc": "0001"}, "geometry": {"type": "Polygon", "coordinates": [[[-101.40055, 26.77664], [-101.3999, 26.77565], [-101.40034, 26.77541], [-101.401, 26.77641], [-101.40055, 26.77664]]]}}, {"id": "152137", "type": "Feature", "properties": {"id": "152137", "CVEGEO": "0500600011005017", "POBTOT": 28.0, "score_nse": 0.0, "NSE": "ND", "VIVTOT": 11.0, "GRAPROES": 9.85, "_ent": "05", "_mun": "006", "_loc": "0001"}, "geometry": {"type": "Polygon", "coordinates": [[[-101.40109, 26.77636], [-101.40044, 26.77536], [-101.40089, 26.77513], [-101.40154, 26.77613], [-101.40109, 26.77636]]]}}, {"id": "152138", "type": "Feature", "properties": {"id": "152138", "CVEGEO": "0500600011005016", "POBTOT": 66.0, "score_nse": 0.0, "NSE": "ND", "VIVTOT": 14.0, "GRAPROES": 8.69, "_ent": "05", "_mun": "006", "_loc": "0001"}, "geometry": {"type": "Polygon", "coordinates": [[[-101.40164, 26.77608], [-101.40098, 26.77508], [-101.40144, 26.77484], [-101.4021, 26.77584], [-101.40164, 26.77608]]]}}, {"id": "152139", "type": "Feature", "properties": {"id": "152139", "CVEGEO": "0500600011005015", "POBTOT": 24.0, "score_nse": 44.3, "NSE": "C-", "VIVTOT": 10.0, "GRAPROES": 9.65, "_ent": "05", "_mun": "006", "_loc": "0001"}, "geometry": {"type": "Polygon", "coordinates": [[[-101.40219, 26.77579], [-101.40154, 26.7748], [-101.402, 26.77457], [-101.40265, 26.77556], [-101.40219, 26.77579]]]}}, {"id": "152140", "type": "Feature", "properties": {"id": "152140", "CVEGEO": "0500600011005014", "POBTOT": 7.0, "score_nse": 0.0, "NSE": "ND", "VIVTOT": 3.0, "GRAPROES": 0.0, "_ent": "05", "_mun": "006", "_loc": "0001"}, "geometry": {"type": "Polygon", "coordinates": [[[-101.39906, 26.77885], [-101.39843, 26.77787], [-101.39888, 26.77762], [-101.39951, 26.77861], [-101.39906, 26.77885]]]}}, {"id": "152141", "type": "Feature", "properties": {"id": "152141", "CVEGEO": "0500600011005012", "POBTOT": 30.0, "score_nse": 0.0, "NSE": "ND", "VIVTOT": 11.0, "GRAPROES": 10.4, "_ent": "05", "_mun": "006", "_loc": "0001"}, "geometry": {"type": "Polygon", "coordinates": [[[-101.40069, 26.77801], [-101.40003, 26.77703], [-101.4005, 26.77678], [-101.40114, 26.77777], [-101.40069, 26.77801]]]}}, {"id": "152142", "type": "Feature", "properties": {"id": "152142", "CVEGEO": "0500600011005011", "POBTOT": 26.0, "score_nse": 47.3004, "NSE": "C-", "VIVTOT": 9.0, "GRAPROES": 6.67, "_ent": "05", "_mun": "006", "_loc": "0001"}, "geometry": {"type": "Polygon", "coordinates": [[[-101.40124, 26.77772], [-101.40058, 26.77674], [-101.40105, 26.7765], [-101.40171, 26.77751], [-101.40124, 26.77772]]]}}, {"id": "152143", "type": "Feature", "properties": {"id": "152143", "CVEGEO": "0500600011005010", "POBTOT": 28.0, "score_nse": 0.0, "NSE": "ND", "VIVTOT": 8.0, "GRAPROES": 9.18, "_ent": "05", "_mun": "006", "_loc": "0001"}, "geometry": {"type": "Polygon", "coordinates": [[[-101.40179, 26.77745], [-101.40114, 26.77645], [-101.40159, 26.77622], [-101.40225, 26.77721], [-101.40179, 26.77745]]]}}, {"id": "152144", "type": "Feature", "properties": {"id": "152144", "CVEGEO": "0500600011005007", "POBTOT": 16.0, "score_nse": 0.0, "NSE": "ND", "VIVTOT": 5.0, "GRAPROES": 8.6, "_ent": "05", "_mun": "006", "_loc": "0001"}, "geometry": {"type": "Polygon", "coordinates": [[[-101.40764, 26.77913], [-101.40715, 26.77928], [-101.40655, 26.77843], [-101.40726, 26.77858], [-101.40764, 26.77913]]]}}, {"id": "152145", "type": "Feature", "properties": {"id": "152145", "CVEGEO": "0500600011005006", "POBTOT": 33.0, "score_nse": 56.1091, "NSE": "C", "VIVTOT": 14.0, "GRAPROES": 10.86, "_ent": "05", "_mun": "006", "_loc": "0001"}, "geometry": {"type": "Polygon", "coordinates": [[[-101.40608, 26.7785], [-101.40637, 26.77836], [-101.40776, 26.78037], [-101.40741, 26.78049], [-101.40608, 26.7785]]]}}, {"id": "152146", "type": "Feature", "properties": {"id": "152146", "CVEGEO": "0500600011005005", "POBTOT": 32.0, "score_nse": 0.0, "NSE": "ND", "VIVTOT": 12.0, "GRAPROES": 9.6, "_ent": "05", "_mun": "006", "_loc": "0001"}, "geometry": {"type": "Polygon", "coordinates": [[[-101.40787, 26.78034], [-101.4072, 26.77937], [-101.40767, 26.77919], [-101.40838, 26.78022], [-101.40787, 26.78034]]]}}, {"id": "152147", "type": "Feature", "properties": {"id": "152147", "CVEGEO": "0500600011005004", "POBTOT": 29.0, "score_nse": 0.0, "NSE": "ND", "VIVTOT": 8.0, "GRAPROES": 9.67, "_ent": "05", "_mun": "006", "_loc": "0001"}, "geometry": {"type": "Polygon", "coordinates": [[[-101.40852, 26.7802], [-101.40778, 26.77911], [-101.40746, 26.77863], [-101.40783, 26.77871], [-101.40874, 26.78014], [-101.40852, 26.7802]]]}}, {"id": "152148", "type": "Feature", "properties": {"id": "152148", "CVEGEO": "0500600011005003", "POBTOT": 11.0, "score_nse": 0.0, "NSE": "ND", "VIVTOT": 7.0, "GRAPROES": 8.0, "_ent": "05", "_mun": "006", "_loc": "0001"}, "geometry": {"type": "Polygon", "coordinates": [[[-101.41351, 26.77761], [-101.4125, 26.77581], [-101.41349, 26.77557], [-101.41409, 26.77732], [-101.41351, 26.77761]]]}}, {"id": "152149", "type": "Feature", "properties": {"id": "152149", "CVEGEO": "0500600011005002", "POBTOT": 0.0, "score_nse": 0.0, "NSE": "ND", "VIVTOT": 0.0, "GRAPROES": 0.0, "_ent": "05", "_mun": "006", "_loc": "0001"}, "geometry": {"type": "Polygon", "coordinates": [[[-101.41455, 26.77873], [-101.41597, 26.77835], [-101.41608, 26.77874], [-101.41464, 26.77912], [-101.41455, 26.77873]]]}}, {"id": "152150", "type": "Feature", "properties": {"id": "152150", "CVEGEO": "0500600010971003", "POBTOT": 3.0, "score_nse": 0.0, "NSE": "ND", "VIVTOT": 4.0, "GRAPROES": 0.0, "_ent": "05", "_mun": "006", "_loc": "0001"}, "geometry": {"type": "Polygon", "coordinates": [[[-101.395, 26.78385], [-101.39437, 26.7841], [-101.39378, 26.78307], [-101.39459, 26.78309], [-101.395, 26.78385]]]}}, {"id": "152151", "type": "Feature", "properties": {"id": "152151", "CVEGEO": "0500600010971001", "POBTOT": 5.0, "score_nse": 0.0, "NSE": "ND", "VIVTOT": 7.0, "GRAPROES": 0.0, "_ent": "05", "_mun": "006", "_loc": "0001"}, "geometry": {"type": "Polygon", "coordinates": [[[-101.39686, 26.78706], [-101.39584, 26.78657], [-101.39559, 26.78609], [-101.39617, 26.78578], [-101.39686, 26.78706]]]}}, {"id": "152152", "type": "Feature", "properties": {"id": "152152", "CVEGEO": "0500600010929010", "POBTOT": 32.0, "score_nse": 0.0, "NSE": "ND", "VIVTOT": 6.0, "GRAPROES": 10.06, "_ent": "05", "_mun": "006", "_loc": "0001"}, "geometry": {"type": "Polygon", "coordinates": [[[-101.43053, 26.79539], [-101.43065, 26.79524], [-101.43237, 26.7963], [-101.43225, 26.79647], [-101.43053, 26.79539]]]}}, {"id": "152153", "type": "Feature", "properties": {"id": "152153", "CVEGEO": "0500600010929009", "POBTOT": 30.0, "score_nse": 56.1633, "NSE": "C", "VIVTOT": 12.0, "GRAPROES": 10.64, "_ent": "05", "_mun": "006", "_loc": "0001"}, "geometry": {"type": "Polygon", "coordinates": [[[-101.42991, 26.79685], [-101.4309, 26.79574], [-101.43123, 26.79594], [-101.43027, 26.79705], [-101.42991, 26.79685]]]}}, {"id": "152154", "type": "Feature", "properties": {"id": "152154", "CVEGEO": "0500600010929008", "POBTOT": 56.0, "score_nse": 65.7668, "NSE": "C", "VIVTOT": 17.0, "GRAPROES": 11.1, "_ent": "05", "_mun": "006", "_loc": "0001"}, "geometry": {"type": "Polygon", "coordinates": [[[-101.43055, 26.79521], [-101.42934, 26.79655], [-101.42899, 26.79636], [-101.43018, 26.79502], [-101.43055, 26.79521]]]}}, {"id": "152155", "type": "Feature", "properties": {"id": "152155", "CVEGEO": "0500600010929007", "POBTOT": 45.0, "score_nse": 0.0, "NSE": "ND", "VIVTOT": 13.0, "GRAPROES": 10.93, "_ent": "05", "_mun": "006", "_loc": "0001"}, "geometry": {"type": "Polygon", "coordinates": [[[-101.42945, 26.79659], [-101.43045, 26.79547], [-101.43079, 26.79569], [-101.4298, 26.79678], [-101.42945, 26.79659]]]}}, {"id": "152156", "type": "Feature", "properties": {"id": "152156", "CVEGEO": "0500600010929004", "POBTOT": 42.0, "score_nse": 67.8164, "NSE": "C", "VIVTOT": 11.0, "GRAPROES": 10.93, "_ent": "05", "_mun": "006", "_loc": "0001"}, "geometry": {"type": "Polygon", "coordinates": [[[-101.42937, 26.7967], [-101.42971, 26.79688], [-101.4292, 26.79745], [-101.42884, 26.79728], [-101.42937, 26.7967]]]}}, {"id": "152157", "type": "Feature", "properties": {"id": "152157", "CVEGEO": "0500600010929001", "POBTOT": 39.0, "score_nse": 71.1833, "NSE": "C+", "VIVTOT": 12.0, "GRAPROES": 10.33, "_ent": "05", "_mun": "006", "_loc": "0001"}, "geometry": {"type": "Polygon", "coordinates": [[[-101.4287, 26.79624], [-101.42987, 26.79487], [-101.43008, 26.79497], [-101.42885, 26.79632], [-101.4287, 26.79624]]]}}, {"id": "152158", "type": "Feature", "properties": {"id": "152158", "CVEGEO": "0500600010863006", "POBTOT": 0.0, "score_nse": 0.0, "NSE": "ND", "VIVTOT": 0.0, "GRAPROES": 0.0, "_ent": "05", "_mun": "006", "_loc": "0001"}, "geometry": {"type": "Polygon", "coordinates": [[[-101.41725, 26.76536], [-101.41699, 26.76447], [-101.41791, 26.76423], [-101.41919, 26.76486], [-101.41725, 26.76536]]]}}, {"id": "152159", "type": "Feature", "properties": {"id": "152159", "CVEGEO": "0500600010863005", "POBTOT": 0.0, "score_nse": 0.0, "NSE": "ND", "VIVTOT": 0.0, "GRAPROES": 0.0, "_ent": "05", "_mun": "006", "_loc": "0001"}, "geometry": {"type": "Polygon", "coordinates": [[[-101.42081, 26.7664], [-101.42005, 26.76611], [-101.41746, 26.7658], [-101.41732, 26.76538], [-101.41932, 26.76488], [-101.42081, 26.7664]]]}}, {"id": "152160", "type": "Feature", "properties": {"id": "152160", "CVEGEO": "0500600010844007", "POBTOT": 33.0, "score_nse": 0.0, "NSE": "ND", "VIVTOT": 12.0, "GRAPROES": 9.08, "_ent": "05", "_mun": "006", "_loc": "0001"}, "geometry": {"type": "Polygon", "coordinates": [[[-101.42142, 26.78013], [-101.42107, 26.78014], [-101.42098, 26.77914], [-101.42119, 26.77909], [-101.42142, 26.78013]]]}}, {"id": "152161", "type": "Feature", "properties": {"id": "152161", "CVEGEO": "0500600010844005", "POBTOT": 43.0, "score_nse": 73.6415, "NSE": "C+", "VIVTOT": 11.0, "GRAPROES": 8.83, "_ent": "05", "_mun": "006", "_loc": "0001"}, "geometry": {"type": "Polygon", "coordinates": [[[-101.42106, 26.78019], [-101.42144, 26.78018], [-101.42158, 26.78097], [-101.42116, 26.78106], [-101.42106, 26.78019]]]}}, {"id": "152162", "type": "Feature", "properties": {"id": "152162", "CVEGEO": "0500600010844002", "POBTOT": 139.0, "score_nse": 56.9634, "NSE": "C", "VIVTOT": 65.0, "GRAPROES": 9.23, "_ent": "05", "_mun": "006", "_loc": "0001"}, "geometry": {"type": "Polygon", "coordinates": [[[-101.42205, 26.78312], [-101.42183, 26.78315], [-101.42124, 26.78223], [-101.42116, 26.78115], [-101.42159, 26.78104], [-101.42167, 26.7813], [-101.42147, 26.78018], [-101.42246, 26.78045], [-101.42147, 26.78012], [-101.42124, 26.77908], [-101.42223, 26.77929], [-101.42144, 26.77898], [-101.42099, 26.77909], [-101.4209, 26.77786], [-101.4225, 26.77861], [-101.42298, 26.77875], [-101.42256, 26.77858], [-101.42476, 26.77775], [-101.4265, 26.77666], [-101.4268, 26.77632], [-101.42659, 26.77795], [-101.42634, 26.77829], [-101.42617, 26.77936], [-101.4267, 26.78117], [-101.42639, 26.78159], [-101.42613, 26.78248], [-101.42571, 26.78287], [-101.42554, 26.78372], [-101.42329, 26.78381], [-101.42343, 26.78273], [-101.4232, 26.78381], [-101.42257, 26.78382], [-101.42269, 26.78306], [-101.4221, 26.78256], [-101.42257, 26.78314], [-101.42248, 26.78382], [-101.42206, 26.7838], [-101.42186, 26.78322], [-101.42205, 26.78312]]]}}, {"id": "152163", "type": "Feature", "properties": {"id": "152163", "CVEGEO": "0500600010825002", "POBTOT": 58.0, "score_nse": 62.4697, "NSE": "C", "VIVTOT": 19.0, "GRAPROES": 10.18, "_ent": "05", "_mun": "006", "_loc": "0001"}, "geometry": {"type": "Polygon", "coordinates": [[[-101.4229, 26.78826], [-101.42229, 26.78951], [-101.42172, 26.7901], [-101.42104, 26.7904], [-101.42071, 26.79097], [-101.42113, 26.79296], [-101.41888, 26.78615], [-101.42003, 26.78606], [-101.42001, 26.78648], [-101.42011, 26.78606], [-101.4204, 26.78604], [-101.42019, 26.78714], [-101.42046, 26.78736], [-101.4229, 26.78826]]]}}, {"id": "152164", "type": "Feature", "properties": {"id": "152164", "CVEGEO": "0500600010810004", "POBTOT": 25.0, "score_nse": 0.0, "NSE": "ND", "VIVTOT": 12.0, "GRAPROES": 11.16, "_ent": "05", "_mun": "006", "_loc": "0001"}, "geometry": {"type": "Polygon", "coordinates": [[[-101.41694, 26.79619], [-101.41683, 26.79572], [-101.41783, 26.79586], [-101.4177, 26.79638], [-101.41694, 26.79619]]]}}, {"id": "152165", "type": "Feature", "properties": {"id": "152165", "CVEGEO": "0500600010810003", "POBTOT": 27.0, "score_nse": 69.8, "NSE": "C", "VIVTOT": 9.0, "GRAPROES": 10.0, "_ent": "05", "_mun": "006", "_loc": "0001"}, "geometry": {"type": "Polygon", "coordinates": [[[-101.41708, 26.79678], [-101.41695, 26.79623], [-101.41769, 26.79641], [-101.41758, 26.79689], [-101.41708, 26.79678]]]}}, {"id": "152166", "type": "Feature", "properties": {"id": "152166", "CVEGEO": "0500600010929003", "POBTOT": 4.0, "score_nse": 0.0, "NSE": "ND", "VIVTOT": 2.0, "GRAPROES": 0.0, "_ent": "05", "_mun": "006", "_loc": "0001"}, "geometry": {"type": "Polygon", "coordinates": [[[-101.42984, 26.79692], [-101.43018, 26.79709], [-101.42968, 26.79767], [-101.4293, 26.7975], [-101.42984, 26.79692]]]}}, {"id": "152167", "type": "Feature", "properties": {"id": "152167", "CVEGEO": "0500600010806031", "POBTOT": 31.0, "score_nse": 49.7935, "NSE": "C-", "VIVTOT": 11.0, "GRAPROES": 8.9, "_ent": "05", "_mun": "006", "_loc": "0001"}, "geometry": {"type": "Polygon", "coordinates": [[[-101.44713, 26.79246], [-101.44682, 26.79354], [-101.44578, 26.79329], [-101.44609, 26.79222], [-101.44713, 26.79246]]]}}, {"id": "152168", "type": "Feature", "properties": {"id": "152168", "CVEGEO": "0500600010806030", "POBTOT": 54.0, "score_nse": 50.066, "NSE": "C-", "VIVTOT": 20.0, "GRAPROES": 9.33, "_ent": "05", "_mun": "006", "_loc": "0001"}, "geometry": {"type": "Polygon", "coordinates": [[[-101.44634, 26.79118], [-101.44735, 26.79142], [-101.44715, 26.79234], [-101.44611, 26.7921], [-101.44634, 26.79118]]]}}, {"id": "152169", "type": "Feature", "properties": {"id": "152169", "CVEGEO": "0500600010806026", "POBTOT": 48.0, "score_nse": 68.2222, "NSE": "C", "VIVTOT": 13.0, "GRAPROES": 10.56, "_ent": "05", "_mun": "006", "_loc": "0001"}, "geometry": {"type": "Polygon", "coordinates": [[[-101.43896, 26.79504], [-101.43869, 26.79603], [-101.43768, 26.79577], [-101.43794, 26.79481], [-101.43896, 26.79504]]]}}, {"id": "152170", "type": "Feature", "properties": {"id": "152170", "CVEGEO": "0500600010806025", "POBTOT": 39.0, "score_nse": 67.4836, "NSE": "C", "VIVTOT": 9.0, "GRAPROES": 9.33, "_ent": "05", "_mun": "006", "_loc": "0001"}, "geometry": {"type": "Polygon", "coordinates": [[[-101.43866, 26.79615], [-101.43838, 26.79706], [-101.43739, 26.7968], [-101.43764, 26.7959], [-101.43866, 26.79615]]]}}, {"id": "152171", "type": "Feature", "properties": {"id": "152171", "CVEGEO": "0500600010806024", "POBTOT": 22.0, "score_nse": 0.0, "NSE": "ND", "VIVTOT": 13.0, "GRAPROES": 9.27, "_ent": "05", "_mun": "006", "_loc": "0001"}, "geometry": {"type": "Polygon", "coordinates": [[[-101.43837, 26.79715], [-101.43814, 26.79804], [-101.43712, 26.79781], [-101.43737, 26.7969], [-101.43837, 26.79715]]]}}, {"id": "152172", "type": "Feature", "properties": {"id": "152172", "CVEGEO": "0500600010806022", "POBTOT": 8.0, "score_nse": 0.0, "NSE": "ND", "VIVTOT": 5.0, "GRAPROES": 0.0, "_ent": "05", "_mun": "006", "_loc": "0001"}, "geometry": {"type": "Polygon", "coordinates": [[[-101.43898, 26.7996], [-101.43886, 26.80053], [-101.43779, 26.80032], [-101.43794, 26.79929], [-101.43898, 26.7996]]]}}, {"id": "152173", "type": "Feature", "properties": {"id": "152173", "CVEGEO": "0500600010806021", "POBTOT": 40.0, "score_nse": 0.0, "NSE": "ND", "VIVTOT": 12.0, "GRAPROES": 10.4, "_ent": "05", "_mun": "006", "_loc": "0001"}, "geometry": {"type": "Polygon", "coordinates": [[[-101.4381, 26.79817], [-101.43781, 26.7992], [-101.43682, 26.79891], [-101.43708, 26.79792], [-101.4381, 26.79817]]]}}, {"id": "152174", "type": "Feature", "properties": {"id": "152174", "CVEGEO": "0500600010806020", "POBTOT": 10.0, "score_nse": 0.0, "NSE": "ND", "VIVTOT": 3.0, "GRAPROES": 8.56, "_ent": "05", "_mun": "006", "_loc": "0001"}, "geometry": {"type": "Polygon", "coordinates": [[[-101.43738, 26.79916], [-101.4378, 26.79926], [-101.43767, 26.80029], [-101.43716, 26.80004], [-101.43738, 26.79916]]]}}, {"id": "152175", "type": "Feature", "properties": {"id": "152175", "CVEGEO": "0500600010806013", "POBTOT": 43.0, "score_nse": 57.4347, "NSE": "C", "VIVTOT": 15.0, "GRAPROES": 9.2, "_ent": "05", "_mun": "006", "_loc": "0001"}, "geometry": {"type": "Polygon", "coordinates": [[[-101.44514, 26.79089], [-101.44621, 26.79113], [-101.44597, 26.79207], [-101.44489, 26.79184], [-101.44514, 26.79089]]]}}, {"id": "152176", "type": "Feature", "properties": {"id": "152176", "CVEGEO": "0500600010806010", "POBTOT": 47.0, "score_nse": 52.3867, "NSE": "C-", "VIVTOT": 19.0, "GRAPROES": 10.03, "_ent": "05", "_mun": "006", "_loc": "0001"}, "geometry": {"type": "Polygon", "coordinates": [[[-101.44485, 26.79194], [-101.44594, 26.79219], [-101.44566, 26.79326], [-101.44459, 26.79298], [-101.44485, 26.79194]]]}}, {"id": "152177", "type": "Feature", "properties": {"id": "152177", "CVEGEO": "0500600010793006", "POBTOT": 60.0, "score_nse": 56.349, "NSE": "C", "VIVTOT": 16.0, "GRAPROES": 9.97, "_ent": "05", "_mun": "006", "_loc": "0001"}, "geometry": {"type": "Polygon", "coordinates": [[[-101.42757, 26.79861], [-101.42714, 26.79823], [-101.42777, 26.79726], [-101.42813, 26.79774], [-101.42757, 26.79861]]]}}, {"id": "152178", "type": "Feature", "properties": {"id": "152178", "CVEGEO": "0500600010793005", "POBTOT": 39.0, "score_nse": 62.0767, "NSE": "C", "VIVTOT": 12.0, "GRAPROES": 10.04, "_ent": "05", "_mun": "006", "_loc": "0001"}, "geometry": {"type": "Polygon", "coordinates": [[[-101.42806, 26.79908], [-101.42764, 26.79868], [-101.4282, 26.79784], [-101.42854, 26.79825], [-101.42806, 26.79908]]]}}, {"id": "152179", "type": "Feature", "properties": {"id": "152179", "CVEGEO": "050060001051A019", "POBTOT": 10.0, "score_nse": 48.728, "NSE": "C-", "VIVTOT": 5.0, "GRAPROES": 10.43, "_ent": "05", "_mun": "006", "_loc": "0001"}, "geometry": {"type": "Polygon", "coordinates": [[[-101.412, 26.78411], [-101.41139, 26.7833], [-101.41185, 26.78308], [-101.41243, 26.7839], [-101.412, 26.78411]]]}}, {"id": "152180", "type": "Feature", "properties": {"id": "152180", "CVEGEO": "050060001051A017", "POBTOT": 64.0, "score_nse": 0.0, "NSE": "ND", "VIVTOT": 23.0, "GRAPROES": 9.17, "_ent": "05", "_mun": "006", "_loc": "0001"}, "geometry": {"type": "Polygon", "coordinates": [[[-101.40898, 26.7819], [-101.40795, 26.78044], [-101.4089, 26.78019], [-101.40936, 26.7818], [-101.40898, 26.7819]]]}}, {"id": "152181", "type": "Feature", "properties": {"id": "152181", "CVEGEO": "050060001051A016", "POBTOT": 18.0, "score_nse": 0.0, "NSE": "ND", "VIVTOT": 5.0, "GRAPROES": 8.27, "_ent": "05", "_mun": "006", "_loc": "0001"}, "geometry": {"type": "Polygon", "coordinates": [[[-101.41126, 26.78201], [-101.41094, 26.78152], [-101.41147, 26.78138], [-101.41174, 26.78179], [-101.41126, 26.78201]]]}}, {"id": "152182", "type": "Feature", "properties": {"id": "152182", "CVEGEO": "050060001051A012", "POBTOT": 38.0, "score_nse": 58.6453, "NSE": "C", "VIVTOT": 9.0, "GRAPROES": 9.0, "_ent": "05", "_mun": "006", "_loc": "0001"}, "geometry": {"type": "Polygon", "coordinates": [[[-101.41068, 26.78229], [-101.41027, 26.78167], [-101.41082, 26.78153], [-101.41117, 26.78205], [-101.41068, 26.78229]]]}}, {"id": "152183", "type": "Feature", "properties": {"id": "152183", "CVEGEO": "050060001051A009", "POBTOT": 0.0, "score_nse": 0.0, "NSE": "ND", "VIVTOT": 0.0, "GRAPROES": 0.0, "_ent": "05", "_mun": "006", "_loc": "0001"}, "geometry": {"type": "Polygon", "coordinates": [[[-101.41074, 26.78347], [-101.41018, 26.78267], [-101.41066, 26.78243], [-101.41121, 26.78323], [-101.41074, 26.78347]]]}}, {"id": "152184", "type": "Feature", "properties": {"id": "152184", "CVEGEO": "050060001051A008", "POBTOT": 55.0, "score_nse": 0.0, "NSE": "ND", "VIVTOT": 19.0, "GRAPROES": 8.98, "_ent": "05", "_mun": "006", "_loc": "0001"}, "geometry": {"type": "Polygon", "coordinates": [[[-101.41133, 26.78319], [-101.41075, 26.78239], [-101.41124, 26.78215], [-101.41179, 26.78297], [-101.41133, 26.78319]]]}}, {"id": "152185", "type": "Feature", "properties": {"id": "152185", "CVEGEO": "050060001051A007", "POBTOT": 49.0, "score_nse": 0.0, "NSE": "ND", "VIVTOT": 16.0, "GRAPROES": 9.34, "_ent": "05", "_mun": "006", "_loc": "0001"}, "geometry": {"type": "Polygon", "coordinates": [[[-101.4119, 26.78293], [-101.41132, 26.78211], [-101.41181, 26.78188], [-101.41238, 26.78269], [-101.4119, 26.78293]]]}}, {"id": "152186", "type": "Feature", "properties": {"id": "152186", "CVEGEO": "0500600010505039", "POBTOT": 28.0, "score_nse": 0.0, "NSE": "ND", "VIVTOT": 9.0, "GRAPROES": 7.44, "_ent": "05", "_mun": "006", "_loc": "0001"}, "geometry": {"type": "Polygon", "coordinates": [[[-101.40704, 26.78657], [-101.40651, 26.78683], [-101.40596, 26.78593], [-101.40682, 26.78552], [-101.40704, 26.78657]]]}}, {"id": "152187", "type": "Feature", "properties": {"id": "152187", "CVEGEO": "0500600010505038", "POBTOT": 12.0, "score_nse": 0.0, "NSE": "ND", "VIVTOT": 2.0, "GRAPROES": 0.0, "_ent": "05", "_mun": "006", "_loc": "0001"}, "geometry": {"type": "Polygon", "coordinates": [[[-101.40707, 26.78776], [-101.40655, 26.7869], [-101.40706, 26.78665], [-101.40727, 26.78766], [-101.40707, 26.78776]]]}}, {"id": "152188", "type": "Feature", "properties": {"id": "152188", "CVEGEO": "0500600010505036", "POBTOT": 0.0, "score_nse": 0.0, "NSE": "ND", "VIVTOT": 0.0, "GRAPROES": 0.0, "_ent": "05", "_mun": "006", "_loc": "0001"}, "geometry": {"type": "Polygon", "coordinates": [[[-101.40389, 26.78692], [-101.40486, 26.78646], [-101.4054, 26.78736], [-101.40443, 26.78782], [-101.40389, 26.78692]]]}}, {"id": "152189", "type": "Feature", "properties": {"id": "152189", "CVEGEO": "0500600010505035", "POBTOT": 60.0, "score_nse": 0.0, "NSE": "ND", "VIVTOT": 17.0, "GRAPROES": 8.36, "_ent": "05", "_mun": "006", "_loc": "0001"}, "geometry": {"type": "Polygon", "coordinates": [[[-101.40493, 26.78643], [-101.4059, 26.78595], [-101.40645, 26.78685], [-101.40546, 26.78733], [-101.40493, 26.78643]]]}}, {"id": "152190", "type": "Feature", "properties": {"id": "152190", "CVEGEO": "0500600010505032", "POBTOT": 84.0, "score_nse": 63.9017, "NSE": "C", "VIVTOT": 24.0, "GRAPROES": 10.16, "_ent": "05", "_mun": "006", "_loc": "0001"}, "geometry": {"type": "Polygon", "coordinates": [[[-101.40867, 26.78579], [-101.40814, 26.7849], [-101.40913, 26.78443], [-101.40965, 26.78531], [-101.40867, 26.78579]]]}}, {"id": "152191", "type": "Feature", "properties": {"id": "152191", "CVEGEO": "0500600010505031", "POBTOT": 51.0, "score_nse": 0.0, "NSE": "ND", "VIVTOT": 17.0, "GRAPROES": 10.21, "_ent": "05", "_mun": "006", "_loc": "0001"}, "geometry": {"type": "Polygon", "coordinates": [[[-101.41128, 26.78446], [-101.40975, 26.78526], [-101.40921, 26.78436], [-101.41072, 26.78363], [-101.41128, 26.78446]]]}}, {"id": "152192", "type": "Feature", "properties": {"id": "152192", "CVEGEO": "0500600010505030", "POBTOT": 0.0, "score_nse": 0.0, "NSE": "ND", "VIVTOT": 0.0, "GRAPROES": 0.0, "_ent": "05", "_mun": "006", "_loc": "0001"}, "geometry": {"type": "Polygon", "coordinates": [[[-101.40447, 26.78789], [-101.40544, 26.78742], [-101.40597, 26.78829], [-101.40499, 26.78876], [-101.40447, 26.78789]]]}}, {"id": "152193", "type": "Feature", "properties": {"id": "152193", "CVEGEO": "0500600010505029", "POBTOT": 55.0, "score_nse": 0.0, "NSE": "ND", "VIVTOT": 13.0, "GRAPROES": 9.28, "_ent": "05", "_mun": "006", "_loc": "0001"}, "geometry": {"type": "Polygon", "coordinates": [[[-101.4055, 26.78739], [-101.4065, 26.78692], [-101.40702, 26.78778], [-101.40602, 26.78826], [-101.4055, 26.78739]]]}}, {"id": "152194", "type": "Feature", "properties": {"id": "152194", "CVEGEO": "0500600010505028", "POBTOT": 52.0, "score_nse": 55.3898, "NSE": "C", "VIVTOT": 18.0, "GRAPROES": 10.0, "_ent": "05", "_mun": "006", "_loc": "0001"}, "geometry": {"type": "Polygon", "coordinates": [[[-101.40713, 26.78662], [-101.40757, 26.78642], [-101.40806, 26.78728], [-101.40735, 26.78763], [-101.40713, 26.78662]]]}}, {"id": "152195", "type": "Feature", "properties": {"id": "152195", "CVEGEO": "0500600010505027", "POBTOT": 23.0, "score_nse": 0.0, "NSE": "ND", "VIVTOT": 7.0, "GRAPROES": 8.83, "_ent": "05", "_mun": "006", "_loc": "0001"}, "geometry": {"type": "Polygon", "coordinates": [[[-101.40769, 26.78638], [-101.40862, 26.78593], [-101.40915, 26.78677], [-101.40821, 26.78722], [-101.40769, 26.78638]]]}}, {"id": "152196", "type": "Feature", "properties": {"id": "152196", "CVEGEO": "0500600010505026", "POBTOT": 49.0, "score_nse": 53.9623, "NSE": "C-", "VIVTOT": 19.0, "GRAPROES": 9.83, "_ent": "05", "_mun": "006", "_loc": "0001"}, "geometry": {"type": "Polygon", "coordinates": [[[-101.40873, 26.78588], [-101.40968, 26.7854], [-101.41016, 26.78623], [-101.40924, 26.78671], [-101.40873, 26.78588]]]}}, {"id": "152197", "type": "Feature", "properties": {"id": "152197", "CVEGEO": "0500600010505025", "POBTOT": 28.0, "score_nse": 0.0, "NSE": "ND", "VIVTOT": 12.0, "GRAPROES": 9.88, "_ent": "05", "_mun": "006", "_loc": "0001"}, "geometry": {"type": "Polygon", "coordinates": [[[-101.41135, 26.78547], [-101.41027, 26.78613], [-101.4098, 26.78536], [-101.41093, 26.78478], [-101.41135, 26.78547]]]}}, {"id": "152198", "type": "Feature", "properties": {"id": "152198", "CVEGEO": "0500600010505021", "POBTOT": 16.0, "score_nse": 0.0, "NSE": "ND", "VIVTOT": 6.0, "GRAPROES": 10.0, "_ent": "05", "_mun": "006", "_loc": "0001"}, "geometry": {"type": "Polygon", "coordinates": [[[-101.40967, 26.78766], [-101.40878, 26.78811], [-101.40825, 26.78729], [-101.40916, 26.78683], [-101.40967, 26.78766]]]}}, {"id": "152199", "type": "Feature", "properties": {"id": "152199", "CVEGEO": "0500600010505020", "POBTOT": 47.0, "score_nse": 68.5278, "NSE": "C", "VIVTOT": 17.0, "GRAPROES": 12.23, "_ent": "05", "_mun": "006", "_loc": "0001"}, "geometry": {"type": "Polygon", "coordinates": [[[-101.41076, 26.78718], [-101.40982, 26.78763], [-101.4093, 26.78679], [-101.4102, 26.78635], [-101.41076, 26.78718]]]}}, {"id": "152200", "type": "Feature", "properties": {"id": "152200", "CVEGEO": "0500600010505019", "POBTOT": 20.0, "score_nse": 0.0, "NSE": "ND", "VIVTOT": 15.0, "GRAPROES": 8.13, "_ent": "05", "_mun": "006", "_loc": "0001"}, "geometry": {"type": "Polygon", "coordinates": [[[-101.41196, 26.78656], [-101.4109, 26.78708], [-101.41035, 26.78626], [-101.41139, 26.78557], [-101.41196, 26.78656]]]}}, {"id": "152201", "type": "Feature", "properties": {"id": "152201", "CVEGEO": "0500600010505014", "POBTOT": 48.0, "score_nse": 55.6507, "NSE": "C", "VIVTOT": 15.0, "GRAPROES": 10.23, "_ent": "05", "_mun": "006", "_loc": "0001"}, "geometry": {"type": "Polygon", "coordinates": [[[-101.41131, 26.78808], [-101.41036, 26.78854], [-101.40985, 26.78774], [-101.41085, 26.78729], [-101.41131, 26.78808]]]}}, {"id": "152202", "type": "Feature", "properties": {"id": "152202", "CVEGEO": "050060273090A010", "POBTOT": 0.0, "score_nse": 0.0, "NSE": null, "VIVTOT": 0.0, "GRAPROES": 0.0, "_ent": "05", "_mun": "006", "_loc": "0273"}, "geometry": {"type": "Polygon", "coordinates": [[[-101.1115, 26.26582], [-101.11206, 26.26584], [-101.11204, 26.26619], [-101.11169, 26.26626], [-101.1115, 26.26582]]]}}, {"id": "152203", "type": "Feature", "properties": {"id": "152203", "CVEGEO": "050060273090A009", "POBTOT": 0.0, "score_nse": 0.0, "NSE": null, "VIVTOT": 0.0, "GRAPROES": 0.0, "_ent": "05", "_mun": "006", "_loc": "0273"}, "geometry": {"type": "Polygon", "coordinates": [[[-101.11218, 26.26527], [-101.11318, 26.26596], [-101.11211, 26.26618], [-101.11218, 26.26527]]]}}, {"id": "152204", "type": "Feature", "properties": {"id": "152204", "CVEGEO": "050060273090A008", "POBTOT": 0.0, "score_nse": 0.0, "NSE": null, "VIVTOT": 0.0, "GRAPROES": 0.0, "_ent": "05", "_mun": "006", "_loc": "0273"}, "geometry": {"type": "Polygon", "coordinates": [[[-101.1121, 26.26624], [-101.11319, 26.26603], [-101.11324, 26.2663], [-101.11208, 26.26651], [-101.1121, 26.26624]]]}}, {"id": "152205", "type": "Feature", "properties": {"id": "152205", "CVEGEO": "050060273090A007", "POBTOT": 0.0, "score_nse": 0.0, "NSE": null, "VIVTOT": 0.0, "GRAPROES": 0.0, "_ent": "05", "_mun": "006", "_loc": "0273"}, "geometry": {"type": "Polygon", "coordinates": [[[-101.11056, 26.26655], [-101.11203, 26.26626], [-101.112, 26.26668], [-101.11162, 26.26669], [-101.112, 26.26674], [-101.11197, 26.26705], [-101.11083, 26.26733], [-101.11056, 26.26655]]]}}, {"id": "152206", "type": "Feature", "properties": {"id": "152206", "CVEGEO": "050060273090A006", "POBTOT": 0.0, "score_nse": 0.0, "NSE": null, "VIVTOT": 0.0, "GRAPROES": 0.0, "_ent": "05", "_mun": "006", "_loc": "0273"}, "geometry": {"type": "Polygon", "coordinates": [[[-101.11208, 26.26658], [-101.11325, 26.26636], [-101.11332, 26.26672], [-101.11205, 26.26703], [-101.11208, 26.26658]]]}}, {"id": "152207", "type": "Feature", "properties": {"id": "152207", "CVEGEO": "050060273090A005", "POBTOT": 0.0, "score_nse": 0.0, "NSE": null, "VIVTOT": 0.0, "GRAPROES": 0.0, "_ent": "05", "_mun": "006", "_loc": "0273"}, "geometry": {"type": "Polygon", "coordinates": [[[-101.11085, 26.26739], [-101.11197, 26.26712], [-101.11194, 26.26746], [-101.11096, 26.26771], [-101.11085, 26.26739]]]}}, {"id": "152208", "type": "Feature", "properties": {"id": "152208", "CVEGEO": "050060273090A004", "POBTOT": 0.0, "score_nse": 0.0, "NSE": null, "VIVTOT": 0.0, "GRAPROES": 0.0, "_ent": "05", "_mun": "006", "_loc": "0273"}, "geometry": {"type": "Polygon", "coordinates": [[[-101.11204, 26.2671], [-101.11337, 26.26678], [-101.11368, 26.26702], [-101.11202, 26.26744], [-101.11204, 26.2671]]]}}, {"id": "152209", "type": "Feature", "properties": {"id": "152209", "CVEGEO": "0500602220562005", "POBTOT": 0.0, "score_nse": 0.0, "NSE": null, "VIVTOT": 0.0, "GRAPROES": 0.0, "_ent": "05", "_mun": "006", "_loc": "0222"}, "geometry": {"type": "Polygon", "coordinates": [[[-101.46722, 26.78478], [-101.46692, 26.78369], [-101.46809, 26.78342], [-101.46906, 26.78438], [-101.46722, 26.78478]]]}}, {"id": "152210", "type": "Feature", "properties": {"id": "152210", "CVEGEO": "0500602120647007", "POBTOT": 0.0, "score_nse": 0.0, "NSE": null, "VIVTOT": 0.0, "GRAPROES": 0.0, "_ent": "05", "_mun": "006", "_loc": "0212"}, "geometry": {"type": "Polygon", "coordinates": [[[-101.11249, 26.50731], [-101.11297, 26.50648], [-101.11382, 26.50699], [-101.11335, 26.50783], [-101.11249, 26.50731]]]}}, {"id": "152211", "type": "Feature", "properties": {"id": "152211", "CVEGEO": "050060273090A001", "POBTOT": 0.0, "score_nse": 0.0, "NSE": null, "VIVTOT": 0.0, "GRAPROES": 0.0, "_ent": "05", "_mun": "006", "_loc": "0273"}, "geometry": {"type": "Polygon", "coordinates": [[[-101.11149, 26.26853], [-101.11172, 26.2685], [-101.11197, 26.26936], [-101.11175, 26.26941], [-101.11149, 26.26853]]]}}, {"id": "152212", "type": "Feature", "properties": {"id": "152212", "CVEGEO": "0500602220562015", "POBTOT": 0.0, "score_nse": 0.0, "NSE": null, "VIVTOT": 0.0, "GRAPROES": 0.0, "_ent": "05", "_mun": "006", "_loc": "0222"}, "geometry": {"type": "Polygon", "coordinates": [[[-101.46179, 26.77628], [-101.46072, 26.7725], [-101.46346, 26.77165], [-101.46371, 26.77197], [-101.46471, 26.77568], [-101.46179, 26.77628]]]}}, {"id": "152213", "type": "Feature", "properties": {"id": "152213", "CVEGEO": "0500602220562014", "POBTOT": 0.0, "score_nse": 0.0, "NSE": null, "VIVTOT": 0.0, "GRAPROES": 0.0, "_ent": "05", "_mun": "006", "_loc": "0222"}, "geometry": {"type": "Polygon", "coordinates": [[[-101.46211, 26.77742], [-101.46182, 26.77636], [-101.46474, 26.77576], [-101.46498, 26.77681], [-101.46211, 26.77742]]]}}, {"id": "152214", "type": "Feature", "properties": {"id": "152214", "CVEGEO": "0500602220562013", "POBTOT": 0.0, "score_nse": 0.0, "NSE": null, "VIVTOT": 0.0, "GRAPROES": 0.0, "_ent": "05", "_mun": "006", "_loc": "0222"}, "geometry": {"type": "Polygon", "coordinates": [[[-101.46241, 26.77858], [-101.46213, 26.77749], [-101.46501, 26.77689], [-101.46533, 26.77796], [-101.46241, 26.77858]]]}}, {"id": "152215", "type": "Feature", "properties": {"id": "152215", "CVEGEO": "0500602220562012", "POBTOT": 0.0, "score_nse": 0.0, "NSE": null, "VIVTOT": 0.0, "GRAPROES": 0.0, "_ent": "05", "_mun": "006", "_loc": "0222"}, "geometry": {"type": "Polygon", "coordinates": [[[-101.46302, 26.78089], [-101.46243, 26.77865], [-101.46536, 26.77802], [-101.46591, 26.78023], [-101.46302, 26.78089]]]}}, {"id": "152216", "type": "Feature", "properties": {"id": "152216", "CVEGEO": "0500602220562011", "POBTOT": 0.0, "score_nse": 0.0, "NSE": null, "VIVTOT": 0.0, "GRAPROES": 0.0, "_ent": "05", "_mun": "006", "_loc": "0222"}, "geometry": {"type": "Polygon", "coordinates": [[[-101.46332, 26.7819], [-101.46304, 26.78095], [-101.46594, 26.7803], [-101.46625, 26.78156], [-101.46332, 26.7819]]]}}, {"id": "152217", "type": "Feature", "properties": {"id": "152217", "CVEGEO": "0500602220562010", "POBTOT": 0.0, "score_nse": 0.0, "NSE": null, "VIVTOT": 0.0, "GRAPROES": 0.0, "_ent": "05", "_mun": "006", "_loc": "0222"}, "geometry": {"type": "Polygon", "coordinates": [[[-101.46358, 26.78314], [-101.46335, 26.78197], [-101.46627, 26.78165], [-101.46651, 26.78249], [-101.46358, 26.78314]]]}}, {"id": "152218", "type": "Feature", "properties": {"id": "152218", "CVEGEO": "0500602220562009", "POBTOT": 0.0, "score_nse": 0.0, "NSE": null, "VIVTOT": 0.0, "GRAPROES": 0.0, "_ent": "05", "_mun": "006", "_loc": "0222"}, "geometry": {"type": "Polygon", "coordinates": [[[-101.46633, 26.78164], [-101.46704, 26.78239], [-101.4666, 26.7825], [-101.46633, 26.78164]]]}}, {"id": "152219", "type": "Feature", "properties": {"id": "152219", "CVEGEO": "0500600820666006", "POBTOT": 0.0, "score_nse": 0.0, "NSE": null, "VIVTOT": 0.0, "GRAPROES": 0.0, "_ent": "05", "_mun": "006", "_loc": "0082"}, "geometry": {"type": "Polygon", "coordinates": [[[-101.36376, 26.63939], [-101.36332, 26.63874], [-101.36423, 26.63826], [-101.36458, 26.63889], [-101.36376, 26.63939]]]}}, {"id": "152220", "type": "Feature", "properties": {"id": "152220", "CVEGEO": "0500602220562008", "POBTOT": 0.0, "score_nse": 0.0, "NSE": null, "VIVTOT": 0.0, "GRAPROES": 0.0, "_ent": "05", "_mun": "006", "_loc": "0222"}, "geometry": {"type": "Polygon", "coordinates": [[[-101.46394, 26.78429], [-101.46362, 26.78321], [-101.46655, 26.78258], [-101.46684, 26.78367], [-101.46394, 26.78429]]]}}, {"id": "152221", "type": "Feature", "properties": {"id": "152221", "CVEGEO": "0500602220562007", "POBTOT": 0.0, "score_nse": 0.0, "NSE": null, "VIVTOT": 0.0, "GRAPROES": 0.0, "_ent": "05", "_mun": "006", "_loc": "0222"}, "geometry": {"type": "Polygon", "coordinates": [[[-101.46661, 26.78256], [-101.4671, 26.78245], [-101.46806, 26.7834], [-101.46691, 26.78366], [-101.46661, 26.78256]]]}}, {"id": "152222", "type": "Feature", "properties": {"id": "152222", "CVEGEO": "0500602220562004", "POBTOT": 0.0, "score_nse": 0.0, "NSE": null, "VIVTOT": 0.0, "GRAPROES": 0.0, "_ent": "05", "_mun": "006", "_loc": "0222"}, "geometry": {"type": "Polygon", "coordinates": [[[-101.46454, 26.78654], [-101.46426, 26.78547], [-101.46716, 26.78488], [-101.46744, 26.78595], [-101.46454, 26.78654]]]}}, {"id": "152223", "type": "Feature", "properties": {"id": "152223", "CVEGEO": "0500602220562003", "POBTOT": 0.0, "score_nse": 0.0, "NSE": null, "VIVTOT": 0.0, "GRAPROES": 0.0, "_ent": "05", "_mun": "006", "_loc": "0222"}, "geometry": {"type": "Polygon", "coordinates": [[[-101.46996, 26.78541], [-101.46752, 26.78593], [-101.46724, 26.78486], [-101.46915, 26.78445], [-101.46996, 26.78541]]]}}, {"id": "152224", "type": "Feature", "properties": {"id": "152224", "CVEGEO": "0500602220562002", "POBTOT": 0.0, "score_nse": 0.0, "NSE": null, "VIVTOT": 0.0, "GRAPROES": 0.0, "_ent": "05", "_mun": "006", "_loc": "0222"}, "geometry": {"type": "Polygon", "coordinates": [[[-101.46481, 26.78765], [-101.46456, 26.78662], [-101.46746, 26.78601], [-101.46773, 26.78705], [-101.46481, 26.78765]]]}}, {"id": "152225", "type": "Feature", "properties": {"id": "152225", "CVEGEO": "0500602220562001", "POBTOT": 0.0, "score_nse": 0.0, "NSE": null, "VIVTOT": 0.0, "GRAPROES": 0.0, "_ent": "05", "_mun": "006", "_loc": "0222"}, "geometry": {"type": "Polygon", "coordinates": [[[-101.47028, 26.78651], [-101.4678, 26.78703], [-101.46753, 26.78598], [-101.47008, 26.7854], [-101.47028, 26.78651]]]}}, {"id": "152226", "type": "Feature", "properties": {"id": "152226", "CVEGEO": "0500602120647020", "POBTOT": 0.0, "score_nse": 0.0, "NSE": null, "VIVTOT": 0.0, "GRAPROES": 0.0, "_ent": "05", "_mun": "006", "_loc": "0212"}, "geometry": {"type": "Polygon", "coordinates": [[[-101.11581, 26.50364], [-101.11631, 26.50389], [-101.11637, 26.50343], [-101.11691, 26.50355], [-101.11678, 26.50472], [-101.11573, 26.50415], [-101.11581, 26.50364]]]}}, {"id": "152227", "type": "Feature", "properties": {"id": "152227", "CVEGEO": "0500602120647019", "POBTOT": 0.0, "score_nse": 0.0, "NSE": null, "VIVTOT": 0.0, "GRAPROES": 0.0, "_ent": "05", "_mun": "006", "_loc": "0212"}, "geometry": {"type": "Polygon", "coordinates": [[[-101.11211, 26.5032], [-101.11242, 26.5026], [-101.11324, 26.50308], [-101.11292, 26.50369], [-101.11211, 26.5032]]]}}, {"id": "152228", "type": "Feature", "properties": {"id": "152228", "CVEGEO": "0500602120647018", "POBTOT": 0.0, "score_nse": 0.0, "NSE": null, "VIVTOT": 0.0, "GRAPROES": 0.0, "_ent": "05", "_mun": "006", "_loc": "0212"}, "geometry": {"type": "Polygon", "coordinates": [[[-101.11308, 26.50364], [-101.11333, 26.50314], [-101.11522, 26.50425], [-101.11496, 26.50469], [-101.11308, 26.50364]]]}}, {"id": "152229", "type": "Feature", "properties": {"id": "152229", "CVEGEO": "0500602120647015", "POBTOT": 0.0, "score_nse": 0.0, "NSE": null, "VIVTOT": 0.0, "GRAPROES": 0.0, "_ent": "05", "_mun": "006", "_loc": "0212"}, "geometry": {"type": "Polygon", "coordinates": [[[-101.10994, 26.50468], [-101.11047, 26.50372], [-101.11134, 26.50422], [-101.11082, 26.50515], [-101.10994, 26.50468]]]}}, {"id": "152230", "type": "Feature", "properties": {"id": "152230", "CVEGEO": "0500602120647014", "POBTOT": 0.0, "score_nse": 0.0, "NSE": null, "VIVTOT": 0.0, "GRAPROES": 0.0, "_ent": "05", "_mun": "006", "_loc": "0212"}, "geometry": {"type": "Polygon", "coordinates": [[[-101.111, 26.50518], [-101.11149, 26.50431], [-101.11232, 26.5048], [-101.11187, 26.50567], [-101.111, 26.50518]]]}}, {"id": "152231", "type": "Feature", "properties": {"id": "152231", "CVEGEO": "0500602120647013", "POBTOT": 0.0, "score_nse": 0.0, "NSE": null, "VIVTOT": 0.0, "GRAPROES": 0.0, "_ent": "05", "_mun": "006", "_loc": "0212"}, "geometry": {"type": "Polygon", "coordinates": [[[-101.11201, 26.50574], [-101.11247, 26.5049], [-101.11338, 26.50542], [-101.11289, 26.50626], [-101.11201, 26.50574]]]}}, {"id": "152232", "type": "Feature", "properties": {"id": "152232", "CVEGEO": "0500602120647012", "POBTOT": 0.0, "score_nse": 0.0, "NSE": null, "VIVTOT": 0.0, "GRAPROES": 0.0, "_ent": "05", "_mun": "006", "_loc": "0212"}, "geometry": {"type": "Polygon", "coordinates": [[[-101.11305, 26.50636], [-101.11351, 26.50551], [-101.11438, 26.50601], [-101.11392, 26.50687], [-101.11305, 26.50636]]]}}, {"id": "152233", "type": "Feature", "properties": {"id": "152233", "CVEGEO": "0500602120647011", "POBTOT": 0.0, "score_nse": 0.0, "NSE": null, "VIVTOT": 0.0, "GRAPROES": 0.0, "_ent": "05", "_mun": "006", "_loc": "0212"}, "geometry": {"type": "Polygon", "coordinates": [[[-101.11403, 26.50695], [-101.11454, 26.50611], [-101.1154, 26.50666], [-101.11535, 26.50711], [-101.11497, 26.50753], [-101.11403, 26.50695]]]}}, {"id": "152234", "type": "Feature", "properties": {"id": "152234", "CVEGEO": "0500602120647010", "POBTOT": 0.0, "score_nse": 0.0, "NSE": null, "VIVTOT": 0.0, "GRAPROES": 0.0, "_ent": "05", "_mun": "006", "_loc": "0212"}, "geometry": {"type": "Polygon", "coordinates": [[[-101.10945, 26.50558], [-101.1099, 26.50476], [-101.11082, 26.50523], [-101.11034, 26.5061], [-101.10945, 26.50558]]]}}, {"id": "152235", "type": "Feature", "properties": {"id": "152235", "CVEGEO": "0500602120647004", "POBTOT": 0.0, "score_nse": 0.0, "NSE": null, "VIVTOT": 0.0, "GRAPROES": 0.0, "_ent": "05", "_mun": "006", "_loc": "0212"}, "geometry": {"type": "Polygon", "coordinates": [[[-101.11096, 26.50767], [-101.11141, 26.50682], [-101.1123, 26.50735], [-101.11183, 26.50817], [-101.11096, 26.50767]]]}}, {"id": "152236", "type": "Feature", "properties": {"id": "152236", "CVEGEO": "0500602120647003", "POBTOT": 0.0, "score_nse": 0.0, "NSE": null, "VIVTOT": 0.0, "GRAPROES": 0.0, "_ent": "05", "_mun": "006", "_loc": "0212"}, "geometry": {"type": "Polygon", "coordinates": [[[-101.11194, 26.50826], [-101.11241, 26.50744], [-101.11329, 26.50795], [-101.11279, 26.50874], [-101.11194, 26.50826]]]}}, {"id": "152237", "type": "Feature", "properties": {"id": "152237", "CVEGEO": "0500602120647002", "POBTOT": 0.0, "score_nse": 0.0, "NSE": null, "VIVTOT": 0.0, "GRAPROES": 0.0, "_ent": "05", "_mun": "006", "_loc": "0212"}, "geometry": {"type": "Polygon", "coordinates": [[[-101.10963, 26.50753], [-101.11036, 26.50624], [-101.11129, 26.50676], [-101.11063, 26.50799], [-101.10963, 26.50753]]]}}, {"id": "152238", "type": "Feature", "properties": {"id": "152238", "CVEGEO": "0500600820666014", "POBTOT": 0.0, "score_nse": 0.0, "NSE": null, "VIVTOT": 0.0, "GRAPROES": 0.0, "_ent": "05", "_mun": "006", "_loc": "0082"}, "geometry": {"type": "Polygon", "coordinates": [[[-101.36648, 26.63565], [-101.36629, 26.63521], [-101.36668, 26.635], [-101.36688, 26.6354], [-101.36648, 26.63565]]]}}, {"id": "152239", "type": "Feature", "properties": {"id": "152239", "CVEGEO": "0500600820666013", "POBTOT": 0.0, "score_nse": 0.0, "NSE": null, "VIVTOT": 0.0, "GRAPROES": 0.0, "_ent": "05", "_mun": "006", "_loc": "0082"}, "geometry": {"type": "Polygon", "coordinates": [[[-101.36699, 26.63535], [-101.36661, 26.63447], [-101.36711, 26.63425], [-101.36743, 26.63511], [-101.36699, 26.63535]]]}}, {"id": "152240", "type": "Feature", "properties": {"id": "152240", "CVEGEO": "0500600820666010", "POBTOT": 0.0, "score_nse": 0.0, "NSE": null, "VIVTOT": 0.0, "GRAPROES": 0.0, "_ent": "05", "_mun": "006", "_loc": "0082"}, "geometry": {"type": "Polygon", "coordinates": [[[-101.36325, 26.63867], [-101.36293, 26.63823], [-101.36518, 26.63675], [-101.36554, 26.63734], [-101.36325, 26.63867]]]}}, {"id": "152241", "type": "Feature", "properties": {"id": "152241", "CVEGEO": "0500600820666007", "POBTOT": 0.0, "score_nse": 0.0, "NSE": null, "VIVTOT": 0.0, "GRAPROES": 0.0, "_ent": "05", "_mun": "006", "_loc": "0082"}, "geometry": {"type": "Polygon", "coordinates": [[[-101.3647, 26.63885], [-101.36431, 26.63819], [-101.36565, 26.63746], [-101.36598, 26.63806], [-101.3647, 26.63885]]]}}, {"id": "152242", "type": "Feature", "properties": {"id": "152242", "CVEGEO": "0500600820666011", "POBTOT": 0.0, "score_nse": 0.0, "NSE": null, "VIVTOT": 0.0, "GRAPROES": 0.0, "_ent": "05", "_mun": "006", "_loc": "0082"}, "geometry": {"type": "Polygon", "coordinates": [[[-101.36576, 26.63722], [-101.36528, 26.63654], [-101.36694, 26.63554], [-101.36728, 26.63635], [-101.36576, 26.63722]]]}}, {"id": "152243", "type": "Feature", "properties": {"id": "152243", "CVEGEO": "0500600820666012", "POBTOT": 0.0, "score_nse": 0.0, "NSE": null, "VIVTOT": 0.0, "GRAPROES": 0.0, "_ent": "05", "_mun": "006", "_loc": "0082"}, "geometry": {"type": "Polygon", "coordinates": [[[-101.36739, 26.63631], [-101.36706, 26.63548], [-101.36748, 26.63522], [-101.36782, 26.63606], [-101.36739, 26.63631]]]}}, {"id": "152244", "type": "Feature", "properties": {"id": "152244", "CVEGEO": "0500600820666008", "POBTOT": 0.0, "score_nse": 0.0, "NSE": null, "VIVTOT": 0.0, "GRAPROES": 0.0, "_ent": "05", "_mun": "006", "_loc": "0082"}, "geometry": {"type": "Polygon", "coordinates": [[[-101.36616, 26.63799], [-101.36579, 26.63734], [-101.36785, 26.63618], [-101.36811, 26.63683], [-101.36616, 26.63799]]]}}, {"id": "152245", "type": "Feature", "properties": {"id": "152245", "CVEGEO": "0500600820666004", "POBTOT": 0.0, "score_nse": 0.0, "NSE": null, "VIVTOT": 0.0, "GRAPROES": 0.0, "_ent": "05", "_mun": "006", "_loc": "0082"}, "geometry": {"type": "Polygon", "coordinates": [[[-101.36766, 26.63722], [-101.3682, 26.63695], [-101.36944, 26.6401], [-101.36891, 26.6403], [-101.36766, 26.63722]]]}}, {"id": "152246", "type": "Feature", "properties": {"id": "152246", "CVEGEO": "0500600820666003", "POBTOT": 0.0, "score_nse": 0.0, "NSE": null, "VIVTOT": 0.0, "GRAPROES": 0.0, "_ent": "05", "_mun": "006", "_loc": "0082"}, "geometry": {"type": "Polygon", "coordinates": [[[-101.36782, 26.64071], [-101.36626, 26.63806], [-101.36758, 26.63728], [-101.36882, 26.64033], [-101.36782, 26.64071]]]}}, {"id": "152247", "type": "Feature", "properties": {"id": "152247", "CVEGEO": "0500600740562006", "POBTOT": 0.0, "score_nse": 0.0, "NSE": null, "VIVTOT": 0.0, "GRAPROES": 0.0, "_ent": "05", "_mun": "006", "_loc": "0074"}, "geometry": {"type": "Polygon", "coordinates": [[[-101.40575, 26.73893], [-101.40586, 26.73802], [-101.40641, 26.73809], [-101.40626, 26.73898], [-101.40575, 26.73893]]]}}, {"id": "152248", "type": "Feature", "properties": {"id": "152248", "CVEGEO": "0500600740562005", "POBTOT": 0.0, "score_nse": 0.0, "NSE": null, "VIVTOT": 0.0, "GRAPROES": 0.0, "_ent": "05", "_mun": "006", "_loc": "0074"}, "geometry": {"type": "Polygon", "coordinates": [[[-101.40637, 26.73899], [-101.4065, 26.73812], [-101.407, 26.73819], [-101.40689, 26.73905], [-101.40637, 26.73899]]]}}, {"id": "152249", "type": "Feature", "properties": {"id": "152249", "CVEGEO": "0500600740562004", "POBTOT": 0.0, "score_nse": 0.0, "NSE": null, "VIVTOT": 0.0, "GRAPROES": 0.0, "_ent": "05", "_mun": "006", "_loc": "0074"}, "geometry": {"type": "Polygon", "coordinates": [[[-101.40699, 26.73907], [-101.40711, 26.73816], [-101.40764, 26.73822], [-101.40748, 26.73913], [-101.40699, 26.73907]]]}}, {"id": "152250", "type": "Feature", "properties": {"id": "152250", "CVEGEO": "0500600740562003", "POBTOT": 0.0, "score_nse": 0.0, "NSE": null, "VIVTOT": 0.0, "GRAPROES": 0.0, "_ent": "05", "_mun": "006", "_loc": "0074"}, "geometry": {"type": "Polygon", "coordinates": [[[-101.40559, 26.74], [-101.40575, 26.73905], [-101.40628, 26.7391], [-101.40612, 26.74003], [-101.40559, 26.74]]]}}, {"id": "152251", "type": "Feature", "properties": {"id": "152251", "CVEGEO": "0500600740562002", "POBTOT": 0.0, "score_nse": 0.0, "NSE": null, "VIVTOT": 0.0, "GRAPROES": 0.0, "_ent": "05", "_mun": "006", "_loc": "0074"}, "geometry": {"type": "Polygon", "coordinates": [[[-101.40621, 26.74004], [-101.40637, 26.7391], [-101.40689, 26.73916], [-101.40674, 26.74009], [-101.40621, 26.74004]]]}}, {"id": "152252", "type": "Feature", "properties": {"id": "152252", "CVEGEO": "0500600710581045", "POBTOT": 0.0, "score_nse": 0.0, "NSE": null, "VIVTOT": 0.0, "GRAPROES": 0.0, "_ent": "05", "_mun": "006", "_loc": "0071"}, "geometry": {"type": "Polygon", "coordinates": [[[-101.6104, 26.74896], [-101.61011, 26.74832], [-101.61052, 26.74827], [-101.61068, 26.74896], [-101.6104, 26.74896]]]}}, {"id": "152253", "type": "Feature", "properties": {"id": "152253", "CVEGEO": "0500600710581044", "POBTOT": 0.0, "score_nse": 0.0, "NSE": null, "VIVTOT": 0.0, "GRAPROES": 0.0, "_ent": "05", "_mun": "006", "_loc": "0071"}, "geometry": {"type": "Polygon", "coordinates": [[[-101.60914, 26.75164], [-101.60851, 26.75099], [-101.60864, 26.74992], [-101.60912, 26.74989], [-101.60914, 26.75164]]]}}, {"id": "152254", "type": "Feature", "properties": {"id": "152254", "CVEGEO": "0500600710581043", "POBTOT": 0.0, "score_nse": 0.0, "NSE": null, "VIVTOT": 0.0, "GRAPROES": 0.0, "_ent": "05", "_mun": "006", "_loc": "0071"}, "geometry": {"type": "Polygon", "coordinates": [[[-101.60966, 26.75245], [-101.60953, 26.75187], [-101.60927, 26.75173], [-101.60923, 26.75098], [-101.61005, 26.75089], [-101.61027, 26.75225], [-101.60966, 26.75245]]]}}, {"id": "152255", "type": "Feature", "properties": {"id": "152255", "CVEGEO": "0500600710581042", "POBTOT": 0.0, "score_nse": 0.0, "NSE": null, "VIVTOT": 0.0, "GRAPROES": 0.0, "_ent": "05", "_mun": "006", "_loc": "0071"}, "geometry": {"type": "Polygon", "coordinates": [[[-101.61783, 26.75607], [-101.61739, 26.7546], [-101.61851, 26.75439], [-101.61884, 26.75587], [-101.61783, 26.75607]]]}}, {"id": "152256", "type": "Feature", "properties": {"id": "152256", "CVEGEO": "0500600710581040", "POBTOT": 0.0, "score_nse": 0.0, "NSE": null, "VIVTOT": 0.0, "GRAPROES": 0.0, "_ent": "05", "_mun": "006", "_loc": "0071"}, "geometry": {"type": "Polygon", "coordinates": [[[-101.61806, 26.75718], [-101.61782, 26.75619], [-101.61887, 26.756], [-101.61911, 26.75703], [-101.61806, 26.75718]]]}}, {"id": "152257", "type": "Feature", "properties": {"id": "152257", "CVEGEO": "0500600710581039", "POBTOT": 0.0, "score_nse": 0.0, "NSE": null, "VIVTOT": 0.0, "GRAPROES": 0.0, "_ent": "05", "_mun": "006", "_loc": "0071"}, "geometry": {"type": "Polygon", "coordinates": [[[-101.61922, 26.75697], [-101.61896, 26.75599], [-101.61945, 26.75589], [-101.61968, 26.7569], [-101.61922, 26.75697]]]}}, {"id": "152258", "type": "Feature", "properties": {"id": "152258", "CVEGEO": "0500600710581038", "POBTOT": 0.0, "score_nse": 0.0, "NSE": null, "VIVTOT": 0.0, "GRAPROES": 0.0, "_ent": "05", "_mun": "006", "_loc": "0071"}, "geometry": {"type": "Polygon", "coordinates": [[[-101.61043, 26.74976], [-101.60979, 26.74987], [-101.6097, 26.7491], [-101.61029, 26.74903], [-101.61043, 26.74976]]]}}, {"id": "152259", "type": "Feature", "properties": {"id": "152259", "CVEGEO": "0500600710581037", "POBTOT": 0.0, "score_nse": 0.0, "NSE": null, "VIVTOT": 0.0, "GRAPROES": 0.0, "_ent": "05", "_mun": "006", "_loc": "0071"}, "geometry": {"type": "Polygon", "coordinates": [[[-101.61083, 26.75126], [-101.61044, 26.74913], [-101.61074, 26.74908], [-101.61114, 26.75], [-101.61102, 26.75106], [-101.61127, 26.75124], [-101.61083, 26.75126]]]}}, {"id": "152260", "type": "Feature", "properties": {"id": "152260", "CVEGEO": "0500600710581036", "POBTOT": 0.0, "score_nse": 0.0, "NSE": null, "VIVTOT": 0.0, "GRAPROES": 0.0, "_ent": "05", "_mun": "006", "_loc": "0071"}, "geometry": {"type": "Polygon", "coordinates": [[[-101.61014, 26.75088], [-101.61011, 26.75077], [-101.60925, 26.75087], [-101.60929, 26.75001], [-101.61044, 26.74988], [-101.6106, 26.75077], [-101.61014, 26.75088]]]}}, {"id": "152261", "type": "Feature", "properties": {"id": "152261", "CVEGEO": "0500600710581032", "POBTOT": 0.0, "score_nse": 0.0, "NSE": null, "VIVTOT": 0.0, "GRAPROES": 0.0, "_ent": "05", "_mun": "006", "_loc": "0071"}, "geometry": {"type": "Polygon", "coordinates": [[[-101.61227, 26.75283], [-101.61233, 26.75203], [-101.61272, 26.752], [-101.61282, 26.75283], [-101.61227, 26.75283]]]}}, {"id": "152262", "type": "Feature", "properties": {"id": "152262", "CVEGEO": "0500600710581031", "POBTOT": 0.0, "score_nse": 0.0, "NSE": null, "VIVTOT": 0.0, "GRAPROES": 0.0, "_ent": "05", "_mun": "006", "_loc": "0071"}, "geometry": {"type": "Polygon", "coordinates": [[[-101.61293, 26.75282], [-101.61282, 26.75197], [-101.61376, 26.75185], [-101.61397, 26.75278], [-101.61293, 26.75282]]]}}, {"id": "152263", "type": "Feature", "properties": {"id": "152263", "CVEGEO": "0500600710581030", "POBTOT": 0.0, "score_nse": 0.0, "NSE": null, "VIVTOT": 0.0, "GRAPROES": 0.0, "_ent": "05", "_mun": "006", "_loc": "0071"}, "geometry": {"type": "Polygon", "coordinates": [[[-101.61003, 26.75353], [-101.60968, 26.75252], [-101.61026, 26.75231], [-101.61042, 26.75348], [-101.61003, 26.75353]]]}}, {"id": "152264", "type": "Feature", "properties": {"id": "152264", "CVEGEO": "0500600710581029", "POBTOT": 0.0, "score_nse": 0.0, "NSE": null, "VIVTOT": 0.0, "GRAPROES": 0.0, "_ent": "05", "_mun": "006", "_loc": "0071"}, "geometry": {"type": "Polygon", "coordinates": [[[-101.61119, 26.75346], [-101.61052, 26.75349], [-101.61037, 26.75231], [-101.61096, 26.75222], [-101.61119, 26.75346]]]}}, {"id": "152265", "type": "Feature", "properties": {"id": "152265", "CVEGEO": "0500600710581028", "POBTOT": 0.0, "score_nse": 0.0, "NSE": null, "VIVTOT": 0.0, "GRAPROES": 0.0, "_ent": "05", "_mun": "006", "_loc": "0071"}, "geometry": {"type": "Polygon", "coordinates": [[[-101.61215, 26.7534], [-101.61126, 26.75345], [-101.61104, 26.75222], [-101.61226, 26.75203], [-101.61215, 26.7534]]]}}, {"id": "152266", "type": "Feature", "properties": {"id": "152266", "CVEGEO": "0500600710581027", "POBTOT": 0.0, "score_nse": 0.0, "NSE": null, "VIVTOT": 0.0, "GRAPROES": 0.0, "_ent": "05", "_mun": "006", "_loc": "0071"}, "geometry": {"type": "Polygon", "coordinates": [[[-101.61225, 26.75294], [-101.61283, 26.75291], [-101.6129, 26.75336], [-101.61222, 26.7534], [-101.61225, 26.75294]]]}}, {"id": "152267", "type": "Feature", "properties": {"id": "152267", "CVEGEO": "0500600710581026", "POBTOT": 0.0, "score_nse": 0.0, "NSE": null, "VIVTOT": 0.0, "GRAPROES": 0.0, "_ent": "05", "_mun": "006", "_loc": "0071"}, "geometry": {"type": "Polygon", "coordinates": [[[-101.61299, 26.75334], [-101.61293, 26.7529], [-101.614, 26.75284], [-101.61407, 26.75327], [-101.61299, 26.75334]]]}}, {"id": "152268", "type": "Feature", "properties": {"id": "152268", "CVEGEO": "0500600710581024", "POBTOT": 0.0, "score_nse": 0.0, "NSE": null, "VIVTOT": 0.0, "GRAPROES": 0.0, "_ent": "05", "_mun": "006", "_loc": "0071"}, "geometry": {"type": "Polygon", "coordinates": [[[-101.61069, 26.7552], [-101.61052, 26.7552], [-101.61007, 26.75362], [-101.61043, 26.75358], [-101.61069, 26.7552]]]}}, {"id": "152269", "type": "Feature", "properties": {"id": "152269", "CVEGEO": "0500600010488031", "POBTOT": 70.0, "score_nse": 63.9733, "NSE": "C", "VIVTOT": 21.0, "GRAPROES": 10.52, "_ent": "05", "_mun": "006", "_loc": "0001"}, "geometry": {"type": "Polygon", "coordinates": [[[-101.43261, 26.79017], [-101.4329, 26.78918], [-101.43399, 26.78944], [-101.43377, 26.79044], [-101.43261, 26.79017]]]}}, {"id": "152270", "type": "Feature", "properties": {"id": "152270", "CVEGEO": "0500600710581023", "POBTOT": 0.0, "score_nse": 0.0, "NSE": null, "VIVTOT": 0.0, "GRAPROES": 0.0, "_ent": "05", "_mun": "006", "_loc": "0071"}, "geometry": {"type": "Polygon", "coordinates": [[[-101.61159, 26.75534], [-101.61081, 26.75529], [-101.61052, 26.75358], [-101.6112, 26.75354], [-101.61159, 26.75534]]]}}, {"id": "152271", "type": "Feature", "properties": {"id": "152271", "CVEGEO": "0500600710581022", "POBTOT": 0.0, "score_nse": 0.0, "NSE": null, "VIVTOT": 0.0, "GRAPROES": 0.0, "_ent": "05", "_mun": "006", "_loc": "0071"}, "geometry": {"type": "Polygon", "coordinates": [[[-101.61202, 26.75474], [-101.61155, 26.75477], [-101.61128, 26.75352], [-101.61216, 26.7535], [-101.61202, 26.75474]]]}}, {"id": "152272", "type": "Feature", "properties": {"id": "152272", "CVEGEO": "0500600710581021", "POBTOT": 0.0, "score_nse": 0.0, "NSE": null, "VIVTOT": 0.0, "GRAPROES": 0.0, "_ent": "05", "_mun": "006", "_loc": "0071"}, "geometry": {"type": "Polygon", "coordinates": [[[-101.61325, 26.75501], [-101.61208, 26.75517], [-101.61227, 26.75348], [-101.61293, 26.75343], [-101.61325, 26.75501]]]}}, {"id": "152273", "type": "Feature", "properties": {"id": "152273", "CVEGEO": "0500600710581020", "POBTOT": 0.0, "score_nse": 0.0, "NSE": null, "VIVTOT": 0.0, "GRAPROES": 0.0, "_ent": "05", "_mun": "006", "_loc": "0071"}, "geometry": {"type": "Polygon", "coordinates": [[[-101.61431, 26.75427], [-101.6138, 26.75455], [-101.61323, 26.75437], [-101.61301, 26.75341], [-101.61409, 26.75334], [-101.61431, 26.75427]]]}}, {"id": "152274", "type": "Feature", "properties": {"id": "152274", "CVEGEO": "0500600710581019", "POBTOT": 0.0, "score_nse": 0.0, "NSE": null, "VIVTOT": 0.0, "GRAPROES": 0.0, "_ent": "05", "_mun": "006", "_loc": "0071"}, "geometry": {"type": "Polygon", "coordinates": [[[-101.61515, 26.75321], [-101.61538, 26.75372], [-101.61441, 26.75427], [-101.61418, 26.75334], [-101.61515, 26.75321]]]}}, {"id": "152275", "type": "Feature", "properties": {"id": "152275", "CVEGEO": "0500600710581018", "POBTOT": 0.0, "score_nse": 0.0, "NSE": null, "VIVTOT": 0.0, "GRAPROES": 0.0, "_ent": "05", "_mun": "006", "_loc": "0071"}, "geometry": {"type": "Polygon", "coordinates": [[[-101.61192, 26.7551], [-101.61162, 26.75514], [-101.61155, 26.75485], [-101.612, 26.7548], [-101.61192, 26.7551]]]}}, {"id": "152276", "type": "Feature", "properties": {"id": "152276", "CVEGEO": "0500600710581016", "POBTOT": 0.0, "score_nse": 0.0, "NSE": null, "VIVTOT": 0.0, "GRAPROES": 0.0, "_ent": "05", "_mun": "006", "_loc": "0071"}, "geometry": {"type": "Polygon", "coordinates": [[[-101.61356, 26.75599], [-101.61431, 26.75523], [-101.61494, 26.75548], [-101.61356, 26.75599]]]}}, {"id": "152277", "type": "Feature", "properties": {"id": "152277", "CVEGEO": "0500600710581015", "POBTOT": 0.0, "score_nse": 0.0, "NSE": null, "VIVTOT": 0.0, "GRAPROES": 0.0, "_ent": "05", "_mun": "006", "_loc": "0071"}, "geometry": {"type": "Polygon", "coordinates": [[[-101.61501, 26.75545], [-101.61464, 26.75524], [-101.61458, 26.75502], [-101.61558, 26.75416], [-101.61597, 26.75508], [-101.61501, 26.75545]]]}}, {"id": "152278", "type": "Feature", "properties": {"id": "152278", "CVEGEO": "0500600710581012", "POBTOT": 0.0, "score_nse": 0.0, "NSE": null, "VIVTOT": 0.0, "GRAPROES": 0.0, "_ent": "05", "_mun": "006", "_loc": "0071"}, "geometry": {"type": "Polygon", "coordinates": [[[-101.61374, 26.75684], [-101.61356, 26.75607], [-101.61408, 26.7559], [-101.61433, 26.75672], [-101.61374, 26.75684]]]}}, {"id": "152279", "type": "Feature", "properties": {"id": "152279", "CVEGEO": "0500600710581011", "POBTOT": 0.0, "score_nse": 0.0, "NSE": null, "VIVTOT": 0.0, "GRAPROES": 0.0, "_ent": "05", "_mun": "006", "_loc": "0071"}, "geometry": {"type": "Polygon", "coordinates": [[[-101.61443, 26.7567], [-101.61421, 26.75604], [-101.61441, 26.75575], [-101.61599, 26.75515], [-101.61648, 26.75633], [-101.61443, 26.7567]]]}}, {"id": "152280", "type": "Feature", "properties": {"id": "152280", "CVEGEO": "0500600710581010", "POBTOT": 0.0, "score_nse": 0.0, "NSE": null, "VIVTOT": 0.0, "GRAPROES": 0.0, "_ent": "05", "_mun": "006", "_loc": "0071"}, "geometry": {"type": "Polygon", "coordinates": [[[-101.61658, 26.75632], [-101.61609, 26.75512], [-101.61732, 26.75464], [-101.61771, 26.75613], [-101.61658, 26.75632]]]}}, {"id": "152281", "type": "Feature", "properties": {"id": "152281", "CVEGEO": "0500600710581009", "POBTOT": 0.0, "score_nse": 0.0, "NSE": null, "VIVTOT": 0.0, "GRAPROES": 0.0, "_ent": "05", "_mun": "006", "_loc": "0071"}, "geometry": {"type": "Polygon", "coordinates": [[[-101.6139, 26.75712], [-101.61376, 26.75691], [-101.61434, 26.7568], [-101.61446, 26.75721], [-101.6139, 26.75712]]]}}, {"id": "152282", "type": "Feature", "properties": {"id": "152282", "CVEGEO": "0500600710581008", "POBTOT": 0.0, "score_nse": 0.0, "NSE": null, "VIVTOT": 0.0, "GRAPROES": 0.0, "_ent": "05", "_mun": "006", "_loc": "0071"}, "geometry": {"type": "Polygon", "coordinates": [[[-101.61137, 26.75801], [-101.61122, 26.75771], [-101.61169, 26.75748], [-101.61189, 26.75784], [-101.61137, 26.75801]]]}}, {"id": "152283", "type": "Feature", "properties": {"id": "152283", "CVEGEO": "0500600710581007", "POBTOT": 0.0, "score_nse": 0.0, "NSE": null, "VIVTOT": 0.0, "GRAPROES": 0.0, "_ent": "05", "_mun": "006", "_loc": "0071"}, "geometry": {"type": "Polygon", "coordinates": [[[-101.61357, 26.75791], [-101.61349, 26.7571], [-101.61455, 26.75734], [-101.61476, 26.75773], [-101.61357, 26.75791]]]}}, {"id": "152284", "type": "Feature", "properties": {"id": "152284", "CVEGEO": "0500600010505007", "POBTOT": 4.0, "score_nse": 0.0, "NSE": "ND", "VIVTOT": 3.0, "GRAPROES": 0.0, "_ent": "05", "_mun": "006", "_loc": "0001"}, "geometry": {"type": "Polygon", "coordinates": [[[-101.41379, 26.78978], [-101.41197, 26.78895], [-101.41148, 26.78818], [-101.41265, 26.78761], [-101.41379, 26.78978]]]}}, {"id": "152285", "type": "Feature", "properties": {"id": "152285", "CVEGEO": "050060001051A010", "POBTOT": 14.0, "score_nse": 0.0, "NSE": "ND", "VIVTOT": 3.0, "GRAPROES": 9.38, "_ent": "05", "_mun": "006", "_loc": "0001"}, "geometry": {"type": "Polygon", "coordinates": [[[-101.41016, 26.78374], [-101.40963, 26.78293], [-101.41009, 26.7827], [-101.41064, 26.78351], [-101.41016, 26.78374]]]}}, {"id": "152286", "type": "Feature", "properties": {"id": "152286", "CVEGEO": "0500600010524005", "POBTOT": 51.0, "score_nse": 0.0, "NSE": "ND", "VIVTOT": 14.0, "GRAPROES": 9.18, "_ent": "05", "_mun": "006", "_loc": "0001"}, "geometry": {"type": "Polygon", "coordinates": [[[-101.40067, 26.78608], [-101.40162, 26.78561], [-101.40215, 26.7865], [-101.40122, 26.78695], [-101.40067, 26.78608]]]}}, {"id": "152287", "type": "Feature", "properties": {"id": "152287", "CVEGEO": "0500600010488065", "POBTOT": 0.0, "score_nse": 0.0, "NSE": "ND", "VIVTOT": 0.0, "GRAPROES": 0.0, "_ent": "05", "_mun": "006", "_loc": "0001"}, "geometry": {"type": "Polygon", "coordinates": [[[-101.42915, 26.79316], [-101.42826, 26.79259], [-101.42931, 26.79148], [-101.43014, 26.79206], [-101.42915, 26.79316]]]}}, {"id": "152288", "type": "Feature", "properties": {"id": "152288", "CVEGEO": "0500600010488064", "POBTOT": 0.0, "score_nse": 10.0, "NSE": "E", "VIVTOT": 1.0, "GRAPROES": 0.0, "_ent": "05", "_mun": "006", "_loc": "0001"}, "geometry": {"type": "Polygon", "coordinates": [[[-101.42803, 26.80063], [-101.42827, 26.80022], [-101.42876, 26.80058], [-101.42855, 26.80097], [-101.42803, 26.80063]]]}}, {"id": "152289", "type": "Feature", "properties": {"id": "152289", "CVEGEO": "0500600010488063", "POBTOT": 9.0, "score_nse": 0.0, "NSE": "ND", "VIVTOT": 4.0, "GRAPROES": 10.71, "_ent": "05", "_mun": "006", "_loc": "0001"}, "geometry": {"type": "Polygon", "coordinates": [[[-101.42881, 26.80051], [-101.42835, 26.80015], [-101.42861, 26.79969], [-101.42901, 26.80008], [-101.42881, 26.80051]]]}}, {"id": "152290", "type": "Feature", "properties": {"id": "152290", "CVEGEO": "0500600010488062", "POBTOT": 25.0, "score_nse": 0.0, "NSE": "ND", "VIVTOT": 10.0, "GRAPROES": 9.84, "_ent": "05", "_mun": "006", "_loc": "0001"}, "geometry": {"type": "Polygon", "coordinates": [[[-101.43232, 26.7912], [-101.43259, 26.79024], [-101.43353, 26.79047], [-101.43286, 26.79133], [-101.43232, 26.7912]]]}}, {"id": "152291", "type": "Feature", "properties": {"id": "152291", "CVEGEO": "0500600010488060", "POBTOT": 0.0, "score_nse": 0.0, "NSE": "ND", "VIVTOT": 0.0, "GRAPROES": 0.0, "_ent": "05", "_mun": "006", "_loc": "0001"}, "geometry": {"type": "Polygon", "coordinates": [[[-101.42872, 26.79196], [-101.42857, 26.79185], [-101.42886, 26.79153], [-101.42901, 26.79163], [-101.42872, 26.79196]]]}}, {"id": "152292", "type": "Feature", "properties": {"id": "152292", "CVEGEO": "0500600010488056", "POBTOT": 95.0, "score_nse": 64.5283, "NSE": "C", "VIVTOT": 29.0, "GRAPROES": 10.27, "_ent": "05", "_mun": "006", "_loc": "0001"}, "geometry": {"type": "Polygon", "coordinates": [[[-101.4274, 26.79661], [-101.42848, 26.79497], [-101.42931, 26.79532], [-101.42795, 26.79689], [-101.4274, 26.79661]]]}}, {"id": "152293", "type": "Feature", "properties": {"id": "152293", "CVEGEO": "0500600010488051", "POBTOT": 50.0, "score_nse": 63.7845, "NSE": "C", "VIVTOT": 16.0, "GRAPROES": 9.95, "_ent": "05", "_mun": "006", "_loc": "0001"}, "geometry": {"type": "Polygon", "coordinates": [[[-101.42731, 26.79656], [-101.42655, 26.79618], [-101.42795, 26.79464], [-101.42841, 26.79493], [-101.42731, 26.79656]]]}}, {"id": "152294", "type": "Feature", "properties": {"id": "152294", "CVEGEO": "0500600010488049", "POBTOT": 20.0, "score_nse": 59.2613, "NSE": "C", "VIVTOT": 6.0, "GRAPROES": 10.38, "_ent": "05", "_mun": "006", "_loc": "0001"}, "geometry": {"type": "Polygon", "coordinates": [[[-101.42476, 26.79668], [-101.42558, 26.79576], [-101.42606, 26.79598], [-101.42534, 26.79704], [-101.42476, 26.79668]]]}}, {"id": "152295", "type": "Feature", "properties": {"id": "152295", "CVEGEO": "0500600010488044", "POBTOT": 44.0, "score_nse": 71.9726, "NSE": "C+", "VIVTOT": 13.0, "GRAPROES": 10.97, "_ent": "05", "_mun": "006", "_loc": "0001"}, "geometry": {"type": "Polygon", "coordinates": [[[-101.42541, 26.79712], [-101.42616, 26.79603], [-101.42662, 26.79629], [-101.42593, 26.79744], [-101.42541, 26.79712]]]}}, {"id": "152296", "type": "Feature", "properties": {"id": "152296", "CVEGEO": "0500600010488043", "POBTOT": 68.0, "score_nse": 66.178, "NSE": "C", "VIVTOT": 20.0, "GRAPROES": 9.27, "_ent": "05", "_mun": "006", "_loc": "0001"}, "geometry": {"type": "Polygon", "coordinates": [[[-101.42599, 26.79748], [-101.4267, 26.79633], [-101.4273, 26.79663], [-101.42653, 26.79781], [-101.42599, 26.79748]]]}}, {"id": "152297", "type": "Feature", "properties": {"id": "152297", "CVEGEO": "0500600010488037", "POBTOT": 19.0, "score_nse": 0.0, "NSE": "ND", "VIVTOT": 6.0, "GRAPROES": 10.54, "_ent": "05", "_mun": "006", "_loc": "0001"}, "geometry": {"type": "Polygon", "coordinates": [[[-101.43429, 26.78843], [-101.43458, 26.7885], [-101.43435, 26.78942], [-101.43409, 26.78937], [-101.43429, 26.78843]]]}}, {"id": "152298", "type": "Feature", "properties": {"id": "152298", "CVEGEO": "0500600010488036", "POBTOT": 10.0, "score_nse": 0.0, "NSE": "ND", "VIVTOT": 4.0, "GRAPROES": 9.67, "_ent": "05", "_mun": "006", "_loc": "0001"}, "geometry": {"type": "Polygon", "coordinates": [[[-101.43433, 26.78951], [-101.43405, 26.79051], [-101.43384, 26.79046], [-101.43408, 26.78946], [-101.43433, 26.78951]]]}}, {"id": "152299", "type": "Feature", "properties": {"id": "152299", "CVEGEO": "0500600010488034", "POBTOT": 66.0, "score_nse": 60.8753, "NSE": "C", "VIVTOT": 17.0, "GRAPROES": 9.7, "_ent": "05", "_mun": "006", "_loc": "0001"}, "geometry": {"type": "Polygon", "coordinates": [[[-101.43292, 26.78912], [-101.43319, 26.78818], [-101.43418, 26.78842], [-101.43398, 26.78934], [-101.43292, 26.78912]]]}}, {"id": "152300", "type": "Feature", "properties": {"id": "152300", "CVEGEO": "0500600010488030", "POBTOT": 28.0, "score_nse": 0.0, "NSE": "ND", "VIVTOT": 10.0, "GRAPROES": 9.32, "_ent": "05", "_mun": "006", "_loc": "0001"}, "geometry": {"type": "Polygon", "coordinates": [[[-101.43008, 26.79066], [-101.43071, 26.78983], [-101.43121, 26.78994], [-101.43089, 26.79087], [-101.43008, 26.79066]]]}}, {"id": "152301", "type": "Feature", "properties": {"id": "152301", "CVEGEO": "0500600010488029", "POBTOT": 47.0, "score_nse": 57.312, "NSE": "C", "VIVTOT": 15.0, "GRAPROES": 10.34, "_ent": "05", "_mun": "006", "_loc": "0001"}, "geometry": {"type": "Polygon", "coordinates": [[[-101.43102, 26.7909], [-101.43132, 26.78998], [-101.43245, 26.79025], [-101.43221, 26.79116], [-101.43102, 26.7909]]]}}, {"id": "152302", "type": "Feature", "properties": {"id": "152302", "CVEGEO": "0500600010488028", "POBTOT": 27.0, "score_nse": 0.0, "NSE": "ND", "VIVTOT": 9.0, "GRAPROES": 10.92, "_ent": "05", "_mun": "006", "_loc": "0001"}, "geometry": {"type": "Polygon", "coordinates": [[[-101.43295, 26.79135], [-101.4337, 26.7905], [-101.43403, 26.79058], [-101.43376, 26.79154], [-101.43295, 26.79135]]]}}, {"id": "152303", "type": "Feature", "properties": {"id": "152303", "CVEGEO": "0500600010488027", "POBTOT": 43.0, "score_nse": 66.912, "NSE": "C", "VIVTOT": 16.0, "GRAPROES": 10.28, "_ent": "05", "_mun": "006", "_loc": "0001"}, "geometry": {"type": "Polygon", "coordinates": [[[-101.42976, 26.79168], [-101.42948, 26.79145], [-101.42999, 26.79079], [-101.43083, 26.79095], [-101.43039, 26.79183], [-101.42976, 26.79168]]]}}, {"id": "152304", "type": "Feature", "properties": {"id": "152304", "CVEGEO": "0500600010488026", "POBTOT": 29.0, "score_nse": 0.0, "NSE": "ND", "VIVTOT": 11.0, "GRAPROES": 10.95, "_ent": "05", "_mun": "006", "_loc": "0001"}, "geometry": {"type": "Polygon", "coordinates": [[[-101.43096, 26.791], [-101.43219, 26.79125], [-101.43192, 26.79218], [-101.43053, 26.79184], [-101.43096, 26.791]]]}}, {"id": "152305", "type": "Feature", "properties": {"id": "152305", "CVEGEO": "0500600010488025", "POBTOT": 28.0, "score_nse": 0.0, "NSE": "ND", "VIVTOT": 6.0, "GRAPROES": 11.33, "_ent": "05", "_mun": "006", "_loc": "0001"}, "geometry": {"type": "Polygon", "coordinates": [[[-101.43206, 26.79223], [-101.4323, 26.79126], [-101.43281, 26.79138], [-101.43206, 26.79223]]]}}, {"id": "152306", "type": "Feature", "properties": {"id": "152306", "CVEGEO": "0500600010488024", "POBTOT": 65.0, "score_nse": 58.8078, "NSE": "C", "VIVTOT": 23.0, "GRAPROES": 8.88, "_ent": "05", "_mun": "006", "_loc": "0001"}, "geometry": {"type": "Polygon", "coordinates": [[[-101.42968, 26.79278], [-101.43043, 26.79191], [-101.43196, 26.79228], [-101.43121, 26.79312], [-101.42968, 26.79278]]]}}, {"id": "152307", "type": "Feature", "properties": {"id": "152307", "CVEGEO": "0500600010488023", "POBTOT": 19.0, "score_nse": 0.0, "NSE": "ND", "VIVTOT": 7.0, "GRAPROES": 10.64, "_ent": "05", "_mun": "006", "_loc": "0001"}, "geometry": {"type": "Polygon", "coordinates": [[[-101.42911, 26.79322], [-101.42869, 26.79369], [-101.42782, 26.79349], [-101.42842, 26.79277], [-101.42911, 26.79322]]]}}, {"id": "152308", "type": "Feature", "properties": {"id": "152308", "CVEGEO": "0500600010488021", "POBTOT": 34.0, "score_nse": 55.5526, "NSE": "C", "VIVTOT": 14.0, "GRAPROES": 9.93, "_ent": "05", "_mun": "006", "_loc": "0001"}, "geometry": {"type": "Polygon", "coordinates": [[[-101.42778, 26.79353], [-101.42859, 26.79374], [-101.42789, 26.79448], [-101.42727, 26.79403], [-101.42778, 26.79353]]]}}, {"id": "152309", "type": "Feature", "properties": {"id": "152309", "CVEGEO": "0500600010488019", "POBTOT": 23.0, "score_nse": 75.2, "NSE": "C+", "VIVTOT": 5.0, "GRAPROES": 10.42, "_ent": "05", "_mun": "006", "_loc": "0001"}, "geometry": {"type": "Polygon", "coordinates": [[[-101.4242, 26.79735], [-101.42468, 26.79677], [-101.42529, 26.79712], [-101.42486, 26.79777], [-101.4242, 26.79735]]]}}, {"id": "152310", "type": "Feature", "properties": {"id": "152310", "CVEGEO": "0500600010488018", "POBTOT": 24.0, "score_nse": 0.0, "NSE": "ND", "VIVTOT": 7.0, "GRAPROES": 9.82, "_ent": "05", "_mun": "006", "_loc": "0001"}, "geometry": {"type": "Polygon", "coordinates": [[[-101.42494, 26.79782], [-101.42538, 26.79716], [-101.4259, 26.79748], [-101.42549, 26.79815], [-101.42494, 26.79782]]]}}, {"id": "152311", "type": "Feature", "properties": {"id": "152311", "CVEGEO": "0500600010488017", "POBTOT": 9.0, "score_nse": 0.0, "NSE": "ND", "VIVTOT": 3.0, "GRAPROES": 9.0, "_ent": "05", "_mun": "006", "_loc": "0001"}, "geometry": {"type": "Polygon", "coordinates": [[[-101.42482, 26.7978], [-101.42458, 26.79814], [-101.42398, 26.79784], [-101.42418, 26.79742], [-101.42482, 26.7978]]]}}, {"id": "152312", "type": "Feature", "properties": {"id": "152312", "CVEGEO": "0500600010488016", "POBTOT": 25.0, "score_nse": 61.548, "NSE": "C", "VIVTOT": 10.0, "GRAPROES": 9.35, "_ent": "05", "_mun": "006", "_loc": "0001"}, "geometry": {"type": "Polygon", "coordinates": [[[-101.42555, 26.79819], [-101.42597, 26.79752], [-101.4265, 26.79785], [-101.42607, 26.7985], [-101.42555, 26.79819]]]}}, {"id": "152313", "type": "Feature", "properties": {"id": "152313", "CVEGEO": "0500600010488014", "POBTOT": 39.0, "score_nse": 70.3455, "NSE": "C+", "VIVTOT": 11.0, "GRAPROES": 10.61, "_ent": "05", "_mun": "006", "_loc": "0001"}, "geometry": {"type": "Polygon", "coordinates": [[[-101.42454, 26.79842], [-101.42489, 26.79788], [-101.42541, 26.79819], [-101.42506, 26.7987], [-101.42454, 26.79842]]]}}, {"id": "152314", "type": "Feature", "properties": {"id": "152314", "CVEGEO": "0500600010488013", "POBTOT": 45.0, "score_nse": 75.02, "NSE": "C+", "VIVTOT": 10.0, "GRAPROES": 11.11, "_ent": "05", "_mun": "006", "_loc": "0001"}, "geometry": {"type": "Polygon", "coordinates": [[[-101.42612, 26.79853], [-101.42655, 26.79791], [-101.42706, 26.79825], [-101.42669, 26.79888], [-101.42612, 26.79853]]]}}, {"id": "152315", "type": "Feature", "properties": {"id": "152315", "CVEGEO": "0500600010488012", "POBTOT": 26.0, "score_nse": 80.6566, "NSE": "C+", "VIVTOT": 7.0, "GRAPROES": 12.48, "_ent": "05", "_mun": "006", "_loc": "0001"}, "geometry": {"type": "Polygon", "coordinates": [[[-101.42514, 26.79874], [-101.42553, 26.79823], [-101.42604, 26.79855], [-101.42566, 26.79902], [-101.42514, 26.79874]]]}}, {"id": "152316", "type": "Feature", "properties": {"id": "152316", "CVEGEO": "0500600010488011", "POBTOT": 20.0, "score_nse": 71.72, "NSE": "C+", "VIVTOT": 6.0, "GRAPROES": 9.91, "_ent": "05", "_mun": "006", "_loc": "0001"}, "geometry": {"type": "Polygon", "coordinates": [[[-101.42673, 26.79891], [-101.42711, 26.79832], [-101.42754, 26.7987], [-101.42724, 26.7993], [-101.42673, 26.79891]]]}}, {"id": "152317", "type": "Feature", "properties": {"id": "152317", "CVEGEO": "0500600010488008", "POBTOT": 5.0, "score_nse": 0.0, "NSE": "ND", "VIVTOT": 3.0, "GRAPROES": 0.0, "_ent": "05", "_mun": "006", "_loc": "0001"}, "geometry": {"type": "Polygon", "coordinates": [[[-101.42639, 26.79939], [-101.4267, 26.79896], [-101.42718, 26.79935], [-101.42694, 26.79969], [-101.42639, 26.79939]]]}}, {"id": "152318", "type": "Feature", "properties": {"id": "152318", "CVEGEO": "0500600010488007", "POBTOT": 43.0, "score_nse": 0.0, "NSE": "ND", "VIVTOT": 11.0, "GRAPROES": 9.85, "_ent": "05", "_mun": "006", "_loc": "0001"}, "geometry": {"type": "Polygon", "coordinates": [[[-101.42783, 26.79976], [-101.42812, 26.79923], [-101.42854, 26.79963], [-101.4283, 26.80011], [-101.42783, 26.79976]]]}}, {"id": "152319", "type": "Feature", "properties": {"id": "152319", "CVEGEO": "0500600010488006", "POBTOT": 8.0, "score_nse": 0.0, "NSE": "ND", "VIVTOT": 5.0, "GRAPROES": 10.33, "_ent": "05", "_mun": "006", "_loc": "0001"}, "geometry": {"type": "Polygon", "coordinates": [[[-101.42703, 26.79979], [-101.42727, 26.7994], [-101.42771, 26.79976], [-101.42753, 26.80004], [-101.42703, 26.79979]]]}}, {"id": "152320", "type": "Feature", "properties": {"id": "152320", "CVEGEO": "0500600010488004", "POBTOT": 13.0, "score_nse": 77.92, "NSE": "C+", "VIVTOT": 5.0, "GRAPROES": 11.18, "_ent": "05", "_mun": "006", "_loc": "0001"}, "geometry": {"type": "Polygon", "coordinates": [[[-101.42741, 26.80033], [-101.42778, 26.79981], [-101.42826, 26.80018], [-101.42794, 26.80065], [-101.42741, 26.80033]]]}}, {"id": "152321", "type": "Feature", "properties": {"id": "152321", "CVEGEO": "0500600010488003", "POBTOT": 27.0, "score_nse": 0.0, "NSE": "ND", "VIVTOT": 6.0, "GRAPROES": 10.53, "_ent": "05", "_mun": "006", "_loc": "0001"}, "geometry": {"type": "Polygon", "coordinates": [[[-101.42935, 26.80094], [-101.42887, 26.80057], [-101.4291, 26.80016], [-101.42952, 26.80053], [-101.42935, 26.80094]]]}}, {"id": "152322", "type": "Feature", "properties": {"id": "152322", "CVEGEO": "0500600010488001", "POBTOT": 14.0, "score_nse": 0.0, "NSE": "ND", "VIVTOT": 7.0, "GRAPROES": 11.08, "_ent": "05", "_mun": "006", "_loc": "0001"}, "geometry": {"type": "Polygon", "coordinates": [[[-101.42861, 26.801], [-101.42883, 26.80065], [-101.42934, 26.801], [-101.42915, 26.80137], [-101.42861, 26.801]]]}}, {"id": "152323", "type": "Feature", "properties": {"id": "152323", "CVEGEO": "0500600010473045", "POBTOT": 1.0, "score_nse": 0.0, "NSE": "ND", "VIVTOT": 1.0, "GRAPROES": 0.0, "_ent": "05", "_mun": "006", "_loc": "0001"}, "geometry": {"type": "Polygon", "coordinates": [[[-101.40692, 26.7717], [-101.40718, 26.77161], [-101.40727, 26.77187], [-101.40692, 26.7717]]]}}, {"id": "152324", "type": "Feature", "properties": {"id": "152324", "CVEGEO": "0500600010473038", "POBTOT": 4.0, "score_nse": 0.0, "NSE": "ND", "VIVTOT": 1.0, "GRAPROES": 0.0, "_ent": "05", "_mun": "006", "_loc": "0001"}, "geometry": {"type": "Polygon", "coordinates": [[[-101.40819, 26.77243], [-101.40866, 26.7723], [-101.40885, 26.77285], [-101.40819, 26.77243]]]}}, {"id": "152325", "type": "Feature", "properties": {"id": "152325", "CVEGEO": "0500600010473037", "POBTOT": 39.0, "score_nse": 70.3707, "NSE": "C+", "VIVTOT": 15.0, "GRAPROES": 11.21, "_ent": "05", "_mun": "006", "_loc": "0001"}, "geometry": {"type": "Polygon", "coordinates": [[[-101.40907, 26.77303], [-101.4088, 26.77227], [-101.40981, 26.77199], [-101.41014, 26.77298], [-101.40937, 26.77319], [-101.40907, 26.77303]]]}}, {"id": "152326", "type": "Feature", "properties": {"id": "152326", "CVEGEO": "0500600010473034", "POBTOT": 4.0, "score_nse": 0.0, "NSE": "ND", "VIVTOT": 1.0, "GRAPROES": 0.0, "_ent": "05", "_mun": "006", "_loc": "0001"}, "geometry": {"type": "Polygon", "coordinates": [[[-101.41239, 26.77559], [-101.41161, 26.77489], [-101.4121, 26.77476], [-101.41239, 26.77559]]]}}, {"id": "152327", "type": "Feature", "properties": {"id": "152327", "CVEGEO": "0500600010473033", "POBTOT": 87.0, "score_nse": 0.0, "NSE": "ND", "VIVTOT": 20.0, "GRAPROES": 9.67, "_ent": "05", "_mun": "006", "_loc": "0001"}, "geometry": {"type": "Polygon", "coordinates": [[[-101.40622, 26.76841], [-101.40589, 26.76744], [-101.40686, 26.76695], [-101.40727, 26.76815], [-101.40622, 26.76841]]]}}, {"id": "152328", "type": "Feature", "properties": {"id": "152328", "CVEGEO": "0500600010473032", "POBTOT": 49.0, "score_nse": 50.7918, "NSE": "C-", "VIVTOT": 19.0, "GRAPROES": 8.85, "_ent": "05", "_mun": "006", "_loc": "0001"}, "geometry": {"type": "Polygon", "coordinates": [[[-101.40505, 26.7689], [-101.4061, 26.76851], [-101.40643, 26.76947], [-101.40563, 26.76937], [-101.40505, 26.7689]]]}}, {"id": "152329", "type": "Feature", "properties": {"id": "152329", "CVEGEO": "0500600010473031", "POBTOT": 69.0, "score_nse": 65.3, "NSE": "C", "VIVTOT": 20.0, "GRAPROES": 8.79, "_ent": "05", "_mun": "006", "_loc": "0001"}, "geometry": {"type": "Polygon", "coordinates": [[[-101.40624, 26.76847], [-101.40729, 26.7682], [-101.40762, 26.76918], [-101.40658, 26.76947], [-101.40624, 26.76847]]]}}, {"id": "152330", "type": "Feature", "properties": {"id": "152330", "CVEGEO": "0500600010473023", "POBTOT": 64.0, "score_nse": 63.606, "NSE": "C", "VIVTOT": 20.0, "GRAPROES": 10.18, "_ent": "05", "_mun": "006", "_loc": "0001"}, "geometry": {"type": "Polygon", "coordinates": [[[-101.41063, 26.76681], [-101.41041, 26.76692], [-101.41065, 26.76687], [-101.41076, 26.76723], [-101.40967, 26.76752], [-101.40937, 26.76671], [-101.41043, 26.76626], [-101.41063, 26.76681]]]}}, {"id": "152331", "type": "Feature", "properties": {"id": "152331", "CVEGEO": "0500600010473022", "POBTOT": 52.0, "score_nse": 58.6293, "NSE": "C", "VIVTOT": 15.0, "GRAPROES": 8.69, "_ent": "05", "_mun": "006", "_loc": "0001"}, "geometry": {"type": "Polygon", "coordinates": [[[-101.40961, 26.76753], [-101.40855, 26.76781], [-101.40832, 26.76722], [-101.4093, 26.76674], [-101.40961, 26.76753]]]}}, {"id": "152332", "type": "Feature", "properties": {"id": "152332", "CVEGEO": "0500600010473021", "POBTOT": 46.0, "score_nse": 52.904, "NSE": "C-", "VIVTOT": 16.0, "GRAPROES": 9.16, "_ent": "05", "_mun": "006", "_loc": "0001"}, "geometry": {"type": "Polygon", "coordinates": [[[-101.40843, 26.76784], [-101.40737, 26.76812], [-101.40722, 26.76769], [-101.40826, 26.76725], [-101.40843, 26.76784]]]}}, {"id": "152333", "type": "Feature", "properties": {"id": "152333", "CVEGEO": "0500600010473020", "POBTOT": 49.0, "score_nse": 68.9579, "NSE": "C", "VIVTOT": 17.0, "GRAPROES": 11.88, "_ent": "05", "_mun": "006", "_loc": "0001"}, "geometry": {"type": "Polygon", "coordinates": [[[-101.40968, 26.76757], [-101.41078, 26.76728], [-101.4111, 26.76822], [-101.41001, 26.76852], [-101.40968, 26.76757]]]}}, {"id": "152334", "type": "Feature", "properties": {"id": "152334", "CVEGEO": "0500600010473019", "POBTOT": 54.0, "score_nse": 68.9325, "NSE": "C", "VIVTOT": 16.0, "GRAPROES": 9.78, "_ent": "05", "_mun": "006", "_loc": "0001"}, "geometry": {"type": "Polygon", "coordinates": [[[-101.40856, 26.76786], [-101.40962, 26.76758], [-101.40995, 26.76853], [-101.40888, 26.76883], [-101.40856, 26.76786]]]}}, {"id": "152335", "type": "Feature", "properties": {"id": "152335", "CVEGEO": "0500600010473018", "POBTOT": 69.0, "score_nse": 0.0, "NSE": "ND", "VIVTOT": 23.0, "GRAPROES": 9.0, "_ent": "05", "_mun": "006", "_loc": "0001"}, "geometry": {"type": "Polygon", "coordinates": [[[-101.40739, 26.76817], [-101.40845, 26.76789], [-101.40877, 26.76886], [-101.40773, 26.76915], [-101.40739, 26.76817]]]}}, {"id": "152336", "type": "Feature", "properties": {"id": "152336", "CVEGEO": "0500600010473016", "POBTOT": 51.0, "score_nse": 58.2006, "NSE": "C", "VIVTOT": 14.0, "GRAPROES": 10.17, "_ent": "05", "_mun": "006", "_loc": "0001"}, "geometry": {"type": "Polygon", "coordinates": [[[-101.4089, 26.76889], [-101.40997, 26.76859], [-101.41031, 26.76956], [-101.40922, 26.76986], [-101.4089, 26.76889]]]}}, {"id": "152337", "type": "Feature", "properties": {"id": "152337", "CVEGEO": "0500600010473015", "POBTOT": 95.0, "score_nse": 54.0743, "NSE": "C-", "VIVTOT": 28.0, "GRAPROES": 8.69, "_ent": "05", "_mun": "006", "_loc": "0001"}, "geometry": {"type": "Polygon", "coordinates": [[[-101.40775, 26.76922], [-101.40879, 26.76892], [-101.40912, 26.7699], [-101.40808, 26.77018], [-101.40775, 26.76922]]]}}, {"id": "152338", "type": "Feature", "properties": {"id": "152338", "CVEGEO": "0500600010473013", "POBTOT": 35.0, "score_nse": 58.6447, "NSE": "C", "VIVTOT": 12.0, "GRAPROES": 7.0, "_ent": "05", "_mun": "006", "_loc": "0001"}, "geometry": {"type": "Polygon", "coordinates": [[[-101.41039, 26.7696], [-101.41146, 26.76931], [-101.41179, 26.77027], [-101.41072, 26.77056], [-101.41039, 26.7696]]]}}, {"id": "152339", "type": "Feature", "properties": {"id": "152339", "CVEGEO": "0500600010473012", "POBTOT": 38.0, "score_nse": 64.9467, "NSE": "C", "VIVTOT": 12.0, "GRAPROES": 10.58, "_ent": "05", "_mun": "006", "_loc": "0001"}, "geometry": {"type": "Polygon", "coordinates": [[[-101.40955, 26.77087], [-101.40924, 26.76992], [-101.41033, 26.76962], [-101.41066, 26.77057], [-101.40955, 26.77087]]]}}, {"id": "152340", "type": "Feature", "properties": {"id": "152340", "CVEGEO": "0500600010473011", "POBTOT": 62.0, "score_nse": 61.1324, "NSE": "C", "VIVTOT": 19.0, "GRAPROES": 9.07, "_ent": "05", "_mun": "006", "_loc": "0001"}, "geometry": {"type": "Polygon", "coordinates": [[[-101.4081, 26.77023], [-101.40914, 26.76995], [-101.40945, 26.7709], [-101.40842, 26.77117], [-101.4081, 26.77023]]]}}, {"id": "152341", "type": "Feature", "properties": {"id": "152341", "CVEGEO": "0500600010473010", "POBTOT": 25.0, "score_nse": 62.332, "NSE": "C", "VIVTOT": 10.0, "GRAPROES": 10.53, "_ent": "05", "_mun": "006", "_loc": "0001"}, "geometry": {"type": "Polygon", "coordinates": [[[-101.41074, 26.77061], [-101.41181, 26.77032], [-101.41214, 26.77131], [-101.41108, 26.77159], [-101.41074, 26.77061]]]}}, {"id": "152342", "type": "Feature", "properties": {"id": "152342", "CVEGEO": "0500600010473009", "POBTOT": 41.0, "score_nse": 54.738, "NSE": "C-", "VIVTOT": 20.0, "GRAPROES": 10.33, "_ent": "05", "_mun": "006", "_loc": "0001"}, "geometry": {"type": "Polygon", "coordinates": [[[-101.40957, 26.77093], [-101.41068, 26.77063], [-101.41101, 26.77161], [-101.4099, 26.77191], [-101.40957, 26.77093]]]}}, {"id": "152343", "type": "Feature", "properties": {"id": "152343", "CVEGEO": "0500600010473008", "POBTOT": 33.0, "score_nse": 70.661, "NSE": "C+", "VIVTOT": 8.0, "GRAPROES": 10.96, "_ent": "05", "_mun": "006", "_loc": "0001"}, "geometry": {"type": "Polygon", "coordinates": [[[-101.40878, 26.7722], [-101.40844, 26.77123], [-101.40947, 26.77096], [-101.40979, 26.77194], [-101.40878, 26.7722]]]}}, {"id": "152344", "type": "Feature", "properties": {"id": "152344", "CVEGEO": "0500600010473004", "POBTOT": 34.0, "score_nse": 63.64, "NSE": "C", "VIVTOT": 12.0, "GRAPROES": 10.5, "_ent": "05", "_mun": "006", "_loc": "0001"}, "geometry": {"type": "Polygon", "coordinates": [[[-101.41145, 26.77267], [-101.4125, 26.77239], [-101.41283, 26.77337], [-101.41179, 26.77366], [-101.41145, 26.77267]]]}}, {"id": "152345", "type": "Feature", "properties": {"id": "152345", "CVEGEO": "0500600010473003", "POBTOT": 38.0, "score_nse": 0.0, "NSE": "ND", "VIVTOT": 11.0, "GRAPROES": 8.83, "_ent": "05", "_mun": "006", "_loc": "0001"}, "geometry": {"type": "Polygon", "coordinates": [[[-101.41025, 26.773], [-101.41139, 26.77269], [-101.41173, 26.77367], [-101.41058, 26.77398], [-101.41025, 26.773]]]}}, {"id": "152346", "type": "Feature", "properties": {"id": "152346", "CVEGEO": "0500600010473002", "POBTOT": 62.0, "score_nse": 62.5491, "NSE": "C", "VIVTOT": 22.0, "GRAPROES": 9.44, "_ent": "05", "_mun": "006", "_loc": "0001"}, "geometry": {"type": "Polygon", "coordinates": [[[-101.41181, 26.77371], [-101.41285, 26.77342], [-101.41319, 26.77442], [-101.41215, 26.77469], [-101.41181, 26.77371]]]}}, {"id": "152347", "type": "Feature", "properties": {"id": "152347", "CVEGEO": "0500600010473001", "POBTOT": 60.0, "score_nse": 65.0925, "NSE": "C", "VIVTOT": 16.0, "GRAPROES": 9.39, "_ent": "05", "_mun": "006", "_loc": "0001"}, "geometry": {"type": "Polygon", "coordinates": [[[-101.4126, 26.77578], [-101.41217, 26.77475], [-101.4132, 26.77447], [-101.41355, 26.77551], [-101.4126, 26.77578]]]}}, {"id": "152348", "type": "Feature", "properties": {"id": "152348", "CVEGEO": "0500600010469067", "POBTOT": 146.0, "score_nse": 62.1812, "NSE": "C", "VIVTOT": 43.0, "GRAPROES": 10.42, "_ent": "05", "_mun": "006", "_loc": "0001"}, "geometry": {"type": "Polygon", "coordinates": [[[-101.44086, 26.78421], [-101.44093, 26.78396], [-101.44118, 26.78401], [-101.44095, 26.78388], [-101.44101, 26.78367], [-101.44157, 26.7838], [-101.44104, 26.78358], [-101.44116, 26.7831], [-101.44219, 26.78301], [-101.44187, 26.78445], [-101.44086, 26.78421]]]}}, {"id": "152349", "type": "Feature", "properties": {"id": "152349", "CVEGEO": "0500600010469066", "POBTOT": 12.0, "score_nse": 0.0, "NSE": "ND", "VIVTOT": 5.0, "GRAPROES": 7.58, "_ent": "05", "_mun": "006", "_loc": "0001"}, "geometry": {"type": "Polygon", "coordinates": [[[-101.44509, 26.79075], [-101.444, 26.79052], [-101.44246, 26.78796], [-101.44317, 26.78819], [-101.4445, 26.78941], [-101.44532, 26.78981], [-101.44509, 26.79075]]]}}, {"id": "152350", "type": "Feature", "properties": {"id": "152350", "CVEGEO": "0500600010469065", "POBTOT": 49.0, "score_nse": 0.0, "NSE": "ND", "VIVTOT": 14.0, "GRAPROES": 8.69, "_ent": "05", "_mun": "006", "_loc": "0001"}, "geometry": {"type": "Polygon", "coordinates": [[[-101.44268, 26.78074], [-101.44294, 26.77932], [-101.44372, 26.78072], [-101.44268, 26.78074]]]}}, {"id": "152351", "type": "Feature", "properties": {"id": "152351", "CVEGEO": "0500600010469064", "POBTOT": 16.0, "score_nse": 0.0, "NSE": "ND", "VIVTOT": 4.0, "GRAPROES": 8.83, "_ent": "05", "_mun": "006", "_loc": "0001"}, "geometry": {"type": "Polygon", "coordinates": [[[-101.44437, 26.78177], [-101.4437, 26.7818], [-101.44381, 26.78086], [-101.44437, 26.78177]]]}}, {"id": "152352", "type": "Feature", "properties": {"id": "152352", "CVEGEO": "0500600010469061", "POBTOT": 80.0, "score_nse": 58.3655, "NSE": "C", "VIVTOT": 21.0, "GRAPROES": 9.12, "_ent": "05", "_mun": "006", "_loc": "0001"}, "geometry": {"type": "Polygon", "coordinates": [[[-101.44259, 26.78076], [-101.44152, 26.78083], [-101.44167, 26.77981], [-101.44278, 26.77978], [-101.44259, 26.78076]]]}}, {"id": "152353", "type": "Feature", "properties": {"id": "152353", "CVEGEO": "0500600010469057", "POBTOT": 0.0, "score_nse": 0.0, "NSE": "ND", "VIVTOT": 0.0, "GRAPROES": 0.0, "_ent": "05", "_mun": "006", "_loc": "0001"}, "geometry": {"type": "Polygon", "coordinates": [[[-101.44318, 26.79373], [-101.44341, 26.79281], [-101.44445, 26.79308], [-101.44422, 26.79396], [-101.44318, 26.79373]]]}}, {"id": "152354", "type": "Feature", "properties": {"id": "152354", "CVEGEO": "0500600010469056", "POBTOT": 68.0, "score_nse": 48.78, "NSE": "C-", "VIVTOT": 25.0, "GRAPROES": 8.65, "_ent": "05", "_mun": "006", "_loc": "0001"}, "geometry": {"type": "Polygon", "coordinates": [[[-101.44116, 26.78301], [-101.4413, 26.78197], [-101.4424, 26.78192], [-101.4422, 26.78292], [-101.44116, 26.78301]]]}}, {"id": "152355", "type": "Feature", "properties": {"id": "152355", "CVEGEO": "0500600010469055", "POBTOT": 55.0, "score_nse": 0.0, "NSE": "ND", "VIVTOT": 15.0, "GRAPROES": 8.73, "_ent": "05", "_mun": "006", "_loc": "0001"}, "geometry": {"type": "Polygon", "coordinates": [[[-101.44174, 26.77921], [-101.44244, 26.77863], [-101.44287, 26.77923], [-101.4428, 26.77969], [-101.44169, 26.77971], [-101.44174, 26.77921]]]}}, {"id": "152356", "type": "Feature", "properties": {"id": "152356", "CVEGEO": "0500600010469050", "POBTOT": 37.0, "score_nse": 53.7862, "NSE": "C-", "VIVTOT": 13.0, "GRAPROES": 8.71, "_ent": "05", "_mun": "006", "_loc": "0001"}, "geometry": {"type": "Polygon", "coordinates": [[[-101.44343, 26.79271], [-101.44369, 26.79168], [-101.44477, 26.7919], [-101.4445, 26.79296], [-101.44343, 26.79271]]]}}, {"id": "152357", "type": "Feature", "properties": {"id": "152357", "CVEGEO": "0500600010469048", "POBTOT": 56.0, "score_nse": 67.8705, "NSE": "C", "VIVTOT": 16.0, "GRAPROES": 10.65, "_ent": "05", "_mun": "006", "_loc": "0001"}, "geometry": {"type": "Polygon", "coordinates": [[[-101.4394, 26.79398], [-101.4397, 26.793], [-101.44074, 26.79325], [-101.44048, 26.79424], [-101.4394, 26.79398]]]}}, {"id": "152358", "type": "Feature", "properties": {"id": "152358", "CVEGEO": "0500600010469047", "POBTOT": 51.0, "score_nse": 60.8014, "NSE": "C", "VIVTOT": 17.0, "GRAPROES": 11.42, "_ent": "05", "_mun": "006", "_loc": "0001"}, "geometry": {"type": "Polygon", "coordinates": [[[-101.44158, 26.79435], [-101.4406, 26.79427], [-101.44083, 26.79329], [-101.44182, 26.79353], [-101.44158, 26.79435]]]}}, {"id": "152359", "type": "Feature", "properties": {"id": "152359", "CVEGEO": "0500600010469046", "POBTOT": 43.0, "score_nse": 0.0, "NSE": "ND", "VIVTOT": 14.0, "GRAPROES": 9.33, "_ent": "05", "_mun": "006", "_loc": "0001"}, "geometry": {"type": "Polygon", "coordinates": [[[-101.44177, 26.7942], [-101.44196, 26.79354], [-101.44304, 26.7938], [-101.44286, 26.79442], [-101.44177, 26.7942]]]}}, {"id": "152360", "type": "Feature", "properties": {"id": "152360", "CVEGEO": "0500600010469045", "POBTOT": 39.0, "score_nse": 0.0, "NSE": "ND", "VIVTOT": 10.0, "GRAPROES": 9.48, "_ent": "05", "_mun": "006", "_loc": "0001"}, "geometry": {"type": "Polygon", "coordinates": [[[-101.44291, 26.79475], [-101.44315, 26.79383], [-101.44418, 26.79405], [-101.44395, 26.795], [-101.44291, 26.79475]]]}}, {"id": "152361", "type": "Feature", "properties": {"id": "152361", "CVEGEO": "0500600010469038", "POBTOT": 57.0, "score_nse": 62.3415, "NSE": "C", "VIVTOT": 19.0, "GRAPROES": 8.41, "_ent": "05", "_mun": "006", "_loc": "0001"}, "geometry": {"type": "Polygon", "coordinates": [[[-101.44038, 26.78102], [-101.44136, 26.78095], [-101.44124, 26.78189], [-101.44015, 26.78197], [-101.44038, 26.78102]]]}}, {"id": "152362", "type": "Feature", "properties": {"id": "152362", "CVEGEO": "0500600010469037", "POBTOT": 59.0, "score_nse": 56.2055, "NSE": "C", "VIVTOT": 22.0, "GRAPROES": 9.17, "_ent": "05", "_mun": "006", "_loc": "0001"}, "geometry": {"type": "Polygon", "coordinates": [[[-101.44131, 26.78189], [-101.44146, 26.78093], [-101.44258, 26.78086], [-101.44241, 26.78185], [-101.44131, 26.78189]]]}}, {"id": "152363", "type": "Feature", "properties": {"id": "152363", "CVEGEO": "0500600010469036", "POBTOT": 49.0, "score_nse": 0.0, "NSE": "ND", "VIVTOT": 21.0, "GRAPROES": 7.68, "_ent": "05", "_mun": "006", "_loc": "0001"}, "geometry": {"type": "Polygon", "coordinates": [[[-101.44256, 26.78184], [-101.44271, 26.78085], [-101.44375, 26.78083], [-101.4436, 26.78181], [-101.44256, 26.78184]]]}}, {"id": "152364", "type": "Feature", "properties": {"id": "152364", "CVEGEO": "0500600010469034", "POBTOT": 41.0, "score_nse": 60.7687, "NSE": "C", "VIVTOT": 12.0, "GRAPROES": 8.86, "_ent": "05", "_mun": "006", "_loc": "0001"}, "geometry": {"type": "Polygon", "coordinates": [[[-101.44198, 26.78892], [-101.44228, 26.78789], [-101.443, 26.78915], [-101.44198, 26.78892]]]}}, {"id": "152365", "type": "Feature", "properties": {"id": "152365", "CVEGEO": "0500600010469032", "POBTOT": 31.0, "score_nse": 61.7043, "NSE": "C", "VIVTOT": 13.0, "GRAPROES": 10.07, "_ent": "05", "_mun": "006", "_loc": "0001"}, "geometry": {"type": "Polygon", "coordinates": [[[-101.44174, 26.78998], [-101.44196, 26.78902], [-101.44298, 26.78923], [-101.44282, 26.79026], [-101.44174, 26.78998]]]}}, {"id": "152366", "type": "Feature", "properties": {"id": "152366", "CVEGEO": "0500600010469031", "POBTOT": 56.0, "score_nse": 0.0, "NSE": "ND", "VIVTOT": 14.0, "GRAPROES": 8.56, "_ent": "05", "_mun": "006", "_loc": "0001"}, "geometry": {"type": "Polygon", "coordinates": [[[-101.4429, 26.79028], [-101.44305, 26.78921], [-101.44388, 26.79051], [-101.4429, 26.79028]]]}}, {"id": "152367", "type": "Feature", "properties": {"id": "152367", "CVEGEO": "0500600010469030", "POBTOT": 70.0, "score_nse": 56.648, "NSE": "C", "VIVTOT": 25.0, "GRAPROES": 9.39, "_ent": "05", "_mun": "006", "_loc": "0001"}, "geometry": {"type": "Polygon", "coordinates": [[[-101.44248, 26.79132], [-101.44141, 26.79103], [-101.44172, 26.79008], [-101.4428, 26.79036], [-101.44248, 26.79132]]]}}, {"id": "152368", "type": "Feature", "properties": {"id": "152368", "CVEGEO": "0500600010469029", "POBTOT": 58.0, "score_nse": 58.7288, "NSE": "C", "VIVTOT": 19.0, "GRAPROES": 9.77, "_ent": "05", "_mun": "006", "_loc": "0001"}, "geometry": {"type": "Polygon", "coordinates": [[[-101.44361, 26.79156], [-101.44259, 26.79135], [-101.44291, 26.79039], [-101.44385, 26.79063], [-101.44361, 26.79156]]]}}, {"id": "152369", "type": "Feature", "properties": {"id": "152369", "CVEGEO": "0500600010469028", "POBTOT": 56.0, "score_nse": 65.1926, "NSE": "C", "VIVTOT": 19.0, "GRAPROES": 10.77, "_ent": "05", "_mun": "006", "_loc": "0001"}, "geometry": {"type": "Polygon", "coordinates": [[[-101.44115, 26.79214], [-101.44137, 26.79116], [-101.44244, 26.79143], [-101.44219, 26.79241], [-101.44115, 26.79214]]]}}, {"id": "152370", "type": "Feature", "properties": {"id": "152370", "CVEGEO": "0500600010469027", "POBTOT": 26.0, "score_nse": 59.5133, "NSE": "C", "VIVTOT": 12.0, "GRAPROES": 9.61, "_ent": "05", "_mun": "006", "_loc": "0001"}, "geometry": {"type": "Polygon", "coordinates": [[[-101.4423, 26.79243], [-101.44256, 26.79146], [-101.44359, 26.79165], [-101.44333, 26.79269], [-101.4423, 26.79243]]]}}, {"id": "152371", "type": "Feature", "properties": {"id": "152371", "CVEGEO": "0500600010469026", "POBTOT": 44.0, "score_nse": 57.758, "NSE": "C", "VIVTOT": 16.0, "GRAPROES": 10.18, "_ent": "05", "_mun": "006", "_loc": "0001"}, "geometry": {"type": "Polygon", "coordinates": [[[-101.44371, 26.79159], [-101.44394, 26.79065], [-101.44508, 26.79085], [-101.44479, 26.79182], [-101.44371, 26.79159]]]}}, {"id": "152372", "type": "Feature", "properties": {"id": "152372", "CVEGEO": "0500600010469025", "POBTOT": 59.0, "score_nse": 75.5073, "NSE": "C+", "VIVTOT": 17.0, "GRAPROES": 12.33, "_ent": "05", "_mun": "006", "_loc": "0001"}, "geometry": {"type": "Polygon", "coordinates": [[[-101.44193, 26.79342], [-101.44086, 26.79319], [-101.44112, 26.79225], [-101.44216, 26.79251], [-101.44193, 26.79342]]]}}, {"id": "152373", "type": "Feature", "properties": {"id": "152373", "CVEGEO": "0500600010469024", "POBTOT": 49.0, "score_nse": 68.0691, "NSE": "C", "VIVTOT": 14.0, "GRAPROES": 10.36, "_ent": "05", "_mun": "006", "_loc": "0001"}, "geometry": {"type": "Polygon", "coordinates": [[[-101.44203, 26.79345], [-101.44227, 26.79254], [-101.4433, 26.79278], [-101.44307, 26.79371], [-101.44203, 26.79345]]]}}, {"id": "152374", "type": "Feature", "properties": {"id": "152374", "CVEGEO": "0500600010469019", "POBTOT": 67.0, "score_nse": 60.019, "NSE": "C", "VIVTOT": 16.0, "GRAPROES": 9.28, "_ent": "05", "_mun": "006", "_loc": "0001"}, "geometry": {"type": "Polygon", "coordinates": [[[-101.4411, 26.78756], [-101.43999, 26.78733], [-101.44027, 26.78632], [-101.44139, 26.78657], [-101.4411, 26.78756]]]}}, {"id": "152375", "type": "Feature", "properties": {"id": "152375", "CVEGEO": "0500600010469013", "POBTOT": 61.0, "score_nse": 61.0418, "NSE": "C", "VIVTOT": 22.0, "GRAPROES": 10.04, "_ent": "05", "_mun": "006", "_loc": "0001"}, "geometry": {"type": "Polygon", "coordinates": [[[-101.43948, 26.78945], [-101.43972, 26.78853], [-101.44071, 26.78875], [-101.44044, 26.78967], [-101.43948, 26.78945]]]}}, {"id": "152376", "type": "Feature", "properties": {"id": "152376", "CVEGEO": "0500600010469012", "POBTOT": 50.0, "score_nse": 63.1546, "NSE": "C", "VIVTOT": 17.0, "GRAPROES": 9.43, "_ent": "05", "_mun": "006", "_loc": "0001"}, "geometry": {"type": "Polygon", "coordinates": [[[-101.44058, 26.7897], [-101.44085, 26.78878], [-101.44188, 26.78901], [-101.44167, 26.78996], [-101.44058, 26.7897]]]}}, {"id": "152377", "type": "Feature", "properties": {"id": "152377", "CVEGEO": "0500600010469011", "POBTOT": 64.0, "score_nse": 61.1707, "NSE": "C", "VIVTOT": 19.0, "GRAPROES": 8.85, "_ent": "05", "_mun": "006", "_loc": "0001"}, "geometry": {"type": "Polygon", "coordinates": [[[-101.43917, 26.79048], [-101.43945, 26.78955], [-101.44041, 26.78977], [-101.44018, 26.7907], [-101.43917, 26.79048]]]}}, {"id": "152378", "type": "Feature", "properties": {"id": "152378", "CVEGEO": "0500600010469010", "POBTOT": 66.0, "score_nse": 63.5869, "NSE": "C", "VIVTOT": 19.0, "GRAPROES": 10.33, "_ent": "05", "_mun": "006", "_loc": "0001"}, "geometry": {"type": "Polygon", "coordinates": [[[-101.4403, 26.79073], [-101.44055, 26.7898], [-101.44165, 26.79007], [-101.44136, 26.79102], [-101.4403, 26.79073]]]}}, {"id": "152379", "type": "Feature", "properties": {"id": "152379", "CVEGEO": "0500600010469009", "POBTOT": 41.0, "score_nse": 67.0243, "NSE": "C", "VIVTOT": 13.0, "GRAPROES": 9.85, "_ent": "05", "_mun": "006", "_loc": "0001"}, "geometry": {"type": "Polygon", "coordinates": [[[-101.4399, 26.79182], [-101.43887, 26.79156], [-101.43913, 26.7906], [-101.44014, 26.79083], [-101.4399, 26.79182]]]}}, {"id": "152380", "type": "Feature", "properties": {"id": "152380", "CVEGEO": "0500600010469008", "POBTOT": 28.0, "score_nse": 55.8567, "NSE": "C", "VIVTOT": 12.0, "GRAPROES": 9.92, "_ent": "05", "_mun": "006", "_loc": "0001"}, "geometry": {"type": "Polygon", "coordinates": [[[-101.44109, 26.79213], [-101.44002, 26.79185], [-101.44027, 26.79086], [-101.44132, 26.79114], [-101.44109, 26.79213]]]}}, {"id": "152381", "type": "Feature", "properties": {"id": "152381", "CVEGEO": "0500600010469007", "POBTOT": 62.0, "score_nse": 58.3891, "NSE": "C", "VIVTOT": 19.0, "GRAPROES": 9.26, "_ent": "05", "_mun": "006", "_loc": "0001"}, "geometry": {"type": "Polygon", "coordinates": [[[-101.43857, 26.79263], [-101.43884, 26.79167], [-101.43987, 26.79193], [-101.43964, 26.79287], [-101.43857, 26.79263]]]}}, {"id": "152382", "type": "Feature", "properties": {"id": "152382", "CVEGEO": "0500600010469006", "POBTOT": 49.0, "score_nse": 55.4857, "NSE": "C", "VIVTOT": 19.0, "GRAPROES": 9.66, "_ent": "05", "_mun": "006", "_loc": "0001"}, "geometry": {"type": "Polygon", "coordinates": [[[-101.43973, 26.7929], [-101.44, 26.79196], [-101.44105, 26.79223], [-101.44077, 26.79317], [-101.43973, 26.7929]]]}}, {"id": "152383", "type": "Feature", "properties": {"id": "152383", "CVEGEO": "0500600010454059", "POBTOT": 51.0, "score_nse": 0.0, "NSE": "ND", "VIVTOT": 12.0, "GRAPROES": 10.19, "_ent": "05", "_mun": "006", "_loc": "0001"}, "geometry": {"type": "Polygon", "coordinates": [[[-101.41566, 26.762], [-101.41574, 26.76235], [-101.4143, 26.76301], [-101.41417, 26.76263], [-101.41566, 26.762]]]}}, {"id": "152384", "type": "Feature", "properties": {"id": "152384", "CVEGEO": "0500600010454031", "POBTOT": 114.0, "score_nse": 55.9782, "NSE": "C", "VIVTOT": 37.0, "GRAPROES": 8.56, "_ent": "05", "_mun": "006", "_loc": "0001"}, "geometry": {"type": "Polygon", "coordinates": [[[-101.4121, 26.7657], [-101.4113, 26.76341], [-101.41241, 26.76329], [-101.41403, 26.76248], [-101.41461, 26.76406], [-101.41534, 26.76376], [-101.41566, 26.76472], [-101.41459, 26.76501], [-101.41434, 26.7643], [-101.41454, 26.76503], [-101.41347, 26.76532], [-101.41333, 26.76492], [-101.41368, 26.76469], [-101.41278, 26.7651], [-101.41327, 26.76495], [-101.41342, 26.76534], [-101.4121, 26.7657]]]}}, {"id": "152385", "type": "Feature", "properties": {"id": "152385", "CVEGEO": "0500600010454030", "POBTOT": 66.0, "score_nse": 57.122, "NSE": "C", "VIVTOT": 20.0, "GRAPROES": 9.92, "_ent": "05", "_mun": "006", "_loc": "0001"}, "geometry": {"type": "Polygon", "coordinates": [[[-101.41642, 26.76332], [-101.41679, 26.76441], [-101.41576, 26.76469], [-101.41543, 26.76375], [-101.41642, 26.76332]]]}}, {"id": "152386", "type": "Feature", "properties": {"id": "152386", "CVEGEO": "0500600010454029", "POBTOT": 21.0, "score_nse": 69.32, "NSE": "C", "VIVTOT": 6.0, "GRAPROES": 12.0, "_ent": "05", "_mun": "006", "_loc": "0001"}, "geometry": {"type": "Polygon", "coordinates": [[[-101.41211, 26.76575], [-101.41343, 26.76539], [-101.41377, 26.76642], [-101.41245, 26.76678], [-101.41211, 26.76575]]]}}, {"id": "152387", "type": "Feature", "properties": {"id": "152387", "CVEGEO": "0500600010454026", "POBTOT": 80.0, "score_nse": 51.716, "NSE": "C-", "VIVTOT": 25.0, "GRAPROES": 8.9, "_ent": "05", "_mun": "006", "_loc": "0001"}, "geometry": {"type": "Polygon", "coordinates": [[[-101.41579, 26.76477], [-101.41686, 26.76452], [-101.41712, 26.76539], [-101.41613, 26.76569], [-101.41579, 26.76477]]]}}, {"id": "152388", "type": "Feature", "properties": {"id": "152388", "CVEGEO": "0500600010454025", "POBTOT": 31.0, "score_nse": 61.178, "NSE": "C", "VIVTOT": 8.0, "GRAPROES": 9.24, "_ent": "05", "_mun": "006", "_loc": "0001"}, "geometry": {"type": "Polygon", "coordinates": [[[-101.41117, 26.7682], [-101.41085, 26.76726], [-101.41214, 26.76691], [-101.41247, 26.76783], [-101.41117, 26.7682]]]}}, {"id": "152389", "type": "Feature", "properties": {"id": "152389", "CVEGEO": "0500600010454024", "POBTOT": 4.0, "score_nse": 0.0, "NSE": "ND", "VIVTOT": 2.0, "GRAPROES": 0.0, "_ent": "05", "_mun": "006", "_loc": "0001"}, "geometry": {"type": "Polygon", "coordinates": [[[-101.41278, 26.76775], [-101.41247, 26.76683], [-101.41379, 26.76647], [-101.41409, 26.76738], [-101.41278, 26.76775]]]}}, {"id": "152390", "type": "Feature", "properties": {"id": "152390", "CVEGEO": "0500600010454023", "POBTOT": 23.0, "score_nse": 72.468, "NSE": "C+", "VIVTOT": 6.0, "GRAPROES": 9.75, "_ent": "05", "_mun": "006", "_loc": "0001"}, "geometry": {"type": "Polygon", "coordinates": [[[-101.41384, 26.76646], [-101.41492, 26.76616], [-101.41523, 26.76707], [-101.41415, 26.76737], [-101.41384, 26.76646]]]}}, {"id": "152391", "type": "Feature", "properties": {"id": "152391", "CVEGEO": "0500600010454022", "POBTOT": 67.0, "score_nse": 60.618, "NSE": "C", "VIVTOT": 20.0, "GRAPROES": 8.69, "_ent": "05", "_mun": "006", "_loc": "0001"}, "geometry": {"type": "Polygon", "coordinates": [[[-101.41528, 26.76705], [-101.41498, 26.76614], [-101.41605, 26.76585], [-101.41636, 26.76675], [-101.41528, 26.76705]]]}}, {"id": "152392", "type": "Feature", "properties": {"id": "152392", "CVEGEO": "0500600010454021", "POBTOT": 67.0, "score_nse": 57.96, "NSE": "C", "VIVTOT": 25.0, "GRAPROES": 8.31, "_ent": "05", "_mun": "006", "_loc": "0001"}, "geometry": {"type": "Polygon", "coordinates": [[[-101.41616, 26.76579], [-101.41716, 26.7655], [-101.41745, 26.7664], [-101.41643, 26.76668], [-101.41616, 26.76579]]]}}, {"id": "152393", "type": "Feature", "properties": {"id": "152393", "CVEGEO": "0500600010454020", "POBTOT": 13.0, "score_nse": 0.0, "NSE": "ND", "VIVTOT": 3.0, "GRAPROES": 0.0, "_ent": "05", "_mun": "006", "_loc": "0001"}, "geometry": {"type": "Polygon", "coordinates": [[[-101.41249, 26.76789], [-101.41281, 26.76886], [-101.41152, 26.76923], [-101.41119, 26.76826], [-101.41249, 26.76789]]]}}, {"id": "152394", "type": "Feature", "properties": {"id": "152394", "CVEGEO": "0500600010454019", "POBTOT": 18.0, "score_nse": 70.2333, "NSE": "C+", "VIVTOT": 6.0, "GRAPROES": 12.17, "_ent": "05", "_mun": "006", "_loc": "0001"}, "geometry": {"type": "Polygon", "coordinates": [[[-101.4128, 26.76781], [-101.41411, 26.76745], [-101.4144, 26.76844], [-101.41313, 26.76879], [-101.4128, 26.76781]]]}}, {"id": "152395", "type": "Feature", "properties": {"id": "152395", "CVEGEO": "0500600010454016", "POBTOT": 56.0, "score_nse": 60.9141, "NSE": "C", "VIVTOT": 17.0, "GRAPROES": 9.11, "_ent": "05", "_mun": "006", "_loc": "0001"}, "geometry": {"type": "Polygon", "coordinates": [[[-101.41726, 26.76722], [-101.41662, 26.76734], [-101.41644, 26.7668], [-101.41747, 26.76651], [-101.41781, 26.7675], [-101.41677, 26.76778], [-101.41664, 26.76738], [-101.41726, 26.76722]]]}}, {"id": "152396", "type": "Feature", "properties": {"id": "152396", "CVEGEO": "0500600010454015", "POBTOT": 0.0, "score_nse": 0.0, "NSE": "ND", "VIVTOT": 0.0, "GRAPROES": 0.0, "_ent": "05", "_mun": "006", "_loc": "0001"}, "geometry": {"type": "Polygon", "coordinates": [[[-101.41186, 26.77025], [-101.41154, 26.76929], [-101.41283, 26.76892], [-101.41316, 26.76988], [-101.41186, 26.77025]]]}}, {"id": "152397", "type": "Feature", "properties": {"id": "152397", "CVEGEO": "0500600010454014", "POBTOT": 12.0, "score_nse": 0.0, "NSE": "ND", "VIVTOT": 5.0, "GRAPROES": 11.33, "_ent": "05", "_mun": "006", "_loc": "0001"}, "geometry": {"type": "Polygon", "coordinates": [[[-101.41314, 26.76884], [-101.41442, 26.76849], [-101.41473, 26.76948], [-101.41347, 26.76982], [-101.41314, 26.76884]]]}}, {"id": "152398", "type": "Feature", "properties": {"id": "152398", "CVEGEO": "0500600010454013", "POBTOT": 38.0, "score_nse": 61.812, "NSE": "C", "VIVTOT": 10.0, "GRAPROES": 9.15, "_ent": "05", "_mun": "006", "_loc": "0001"}, "geometry": {"type": "Polygon", "coordinates": [[[-101.41451, 26.76847], [-101.4156, 26.76817], [-101.41593, 26.76915], [-101.41483, 26.76945], [-101.41451, 26.76847]]]}}, {"id": "152399", "type": "Feature", "properties": {"id": "152399", "CVEGEO": "0500600010454012", "POBTOT": 42.0, "score_nse": 64.3933, "NSE": "C", "VIVTOT": 15.0, "GRAPROES": 10.93, "_ent": "05", "_mun": "006", "_loc": "0001"}, "geometry": {"type": "Polygon", "coordinates": [[[-101.41599, 26.76914], [-101.41565, 26.76815], [-101.41673, 26.76785], [-101.41707, 26.76885], [-101.41599, 26.76914]]]}}, {"id": "152400", "type": "Feature", "properties": {"id": "152400", "CVEGEO": "0500600010454011", "POBTOT": 2.0, "score_nse": 0.0, "NSE": "ND", "VIVTOT": 1.0, "GRAPROES": 0.0, "_ent": "05", "_mun": "006", "_loc": "0001"}, "geometry": {"type": "Polygon", "coordinates": [[[-101.41679, 26.76784], [-101.41783, 26.76755], [-101.41818, 26.76855], [-101.41713, 26.76883], [-101.41679, 26.76784]]]}}, {"id": "152401", "type": "Feature", "properties": {"id": "152401", "CVEGEO": "0500600010454010", "POBTOT": 4.0, "score_nse": 0.0, "NSE": "ND", "VIVTOT": 1.0, "GRAPROES": 0.0, "_ent": "05", "_mun": "006", "_loc": "0001"}, "geometry": {"type": "Polygon", "coordinates": [[[-101.41222, 26.77129], [-101.41188, 26.7703], [-101.41318, 26.76994], [-101.41351, 26.77092], [-101.41222, 26.77129]]]}}, {"id": "152402", "type": "Feature", "properties": {"id": "152402", "CVEGEO": "0500600010454009", "POBTOT": 39.0, "score_nse": 67.8969, "NSE": "C", "VIVTOT": 13.0, "GRAPROES": 9.56, "_ent": "05", "_mun": "006", "_loc": "0001"}, "geometry": {"type": "Polygon", "coordinates": [[[-101.41382, 26.77086], [-101.41349, 26.76987], [-101.41475, 26.76953], [-101.41509, 26.77052], [-101.41382, 26.77086]]]}}, {"id": "152403", "type": "Feature", "properties": {"id": "152403", "CVEGEO": "0500600010454006", "POBTOT": 62.0, "score_nse": 57.9133, "NSE": "C", "VIVTOT": 24.0, "GRAPROES": 9.13, "_ent": "05", "_mun": "006", "_loc": "0001"}, "geometry": {"type": "Polygon", "coordinates": [[[-101.41715, 26.76888], [-101.4182, 26.7686], [-101.41854, 26.76959], [-101.41749, 26.76988], [-101.41715, 26.76888]]]}}, {"id": "152404", "type": "Feature", "properties": {"id": "152404", "CVEGEO": "0500600010454005", "POBTOT": 4.0, "score_nse": 0.0, "NSE": "ND", "VIVTOT": 2.0, "GRAPROES": 0.0, "_ent": "05", "_mun": "006", "_loc": "0001"}, "geometry": {"type": "Polygon", "coordinates": [[[-101.41224, 26.77134], [-101.41353, 26.77099], [-101.41386, 26.77197], [-101.41257, 26.77232], [-101.41224, 26.77134]]]}}, {"id": "152405", "type": "Feature", "properties": {"id": "152405", "CVEGEO": "0500600010454004", "POBTOT": 39.0, "score_nse": 0.0, "NSE": "ND", "VIVTOT": 13.0, "GRAPROES": 9.86, "_ent": "05", "_mun": "006", "_loc": "0001"}, "geometry": {"type": "Polygon", "coordinates": [[[-101.41416, 26.77188], [-101.41384, 26.77092], [-101.41511, 26.77058], [-101.41544, 26.77153], [-101.41416, 26.77188]]]}}, {"id": "152406", "type": "Feature", "properties": {"id": "152406", "CVEGEO": "0500600010454003", "POBTOT": 42.0, "score_nse": 0.0, "NSE": "ND", "VIVTOT": 11.0, "GRAPROES": 10.96, "_ent": "05", "_mun": "006", "_loc": "0001"}, "geometry": {"type": "Polygon", "coordinates": [[[-101.4152, 26.77055], [-101.4163, 26.77026], [-101.41662, 26.77121], [-101.41552, 26.77151], [-101.4152, 26.77055]]]}}, {"id": "152407", "type": "Feature", "properties": {"id": "152407", "CVEGEO": "0500600010454002", "POBTOT": 59.0, "score_nse": 63.7227, "NSE": "C", "VIVTOT": 18.0, "GRAPROES": 10.37, "_ent": "05", "_mun": "006", "_loc": "0001"}, "geometry": {"type": "Polygon", "coordinates": [[[-101.41636, 26.77024], [-101.41745, 26.76995], [-101.41777, 26.77089], [-101.41668, 26.77119], [-101.41636, 26.77024]]]}}, {"id": "152408", "type": "Feature", "properties": {"id": "152408", "CVEGEO": "0500600010454001", "POBTOT": 46.0, "score_nse": 74.3173, "NSE": "C+", "VIVTOT": 15.0, "GRAPROES": 11.4, "_ent": "05", "_mun": "006", "_loc": "0001"}, "geometry": {"type": "Polygon", "coordinates": [[[-101.41751, 26.76993], [-101.41856, 26.76965], [-101.41888, 26.77059], [-101.41783, 26.77087], [-101.41751, 26.76993]]]}}, {"id": "152409", "type": "Feature", "properties": {"id": "152409", "CVEGEO": "050060001044A030", "POBTOT": 50.0, "score_nse": 0.0, "NSE": "ND", "VIVTOT": 16.0, "GRAPROES": 9.28, "_ent": "05", "_mun": "006", "_loc": "0001"}, "geometry": {"type": "Polygon", "coordinates": [[[-101.41258, 26.77236], [-101.41388, 26.77199], [-101.4142, 26.773], [-101.41292, 26.77335], [-101.41258, 26.77236]]]}}, {"id": "152410", "type": "Feature", "properties": {"id": "152410", "CVEGEO": "050060001044A029", "POBTOT": 49.0, "score_nse": 67.78, "NSE": "C", "VIVTOT": 15.0, "GRAPROES": 10.09, "_ent": "05", "_mun": "006", "_loc": "0001"}, "geometry": {"type": "Polygon", "coordinates": [[[-101.41577, 26.77258], [-101.41451, 26.77292], [-101.41417, 26.77193], [-101.41545, 26.77158], [-101.41577, 26.77258]]]}}, {"id": "152411", "type": "Feature", "properties": {"id": "152411", "CVEGEO": "050060001044A026", "POBTOT": 65.0, "score_nse": 0.0, "NSE": "ND", "VIVTOT": 20.0, "GRAPROES": 8.85, "_ent": "05", "_mun": "006", "_loc": "0001"}, "geometry": {"type": "Polygon", "coordinates": [[[-101.41785, 26.77093], [-101.4189, 26.77064], [-101.41925, 26.77164], [-101.41819, 26.77193], [-101.41785, 26.77093]]]}}, {"id": "152412", "type": "Feature", "properties": {"id": "152412", "CVEGEO": "050060001044A025", "POBTOT": 30.0, "score_nse": 0.0, "NSE": "ND", "VIVTOT": 12.0, "GRAPROES": 9.74, "_ent": "05", "_mun": "006", "_loc": "0001"}, "geometry": {"type": "Polygon", "coordinates": [[[-101.41327, 26.7744], [-101.41293, 26.7734], [-101.41422, 26.77304], [-101.41456, 26.77405], [-101.41327, 26.7744]]]}}, {"id": "152413", "type": "Feature", "properties": {"id": "152413", "CVEGEO": "050060001044A024", "POBTOT": 24.0, "score_nse": 73.5943, "NSE": "C+", "VIVTOT": 7.0, "GRAPROES": 10.74, "_ent": "05", "_mun": "006", "_loc": "0001"}, "geometry": {"type": "Polygon", "coordinates": [[[-101.41486, 26.77398], [-101.41452, 26.77297], [-101.41578, 26.77263], [-101.41615, 26.77364], [-101.41486, 26.77398]]]}}, {"id": "152414", "type": "Feature", "properties": {"id": "152414", "CVEGEO": "050060001044A023", "POBTOT": 32.0, "score_nse": 73.72, "NSE": "C+", "VIVTOT": 10.0, "GRAPROES": 10.95, "_ent": "05", "_mun": "006", "_loc": "0001"}, "geometry": {"type": "Polygon", "coordinates": [[[-101.41588, 26.77261], [-101.41699, 26.7723], [-101.41734, 26.77332], [-101.41621, 26.77362], [-101.41588, 26.77261]]]}}, {"id": "152415", "type": "Feature", "properties": {"id": "152415", "CVEGEO": "050060001044A022", "POBTOT": 45.0, "score_nse": 64.2273, "NSE": "C", "VIVTOT": 12.0, "GRAPROES": 9.39, "_ent": "05", "_mun": "006", "_loc": "0001"}, "geometry": {"type": "Polygon", "coordinates": [[[-101.4174, 26.77331], [-101.41705, 26.77229], [-101.41814, 26.77199], [-101.41849, 26.77302], [-101.4174, 26.77331]]]}}, {"id": "152416", "type": "Feature", "properties": {"id": "152416", "CVEGEO": "050060001044A020", "POBTOT": 46.0, "score_nse": 0.0, "NSE": "ND", "VIVTOT": 13.0, "GRAPROES": 10.03, "_ent": "05", "_mun": "006", "_loc": "0001"}, "geometry": {"type": "Polygon", "coordinates": [[[-101.41329, 26.77445], [-101.41459, 26.7741], [-101.4149, 26.77512], [-101.41364, 26.77548], [-101.41329, 26.77445]]]}}, {"id": "152417", "type": "Feature", "properties": {"id": "152417", "CVEGEO": "050060001044A019", "POBTOT": 34.0, "score_nse": 49.4805, "NSE": "C-", "VIVTOT": 16.0, "GRAPROES": 9.59, "_ent": "05", "_mun": "006", "_loc": "0001"}, "geometry": {"type": "Polygon", "coordinates": [[[-101.41617, 26.77369], [-101.41653, 26.77468], [-101.41521, 26.77504], [-101.41487, 26.77403], [-101.41617, 26.77369]]]}}, {"id": "152418", "type": "Feature", "properties": {"id": "152418", "CVEGEO": "050060001044A015", "POBTOT": 21.0, "score_nse": 0.0, "NSE": "ND", "VIVTOT": 8.0, "GRAPROES": 11.56, "_ent": "05", "_mun": "006", "_loc": "0001"}, "geometry": {"type": "Polygon", "coordinates": [[[-101.41365, 26.77552], [-101.41491, 26.77516], [-101.41524, 26.77615], [-101.41398, 26.77649], [-101.41365, 26.77552]]]}}, {"id": "152419", "type": "Feature", "properties": {"id": "152419", "CVEGEO": "050060001044A014", "POBTOT": 24.0, "score_nse": 65.388, "NSE": "C", "VIVTOT": 10.0, "GRAPROES": 11.68, "_ent": "05", "_mun": "006", "_loc": "0001"}, "geometry": {"type": "Polygon", "coordinates": [[[-101.41556, 26.77607], [-101.41523, 26.77508], [-101.41654, 26.77471], [-101.4169, 26.77572], [-101.41556, 26.77607]]]}}, {"id": "152420", "type": "Feature", "properties": {"id": "152420", "CVEGEO": "050060001044A013", "POBTOT": 59.0, "score_nse": 59.961, "NSE": "C", "VIVTOT": 16.0, "GRAPROES": 9.51, "_ent": "05", "_mun": "006", "_loc": "0001"}, "geometry": {"type": "Polygon", "coordinates": [[[-101.41659, 26.7747], [-101.4177, 26.77439], [-101.41804, 26.77542], [-101.41696, 26.7757], [-101.41659, 26.7747]]]}}, {"id": "152421", "type": "Feature", "properties": {"id": "152421", "CVEGEO": "050060001044A012", "POBTOT": 65.0, "score_nse": 67.596, "NSE": "C", "VIVTOT": 19.0, "GRAPROES": 10.02, "_ent": "05", "_mun": "006", "_loc": "0001"}, "geometry": {"type": "Polygon", "coordinates": [[[-101.41778, 26.7744], [-101.41886, 26.77411], [-101.41919, 26.7751], [-101.4181, 26.7754], [-101.41778, 26.7744]]]}}, {"id": "152422", "type": "Feature", "properties": {"id": "152422", "CVEGEO": "050060001044A011", "POBTOT": 39.0, "score_nse": 58.6, "NSE": "C", "VIVTOT": 15.0, "GRAPROES": 9.71, "_ent": "05", "_mun": "006", "_loc": "0001"}, "geometry": {"type": "Polygon", "coordinates": [[[-101.41927, 26.77509], [-101.41895, 26.77408], [-101.41998, 26.77382], [-101.42035, 26.7748], [-101.41927, 26.77509]]]}}, {"id": "152423", "type": "Feature", "properties": {"id": "152423", "CVEGEO": "050060001044A010", "POBTOT": 54.0, "score_nse": 71.7627, "NSE": "C+", "VIVTOT": 15.0, "GRAPROES": 10.82, "_ent": "05", "_mun": "006", "_loc": "0001"}, "geometry": {"type": "Polygon", "coordinates": [[[-101.414, 26.77654], [-101.41527, 26.7762], [-101.41558, 26.77719], [-101.41433, 26.77752], [-101.414, 26.77654]]]}}, {"id": "152424", "type": "Feature", "properties": {"id": "152424", "CVEGEO": "050060001044A009", "POBTOT": 0.0, "score_nse": 0.0, "NSE": "ND", "VIVTOT": 0.0, "GRAPROES": 0.0, "_ent": "05", "_mun": "006", "_loc": "0001"}, "geometry": {"type": "Polygon", "coordinates": [[[-101.41559, 26.77615], [-101.41686, 26.7758], [-101.41717, 26.77674], [-101.4159, 26.77707], [-101.41559, 26.77615]]]}}, {"id": "152425", "type": "Feature", "properties": {"id": "152425", "CVEGEO": "050060001044A008", "POBTOT": 86.0, "score_nse": 57.6032, "NSE": "C", "VIVTOT": 29.0, "GRAPROES": 9.69, "_ent": "05", "_mun": "006", "_loc": "0001"}, "geometry": {"type": "Polygon", "coordinates": [[[-101.41731, 26.7767], [-101.41698, 26.77577], [-101.41803, 26.7755], [-101.41832, 26.77644], [-101.41731, 26.7767]]]}}, {"id": "152426", "type": "Feature", "properties": {"id": "152426", "CVEGEO": "050060001044A004", "POBTOT": 0.0, "score_nse": 0.0, "NSE": "ND", "VIVTOT": 0.0, "GRAPROES": 0.0, "_ent": "05", "_mun": "006", "_loc": "0001"}, "geometry": {"type": "Polygon", "coordinates": [[[-101.41719, 26.77683], [-101.41754, 26.77784], [-101.41626, 26.77819], [-101.41592, 26.77715], [-101.41719, 26.77683]]]}}, {"id": "152427", "type": "Feature", "properties": {"id": "152427", "CVEGEO": "050060001044A003", "POBTOT": 59.0, "score_nse": 49.7535, "NSE": "C-", "VIVTOT": 21.0, "GRAPROES": 9.38, "_ent": "05", "_mun": "006", "_loc": "0001"}, "geometry": {"type": "Polygon", "coordinates": [[[-101.41768, 26.77777], [-101.41734, 26.77683], [-101.41837, 26.77652], [-101.41871, 26.77751], [-101.41768, 26.77777]]]}}, {"id": "152428", "type": "Feature", "properties": {"id": "152428", "CVEGEO": "050060001044A002", "POBTOT": 34.0, "score_nse": 68.92, "NSE": "C", "VIVTOT": 12.0, "GRAPROES": 9.64, "_ent": "05", "_mun": "006", "_loc": "0001"}, "geometry": {"type": "Polygon", "coordinates": [[[-101.41882, 26.7775], [-101.41847, 26.77647], [-101.41957, 26.77618], [-101.41992, 26.7772], [-101.41882, 26.7775]]]}}, {"id": "152429", "type": "Feature", "properties": {"id": "152429", "CVEGEO": "050060001044A001", "POBTOT": 50.0, "score_nse": 0.0, "NSE": "ND", "VIVTOT": 19.0, "GRAPROES": 9.38, "_ent": "05", "_mun": "006", "_loc": "0001"}, "geometry": {"type": "Polygon", "coordinates": [[[-101.42075, 26.77697], [-101.41999, 26.77718], [-101.41964, 26.77616], [-101.42059, 26.77591], [-101.42075, 26.77697]]]}}, {"id": "152430", "type": "Feature", "properties": {"id": "152430", "CVEGEO": "0500600010435030", "POBTOT": 5.0, "score_nse": 0.0, "NSE": "ND", "VIVTOT": 3.0, "GRAPROES": 5.2, "_ent": "05", "_mun": "006", "_loc": "0001"}, "geometry": {"type": "Polygon", "coordinates": [[[-101.4177, 26.77788], [-101.41823, 26.77775], [-101.41819, 26.77847], [-101.41793, 26.77846], [-101.4177, 26.77788]]]}}, {"id": "152431", "type": "Feature", "properties": {"id": "152431", "CVEGEO": "0500600010435029", "POBTOT": 74.0, "score_nse": 55.3437, "NSE": "C", "VIVTOT": 26.0, "GRAPROES": 9.44, "_ent": "05", "_mun": "006", "_loc": "0001"}, "geometry": {"type": "Polygon", "coordinates": [[[-101.41827, 26.77847], [-101.41833, 26.77767], [-101.41928, 26.7774], [-101.41918, 26.77849], [-101.41827, 26.77847]]]}}, {"id": "152432", "type": "Feature", "properties": {"id": "152432", "CVEGEO": "0500600010435028", "POBTOT": 45.0, "score_nse": 0.0, "NSE": "ND", "VIVTOT": 16.0, "GRAPROES": 9.26, "_ent": "05", "_mun": "006", "_loc": "0001"}, "geometry": {"type": "Polygon", "coordinates": [[[-101.4193, 26.77851], [-101.41941, 26.77738], [-101.41983, 26.77727], [-101.42002, 26.77853], [-101.4193, 26.77851]]]}}, {"id": "152433", "type": "Feature", "properties": {"id": "152433", "CVEGEO": "0500600010435027", "POBTOT": 42.0, "score_nse": 59.473, "NSE": "C", "VIVTOT": 16.0, "GRAPROES": 8.45, "_ent": "05", "_mun": "006", "_loc": "0001"}, "geometry": {"type": "Polygon", "coordinates": [[[-101.42007, 26.77853], [-101.41987, 26.77725], [-101.42076, 26.77702], [-101.42088, 26.77856], [-101.42007, 26.77853]]]}}, {"id": "152434", "type": "Feature", "properties": {"id": "152434", "CVEGEO": "0500600010435021", "POBTOT": 11.0, "score_nse": 0.0, "NSE": "ND", "VIVTOT": 3.0, "GRAPROES": 13.33, "_ent": "05", "_mun": "006", "_loc": "0001"}, "geometry": {"type": "Polygon", "coordinates": [[[-101.42015, 26.77907], [-101.42007, 26.77857], [-101.42088, 26.7786], [-101.42092, 26.77909], [-101.42015, 26.77907]]]}}, {"id": "152435", "type": "Feature", "properties": {"id": "152435", "CVEGEO": "0500600010435019", "POBTOT": 46.0, "score_nse": 62.7465, "NSE": "C", "VIVTOT": 16.0, "GRAPROES": 10.0, "_ent": "05", "_mun": "006", "_loc": "0001"}, "geometry": {"type": "Polygon", "coordinates": [[[-101.41822, 26.77903], [-101.41826, 26.77851], [-101.41924, 26.77854], [-101.41919, 26.77905], [-101.41822, 26.77903]]]}}, {"id": "152436", "type": "Feature", "properties": {"id": "152436", "CVEGEO": "0500600010435018", "POBTOT": 39.0, "score_nse": 0.0, "NSE": "ND", "VIVTOT": 14.0, "GRAPROES": 9.03, "_ent": "05", "_mun": "006", "_loc": "0001"}, "geometry": {"type": "Polygon", "coordinates": [[[-101.4201, 26.77907], [-101.41925, 26.77905], [-101.4193, 26.77854], [-101.42003, 26.77857], [-101.4201, 26.77907]]]}}, {"id": "152437", "type": "Feature", "properties": {"id": "152437", "CVEGEO": "0500600010435016", "POBTOT": 40.0, "score_nse": 55.436, "NSE": "C", "VIVTOT": 15.0, "GRAPROES": 10.29, "_ent": "05", "_mun": "006", "_loc": "0001"}, "geometry": {"type": "Polygon", "coordinates": [[[-101.41654, 26.77903], [-101.41817, 26.77907], [-101.41809, 26.78013], [-101.41688, 26.78011], [-101.41654, 26.77903]]]}}, {"id": "152438", "type": "Feature", "properties": {"id": "152438", "CVEGEO": "0500600010435015", "POBTOT": 51.0, "score_nse": 61.87, "NSE": "C", "VIVTOT": 20.0, "GRAPROES": 10.26, "_ent": "05", "_mun": "006", "_loc": "0001"}, "geometry": {"type": "Polygon", "coordinates": [[[-101.41815, 26.78013], [-101.41821, 26.77907], [-101.41919, 26.77909], [-101.41907, 26.78015], [-101.41815, 26.78013]]]}}, {"id": "152439", "type": "Feature", "properties": {"id": "152439", "CVEGEO": "0500600010435014", "POBTOT": 73.0, "score_nse": 68.504, "NSE": "C", "VIVTOT": 25.0, "GRAPROES": 11.22, "_ent": "05", "_mun": "006", "_loc": "0001"}, "geometry": {"type": "Polygon", "coordinates": [[[-101.42021, 26.78017], [-101.41916, 26.78015], [-101.41925, 26.77909], [-101.42011, 26.77911], [-101.42021, 26.78017]]]}}, {"id": "152440", "type": "Feature", "properties": {"id": "152440", "CVEGEO": "0500600010435013", "POBTOT": 42.0, "score_nse": 50.2413, "NSE": "C-", "VIVTOT": 15.0, "GRAPROES": 9.7, "_ent": "05", "_mun": "006", "_loc": "0001"}, "geometry": {"type": "Polygon", "coordinates": [[[-101.42032, 26.78017], [-101.42016, 26.77911], [-101.42093, 26.77913], [-101.42099, 26.78014], [-101.42032, 26.78017]]]}}, {"id": "152441", "type": "Feature", "properties": {"id": "152441", "CVEGEO": "0500600010435011", "POBTOT": 13.0, "score_nse": 0.0, "NSE": "ND", "VIVTOT": 4.0, "GRAPROES": 8.78, "_ent": "05", "_mun": "006", "_loc": "0001"}, "geometry": {"type": "Polygon", "coordinates": [[[-101.41729, 26.78136], [-101.41691, 26.78018], [-101.41805, 26.78022], [-101.41798, 26.78145], [-101.41729, 26.78136]]]}}, {"id": "152442", "type": "Feature", "properties": {"id": "152442", "CVEGEO": "0500600010435008", "POBTOT": 0.0, "score_nse": 0.0, "NSE": "ND", "VIVTOT": 0.0, "GRAPROES": 0.0, "_ent": "05", "_mun": "006", "_loc": "0001"}, "geometry": {"type": "Polygon", "coordinates": [[[-101.4202, 26.78024], [-101.42042, 26.78146], [-101.4199, 26.78143], [-101.41971, 26.78024], [-101.4202, 26.78024]]]}}, {"id": "152443", "type": "Feature", "properties": {"id": "152443", "CVEGEO": "0500600010435007", "POBTOT": 60.0, "score_nse": 59.988, "NSE": "C", "VIVTOT": 20.0, "GRAPROES": 9.71, "_ent": "05", "_mun": "006", "_loc": "0001"}, "geometry": {"type": "Polygon", "coordinates": [[[-101.42052, 26.78147], [-101.42033, 26.78021], [-101.421, 26.78021], [-101.42111, 26.78148], [-101.42052, 26.78147]]]}}, {"id": "152444", "type": "Feature", "properties": {"id": "152444", "CVEGEO": "0500600010435005", "POBTOT": 14.0, "score_nse": 0.0, "NSE": "ND", "VIVTOT": 7.0, "GRAPROES": 11.3, "_ent": "05", "_mun": "006", "_loc": "0001"}, "geometry": {"type": "Polygon", "coordinates": [[[-101.41751, 26.78203], [-101.41733, 26.78148], [-101.41798, 26.78149], [-101.41794, 26.78205], [-101.41751, 26.78203]]]}}, {"id": "152445", "type": "Feature", "properties": {"id": "152445", "CVEGEO": "0500600010435004", "POBTOT": 32.0, "score_nse": 64.136, "NSE": "C", "VIVTOT": 10.0, "GRAPROES": 8.88, "_ent": "05", "_mun": "006", "_loc": "0001"}, "geometry": {"type": "Polygon", "coordinates": [[[-101.41798, 26.78205], [-101.41803, 26.78149], [-101.41896, 26.7815], [-101.4189, 26.78209], [-101.41798, 26.78205]]]}}, {"id": "152446", "type": "Feature", "properties": {"id": "152446", "CVEGEO": "0500600010435003", "POBTOT": 39.0, "score_nse": 0.0, "NSE": "ND", "VIVTOT": 14.0, "GRAPROES": 9.33, "_ent": "05", "_mun": "006", "_loc": "0001"}, "geometry": {"type": "Polygon", "coordinates": [[[-101.41897, 26.7821], [-101.41902, 26.7815], [-101.42001, 26.78151], [-101.41998, 26.78214], [-101.41897, 26.7821]]]}}, {"id": "152447", "type": "Feature", "properties": {"id": "152447", "CVEGEO": "0500600010435002", "POBTOT": 21.0, "score_nse": 63.4553, "NSE": "C", "VIVTOT": 11.0, "GRAPROES": 9.33, "_ent": "05", "_mun": "006", "_loc": "0001"}, "geometry": {"type": "Polygon", "coordinates": [[[-101.42005, 26.78214], [-101.42008, 26.78151], [-101.42047, 26.78151], [-101.42057, 26.78217], [-101.42005, 26.78214]]]}}, {"id": "152448", "type": "Feature", "properties": {"id": "152448", "CVEGEO": "0500600010435001", "POBTOT": 35.0, "score_nse": 55.8669, "NSE": "C", "VIVTOT": 14.0, "GRAPROES": 10.64, "_ent": "05", "_mun": "006", "_loc": "0001"}, "geometry": {"type": "Polygon", "coordinates": [[[-101.42111, 26.78152], [-101.42117, 26.7822], [-101.42063, 26.78217], [-101.42053, 26.78152], [-101.42111, 26.78152]]]}}, {"id": "152449", "type": "Feature", "properties": {"id": "152449", "CVEGEO": "0500600010420025", "POBTOT": 71.0, "score_nse": 62.159, "NSE": "C", "VIVTOT": 24.0, "GRAPROES": 10.64, "_ent": "05", "_mun": "006", "_loc": "0001"}, "geometry": {"type": "Polygon", "coordinates": [[[-101.43194, 26.78116], [-101.43202, 26.78099], [-101.43326, 26.77998], [-101.43264, 26.78137], [-101.43194, 26.78116]]]}}, {"id": "152450", "type": "Feature", "properties": {"id": "152450", "CVEGEO": "0500600010420024", "POBTOT": 34.0, "score_nse": 0.0, "NSE": "ND", "VIVTOT": 12.0, "GRAPROES": 10.17, "_ent": "05", "_mun": "006", "_loc": "0001"}, "geometry": {"type": "Polygon", "coordinates": [[[-101.43274, 26.78141], [-101.43345, 26.77983], [-101.43368, 26.77965], [-101.43317, 26.78148], [-101.43274, 26.78141]]]}}, {"id": "152451", "type": "Feature", "properties": {"id": "152451", "CVEGEO": "0500600010420023", "POBTOT": 108.0, "score_nse": 50.6737, "NSE": "C-", "VIVTOT": 41.0, "GRAPROES": 8.51, "_ent": "05", "_mun": "006", "_loc": "0001"}, "geometry": {"type": "Polygon", "coordinates": [[[-101.43436, 26.77945], [-101.43508, 26.77943], [-101.43486, 26.78136], [-101.43365, 26.78145], [-101.43418, 26.77965], [-101.43436, 26.77945]]]}}, {"id": "152452", "type": "Feature", "properties": {"id": "152452", "CVEGEO": "0500600010420022", "POBTOT": 80.0, "score_nse": 59.909, "NSE": "C", "VIVTOT": 29.0, "GRAPROES": 10.56, "_ent": "05", "_mun": "006", "_loc": "0001"}, "geometry": {"type": "Polygon", "coordinates": [[[-101.43337, 26.78249], [-101.43363, 26.78157], [-101.43489, 26.78147], [-101.43479, 26.7824], [-101.43337, 26.78249]]]}}, {"id": "152453", "type": "Feature", "properties": {"id": "152453", "CVEGEO": "0500600010420020", "POBTOT": 16.0, "score_nse": 0.0, "NSE": "ND", "VIVTOT": 5.0, "GRAPROES": 12.8, "_ent": "05", "_mun": "006", "_loc": "0001"}, "geometry": {"type": "Polygon", "coordinates": [[[-101.43087, 26.78188], [-101.43114, 26.78161], [-101.43158, 26.78143], [-101.43109, 26.78203], [-101.43087, 26.78188]]]}}, {"id": "152454", "type": "Feature", "properties": {"id": "152454", "CVEGEO": "0500600010420019", "POBTOT": 32.0, "score_nse": 55.4387, "NSE": "C", "VIVTOT": 15.0, "GRAPROES": 10.42, "_ent": "05", "_mun": "006", "_loc": "0001"}, "geometry": {"type": "Polygon", "coordinates": [[[-101.43114, 26.78206], [-101.43177, 26.78126], [-101.43136, 26.7822], [-101.43114, 26.78206]]]}}, {"id": "152455", "type": "Feature", "properties": {"id": "152455", "CVEGEO": "0500600010420018", "POBTOT": 95.0, "score_nse": 52.8367, "NSE": "C-", "VIVTOT": 24.0, "GRAPROES": 8.5, "_ent": "05", "_mun": "006", "_loc": "0001"}, "geometry": {"type": "Polygon", "coordinates": [[[-101.43206, 26.78266], [-101.43145, 26.78226], [-101.43192, 26.78122], [-101.43261, 26.78144], [-101.43206, 26.78266]]]}}, {"id": "152456", "type": "Feature", "properties": {"id": "152456", "CVEGEO": "0500600010420017", "POBTOT": 52.0, "score_nse": 0.0, "NSE": "ND", "VIVTOT": 29.0, "GRAPROES": 8.14, "_ent": "05", "_mun": "006", "_loc": "0001"}, "geometry": {"type": "Polygon", "coordinates": [[[-101.43274, 26.78296], [-101.43214, 26.7827], [-101.4327, 26.78146], [-101.43314, 26.78155], [-101.43274, 26.78296]]]}}, {"id": "152457", "type": "Feature", "properties": {"id": "152457", "CVEGEO": "0500600010420014", "POBTOT": 14.0, "score_nse": 0.0, "NSE": "ND", "VIVTOT": 9.0, "GRAPROES": 6.92, "_ent": "05", "_mun": "006", "_loc": "0001"}, "geometry": {"type": "Polygon", "coordinates": [[[-101.43074, 26.78256], [-101.43111, 26.78209], [-101.43134, 26.78225], [-101.43111, 26.78277], [-101.43074, 26.78256]]]}}, {"id": "152458", "type": "Feature", "properties": {"id": "152458", "CVEGEO": "0500600010420013", "POBTOT": 36.0, "score_nse": 59.927, "NSE": "C", "VIVTOT": 16.0, "GRAPROES": 9.33, "_ent": "05", "_mun": "006", "_loc": "0001"}, "geometry": {"type": "Polygon", "coordinates": [[[-101.4312, 26.78282], [-101.43143, 26.78231], [-101.43203, 26.78272], [-101.43183, 26.78318], [-101.4312, 26.78282]]]}}, {"id": "152459", "type": "Feature", "properties": {"id": "152459", "CVEGEO": "0500600010420012", "POBTOT": 25.0, "score_nse": 0.0, "NSE": "ND", "VIVTOT": 12.0, "GRAPROES": 9.63, "_ent": "05", "_mun": "006", "_loc": "0001"}, "geometry": {"type": "Polygon", "coordinates": [[[-101.4319, 26.78323], [-101.43211, 26.78277], [-101.43272, 26.78303], [-101.43256, 26.7836], [-101.4319, 26.78323]]]}}, {"id": "152460", "type": "Feature", "properties": {"id": "152460", "CVEGEO": "0500600010420011", "POBTOT": 56.0, "score_nse": 58.8598, "NSE": "C", "VIVTOT": 21.0, "GRAPROES": 9.79, "_ent": "05", "_mun": "006", "_loc": "0001"}, "geometry": {"type": "Polygon", "coordinates": [[[-101.43406, 26.78331], [-101.43311, 26.78336], [-101.43333, 26.7826], [-101.43403, 26.78254], [-101.43406, 26.78331]]]}}, {"id": "152461", "type": "Feature", "properties": {"id": "152461", "CVEGEO": "0500600010420010", "POBTOT": 40.0, "score_nse": 55.628, "NSE": "C", "VIVTOT": 15.0, "GRAPROES": 9.33, "_ent": "05", "_mun": "006", "_loc": "0001"}, "geometry": {"type": "Polygon", "coordinates": [[[-101.42983, 26.78211], [-101.43028, 26.78237], [-101.42958, 26.7831], [-101.42936, 26.78304], [-101.42937, 26.78269], [-101.42983, 26.78211]]]}}, {"id": "152462", "type": "Feature", "properties": {"id": "152462", "CVEGEO": "0500600010420009", "POBTOT": 19.0, "score_nse": 0.0, "NSE": "ND", "VIVTOT": 6.0, "GRAPROES": 9.72, "_ent": "05", "_mun": "006", "_loc": "0001"}, "geometry": {"type": "Polygon", "coordinates": [[[-101.42964, 26.78312], [-101.43034, 26.78241], [-101.43066, 26.78259], [-101.43014, 26.78326], [-101.42964, 26.78312]]]}}, {"id": "152463", "type": "Feature", "properties": {"id": "152463", "CVEGEO": "0500600010399013", "POBTOT": 31.0, "score_nse": 73.0429, "NSE": "C+", "VIVTOT": 11.0, "GRAPROES": 11.54, "_ent": "05", "_mun": "006", "_loc": "0001"}, "geometry": {"type": "Polygon", "coordinates": [[[-101.42175, 26.78493], [-101.42105, 26.78489], [-101.42096, 26.78376], [-101.42192, 26.78398], [-101.42175, 26.78493]]]}}, {"id": "152464", "type": "Feature", "properties": {"id": "152464", "CVEGEO": "0500600010399009", "POBTOT": 0.0, "score_nse": 0.0, "NSE": "ND", "VIVTOT": 0.0, "GRAPROES": 0.0, "_ent": "05", "_mun": "006", "_loc": "0001"}, "geometry": {"type": "Polygon", "coordinates": [[[-101.41865, 26.7848], [-101.4186, 26.78532], [-101.41842, 26.78479], [-101.41865, 26.7848]]]}}, {"id": "152465", "type": "Feature", "properties": {"id": "152465", "CVEGEO": "0500600010399008", "POBTOT": 34.0, "score_nse": 65.504, "NSE": "C", "VIVTOT": 11.0, "GRAPROES": 8.37, "_ent": "05", "_mun": "006", "_loc": "0001"}, "geometry": {"type": "Polygon", "coordinates": [[[-101.41865, 26.7854], [-101.41871, 26.7848], [-101.41981, 26.78486], [-101.41979, 26.78534], [-101.41865, 26.7854]]]}}, {"id": "152466", "type": "Feature", "properties": {"id": "152466", "CVEGEO": "0500600010399007", "POBTOT": 57.0, "score_nse": 69.036, "NSE": "C", "VIVTOT": 18.0, "GRAPROES": 10.48, "_ent": "05", "_mun": "006", "_loc": "0001"}, "geometry": {"type": "Polygon", "coordinates": [[[-101.41988, 26.78486], [-101.42098, 26.78492], [-101.42103, 26.78527], [-101.41986, 26.78533], [-101.41988, 26.78486]]]}}, {"id": "152467", "type": "Feature", "properties": {"id": "152467", "CVEGEO": "0500600010399006", "POBTOT": 30.0, "score_nse": 65.24, "NSE": "C", "VIVTOT": 10.0, "GRAPROES": 10.32, "_ent": "05", "_mun": "006", "_loc": "0001"}, "geometry": {"type": "Polygon", "coordinates": [[[-101.42111, 26.78526], [-101.42105, 26.78492], [-101.42174, 26.78496], [-101.42169, 26.78523], [-101.42111, 26.78526]]]}}, {"id": "152468", "type": "Feature", "properties": {"id": "152468", "CVEGEO": "0500600010399003", "POBTOT": 10.0, "score_nse": 0.0, "NSE": "ND", "VIVTOT": 7.0, "GRAPROES": 9.56, "_ent": "05", "_mun": "006", "_loc": "0001"}, "geometry": {"type": "Polygon", "coordinates": [[[-101.42121, 26.78592], [-101.42111, 26.78529], [-101.42168, 26.78527], [-101.42155, 26.7859], [-101.42121, 26.78592]]]}}, {"id": "152469", "type": "Feature", "properties": {"id": "152469", "CVEGEO": "0500600010399001", "POBTOT": 51.0, "score_nse": 70.6166, "NSE": "C+", "VIVTOT": 21.0, "GRAPROES": 10.66, "_ent": "05", "_mun": "006", "_loc": "0001"}, "geometry": {"type": "Polygon", "coordinates": [[[-101.42292, 26.78817], [-101.42027, 26.78711], [-101.42048, 26.78604], [-101.42161, 26.78596], [-101.42199, 26.78399], [-101.42554, 26.78387], [-101.42426, 26.78418], [-101.42378, 26.78469], [-101.42371, 26.7859], [-101.42352, 26.7861], [-101.42358, 26.78703], [-101.42315, 26.78756], [-101.42292, 26.78817]]]}}, {"id": "152470", "type": "Feature", "properties": {"id": "152470", "CVEGEO": "0500600010384028", "POBTOT": 53.0, "score_nse": 69.1183, "NSE": "C", "VIVTOT": 19.0, "GRAPROES": 10.92, "_ent": "05", "_mun": "006", "_loc": "0001"}, "geometry": {"type": "Polygon", "coordinates": [[[-101.42742, 26.78653], [-101.4278, 26.78523], [-101.42825, 26.78535], [-101.42789, 26.78663], [-101.42742, 26.78653]]]}}, {"id": "152471", "type": "Feature", "properties": {"id": "152471", "CVEGEO": "0500600010384027", "POBTOT": 38.0, "score_nse": 63.0877, "NSE": "C", "VIVTOT": 13.0, "GRAPROES": 11.58, "_ent": "05", "_mun": "006", "_loc": "0001"}, "geometry": {"type": "Polygon", "coordinates": [[[-101.42808, 26.78613], [-101.42829, 26.78536], [-101.42875, 26.78548], [-101.42854, 26.78629], [-101.42808, 26.78613]]]}}, {"id": "152472", "type": "Feature", "properties": {"id": "152472", "CVEGEO": "0500600010384026", "POBTOT": 30.0, "score_nse": 64.9613, "NSE": "C", "VIVTOT": 12.0, "GRAPROES": 10.61, "_ent": "05", "_mun": "006", "_loc": "0001"}, "geometry": {"type": "Polygon", "coordinates": [[[-101.42859, 26.7863], [-101.4288, 26.7855], [-101.42929, 26.78563], [-101.42909, 26.78641], [-101.42859, 26.7863]]]}}, {"id": "152473", "type": "Feature", "properties": {"id": "152473", "CVEGEO": "0500600010384025", "POBTOT": 17.0, "score_nse": 66.984, "NSE": "C", "VIVTOT": 10.0, "GRAPROES": 10.27, "_ent": "05", "_mun": "006", "_loc": "0001"}, "geometry": {"type": "Polygon", "coordinates": [[[-101.42916, 26.78642], [-101.42935, 26.78564], [-101.43005, 26.78583], [-101.42984, 26.78657], [-101.42916, 26.78642]]]}}, {"id": "152474", "type": "Feature", "properties": {"id": "152474", "CVEGEO": "0500600010384024", "POBTOT": 34.0, "score_nse": 68.6505, "NSE": "C", "VIVTOT": 16.0, "GRAPROES": 12.61, "_ent": "05", "_mun": "006", "_loc": "0001"}, "geometry": {"type": "Polygon", "coordinates": [[[-101.42977, 26.78705], [-101.43012, 26.78585], [-101.43081, 26.78603], [-101.43035, 26.78718], [-101.42977, 26.78705]]]}}, {"id": "152475", "type": "Feature", "properties": {"id": "152475", "CVEGEO": "0500600010384021", "POBTOT": 6.0, "score_nse": 0.0, "NSE": "ND", "VIVTOT": 4.0, "GRAPROES": 17.17, "_ent": "05", "_mun": "006", "_loc": "0001"}, "geometry": {"type": "Polygon", "coordinates": [[[-101.42847, 26.78676], [-101.42858, 26.78634], [-101.42908, 26.78644], [-101.42897, 26.78687], [-101.42847, 26.78676]]]}}, {"id": "152476", "type": "Feature", "properties": {"id": "152476", "CVEGEO": "0500600010384020", "POBTOT": 13.0, "score_nse": 81.7, "NSE": "C+", "VIVTOT": 5.0, "GRAPROES": 14.0, "_ent": "05", "_mun": "006", "_loc": "0001"}, "geometry": {"type": "Polygon", "coordinates": [[[-101.42904, 26.78689], [-101.42915, 26.78646], [-101.42983, 26.7866], [-101.42971, 26.78704], [-101.42904, 26.78689]]]}}, {"id": "152477", "type": "Feature", "properties": {"id": "152477", "CVEGEO": "0500600010384019", "POBTOT": 13.0, "score_nse": 0.0, "NSE": "ND", "VIVTOT": 6.0, "GRAPROES": 8.67, "_ent": "05", "_mun": "006", "_loc": "0001"}, "geometry": {"type": "Polygon", "coordinates": [[[-101.42722, 26.78722], [-101.42741, 26.78656], [-101.42788, 26.78667], [-101.42769, 26.78733], [-101.42722, 26.78722]]]}}, {"id": "152478", "type": "Feature", "properties": {"id": "152478", "CVEGEO": "0500600010384018", "POBTOT": 22.0, "score_nse": 58.8967, "NSE": "C", "VIVTOT": 11.0, "GRAPROES": 13.44, "_ent": "05", "_mun": "006", "_loc": "0001"}, "geometry": {"type": "Polygon", "coordinates": [[[-101.42822, 26.78746], [-101.42776, 26.78735], [-101.42794, 26.78668], [-101.4284, 26.78678], [-101.42822, 26.78746]]]}}, {"id": "152479", "type": "Feature", "properties": {"id": "152479", "CVEGEO": "0500600010384017", "POBTOT": 17.0, "score_nse": 0.0, "NSE": "ND", "VIVTOT": 7.0, "GRAPROES": 12.53, "_ent": "05", "_mun": "006", "_loc": "0001"}, "geometry": {"type": "Polygon", "coordinates": [[[-101.42896, 26.78691], [-101.42879, 26.78761], [-101.42829, 26.78748], [-101.42846, 26.7868], [-101.42896, 26.78691]]]}}, {"id": "152480", "type": "Feature", "properties": {"id": "152480", "CVEGEO": "0500600010384016", "POBTOT": 22.0, "score_nse": 0.0, "NSE": "ND", "VIVTOT": 7.0, "GRAPROES": 11.8, "_ent": "05", "_mun": "006", "_loc": "0001"}, "geometry": {"type": "Polygon", "coordinates": [[[-101.42968, 26.78714], [-101.4295, 26.78778], [-101.42886, 26.78762], [-101.42903, 26.78692], [-101.42968, 26.78714]]]}}, {"id": "152481", "type": "Feature", "properties": {"id": "152481", "CVEGEO": "0500600010384015", "POBTOT": 34.0, "score_nse": 62.6573, "NSE": "C", "VIVTOT": 12.0, "GRAPROES": 10.53, "_ent": "05", "_mun": "006", "_loc": "0001"}, "geometry": {"type": "Polygon", "coordinates": [[[-101.43005, 26.78792], [-101.42956, 26.78779], [-101.42976, 26.78709], [-101.43033, 26.78722], [-101.43005, 26.78792]]]}}, {"id": "152482", "type": "Feature", "properties": {"id": "152482", "CVEGEO": "0500600010384014", "POBTOT": 84.0, "score_nse": 55.44, "NSE": "C", "VIVTOT": 30.0, "GRAPROES": 9.42, "_ent": "05", "_mun": "006", "_loc": "0001"}, "geometry": {"type": "Polygon", "coordinates": [[[-101.43146, 26.78747], [-101.43118, 26.78815], [-101.43012, 26.78793], [-101.43041, 26.78723], [-101.43146, 26.78747]]]}}, {"id": "152483", "type": "Feature", "properties": {"id": "152483", "CVEGEO": "0500600010384010", "POBTOT": 33.0, "score_nse": 58.0168, "NSE": "C", "VIVTOT": 19.0, "GRAPROES": 11.74, "_ent": "05", "_mun": "006", "_loc": "0001"}, "geometry": {"type": "Polygon", "coordinates": [[[-101.42828, 26.78751], [-101.42878, 26.78763], [-101.42849, 26.78878], [-101.42798, 26.78868], [-101.42828, 26.78751]]]}}, {"id": "152484", "type": "Feature", "properties": {"id": "152484", "CVEGEO": "0500600010384009", "POBTOT": 39.0, "score_nse": 56.74, "NSE": "C", "VIVTOT": 17.0, "GRAPROES": 10.47, "_ent": "05", "_mun": "006", "_loc": "0001"}, "geometry": {"type": "Polygon", "coordinates": [[[-101.42857, 26.78879], [-101.42886, 26.78765], [-101.42949, 26.7878], [-101.42917, 26.78891], [-101.42857, 26.78879]]]}}, {"id": "152485", "type": "Feature", "properties": {"id": "152485", "CVEGEO": "0500600010384008", "POBTOT": 35.0, "score_nse": 55.8179, "NSE": "C", "VIVTOT": 17.0, "GRAPROES": 10.14, "_ent": "05", "_mun": "006", "_loc": "0001"}, "geometry": {"type": "Polygon", "coordinates": [[[-101.42955, 26.78782], [-101.42998, 26.78793], [-101.42961, 26.78893], [-101.42925, 26.78886], [-101.42955, 26.78782]]]}}, {"id": "152486", "type": "Feature", "properties": {"id": "152486", "CVEGEO": "0500600010384007", "POBTOT": 95.0, "score_nse": 55.512, "NSE": "C", "VIVTOT": 30.0, "GRAPROES": 9.96, "_ent": "05", "_mun": "006", "_loc": "0001"}, "geometry": {"type": "Polygon", "coordinates": [[[-101.42966, 26.78895], [-101.43001, 26.78794], [-101.43108, 26.78819], [-101.43049, 26.78914], [-101.42966, 26.78895]]]}}, {"id": "152487", "type": "Feature", "properties": {"id": "152487", "CVEGEO": "0500600010384006", "POBTOT": 53.0, "score_nse": 64.294, "NSE": "C", "VIVTOT": 20.0, "GRAPROES": 10.33, "_ent": "05", "_mun": "006", "_loc": "0001"}, "geometry": {"type": "Polygon", "coordinates": [[[-101.42735, 26.78861], [-101.42705, 26.7897], [-101.42654, 26.78961], [-101.42685, 26.78851], [-101.42735, 26.78861]]]}}, {"id": "152488", "type": "Feature", "properties": {"id": "152488", "CVEGEO": "0500600010384005", "POBTOT": 31.0, "score_nse": 54.8021, "NSE": "C-", "VIVTOT": 23.0, "GRAPROES": 10.93, "_ent": "05", "_mun": "006", "_loc": "0001"}, "geometry": {"type": "Polygon", "coordinates": [[[-101.42742, 26.78862], [-101.42789, 26.78871], [-101.4276, 26.7898], [-101.42712, 26.78971], [-101.42742, 26.78862]]]}}, {"id": "152489", "type": "Feature", "properties": {"id": "152489", "CVEGEO": "0500600010384004", "POBTOT": 44.0, "score_nse": 56.4766, "NSE": "C", "VIVTOT": 26.0, "GRAPROES": 9.26, "_ent": "05", "_mun": "006", "_loc": "0001"}, "geometry": {"type": "Polygon", "coordinates": [[[-101.42848, 26.78882], [-101.42821, 26.7899], [-101.42767, 26.78981], [-101.42796, 26.78872], [-101.42848, 26.78882]]]}}, {"id": "152490", "type": "Feature", "properties": {"id": "152490", "CVEGEO": "0500600010384003", "POBTOT": 33.0, "score_nse": 66.0435, "NSE": "C", "VIVTOT": 17.0, "GRAPROES": 12.16, "_ent": "05", "_mun": "006", "_loc": "0001"}, "geometry": {"type": "Polygon", "coordinates": [[[-101.42829, 26.78992], [-101.42856, 26.78884], [-101.42916, 26.78895], [-101.42886, 26.79002], [-101.42829, 26.78992]]]}}, {"id": "152491", "type": "Feature", "properties": {"id": "152491", "CVEGEO": "0500600010793004", "POBTOT": 53.0, "score_nse": 64.6411, "NSE": "C", "VIVTOT": 14.0, "GRAPROES": 9.65, "_ent": "05", "_mun": "006", "_loc": "0001"}, "geometry": {"type": "Polygon", "coordinates": [[[-101.42857, 26.79953], [-101.42815, 26.79918], [-101.42863, 26.79837], [-101.429, 26.79878], [-101.42857, 26.79953]]]}}, {"id": "152492", "type": "Feature", "properties": {"id": "152492", "CVEGEO": "0500600010539025", "POBTOT": 18.0, "score_nse": 0.0, "NSE": "ND", "VIVTOT": 3.0, "GRAPROES": 7.75, "_ent": "05", "_mun": "006", "_loc": "0001"}, "geometry": {"type": "Polygon", "coordinates": [[[-101.40268, 26.78174], [-101.40307, 26.78147], [-101.4035, 26.78143], [-101.40482, 26.7818], [-101.40323, 26.78227], [-101.40265, 26.78261], [-101.40215, 26.78179], [-101.40268, 26.78174]]]}}, {"id": "152493", "type": "Feature", "properties": {"id": "152493", "CVEGEO": "0500600010539010", "POBTOT": 42.0, "score_nse": 0.0, "NSE": "ND", "VIVTOT": 16.0, "GRAPROES": 8.78, "_ent": "05", "_mun": "006", "_loc": "0001"}, "geometry": {"type": "Polygon", "coordinates": [[[-101.40531, 26.78498], [-101.40434, 26.78545], [-101.4038, 26.78455], [-101.40478, 26.78407], [-101.40531, 26.78498]]]}}, {"id": "152494", "type": "Feature", "properties": {"id": "152494", "CVEGEO": "0500600010539005", "POBTOT": 48.0, "score_nse": 0.0, "NSE": "ND", "VIVTOT": 18.0, "GRAPROES": 10.7, "_ent": "05", "_mun": "006", "_loc": "0001"}, "geometry": {"type": "Polygon", "coordinates": [[[-101.40437, 26.7855], [-101.40534, 26.78503], [-101.40588, 26.78591], [-101.4049, 26.78638], [-101.40437, 26.7855]]]}}, {"id": "152495", "type": "Feature", "properties": {"id": "152495", "CVEGEO": "0500600010524037", "POBTOT": 0.0, "score_nse": 0.0, "NSE": "ND", "VIVTOT": 0.0, "GRAPROES": 0.0, "_ent": "05", "_mun": "006", "_loc": "0001"}, "geometry": {"type": "Polygon", "coordinates": [[[-101.39632, 26.78335], [-101.39618, 26.78311], [-101.39709, 26.78306], [-101.39698, 26.7831], [-101.39632, 26.78335]]]}}, {"id": "152496", "type": "Feature", "properties": {"id": "152496", "CVEGEO": "0500600010524036", "POBTOT": 0.0, "score_nse": 0.0, "NSE": "ND", "VIVTOT": 0.0, "GRAPROES": 0.0, "_ent": "05", "_mun": "006", "_loc": "0001"}, "geometry": {"type": "Polygon", "coordinates": [[[-101.39636, 26.78342], [-101.39729, 26.78304], [-101.39767, 26.78368], [-101.39674, 26.78411], [-101.39636, 26.78342]]]}}, {"id": "152497", "type": "Feature", "properties": {"id": "152497", "CVEGEO": "0500600010524035", "POBTOT": 18.0, "score_nse": 0.0, "NSE": "ND", "VIVTOT": 6.0, "GRAPROES": 9.38, "_ent": "05", "_mun": "006", "_loc": "0001"}, "geometry": {"type": "Polygon", "coordinates": [[[-101.3978, 26.78359], [-101.39728, 26.78267], [-101.39819, 26.78221], [-101.39871, 26.78313], [-101.3978, 26.78359]]]}}, {"id": "152498", "type": "Feature", "properties": {"id": "152498", "CVEGEO": "0500600010524033", "POBTOT": 29.0, "score_nse": 0.0, "NSE": "ND", "VIVTOT": 14.0, "GRAPROES": 9.61, "_ent": "05", "_mun": "006", "_loc": "0001"}, "geometry": {"type": "Polygon", "coordinates": [[[-101.39944, 26.78406], [-101.39855, 26.78259], [-101.39949, 26.78219], [-101.40037, 26.78361], [-101.39944, 26.78406]]]}}, {"id": "152499", "type": "Feature", "properties": {"id": "152499", "CVEGEO": "0500600010524032", "POBTOT": 0.0, "score_nse": 0.0, "NSE": "ND", "VIVTOT": 0.0, "GRAPROES": 0.0, "_ent": "05", "_mun": "006", "_loc": "0001"}, "geometry": {"type": "Polygon", "coordinates": [[[-101.39617, 26.78341], [-101.39511, 26.78381], [-101.39469, 26.78306], [-101.39601, 26.78308], [-101.39617, 26.78341]]]}}, {"id": "152500", "type": "Feature", "properties": {"id": "152500", "CVEGEO": "0500600010524026", "POBTOT": 7.0, "score_nse": 0.0, "NSE": "ND", "VIVTOT": 2.0, "GRAPROES": 0.0, "_ent": "05", "_mun": "006", "_loc": "0001"}, "geometry": {"type": "Polygon", "coordinates": [[[-101.39716, 26.78514], [-101.39626, 26.78558], [-101.39515, 26.78389], [-101.3962, 26.78349], [-101.39716, 26.78514]]]}}, {"id": "152501", "type": "Feature", "properties": {"id": "152501", "CVEGEO": "0500600010524022", "POBTOT": 28.0, "score_nse": 0.0, "NSE": "ND", "VIVTOT": 6.0, "GRAPROES": 8.63, "_ent": "05", "_mun": "006", "_loc": "0001"}, "geometry": {"type": "Polygon", "coordinates": [[[-101.40144, 26.7831], [-101.40052, 26.78354], [-101.39966, 26.78213], [-101.40066, 26.78188], [-101.40144, 26.7831]]]}}, {"id": "152502", "type": "Feature", "properties": {"id": "152502", "CVEGEO": "0500600010524021", "POBTOT": 22.0, "score_nse": 0.0, "NSE": "ND", "VIVTOT": 7.0, "GRAPROES": 9.08, "_ent": "05", "_mun": "006", "_loc": "0001"}, "geometry": {"type": "Polygon", "coordinates": [[[-101.40209, 26.78179], [-101.40255, 26.78262], [-101.40159, 26.78309], [-101.40084, 26.78186], [-101.40209, 26.78179]]]}}, {"id": "152503", "type": "Feature", "properties": {"id": "152503", "CVEGEO": "0500600010524020", "POBTOT": 8.0, "score_nse": 0.0, "NSE": "ND", "VIVTOT": 5.0, "GRAPROES": 9.43, "_ent": "05", "_mun": "006", "_loc": "0001"}, "geometry": {"type": "Polygon", "coordinates": [[[-101.39774, 26.78606], [-101.39679, 26.78656], [-101.39633, 26.78571], [-101.39725, 26.78526], [-101.39774, 26.78606]]]}}, {"id": "152504", "type": "Feature", "properties": {"id": "152504", "CVEGEO": "0500600010524019", "POBTOT": 24.0, "score_nse": 0.0, "NSE": "ND", "VIVTOT": 7.0, "GRAPROES": 11.63, "_ent": "05", "_mun": "006", "_loc": "0001"}, "geometry": {"type": "Polygon", "coordinates": [[[-101.39738, 26.78519], [-101.39835, 26.78473], [-101.39883, 26.78557], [-101.39786, 26.78604], [-101.39738, 26.78519]]]}}, {"id": "152505", "type": "Feature", "properties": {"id": "152505", "CVEGEO": "0500600010524018", "POBTOT": 50.0, "score_nse": 59.5, "NSE": "C", "VIVTOT": 15.0, "GRAPROES": 9.92, "_ent": "05", "_mun": "006", "_loc": "0001"}, "geometry": {"type": "Polygon", "coordinates": [[[-101.39845, 26.78469], [-101.39939, 26.78423], [-101.3999, 26.78508], [-101.39897, 26.78552], [-101.39845, 26.78469]]]}}, {"id": "152506", "type": "Feature", "properties": {"id": "152506", "CVEGEO": "0500600010524017", "POBTOT": 82.0, "score_nse": 55.1771, "NSE": "C", "VIVTOT": 21.0, "GRAPROES": 9.48, "_ent": "05", "_mun": "006", "_loc": "0001"}, "geometry": {"type": "Polygon", "coordinates": [[[-101.39949, 26.78421], [-101.40049, 26.78373], [-101.401, 26.78458], [-101.40002, 26.78505], [-101.39949, 26.78421]]]}}, {"id": "152507", "type": "Feature", "properties": {"id": "152507", "CVEGEO": "0500600010524016", "POBTOT": 42.0, "score_nse": 49.66, "NSE": "C-", "VIVTOT": 15.0, "GRAPROES": 9.03, "_ent": "05", "_mun": "006", "_loc": "0001"}, "geometry": {"type": "Polygon", "coordinates": [[[-101.40062, 26.78377], [-101.40157, 26.78321], [-101.40208, 26.78407], [-101.40107, 26.78454], [-101.40062, 26.78377]]]}}, {"id": "152508", "type": "Feature", "properties": {"id": "152508", "CVEGEO": "0500600010524015", "POBTOT": 41.0, "score_nse": 0.0, "NSE": "ND", "VIVTOT": 13.0, "GRAPROES": 8.39, "_ent": "05", "_mun": "006", "_loc": "0001"}, "geometry": {"type": "Polygon", "coordinates": [[[-101.40216, 26.78403], [-101.40165, 26.78318], [-101.4026, 26.78272], [-101.40312, 26.78357], [-101.40216, 26.78403]]]}}, {"id": "152509", "type": "Feature", "properties": {"id": "152509", "CVEGEO": "0500600010524012", "POBTOT": 33.0, "score_nse": 0.0, "NSE": "ND", "VIVTOT": 13.0, "GRAPROES": 9.93, "_ent": "05", "_mun": "006", "_loc": "0001"}, "geometry": {"type": "Polygon", "coordinates": [[[-101.39956, 26.78654], [-101.399, 26.78561], [-101.39995, 26.78515], [-101.40054, 26.78607], [-101.39956, 26.78654]]]}}, {"id": "152510", "type": "Feature", "properties": {"id": "152510", "CVEGEO": "0500600010524011", "POBTOT": 50.0, "score_nse": 0.0, "NSE": "ND", "VIVTOT": 16.0, "GRAPROES": 9.36, "_ent": "05", "_mun": "006", "_loc": "0001"}, "geometry": {"type": "Polygon", "coordinates": [[[-101.40064, 26.78603], [-101.40004, 26.78509], [-101.40102, 26.78463], [-101.40159, 26.78557], [-101.40064, 26.78603]]]}}, {"id": "152511", "type": "Feature", "properties": {"id": "152511", "CVEGEO": "0500600010524010", "POBTOT": 20.0, "score_nse": 0.0, "NSE": "ND", "VIVTOT": 8.0, "GRAPROES": 9.19, "_ent": "05", "_mun": "006", "_loc": "0001"}, "geometry": {"type": "Polygon", "coordinates": [[[-101.4011, 26.78459], [-101.40211, 26.78411], [-101.40267, 26.78505], [-101.40166, 26.78554], [-101.4011, 26.78459]]]}}, {"id": "152512", "type": "Feature", "properties": {"id": "152512", "CVEGEO": "0500600010524009", "POBTOT": 17.0, "score_nse": 0.0, "NSE": "ND", "VIVTOT": 6.0, "GRAPROES": 8.14, "_ent": "05", "_mun": "006", "_loc": "0001"}, "geometry": {"type": "Polygon", "coordinates": [[[-101.40219, 26.78408], [-101.40315, 26.78362], [-101.40371, 26.78454], [-101.40275, 26.78501], [-101.40219, 26.78408]]]}}, {"id": "152513", "type": "Feature", "properties": {"id": "152513", "CVEGEO": "0500600010524008", "POBTOT": 11.0, "score_nse": 0.0, "NSE": "ND", "VIVTOT": 8.0, "GRAPROES": 7.78, "_ent": "05", "_mun": "006", "_loc": "0001"}, "geometry": {"type": "Polygon", "coordinates": [[[-101.39686, 26.78668], [-101.39782, 26.78621], [-101.39891, 26.788], [-101.3988, 26.78811], [-101.39708, 26.78715], [-101.39686, 26.78668]]]}}, {"id": "152514", "type": "Feature", "properties": {"id": "152514", "CVEGEO": "0500600010524007", "POBTOT": 45.0, "score_nse": 47.2108, "NSE": "C-", "VIVTOT": 13.0, "GRAPROES": 8.24, "_ent": "05", "_mun": "006", "_loc": "0001"}, "geometry": {"type": "Polygon", "coordinates": [[[-101.39904, 26.78794], [-101.39857, 26.78714], [-101.39947, 26.78668], [-101.39997, 26.78749], [-101.39904, 26.78794]]]}}, {"id": "152515", "type": "Feature", "properties": {"id": "152515", "CVEGEO": "0500600010524006", "POBTOT": 60.0, "score_nse": 56.0925, "NSE": "C", "VIVTOT": 16.0, "GRAPROES": 9.44, "_ent": "05", "_mun": "006", "_loc": "0001"}, "geometry": {"type": "Polygon", "coordinates": [[[-101.39962, 26.78659], [-101.40056, 26.78613], [-101.4011, 26.78699], [-101.40013, 26.78744], [-101.39962, 26.78659]]]}}, {"id": "152516", "type": "Feature", "properties": {"id": "152516", "CVEGEO": "0500600010524002", "POBTOT": 52.0, "score_nse": 0.0, "NSE": "ND", "VIVTOT": 18.0, "GRAPROES": 11.03, "_ent": "05", "_mun": "006", "_loc": "0001"}, "geometry": {"type": "Polygon", "coordinates": [[[-101.40224, 26.78652], [-101.40326, 26.78603], [-101.40379, 26.78691], [-101.40277, 26.78741], [-101.40224, 26.78652]]]}}, {"id": "152517", "type": "Feature", "properties": {"id": "152517", "CVEGEO": "0500600010524001", "POBTOT": 36.0, "score_nse": 0.0, "NSE": "ND", "VIVTOT": 11.0, "GRAPROES": 10.54, "_ent": "05", "_mun": "006", "_loc": "0001"}, "geometry": {"type": "Polygon", "coordinates": [[[-101.40333, 26.78599], [-101.4043, 26.78553], [-101.40483, 26.78641], [-101.40386, 26.78688], [-101.40333, 26.78599]]]}}, {"id": "152518", "type": "Feature", "properties": {"id": "152518", "CVEGEO": "0500600010384001", "POBTOT": 39.0, "score_nse": 0.0, "NSE": "ND", "VIVTOT": 16.0, "GRAPROES": 9.45, "_ent": "05", "_mun": "006", "_loc": "0001"}, "geometry": {"type": "Polygon", "coordinates": [[[-101.42873, 26.79078], [-101.42919, 26.79016], [-101.42967, 26.78905], [-101.43057, 26.78929], [-101.42912, 26.79102], [-101.42873, 26.79078]]]}}, {"id": "152519", "type": "Feature", "properties": {"id": "152519", "CVEGEO": "050060001037A029", "POBTOT": 29.0, "score_nse": 0.0, "NSE": "ND", "VIVTOT": 12.0, "GRAPROES": 8.0, "_ent": "05", "_mun": "006", "_loc": "0001"}, "geometry": {"type": "Polygon", "coordinates": [[[-101.43584, 26.78652], [-101.43635, 26.78663], [-101.43609, 26.78757], [-101.43557, 26.78748], [-101.43584, 26.78652]]]}}, {"id": "152520", "type": "Feature", "properties": {"id": "152520", "CVEGEO": "050060001037A027", "POBTOT": 92.0, "score_nse": 60.8365, "NSE": "C", "VIVTOT": 32.0, "GRAPROES": 10.42, "_ent": "05", "_mun": "006", "_loc": "0001"}, "geometry": {"type": "Polygon", "coordinates": [[[-101.43445, 26.78944], [-101.4347, 26.78852], [-101.43577, 26.78873], [-101.43552, 26.78967], [-101.43445, 26.78944]]]}}, {"id": "152521", "type": "Feature", "properties": {"id": "152521", "CVEGEO": "050060001037A026", "POBTOT": 73.0, "score_nse": 62.7297, "NSE": "C", "VIVTOT": 24.0, "GRAPROES": 10.04, "_ent": "05", "_mun": "006", "_loc": "0001"}, "geometry": {"type": "Polygon", "coordinates": [[[-101.43414, 26.79053], [-101.43442, 26.78953], [-101.43548, 26.7898], [-101.43522, 26.79076], [-101.43414, 26.79053]]]}}, {"id": "152522", "type": "Feature", "properties": {"id": "152522", "CVEGEO": "050060001037A025", "POBTOT": 56.0, "score_nse": 56.6954, "NSE": "C", "VIVTOT": 19.0, "GRAPROES": 9.62, "_ent": "05", "_mun": "006", "_loc": "0001"}, "geometry": {"type": "Polygon", "coordinates": [[[-101.43393, 26.78607], [-101.43419, 26.78502], [-101.43509, 26.78522], [-101.43483, 26.78626], [-101.43393, 26.78607]]]}}, {"id": "152523", "type": "Feature", "properties": {"id": "152523", "CVEGEO": "050060001037A024", "POBTOT": 84.0, "score_nse": 0.0, "NSE": "ND", "VIVTOT": 29.0, "GRAPROES": 10.42, "_ent": "05", "_mun": "006", "_loc": "0001"}, "geometry": {"type": "Polygon", "coordinates": [[[-101.43521, 26.78525], [-101.43665, 26.78555], [-101.43638, 26.78654], [-101.43495, 26.78628], [-101.43521, 26.78525]]]}}, {"id": "152524", "type": "Feature", "properties": {"id": "152524", "CVEGEO": "050060001037A023", "POBTOT": 63.0, "score_nse": 61.5186, "NSE": "C", "VIVTOT": 23.0, "GRAPROES": 10.44, "_ent": "05", "_mun": "006", "_loc": "0001"}, "geometry": {"type": "Polygon", "coordinates": [[[-101.43645, 26.78657], [-101.43672, 26.78557], [-101.43781, 26.78581], [-101.43755, 26.7868], [-101.43645, 26.78657]]]}}, {"id": "152525", "type": "Feature", "properties": {"id": "152525", "CVEGEO": "050060001037A022", "POBTOT": 64.0, "score_nse": 68.5324, "NSE": "C", "VIVTOT": 21.0, "GRAPROES": 10.43, "_ent": "05", "_mun": "006", "_loc": "0001"}, "geometry": {"type": "Polygon", "coordinates": [[[-101.43871, 26.78704], [-101.43765, 26.78682], [-101.43791, 26.78583], [-101.43901, 26.78605], [-101.43871, 26.78704]]]}}, {"id": "152526", "type": "Feature", "properties": {"id": "152526", "CVEGEO": "050060001037A016", "POBTOT": 61.0, "score_nse": 62.5533, "NSE": "C", "VIVTOT": 24.0, "GRAPROES": 9.69, "_ent": "05", "_mun": "006", "_loc": "0001"}, "geometry": {"type": "Polygon", "coordinates": [[[-101.43618, 26.78759], [-101.43643, 26.78665], [-101.43753, 26.78688], [-101.43729, 26.78784], [-101.43618, 26.78759]]]}}, {"id": "152527", "type": "Feature", "properties": {"id": "152527", "CVEGEO": "050060001037A015", "POBTOT": 36.0, "score_nse": 73.8467, "NSE": "C+", "VIVTOT": 15.0, "GRAPROES": 11.17, "_ent": "05", "_mun": "006", "_loc": "0001"}, "geometry": {"type": "Polygon", "coordinates": [[[-101.43738, 26.78787], [-101.43763, 26.7869], [-101.43869, 26.78712], [-101.43842, 26.7881], [-101.43738, 26.78787]]]}}, {"id": "152528", "type": "Feature", "properties": {"id": "152528", "CVEGEO": "050060001037A014", "POBTOT": 54.0, "score_nse": 64.2343, "NSE": "C", "VIVTOT": 21.0, "GRAPROES": 9.86, "_ent": "05", "_mun": "006", "_loc": "0001"}, "geometry": {"type": "Polygon", "coordinates": [[[-101.43855, 26.78813], [-101.43881, 26.78715], [-101.43989, 26.78738], [-101.43965, 26.78838], [-101.43855, 26.78813]]]}}, {"id": "152529", "type": "Feature", "properties": {"id": "152529", "CVEGEO": "050060001037A013", "POBTOT": 71.0, "score_nse": 0.0, "NSE": "ND", "VIVTOT": 21.0, "GRAPROES": 10.53, "_ent": "05", "_mun": "006", "_loc": "0001"}, "geometry": {"type": "Polygon", "coordinates": [[[-101.43589, 26.78865], [-101.43614, 26.78772], [-101.43725, 26.78797], [-101.43699, 26.7889], [-101.43589, 26.78865]]]}}, {"id": "152530", "type": "Feature", "properties": {"id": "152530", "CVEGEO": "050060001037A012", "POBTOT": 82.0, "score_nse": 71.4655, "NSE": "C+", "VIVTOT": 22.0, "GRAPROES": 11.78, "_ent": "05", "_mun": "006", "_loc": "0001"}, "geometry": {"type": "Polygon", "coordinates": [[[-101.43814, 26.78915], [-101.43708, 26.78892], [-101.43734, 26.78799], [-101.43839, 26.78823], [-101.43814, 26.78915]]]}}, {"id": "152531", "type": "Feature", "properties": {"id": "152531", "CVEGEO": "050060001037A011", "POBTOT": 83.0, "score_nse": 53.6167, "NSE": "C-", "VIVTOT": 27.0, "GRAPROES": 9.16, "_ent": "05", "_mun": "006", "_loc": "0001"}, "geometry": {"type": "Polygon", "coordinates": [[[-101.43937, 26.78943], [-101.43826, 26.78918], [-101.43851, 26.78826], [-101.43964, 26.78851], [-101.43937, 26.78943]]]}}, {"id": "152532", "type": "Feature", "properties": {"id": "152532", "CVEGEO": "050060001037A010", "POBTOT": 27.0, "score_nse": 62.5933, "NSE": "C", "VIVTOT": 15.0, "GRAPROES": 10.88, "_ent": "05", "_mun": "006", "_loc": "0001"}, "geometry": {"type": "Polygon", "coordinates": [[[-101.43492, 26.78771], [-101.43606, 26.7877], [-101.4358, 26.78863], [-101.43473, 26.78841], [-101.43492, 26.78771]]]}}, {"id": "152533", "type": "Feature", "properties": {"id": "152533", "CVEGEO": "050060001037A007", "POBTOT": 66.0, "score_nse": 60.3353, "NSE": "C", "VIVTOT": 22.0, "GRAPROES": 9.83, "_ent": "05", "_mun": "006", "_loc": "0001"}, "geometry": {"type": "Polygon", "coordinates": [[[-101.43798, 26.79021], [-101.43823, 26.78928], [-101.43934, 26.78953], [-101.43906, 26.79045], [-101.43798, 26.79021]]]}}, {"id": "152534", "type": "Feature", "properties": {"id": "152534", "CVEGEO": "050060001037A006", "POBTOT": 67.0, "score_nse": 58.0397, "NSE": "C", "VIVTOT": 24.0, "GRAPROES": 9.83, "_ent": "05", "_mun": "006", "_loc": "0001"}, "geometry": {"type": "Polygon", "coordinates": [[[-101.43532, 26.79078], [-101.43558, 26.78982], [-101.43669, 26.79006], [-101.43644, 26.79099], [-101.43532, 26.79078]]]}}, {"id": "152535", "type": "Feature", "properties": {"id": "152535", "CVEGEO": "050060001037A005", "POBTOT": 83.0, "score_nse": 57.7091, "NSE": "C", "VIVTOT": 28.0, "GRAPROES": 9.59, "_ent": "05", "_mun": "006", "_loc": "0001"}, "geometry": {"type": "Polygon", "coordinates": [[[-101.43654, 26.79095], [-101.43678, 26.79008], [-101.43782, 26.79031], [-101.43753, 26.79124], [-101.43654, 26.79095]]]}}, {"id": "152536", "type": "Feature", "properties": {"id": "152536", "CVEGEO": "050060001037A004", "POBTOT": 47.0, "score_nse": 60.8714, "NSE": "C", "VIVTOT": 19.0, "GRAPROES": 9.05, "_ent": "05", "_mun": "006", "_loc": "0001"}, "geometry": {"type": "Polygon", "coordinates": [[[-101.43765, 26.79127], [-101.43794, 26.79034], [-101.43902, 26.79058], [-101.43876, 26.79154], [-101.43765, 26.79127]]]}}, {"id": "152537", "type": "Feature", "properties": {"id": "152537", "CVEGEO": "050060001037A002", "POBTOT": 43.0, "score_nse": 70.3227, "NSE": "C+", "VIVTOT": 15.0, "GRAPROES": 11.09, "_ent": "05", "_mun": "006", "_loc": "0001"}, "geometry": {"type": "Polygon", "coordinates": [[[-101.43386, 26.79156], [-101.43412, 26.7906], [-101.43519, 26.79086], [-101.43493, 26.79181], [-101.43386, 26.79156]]]}}, {"id": "152538", "type": "Feature", "properties": {"id": "152538", "CVEGEO": "050060001037A001", "POBTOT": 75.0, "score_nse": 61.3074, "NSE": "C", "VIVTOT": 28.0, "GRAPROES": 10.52, "_ent": "05", "_mun": "006", "_loc": "0001"}, "geometry": {"type": "Polygon", "coordinates": [[[-101.43503, 26.79183], [-101.43529, 26.79088], [-101.43641, 26.7911], [-101.43615, 26.79209], [-101.43503, 26.79183]]]}}, {"id": "152539", "type": "Feature", "properties": {"id": "152539", "CVEGEO": "0500600010365034", "POBTOT": 56.0, "score_nse": 64.4618, "NSE": "C", "VIVTOT": 18.0, "GRAPROES": 10.25, "_ent": "05", "_mun": "006", "_loc": "0001"}, "geometry": {"type": "Polygon", "coordinates": [[[-101.43272, 26.7957], [-101.43298, 26.79483], [-101.434, 26.79505], [-101.43373, 26.79595], [-101.43272, 26.7957]]]}}, {"id": "152540", "type": "Feature", "properties": {"id": "152540", "CVEGEO": "0500600010365033", "POBTOT": 48.0, "score_nse": 55.7644, "NSE": "C", "VIVTOT": 18.0, "GRAPROES": 10.46, "_ent": "05", "_mun": "006", "_loc": "0001"}, "geometry": {"type": "Polygon", "coordinates": [[[-101.43507, 26.79624], [-101.43532, 26.79536], [-101.43637, 26.79558], [-101.4361, 26.7965], [-101.43507, 26.79624]]]}}, {"id": "152541", "type": "Feature", "properties": {"id": "152541", "CVEGEO": "0500600010365030", "POBTOT": 49.0, "score_nse": 0.0, "NSE": "ND", "VIVTOT": 17.0, "GRAPROES": 9.38, "_ent": "05", "_mun": "006", "_loc": "0001"}, "geometry": {"type": "Polygon", "coordinates": [[[-101.43697, 26.79777], [-101.43592, 26.79756], [-101.43618, 26.79664], [-101.43719, 26.79687], [-101.43697, 26.79777]]]}}, {"id": "152542", "type": "Feature", "properties": {"id": "152542", "CVEGEO": "0500600010365029", "POBTOT": 22.0, "score_nse": 0.0, "NSE": "ND", "VIVTOT": 9.0, "GRAPROES": 9.46, "_ent": "05", "_mun": "006", "_loc": "0001"}, "geometry": {"type": "Polygon", "coordinates": [[[-101.43447, 26.79782], [-101.43366, 26.79739], [-101.43346, 26.79727], [-101.43358, 26.7971], [-101.43458, 26.79739], [-101.43447, 26.79782]]]}}, {"id": "152543", "type": "Feature", "properties": {"id": "152543", "CVEGEO": "0500600010365028", "POBTOT": 6.0, "score_nse": 0.0, "NSE": "ND", "VIVTOT": 3.0, "GRAPROES": 0.0, "_ent": "05", "_mun": "006", "_loc": "0001"}, "geometry": {"type": "Polygon", "coordinates": [[[-101.43144, 26.7955], [-101.43252, 26.79581], [-101.43241, 26.79618], [-101.43144, 26.7955]]]}}, {"id": "152544", "type": "Feature", "properties": {"id": "152544", "CVEGEO": "0500600010365027", "POBTOT": 34.0, "score_nse": 0.0, "NSE": "ND", "VIVTOT": 11.0, "GRAPROES": 10.37, "_ent": "05", "_mun": "006", "_loc": "0001"}, "geometry": {"type": "Polygon", "coordinates": [[[-101.43347, 26.79677], [-101.43254, 26.79629], [-101.43268, 26.79583], [-101.43368, 26.79605], [-101.43347, 26.79677]]]}}, {"id": "152545", "type": "Feature", "properties": {"id": "152545", "CVEGEO": "0500600010365025", "POBTOT": 36.0, "score_nse": 63.5467, "NSE": "C", "VIVTOT": 12.0, "GRAPROES": 11.24, "_ent": "05", "_mun": "006", "_loc": "0001"}, "geometry": {"type": "Polygon", "coordinates": [[[-101.43624, 26.79211], [-101.4365, 26.79112], [-101.4375, 26.79135], [-101.43723, 26.79232], [-101.43624, 26.79211]]]}}, {"id": "152546", "type": "Feature", "properties": {"id": "152546", "CVEGEO": "0500600010365024", "POBTOT": 74.0, "score_nse": 58.0494, "NSE": "C", "VIVTOT": 23.0, "GRAPROES": 9.62, "_ent": "05", "_mun": "006", "_loc": "0001"}, "geometry": {"type": "Polygon", "coordinates": [[[-101.43735, 26.79235], [-101.43762, 26.79137], [-101.43873, 26.79164], [-101.43845, 26.7926], [-101.43735, 26.79235]]]}}, {"id": "152547", "type": "Feature", "properties": {"id": "152547", "CVEGEO": "0500600010365023", "POBTOT": 45.0, "score_nse": 0.0, "NSE": "ND", "VIVTOT": 16.0, "GRAPROES": 9.48, "_ent": "05", "_mun": "006", "_loc": "0001"}, "geometry": {"type": "Polygon", "coordinates": [[[-101.43215, 26.79225], [-101.4329, 26.7914], [-101.43375, 26.7916], [-101.43348, 26.79257], [-101.43215, 26.79225]]]}}, {"id": "152548", "type": "Feature", "properties": {"id": "152548", "CVEGEO": "0500600010365022", "POBTOT": 62.0, "score_nse": 61.2676, "NSE": "C", "VIVTOT": 21.0, "GRAPROES": 9.23, "_ent": "05", "_mun": "006", "_loc": "0001"}, "geometry": {"type": "Polygon", "coordinates": [[[-101.43465, 26.79284], [-101.43357, 26.79259], [-101.43384, 26.79162], [-101.43491, 26.79189], [-101.43465, 26.79284]]]}}, {"id": "152549", "type": "Feature", "properties": {"id": "152549", "CVEGEO": "0500600010365019", "POBTOT": 39.0, "score_nse": 0.0, "NSE": "ND", "VIVTOT": 14.0, "GRAPROES": 9.28, "_ent": "05", "_mun": "006", "_loc": "0001"}, "geometry": {"type": "Polygon", "coordinates": [[[-101.43709, 26.79341], [-101.43733, 26.79244], [-101.43842, 26.7927], [-101.43813, 26.79367], [-101.43709, 26.79341]]]}}, {"id": "152550", "type": "Feature", "properties": {"id": "152550", "CVEGEO": "0500600010365018", "POBTOT": 83.0, "score_nse": 59.7734, "NSE": "C", "VIVTOT": 31.0, "GRAPROES": 9.77, "_ent": "05", "_mun": "006", "_loc": "0001"}, "geometry": {"type": "Polygon", "coordinates": [[[-101.43319, 26.7936], [-101.43276, 26.7935], [-101.43133, 26.79317], [-101.43211, 26.79229], [-101.43347, 26.79262], [-101.43319, 26.7936]]]}}, {"id": "152551", "type": "Feature", "properties": {"id": "152551", "CVEGEO": "0500600010365017", "POBTOT": 27.0, "score_nse": 44.9533, "NSE": "C-", "VIVTOT": 18.0, "GRAPROES": 7.55, "_ent": "05", "_mun": "006", "_loc": "0001"}, "geometry": {"type": "Polygon", "coordinates": [[[-101.43328, 26.79362], [-101.43355, 26.79264], [-101.43463, 26.79291], [-101.43436, 26.79386], [-101.43328, 26.79362]]]}}, {"id": "152552", "type": "Feature", "properties": {"id": "152552", "CVEGEO": "0500600010365015", "POBTOT": 57.0, "score_nse": 67.1725, "NSE": "C", "VIVTOT": 16.0, "GRAPROES": 10.94, "_ent": "05", "_mun": "006", "_loc": "0001"}, "geometry": {"type": "Polygon", "coordinates": [[[-101.43668, 26.7944], [-101.43568, 26.79419], [-101.43594, 26.79324], [-101.43693, 26.79346], [-101.43668, 26.7944]]]}}, {"id": "152553", "type": "Feature", "properties": {"id": "152553", "CVEGEO": "0500600010365014", "POBTOT": 58.0, "score_nse": 57.5899, "NSE": "C", "VIVTOT": 19.0, "GRAPROES": 9.86, "_ent": "05", "_mun": "006", "_loc": "0001"}, "geometry": {"type": "Polygon", "coordinates": [[[-101.43681, 26.79443], [-101.43706, 26.79349], [-101.43811, 26.79373], [-101.43785, 26.79466], [-101.43681, 26.79443]]]}}, {"id": "152554", "type": "Feature", "properties": {"id": "152554", "CVEGEO": "0500600010365013", "POBTOT": 85.0, "score_nse": 64.3333, "NSE": "C", "VIVTOT": 30.0, "GRAPROES": 11.64, "_ent": "05", "_mun": "006", "_loc": "0001"}, "geometry": {"type": "Polygon", "coordinates": [[[-101.4329, 26.79467], [-101.43059, 26.79414], [-101.43128, 26.79327], [-101.43315, 26.79373], [-101.4329, 26.79467]]]}}, {"id": "152555", "type": "Feature", "properties": {"id": "152555", "CVEGEO": "0500600010365010", "POBTOT": 59.0, "score_nse": 67.9842, "NSE": "C", "VIVTOT": 17.0, "GRAPROES": 10.54, "_ent": "05", "_mun": "006", "_loc": "0001"}, "geometry": {"type": "Polygon", "coordinates": [[[-101.43537, 26.79525], [-101.43566, 26.7943], [-101.43663, 26.79452], [-101.43637, 26.79545], [-101.43537, 26.79525]]]}}, {"id": "152556", "type": "Feature", "properties": {"id": "152556", "CVEGEO": "0500600010365009", "POBTOT": 63.0, "score_nse": 69.0671, "NSE": "C", "VIVTOT": 18.0, "GRAPROES": 10.72, "_ent": "05", "_mun": "006", "_loc": "0001"}, "geometry": {"type": "Polygon", "coordinates": [[[-101.43652, 26.7955], [-101.43677, 26.79454], [-101.43781, 26.79476], [-101.43751, 26.79574], [-101.43652, 26.7955]]]}}, {"id": "152557", "type": "Feature", "properties": {"id": "152557", "CVEGEO": "0500600010365007", "POBTOT": 77.0, "score_nse": 53.4639, "NSE": "C-", "VIVTOT": 27.0, "GRAPROES": 9.04, "_ent": "05", "_mun": "006", "_loc": "0001"}, "geometry": {"type": "Polygon", "coordinates": [[[-101.43255, 26.79568], [-101.42993, 26.79482], [-101.43053, 26.79422], [-101.43124, 26.79439], [-101.43128, 26.79474], [-101.4314, 26.79442], [-101.43281, 26.79476], [-101.43255, 26.79568]]]}}, {"id": "152558", "type": "Feature", "properties": {"id": "152558", "CVEGEO": "0500600010365005", "POBTOT": 58.0, "score_nse": 63.444, "NSE": "C", "VIVTOT": 15.0, "GRAPROES": 10.15, "_ent": "05", "_mun": "006", "_loc": "0001"}, "geometry": {"type": "Polygon", "coordinates": [[[-101.43494, 26.79623], [-101.43388, 26.79598], [-101.43414, 26.79507], [-101.43521, 26.79534], [-101.43494, 26.79623]]]}}, {"id": "152559", "type": "Feature", "properties": {"id": "152559", "CVEGEO": "0500600010365004", "POBTOT": 71.0, "score_nse": 0.0, "NSE": "ND", "VIVTOT": 20.0, "GRAPROES": 8.94, "_ent": "05", "_mun": "006", "_loc": "0001"}, "geometry": {"type": "Polygon", "coordinates": [[[-101.43722, 26.79675], [-101.43622, 26.79652], [-101.43649, 26.79562], [-101.43747, 26.79587], [-101.43722, 26.79675]]]}}, {"id": "152560", "type": "Feature", "properties": {"id": "152560", "CVEGEO": "0500600010365001", "POBTOT": 18.0, "score_nse": 0.0, "NSE": "ND", "VIVTOT": 8.0, "GRAPROES": 10.13, "_ent": "05", "_mun": "006", "_loc": "0001"}, "geometry": {"type": "Polygon", "coordinates": [[[-101.43675, 26.79888], [-101.43568, 26.79848], [-101.43589, 26.79768], [-101.43696, 26.79792], [-101.43675, 26.79888]]]}}, {"id": "152561", "type": "Feature", "properties": {"id": "152561", "CVEGEO": "0500600010350043", "POBTOT": 59.0, "score_nse": 71.868, "NSE": "C+", "VIVTOT": 18.0, "GRAPROES": 10.84, "_ent": "05", "_mun": "006", "_loc": "0001"}, "geometry": {"type": "Polygon", "coordinates": [[[-101.42578, 26.79486], [-101.42382, 26.79721], [-101.42336, 26.79702], [-101.42528, 26.79455], [-101.42578, 26.79486]]]}}, {"id": "152562", "type": "Feature", "properties": {"id": "152562", "CVEGEO": "0500600010350042", "POBTOT": 15.0, "score_nse": 0.0, "NSE": "ND", "VIVTOT": 4.0, "GRAPROES": 10.4, "_ent": "05", "_mun": "006", "_loc": "0001"}, "geometry": {"type": "Polygon", "coordinates": [[[-101.42132, 26.79775], [-101.42156, 26.79683], [-101.42186, 26.79787], [-101.42132, 26.79775]]]}}, {"id": "152563", "type": "Feature", "properties": {"id": "152563", "CVEGEO": "0500600010350041", "POBTOT": 50.0, "score_nse": 0.0, "NSE": "ND", "VIVTOT": 13.0, "GRAPROES": 10.94, "_ent": "05", "_mun": "006", "_loc": "0001"}, "geometry": {"type": "Polygon", "coordinates": [[[-101.42104, 26.79882], [-101.4213, 26.7978], [-101.42188, 26.79793], [-101.42209, 26.79905], [-101.42104, 26.79882]]]}}, {"id": "152564", "type": "Feature", "properties": {"id": "152564", "CVEGEO": "0500600010350031", "POBTOT": 7.0, "score_nse": 0.0, "NSE": "ND", "VIVTOT": 2.0, "GRAPROES": 0.0, "_ent": "05", "_mun": "006", "_loc": "0001"}, "geometry": {"type": "Polygon", "coordinates": [[[-101.4258, 26.79359], [-101.42526, 26.79429], [-101.42541, 26.79375], [-101.4258, 26.79359]]]}}, {"id": "152565", "type": "Feature", "properties": {"id": "152565", "CVEGEO": "0500600010350030", "POBTOT": 55.0, "score_nse": 74.1909, "NSE": "C+", "VIVTOT": 14.0, "GRAPROES": 11.12, "_ent": "05", "_mun": "006", "_loc": "0001"}, "geometry": {"type": "Polygon", "coordinates": [[[-101.41778, 26.7964], [-101.41791, 26.79587], [-101.41914, 26.79605], [-101.41898, 26.79669], [-101.41778, 26.7964]]]}}, {"id": "152566", "type": "Feature", "properties": {"id": "152566", "CVEGEO": "0500600010350025", "POBTOT": 24.0, "score_nse": 55.8782, "NSE": "C", "VIVTOT": 11.0, "GRAPROES": 9.83, "_ent": "05", "_mun": "006", "_loc": "0001"}, "geometry": {"type": "Polygon", "coordinates": [[[-101.42829, 26.78995], [-101.42885, 26.79005], [-101.42862, 26.79058], [-101.42795, 26.7913], [-101.42829, 26.78995]]]}}, {"id": "152567", "type": "Feature", "properties": {"id": "152567", "CVEGEO": "0500600010350024", "POBTOT": 47.0, "score_nse": 0.0, "NSE": "ND", "VIVTOT": 18.0, "GRAPROES": 9.68, "_ent": "05", "_mun": "006", "_loc": "0001"}, "geometry": {"type": "Polygon", "coordinates": [[[-101.42659, 26.79141], [-101.42609, 26.79126], [-101.42653, 26.78965], [-101.42704, 26.78974], [-101.42659, 26.79141]]]}}, {"id": "152568", "type": "Feature", "properties": {"id": "152568", "CVEGEO": "0500600010350023", "POBTOT": 48.0, "score_nse": 0.0, "NSE": "ND", "VIVTOT": 25.0, "GRAPROES": 9.98, "_ent": "05", "_mun": "006", "_loc": "0001"}, "geometry": {"type": "Polygon", "coordinates": [[[-101.42665, 26.79142], [-101.42711, 26.78975], [-101.42759, 26.78983], [-101.42713, 26.79156], [-101.42665, 26.79142]]]}}, {"id": "152569", "type": "Feature", "properties": {"id": "152569", "CVEGEO": "0500600010350020", "POBTOT": 53.0, "score_nse": 57.4037, "NSE": "C", "VIVTOT": 24.0, "GRAPROES": 10.43, "_ent": "05", "_mun": "006", "_loc": "0001"}, "geometry": {"type": "Polygon", "coordinates": [[[-101.42709, 26.79169], [-101.42686, 26.79241], [-101.4262, 26.79309], [-101.42664, 26.79146], [-101.42709, 26.79169]]]}}, {"id": "152570", "type": "Feature", "properties": {"id": "152570", "CVEGEO": "0500600010350019", "POBTOT": 64.0, "score_nse": 58.8096, "NSE": "C", "VIVTOT": 23.0, "GRAPROES": 10.11, "_ent": "05", "_mun": "006", "_loc": "0001"}, "geometry": {"type": "Polygon", "coordinates": [[[-101.42546, 26.79367], [-101.42608, 26.7913], [-101.42658, 26.79145], [-101.426, 26.79335], [-101.42546, 26.79367]]]}}, {"id": "152571", "type": "Feature", "properties": {"id": "152571", "CVEGEO": "0500600010350016", "POBTOT": 37.0, "score_nse": 0.0, "NSE": "ND", "VIVTOT": 15.0, "GRAPROES": 8.39, "_ent": "05", "_mun": "006", "_loc": "0001"}, "geometry": {"type": "Polygon", "coordinates": [[[-101.42186, 26.79519], [-101.42336, 26.79458], [-101.42253, 26.7957], [-101.42195, 26.79548], [-101.42186, 26.79519]]]}}, {"id": "152572", "type": "Feature", "properties": {"id": "152572", "CVEGEO": "0500600010350015", "POBTOT": 108.0, "score_nse": 70.059, "NSE": "C+", "VIVTOT": 40.0, "GRAPROES": 11.36, "_ent": "05", "_mun": "006", "_loc": "0001"}, "geometry": {"type": "Polygon", "coordinates": [[[-101.42382, 26.79611], [-101.4226, 26.79572], [-101.42351, 26.79449], [-101.42529, 26.7938], [-101.42507, 26.79444], [-101.42382, 26.79611]]]}}, {"id": "152573", "type": "Feature", "properties": {"id": "152573", "CVEGEO": "0500600010350014", "POBTOT": 27.0, "score_nse": 0.0, "NSE": "ND", "VIVTOT": 6.0, "GRAPROES": 10.69, "_ent": "05", "_mun": "006", "_loc": "0001"}, "geometry": {"type": "Polygon", "coordinates": [[[-101.41939, 26.79553], [-101.4206, 26.79546], [-101.42043, 26.79611], [-101.41928, 26.79596], [-101.41939, 26.79553]]]}}, {"id": "152574", "type": "Feature", "properties": {"id": "152574", "CVEGEO": "0500600010350013", "POBTOT": 24.0, "score_nse": 66.208, "NSE": "C", "VIVTOT": 8.0, "GRAPROES": 10.79, "_ent": "05", "_mun": "006", "_loc": "0001"}, "geometry": {"type": "Polygon", "coordinates": [[[-101.42172, 26.79539], [-101.42219, 26.79667], [-101.42153, 26.79647], [-101.42117, 26.79543], [-101.42172, 26.79539]]]}}, {"id": "152575", "type": "Feature", "properties": {"id": "152575", "CVEGEO": "0500600010350012", "POBTOT": 0.0, "score_nse": 0.0, "NSE": "ND", "VIVTOT": 0.0, "GRAPROES": 0.0, "_ent": "05", "_mun": "006", "_loc": "0001"}, "geometry": {"type": "Polygon", "coordinates": [[[-101.42248, 26.79576], [-101.42218, 26.79616], [-101.42199, 26.79557], [-101.42248, 26.79576]]]}}, {"id": "152576", "type": "Feature", "properties": {"id": "152576", "CVEGEO": "0500600010350008", "POBTOT": 79.0, "score_nse": 64.084, "NSE": "C", "VIVTOT": 25.0, "GRAPROES": 9.78, "_ent": "05", "_mun": "006", "_loc": "0001"}, "geometry": {"type": "Polygon", "coordinates": [[[-101.42122, 26.79772], [-101.42016, 26.79748], [-101.42048, 26.79626], [-101.42152, 26.79657], [-101.42122, 26.79772]]]}}, {"id": "152577", "type": "Feature", "properties": {"id": "152577", "CVEGEO": "0500600010350007", "POBTOT": 23.0, "score_nse": 0.0, "NSE": "ND", "VIVTOT": 9.0, "GRAPROES": 10.81, "_ent": "05", "_mun": "006", "_loc": "0001"}, "geometry": {"type": "Polygon", "coordinates": [[[-101.42221, 26.79674], [-101.42237, 26.79733], [-101.42242, 26.798], [-101.42195, 26.79789], [-101.42171, 26.79703], [-101.42177, 26.79667], [-101.42221, 26.79674]]]}}, {"id": "152578", "type": "Feature", "properties": {"id": "152578", "CVEGEO": "0500600010350005", "POBTOT": 84.0, "score_nse": 56.535, "NSE": "C", "VIVTOT": 27.0, "GRAPROES": 9.55, "_ent": "05", "_mun": "006", "_loc": "0001"}, "geometry": {"type": "Polygon", "coordinates": [[[-101.41739, 26.79802], [-101.41764, 26.79696], [-101.41882, 26.79725], [-101.41857, 26.79828], [-101.41739, 26.79802]]]}}, {"id": "152579", "type": "Feature", "properties": {"id": "152579", "CVEGEO": "0500600010350004", "POBTOT": 70.0, "score_nse": 0.0, "NSE": "ND", "VIVTOT": 19.0, "GRAPROES": 10.56, "_ent": "05", "_mun": "006", "_loc": "0001"}, "geometry": {"type": "Polygon", "coordinates": [[[-101.4187, 26.79829], [-101.41895, 26.79729], [-101.42002, 26.79753], [-101.41976, 26.79852], [-101.4187, 26.79829]]]}}, {"id": "152580", "type": "Feature", "properties": {"id": "152580", "CVEGEO": "0500600010350003", "POBTOT": 81.0, "score_nse": 67.8677, "NSE": "C", "VIVTOT": 24.0, "GRAPROES": 11.56, "_ent": "05", "_mun": "006", "_loc": "0001"}, "geometry": {"type": "Polygon", "coordinates": [[[-101.42121, 26.79778], [-101.42095, 26.7988], [-101.41988, 26.79857], [-101.42014, 26.79753], [-101.42121, 26.79778]]]}}, {"id": "152581", "type": "Feature", "properties": {"id": "152581", "CVEGEO": "0500600010350002", "POBTOT": 2.0, "score_nse": 0.0, "NSE": "ND", "VIVTOT": 1.0, "GRAPROES": 0.0, "_ent": "05", "_mun": "006", "_loc": "0001"}, "geometry": {"type": "Polygon", "coordinates": [[[-101.42217, 26.79907], [-101.42197, 26.79796], [-101.42242, 26.79806], [-101.42244, 26.79912], [-101.42217, 26.79907]]]}}, {"id": "152582", "type": "Feature", "properties": {"id": "152582", "CVEGEO": "0500600010346031", "POBTOT": 29.0, "score_nse": 0.0, "NSE": "ND", "VIVTOT": 11.0, "GRAPROES": 9.46, "_ent": "05", "_mun": "006", "_loc": "0001"}, "geometry": {"type": "Polygon", "coordinates": [[[-101.41815, 26.79986], [-101.41701, 26.79963], [-101.41712, 26.79924], [-101.41826, 26.79943], [-101.41815, 26.79986]]]}}, {"id": "152583", "type": "Feature", "properties": {"id": "152583", "CVEGEO": "0500600010346028", "POBTOT": 29.0, "score_nse": 0.0, "NSE": "ND", "VIVTOT": 9.0, "GRAPROES": 9.0, "_ent": "05", "_mun": "006", "_loc": "0001"}, "geometry": {"type": "Polygon", "coordinates": [[[-101.41648, 26.80178], [-101.41659, 26.80138], [-101.4177, 26.80153], [-101.41757, 26.80201], [-101.41648, 26.80178]]]}}, {"id": "152584", "type": "Feature", "properties": {"id": "152584", "CVEGEO": "0500600010346027", "POBTOT": 55.0, "score_nse": 60.0732, "NSE": "C", "VIVTOT": 17.0, "GRAPROES": 9.8, "_ent": "05", "_mun": "006", "_loc": "0001"}, "geometry": {"type": "Polygon", "coordinates": [[[-101.41711, 26.79909], [-101.41737, 26.79809], [-101.41856, 26.79835], [-101.4183, 26.79932], [-101.41711, 26.79909]]]}}, {"id": "152585", "type": "Feature", "properties": {"id": "152585", "CVEGEO": "0500600010346026", "POBTOT": 60.0, "score_nse": 57.8868, "NSE": "C", "VIVTOT": 26.0, "GRAPROES": 10.1, "_ent": "05", "_mun": "006", "_loc": "0001"}, "geometry": {"type": "Polygon", "coordinates": [[[-101.41842, 26.79936], [-101.41867, 26.79839], [-101.41973, 26.79862], [-101.41948, 26.79958], [-101.41842, 26.79936]]]}}, {"id": "152586", "type": "Feature", "properties": {"id": "152586", "CVEGEO": "0500600010346025", "POBTOT": 0.0, "score_nse": 0.0, "NSE": "ND", "VIVTOT": 0.0, "GRAPROES": 0.0, "_ent": "05", "_mun": "006", "_loc": "0001"}, "geometry": {"type": "Polygon", "coordinates": [[[-101.4196, 26.79962], [-101.41986, 26.79863], [-101.42093, 26.79887], [-101.42068, 26.79985], [-101.4196, 26.79962]]]}}, {"id": "152587", "type": "Feature", "properties": {"id": "152587", "CVEGEO": "0500600010346024", "POBTOT": 0.0, "score_nse": 0.0, "NSE": "ND", "VIVTOT": 0.0, "GRAPROES": 0.0, "_ent": "05", "_mun": "006", "_loc": "0001"}, "geometry": {"type": "Polygon", "coordinates": [[[-101.42077, 26.79987], [-101.42102, 26.79889], [-101.42231, 26.79918], [-101.42204, 26.80013], [-101.42077, 26.79987]]]}}, {"id": "152588", "type": "Feature", "properties": {"id": "152588", "CVEGEO": "0500600010346023", "POBTOT": 43.0, "score_nse": 0.0, "NSE": "ND", "VIVTOT": 15.0, "GRAPROES": 9.86, "_ent": "05", "_mun": "006", "_loc": "0001"}, "geometry": {"type": "Polygon", "coordinates": [[[-101.41799, 26.8004], [-101.41689, 26.80017], [-101.41699, 26.79972], [-101.41809, 26.79993], [-101.41799, 26.8004]]]}}, {"id": "152589", "type": "Feature", "properties": {"id": "152589", "CVEGEO": "0500600010346022", "POBTOT": 66.0, "score_nse": 0.0, "NSE": "ND", "VIVTOT": 25.0, "GRAPROES": 9.61, "_ent": "05", "_mun": "006", "_loc": "0001"}, "geometry": {"type": "Polygon", "coordinates": [[[-101.41918, 26.80065], [-101.41813, 26.80042], [-101.41837, 26.79946], [-101.41942, 26.79968], [-101.41918, 26.80065]]]}}, {"id": "152590", "type": "Feature", "properties": {"id": "152590", "CVEGEO": "0500600010346021", "POBTOT": 42.0, "score_nse": 56.4013, "NSE": "C", "VIVTOT": 15.0, "GRAPROES": 9.28, "_ent": "05", "_mun": "006", "_loc": "0001"}, "geometry": {"type": "Polygon", "coordinates": [[[-101.41931, 26.80069], [-101.41958, 26.79968], [-101.42066, 26.79992], [-101.42041, 26.80091], [-101.41931, 26.80069]]]}}, {"id": "152591", "type": "Feature", "properties": {"id": "152591", "CVEGEO": "0500600010346017", "POBTOT": 54.0, "score_nse": 59.328, "NSE": "C", "VIVTOT": 20.0, "GRAPROES": 9.94, "_ent": "05", "_mun": "006", "_loc": "0001"}, "geometry": {"type": "Polygon", "coordinates": [[[-101.41891, 26.80172], [-101.41781, 26.80146], [-101.41806, 26.80051], [-101.41917, 26.80074], [-101.41891, 26.80172]]]}}, {"id": "152592", "type": "Feature", "properties": {"id": "152592", "CVEGEO": "0500600010346016", "POBTOT": 37.0, "score_nse": 58.3474, "NSE": "C", "VIVTOT": 14.0, "GRAPROES": 10.56, "_ent": "05", "_mun": "006", "_loc": "0001"}, "geometry": {"type": "Polygon", "coordinates": [[[-101.42013, 26.80201], [-101.41903, 26.80175], [-101.41929, 26.80076], [-101.42039, 26.80099], [-101.42013, 26.80201]]]}}, {"id": "152593", "type": "Feature", "properties": {"id": "152593", "CVEGEO": "0500600010346015", "POBTOT": 50.0, "score_nse": 70.1751, "NSE": "C+", "VIVTOT": 13.0, "GRAPROES": 11.46, "_ent": "05", "_mun": "006", "_loc": "0001"}, "geometry": {"type": "Polygon", "coordinates": [[[-101.42021, 26.80203], [-101.42048, 26.80101], [-101.42175, 26.80127], [-101.42148, 26.80229], [-101.42021, 26.80203]]]}}, {"id": "152594", "type": "Feature", "properties": {"id": "152594", "CVEGEO": "0500600010346012", "POBTOT": 37.0, "score_nse": 0.0, "NSE": "ND", "VIVTOT": 12.0, "GRAPROES": 8.55, "_ent": "05", "_mun": "006", "_loc": "0001"}, "geometry": {"type": "Polygon", "coordinates": [[[-101.41634, 26.80235], [-101.41647, 26.80182], [-101.41754, 26.80205], [-101.41741, 26.80255], [-101.41634, 26.80235]]]}}, {"id": "152595", "type": "Feature", "properties": {"id": "152595", "CVEGEO": "0500600010346010", "POBTOT": 45.0, "score_nse": 57.6933, "NSE": "C", "VIVTOT": 15.0, "GRAPROES": 10.63, "_ent": "05", "_mun": "006", "_loc": "0001"}, "geometry": {"type": "Polygon", "coordinates": [[[-101.41874, 26.8028], [-101.41901, 26.80181], [-101.42011, 26.80206], [-101.41987, 26.80301], [-101.41874, 26.8028]]]}}, {"id": "152596", "type": "Feature", "properties": {"id": "152596", "CVEGEO": "0500600010346009", "POBTOT": 22.0, "score_nse": 0.0, "NSE": "ND", "VIVTOT": 7.0, "GRAPROES": 9.82, "_ent": "05", "_mun": "006", "_loc": "0001"}, "geometry": {"type": "Polygon", "coordinates": [[[-101.41996, 26.80301], [-101.4202, 26.80208], [-101.42145, 26.80239], [-101.42122, 26.80327], [-101.41996, 26.80301]]]}}, {"id": "152597", "type": "Feature", "properties": {"id": "152597", "CVEGEO": "0500600010346003", "POBTOT": 8.0, "score_nse": 0.0, "NSE": "ND", "VIVTOT": 2.0, "GRAPROES": 0.0, "_ent": "05", "_mun": "006", "_loc": "0001"}, "geometry": {"type": "Polygon", "coordinates": [[[-101.41968, 26.80407], [-101.41994, 26.80309], [-101.4212, 26.80335], [-101.42092, 26.80434], [-101.41968, 26.80407]]]}}, {"id": "152598", "type": "Feature", "properties": {"id": "152598", "CVEGEO": "0500600010331037", "POBTOT": 0.0, "score_nse": 0.0, "NSE": "ND", "VIVTOT": 0.0, "GRAPROES": 0.0, "_ent": "05", "_mun": "006", "_loc": "0001"}, "geometry": {"type": "Polygon", "coordinates": [[[-101.42059, 26.80658], [-101.42086, 26.80556], [-101.42198, 26.8058], [-101.42173, 26.80682], [-101.42059, 26.80658]]]}}, {"id": "152599", "type": "Feature", "properties": {"id": "152599", "CVEGEO": "0500600010331036", "POBTOT": 0.0, "score_nse": 0.0, "NSE": "ND", "VIVTOT": 0.0, "GRAPROES": 0.0, "_ent": "05", "_mun": "006", "_loc": "0001"}, "geometry": {"type": "Polygon", "coordinates": [[[-101.42178, 26.8069], [-101.42155, 26.80787], [-101.4203, 26.8076], [-101.42057, 26.80664], [-101.42178, 26.8069]]]}}, {"id": "152600", "type": "Feature", "properties": {"id": "152600", "CVEGEO": "0500600010331034", "POBTOT": 0.0, "score_nse": 0.0, "NSE": "ND", "VIVTOT": 0.0, "GRAPROES": 0.0, "_ent": "05", "_mun": "006", "_loc": "0001"}, "geometry": {"type": "Polygon", "coordinates": [[[-101.42125, 26.80898], [-101.421, 26.80996], [-101.41972, 26.80974], [-101.42, 26.8087], [-101.42125, 26.80898]]]}}, {"id": "152601", "type": "Feature", "properties": {"id": "152601", "CVEGEO": "0500600010331033", "POBTOT": 55.0, "score_nse": 55.3833, "NSE": "C", "VIVTOT": 22.0, "GRAPROES": 9.94, "_ent": "05", "_mun": "006", "_loc": "0001"}, "geometry": {"type": "Polygon", "coordinates": [[[-101.41699, 26.80472], [-101.41728, 26.8036], [-101.41838, 26.80384], [-101.41809, 26.80493], [-101.41699, 26.80472]]]}}, {"id": "152602", "type": "Feature", "properties": {"id": "152602", "CVEGEO": "0500600010331032", "POBTOT": 48.0, "score_nse": 54.763, "NSE": "C-", "VIVTOT": 16.0, "GRAPROES": 10.13, "_ent": "05", "_mun": "006", "_loc": "0001"}, "geometry": {"type": "Polygon", "coordinates": [[[-101.41932, 26.80517], [-101.41817, 26.80495], [-101.41846, 26.80386], [-101.41959, 26.80411], [-101.41932, 26.80517]]]}}, {"id": "152603", "type": "Feature", "properties": {"id": "152603", "CVEGEO": "0500600010331031", "POBTOT": 0.0, "score_nse": 0.0, "NSE": "ND", "VIVTOT": 0.0, "GRAPROES": 0.0, "_ent": "05", "_mun": "006", "_loc": "0001"}, "geometry": {"type": "Polygon", "coordinates": [[[-101.41943, 26.80516], [-101.41967, 26.80413], [-101.4209, 26.80441], [-101.42063, 26.80543], [-101.41943, 26.80516]]]}}, {"id": "152604", "type": "Feature", "properties": {"id": "152604", "CVEGEO": "0500600010331026", "POBTOT": 53.0, "score_nse": 56.7613, "NSE": "C", "VIVTOT": 15.0, "GRAPROES": 9.43, "_ent": "05", "_mun": "006", "_loc": "0001"}, "geometry": {"type": "Polygon", "coordinates": [[[-101.41775, 26.80591], [-101.41692, 26.80573], [-101.41699, 26.80478], [-101.41799, 26.80497], [-101.41775, 26.80591]]]}}, {"id": "152605", "type": "Feature", "properties": {"id": "152605", "CVEGEO": "0500600010331025", "POBTOT": 0.0, "score_nse": 0.0, "NSE": "ND", "VIVTOT": 0.0, "GRAPROES": 0.0, "_ent": "05", "_mun": "006", "_loc": "0001"}, "geometry": {"type": "Polygon", "coordinates": [[[-101.41789, 26.80598], [-101.41816, 26.80499], [-101.41931, 26.80521], [-101.41904, 26.80625], [-101.41789, 26.80598]]]}}, {"id": "152606", "type": "Feature", "properties": {"id": "152606", "CVEGEO": "0500600010331018", "POBTOT": 49.0, "score_nse": 59.04, "NSE": "C", "VIVTOT": 15.0, "GRAPROES": 9.72, "_ent": "05", "_mun": "006", "_loc": "0001"}, "geometry": {"type": "Polygon", "coordinates": [[[-101.4176, 26.80706], [-101.41788, 26.80603], [-101.41903, 26.80629], [-101.41878, 26.80729], [-101.4176, 26.80706]]]}}, {"id": "152607", "type": "Feature", "properties": {"id": "152607", "CVEGEO": "0500600010488009", "POBTOT": 34.0, "score_nse": 0.0, "NSE": "ND", "VIVTOT": 11.0, "GRAPROES": 9.52, "_ent": "05", "_mun": "006", "_loc": "0001"}, "geometry": {"type": "Polygon", "coordinates": [[[-101.4273, 26.79935], [-101.42762, 26.79879], [-101.42803, 26.79916], [-101.42777, 26.79971], [-101.4273, 26.79935]]]}}, {"id": "152608", "type": "Feature", "properties": {"id": "152608", "CVEGEO": "0500600010473006", "POBTOT": 37.0, "score_nse": 67.1251, "NSE": "C", "VIVTOT": 11.0, "GRAPROES": 9.78, "_ent": "05", "_mun": "006", "_loc": "0001"}, "geometry": {"type": "Polygon", "coordinates": [[[-101.40992, 26.77196], [-101.41103, 26.77167], [-101.41137, 26.77265], [-101.41024, 26.77296], [-101.40992, 26.77196]]]}}, {"id": "152609", "type": "Feature", "properties": {"id": "152609", "CVEGEO": "0500600010469040", "POBTOT": 74.0, "score_nse": 54.5754, "NSE": "C-", "VIVTOT": 21.0, "GRAPROES": 8.78, "_ent": "05", "_mun": "006", "_loc": "0001"}, "geometry": {"type": "Polygon", "coordinates": [[[-101.44042, 26.78093], [-101.44066, 26.78], [-101.44147, 26.78001], [-101.4414, 26.78084], [-101.44042, 26.78093]]]}}, {"id": "152610", "type": "Feature", "properties": {"id": "152610", "CVEGEO": "0500600010454027", "POBTOT": 59.0, "score_nse": 0.0, "NSE": "ND", "VIVTOT": 15.0, "GRAPROES": 8.55, "_ent": "05", "_mun": "006", "_loc": "0001"}, "geometry": {"type": "Polygon", "coordinates": [[[-101.41461, 26.76506], [-101.41568, 26.76477], [-101.41603, 26.7658], [-101.41496, 26.7661], [-101.41461, 26.76506]]]}}, {"id": "152611", "type": "Feature", "properties": {"id": "152611", "CVEGEO": "0500600010346018", "POBTOT": 11.0, "score_nse": 73.5, "NSE": "C+", "VIVTOT": 5.0, "GRAPROES": 11.1, "_ent": "05", "_mun": "006", "_loc": "0001"}, "geometry": {"type": "Polygon", "coordinates": [[[-101.41772, 26.80143], [-101.41666, 26.80119], [-101.41674, 26.8008], [-101.41783, 26.80097], [-101.41772, 26.80143]]]}}, {"id": "152612", "type": "Feature", "properties": {"id": "152612", "CVEGEO": "0500600010346004", "POBTOT": 30.0, "score_nse": 70.15, "NSE": "C+", "VIVTOT": 12.0, "GRAPROES": 11.8, "_ent": "05", "_mun": "006", "_loc": "0001"}, "geometry": {"type": "Polygon", "coordinates": [[[-101.41847, 26.80382], [-101.41873, 26.80286], [-101.41986, 26.80307], [-101.4196, 26.80406], [-101.41847, 26.80382]]]}}, {"id": "152613", "type": "Feature", "properties": {"id": "152613", "CVEGEO": "0500600010420008", "POBTOT": 56.0, "score_nse": 60.1227, "NSE": "C", "VIVTOT": 21.0, "GRAPROES": 10.35, "_ent": "05", "_mun": "006", "_loc": "0001"}, "geometry": {"type": "Polygon", "coordinates": [[[-101.43019, 26.78327], [-101.4307, 26.78262], [-101.43108, 26.78283], [-101.43079, 26.78343], [-101.43019, 26.78327]]]}}, {"id": "152614", "type": "Feature", "properties": {"id": "152614", "CVEGEO": "0500600010420007", "POBTOT": 13.0, "score_nse": 0.0, "NSE": "ND", "VIVTOT": 9.0, "GRAPROES": 7.08, "_ent": "05", "_mun": "006", "_loc": "0001"}, "geometry": {"type": "Polygon", "coordinates": [[[-101.43091, 26.78346], [-101.43117, 26.78288], [-101.4318, 26.78325], [-101.43161, 26.78365], [-101.43091, 26.78346]]]}}, {"id": "152615", "type": "Feature", "properties": {"id": "152615", "CVEGEO": "0500600010420004", "POBTOT": 113.0, "score_nse": 64.8082, "NSE": "C", "VIVTOT": 34.0, "GRAPROES": 9.34, "_ent": "05", "_mun": "006", "_loc": "0001"}, "geometry": {"type": "Polygon", "coordinates": [[[-101.43421, 26.78491], [-101.43283, 26.78457], [-101.43306, 26.78368], [-101.43443, 26.78401], [-101.43421, 26.78491]]]}}, {"id": "152616", "type": "Feature", "properties": {"id": "152616", "CVEGEO": "0500600010420003", "POBTOT": 119.0, "score_nse": 55.2309, "NSE": "C", "VIVTOT": 44.0, "GRAPROES": 8.93, "_ent": "05", "_mun": "006", "_loc": "0001"}, "geometry": {"type": "Polygon", "coordinates": [[[-101.43383, 26.78605], [-101.4325, 26.78575], [-101.4328, 26.78468], [-101.43404, 26.78499], [-101.43383, 26.78605]]]}}, {"id": "152617", "type": "Feature", "properties": {"id": "152617", "CVEGEO": "0500600010420002", "POBTOT": 40.0, "score_nse": 0.0, "NSE": "ND", "VIVTOT": 17.0, "GRAPROES": 9.46, "_ent": "05", "_mun": "006", "_loc": "0001"}, "geometry": {"type": "Polygon", "coordinates": [[[-101.43373, 26.78674], [-101.43229, 26.78637], [-101.43246, 26.78581], [-101.43382, 26.78613], [-101.43373, 26.78674]]]}}, {"id": "152618", "type": "Feature", "properties": {"id": "152618", "CVEGEO": "0500600010420001", "POBTOT": 78.0, "score_nse": 67.8237, "NSE": "C", "VIVTOT": 27.0, "GRAPROES": 11.16, "_ent": "05", "_mun": "006", "_loc": "0001"}, "geometry": {"type": "Polygon", "coordinates": [[[-101.43199, 26.78782], [-101.43226, 26.78647], [-101.4337, 26.78683], [-101.43348, 26.78814], [-101.43199, 26.78782]]]}}, {"id": "152619", "type": "Feature", "properties": {"id": "152619", "CVEGEO": "0500600010416036", "POBTOT": 11.0, "score_nse": 0.0, "NSE": "ND", "VIVTOT": 5.0, "GRAPROES": 8.11, "_ent": "05", "_mun": "006", "_loc": "0001"}, "geometry": {"type": "Polygon", "coordinates": [[[-101.44088, 26.78349], [-101.44039, 26.78319], [-101.44098, 26.78309], [-101.44088, 26.78349]]]}}, {"id": "152620", "type": "Feature", "properties": {"id": "152620", "CVEGEO": "0500600010416035", "POBTOT": 62.0, "score_nse": 65.4648, "NSE": "C", "VIVTOT": 21.0, "GRAPROES": 8.9, "_ent": "05", "_mun": "006", "_loc": "0001"}, "geometry": {"type": "Polygon", "coordinates": [[[-101.43519, 26.77979], [-101.4356, 26.77979], [-101.43561, 26.77958], [-101.4352, 26.77971], [-101.43524, 26.77939], [-101.43664, 26.77933], [-101.43641, 26.78018], [-101.43512, 26.78033], [-101.43519, 26.77979]]]}}, {"id": "152621", "type": "Feature", "properties": {"id": "152621", "CVEGEO": "0500600010416034", "POBTOT": 16.0, "score_nse": 0.0, "NSE": "ND", "VIVTOT": 6.0, "GRAPROES": 11.0, "_ent": "05", "_mun": "006", "_loc": "0001"}, "geometry": {"type": "Polygon", "coordinates": [[[-101.43509, 26.77928], [-101.43456, 26.77936], [-101.43404, 26.77948], [-101.4344, 26.77909], [-101.43516, 26.77883], [-101.43509, 26.77928]]]}}, {"id": "152622", "type": "Feature", "properties": {"id": "152622", "CVEGEO": "0500600010416033", "POBTOT": 25.0, "score_nse": 0.0, "NSE": "ND", "VIVTOT": 12.0, "GRAPROES": 8.56, "_ent": "05", "_mun": "006", "_loc": "0001"}, "geometry": {"type": "Polygon", "coordinates": [[[-101.43941, 26.77994], [-101.43969, 26.7789], [-101.44085, 26.77822], [-101.44056, 26.77993], [-101.43941, 26.77994]]]}}, {"id": "152623", "type": "Feature", "properties": {"id": "152623", "CVEGEO": "0500600010990005", "POBTOT": 27.0, "score_nse": 0.0, "NSE": "ND", "VIVTOT": 9.0, "GRAPROES": 9.38, "_ent": "05", "_mun": "006", "_loc": "0001"}, "geometry": {"type": "Polygon", "coordinates": [[[-101.43814, 26.77784], [-101.43842, 26.77716], [-101.44034, 26.77841], [-101.43958, 26.77885], [-101.43814, 26.77784]]]}}, {"id": "152624", "type": "Feature", "properties": {"id": "152624", "CVEGEO": "0500600010416023", "POBTOT": 83.0, "score_nse": 65.7053, "NSE": "C", "VIVTOT": 30.0, "GRAPROES": 10.0, "_ent": "05", "_mun": "006", "_loc": "0001"}, "geometry": {"type": "Polygon", "coordinates": [[[-101.43512, 26.78042], [-101.4364, 26.78025], [-101.43613, 26.78128], [-101.43501, 26.78138], [-101.43512, 26.78042]]]}}, {"id": "152625", "type": "Feature", "properties": {"id": "152625", "CVEGEO": "0500600010416022", "POBTOT": 21.0, "score_nse": 0.0, "NSE": "ND", "VIVTOT": 7.0, "GRAPROES": 10.88, "_ent": "05", "_mun": "006", "_loc": "0001"}, "geometry": {"type": "Polygon", "coordinates": [[[-101.43838, 26.77926], [-101.43784, 26.78115], [-101.43627, 26.78125], [-101.43676, 26.77933], [-101.43838, 26.77926]]]}}, {"id": "152626", "type": "Feature", "properties": {"id": "152626", "CVEGEO": "0500600010416021", "POBTOT": 96.0, "score_nse": 48.2543, "NSE": "C-", "VIVTOT": 35.0, "GRAPROES": 8.97, "_ent": "05", "_mun": "006", "_loc": "0001"}, "geometry": {"type": "Polygon", "coordinates": [[[-101.43954, 26.77922], [-101.43906, 26.78104], [-101.43796, 26.78113], [-101.43843, 26.77926], [-101.43954, 26.77922]]]}}, {"id": "152627", "type": "Feature", "properties": {"id": "152627", "CVEGEO": "0500600010416020", "POBTOT": 64.0, "score_nse": 51.8929, "NSE": "C-", "VIVTOT": 23.0, "GRAPROES": 8.49, "_ent": "05", "_mun": "006", "_loc": "0001"}, "geometry": {"type": "Polygon", "coordinates": [[[-101.43944, 26.78005], [-101.4405, 26.78003], [-101.44031, 26.78092], [-101.43918, 26.78103], [-101.43944, 26.78005]]]}}, {"id": "152628", "type": "Feature", "properties": {"id": "152628", "CVEGEO": "0500600010416019", "POBTOT": 64.0, "score_nse": 63.5956, "NSE": "C", "VIVTOT": 22.0, "GRAPROES": 9.04, "_ent": "05", "_mun": "006", "_loc": "0001"}, "geometry": {"type": "Polygon", "coordinates": [[[-101.435, 26.78146], [-101.43611, 26.78136], [-101.43586, 26.78231], [-101.4349, 26.78239], [-101.435, 26.78146]]]}}, {"id": "152629", "type": "Feature", "properties": {"id": "152629", "CVEGEO": "0500600010416018", "POBTOT": 94.0, "score_nse": 72.6999, "NSE": "C+", "VIVTOT": 29.0, "GRAPROES": 10.36, "_ent": "05", "_mun": "006", "_loc": "0001"}, "geometry": {"type": "Polygon", "coordinates": [[[-101.43598, 26.7823], [-101.43623, 26.78135], [-101.43784, 26.78122], [-101.43758, 26.78217], [-101.43598, 26.7823]]]}}, {"id": "152630", "type": "Feature", "properties": {"id": "152630", "CVEGEO": "0500600010416017", "POBTOT": 56.0, "score_nse": 67.2906, "NSE": "C", "VIVTOT": 17.0, "GRAPROES": 10.11, "_ent": "05", "_mun": "006", "_loc": "0001"}, "geometry": {"type": "Polygon", "coordinates": [[[-101.4379, 26.78121], [-101.43904, 26.78112], [-101.43879, 26.78208], [-101.43764, 26.78217], [-101.4379, 26.78121]]]}}, {"id": "152631", "type": "Feature", "properties": {"id": "152631", "CVEGEO": "0500600010416013", "POBTOT": 81.0, "score_nse": 64.2446, "NSE": "C", "VIVTOT": 27.0, "GRAPROES": 10.03, "_ent": "05", "_mun": "006", "_loc": "0001"}, "geometry": {"type": "Polygon", "coordinates": [[[-101.43731, 26.78341], [-101.43762, 26.78224], [-101.43877, 26.78215], [-101.43837, 26.78367], [-101.43731, 26.78341]]]}}, {"id": "152632", "type": "Feature", "properties": {"id": "152632", "CVEGEO": "0500600010416012", "POBTOT": 93.0, "score_nse": 54.791, "NSE": "C-", "VIVTOT": 42.0, "GRAPROES": 8.9, "_ent": "05", "_mun": "006", "_loc": "0001"}, "geometry": {"type": "Polygon", "coordinates": [[[-101.43848, 26.78369], [-101.43889, 26.78214], [-101.44004, 26.78205], [-101.43956, 26.78395], [-101.43848, 26.78369]]]}}, {"id": "152633", "type": "Feature", "properties": {"id": "152633", "CVEGEO": "0500600010416011", "POBTOT": 50.0, "score_nse": 0.0, "NSE": "ND", "VIVTOT": 16.0, "GRAPROES": 8.59, "_ent": "05", "_mun": "006", "_loc": "0001"}, "geometry": {"type": "Polygon", "coordinates": [[[-101.43969, 26.78389], [-101.43997, 26.78286], [-101.44087, 26.78355], [-101.44071, 26.78415], [-101.43969, 26.78389]]]}}, {"id": "152634", "type": "Feature", "properties": {"id": "152634", "CVEGEO": "0500600010416010", "POBTOT": 50.0, "score_nse": 72.9467, "NSE": "C+", "VIVTOT": 15.0, "GRAPROES": 9.91, "_ent": "05", "_mun": "006", "_loc": "0001"}, "geometry": {"type": "Polygon", "coordinates": [[[-101.43464, 26.78393], [-101.43477, 26.78335], [-101.43561, 26.78329], [-101.4354, 26.78409], [-101.43464, 26.78393]]]}}, {"id": "152635", "type": "Feature", "properties": {"id": "152635", "CVEGEO": "0500600010416009", "POBTOT": 90.0, "score_nse": 57.2624, "NSE": "C", "VIVTOT": 34.0, "GRAPROES": 9.77, "_ent": "05", "_mun": "006", "_loc": "0001"}, "geometry": {"type": "Polygon", "coordinates": [[[-101.43696, 26.78443], [-101.43551, 26.78412], [-101.43573, 26.78328], [-101.43627, 26.78324], [-101.43722, 26.78347], [-101.43696, 26.78443]]]}}, {"id": "152636", "type": "Feature", "properties": {"id": "152636", "CVEGEO": "0500600010416008", "POBTOT": 0.0, "score_nse": 0.0, "NSE": "ND", "VIVTOT": 0.0, "GRAPROES": 0.0, "_ent": "05", "_mun": "006", "_loc": "0001"}, "geometry": {"type": "Polygon", "coordinates": [[[-101.43703, 26.78445], [-101.43729, 26.78348], [-101.43835, 26.78374], [-101.4381, 26.78468], [-101.43703, 26.78445]]]}}, {"id": "152637", "type": "Feature", "properties": {"id": "152637", "CVEGEO": "0500600010416007", "POBTOT": 75.0, "score_nse": 59.7105, "NSE": "C", "VIVTOT": 26.0, "GRAPROES": 10.8, "_ent": "05", "_mun": "006", "_loc": "0001"}, "geometry": {"type": "Polygon", "coordinates": [[[-101.43954, 26.78402], [-101.43931, 26.78494], [-101.43821, 26.7847], [-101.43846, 26.78376], [-101.43902, 26.7839], [-101.43898, 26.78417], [-101.43909, 26.78391], [-101.43954, 26.78402]]]}}, {"id": "152638", "type": "Feature", "properties": {"id": "152638", "CVEGEO": "0500600010416006", "POBTOT": 48.0, "score_nse": 58.5653, "NSE": "C", "VIVTOT": 19.0, "GRAPROES": 9.87, "_ent": "05", "_mun": "006", "_loc": "0001"}, "geometry": {"type": "Polygon", "coordinates": [[[-101.43936, 26.78495], [-101.4396, 26.78404], [-101.44072, 26.7843], [-101.4405, 26.7852], [-101.43936, 26.78495]]]}}, {"id": "152639", "type": "Feature", "properties": {"id": "152639", "CVEGEO": "0500600010416002", "POBTOT": 30.0, "score_nse": 72.8547, "NSE": "C+", "VIVTOT": 12.0, "GRAPROES": 11.39, "_ent": "05", "_mun": "006", "_loc": "0001"}, "geometry": {"type": "Polygon", "coordinates": [[[-101.43794, 26.78573], [-101.43819, 26.78475], [-101.4393, 26.78499], [-101.43903, 26.78597], [-101.43794, 26.78573]]]}}, {"id": "152640", "type": "Feature", "properties": {"id": "152640", "CVEGEO": "0500600010416001", "POBTOT": 41.0, "score_nse": 57.0045, "NSE": "C", "VIVTOT": 16.0, "GRAPROES": 9.78, "_ent": "05", "_mun": "006", "_loc": "0001"}, "geometry": {"type": "Polygon", "coordinates": [[[-101.44021, 26.78622], [-101.43911, 26.78598], [-101.43935, 26.785], [-101.44049, 26.78525], [-101.44021, 26.78622]]]}}, {"id": "152641", "type": "Feature", "properties": {"id": "152641", "CVEGEO": "0500600010401029", "POBTOT": 5.0, "score_nse": 0.0, "NSE": "ND", "VIVTOT": 2.0, "GRAPROES": 0.0, "_ent": "05", "_mun": "006", "_loc": "0001"}, "geometry": {"type": "Polygon", "coordinates": [[[-101.42897, 26.78294], [-101.42907, 26.78261], [-101.4293, 26.78267], [-101.42928, 26.78303], [-101.42897, 26.78294]]]}}, {"id": "152642", "type": "Feature", "properties": {"id": "152642", "CVEGEO": "0500600010401028", "POBTOT": 32.0, "score_nse": 48.3769, "NSE": "C-", "VIVTOT": 13.0, "GRAPROES": 9.95, "_ent": "05", "_mun": "006", "_loc": "0001"}, "geometry": {"type": "Polygon", "coordinates": [[[-101.4322, 26.78489], [-101.43143, 26.7847], [-101.43159, 26.78433], [-101.4323, 26.7845], [-101.4322, 26.78489]]]}}, {"id": "152643", "type": "Feature", "properties": {"id": "152643", "CVEGEO": "0500600010401027", "POBTOT": 8.0, "score_nse": 0.0, "NSE": "ND", "VIVTOT": 4.0, "GRAPROES": 0.0, "_ent": "05", "_mun": "006", "_loc": "0001"}, "geometry": {"type": "Polygon", "coordinates": [[[-101.42815, 26.78272], [-101.42823, 26.78239], [-101.4286, 26.78249], [-101.42851, 26.78282], [-101.42815, 26.78272]]]}}, {"id": "152644", "type": "Feature", "properties": {"id": "152644", "CVEGEO": "0500600010401026", "POBTOT": 7.0, "score_nse": 0.0, "NSE": "ND", "VIVTOT": 3.0, "GRAPROES": 0.0, "_ent": "05", "_mun": "006", "_loc": "0001"}, "geometry": {"type": "Polygon", "coordinates": [[[-101.42855, 26.78283], [-101.42865, 26.7825], [-101.42902, 26.7826], [-101.42893, 26.78293], [-101.42855, 26.78283]]]}}, {"id": "152645", "type": "Feature", "properties": {"id": "152645", "CVEGEO": "0500600010401025", "POBTOT": 13.0, "score_nse": 0.0, "NSE": "ND", "VIVTOT": 6.0, "GRAPROES": 9.13, "_ent": "05", "_mun": "006", "_loc": "0001"}, "geometry": {"type": "Polygon", "coordinates": [[[-101.42799, 26.78341], [-101.42814, 26.78279], [-101.42849, 26.78289], [-101.42831, 26.78349], [-101.42799, 26.78341]]]}}, {"id": "152646", "type": "Feature", "properties": {"id": "152646", "CVEGEO": "0500600010401024", "POBTOT": 18.0, "score_nse": 65.362, "NSE": "C", "VIVTOT": 8.0, "GRAPROES": 11.57, "_ent": "05", "_mun": "006", "_loc": "0001"}, "geometry": {"type": "Polygon", "coordinates": [[[-101.42837, 26.7835], [-101.42854, 26.7829], [-101.42891, 26.783], [-101.42874, 26.78359], [-101.42837, 26.7835]]]}}, {"id": "152647", "type": "Feature", "properties": {"id": "152647", "CVEGEO": "0500600010401021", "POBTOT": 34.0, "score_nse": 66.9132, "NSE": "C", "VIVTOT": 13.0, "GRAPROES": 11.19, "_ent": "05", "_mun": "006", "_loc": "0001"}, "geometry": {"type": "Polygon", "coordinates": [[[-101.43072, 26.78349], [-101.43056, 26.78404], [-101.42979, 26.78385], [-101.42993, 26.78328], [-101.43072, 26.78349]]]}}, {"id": "152648", "type": "Feature", "properties": {"id": "152648", "CVEGEO": "0500600010401020", "POBTOT": 41.0, "score_nse": 73.2343, "NSE": "C+", "VIVTOT": 14.0, "GRAPROES": 10.89, "_ent": "05", "_mun": "006", "_loc": "0001"}, "geometry": {"type": "Polygon", "coordinates": [[[-101.43152, 26.78428], [-101.43063, 26.78406], [-101.43079, 26.78351], [-101.43173, 26.78376], [-101.43152, 26.78428]]]}}, {"id": "152649", "type": "Feature", "properties": {"id": "152649", "CVEGEO": "0500600010401018", "POBTOT": 0.0, "score_nse": 10.0, "NSE": "E", "VIVTOT": 1.0, "GRAPROES": 0.0, "_ent": "05", "_mun": "006", "_loc": "0001"}, "geometry": {"type": "Polygon", "coordinates": [[[-101.4283, 26.78353], [-101.4282, 26.78389], [-101.4276, 26.78374], [-101.42798, 26.78345], [-101.4283, 26.78353]]]}}, {"id": "152650", "type": "Feature", "properties": {"id": "152650", "CVEGEO": "0500600010401017", "POBTOT": 0.0, "score_nse": 0.0, "NSE": "ND", "VIVTOT": 0.0, "GRAPROES": 0.0, "_ent": "05", "_mun": "006", "_loc": "0001"}, "geometry": {"type": "Polygon", "coordinates": [[[-101.42836, 26.78354], [-101.42873, 26.78363], [-101.42863, 26.784], [-101.42825, 26.7839], [-101.42836, 26.78354]]]}}, {"id": "152651", "type": "Feature", "properties": {"id": "152651", "CVEGEO": "0500600010401016", "POBTOT": 6.0, "score_nse": 0.0, "NSE": "ND", "VIVTOT": 5.0, "GRAPROES": 0.0, "_ent": "05", "_mun": "006", "_loc": "0001"}, "geometry": {"type": "Polygon", "coordinates": [[[-101.4291, 26.78412], [-101.42868, 26.78401], [-101.42878, 26.78365], [-101.42922, 26.78375], [-101.4291, 26.78412]]]}}, {"id": "152652", "type": "Feature", "properties": {"id": "152652", "CVEGEO": "0500600010401015", "POBTOT": 20.0, "score_nse": 0.0, "NSE": "ND", "VIVTOT": 8.0, "GRAPROES": 9.41, "_ent": "05", "_mun": "006", "_loc": "0001"}, "geometry": {"type": "Polygon", "coordinates": [[[-101.42964, 26.78425], [-101.42917, 26.78413], [-101.42927, 26.78376], [-101.42973, 26.78388], [-101.42964, 26.78425]]]}}, {"id": "152653", "type": "Feature", "properties": {"id": "152653", "CVEGEO": "0500600010401014", "POBTOT": 12.0, "score_nse": 0.0, "NSE": "ND", "VIVTOT": 2.0, "GRAPROES": 0.0, "_ent": "05", "_mun": "006", "_loc": "0001"}, "geometry": {"type": "Polygon", "coordinates": [[[-101.42978, 26.78389], [-101.43055, 26.78408], [-101.43045, 26.78445], [-101.42969, 26.78426], [-101.42978, 26.78389]]]}}, {"id": "152654", "type": "Feature", "properties": {"id": "152654", "CVEGEO": "0500600010401013", "POBTOT": 14.0, "score_nse": 82.35, "NSE": "C+", "VIVTOT": 4.0, "GRAPROES": 12.0, "_ent": "05", "_mun": "006", "_loc": "0001"}, "geometry": {"type": "Polygon", "coordinates": [[[-101.43136, 26.78468], [-101.43051, 26.78447], [-101.43062, 26.78409], [-101.43151, 26.78431], [-101.43136, 26.78468]]]}}, {"id": "152655", "type": "Feature", "properties": {"id": "152655", "CVEGEO": "0500600010401011", "POBTOT": 11.0, "score_nse": 0.0, "NSE": "ND", "VIVTOT": 4.0, "GRAPROES": 0.0, "_ent": "05", "_mun": "006", "_loc": "0001"}, "geometry": {"type": "Polygon", "coordinates": [[[-101.42885, 26.78475], [-101.42849, 26.78466], [-101.42867, 26.78405], [-101.42911, 26.78416], [-101.42885, 26.78475]]]}}, {"id": "152656", "type": "Feature", "properties": {"id": "152656", "CVEGEO": "0500600010401010", "POBTOT": 5.0, "score_nse": 0.0, "NSE": "ND", "VIVTOT": 4.0, "GRAPROES": 11.0, "_ent": "05", "_mun": "006", "_loc": "0001"}, "geometry": {"type": "Polygon", "coordinates": [[[-101.42963, 26.78429], [-101.42946, 26.78494], [-101.42899, 26.78481], [-101.42916, 26.78417], [-101.42963, 26.78429]]]}}, {"id": "152657", "type": "Feature", "properties": {"id": "152657", "CVEGEO": "0500600010401009", "POBTOT": 0.0, "score_nse": 0.0, "NSE": "ND", "VIVTOT": 0.0, "GRAPROES": 0.0, "_ent": "05", "_mun": "006", "_loc": "0001"}, "geometry": {"type": "Polygon", "coordinates": [[[-101.42968, 26.7843], [-101.43044, 26.78449], [-101.43025, 26.78515], [-101.42952, 26.78495], [-101.42968, 26.7843]]]}}, {"id": "152658", "type": "Feature", "properties": {"id": "152658", "CVEGEO": "0500600010401008", "POBTOT": 2.0, "score_nse": 0.0, "NSE": "ND", "VIVTOT": 1.0, "GRAPROES": 0.0, "_ent": "05", "_mun": "006", "_loc": "0001"}, "geometry": {"type": "Polygon", "coordinates": [[[-101.43108, 26.78537], [-101.43032, 26.78517], [-101.43051, 26.7845], [-101.43134, 26.78471], [-101.43108, 26.78537]]]}}, {"id": "152659", "type": "Feature", "properties": {"id": "152659", "CVEGEO": "0500600010401007", "POBTOT": 27.0, "score_nse": 0.0, "NSE": "ND", "VIVTOT": 11.0, "GRAPROES": 9.0, "_ent": "05", "_mun": "006", "_loc": "0001"}, "geometry": {"type": "Polygon", "coordinates": [[[-101.43115, 26.78539], [-101.43142, 26.78473], [-101.43218, 26.78492], [-101.43199, 26.78562], [-101.43115, 26.78539]]]}}, {"id": "152660", "type": "Feature", "properties": {"id": "152660", "CVEGEO": "0500600010401006", "POBTOT": 3.0, "score_nse": 0.0, "NSE": "ND", "VIVTOT": 2.0, "GRAPROES": 0.0, "_ent": "05", "_mun": "006", "_loc": "0001"}, "geometry": {"type": "Polygon", "coordinates": [[[-101.42781, 26.78519], [-101.42802, 26.78458], [-101.42843, 26.78469], [-101.42826, 26.78531], [-101.42781, 26.78519]]]}}, {"id": "152661", "type": "Feature", "properties": {"id": "152661", "CVEGEO": "0500600010401005", "POBTOT": 7.0, "score_nse": 0.0, "NSE": "ND", "VIVTOT": 4.0, "GRAPROES": 11.29, "_ent": "05", "_mun": "006", "_loc": "0001"}, "geometry": {"type": "Polygon", "coordinates": [[[-101.42876, 26.78545], [-101.42831, 26.78533], [-101.42848, 26.7847], [-101.42893, 26.78483], [-101.42876, 26.78545]]]}}, {"id": "152662", "type": "Feature", "properties": {"id": "152662", "CVEGEO": "0500600010401002", "POBTOT": 0.0, "score_nse": 0.0, "NSE": "ND", "VIVTOT": 0.0, "GRAPROES": 0.0, "_ent": "05", "_mun": "006", "_loc": "0001"}, "geometry": {"type": "Polygon", "coordinates": [[[-101.43013, 26.78581], [-101.43031, 26.7852], [-101.43107, 26.7854], [-101.43083, 26.786], [-101.43013, 26.78581]]]}}, {"id": "152663", "type": "Feature", "properties": {"id": "152663", "CVEGEO": "0500600010401001", "POBTOT": 36.0, "score_nse": 60.6727, "NSE": "C", "VIVTOT": 11.0, "GRAPROES": 9.92, "_ent": "05", "_mun": "006", "_loc": "0001"}, "geometry": {"type": "Polygon", "coordinates": [[[-101.4318, 26.78626], [-101.4309, 26.78602], [-101.43114, 26.78542], [-101.43198, 26.78565], [-101.4318, 26.78626]]]}}, {"id": "152664", "type": "Feature", "properties": {"id": "152664", "CVEGEO": "0500600010399027", "POBTOT": 0.0, "score_nse": 0.0, "NSE": "ND", "VIVTOT": 0.0, "GRAPROES": 0.0, "_ent": "05", "_mun": "006", "_loc": "0001"}, "geometry": {"type": "Polygon", "coordinates": [[[-101.41793, 26.7821], [-101.41788, 26.78243], [-101.41752, 26.78208], [-101.41793, 26.7821]]]}}, {"id": "152665", "type": "Feature", "properties": {"id": "152665", "CVEGEO": "0500600010399026", "POBTOT": 13.0, "score_nse": 64.016, "NSE": "C", "VIVTOT": 9.0, "GRAPROES": 11.38, "_ent": "05", "_mun": "006", "_loc": "0001"}, "geometry": {"type": "Polygon", "coordinates": [[[-101.41882, 26.78299], [-101.41794, 26.78249], [-101.41798, 26.7821], [-101.4189, 26.78214], [-101.41882, 26.78299]]]}}, {"id": "152666", "type": "Feature", "properties": {"id": "152666", "CVEGEO": "0500600010399025", "POBTOT": 27.0, "score_nse": 72.46, "NSE": "C+", "VIVTOT": 10.0, "GRAPROES": 10.43, "_ent": "05", "_mun": "006", "_loc": "0001"}, "geometry": {"type": "Polygon", "coordinates": [[[-101.41888, 26.78301], [-101.41896, 26.78214], [-101.41997, 26.78218], [-101.41991, 26.78332], [-101.41888, 26.78301]]]}}, {"id": "152667", "type": "Feature", "properties": {"id": "152667", "CVEGEO": "0500600010399024", "POBTOT": 55.0, "score_nse": 46.136, "NSE": "C-", "VIVTOT": 30.0, "GRAPROES": 8.88, "_ent": "05", "_mun": "006", "_loc": "0001"}, "geometry": {"type": "Polygon", "coordinates": [[[-101.42078, 26.78358], [-101.41997, 26.78334], [-101.42004, 26.78218], [-101.42057, 26.7822], [-101.42078, 26.78358]]]}}, {"id": "152668", "type": "Feature", "properties": {"id": "152668", "CVEGEO": "0500600010399023", "POBTOT": 58.0, "score_nse": 0.0, "NSE": "ND", "VIVTOT": 19.0, "GRAPROES": 10.68, "_ent": "05", "_mun": "006", "_loc": "0001"}, "geometry": {"type": "Polygon", "coordinates": [[[-101.42129, 26.78371], [-101.42085, 26.7836], [-101.42063, 26.78221], [-101.42117, 26.78223], [-101.42129, 26.78371]]]}}, {"id": "152669", "type": "Feature", "properties": {"id": "152669", "CVEGEO": "0500600010399022", "POBTOT": 33.0, "score_nse": 58.9277, "NSE": "C", "VIVTOT": 13.0, "GRAPROES": 9.86, "_ent": "05", "_mun": "006", "_loc": "0001"}, "geometry": {"type": "Polygon", "coordinates": [[[-101.42195, 26.7838], [-101.42135, 26.78372], [-101.42124, 26.78226], [-101.42181, 26.78321], [-101.42195, 26.7838]]]}}, {"id": "152670", "type": "Feature", "properties": {"id": "152670", "CVEGEO": "0500600010399016", "POBTOT": 23.0, "score_nse": 0.0, "NSE": "ND", "VIVTOT": 9.0, "GRAPROES": 8.89, "_ent": "05", "_mun": "006", "_loc": "0001"}, "geometry": {"type": "Polygon", "coordinates": [[[-101.41814, 26.78394], [-101.41873, 26.78393], [-101.41865, 26.78476], [-101.4184, 26.78474], [-101.41814, 26.78394]]]}}, {"id": "152671", "type": "Feature", "properties": {"id": "152671", "CVEGEO": "0500600010399015", "POBTOT": 56.0, "score_nse": 57.337, "NSE": "C", "VIVTOT": 24.0, "GRAPROES": 8.89, "_ent": "05", "_mun": "006", "_loc": "0001"}, "geometry": {"type": "Polygon", "coordinates": [[[-101.41871, 26.78476], [-101.41879, 26.78393], [-101.41987, 26.78393], [-101.41982, 26.78482], [-101.41871, 26.78476]]]}}, {"id": "152672", "type": "Feature", "properties": {"id": "152672", "CVEGEO": "0500600010399014", "POBTOT": 46.0, "score_nse": 62.0638, "NSE": "C", "VIVTOT": 17.0, "GRAPROES": 9.94, "_ent": "05", "_mun": "006", "_loc": "0001"}, "geometry": {"type": "Polygon", "coordinates": [[[-101.42098, 26.78489], [-101.41989, 26.78483], [-101.41994, 26.78393], [-101.42083, 26.78392], [-101.42098, 26.78489]]]}}, {"id": "152673", "type": "Feature", "properties": {"id": "152673", "CVEGEO": "0500600010331003", "POBTOT": 0.0, "score_nse": 0.0, "NSE": "ND", "VIVTOT": 0.0, "GRAPROES": 0.0, "_ent": "05", "_mun": "006", "_loc": "0001"}, "geometry": {"type": "Polygon", "coordinates": [[[-101.41832, 26.80935], [-101.41858, 26.80834], [-101.41978, 26.80864], [-101.41952, 26.80962], [-101.41832, 26.80935]]]}}, {"id": "152674", "type": "Feature", "properties": {"id": "152674", "CVEGEO": "0500600010346011", "POBTOT": 48.0, "score_nse": 52.37, "NSE": "C-", "VIVTOT": 12.0, "GRAPROES": 9.11, "_ent": "05", "_mun": "006", "_loc": "0001"}, "geometry": {"type": "Polygon", "coordinates": [[[-101.41862, 26.80278], [-101.41751, 26.80255], [-101.41778, 26.80153], [-101.41888, 26.80179], [-101.41862, 26.80278]]]}}, {"id": "152675", "type": "Feature", "properties": {"id": "152675", "CVEGEO": "0500600010350018", "POBTOT": 9.0, "score_nse": 0.0, "NSE": "ND", "VIVTOT": 3.0, "GRAPROES": 12.0, "_ent": "05", "_mun": "006", "_loc": "0001"}, "geometry": {"type": "Polygon", "coordinates": [[[-101.42175, 26.80228], [-101.42201, 26.80131], [-101.42248, 26.80142], [-101.42203, 26.80122], [-101.42227, 26.80031], [-101.42307, 26.80044], [-101.4233, 26.80257], [-101.42175, 26.80228]]]}}, {"id": "152676", "type": "Feature", "properties": {"id": "152676", "CVEGEO": "050060001044A021", "POBTOT": 31.0, "score_nse": 60.2291, "NSE": "C", "VIVTOT": 14.0, "GRAPROES": 8.75, "_ent": "05", "_mun": "006", "_loc": "0001"}, "geometry": {"type": "Polygon", "coordinates": [[[-101.41856, 26.773], [-101.41821, 26.77198], [-101.41927, 26.77169], [-101.41962, 26.77272], [-101.41856, 26.773]]]}}, {"id": "152677", "type": "Feature", "properties": {"id": "152677", "CVEGEO": "0500600010806019", "POBTOT": 27.0, "score_nse": 0.0, "NSE": "ND", "VIVTOT": 8.0, "GRAPROES": 10.35, "_ent": "05", "_mun": "006", "_loc": "0001"}, "geometry": {"type": "Polygon", "coordinates": [[[-101.44787, 26.79031], [-101.44851, 26.78852], [-101.44948, 26.79011], [-101.4483, 26.79003], [-101.44827, 26.79041], [-101.44787, 26.79031]]]}}, {"id": "152678", "type": "Feature", "properties": {"id": "152678", "CVEGEO": "0500600010806033", "POBTOT": 13.0, "score_nse": 0.0, "NSE": "ND", "VIVTOT": 6.0, "GRAPROES": 8.67, "_ent": "05", "_mun": "006", "_loc": "0001"}, "geometry": {"type": "Polygon", "coordinates": [[[-101.44546, 26.7944], [-101.44647, 26.79468], [-101.44616, 26.79561], [-101.44514, 26.79533], [-101.44546, 26.7944]]]}}, {"id": "152679", "type": "Feature", "properties": {"id": "152679", "CVEGEO": "0500600010469070", "POBTOT": 54.0, "score_nse": 0.0, "NSE": "ND", "VIVTOT": 14.0, "GRAPROES": 10.0, "_ent": "05", "_mun": "006", "_loc": "0001"}, "geometry": {"type": "Polygon", "coordinates": [[[-101.44565, 26.78645], [-101.44506, 26.78546], [-101.44541, 26.78528], [-101.44599, 26.78629], [-101.44565, 26.78645]]]}}, {"id": "152680", "type": "Feature", "properties": {"id": "152680", "CVEGEO": "0500600010469071", "POBTOT": 104.0, "score_nse": 55.5236, "NSE": "C", "VIVTOT": 27.0, "GRAPROES": 9.85, "_ent": "05", "_mun": "006", "_loc": "0001"}, "geometry": {"type": "Polygon", "coordinates": [[[-101.44514, 26.7867], [-101.44455, 26.7857], [-101.44496, 26.78549], [-101.44554, 26.78651], [-101.44514, 26.7867]]]}}, {"id": "152681", "type": "Feature", "properties": {"id": "152681", "CVEGEO": "0500600010473017", "POBTOT": 38.0, "score_nse": 52.702, "NSE": "C-", "VIVTOT": 16.0, "GRAPROES": 9.36, "_ent": "05", "_mun": "006", "_loc": "0001"}, "geometry": {"type": "Polygon", "coordinates": [[[-101.41037, 26.76955], [-101.41003, 26.76858], [-101.41112, 26.76828], [-101.41144, 26.76925], [-101.41037, 26.76955]]]}}, {"id": "152682", "type": "Feature", "properties": {"id": "152682", "CVEGEO": "0500600010492032", "POBTOT": 28.0, "score_nse": 0.0, "NSE": "ND", "VIVTOT": 12.0, "GRAPROES": 7.71, "_ent": "05", "_mun": "006", "_loc": "0001"}, "geometry": {"type": "Polygon", "coordinates": [[[-101.40018, 26.78751], [-101.40112, 26.78707], [-101.40166, 26.78794], [-101.40073, 26.78839], [-101.40018, 26.78751]]]}}, {"id": "152683", "type": "Feature", "properties": {"id": "152683", "CVEGEO": "0500600010505033", "POBTOT": 49.0, "score_nse": 53.6326, "NSE": "C-", "VIVTOT": 13.0, "GRAPROES": 8.94, "_ent": "05", "_mun": "006", "_loc": "0001"}, "geometry": {"type": "Polygon", "coordinates": [[[-101.4071, 26.78539], [-101.40807, 26.78494], [-101.40859, 26.78582], [-101.40765, 26.78628], [-101.4071, 26.78539]]]}}, {"id": "152684", "type": "Feature", "properties": {"id": "152684", "CVEGEO": "0500600010524013", "POBTOT": 70.0, "score_nse": 0.0, "NSE": "ND", "VIVTOT": 21.0, "GRAPROES": 9.7, "_ent": "05", "_mun": "006", "_loc": "0001"}, "geometry": {"type": "Polygon", "coordinates": [[[-101.39797, 26.78613], [-101.39889, 26.78569], [-101.39944, 26.78657], [-101.39852, 26.78702], [-101.39797, 26.78613]]]}}, {"id": "152685", "type": "Feature", "properties": {"id": "152685", "CVEGEO": "050060273090A012", "POBTOT": 0.0, "score_nse": 0.0, "NSE": null, "VIVTOT": 0.0, "GRAPROES": 0.0, "_ent": "05", "_mun": "006", "_loc": "0273"}, "geometry": {"type": "Polygon", "coordinates": [[[-101.1097, 26.26666], [-101.10928, 26.26579], [-101.11015, 26.26556], [-101.11047, 26.26651], [-101.1097, 26.26666]]]}}, {"id": "152686", "type": "Feature", "properties": {"id": "152686", "CVEGEO": "0500600450717008", "POBTOT": 0.0, "score_nse": 0.0, "NSE": null, "VIVTOT": 0.0, "GRAPROES": 0.0, "_ent": "05", "_mun": "006", "_loc": "0045"}, "geometry": {"type": "Polygon", "coordinates": [[[-101.18459, 26.60706], [-101.18369, 26.60697], [-101.18386, 26.60646], [-101.18471, 26.60656], [-101.18459, 26.60706]]]}}, {"id": "152687", "type": "Feature", "properties": {"id": "152687", "CVEGEO": "0500600450717007", "POBTOT": 0.0, "score_nse": 0.0, "NSE": null, "VIVTOT": 0.0, "GRAPROES": 0.0, "_ent": "05", "_mun": "006", "_loc": "0045"}, "geometry": {"type": "Polygon", "coordinates": [[[-101.18464, 26.60708], [-101.18477, 26.60656], [-101.18539, 26.60667], [-101.18526, 26.60716], [-101.18464, 26.60708]]]}}, {"id": "152688", "type": "Feature", "properties": {"id": "152688", "CVEGEO": "0500600450717018", "POBTOT": 0.0, "score_nse": 0.0, "NSE": null, "VIVTOT": 0.0, "GRAPROES": 0.0, "_ent": "05", "_mun": "006", "_loc": "0045"}, "geometry": {"type": "Polygon", "coordinates": [[[-101.18082, 26.60423], [-101.18075, 26.60505], [-101.1791, 26.60543], [-101.17898, 26.60436], [-101.17953, 26.60427], [-101.17953, 26.60404], [-101.18082, 26.60423]]]}}, {"id": "152689", "type": "Feature", "properties": {"id": "152689", "CVEGEO": "0500600450717019", "POBTOT": 0.0, "score_nse": 0.0, "NSE": null, "VIVTOT": 0.0, "GRAPROES": 0.0, "_ent": "05", "_mun": "006", "_loc": "0045"}, "geometry": {"type": "Polygon", "coordinates": [[[-101.17956, 26.60394], [-101.17969, 26.60306], [-101.18023, 26.60143], [-101.18123, 26.60157], [-101.18078, 26.60413], [-101.17956, 26.60394]]]}}, {"id": "152690", "type": "Feature", "properties": {"id": "152690", "CVEGEO": "0500600450717003", "POBTOT": 0.0, "score_nse": 0.0, "NSE": null, "VIVTOT": 0.0, "GRAPROES": 0.0, "_ent": "05", "_mun": "006", "_loc": "0045"}, "geometry": {"type": "Polygon", "coordinates": [[[-101.17905, 26.60795], [-101.17909, 26.60552], [-101.18143, 26.60496], [-101.18141, 26.6071], [-101.18112, 26.6081], [-101.17905, 26.60795]]]}}, {"id": "152691", "type": "Feature", "properties": {"id": "152691", "CVEGEO": "0500600580702011", "POBTOT": 0.0, "score_nse": 0.0, "NSE": null, "VIVTOT": 0.0, "GRAPROES": 0.0, "_ent": "05", "_mun": "006", "_loc": "0058"}, "geometry": {"type": "Polygon", "coordinates": [[[-101.31235, 26.6198], [-101.31189, 26.62016], [-101.31156, 26.61977], [-101.31196, 26.61945], [-101.31235, 26.6198]]]}}, {"id": "152692", "type": "Feature", "properties": {"id": "152692", "CVEGEO": "0500600580702006", "POBTOT": 0.0, "score_nse": 0.0, "NSE": null, "VIVTOT": 0.0, "GRAPROES": 0.0, "_ent": "05", "_mun": "006", "_loc": "0058"}, "geometry": {"type": "Polygon", "coordinates": [[[-101.31436, 26.62041], [-101.31405, 26.62066], [-101.31352, 26.62004], [-101.31383, 26.61978], [-101.31436, 26.62041]]]}}, {"id": "152693", "type": "Feature", "properties": {"id": "152693", "CVEGEO": "0500600580702005", "POBTOT": 0.0, "score_nse": 0.0, "NSE": null, "VIVTOT": 0.0, "GRAPROES": 0.0, "_ent": "05", "_mun": "006", "_loc": "0058"}, "geometry": {"type": "Polygon", "coordinates": [[[-101.31455, 26.61978], [-101.31479, 26.62009], [-101.3144, 26.62038], [-101.31387, 26.61975], [-101.31458, 26.61914], [-101.31489, 26.61954], [-101.31455, 26.61978]]]}}, {"id": "152694", "type": "Feature", "properties": {"id": "152694", "CVEGEO": "0500600580702008", "POBTOT": 0.0, "score_nse": 0.0, "NSE": null, "VIVTOT": 0.0, "GRAPROES": 0.0, "_ent": "05", "_mun": "006", "_loc": "0058"}, "geometry": {"type": "Polygon", "coordinates": [[[-101.31313, 26.61937], [-101.31351, 26.61976], [-101.31309, 26.62009], [-101.31273, 26.61968], [-101.31313, 26.61937]]]}}, {"id": "152695", "type": "Feature", "properties": {"id": "152695", "CVEGEO": "0500600580702010", "POBTOT": 0.0, "score_nse": 0.0, "NSE": null, "VIVTOT": 0.0, "GRAPROES": 0.0, "_ent": "05", "_mun": "006", "_loc": "0058"}, "geometry": {"type": "Polygon", "coordinates": [[[-101.31187, 26.62021], [-101.31242, 26.62083], [-101.31199, 26.62117], [-101.31133, 26.62063], [-101.31187, 26.62021]]]}}, {"id": "152696", "type": "Feature", "properties": {"id": "152696", "CVEGEO": "0500600580702009", "POBTOT": 0.0, "score_nse": 0.0, "NSE": null, "VIVTOT": 0.0, "GRAPROES": 0.0, "_ent": "05", "_mun": "006", "_loc": "0058"}, "geometry": {"type": "Polygon", "coordinates": [[[-101.31264, 26.61967], [-101.31314, 26.62025], [-101.31245, 26.6208], [-101.31191, 26.62019], [-101.31264, 26.61967]]]}}, {"id": "152697", "type": "Feature", "properties": {"id": "152697", "CVEGEO": "0500600580702002", "POBTOT": 0.0, "score_nse": 0.0, "NSE": null, "VIVTOT": 0.0, "GRAPROES": 0.0, "_ent": "05", "_mun": "006", "_loc": "0058"}, "geometry": {"type": "Polygon", "coordinates": [[[-101.31376, 26.62094], [-101.31439, 26.62045], [-101.31494, 26.62113], [-101.31434, 26.62162], [-101.31376, 26.62094]]]}}, {"id": "152698", "type": "Feature", "properties": {"id": "152698", "CVEGEO": "0500600580702007", "POBTOT": 0.0, "score_nse": 0.0, "NSE": null, "VIVTOT": 0.0, "GRAPROES": 0.0, "_ent": "05", "_mun": "006", "_loc": "0058"}, "geometry": {"type": "Polygon", "coordinates": [[[-101.31401, 26.62069], [-101.31376, 26.62089], [-101.31321, 26.62027], [-101.31349, 26.62006], [-101.31401, 26.62069]]]}}, {"id": "152699", "type": "Feature", "properties": {"id": "152699", "CVEGEO": "0500600580702003", "POBTOT": 0.0, "score_nse": 0.0, "NSE": null, "VIVTOT": 0.0, "GRAPROES": 0.0, "_ent": "05", "_mun": "006", "_loc": "0058"}, "geometry": {"type": "Polygon", "coordinates": [[[-101.31537, 26.62081], [-101.31499, 26.6211], [-101.31443, 26.62041], [-101.31481, 26.62012], [-101.31537, 26.62081]]]}}, {"id": "152700", "type": "Feature", "properties": {"id": "152700", "CVEGEO": "0500600580702004", "POBTOT": 0.0, "score_nse": 0.0, "NSE": null, "VIVTOT": 0.0, "GRAPROES": 0.0, "_ent": "05", "_mun": "006", "_loc": "0058"}, "geometry": {"type": "Polygon", "coordinates": [[[-101.31372, 26.62092], [-101.31302, 26.62148], [-101.31248, 26.62086], [-101.31317, 26.6203], [-101.31372, 26.62092]]]}}, {"id": "152701", "type": "Feature", "properties": {"id": "152701", "CVEGEO": "0500600580702001", "POBTOT": 0.0, "score_nse": 0.0, "NSE": null, "VIVTOT": 0.0, "GRAPROES": 0.0, "_ent": "05", "_mun": "006", "_loc": "0058"}, "geometry": {"type": "Polygon", "coordinates": [[[-101.31204, 26.6212], [-101.31244, 26.62091], [-101.31318, 26.62172], [-101.31293, 26.62195], [-101.31204, 26.6212]]]}}, {"id": "152702", "type": "Feature", "properties": {"id": "152702", "CVEGEO": "0500600450717006", "POBTOT": 0.0, "score_nse": 0.0, "NSE": null, "VIVTOT": 0.0, "GRAPROES": 0.0, "_ent": "05", "_mun": "006", "_loc": "0045"}, "geometry": {"type": "Polygon", "coordinates": [[[-101.18531, 26.60716], [-101.18544, 26.60668], [-101.18592, 26.60674], [-101.18566, 26.60721], [-101.18531, 26.60716]]]}}, {"id": "152703", "type": "Feature", "properties": {"id": "152703", "CVEGEO": "0500600450717001", "POBTOT": 0.0, "score_nse": 0.0, "NSE": null, "VIVTOT": 0.0, "GRAPROES": 0.0, "_ent": "05", "_mun": "006", "_loc": "0045"}, "geometry": {"type": "Polygon", "coordinates": [[[-101.18363, 26.60704], [-101.1844, 26.60713], [-101.18419, 26.6081], [-101.18324, 26.60815], [-101.18363, 26.60704]]]}}, {"id": "152704", "type": "Feature", "properties": {"id": "152704", "CVEGEO": "0500600450717020", "POBTOT": 0.0, "score_nse": 0.0, "NSE": null, "VIVTOT": 0.0, "GRAPROES": 0.0, "_ent": "05", "_mun": "006", "_loc": "0045"}, "geometry": {"type": "Polygon", "coordinates": [[[-101.18447, 26.60714], [-101.18508, 26.60721], [-101.18496, 26.60781], [-101.18446, 26.60813], [-101.18425, 26.6081], [-101.18447, 26.60714]]]}}, {"id": "152705", "type": "Feature", "properties": {"id": "152705", "CVEGEO": "0500600450717021", "POBTOT": 0.0, "score_nse": 0.0, "NSE": null, "VIVTOT": 0.0, "GRAPROES": 0.0, "_ent": "05", "_mun": "006", "_loc": "0045"}, "geometry": {"type": "Polygon", "coordinates": [[[-101.18402, 26.60308], [-101.18539, 26.6034], [-101.1854, 26.60296], [-101.18618, 26.60297], [-101.18618, 26.60388], [-101.1849, 26.60396], [-101.18376, 26.60433], [-101.18402, 26.60308]]]}}, {"id": "152706", "type": "Feature", "properties": {"id": "152706", "CVEGEO": "0500600450717017", "POBTOT": 0.0, "score_nse": 0.0, "NSE": null, "VIVTOT": 0.0, "GRAPROES": 0.0, "_ent": "05", "_mun": "006", "_loc": "0045"}, "geometry": {"type": "Polygon", "coordinates": [[[-101.18084, 26.60503], [-101.18157, 26.60281], [-101.18193, 26.60278], [-101.18197, 26.60255], [-101.18393, 26.60301], [-101.18363, 26.6043], [-101.18084, 26.60503]]]}}, {"id": "152707", "type": "Feature", "properties": {"id": "152707", "CVEGEO": "0500600010331039", "POBTOT": 0.0, "score_nse": 0.0, "NSE": "ND", "VIVTOT": 0.0, "GRAPROES": 0.0, "_ent": "05", "_mun": "006", "_loc": "0001"}, "geometry": {"type": "Polygon", "coordinates": [[[-101.4197, 26.80981], [-101.42103, 26.81005], [-101.42043, 26.81191], [-101.41939, 26.81162], [-101.4197, 26.80981]]]}}, {"id": "152708", "type": "Feature", "properties": {"id": "152708", "CVEGEO": "0500600010331038", "POBTOT": 0.0, "score_nse": 0.0, "NSE": "ND", "VIVTOT": 0.0, "GRAPROES": 0.0, "_ent": "05", "_mun": "006", "_loc": "0001"}, "geometry": {"type": "Polygon", "coordinates": [[[-101.42115, 26.81007], [-101.42216, 26.81026], [-101.42168, 26.81178], [-101.42055, 26.81192], [-101.42115, 26.81007]]]}}, {"id": "152709", "type": "Feature", "properties": {"id": "152709", "CVEGEO": "0500600010971004", "POBTOT": 0.0, "score_nse": 0.0, "NSE": "ND", "VIVTOT": 0.0, "GRAPROES": 0.0, "_ent": "05", "_mun": "006", "_loc": "0001"}, "geometry": {"type": "Polygon", "coordinates": [[[-101.39507, 26.78541], [-101.39459, 26.78575], [-101.39373, 26.7845], [-101.39433, 26.78422], [-101.39507, 26.78541]]]}}, {"id": "152710", "type": "Feature", "properties": {"id": "152710", "CVEGEO": "0500600280562001", "POBTOT": 0.0, "score_nse": 0.0, "NSE": null, "VIVTOT": 0.0, "GRAPROES": 0.0, "_ent": "05", "_mun": "006", "_loc": "0028"}, "geometry": {"type": "Polygon", "coordinates": [[[-101.45982, 26.69808], [-101.45869, 26.69808], [-101.45866, 26.697], [-101.45978, 26.69705], [-101.45982, 26.69808]]]}}, {"id": "152711", "type": "Feature", "properties": {"id": "152711", "CVEGEO": "0500600280562003", "POBTOT": 0.0, "score_nse": 0.0, "NSE": null, "VIVTOT": 0.0, "GRAPROES": 0.0, "_ent": "05", "_mun": "006", "_loc": "0028"}, "geometry": {"type": "Polygon", "coordinates": [[[-101.4575, 26.69845], [-101.45645, 26.69844], [-101.45648, 26.69701], [-101.45748, 26.697], [-101.4575, 26.69845]]]}}, {"id": "152712", "type": "Feature", "properties": {"id": "152712", "CVEGEO": "0500600280562004", "POBTOT": 0.0, "score_nse": 0.0, "NSE": null, "VIVTOT": 0.0, "GRAPROES": 0.0, "_ent": "05", "_mun": "006", "_loc": "0028"}, "geometry": {"type": "Polygon", "coordinates": [[[-101.45973, 26.69688], [-101.45865, 26.69691], [-101.45862, 26.69603], [-101.45967, 26.69595], [-101.45973, 26.69688]]]}}, {"id": "152713", "type": "Feature", "properties": {"id": "152713", "CVEGEO": "0500600280562005", "POBTOT": 0.0, "score_nse": 0.0, "NSE": null, "VIVTOT": 0.0, "GRAPROES": 0.0, "_ent": "05", "_mun": "006", "_loc": "0028"}, "geometry": {"type": "Polygon", "coordinates": [[[-101.45856, 26.69689], [-101.4576, 26.6969], [-101.45763, 26.69602], [-101.45855, 26.69602], [-101.45856, 26.69689]]]}}, {"id": "152714", "type": "Feature", "properties": {"id": "152714", "CVEGEO": "0500600280562007", "POBTOT": 0.0, "score_nse": 0.0, "NSE": null, "VIVTOT": 0.0, "GRAPROES": 0.0, "_ent": "05", "_mun": "006", "_loc": "0028"}, "geometry": {"type": "Polygon", "coordinates": [[[-101.46202, 26.69554], [-101.46089, 26.69555], [-101.46089, 26.69514], [-101.462, 26.69516], [-101.46202, 26.69554]]]}}, {"id": "152715", "type": "Feature", "properties": {"id": "152715", "CVEGEO": "0500600280562012", "POBTOT": 0.0, "score_nse": 0.0, "NSE": null, "VIVTOT": 0.0, "GRAPROES": 0.0, "_ent": "05", "_mun": "006", "_loc": "0028"}, "geometry": {"type": "Polygon", "coordinates": [[[-101.46204, 26.69459], [-101.46305, 26.6946], [-101.46306, 26.69509], [-101.46203, 26.69507], [-101.46204, 26.69459]]]}}, {"id": "152716", "type": "Feature", "properties": {"id": "152716", "CVEGEO": "0500600280562014", "POBTOT": 0.0, "score_nse": 0.0, "NSE": null, "VIVTOT": 0.0, "GRAPROES": 0.0, "_ent": "05", "_mun": "006", "_loc": "0028"}, "geometry": {"type": "Polygon", "coordinates": [[[-101.46079, 26.69505], [-101.45973, 26.69504], [-101.45973, 26.69451], [-101.46076, 26.6945], [-101.46079, 26.69505]]]}}, {"id": "152717", "type": "Feature", "properties": {"id": "152717", "CVEGEO": "0500600280562002", "POBTOT": 0.0, "score_nse": 0.0, "NSE": null, "VIVTOT": 0.0, "GRAPROES": 0.0, "_ent": "05", "_mun": "006", "_loc": "0028"}, "geometry": {"type": "Polygon", "coordinates": [[[-101.45856, 26.69798], [-101.45761, 26.69799], [-101.4576, 26.69698], [-101.45854, 26.69698], [-101.45856, 26.69798]]]}}, {"id": "152718", "type": "Feature", "properties": {"id": "152718", "CVEGEO": "0500600010806042", "POBTOT": 31.0, "score_nse": 0.0, "NSE": "ND", "VIVTOT": 10.0, "GRAPROES": 9.13, "_ent": "05", "_mun": "006", "_loc": "0001"}, "geometry": {"type": "Polygon", "coordinates": [[[-101.43821, 26.79806], [-101.43844, 26.79716], [-101.43966, 26.79745], [-101.43939, 26.79834], [-101.43821, 26.79806]]]}}, {"id": "152719", "type": "Feature", "properties": {"id": "152719", "CVEGEO": "0500600010806041", "POBTOT": 0.0, "score_nse": 10.0, "NSE": "E", "VIVTOT": 3.0, "GRAPROES": 0.0, "_ent": "05", "_mun": "006", "_loc": "0001"}, "geometry": {"type": "Polygon", "coordinates": [[[-101.43948, 26.79835], [-101.43973, 26.79747], [-101.44202, 26.79802], [-101.44144, 26.79878], [-101.43948, 26.79835]]]}}, {"id": "152720", "type": "Feature", "properties": {"id": "152720", "CVEGEO": "0500600010806043", "POBTOT": 6.0, "score_nse": 0.0, "NSE": "ND", "VIVTOT": 1.0, "GRAPROES": 0.0, "_ent": "05", "_mun": "006", "_loc": "0001"}, "geometry": {"type": "Polygon", "coordinates": [[[-101.44418, 26.79873], [-101.44442, 26.79762], [-101.44553, 26.7978], [-101.44541, 26.79829], [-101.44484, 26.79822], [-101.44418, 26.79873]]]}}, {"id": "152721", "type": "Feature", "properties": {"id": "152721", "CVEGEO": "0500600011039003", "POBTOT": 7.0, "score_nse": 0.0, "NSE": "ND", "VIVTOT": 1.0, "GRAPROES": 0.0, "_ent": "05", "_mun": "006", "_loc": "0001"}, "geometry": {"type": "Polygon", "coordinates": [[[-101.41963, 26.82751], [-101.41977, 26.82847], [-101.4177, 26.82871], [-101.41755, 26.82772], [-101.41963, 26.82751]]]}}, {"id": "152722", "type": "Feature", "properties": {"id": "152722", "CVEGEO": "0500600011039005", "POBTOT": 0.0, "score_nse": 0.0, "NSE": "ND", "VIVTOT": 0.0, "GRAPROES": 0.0, "_ent": "05", "_mun": "006", "_loc": "0001"}, "geometry": {"type": "Polygon", "coordinates": [[[-101.41962, 26.82743], [-101.41644, 26.82777], [-101.41628, 26.82678], [-101.41948, 26.82649], [-101.41962, 26.82743]]]}}, {"id": "152723", "type": "Feature", "properties": {"id": "152723", "CVEGEO": "0500600011039002", "POBTOT": 0.0, "score_nse": 0.0, "NSE": "ND", "VIVTOT": 0.0, "GRAPROES": 0.0, "_ent": "05", "_mun": "006", "_loc": "0001"}, "geometry": {"type": "Polygon", "coordinates": [[[-101.422, 26.83062], [-101.42063, 26.83143], [-101.41998, 26.82647], [-101.42131, 26.82634], [-101.422, 26.83062]]]}}, {"id": "152724", "type": "Feature", "properties": {"id": "152724", "CVEGEO": "0500600010806047", "POBTOT": 29.0, "score_nse": 0.0, "NSE": "ND", "VIVTOT": 13.0, "GRAPROES": 9.58, "_ent": "05", "_mun": "006", "_loc": "0001"}, "geometry": {"type": "Polygon", "coordinates": [[[-101.44391, 26.7951], [-101.44363, 26.79606], [-101.44257, 26.7958], [-101.44282, 26.79484], [-101.44391, 26.7951]]]}}, {"id": "152725", "type": "Feature", "properties": {"id": "152725", "CVEGEO": "0500600010806037", "POBTOT": 0.0, "score_nse": 0.0, "NSE": "ND", "VIVTOT": 0.0, "GRAPROES": 0.0, "_ent": "05", "_mun": "006", "_loc": "0001"}, "geometry": {"type": "Polygon", "coordinates": [[[-101.43748, 26.80084], [-101.43759, 26.80033], [-101.43798, 26.80041], [-101.4379, 26.80091], [-101.43748, 26.80084]]]}}, {"id": "152726", "type": "Feature", "properties": {"id": "152726", "CVEGEO": "0500600010806045", "POBTOT": 4.0, "score_nse": 0.0, "NSE": "ND", "VIVTOT": 3.0, "GRAPROES": 0.0, "_ent": "05", "_mun": "006", "_loc": "0001"}, "geometry": {"type": "Polygon", "coordinates": [[[-101.44613, 26.79569], [-101.44556, 26.79763], [-101.44447, 26.79753], [-101.44513, 26.79543], [-101.44613, 26.79569]]]}}, {"id": "152727", "type": "Feature", "properties": {"id": "152727", "CVEGEO": "0500600011039010", "POBTOT": 0.0, "score_nse": 0.0, "NSE": "ND", "VIVTOT": 0.0, "GRAPROES": 0.0, "_ent": "05", "_mun": "006", "_loc": "0001"}, "geometry": {"type": "Polygon", "coordinates": [[[-101.42079, 26.82335], [-101.41914, 26.82347], [-101.41904, 26.82255], [-101.42064, 26.82241], [-101.42079, 26.82335]]]}}, {"id": "152728", "type": "Feature", "properties": {"id": "152728", "CVEGEO": "0500600011039013", "POBTOT": 0.0, "score_nse": 0.0, "NSE": "ND", "VIVTOT": 0.0, "GRAPROES": 0.0, "_ent": "05", "_mun": "006", "_loc": "0001"}, "geometry": {"type": "Polygon", "coordinates": [[[-101.4233, 26.8228], [-101.4223, 26.82288], [-101.42213, 26.82203], [-101.4232, 26.82197], [-101.4233, 26.8228]]]}}, {"id": "152729", "type": "Feature", "properties": {"id": "152729", "CVEGEO": "0500600011039014", "POBTOT": 0.0, "score_nse": 0.0, "NSE": "ND", "VIVTOT": 0.0, "GRAPROES": 0.0, "_ent": "05", "_mun": "006", "_loc": "0001"}, "geometry": {"type": "Polygon", "coordinates": [[[-101.42217, 26.82289], [-101.42114, 26.82298], [-101.42098, 26.82209], [-101.42201, 26.82203], [-101.42217, 26.82289]]]}}, {"id": "152730", "type": "Feature", "properties": {"id": "152730", "CVEGEO": "0500600011039012", "POBTOT": 0.0, "score_nse": 0.0, "NSE": "ND", "VIVTOT": 0.0, "GRAPROES": 0.0, "_ent": "05", "_mun": "006", "_loc": "0001"}, "geometry": {"type": "Polygon", "coordinates": [[[-101.41083, 26.82175], [-101.41192, 26.82164], [-101.41263, 26.82449], [-101.41163, 26.82459], [-101.41083, 26.82175]]]}}, {"id": "152731", "type": "Feature", "properties": {"id": "152731", "CVEGEO": "0500600011039016", "POBTOT": 0.0, "score_nse": 0.0, "NSE": "ND", "VIVTOT": 0.0, "GRAPROES": 0.0, "_ent": "05", "_mun": "006", "_loc": "0001"}, "geometry": {"type": "Polygon", "coordinates": [[[-101.42344, 26.82186], [-101.4221, 26.82195], [-101.42198, 26.821], [-101.42342, 26.82085], [-101.42344, 26.82186]]]}}, {"id": "152732", "type": "Feature", "properties": {"id": "152732", "CVEGEO": "0500600011039007", "POBTOT": 0.0, "score_nse": 0.0, "NSE": "ND", "VIVTOT": 0.0, "GRAPROES": 0.0, "_ent": "05", "_mun": "006", "_loc": "0001"}, "geometry": {"type": "Polygon", "coordinates": [[[-101.4213, 26.82628], [-101.41626, 26.82671], [-101.41587, 26.82402], [-101.41593, 26.82389], [-101.41801, 26.82358], [-101.42082, 26.82342], [-101.42114, 26.82531], [-101.41942, 26.82546], [-101.42115, 26.82536], [-101.4213, 26.82628]]]}}, {"id": "152733", "type": "Feature", "properties": {"id": "152733", "CVEGEO": "0500600011039015", "POBTOT": 0.0, "score_nse": 0.0, "NSE": "ND", "VIVTOT": 0.0, "GRAPROES": 0.0, "_ent": "05", "_mun": "006", "_loc": "0001"}, "geometry": {"type": "Polygon", "coordinates": [[[-101.42065, 26.82233], [-101.41904, 26.82248], [-101.41891, 26.82164], [-101.4205, 26.82143], [-101.42065, 26.82233]]]}}, {"id": "152734", "type": "Feature", "properties": {"id": "152734", "CVEGEO": "0500600011039017", "POBTOT": 0.0, "score_nse": 0.0, "NSE": "ND", "VIVTOT": 0.0, "GRAPROES": 0.0, "_ent": "05", "_mun": "006", "_loc": "0001"}, "geometry": {"type": "Polygon", "coordinates": [[[-101.42202, 26.82195], [-101.42097, 26.82201], [-101.42082, 26.82111], [-101.42187, 26.82101], [-101.42202, 26.82195]]]}}, {"id": "152735", "type": "Feature", "properties": {"id": "152735", "CVEGEO": "0500600011039021", "POBTOT": 0.0, "score_nse": 0.0, "NSE": "ND", "VIVTOT": 0.0, "GRAPROES": 0.0, "_ent": "05", "_mun": "006", "_loc": "0001"}, "geometry": {"type": "Polygon", "coordinates": [[[-101.42172, 26.82021], [-101.42072, 26.82046], [-101.42043, 26.81865], [-101.42147, 26.81856], [-101.42172, 26.82021]]]}}, {"id": "152736", "type": "Feature", "properties": {"id": "152736", "CVEGEO": "0500600011039027", "POBTOT": 0.0, "score_nse": 0.0, "NSE": "ND", "VIVTOT": 0.0, "GRAPROES": 0.0, "_ent": "05", "_mun": "006", "_loc": "0001"}, "geometry": {"type": "Polygon", "coordinates": [[[-101.42262, 26.81825], [-101.42159, 26.81837], [-101.4214, 26.81745], [-101.42245, 26.81732], [-101.42262, 26.81825]]]}}, {"id": "152737", "type": "Feature", "properties": {"id": "152737", "CVEGEO": "0500600011039028", "POBTOT": 0.0, "score_nse": 0.0, "NSE": "ND", "VIVTOT": 0.0, "GRAPROES": 0.0, "_ent": "05", "_mun": "006", "_loc": "0001"}, "geometry": {"type": "Polygon", "coordinates": [[[-101.42145, 26.81838], [-101.42041, 26.81853], [-101.42025, 26.8176], [-101.42129, 26.81747], [-101.42145, 26.81838]]]}}, {"id": "152738", "type": "Feature", "properties": {"id": "152738", "CVEGEO": "0500600011039023", "POBTOT": 0.0, "score_nse": 0.0, "NSE": "ND", "VIVTOT": 0.0, "GRAPROES": 0.0, "_ent": "05", "_mun": "006", "_loc": "0001"}, "geometry": {"type": "Polygon", "coordinates": [[[-101.42018, 26.81935], [-101.41881, 26.81961], [-101.41868, 26.81864], [-101.42005, 26.81848], [-101.42018, 26.81935]]]}}, {"id": "152739", "type": "Feature", "properties": {"id": "152739", "CVEGEO": "0500600011039030", "POBTOT": 3.0, "score_nse": 0.0, "NSE": "ND", "VIVTOT": 1.0, "GRAPROES": 0.0, "_ent": "05", "_mun": "006", "_loc": "0001"}, "geometry": {"type": "Polygon", "coordinates": [[[-101.41829, 26.8186], [-101.41604, 26.8188], [-101.4157, 26.81605], [-101.4178, 26.81505], [-101.41829, 26.8186]]]}}, {"id": "152740", "type": "Feature", "properties": {"id": "152740", "CVEGEO": "0500600011039029", "POBTOT": 0.0, "score_nse": 0.0, "NSE": "ND", "VIVTOT": 0.0, "GRAPROES": 0.0, "_ent": "05", "_mun": "006", "_loc": "0001"}, "geometry": {"type": "Polygon", "coordinates": [[[-101.42004, 26.81841], [-101.41866, 26.81856], [-101.41814, 26.81487], [-101.41931, 26.81429], [-101.42004, 26.81841]]]}}, {"id": "152741", "type": "Feature", "properties": {"id": "152741", "CVEGEO": "0500600011039018", "POBTOT": 0.0, "score_nse": 0.0, "NSE": "ND", "VIVTOT": 0.0, "GRAPROES": 0.0, "_ent": "05", "_mun": "006", "_loc": "0001"}, "geometry": {"type": "Polygon", "coordinates": [[[-101.42049, 26.82135], [-101.41661, 26.82175], [-101.41629, 26.81985], [-101.41853, 26.81975], [-101.42019, 26.81939], [-101.42049, 26.82135]]]}}, {"id": "152742", "type": "Feature", "properties": {"id": "152742", "CVEGEO": "0500600011039032", "POBTOT": 0.0, "score_nse": 0.0, "NSE": "ND", "VIVTOT": 0.0, "GRAPROES": 0.0, "_ent": "05", "_mun": "006", "_loc": "0001"}, "geometry": {"type": "Polygon", "coordinates": [[[-101.41929, 26.81415], [-101.4141, 26.81676], [-101.41277, 26.81469], [-101.41623, 26.81323], [-101.4162, 26.81122], [-101.41752, 26.81107], [-101.41758, 26.81091], [-101.41732, 26.80923], [-101.41939, 26.80969], [-101.41901, 26.81101], [-101.41895, 26.8122], [-101.41929, 26.81415]]]}}, {"id": "152743", "type": "Feature", "properties": {"id": "152743", "CVEGEO": "0500600011039026", "POBTOT": 0.0, "score_nse": 0.0, "NSE": "ND", "VIVTOT": 0.0, "GRAPROES": 0.0, "_ent": "05", "_mun": "006", "_loc": "0001"}, "geometry": {"type": "Polygon", "coordinates": [[[-101.42376, 26.81808], [-101.42277, 26.81823], [-101.42258, 26.81731], [-101.42358, 26.81718], [-101.42376, 26.81808]]]}}, {"id": "152744", "type": "Feature", "properties": {"id": "152744", "CVEGEO": "0500600011039022", "POBTOT": 0.0, "score_nse": 0.0, "NSE": "ND", "VIVTOT": 0.0, "GRAPROES": 0.0, "_ent": "05", "_mun": "006", "_loc": "0001"}, "geometry": {"type": "Polygon", "coordinates": [[[-101.42279, 26.81913], [-101.42173, 26.81928], [-101.4216, 26.81847], [-101.42266, 26.81835], [-101.42279, 26.81913]]]}}, {"id": "152745", "type": "Feature", "properties": {"id": "152745", "CVEGEO": "0500600011039020", "POBTOT": 0.0, "score_nse": 0.0, "NSE": "ND", "VIVTOT": 0.0, "GRAPROES": 0.0, "_ent": "05", "_mun": "006", "_loc": "0001"}, "geometry": {"type": "Polygon", "coordinates": [[[-101.42185, 26.82094], [-101.42082, 26.82102], [-101.42075, 26.82057], [-101.42177, 26.82032], [-101.42185, 26.82094]]]}}, {"id": "152746", "type": "Feature", "properties": {"id": "152746", "CVEGEO": "0500600011039019", "POBTOT": 0.0, "score_nse": 0.0, "NSE": "ND", "VIVTOT": 0.0, "GRAPROES": 0.0, "_ent": "05", "_mun": "006", "_loc": "0001"}, "geometry": {"type": "Polygon", "coordinates": [[[-101.42194, 26.82093], [-101.42185, 26.82027], [-101.42236, 26.82008], [-101.42184, 26.82019], [-101.42175, 26.81939], [-101.42281, 26.81923], [-101.42308, 26.82082], [-101.42194, 26.82093]]]}}, {"id": "152747", "type": "Feature", "properties": {"id": "152747", "CVEGEO": "0500600011005001", "POBTOT": 35.0, "score_nse": 0.0, "NSE": "ND", "VIVTOT": 14.0, "GRAPROES": 8.28, "_ent": "05", "_mun": "006", "_loc": "0001"}, "geometry": {"type": "Polygon", "coordinates": [[[-101.40783, 26.77865], [-101.40636, 26.77834], [-101.40604, 26.7785], [-101.40738, 26.7805], [-101.40697, 26.78056], [-101.40669, 26.7805], [-101.40618, 26.77956], [-101.40554, 26.77969], [-101.40477, 26.77834], [-101.40623, 26.77759], [-101.40632, 26.77737], [-101.40896, 26.77697], [-101.40916, 26.77678], [-101.40926, 26.77642], [-101.40911, 26.77635], [-101.40921, 26.7765], [-101.40891, 26.77693], [-101.40802, 26.77705], [-101.40756, 26.77563], [-101.40795, 26.77705], [-101.40629, 26.77734], [-101.4062, 26.77756], [-101.40474, 26.77829], [-101.40447, 26.77788], [-101.40534, 26.77734], [-101.40444, 26.77783], [-101.40358, 26.77652], [-101.40344, 26.77659], [-101.4033, 26.77636], [-101.40399, 26.77627], [-101.40474, 26.77637], [-101.40465, 26.77608], [-101.40465, 26.77633], [-101.40318, 26.77617], [-101.40178, 26.77397], [-101.40365, 26.773], [-101.40386, 26.77277], [-101.40175, 26.77394], [-101.40003, 26.77123], [-101.40267, 26.77016], [-101.4035, 26.77021], [-101.40577, 26.77155], [-101.4065, 26.77252], [-101.40874, 26.77408], [-101.40927, 26.77413], [-101.40988, 26.7745], [-101.41018, 26.77508], [-101.4114, 26.77565], [-101.41244, 26.77577], [-101.41351, 26.77763], [-101.41409, 26.77733], [-101.41463, 26.77914], [-101.41608, 26.77875], [-101.4166, 26.78035], [-101.41568, 26.78032], [-101.4149, 26.7808], [-101.41407, 26.78094], [-101.41345, 26.7817], [-101.41313, 26.78164], [-101.41257, 26.78108], [-101.41188, 26.78076], [-101.40932, 26.78034], [-101.40899, 26.78006], [-101.40867, 26.77927], [-101.40891, 26.78007], [-101.40875, 26.78014], [-101.40783, 26.77865]]]}}, {"id": "152748", "type": "Feature", "properties": {"id": "152748", "CVEGEO": "0500600011039011", "POBTOT": 4.0, "score_nse": 0.0, "NSE": "ND", "VIVTOT": 2.0, "GRAPROES": 0.0, "_ent": "05", "_mun": "006", "_loc": "0001"}, "geometry": {"type": "Polygon", "coordinates": [[[-101.41223, 26.82244], [-101.4119, 26.82026], [-101.41622, 26.81988], [-101.4165, 26.82176], [-101.41461, 26.82202], [-101.41881, 26.82164], [-101.41908, 26.82346], [-101.41272, 26.82435], [-101.41223, 26.82244]]]}}, {"id": "152749", "type": "Feature", "properties": {"id": "152749", "CVEGEO": "0500600390581012", "POBTOT": 0.0, "score_nse": 0.0, "NSE": null, "VIVTOT": 0.0, "GRAPROES": 0.0, "_ent": "05", "_mun": "006", "_loc": "0039"}, "geometry": {"type": "Polygon", "coordinates": [[[-101.4989, 26.76783], [-101.49897, 26.76693], [-101.49949, 26.76697], [-101.49942, 26.76788], [-101.4989, 26.76783]]]}}, {"id": "152750", "type": "Feature", "properties": {"id": "152750", "CVEGEO": "0500600390581021", "POBTOT": 0.0, "score_nse": 0.0, "NSE": null, "VIVTOT": 0.0, "GRAPROES": 0.0, "_ent": "05", "_mun": "006", "_loc": "0039"}, "geometry": {"type": "Polygon", "coordinates": [[[-101.49948, 26.76684], [-101.49897, 26.76682], [-101.499, 26.76597], [-101.49957, 26.76599], [-101.49948, 26.76684]]]}}, {"id": "152751", "type": "Feature", "properties": {"id": "152751", "CVEGEO": "0500600280562008", "POBTOT": 0.0, "score_nse": 0.0, "NSE": null, "VIVTOT": 0.0, "GRAPROES": 0.0, "_ent": "05", "_mun": "006", "_loc": "0028"}, "geometry": {"type": "Polygon", "coordinates": [[[-101.45974, 26.69585], [-101.45972, 26.69513], [-101.46077, 26.69514], [-101.46076, 26.69584], [-101.45974, 26.69585]]]}}, {"id": "152752", "type": "Feature", "properties": {"id": "152752", "CVEGEO": "0500600280562009", "POBTOT": 0.0, "score_nse": 0.0, "NSE": null, "VIVTOT": 0.0, "GRAPROES": 0.0, "_ent": "05", "_mun": "006", "_loc": "0028"}, "geometry": {"type": "Polygon", "coordinates": [[[-101.45863, 26.6951], [-101.45963, 26.69509], [-101.45965, 26.69587], [-101.45864, 26.69597], [-101.45863, 26.6951]]]}}, {"id": "152753", "type": "Feature", "properties": {"id": "152753", "CVEGEO": "0500600280562010", "POBTOT": 0.0, "score_nse": 0.0, "NSE": null, "VIVTOT": 0.0, "GRAPROES": 0.0, "_ent": "05", "_mun": "006", "_loc": "0028"}, "geometry": {"type": "Polygon", "coordinates": [[[-101.45762, 26.69597], [-101.45764, 26.69511], [-101.45856, 26.69509], [-101.45857, 26.69596], [-101.45762, 26.69597]]]}}, {"id": "152754", "type": "Feature", "properties": {"id": "152754", "CVEGEO": "0500600280562015", "POBTOT": 0.0, "score_nse": 0.0, "NSE": null, "VIVTOT": 0.0, "GRAPROES": 0.0, "_ent": "05", "_mun": "006", "_loc": "0028"}, "geometry": {"type": "Polygon", "coordinates": [[[-101.45868, 26.69444], [-101.45964, 26.69439], [-101.45963, 26.69502], [-101.45864, 26.69502], [-101.45868, 26.69444]]]}}, {"id": "152755", "type": "Feature", "properties": {"id": "152755", "CVEGEO": "0500600280562006", "POBTOT": 0.0, "score_nse": 0.0, "NSE": null, "VIVTOT": 0.0, "GRAPROES": 0.0, "_ent": "05", "_mun": "006", "_loc": "0028"}, "geometry": {"type": "Polygon", "coordinates": [[[-101.45636, 26.69692], [-101.45636, 26.69738], [-101.45545, 26.69738], [-101.45618, 26.69601], [-101.45755, 26.69603], [-101.45753, 26.6969], [-101.45636, 26.69692]]]}}, {"id": "152756", "type": "Feature", "properties": {"id": "152756", "CVEGEO": "0500600280562011", "POBTOT": 0.0, "score_nse": 0.0, "NSE": null, "VIVTOT": 0.0, "GRAPROES": 0.0, "_ent": "05", "_mun": "006", "_loc": "0028"}, "geometry": {"type": "Polygon", "coordinates": [[[-101.45753, 26.69596], [-101.45665, 26.69595], [-101.45677, 26.69502], [-101.45755, 26.69502], [-101.45753, 26.69596]]]}}, {"id": "152757", "type": "Feature", "properties": {"id": "152757", "CVEGEO": "0500600280562013", "POBTOT": 0.0, "score_nse": 0.0, "NSE": null, "VIVTOT": 0.0, "GRAPROES": 0.0, "_ent": "05", "_mun": "006", "_loc": "0028"}, "geometry": {"type": "Polygon", "coordinates": [[[-101.46089, 26.69445], [-101.46142, 26.69445], [-101.46142, 26.6942], [-101.46194, 26.69421], [-101.46195, 26.69507], [-101.46089, 26.69506], [-101.46089, 26.69445]]]}}, {"id": "152758", "type": "Feature", "properties": {"id": "152758", "CVEGEO": "0500600280562016", "POBTOT": 0.0, "score_nse": 0.0, "NSE": null, "VIVTOT": 0.0, "GRAPROES": 0.0, "_ent": "05", "_mun": "006", "_loc": "0028"}, "geometry": {"type": "Polygon", "coordinates": [[[-101.45856, 26.69502], [-101.45764, 26.69504], [-101.45767, 26.69457], [-101.45824, 26.69441], [-101.45847, 26.6945], [-101.45856, 26.69502]]]}}, {"id": "152759", "type": "Feature", "properties": {"id": "152759", "CVEGEO": "0500600010806038", "POBTOT": 12.0, "score_nse": 0.0, "NSE": "ND", "VIVTOT": 2.0, "GRAPROES": 0.0, "_ent": "05", "_mun": "006", "_loc": "0001"}, "geometry": {"type": "Polygon", "coordinates": [[[-101.43945, 26.79843], [-101.4414, 26.79886], [-101.44114, 26.79912], [-101.43973, 26.79957], [-101.43926, 26.79956], [-101.43916, 26.79952], [-101.43945, 26.79843]]]}}, {"id": "152760", "type": "Feature", "properties": {"id": "152760", "CVEGEO": "0500600010806044", "POBTOT": 4.0, "score_nse": 0.0, "NSE": "ND", "VIVTOT": 1.0, "GRAPROES": 0.0, "_ent": "05", "_mun": "006", "_loc": "0001"}, "geometry": {"type": "Polygon", "coordinates": [[[-101.43874, 26.79617], [-101.44159, 26.79682], [-101.44132, 26.7977], [-101.43848, 26.79704], [-101.43874, 26.79617]]]}}, {"id": "152761", "type": "Feature", "properties": {"id": "152761", "CVEGEO": "0500600010806046", "POBTOT": 22.0, "score_nse": 0.0, "NSE": "ND", "VIVTOT": 8.0, "GRAPROES": 10.24, "_ent": "05", "_mun": "006", "_loc": "0001"}, "geometry": {"type": "Polygon", "coordinates": [[[-101.44229, 26.7968], [-101.43879, 26.79608], [-101.43906, 26.79506], [-101.44273, 26.79594], [-101.44276, 26.79624], [-101.44256, 26.79665], [-101.44229, 26.7968]]]}}, {"id": "152762", "type": "Feature", "properties": {"id": "152762", "CVEGEO": "0500600011039004", "POBTOT": 0.0, "score_nse": 0.0, "NSE": "ND", "VIVTOT": 0.0, "GRAPROES": 0.0, "_ent": "05", "_mun": "006", "_loc": "0001"}, "geometry": {"type": "Polygon", "coordinates": [[[-101.41744, 26.82773], [-101.41759, 26.82872], [-101.4166, 26.82884], [-101.41648, 26.82785], [-101.41744, 26.82773]]]}}, {"id": "152763", "type": "Feature", "properties": {"id": "152763", "CVEGEO": "0500600010806049", "POBTOT": 5.0, "score_nse": 0.0, "NSE": "ND", "VIVTOT": 2.0, "GRAPROES": 0.0, "_ent": "05", "_mun": "006", "_loc": "0001"}, "geometry": {"type": "Polygon", "coordinates": [[[-101.44506, 26.79531], [-101.44401, 26.79504], [-101.44426, 26.79408], [-101.44535, 26.79436], [-101.44506, 26.79531]]]}}, {"id": "152764", "type": "Feature", "properties": {"id": "152764", "CVEGEO": "0500600011039009", "POBTOT": 0.0, "score_nse": 10.0, "NSE": "E", "VIVTOT": 1.0, "GRAPROES": 0.0, "_ent": "05", "_mun": "006", "_loc": "0001"}, "geometry": {"type": "Polygon", "coordinates": [[[-101.42234, 26.82387], [-101.42127, 26.82398], [-101.42114, 26.8231], [-101.42219, 26.82298], [-101.42234, 26.82387]]]}}, {"id": "152765", "type": "Feature", "properties": {"id": "152765", "CVEGEO": "0500600011039031", "POBTOT": 0.0, "score_nse": 0.0, "NSE": "ND", "VIVTOT": 0.0, "GRAPROES": 0.0, "_ent": "05", "_mun": "006", "_loc": "0001"}, "geometry": {"type": "Polygon", "coordinates": [[[-101.41595, 26.81882], [-101.41396, 26.81911], [-101.41375, 26.81823], [-101.41393, 26.81702], [-101.41562, 26.81608], [-101.41595, 26.81882]]]}}, {"id": "152766", "type": "Feature", "properties": {"id": "152766", "CVEGEO": "0500600011005050", "POBTOT": 9.0, "score_nse": 0.0, "NSE": "ND", "VIVTOT": 4.0, "GRAPROES": 7.14, "_ent": "05", "_mun": "006", "_loc": "0001"}, "geometry": {"type": "Polygon", "coordinates": [[[-101.39953, 26.77135], [-101.39888, 26.77117], [-101.39938, 26.77041], [-101.40026, 26.77008], [-101.40055, 26.77086], [-101.39953, 26.77135]]]}}, {"id": "152767", "type": "Feature", "properties": {"id": "152767", "CVEGEO": "0500600010806023", "POBTOT": 41.0, "score_nse": 44.7766, "NSE": "C-", "VIVTOT": 14.0, "GRAPROES": 9.67, "_ent": "05", "_mun": "006", "_loc": "0001"}, "geometry": {"type": "Polygon", "coordinates": [[[-101.43569, 26.79859], [-101.43727, 26.79914], [-101.43702, 26.80016], [-101.43653, 26.79995], [-101.43654, 26.79947], [-101.43569, 26.79859]]]}}, {"id": "152768", "type": "Feature", "properties": {"id": "152768", "CVEGEO": "0500600010365003", "POBTOT": 39.0, "score_nse": 0.0, "NSE": "ND", "VIVTOT": 14.0, "GRAPROES": 8.12, "_ent": "05", "_mun": "006", "_loc": "0001"}, "geometry": {"type": "Polygon", "coordinates": [[[-101.43457, 26.79794], [-101.43474, 26.79745], [-101.43573, 26.79768], [-101.43554, 26.79859], [-101.43457, 26.79794]]]}}, {"id": "152769", "type": "Feature", "properties": {"id": "152769", "CVEGEO": "0500600010990003", "POBTOT": 0.0, "score_nse": 10.0, "NSE": "E", "VIVTOT": 1.0, "GRAPROES": 0.0, "_ent": "05", "_mun": "006", "_loc": "0001"}, "geometry": {"type": "Polygon", "coordinates": [[[-101.43845, 26.77711], [-101.43906, 26.77598], [-101.44018, 26.77603], [-101.43937, 26.77769], [-101.43845, 26.77711]]]}}, {"id": "152770", "type": "Feature", "properties": {"id": "152770", "CVEGEO": "0500600010793011", "POBTOT": 0.0, "score_nse": 0.0, "NSE": "ND", "VIVTOT": 0.0, "GRAPROES": 0.0, "_ent": "05", "_mun": "006", "_loc": "0001"}, "geometry": {"type": "Polygon", "coordinates": [[[-101.4338, 26.8028], [-101.4326, 26.80267], [-101.43269, 26.80177], [-101.43391, 26.80193], [-101.4338, 26.8028]]]}}, {"id": "152771", "type": "Feature", "properties": {"id": "152771", "CVEGEO": "0500600010793012", "POBTOT": 5.0, "score_nse": 0.0, "NSE": "ND", "VIVTOT": 1.0, "GRAPROES": 0.0, "_ent": "05", "_mun": "006", "_loc": "0001"}, "geometry": {"type": "Polygon", "coordinates": [[[-101.43509, 26.80201], [-101.43399, 26.80185], [-101.43415, 26.80084], [-101.43521, 26.80099], [-101.43509, 26.80201]]]}}, {"id": "152772", "type": "Feature", "properties": {"id": "152772", "CVEGEO": "0500600010793013", "POBTOT": 4.0, "score_nse": 0.0, "NSE": "ND", "VIVTOT": 2.0, "GRAPROES": 0.0, "_ent": "05", "_mun": "006", "_loc": "0001"}, "geometry": {"type": "Polygon", "coordinates": [[[-101.43391, 26.80184], [-101.4327, 26.80168], [-101.43283, 26.80067], [-101.43407, 26.80083], [-101.43391, 26.80184]]]}}, {"id": "152773", "type": "Feature", "properties": {"id": "152773", "CVEGEO": "0500600010793014", "POBTOT": 0.0, "score_nse": 10.0, "NSE": "E", "VIVTOT": 1.0, "GRAPROES": 0.0, "_ent": "05", "_mun": "006", "_loc": "0001"}, "geometry": {"type": "Polygon", "coordinates": [[[-101.4326, 26.80176], [-101.43154, 26.80138], [-101.43167, 26.80052], [-101.43275, 26.80065], [-101.4326, 26.80176]]]}}, {"id": "152774", "type": "Feature", "properties": {"id": "152774", "CVEGEO": "0500600010793015", "POBTOT": 0.0, "score_nse": 0.0, "NSE": "ND", "VIVTOT": 0.0, "GRAPROES": 0.0, "_ent": "05", "_mun": "006", "_loc": "0001"}, "geometry": {"type": "Polygon", "coordinates": [[[-101.43146, 26.80138], [-101.4307, 26.80085], [-101.43039, 26.80037], [-101.4316, 26.8005], [-101.43146, 26.80138]]]}}, {"id": "152775", "type": "Feature", "properties": {"id": "152775", "CVEGEO": "0500600010793009", "POBTOT": 0.0, "score_nse": 0.0, "NSE": "ND", "VIVTOT": 0.0, "GRAPROES": 0.0, "_ent": "05", "_mun": "006", "_loc": "0001"}, "geometry": {"type": "Polygon", "coordinates": [[[-101.43342, 26.80504], [-101.43262, 26.80491], [-101.43235, 26.80457], [-101.43245, 26.80383], [-101.4336, 26.80402], [-101.43342, 26.80504]]]}}, {"id": "152776", "type": "Feature", "properties": {"id": "152776", "CVEGEO": "0500600010793010", "POBTOT": 0.0, "score_nse": 0.0, "NSE": "ND", "VIVTOT": 0.0, "GRAPROES": 0.0, "_ent": "05", "_mun": "006", "_loc": "0001"}, "geometry": {"type": "Polygon", "coordinates": [[[-101.43362, 26.80394], [-101.43246, 26.80373], [-101.43258, 26.80275], [-101.4338, 26.80289], [-101.43362, 26.80394]]]}}, {"id": "152777", "type": "Feature", "properties": {"id": "152777", "CVEGEO": "0500600010454032", "POBTOT": 7.0, "score_nse": 0.0, "NSE": "ND", "VIVTOT": 3.0, "GRAPROES": 7.57, "_ent": "05", "_mun": "006", "_loc": "0001"}, "geometry": {"type": "Polygon", "coordinates": [[[-101.41624, 26.76132], [-101.41733, 26.76276], [-101.41651, 26.76318], [-101.41553, 26.76165], [-101.41624, 26.76132]]]}}, {"id": "152778", "type": "Feature", "properties": {"id": "152778", "CVEGEO": "0500600010454033", "POBTOT": 9.0, "score_nse": 0.0, "NSE": "ND", "VIVTOT": 4.0, "GRAPROES": 9.0, "_ent": "05", "_mun": "006", "_loc": "0001"}, "geometry": {"type": "Polygon", "coordinates": [[[-101.41562, 26.76192], [-101.4149, 26.76226], [-101.41481, 26.76197], [-101.41546, 26.76168], [-101.41562, 26.76192]]]}}, {"id": "152779", "type": "Feature", "properties": {"id": "152779", "CVEGEO": "0500600010454034", "POBTOT": 55.0, "score_nse": 0.0, "NSE": "ND", "VIVTOT": 15.0, "GRAPROES": 10.95, "_ent": "05", "_mun": "006", "_loc": "0001"}, "geometry": {"type": "Polygon", "coordinates": [[[-101.41129, 26.76019], [-101.41302, 26.76064], [-101.41374, 26.76063], [-101.41407, 26.76083], [-101.4143, 26.76072], [-101.41621, 26.76127], [-101.41479, 26.76189], [-101.41453, 26.76105], [-101.41482, 26.7623], [-101.41432, 26.76252], [-101.41401, 26.7624], [-101.41239, 26.76322], [-101.41128, 26.76334], [-101.41033, 26.76054], [-101.41092, 26.76039], [-101.41031, 26.76046], [-101.40984, 26.75909], [-101.41099, 26.75885], [-101.41129, 26.76019]]]}}, {"id": "152780", "type": "Feature", "properties": {"id": "152780", "CVEGEO": "0500602120647016", "POBTOT": 0.0, "score_nse": 0.0, "NSE": null, "VIVTOT": 0.0, "GRAPROES": 0.0, "_ent": "05", "_mun": "006", "_loc": "0212"}, "geometry": {"type": "Polygon", "coordinates": [[[-101.11628, 26.50555], [-101.11659, 26.50509], [-101.11724, 26.50548], [-101.11693, 26.5059], [-101.11628, 26.50555]]]}}, {"id": "152781", "type": "Feature", "properties": {"id": "152781", "CVEGEO": "050060044076A009", "POBTOT": 0.0, "score_nse": 0.0, "NSE": null, "VIVTOT": 0.0, "GRAPROES": 0.0, "_ent": "05", "_mun": "006", "_loc": "0044"}, "geometry": {"type": "Polygon", "coordinates": [[[-101.15095, 26.30109], [-101.15064, 26.30015], [-101.15159, 26.30019], [-101.15154, 26.30086], [-101.15095, 26.30109]]]}}, {"id": "152782", "type": "Feature", "properties": {"id": "152782", "CVEGEO": "050060044076A010", "POBTOT": 0.0, "score_nse": 0.0, "NSE": null, "VIVTOT": 0.0, "GRAPROES": 0.0, "_ent": "05", "_mun": "006", "_loc": "0044"}, "geometry": {"type": "Polygon", "coordinates": [[[-101.14767, 26.30006], [-101.14693, 26.29925], [-101.14705, 26.29874], [-101.14805, 26.299], [-101.1479, 26.29992], [-101.14767, 26.30006]]]}}, {"id": "152783", "type": "Feature", "properties": {"id": "152783", "CVEGEO": "0500602120647006", "POBTOT": 0.0, "score_nse": 0.0, "NSE": null, "VIVTOT": 0.0, "GRAPROES": 0.0, "_ent": "05", "_mun": "006", "_loc": "0212"}, "geometry": {"type": "Polygon", "coordinates": [[[-101.1134, 26.5079], [-101.11389, 26.50702], [-101.11443, 26.50731], [-101.11385, 26.50815], [-101.1134, 26.5079]]]}}, {"id": "152784", "type": "Feature", "properties": {"id": "152784", "CVEGEO": "0500602120647001", "POBTOT": 0.0, "score_nse": 0.0, "NSE": null, "VIVTOT": 0.0, "GRAPROES": 0.0, "_ent": "05", "_mun": "006", "_loc": "0212"}, "geometry": {"type": "Polygon", "coordinates": [[[-101.11064, 26.50821], [-101.11087, 26.50777], [-101.11135, 26.50805], [-101.11112, 26.50842], [-101.11064, 26.50821]]]}}, {"id": "152785", "type": "Feature", "properties": {"id": "152785", "CVEGEO": "050060001101A004", "POBTOT": 12.0, "score_nse": 0.0, "NSE": "ND", "VIVTOT": 3.0, "GRAPROES": 12.29, "_ent": "05", "_mun": "006", "_loc": "0001"}, "geometry": {"type": "Polygon", "coordinates": [[[-101.43341, 26.79704], [-101.43328, 26.79722], [-101.43224, 26.79659], [-101.43237, 26.79642], [-101.43341, 26.79704]]]}}, {"id": "152786", "type": "Feature", "properties": {"id": "152786", "CVEGEO": "0500600580702012", "POBTOT": 0.0, "score_nse": 0.0, "NSE": null, "VIVTOT": 0.0, "GRAPROES": 0.0, "_ent": "05", "_mun": "006", "_loc": "0058"}, "geometry": {"type": "Polygon", "coordinates": [[[-101.31181, 26.62018], [-101.31127, 26.62059], [-101.31094, 26.62025], [-101.31148, 26.61983], [-101.31181, 26.62018]]]}}, {"id": "152787", "type": "Feature", "properties": {"id": "152787", "CVEGEO": "0500600390581022", "POBTOT": 0.0, "score_nse": 0.0, "NSE": null, "VIVTOT": 0.0, "GRAPROES": 0.0, "_ent": "05", "_mun": "006", "_loc": "0039"}, "geometry": {"type": "Polygon", "coordinates": [[[-101.50704, 26.77157], [-101.50605, 26.77147], [-101.5063, 26.77024], [-101.50722, 26.77035], [-101.50704, 26.77157]]]}}, {"id": "152788", "type": "Feature", "properties": {"id": "152788", "CVEGEO": "0500600390581023", "POBTOT": 0.0, "score_nse": 0.0, "NSE": null, "VIVTOT": 0.0, "GRAPROES": 0.0, "_ent": "05", "_mun": "006", "_loc": "0039"}, "geometry": {"type": "Polygon", "coordinates": [[[-101.50624, 26.77018], [-101.50596, 26.77143], [-101.50496, 26.77128], [-101.505, 26.77003], [-101.50624, 26.77018]]]}}, {"id": "152789", "type": "Feature", "properties": {"id": "152789", "CVEGEO": "0500600390581024", "POBTOT": 0.0, "score_nse": 0.0, "NSE": null, "VIVTOT": 0.0, "GRAPROES": 0.0, "_ent": "05", "_mun": "006", "_loc": "0039"}, "geometry": {"type": "Polygon", "coordinates": [[[-101.50159, 26.77082], [-101.50058, 26.77071], [-101.50072, 26.76928], [-101.50168, 26.76957], [-101.50159, 26.77082]]]}}, {"id": "152790", "type": "Feature", "properties": {"id": "152790", "CVEGEO": "0500600390581018", "POBTOT": 0.0, "score_nse": 0.0, "NSE": null, "VIVTOT": 0.0, "GRAPROES": 0.0, "_ent": "05", "_mun": "006", "_loc": "0039"}, "geometry": {"type": "Polygon", "coordinates": [[[-101.50205, 26.76602], [-101.50209, 26.76532], [-101.49977, 26.765], [-101.49975, 26.76464], [-101.50299, 26.76472], [-101.50394, 26.76504], [-101.50443, 26.76549], [-101.50426, 26.76614], [-101.50205, 26.76602]]]}}, {"id": "152791", "type": "Feature", "properties": {"id": "152791", "CVEGEO": "0500600450717015", "POBTOT": 0.0, "score_nse": 0.0, "NSE": null, "VIVTOT": 0.0, "GRAPROES": 0.0, "_ent": "05", "_mun": "006", "_loc": "0045"}, "geometry": {"type": "Polygon", "coordinates": [[[-101.18151, 26.60494], [-101.18255, 26.60468], [-101.18253, 26.60522], [-101.1815, 26.60539], [-101.18151, 26.60494]]]}}, {"id": "152792", "type": "Feature", "properties": {"id": "152792", "CVEGEO": "0500600450717013", "POBTOT": 0.0, "score_nse": 0.0, "NSE": null, "VIVTOT": 0.0, "GRAPROES": 0.0, "_ent": "05", "_mun": "006", "_loc": "0045"}, "geometry": {"type": "Polygon", "coordinates": [[[-101.1815, 26.60545], [-101.18261, 26.60527], [-101.18362, 26.60544], [-101.1835, 26.6064], [-101.1815, 26.60649], [-101.1815, 26.60545]]]}}, {"id": "152793", "type": "Feature", "properties": {"id": "152793", "CVEGEO": "0500600450717014", "POBTOT": 0.0, "score_nse": 0.0, "NSE": null, "VIVTOT": 0.0, "GRAPROES": 0.0, "_ent": "05", "_mun": "006", "_loc": "0045"}, "geometry": {"type": "Polygon", "coordinates": [[[-101.18263, 26.60466], [-101.18381, 26.60443], [-101.18364, 26.60534], [-101.18263, 26.60521], [-101.18263, 26.60466]]]}}, {"id": "152794", "type": "Feature", "properties": {"id": "152794", "CVEGEO": "0500600080736009", "POBTOT": 0.0, "score_nse": 0.0, "NSE": null, "VIVTOT": 0.0, "GRAPROES": 0.0, "_ent": "05", "_mun": "006", "_loc": "0008"}, "geometry": {"type": "Polygon", "coordinates": [[[-101.25586, 26.53316], [-101.256, 26.53282], [-101.2562, 26.53236], [-101.25668, 26.53308], [-101.25611, 26.53341], [-101.25586, 26.53316]]]}}, {"id": "152795", "type": "Feature", "properties": {"id": "152795", "CVEGEO": "0500600110736006", "POBTOT": 0.0, "score_nse": 0.0, "NSE": null, "VIVTOT": 0.0, "GRAPROES": 0.0, "_ent": "05", "_mun": "006", "_loc": "0011"}, "geometry": {"type": "Polygon", "coordinates": [[[-101.27589, 26.49382], [-101.27525, 26.49332], [-101.27636, 26.49235], [-101.27686, 26.49281], [-101.27589, 26.49382]]]}}, {"id": "152796", "type": "Feature", "properties": {"id": "152796", "CVEGEO": "0500600180774008", "POBTOT": 0.0, "score_nse": 0.0, "NSE": null, "VIVTOT": 0.0, "GRAPROES": 0.0, "_ent": "05", "_mun": "006", "_loc": "0018"}, "geometry": {"type": "Polygon", "coordinates": [[[-101.42714, 26.37374], [-101.4272, 26.37334], [-101.42775, 26.37345], [-101.42769, 26.37381], [-101.42714, 26.37374]]]}}, {"id": "152797", "type": "Feature", "properties": {"id": "152797", "CVEGEO": "050060273090A023", "POBTOT": 0.0, "score_nse": 0.0, "NSE": null, "VIVTOT": 0.0, "GRAPROES": 0.0, "_ent": "05", "_mun": "006", "_loc": "0273"}, "geometry": {"type": "Polygon", "coordinates": [[[-101.11122, 26.26858], [-101.11142, 26.26854], [-101.11148, 26.26876], [-101.11129, 26.2688], [-101.11122, 26.26858]]]}}, {"id": "152798", "type": "Feature", "properties": {"id": "152798", "CVEGEO": "0500600180774011", "POBTOT": 0.0, "score_nse": 0.0, "NSE": null, "VIVTOT": 0.0, "GRAPROES": 0.0, "_ent": "05", "_mun": "006", "_loc": "0018"}, "geometry": {"type": "Polygon", "coordinates": [[[-101.42774, 26.37381], [-101.42779, 26.37349], [-101.4282, 26.37353], [-101.42815, 26.37387], [-101.42774, 26.37381]]]}}, {"id": "152799", "type": "Feature", "properties": {"id": "152799", "CVEGEO": "0500600180774012", "POBTOT": 0.0, "score_nse": 0.0, "NSE": null, "VIVTOT": 0.0, "GRAPROES": 0.0, "_ent": "05", "_mun": "006", "_loc": "0018"}, "geometry": {"type": "Polygon", "coordinates": [[[-101.42783, 26.37342], [-101.42787, 26.37317], [-101.42828, 26.37322], [-101.42823, 26.37348], [-101.42783, 26.37342]]]}}, {"id": "152800", "type": "Feature", "properties": {"id": "152800", "CVEGEO": "0500600110736011", "POBTOT": 0.0, "score_nse": 0.0, "NSE": null, "VIVTOT": 0.0, "GRAPROES": 0.0, "_ent": "05", "_mun": "006", "_loc": "0011"}, "geometry": {"type": "Polygon", "coordinates": [[[-101.27312, 26.49514], [-101.27354, 26.49479], [-101.27405, 26.49519], [-101.27365, 26.49559], [-101.27312, 26.49514]]]}}, {"id": "152801", "type": "Feature", "properties": {"id": "152801", "CVEGEO": "0500600080736001", "POBTOT": 0.0, "score_nse": 0.0, "NSE": null, "VIVTOT": 0.0, "GRAPROES": 0.0, "_ent": "05", "_mun": "006", "_loc": "0008"}, "geometry": {"type": "Polygon", "coordinates": [[[-101.25939, 26.53366], [-101.26024, 26.53368], [-101.25858, 26.53442], [-101.2586, 26.53372], [-101.25915, 26.53339], [-101.25939, 26.53366]]]}}, {"id": "152802", "type": "Feature", "properties": {"id": "152802", "CVEGEO": "0500600110736002", "POBTOT": 0.0, "score_nse": 0.0, "NSE": null, "VIVTOT": 0.0, "GRAPROES": 0.0, "_ent": "05", "_mun": "006", "_loc": "0011"}, "geometry": {"type": "Polygon", "coordinates": [[[-101.273, 26.49622], [-101.27242, 26.49572], [-101.27303, 26.49521], [-101.27358, 26.49565], [-101.273, 26.49622]]]}}, {"id": "152803", "type": "Feature", "properties": {"id": "152803", "CVEGEO": "050060273090A025", "POBTOT": 0.0, "score_nse": 0.0, "NSE": null, "VIVTOT": 0.0, "GRAPROES": 0.0, "_ent": "05", "_mun": "006", "_loc": "0273"}, "geometry": {"type": "Polygon", "coordinates": [[[-101.11378, 26.26708], [-101.1141, 26.26738], [-101.11425, 26.26822], [-101.11239, 26.26882], [-101.11237, 26.26803], [-101.11214, 26.26747], [-101.11378, 26.26708]]]}}, {"id": "152804", "type": "Feature", "properties": {"id": "152804", "CVEGEO": "050060273090A002", "POBTOT": 0.0, "score_nse": 0.0, "NSE": null, "VIVTOT": 0.0, "GRAPROES": 0.0, "_ent": "05", "_mun": "006", "_loc": "0273"}, "geometry": {"type": "Polygon", "coordinates": [[[-101.11133, 26.26885], [-101.1115, 26.2688], [-101.11168, 26.26943], [-101.1115, 26.26947], [-101.11133, 26.26885]]]}}, {"id": "152805", "type": "Feature", "properties": {"id": "152805", "CVEGEO": "0500600010825001", "POBTOT": 217.0, "score_nse": 58.855, "NSE": "C", "VIVTOT": 89.0, "GRAPROES": 10.46, "_ent": "05", "_mun": "006", "_loc": "0001"}, "geometry": {"type": "Polygon", "coordinates": [[[-101.42774, 26.78522], [-101.42591, 26.79168], [-101.42531, 26.7916], [-101.42588, 26.79175], [-101.42528, 26.79369], [-101.42336, 26.79445], [-101.42315, 26.79412], [-101.42331, 26.79447], [-101.42292, 26.79462], [-101.42236, 26.7938], [-101.42287, 26.79465], [-101.42185, 26.79505], [-101.42118, 26.79309], [-101.42106, 26.79188], [-101.42078, 26.791], [-101.42109, 26.79043], [-101.42188, 26.79005], [-101.42234, 26.78954], [-101.42268, 26.78866], [-101.4229, 26.78848], [-101.42321, 26.78759], [-101.42365, 26.78704], [-101.4236, 26.78612], [-101.42377, 26.78591], [-101.42378, 26.78484], [-101.42429, 26.78424], [-101.42559, 26.78387], [-101.42656, 26.78383], [-101.42666, 26.78444], [-101.4267, 26.78383], [-101.42746, 26.78377], [-101.42818, 26.78393], [-101.42776, 26.78517], [-101.42759, 26.78517], [-101.42774, 26.78522]]]}}, {"id": "152806", "type": "Feature", "properties": {"id": "152806", "CVEGEO": "0500600010492001", "POBTOT": 60.0, "score_nse": 0.0, "NSE": "ND", "VIVTOT": 23.0, "GRAPROES": 9.19, "_ent": "05", "_mun": "006", "_loc": "0001"}, "geometry": {"type": "Polygon", "coordinates": [[[-101.4022, 26.79], [-101.40133, 26.78968], [-101.39876, 26.7882], [-101.40006, 26.78755], [-101.40064, 26.78852], [-101.40172, 26.78801], [-101.40218, 26.78878], [-101.4017, 26.7891], [-101.40221, 26.78883], [-101.40233, 26.78892], [-101.40177, 26.78798], [-101.40229, 26.78773], [-101.40329, 26.78941], [-101.4022, 26.79]]]}}, {"id": "152807", "type": "Feature", "properties": {"id": "152807", "CVEGEO": "050060001051A026", "POBTOT": 94.0, "score_nse": 49.576, "NSE": "C-", "VIVTOT": 30.0, "GRAPROES": 8.84, "_ent": "05", "_mun": "006", "_loc": "0001"}, "geometry": {"type": "Polygon", "coordinates": [[[-101.41743, 26.78559], [-101.41646, 26.7861], [-101.41625, 26.78572], [-101.41729, 26.78519], [-101.41743, 26.78559]]]}}, {"id": "152808", "type": "Feature", "properties": {"id": "152808", "CVEGEO": "050060001051A022", "POBTOT": 78.0, "score_nse": 50.5068, "NSE": "C-", "VIVTOT": 26.0, "GRAPROES": 9.13, "_ent": "05", "_mun": "006", "_loc": "0001"}, "geometry": {"type": "Polygon", "coordinates": [[[-101.41684, 26.78686], [-101.41599, 26.78733], [-101.4158, 26.787], [-101.41666, 26.78657], [-101.41684, 26.78686]]]}}, {"id": "152809", "type": "Feature", "properties": {"id": "152809", "CVEGEO": "050060001051A025", "POBTOT": 24.0, "score_nse": 52.878, "NSE": "C-", "VIVTOT": 12.0, "GRAPROES": 10.75, "_ent": "05", "_mun": "006", "_loc": "0001"}, "geometry": {"type": "Polygon", "coordinates": [[[-101.41662, 26.78653], [-101.41582, 26.78696], [-101.41564, 26.78674], [-101.41647, 26.78623], [-101.41662, 26.78653]]]}}, {"id": "152810", "type": "Feature", "properties": {"id": "152810", "CVEGEO": "050060001051A024", "POBTOT": 131.0, "score_nse": 46.5009, "NSE": "C-", "VIVTOT": 46.0, "GRAPROES": 8.89, "_ent": "05", "_mun": "006", "_loc": "0001"}, "geometry": {"type": "Polygon", "coordinates": [[[-101.41746, 26.78569], [-101.41756, 26.78604], [-101.41666, 26.78651], [-101.4165, 26.7862], [-101.41746, 26.78569]]]}}, {"id": "152811", "type": "Feature", "properties": {"id": "152811", "CVEGEO": "0500600010505013", "POBTOT": 52.0, "score_nse": 0.0, "NSE": "ND", "VIVTOT": 16.0, "GRAPROES": 11.49, "_ent": "05", "_mun": "006", "_loc": "0001"}, "geometry": {"type": "Polygon", "coordinates": [[[-101.4122, 26.7877], [-101.41148, 26.78804], [-101.41093, 26.78721], [-101.41167, 26.78685], [-101.4122, 26.7877]]]}}, {"id": "152812", "type": "Feature", "properties": {"id": "152812", "CVEGEO": "0500600010505001", "POBTOT": 7.0, "score_nse": 0.0, "NSE": "ND", "VIVTOT": 4.0, "GRAPROES": 0.0, "_ent": "05", "_mun": "006", "_loc": "0001"}, "geometry": {"type": "Polygon", "coordinates": [[[-101.41038, 26.78976], [-101.40988, 26.78893], [-101.41034, 26.78872], [-101.41083, 26.78952], [-101.41038, 26.78976]]]}}, {"id": "152813", "type": "Feature", "properties": {"id": "152813", "CVEGEO": "0500600011039024", "POBTOT": 0.0, "score_nse": 0.0, "NSE": "ND", "VIVTOT": 0.0, "GRAPROES": 0.0, "_ent": "05", "_mun": "006", "_loc": "0001"}, "geometry": {"type": "Polygon", "coordinates": [[[-101.41845, 26.81959], [-101.41405, 26.82], [-101.41393, 26.81915], [-101.4183, 26.81867], [-101.41845, 26.81959]]]}}, {"id": "152814", "type": "Feature", "properties": {"id": "152814", "CVEGEO": "0500600010473007", "POBTOT": 24.0, "score_nse": 55.8155, "NSE": "C", "VIVTOT": 16.0, "GRAPROES": 11.75, "_ent": "05", "_mun": "006", "_loc": "0001"}, "geometry": {"type": "Polygon", "coordinates": [[[-101.4111, 26.77165], [-101.41216, 26.77137], [-101.41245, 26.77235], [-101.41227, 26.77239], [-101.41207, 26.77174], [-101.41219, 26.7724], [-101.41144, 26.77263], [-101.4111, 26.77165]]]}}, {"id": "152815", "type": "Feature", "properties": {"id": "152815", "CVEGEO": "0500600010473024", "POBTOT": 73.0, "score_nse": 67.4942, "NSE": "C", "VIVTOT": 22.0, "GRAPROES": 10.9, "_ent": "05", "_mun": "006", "_loc": "0001"}, "geometry": {"type": "Polygon", "coordinates": [[[-101.41083, 26.76721], [-101.4105, 26.76622], [-101.41175, 26.76557], [-101.41219, 26.76685], [-101.41121, 26.7671], [-101.41115, 26.7669], [-101.41115, 26.76713], [-101.41083, 26.76721]]]}}, {"id": "152816", "type": "Feature", "properties": {"id": "152816", "CVEGEO": "0500600010454055", "POBTOT": 11.0, "score_nse": 0.0, "NSE": "ND", "VIVTOT": 6.0, "GRAPROES": 7.86, "_ent": "05", "_mun": "006", "_loc": "0001"}, "geometry": {"type": "Polygon", "coordinates": [[[-101.41635, 26.7632], [-101.41461, 26.76392], [-101.41431, 26.76305], [-101.41588, 26.76241], [-101.41635, 26.7632]]]}}, {"id": "152817", "type": "Feature", "properties": {"id": "152817", "CVEGEO": "050060001101A002", "POBTOT": 27.0, "score_nse": 0.0, "NSE": "ND", "VIVTOT": 9.0, "GRAPROES": 9.94, "_ent": "05", "_mun": "006", "_loc": "0001"}, "geometry": {"type": "Polygon", "coordinates": [[[-101.43032, 26.79715], [-101.43068, 26.7973], [-101.43007, 26.79793], [-101.42981, 26.79775], [-101.43032, 26.79715]]]}}, {"id": "152818", "type": "Feature", "properties": {"id": "152818", "CVEGEO": "0500600010793003", "POBTOT": 31.0, "score_nse": 0.0, "NSE": "ND", "VIVTOT": 7.0, "GRAPROES": 10.33, "_ent": "05", "_mun": "006", "_loc": "0001"}, "geometry": {"type": "Polygon", "coordinates": [[[-101.42954, 26.80041], [-101.42914, 26.80004], [-101.42957, 26.79931], [-101.43005, 26.7995], [-101.42954, 26.80041]]]}}, {"id": "152819", "type": "Feature", "properties": {"id": "152819", "CVEGEO": "0500600010810002", "POBTOT": 11.0, "score_nse": 0.0, "NSE": "ND", "VIVTOT": 5.0, "GRAPROES": 8.88, "_ent": "05", "_mun": "006", "_loc": "0001"}, "geometry": {"type": "Polygon", "coordinates": [[[-101.41728, 26.79808], [-101.4172, 26.79836], [-101.4153, 26.79779], [-101.41557, 26.79757], [-101.41728, 26.79808]]]}}, {"id": "152820", "type": "Feature", "properties": {"id": "152820", "CVEGEO": "0500600010810005", "POBTOT": 82.0, "score_nse": 60.4812, "NSE": "C", "VIVTOT": 32.0, "GRAPROES": 11.48, "_ent": "05", "_mun": "006", "_loc": "0001"}, "geometry": {"type": "Polygon", "coordinates": [[[-101.41461, 26.7977], [-101.4159, 26.79564], [-101.41676, 26.79508], [-101.41833, 26.79473], [-101.42079, 26.79472], [-101.42105, 26.79537], [-101.41932, 26.79547], [-101.4192, 26.79594], [-101.41669, 26.79561], [-101.41699, 26.79676], [-101.41653, 26.79666], [-101.41626, 26.79688], [-101.41572, 26.79653], [-101.41622, 26.79692], [-101.41462, 26.79829], [-101.41461, 26.7977]]]}}, {"id": "152821", "type": "Feature", "properties": {"id": "152821", "CVEGEO": "050060001051A033", "POBTOT": 20.0, "score_nse": 0.0, "NSE": "ND", "VIVTOT": 10.0, "GRAPROES": 8.93, "_ent": "05", "_mun": "006", "_loc": "0001"}, "geometry": {"type": "Polygon", "coordinates": [[[-101.41159, 26.78136], [-101.4124, 26.78114], [-101.41273, 26.7814], [-101.41185, 26.78175], [-101.41159, 26.78136]]]}}, {"id": "152822", "type": "Feature", "properties": {"id": "152822", "CVEGEO": "050060001051A032", "POBTOT": 46.0, "score_nse": 0.0, "NSE": "ND", "VIVTOT": 15.0, "GRAPROES": 9.3, "_ent": "05", "_mun": "006", "_loc": "0001"}, "geometry": {"type": "Polygon", "coordinates": [[[-101.41191, 26.78183], [-101.41265, 26.78148], [-101.41304, 26.78243], [-101.41251, 26.78265], [-101.41191, 26.78183]]]}}, {"id": "152823", "type": "Feature", "properties": {"id": "152823", "CVEGEO": "050060001051A005", "POBTOT": 0.0, "score_nse": 0.0, "NSE": "ND", "VIVTOT": 0.0, "GRAPROES": 0.0, "_ent": "05", "_mun": "006", "_loc": "0001"}, "geometry": {"type": "Polygon", "coordinates": [[[-101.41393, 26.78127], [-101.41505, 26.78093], [-101.41576, 26.78042], [-101.41665, 26.78051], [-101.41708, 26.78168], [-101.41446, 26.78285], [-101.41414, 26.78275], [-101.41366, 26.78195], [-101.41393, 26.78127]]]}}, {"id": "152824", "type": "Feature", "properties": {"id": "152824", "CVEGEO": "0500600011039008", "POBTOT": 0.0, "score_nse": 0.0, "NSE": "ND", "VIVTOT": 0.0, "GRAPROES": 0.0, "_ent": "05", "_mun": "006", "_loc": "0001"}, "geometry": {"type": "Polygon", "coordinates": [[[-101.42367, 26.8247], [-101.42262, 26.82482], [-101.42248, 26.82395], [-101.42352, 26.82381], [-101.42367, 26.8247]]]}}, {"id": "152825", "type": "Feature", "properties": {"id": "152825", "CVEGEO": "0500600010473040", "POBTOT": 2.0, "score_nse": 0.0, "NSE": "ND", "VIVTOT": 5.0, "GRAPROES": 0.0, "_ent": "05", "_mun": "006", "_loc": "0001"}, "geometry": {"type": "Polygon", "coordinates": [[[-101.40132, 26.76839], [-101.40086, 26.76722], [-101.40192, 26.76642], [-101.40269, 26.76703], [-101.4016, 26.76766], [-101.40273, 26.76707], [-101.40313, 26.76738], [-101.40132, 26.76839]]]}}, {"id": "152826", "type": "Feature", "properties": {"id": "152826", "CVEGEO": "0500600010505015", "POBTOT": 22.0, "score_nse": 0.0, "NSE": "ND", "VIVTOT": 8.0, "GRAPROES": 8.67, "_ent": "05", "_mun": "006", "_loc": "0001"}, "geometry": {"type": "Polygon", "coordinates": [[[-101.41022, 26.78865], [-101.40932, 26.78907], [-101.40883, 26.78825], [-101.40974, 26.7878], [-101.41008, 26.78841], [-101.40964, 26.7886], [-101.41011, 26.78846], [-101.41022, 26.78865]]]}}, {"id": "152827", "type": "Feature", "properties": {"id": "152827", "CVEGEO": "050060001051A023", "POBTOT": 119.0, "score_nse": 0.0, "NSE": "ND", "VIVTOT": 33.0, "GRAPROES": 9.22, "_ent": "05", "_mun": "006", "_loc": "0001"}, "geometry": {"type": "Polygon", "coordinates": [[[-101.41738, 26.78514], [-101.41798, 26.78488], [-101.41837, 26.78604], [-101.41776, 26.78636], [-101.41738, 26.78514]]]}}, {"id": "152828", "type": "Feature", "properties": {"id": "152828", "CVEGEO": "0500600010346006", "POBTOT": 31.0, "score_nse": 0.0, "NSE": "ND", "VIVTOT": 7.0, "GRAPROES": 8.45, "_ent": "05", "_mun": "006", "_loc": "0001"}, "geometry": {"type": "Polygon", "coordinates": [[[-101.41716, 26.8035], [-101.41679, 26.80346], [-101.41659, 26.80301], [-101.41724, 26.80311], [-101.41716, 26.8035]]]}}, {"id": "152829", "type": "Feature", "properties": {"id": "152829", "CVEGEO": "0500600010473041", "POBTOT": 19.0, "score_nse": 0.0, "NSE": "ND", "VIVTOT": 8.0, "GRAPROES": 10.91, "_ent": "05", "_mun": "006", "_loc": "0001"}, "geometry": {"type": "Polygon", "coordinates": [[[-101.40389, 26.77018], [-101.4035, 26.77014], [-101.40513, 26.7693], [-101.40528, 26.76979], [-101.40494, 26.76989], [-101.40489, 26.76976], [-101.40489, 26.7699], [-101.40389, 26.77018]]]}}, {"id": "152830", "type": "Feature", "properties": {"id": "152830", "CVEGEO": "050060001051A036", "POBTOT": 90.0, "score_nse": 44.4541, "NSE": "C-", "VIVTOT": 37.0, "GRAPROES": 8.95, "_ent": "05", "_mun": "006", "_loc": "0001"}, "geometry": {"type": "Polygon", "coordinates": [[[-101.41689, 26.78684], [-101.41673, 26.78653], [-101.41758, 26.7861], [-101.41764, 26.78642], [-101.41689, 26.78684]]]}}, {"id": "152831", "type": "Feature", "properties": {"id": "152831", "CVEGEO": "0500600010505005", "POBTOT": 19.0, "score_nse": 0.0, "NSE": "ND", "VIVTOT": 6.0, "GRAPROES": 10.64, "_ent": "05", "_mun": "006", "_loc": "0001"}, "geometry": {"type": "Polygon", "coordinates": [[[-101.41172, 26.78683], [-101.41199, 26.7867], [-101.41249, 26.78756], [-101.41225, 26.78767], [-101.41172, 26.78683]]]}}, {"id": "152832", "type": "Feature", "properties": {"id": "152832", "CVEGEO": "0500600010505004", "POBTOT": 22.0, "score_nse": 0.0, "NSE": "ND", "VIVTOT": 10.0, "GRAPROES": 9.47, "_ent": "05", "_mun": "006", "_loc": "0001"}, "geometry": {"type": "Polygon", "coordinates": [[[-101.40634, 26.79092], [-101.40506, 26.78886], [-101.40598, 26.7884], [-101.40652, 26.78925], [-101.40616, 26.7894], [-101.40673, 26.79079], [-101.40634, 26.79092]]]}}, {"id": "152833", "type": "Feature", "properties": {"id": "152833", "CVEGEO": "0500600010505003", "POBTOT": 12.0, "score_nse": 0.0, "NSE": "ND", "VIVTOT": 7.0, "GRAPROES": 4.0, "_ent": "05", "_mun": "006", "_loc": "0001"}, "geometry": {"type": "Polygon", "coordinates": [[[-101.41079, 26.78937], [-101.41043, 26.78868], [-101.4114, 26.78823], [-101.41187, 26.789], [-101.41079, 26.78937]]]}}, {"id": "152834", "type": "Feature", "properties": {"id": "152834", "CVEGEO": "0500600010492004", "POBTOT": 44.0, "score_nse": 0.0, "NSE": "ND", "VIVTOT": 14.0, "GRAPROES": 10.22, "_ent": "05", "_mun": "006", "_loc": "0001"}, "geometry": {"type": "Polygon", "coordinates": [[[-101.40216, 26.78656], [-101.40267, 26.78741], [-101.40173, 26.78786], [-101.4013, 26.78705], [-101.40216, 26.78656]]]}}, {"id": "152835", "type": "Feature", "properties": {"id": "152835", "CVEGEO": "0500600010492003", "POBTOT": 35.0, "score_nse": 0.0, "NSE": "ND", "VIVTOT": 15.0, "GRAPROES": 9.96, "_ent": "05", "_mun": "006", "_loc": "0001"}, "geometry": {"type": "Polygon", "coordinates": [[[-101.40279, 26.78748], [-101.40308, 26.78734], [-101.40342, 26.7877], [-101.40316, 26.78731], [-101.40378, 26.78701], [-101.40426, 26.78784], [-101.40372, 26.78809], [-101.4038, 26.78823], [-101.40436, 26.78796], [-101.40486, 26.78881], [-101.40389, 26.78925], [-101.40279, 26.78748]]]}}, {"id": "152836", "type": "Feature", "properties": {"id": "152836", "CVEGEO": "0500600010806054", "POBTOT": 0.0, "score_nse": 10.0, "NSE": "E", "VIVTOT": 1.0, "GRAPROES": 0.0, "_ent": "05", "_mun": "006", "_loc": "0001"}, "geometry": {"type": "Polygon", "coordinates": [[[-101.44801, 26.79386], [-101.44835, 26.79279], [-101.45069, 26.79336], [-101.4504, 26.79439], [-101.44801, 26.79386]]]}}, {"id": "152837", "type": "Feature", "properties": {"id": "152837", "CVEGEO": "0500600010806053", "POBTOT": 0.0, "score_nse": 10.0, "NSE": "E", "VIVTOT": 1.0, "GRAPROES": 0.0, "_ent": "05", "_mun": "006", "_loc": "0001"}, "geometry": {"type": "Polygon", "coordinates": [[[-101.45047, 26.79439], [-101.45075, 26.79338], [-101.45115, 26.79349], [-101.45087, 26.79449], [-101.45047, 26.79439]]]}}, {"id": "152838", "type": "Feature", "properties": {"id": "152838", "CVEGEO": "0500600010806052", "POBTOT": 16.0, "score_nse": 0.0, "NSE": "ND", "VIVTOT": 8.0, "GRAPROES": 8.38, "_ent": "05", "_mun": "006", "_loc": "0001"}, "geometry": {"type": "Polygon", "coordinates": [[[-101.44775, 26.79486], [-101.44808, 26.79395], [-101.4492, 26.7942], [-101.44882, 26.79514], [-101.44775, 26.79486]]]}}, {"id": "152839", "type": "Feature", "properties": {"id": "152839", "CVEGEO": "0500600010806051", "POBTOT": 0.0, "score_nse": 10.0, "NSE": "E", "VIVTOT": 1.0, "GRAPROES": 0.0, "_ent": "05", "_mun": "006", "_loc": "0001"}, "geometry": {"type": "Polygon", "coordinates": [[[-101.4489, 26.79514], [-101.4493, 26.7942], [-101.45037, 26.79445], [-101.45031, 26.79494], [-101.45046, 26.79446], [-101.45145, 26.7947], [-101.45132, 26.79514], [-101.45058, 26.79501], [-101.45037, 26.79552], [-101.4489, 26.79514]]]}}, {"id": "152840", "type": "Feature", "properties": {"id": "152840", "CVEGEO": "0500600010810007", "POBTOT": 4.0, "score_nse": 0.0, "NSE": "ND", "VIVTOT": 2.0, "GRAPROES": 0.0, "_ent": "05", "_mun": "006", "_loc": "0001"}, "geometry": {"type": "Polygon", "coordinates": [[[-101.41562, 26.79753], [-101.41627, 26.79698], [-101.41679, 26.79786], [-101.41562, 26.79753]]]}}, {"id": "152841", "type": "Feature", "properties": {"id": "152841", "CVEGEO": "0500600010810006", "POBTOT": 30.0, "score_nse": 0.0, "NSE": "ND", "VIVTOT": 13.0, "GRAPROES": 10.76, "_ent": "05", "_mun": "006", "_loc": "0001"}, "geometry": {"type": "Polygon", "coordinates": [[[-101.41631, 26.79694], [-101.41657, 26.79672], [-101.41757, 26.79695], [-101.41731, 26.79801], [-101.41688, 26.79788], [-101.41631, 26.79694]]]}}, {"id": "152842", "type": "Feature", "properties": {"id": "152842", "CVEGEO": "050060001051A011", "POBTOT": 0.0, "score_nse": 0.0, "NSE": "ND", "VIVTOT": 0.0, "GRAPROES": 0.0, "_ent": "05", "_mun": "006", "_loc": "0001"}, "geometry": {"type": "Polygon", "coordinates": [[[-101.41284, 26.78195], [-101.41286, 26.78169], [-101.41358, 26.78198], [-101.41309, 26.78241], [-101.41284, 26.78195]]]}}, {"id": "152843", "type": "Feature", "properties": {"id": "152843", "CVEGEO": "0500600010473046", "POBTOT": 2.0, "score_nse": 0.0, "NSE": "ND", "VIVTOT": 4.0, "GRAPROES": 0.0, "_ent": "05", "_mun": "006", "_loc": "0001"}, "geometry": {"type": "Polygon", "coordinates": [[[-101.40448, 26.76713], [-101.40493, 26.76782], [-101.40428, 26.76816], [-101.40357, 26.76756], [-101.40448, 26.76713]]]}}, {"id": "152844", "type": "Feature", "properties": {"id": "152844", "CVEGEO": "0500600010473026", "POBTOT": 28.0, "score_nse": 34.7433, "NSE": "D+", "VIVTOT": 12.0, "GRAPROES": 6.89, "_ent": "05", "_mun": "006", "_loc": "0001"}, "geometry": {"type": "Polygon", "coordinates": [[[-101.40478, 26.76888], [-101.40512, 26.76917], [-101.40375, 26.76989], [-101.40344, 26.7695], [-101.40478, 26.76888]]]}}, {"id": "152845", "type": "Feature", "properties": {"id": "152845", "CVEGEO": "0500600010473014", "POBTOT": 14.0, "score_nse": 0.0, "NSE": "ND", "VIVTOT": 4.0, "GRAPROES": 10.89, "_ent": "05", "_mun": "006", "_loc": "0001"}, "geometry": {"type": "Polygon", "coordinates": [[[-101.40534, 26.76978], [-101.40527, 26.76923], [-101.40621, 26.76954], [-101.40534, 26.76978]]]}}, {"id": "152846", "type": "Feature", "properties": {"id": "152846", "CVEGEO": "050060001101A006", "POBTOT": 3.0, "score_nse": 0.0, "NSE": "ND", "VIVTOT": 1.0, "GRAPROES": 0.0, "_ent": "05", "_mun": "006", "_loc": "0001"}, "geometry": {"type": "Polygon", "coordinates": [[[-101.43036, 26.79923], [-101.43079, 26.79944], [-101.43046, 26.80001], [-101.43003, 26.79984], [-101.43036, 26.79923]]]}}, {"id": "152847", "type": "Feature", "properties": {"id": "152847", "CVEGEO": "050060001101A005", "POBTOT": 0.0, "score_nse": 10.0, "NSE": "E", "VIVTOT": 1.0, "GRAPROES": 0.0, "_ent": "05", "_mun": "006", "_loc": "0001"}, "geometry": {"type": "Polygon", "coordinates": [[[-101.43161, 26.8003], [-101.4306, 26.80001], [-101.43126, 26.79884], [-101.43209, 26.79911], [-101.43172, 26.79973], [-101.43161, 26.8003]]]}}, {"id": "152848", "type": "Feature", "properties": {"id": "152848", "CVEGEO": "050060001005A001", "POBTOT": 0.0, "score_nse": 0.0, "NSE": null, "VIVTOT": 0.0, "GRAPROES": 0.0, "_ent": "05", "_mun": "006", "_loc": "0001"}, "geometry": {"type": "Polygon", "coordinates": [[[-101.39331, 26.77386], [-101.39246, 26.77382], [-101.39236, 26.77317], [-101.39328, 26.77368], [-101.39331, 26.77386]]]}}, {"id": "152849", "type": "Feature", "properties": {"id": "152849", "CVEGEO": "050060001005A002", "POBTOT": 0.0, "score_nse": 0.0, "NSE": null, "VIVTOT": 0.0, "GRAPROES": 0.0, "_ent": "05", "_mun": "006", "_loc": "0001"}, "geometry": {"type": "Polygon", "coordinates": [[[-101.39255, 26.77319], [-101.39273, 26.77305], [-101.39347, 26.77352], [-101.39322, 26.77362], [-101.39255, 26.77319]]]}}, {"id": "152850", "type": "Feature", "properties": {"id": "152850", "CVEGEO": "050060001005A003", "POBTOT": 0.0, "score_nse": 0.0, "NSE": null, "VIVTOT": 0.0, "GRAPROES": 0.0, "_ent": "05", "_mun": "006", "_loc": "0001"}, "geometry": {"type": "Polygon", "coordinates": [[[-101.39313, 26.77269], [-101.39343, 26.77245], [-101.3943, 26.77295], [-101.39398, 26.7732], [-101.39313, 26.77269]]]}}, {"id": "152851", "type": "Feature", "properties": {"id": "152851", "CVEGEO": "050060001005A004", "POBTOT": 0.0, "score_nse": 0.0, "NSE": null, "VIVTOT": 0.0, "GRAPROES": 0.0, "_ent": "05", "_mun": "006", "_loc": "0001"}, "geometry": {"type": "Polygon", "coordinates": [[[-101.39467, 26.77265], [-101.39436, 26.77291], [-101.39349, 26.7724], [-101.39381, 26.77213], [-101.39467, 26.77265]]]}}, {"id": "152852", "type": "Feature", "properties": {"id": "152852", "CVEGEO": "0500600010331001", "POBTOT": 0.0, "score_nse": 0.0, "NSE": "ND", "VIVTOT": 0.0, "GRAPROES": 0.0, "_ent": "05", "_mun": "006", "_loc": "0001"}, "geometry": {"type": "Polygon", "coordinates": [[[-101.421, 26.80532], [-101.4218, 26.80242], [-101.42324, 26.80274], [-101.42385, 26.80602], [-101.421, 26.80532]]]}}, {"id": "152853", "type": "Feature", "properties": {"id": "152853", "CVEGEO": "0500600010331035", "POBTOT": 5.0, "score_nse": 0.0, "NSE": "ND", "VIVTOT": 1.0, "GRAPROES": 0.0, "_ent": "05", "_mun": "006", "_loc": "0001"}, "geometry": {"type": "Polygon", "coordinates": [[[-101.42319, 26.806], [-101.423, 26.80713], [-101.42367, 26.80723], [-101.42369, 26.80712], [-101.42316, 26.80705], [-101.4233, 26.80602], [-101.42396, 26.80612], [-101.42477, 26.81058], [-101.4212, 26.80994], [-101.42141, 26.80901], [-101.42243, 26.80922], [-101.42238, 26.80952], [-101.42256, 26.80954], [-101.42265, 26.80911], [-101.4203, 26.80863], [-101.42052, 26.80773], [-101.42169, 26.80797], [-101.42212, 26.80577], [-101.42319, 26.806]]]}}, {"id": "152854", "type": "Feature", "properties": {"id": "152854", "CVEGEO": "0500600010990006", "POBTOT": 10.0, "score_nse": 0.0, "NSE": "ND", "VIVTOT": 3.0, "GRAPROES": 9.0, "_ent": "05", "_mun": "006", "_loc": "0001"}, "geometry": {"type": "Polygon", "coordinates": [[[-101.44038, 26.77833], [-101.43944, 26.77772], [-101.43956, 26.7775], [-101.44007, 26.77775], [-101.43957, 26.77746], [-101.43986, 26.77695], [-101.44137, 26.77759], [-101.43989, 26.77689], [-101.44027, 26.77604], [-101.44101, 26.77606], [-101.44191, 26.77759], [-101.44097, 26.77806], [-101.44085, 26.77793], [-101.44089, 26.7781], [-101.44038, 26.77833]]]}}, {"id": "152855", "type": "Feature", "properties": {"id": "152855", "CVEGEO": "0500600011005049", "POBTOT": 4.0, "score_nse": 0.0, "NSE": "ND", "VIVTOT": 2.0, "GRAPROES": 0.0, "_ent": "05", "_mun": "006", "_loc": "0001"}, "geometry": {"type": "Polygon", "coordinates": [[[-101.39644, 26.77095], [-101.3969, 26.77065], [-101.39927, 26.77147], [-101.39854, 26.77183], [-101.39644, 26.77095]]]}}, {"id": "152856", "type": "Feature", "properties": {"id": "152856", "CVEGEO": "0500600011005051", "POBTOT": 0.0, "score_nse": 0.0, "NSE": null, "VIVTOT": 0.0, "GRAPROES": 0.0, "_ent": "05", "_mun": "006", "_loc": "0001"}, "geometry": {"type": "Polygon", "coordinates": [[[-101.39388, 26.77207], [-101.3949, 26.77127], [-101.39566, 26.77145], [-101.39593, 26.77126], [-101.39796, 26.77213], [-101.39576, 26.77323], [-101.39388, 26.77207]]]}}, {"id": "152857", "type": "Feature", "properties": {"id": "152857", "CVEGEO": "0500600011005052", "POBTOT": 0.0, "score_nse": 0.0, "NSE": null, "VIVTOT": 0.0, "GRAPROES": 0.0, "_ent": "05", "_mun": "006", "_loc": "0001"}, "geometry": {"type": "Polygon", "coordinates": [[[-101.396, 26.77122], [-101.39637, 26.771], [-101.39843, 26.77187], [-101.39803, 26.77207], [-101.396, 26.77122]]]}}, {"id": "152858", "type": "Feature", "properties": {"id": "152858", "CVEGEO": "0500600010064001", "POBTOT": 0.0, "score_nse": 0.0, "NSE": null, "VIVTOT": 0.0, "GRAPROES": 0.0, "_ent": "05", "_mun": "006", "_loc": "0001"}, "geometry": {"type": "Polygon", "coordinates": [[[-101.3979, 26.77085], [-101.39804, 26.77047], [-101.39873, 26.77061], [-101.39806, 26.77042], [-101.39819, 26.77006], [-101.399, 26.77023], [-101.39822, 26.77], [-101.39834, 26.76966], [-101.39928, 26.76994], [-101.39949, 26.77018], [-101.3988, 26.77113], [-101.3979, 26.77085]]]}}, {"id": "152859", "type": "Feature", "properties": {"id": "152859", "CVEGEO": "0500600010064003", "POBTOT": 0.0, "score_nse": 0.0, "NSE": null, "VIVTOT": 0.0, "GRAPROES": 0.0, "_ent": "05", "_mun": "006", "_loc": "0001"}, "geometry": {"type": "Polygon", "coordinates": [[[-101.39727, 26.76979], [-101.39812, 26.77004], [-101.398, 26.77039], [-101.39712, 26.77015], [-101.39727, 26.76979]]]}}, {"id": "152860", "type": "Feature", "properties": {"id": "152860", "CVEGEO": "0500600011039001", "POBTOT": 0.0, "score_nse": 0.0, "NSE": "ND", "VIVTOT": 0.0, "GRAPROES": 0.0, "_ent": "05", "_mun": "006", "_loc": "0001"}, "geometry": {"type": "Polygon", "coordinates": [[[-101.42245, 26.83097], [-101.42221, 26.82957], [-101.426, 26.82969], [-101.42604, 26.83014], [-101.42626, 26.83013], [-101.42588, 26.82781], [-101.42569, 26.82785], [-101.42595, 26.82949], [-101.42523, 26.8296], [-101.42219, 26.8294], [-101.42191, 26.82778], [-101.42295, 26.82779], [-101.42294, 26.82764], [-101.42188, 26.82762], [-101.42162, 26.826], [-101.42389, 26.82608], [-101.42397, 26.82653], [-101.42399, 26.82609], [-101.4245, 26.82612], [-101.42458, 26.82654], [-101.42507, 26.82655], [-101.42518, 26.82703], [-101.42648, 26.827], [-101.42715, 26.82832], [-101.42722, 26.82929], [-101.4274, 26.82948], [-101.42786, 26.82941], [-101.42834, 26.83065], [-101.42245, 26.83097]]]}}, {"id": "152861", "type": "Feature", "properties": {"id": "152861", "CVEGEO": "0500603560558001", "POBTOT": 0.0, "score_nse": 0.0, "NSE": null, "VIVTOT": 0.0, "GRAPROES": 0.0, "_ent": "05", "_mun": "006", "_loc": "0356"}, "geometry": {"type": "Polygon", "coordinates": [[[-101.39919, 26.75951], [-101.39948, 26.75959], [-101.39909, 26.7604], [-101.3989, 26.76034], [-101.39919, 26.75951]]]}}, {"id": "152862", "type": "Feature", "properties": {"id": "152862", "CVEGEO": "0500603560558002", "POBTOT": 0.0, "score_nse": 0.0, "NSE": null, "VIVTOT": 0.0, "GRAPROES": 0.0, "_ent": "05", "_mun": "006", "_loc": "0356"}, "geometry": {"type": "Polygon", "coordinates": [[[-101.39791, 26.76013], [-101.39848, 26.75835], [-101.3994, 26.75858], [-101.39913, 26.7594], [-101.39856, 26.75928], [-101.3991, 26.75948], [-101.39883, 26.76035], [-101.39791, 26.76013]]]}}, {"id": "152863", "type": "Feature", "properties": {"id": "152863", "CVEGEO": "0500603560558003", "POBTOT": 0.0, "score_nse": 0.0, "NSE": null, "VIVTOT": 0.0, "GRAPROES": 0.0, "_ent": "05", "_mun": "006", "_loc": "0356"}, "geometry": {"type": "Polygon", "coordinates": [[[-101.39923, 26.75943], [-101.39982, 26.75768], [-101.4004, 26.75782], [-101.39955, 26.75952], [-101.39923, 26.75943]]]}}, {"id": "152864", "type": "Feature", "properties": {"id": "152864", "CVEGEO": "0500603560558004", "POBTOT": 0.0, "score_nse": 0.0, "NSE": null, "VIVTOT": 0.0, "GRAPROES": 0.0, "_ent": "05", "_mun": "006", "_loc": "0356"}, "geometry": {"type": "Polygon", "coordinates": [[[-101.39972, 26.75766], [-101.39942, 26.75851], [-101.3985, 26.75827], [-101.39878, 26.75743], [-101.39972, 26.75766]]]}}, {"id": "152865", "type": "Feature", "properties": {"id": "152865", "CVEGEO": "0500603560558005", "POBTOT": 0.0, "score_nse": 0.0, "NSE": null, "VIVTOT": 0.0, "GRAPROES": 0.0, "_ent": "05", "_mun": "006", "_loc": "0356"}, "geometry": {"type": "Polygon", "coordinates": [[[-101.39985, 26.7576], [-101.40011, 26.75677], [-101.40078, 26.75694], [-101.40043, 26.75776], [-101.39985, 26.7576]]]}}, {"id": "152866", "type": "Feature", "properties": {"id": "152866", "CVEGEO": "0500600010064002", "POBTOT": 0.0, "score_nse": 0.0, "NSE": null, "VIVTOT": 0.0, "GRAPROES": 0.0, "_ent": "05", "_mun": "006", "_loc": "0001"}, "geometry": {"type": "Polygon", "coordinates": [[[-101.39711, 26.7702], [-101.39798, 26.77044], [-101.39784, 26.77084], [-101.39695, 26.77057], [-101.39711, 26.7702]]]}}, {"id": "152867", "type": "Feature", "properties": {"id": "152867", "CVEGEO": "050060001005A005", "POBTOT": 0.0, "score_nse": 0.0, "NSE": null, "VIVTOT": 0.0, "GRAPROES": 0.0, "_ent": "05", "_mun": "006", "_loc": "0001"}, "geometry": {"type": "Polygon", "coordinates": [[[-101.39258, 26.77396], [-101.3943, 26.7739], [-101.39339, 26.77431], [-101.39247, 26.77444], [-101.39242, 26.7742], [-101.39258, 26.77396]]]}}, {"id": "152868", "type": "Feature", "properties": {"id": "152868", "CVEGEO": "0500600010350001", "POBTOT": 10.0, "score_nse": 0.0, "NSE": "ND", "VIVTOT": 3.0, "GRAPROES": 12.44, "_ent": "05", "_mun": "006", "_loc": "0001"}, "geometry": {"type": "Polygon", "coordinates": [[[-101.42293, 26.79737], [-101.42265, 26.7973], [-101.42227, 26.79612], [-101.42249, 26.79579], [-101.42364, 26.7962], [-101.42293, 26.79737]]]}}, {"id": "152869", "type": "Feature", "properties": {"id": "152869", "CVEGEO": "0500600010350045", "POBTOT": 34.0, "score_nse": 67.244, "NSE": "C", "VIVTOT": 13.0, "GRAPROES": 10.24, "_ent": "05", "_mun": "006", "_loc": "0001"}, "geometry": {"type": "Polygon", "coordinates": [[[-101.42531, 26.79447], [-101.42859, 26.79083], [-101.42904, 26.79118], [-101.42582, 26.79481], [-101.42531, 26.79447]]]}}, {"id": "152870", "type": "Feature", "properties": {"id": "152870", "CVEGEO": "0500600010365016", "POBTOT": 44.0, "score_nse": 61.8788, "NSE": "C", "VIVTOT": 13.0, "GRAPROES": 10.0, "_ent": "05", "_mun": "006", "_loc": "0001"}, "geometry": {"type": "Polygon", "coordinates": [[[-101.43448, 26.79388], [-101.43459, 26.79344], [-101.4351, 26.79355], [-101.43462, 26.79336], [-101.43474, 26.79292], [-101.43579, 26.79317], [-101.43552, 26.79412], [-101.43448, 26.79388]]]}}, {"id": "152871", "type": "Feature", "properties": {"id": "152871", "CVEGEO": "0500600010416029", "POBTOT": 75.0, "score_nse": 58.336, "NSE": "C", "VIVTOT": 25.0, "GRAPROES": 10.09, "_ent": "05", "_mun": "006", "_loc": "0001"}, "geometry": {"type": "Polygon", "coordinates": [[[-101.43676, 26.7792], [-101.43696, 26.7784], [-101.43761, 26.77823], [-101.43785, 26.77841], [-101.4377, 26.7782], [-101.43789, 26.77814], [-101.43919, 26.77899], [-101.43894, 26.77913], [-101.43676, 26.7792]]]}}, {"id": "152872", "type": "Feature", "properties": {"id": "152872", "CVEGEO": "0500600010416031", "POBTOT": 56.0, "score_nse": 50.0867, "NSE": "C-", "VIVTOT": 18.0, "GRAPROES": 7.91, "_ent": "05", "_mun": "006", "_loc": "0001"}, "geometry": {"type": "Polygon", "coordinates": [[[-101.43628, 26.77806], [-101.43643, 26.7785], [-101.4368, 26.7784], [-101.4366, 26.77919], [-101.43519, 26.77926], [-101.43531, 26.77881], [-101.43627, 26.77855], [-101.43531, 26.77876], [-101.43535, 26.77848], [-101.43628, 26.77806]]]}}, {"id": "152873", "type": "Feature", "properties": {"id": "152873", "CVEGEO": "0500600010469016", "POBTOT": 0.0, "score_nse": 0.0, "NSE": null, "VIVTOT": 0.0, "GRAPROES": 0.0, "_ent": "05", "_mun": "006", "_loc": "0001"}, "geometry": {"type": "Polygon", "coordinates": [[[-101.4444, 26.7838], [-101.44403, 26.78395], [-101.44334, 26.78359], [-101.44341, 26.78323], [-101.4444, 26.7838]]]}}, {"id": "152874", "type": "Feature", "properties": {"id": "152874", "CVEGEO": "0500600010469017", "POBTOT": 0.0, "score_nse": 0.0, "NSE": null, "VIVTOT": 0.0, "GRAPROES": 0.0, "_ent": "05", "_mun": "006", "_loc": "0001"}, "geometry": {"type": "Polygon", "coordinates": [[[-101.44345, 26.78316], [-101.44351, 26.78286], [-101.44478, 26.78358], [-101.44447, 26.78373], [-101.44345, 26.78316]]]}}, {"id": "152875", "type": "Feature", "properties": {"id": "152875", "CVEGEO": "0500600010469020", "POBTOT": 0.0, "score_nse": 0.0, "NSE": "ND", "VIVTOT": 0.0, "GRAPROES": 0.0, "_ent": "05", "_mun": "006", "_loc": "0001"}, "geometry": {"type": "Polygon", "coordinates": [[[-101.44658, 26.78996], [-101.44539, 26.78976], [-101.44465, 26.78939], [-101.44283, 26.78796], [-101.44376, 26.78753], [-101.44387, 26.78771], [-101.4471, 26.78613], [-101.44842, 26.78834], [-101.44678, 26.78921], [-101.44658, 26.78996]]]}}, {"id": "152876", "type": "Feature", "properties": {"id": "152876", "CVEGEO": "0500600010469021", "POBTOT": 330.0, "score_nse": 53.1354, "NSE": "C-", "VIVTOT": 121.0, "GRAPROES": 10.21, "_ent": "05", "_mun": "006", "_loc": "0001"}, "geometry": {"type": "Polygon", "coordinates": [[[-101.44385, 26.78608], [-101.44414, 26.78651], [-101.44324, 26.78715], [-101.44423, 26.78659], [-101.44464, 26.78691], [-101.44282, 26.7878], [-101.44247, 26.78723], [-101.44266, 26.78781], [-101.44232, 26.7878], [-101.4421, 26.78702], [-101.44385, 26.78608]]]}}, {"id": "152877", "type": "Feature", "properties": {"id": "152877", "CVEGEO": "0500600010469022", "POBTOT": 0.0, "score_nse": 0.0, "NSE": null, "VIVTOT": 0.0, "GRAPROES": 0.0, "_ent": "05", "_mun": "006", "_loc": "0001"}, "geometry": {"type": "Polygon", "coordinates": [[[-101.44319, 26.78445], [-101.44496, 26.78356], [-101.44354, 26.78277], [-101.44369, 26.78187], [-101.44436, 26.78186], [-101.44504, 26.78328], [-101.44531, 26.78328], [-101.44609, 26.7845], [-101.44171, 26.78668], [-101.44154, 26.78644], [-101.44033, 26.78618], [-101.4404, 26.78589], [-101.44091, 26.78598], [-101.44042, 26.78585], [-101.44056, 26.78529], [-101.44182, 26.78555], [-101.44202, 26.78465], [-101.44245, 26.78477], [-101.44243, 26.78531], [-101.44271, 26.78386], [-101.44317, 26.78392], [-101.44301, 26.78487], [-101.44319, 26.78445]]]}}, {"id": "152878", "type": "Feature", "properties": {"id": "152878", "CVEGEO": "0500600010469068", "POBTOT": 70.0, "score_nse": 51.704, "NSE": "C-", "VIVTOT": 24.0, "GRAPROES": 9.13, "_ent": "05", "_mun": "006", "_loc": "0001"}, "geometry": {"type": "Polygon", "coordinates": [[[-101.44671, 26.78608], [-101.44598, 26.78484], [-101.44197, 26.78687], [-101.44187, 26.78668], [-101.44613, 26.78454], [-101.4471, 26.78612], [-101.44386, 26.78769], [-101.44376, 26.78752], [-101.44671, 26.78608]]]}}, {"id": "152879", "type": "Feature", "properties": {"id": "152879", "CVEGEO": "0500600010469075", "POBTOT": 26.0, "score_nse": 36.6738, "NSE": "D+", "VIVTOT": 18.0, "GRAPROES": 8.94, "_ent": "05", "_mun": "006", "_loc": "0001"}, "geometry": {"type": "Polygon", "coordinates": [[[-101.44274, 26.78379], [-101.44282, 26.78327], [-101.44335, 26.783], [-101.4432, 26.78385], [-101.44274, 26.78379]]]}}, {"id": "152880", "type": "Feature", "properties": {"id": "152880", "CVEGEO": "0500600010469076", "POBTOT": 115.0, "score_nse": 59.3154, "NSE": "C", "VIVTOT": 33.0, "GRAPROES": 10.01, "_ent": "05", "_mun": "006", "_loc": "0001"}, "geometry": {"type": "Polygon", "coordinates": [[[-101.44205, 26.78449], [-101.44233, 26.78303], [-101.44309, 26.78299], [-101.44272, 26.78323], [-101.4425, 26.7846], [-101.44205, 26.78449]]]}}, {"id": "152881", "type": "Feature", "properties": {"id": "152881", "CVEGEO": "0500600010473005", "POBTOT": 214.0, "score_nse": 61.0354, "NSE": "C", "VIVTOT": 62.0, "GRAPROES": 10.35, "_ent": "05", "_mun": "006", "_loc": "0001"}, "geometry": {"type": "Polygon", "coordinates": [[[-101.41053, 26.77412], [-101.41245, 26.77573], [-101.4114, 26.77564], [-101.41037, 26.77515], [-101.4099, 26.77449], [-101.40923, 26.77409], [-101.40875, 26.77406], [-101.40654, 26.7725], [-101.40582, 26.77149], [-101.40358, 26.77025], [-101.4053, 26.76985], [-101.40562, 26.77075], [-101.40546, 26.77079], [-101.40483, 26.77025], [-101.40473, 26.7703], [-101.40544, 26.77087], [-101.40566, 26.7708], [-101.40603, 26.77121], [-101.40884, 26.7731], [-101.40931, 26.77325], [-101.41016, 26.77304], [-101.41053, 26.77412]]]}}, {"id": "152882", "type": "Feature", "properties": {"id": "152882", "CVEGEO": "0500600010473047", "POBTOT": 0.0, "score_nse": 0.0, "NSE": null, "VIVTOT": 0.0, "GRAPROES": 0.0, "_ent": "05", "_mun": "006", "_loc": "0001"}, "geometry": {"type": "Polygon", "coordinates": [[[-101.41155, 26.77482], [-101.41061, 26.77406], [-101.41173, 26.77377], [-101.41206, 26.77469], [-101.41155, 26.77482]]]}}, {"id": "152883", "type": "Feature", "properties": {"id": "152883", "CVEGEO": "0500600010473048", "POBTOT": 0.0, "score_nse": 0.0, "NSE": null, "VIVTOT": 0.0, "GRAPROES": 0.0, "_ent": "05", "_mun": "006", "_loc": "0001"}, "geometry": {"type": "Polygon", "coordinates": [[[-101.40727, 26.77154], [-101.40831, 26.77125], [-101.40865, 26.77224], [-101.40803, 26.77239], [-101.40752, 26.77212], [-101.40727, 26.77154]]]}}, {"id": "152884", "type": "Feature", "properties": {"id": "152884", "CVEGEO": "0500600010492005", "POBTOT": 29.0, "score_nse": 59.0129, "NSE": "C", "VIVTOT": 9.0, "GRAPROES": 10.89, "_ent": "05", "_mun": "006", "_loc": "0001"}, "geometry": {"type": "Polygon", "coordinates": [[[-101.40511, 26.79097], [-101.40401, 26.78932], [-101.40497, 26.7889], [-101.40544, 26.78972], [-101.40487, 26.79], [-101.40495, 26.79014], [-101.40552, 26.78987], [-101.40601, 26.79068], [-101.40511, 26.79097]]]}}, {"id": "152885", "type": "Feature", "properties": {"id": "152885", "CVEGEO": "050060001051A020", "POBTOT": 0.0, "score_nse": 0.0, "NSE": "ND", "VIVTOT": 0.0, "GRAPROES": 0.0, "_ent": "05", "_mun": "006", "_loc": "0001"}, "geometry": {"type": "Polygon", "coordinates": [[[-101.4114, 26.78554], [-101.41151, 26.78549], [-101.4117, 26.78582], [-101.41156, 26.78546], [-101.41357, 26.78449], [-101.41432, 26.78928], [-101.41381, 26.78977], [-101.4114, 26.78554]]]}}, {"id": "152886", "type": "Feature", "properties": {"id": "152886", "CVEGEO": "050060001051A021", "POBTOT": 87.0, "score_nse": 48.2083, "NSE": "C-", "VIVTOT": 29.0, "GRAPROES": 9.67, "_ent": "05", "_mun": "006", "_loc": "0001"}, "geometry": {"type": "Polygon", "coordinates": [[[-101.41606, 26.78737], [-101.4183, 26.78619], [-101.41811, 26.78658], [-101.41616, 26.7875], [-101.41606, 26.78737]]]}}, {"id": "152887", "type": "Feature", "properties": {"id": "152887", "CVEGEO": "050060001051A030", "POBTOT": 5.0, "score_nse": 0.0, "NSE": "ND", "VIVTOT": 1.0, "GRAPROES": 0.0, "_ent": "05", "_mun": "006", "_loc": "0001"}, "geometry": {"type": "Polygon", "coordinates": [[[-101.41369, 26.78221], [-101.41413, 26.78305], [-101.41312, 26.78354], [-101.41253, 26.78267], [-101.41369, 26.78221]]]}}, {"id": "152888", "type": "Feature", "properties": {"id": "152888", "CVEGEO": "0500600010524027", "POBTOT": 12.0, "score_nse": 0.0, "NSE": "ND", "VIVTOT": 8.0, "GRAPROES": 7.63, "_ent": "05", "_mun": "006", "_loc": "0001"}, "geometry": {"type": "Polygon", "coordinates": [[[-101.40283, 26.78153], [-101.40253, 26.7817], [-101.40058, 26.78178], [-101.39844, 26.78244], [-101.398, 26.78171], [-101.39791, 26.78176], [-101.39817, 26.78215], [-101.39749, 26.7825], [-101.39715, 26.7819], [-101.39742, 26.78252], [-101.39725, 26.78261], [-101.39708, 26.78236], [-101.39695, 26.78243], [-101.39711, 26.7827], [-101.3966, 26.78293], [-101.39472, 26.78293], [-101.39466, 26.78283], [-101.39514, 26.78258], [-101.39507, 26.78247], [-101.39459, 26.7827], [-101.39373, 26.78112], [-101.39362, 26.78116], [-101.39445, 26.78276], [-101.39407, 26.78293], [-101.39354, 26.78289], [-101.39321, 26.78241], [-101.39303, 26.78039], [-101.39515, 26.78005], [-101.39627, 26.78057], [-101.39832, 26.78057], [-101.39863, 26.78031], [-101.40049, 26.78048], [-101.40089, 26.78054], [-101.40106, 26.78085], [-101.40214, 26.78143], [-101.40283, 26.78153]]]}}, {"id": "152889", "type": "Feature", "properties": {"id": "152889", "CVEGEO": "0500600010539003", "POBTOT": 125.0, "score_nse": 47.829, "NSE": "C-", "VIVTOT": 42.0, "GRAPROES": 9.28, "_ent": "05", "_mun": "006", "_loc": "0001"}, "geometry": {"type": "Polygon", "coordinates": [[[-101.40597, 26.78578], [-101.40485, 26.78401], [-101.40579, 26.78358], [-101.40622, 26.78411], [-101.40586, 26.78349], [-101.40382, 26.78446], [-101.4033, 26.7835], [-101.40592, 26.78239], [-101.40636, 26.78202], [-101.40752, 26.78207], [-101.40789, 26.78241], [-101.40705, 26.78289], [-101.40795, 26.7825], [-101.40844, 26.78339], [-101.40757, 26.78377], [-101.40701, 26.78351], [-101.40747, 26.7838], [-101.40801, 26.78482], [-101.40669, 26.78546], [-101.40646, 26.78483], [-101.40602, 26.78469], [-101.4064, 26.78489], [-101.40662, 26.78548], [-101.40597, 26.78578]]]}}, {"id": "152890", "type": "Feature", "properties": {"id": "152890", "CVEGEO": "0500600010539011", "POBTOT": 76.0, "score_nse": 0.0, "NSE": "ND", "VIVTOT": 28.0, "GRAPROES": 8.18, "_ent": "05", "_mun": "006", "_loc": "0001"}, "geometry": {"type": "Polygon", "coordinates": [[[-101.40308, 26.77868], [-101.40441, 26.77793], [-101.40555, 26.77984], [-101.40614, 26.77966], [-101.40664, 26.78056], [-101.40699, 26.78067], [-101.40786, 26.78045], [-101.40825, 26.78099], [-101.40771, 26.78127], [-101.4078, 26.78141], [-101.4083, 26.78106], [-101.40888, 26.7819], [-101.40799, 26.78231], [-101.40769, 26.782], [-101.40669, 26.78196], [-101.4035, 26.78131], [-101.40317, 26.78104], [-101.40406, 26.78059], [-101.4043, 26.7808], [-101.40308, 26.77868]]]}}, {"id": "152891", "type": "Feature", "properties": {"id": "152891", "CVEGEO": "0500600010539012", "POBTOT": 0.0, "score_nse": 0.0, "NSE": null, "VIVTOT": 0.0, "GRAPROES": 0.0, "_ent": "05", "_mun": "006", "_loc": "0001"}, "geometry": {"type": "Polygon", "coordinates": [[[-101.40418, 26.78299], [-101.40381, 26.78213], [-101.40492, 26.78177], [-101.40634, 26.78197], [-101.4059, 26.78235], [-101.40418, 26.78299]]]}}, {"id": "152892", "type": "Feature", "properties": {"id": "152892", "CVEGEO": "0500600010539013", "POBTOT": 0.0, "score_nse": 0.0, "NSE": null, "VIVTOT": 0.0, "GRAPROES": 0.0, "_ent": "05", "_mun": "006", "_loc": "0001"}, "geometry": {"type": "Polygon", "coordinates": [[[-101.40438, 26.77788], [-101.40245, 26.77901], [-101.403, 26.77873], [-101.40347, 26.77963], [-101.40253, 26.7801], [-101.40116, 26.77791], [-101.40357, 26.77668], [-101.40438, 26.77788]]]}}, {"id": "152893", "type": "Feature", "properties": {"id": "152893", "CVEGEO": "0500600010539014", "POBTOT": 0.0, "score_nse": 0.0, "NSE": null, "VIVTOT": 0.0, "GRAPROES": 0.0, "_ent": "05", "_mun": "006", "_loc": "0001"}, "geometry": {"type": "Polygon", "coordinates": [[[-101.40351, 26.77972], [-101.404, 26.78054], [-101.40308, 26.78099], [-101.4026, 26.7802], [-101.40351, 26.77972]]]}}, {"id": "152894", "type": "Feature", "properties": {"id": "152894", "CVEGEO": "0500600010539020", "POBTOT": 4.0, "score_nse": 0.0, "NSE": "ND", "VIVTOT": 7.0, "GRAPROES": 0.0, "_ent": "05", "_mun": "006", "_loc": "0001"}, "geometry": {"type": "Polygon", "coordinates": [[[-101.40373, 26.78216], [-101.40409, 26.78297], [-101.40319, 26.78343], [-101.4027, 26.78264], [-101.40373, 26.78216]]]}}, {"id": "152895", "type": "Feature", "properties": {"id": "152895", "CVEGEO": "0500600010793001", "POBTOT": 31.0, "score_nse": 0.0, "NSE": "ND", "VIVTOT": 8.0, "GRAPROES": 10.76, "_ent": "05", "_mun": "006", "_loc": "0001"}, "geometry": {"type": "Polygon", "coordinates": [[[-101.42945, 26.80298], [-101.42935, 26.80335], [-101.42846, 26.80391], [-101.42795, 26.80396], [-101.42816, 26.80534], [-101.42793, 26.8058], [-101.4285, 26.80926], [-101.42748, 26.80951], [-101.42703, 26.80981], [-101.42663, 26.81062], [-101.42535, 26.81116], [-101.42389, 26.80243], [-101.42348, 26.80166], [-101.42353, 26.80018], [-101.42708, 26.80202], [-101.42945, 26.80298]]]}}, {"id": "152896", "type": "Feature", "properties": {"id": "152896", "CVEGEO": "0500600010793007", "POBTOT": 10.0, "score_nse": 0.0, "NSE": "ND", "VIVTOT": 3.0, "GRAPROES": 12.33, "_ent": "05", "_mun": "006", "_loc": "0001"}, "geometry": {"type": "Polygon", "coordinates": [[[-101.42719, 26.80194], [-101.42801, 26.80065], [-101.42919, 26.80142], [-101.4294, 26.80106], [-101.42988, 26.80141], [-101.42942, 26.80099], [-101.42962, 26.80065], [-101.42997, 26.80088], [-101.42964, 26.80054], [-101.42995, 26.79998], [-101.43139, 26.80165], [-101.43186, 26.80159], [-101.43262, 26.80186], [-101.43239, 26.80373], [-101.42945, 26.80284], [-101.42719, 26.80194]]]}}, {"id": "152897", "type": "Feature", "properties": {"id": "152897", "CVEGEO": "0500600010793008", "POBTOT": 41.0, "score_nse": 64.7564, "NSE": "C", "VIVTOT": 11.0, "GRAPROES": 11.38, "_ent": "05", "_mun": "006", "_loc": "0001"}, "geometry": {"type": "Polygon", "coordinates": [[[-101.42864, 26.79962], [-101.42944, 26.79824], [-101.42914, 26.79861], [-101.42873, 26.79821], [-101.42904, 26.79769], [-101.42868, 26.79816], [-101.42782, 26.79721], [-101.42801, 26.79696], [-101.43079, 26.7983], [-101.43037, 26.79921], [-101.42974, 26.79895], [-101.43004, 26.79823], [-101.42908, 26.8], [-101.42864, 26.79962]]]}}, {"id": "152898", "type": "Feature", "properties": {"id": "152898", "CVEGEO": "0500600010793016", "POBTOT": 0.0, "score_nse": 0.0, "NSE": null, "VIVTOT": 0.0, "GRAPROES": 0.0, "_ent": "05", "_mun": "006", "_loc": "0001"}, "geometry": {"type": "Polygon", "coordinates": [[[-101.42376, 26.79832], [-101.42397, 26.79787], [-101.42455, 26.79818], [-101.4243, 26.79857], [-101.42376, 26.79832]]]}}, {"id": "152899", "type": "Feature", "properties": {"id": "152899", "CVEGEO": "0500600010793017", "POBTOT": 0.0, "score_nse": 0.0, "NSE": null, "VIVTOT": 0.0, "GRAPROES": 0.0, "_ent": "05", "_mun": "006", "_loc": "0001"}, "geometry": {"type": "Polygon", "coordinates": [[[-101.42351, 26.80008], [-101.42369, 26.79834], [-101.42544, 26.79938], [-101.42627, 26.7995], [-101.42628, 26.79968], [-101.42787, 26.80067], [-101.42708, 26.8019], [-101.42351, 26.80008]]]}}, {"id": "152900", "type": "Feature", "properties": {"id": "152900", "CVEGEO": "0500600010806001", "POBTOT": 5.0, "score_nse": 0.0, "NSE": "ND", "VIVTOT": 1.0, "GRAPROES": 0.0, "_ent": "05", "_mun": "006", "_loc": "0001"}, "geometry": {"type": "Polygon", "coordinates": [[[-101.44962, 26.79648], [-101.44872, 26.79644], [-101.44888, 26.79534], [-101.44992, 26.79556], [-101.44962, 26.79648]]]}}, {"id": "152901", "type": "Feature", "properties": {"id": "152901", "CVEGEO": "0500600010806014", "POBTOT": 21.0, "score_nse": 0.0, "NSE": "ND", "VIVTOT": 9.0, "GRAPROES": 9.57, "_ent": "05", "_mun": "006", "_loc": "0001"}, "geometry": {"type": "Polygon", "coordinates": [[[-101.45061, 26.79322], [-101.4498, 26.79304], [-101.44989, 26.7925], [-101.44971, 26.79301], [-101.44841, 26.79268], [-101.44868, 26.79169], [-101.44857, 26.79135], [-101.4491, 26.79136], [-101.4491, 26.7912], [-101.44856, 26.79119], [-101.44836, 26.79015], [-101.44953, 26.79021], [-101.45069, 26.79216], [-101.4502, 26.79209], [-101.4507, 26.79225], [-101.45079, 26.79246], [-101.45061, 26.79322]]]}}, {"id": "152902", "type": "Feature", "properties": {"id": "152902", "CVEGEO": "0500600010806039", "POBTOT": 9.0, "score_nse": 0.0, "NSE": "ND", "VIVTOT": 5.0, "GRAPROES": 10.71, "_ent": "05", "_mun": "006", "_loc": "0001"}, "geometry": {"type": "Polygon", "coordinates": [[[-101.43834, 26.79885], [-101.43823, 26.79925], [-101.43794, 26.79917], [-101.43822, 26.79809], [-101.43941, 26.79839], [-101.43913, 26.79949], [-101.43831, 26.79928], [-101.43834, 26.79885]]]}}, {"id": "152903", "type": "Feature", "properties": {"id": "152903", "CVEGEO": "0500600010806040", "POBTOT": 5.0, "score_nse": 0.0, "NSE": "ND", "VIVTOT": 3.0, "GRAPROES": 0.0, "_ent": "05", "_mun": "006", "_loc": "0001"}, "geometry": {"type": "Polygon", "coordinates": [[[-101.44273, 26.7991], [-101.44304, 26.79826], [-101.44411, 26.79854], [-101.44385, 26.79886], [-101.44273, 26.7991]]]}}, {"id": "152904", "type": "Feature", "properties": {"id": "152904", "CVEGEO": "0500600010806048", "POBTOT": 21.0, "score_nse": 68.38, "NSE": "C", "VIVTOT": 5.0, "GRAPROES": 12.33, "_ent": "05", "_mun": "006", "_loc": "0001"}, "geometry": {"type": "Polygon", "coordinates": [[[-101.44031, 26.79523], [-101.44057, 26.79433], [-101.44158, 26.79451], [-101.4418, 26.79427], [-101.44286, 26.79448], [-101.44247, 26.79576], [-101.44031, 26.79523]]]}}, {"id": "152905", "type": "Feature", "properties": {"id": "152905", "CVEGEO": "0500600010806050", "POBTOT": 17.0, "score_nse": 0.0, "NSE": "ND", "VIVTOT": 9.0, "GRAPROES": 9.9, "_ent": "05", "_mun": "006", "_loc": "0001"}, "geometry": {"type": "Polygon", "coordinates": [[[-101.44742, 26.79589], [-101.44772, 26.79502], [-101.44877, 26.7953], [-101.44864, 26.79569], [-101.44816, 26.79555], [-101.4486, 26.79573], [-101.44855, 26.79593], [-101.44806, 26.7958], [-101.44811, 26.79559], [-101.44776, 26.79549], [-101.44756, 26.79614], [-101.44742, 26.79589]]]}}, {"id": "152906", "type": "Feature", "properties": {"id": "152906", "CVEGEO": "0500600010806055", "POBTOT": 0.0, "score_nse": 0.0, "NSE": null, "VIVTOT": 0.0, "GRAPROES": 0.0, "_ent": "05", "_mun": "006", "_loc": "0001"}, "geometry": {"type": "Polygon", "coordinates": [[[-101.4421, 26.79803], [-101.44283, 26.7982], [-101.44254, 26.79914], [-101.4413, 26.79905], [-101.4421, 26.79803]]]}}, {"id": "152907", "type": "Feature", "properties": {"id": "152907", "CVEGEO": "0500600010806056", "POBTOT": 0.0, "score_nse": 0.0, "NSE": null, "VIVTOT": 0.0, "GRAPROES": 0.0, "_ent": "05", "_mun": "006", "_loc": "0001"}, "geometry": {"type": "Polygon", "coordinates": [[[-101.44411, 26.79847], [-101.44188, 26.79771], [-101.4414, 26.79775], [-101.44168, 26.79685], [-101.44227, 26.79688], [-101.44264, 26.79672], [-101.44288, 26.79596], [-101.44364, 26.79613], [-101.44396, 26.79511], [-101.44506, 26.79543], [-101.44411, 26.79847]]]}}, {"id": "152908", "type": "Feature", "properties": {"id": "152908", "CVEGEO": "0500600010806057", "POBTOT": 0.0, "score_nse": 0.0, "NSE": null, "VIVTOT": 0.0, "GRAPROES": 0.0, "_ent": "05", "_mun": "006", "_loc": "0001"}, "geometry": {"type": "Polygon", "coordinates": [[[-101.45099, 26.79444], [-101.45126, 26.79351], [-101.45159, 26.7936], [-101.45169, 26.7938], [-101.45147, 26.79454], [-101.45099, 26.79444]]]}}, {"id": "152909", "type": "Feature", "properties": {"id": "152909", "CVEGEO": "0500600010806058", "POBTOT": 0.0, "score_nse": 0.0, "NSE": null, "VIVTOT": 0.0, "GRAPROES": 0.0, "_ent": "05", "_mun": "006", "_loc": "0001"}, "geometry": {"type": "Polygon", "coordinates": [[[-101.45081, 26.79331], [-101.45101, 26.79256], [-101.45153, 26.79348], [-101.45081, 26.79331]]]}}, {"id": "152910", "type": "Feature", "properties": {"id": "152910", "CVEGEO": "0500600010810001", "POBTOT": 2.0, "score_nse": 0.0, "NSE": "ND", "VIVTOT": 1.0, "GRAPROES": 0.0, "_ent": "05", "_mun": "006", "_loc": "0001"}, "geometry": {"type": "Polygon", "coordinates": [[[-101.42043, 26.79323], [-101.42091, 26.79318], [-101.42163, 26.79527], [-101.42111, 26.79529], [-101.42043, 26.79323]]]}}, {"id": "152911", "type": "Feature", "properties": {"id": "152911", "CVEGEO": "050060001083A001", "POBTOT": 34.0, "score_nse": 65.2658, "NSE": "C", "VIVTOT": 9.0, "GRAPROES": 10.0, "_ent": "05", "_mun": "006", "_loc": "0001"}, "geometry": {"type": "Polygon", "coordinates": [[[-101.4095, 26.79381], [-101.4106, 26.79288], [-101.41235, 26.79241], [-101.41295, 26.79143], [-101.41304, 26.79077], [-101.4142, 26.78946], [-101.41459, 26.79035], [-101.41442, 26.78932], [-101.41496, 26.78824], [-101.41567, 26.78786], [-101.41482, 26.79207], [-101.41574, 26.78782], [-101.41796, 26.7868], [-101.41798, 26.78701], [-101.41718, 26.78734], [-101.41756, 26.78723], [-101.41743, 26.78802], [-101.4177, 26.78716], [-101.41797, 26.78708], [-101.41696, 26.7902], [-101.4171, 26.79023], [-101.4178, 26.78829], [-101.41813, 26.78681], [-101.41855, 26.78612], [-101.4209, 26.79297], [-101.41872, 26.79337], [-101.41847, 26.79318], [-101.41391, 26.79511], [-101.41346, 26.79549], [-101.4109, 26.80021], [-101.41091, 26.8011], [-101.40953, 26.80075], [-101.40947, 26.80052], [-101.40988, 26.79955], [-101.40955, 26.79929], [-101.40949, 26.79883], [-101.4099, 26.79807], [-101.41027, 26.79597], [-101.40948, 26.79493], [-101.40928, 26.79429], [-101.4095, 26.79381]]]}}, {"id": "152912", "type": "Feature", "properties": {"id": "152912", "CVEGEO": "0500600010859001", "POBTOT": 21.0, "score_nse": 0.0, "NSE": "ND", "VIVTOT": 7.0, "GRAPROES": 9.87, "_ent": "05", "_mun": "006", "_loc": "0001"}, "geometry": {"type": "Polygon", "coordinates": [[[-101.4363, 26.77804], [-101.43533, 26.77847], [-101.43531, 26.77877], [-101.43406, 26.77934], [-101.43491, 26.77557], [-101.4351, 26.77366], [-101.43897, 26.77224], [-101.43903, 26.77265], [-101.44005, 26.77452], [-101.43861, 26.77646], [-101.43786, 26.77811], [-101.43644, 26.77849], [-101.4363, 26.77804]]]}}, {"id": "152913", "type": "Feature", "properties": {"id": "152913", "CVEGEO": "0500600010863001", "POBTOT": 107.0, "score_nse": 59.8668, "NSE": "C", "VIVTOT": 32.0, "GRAPROES": 10.89, "_ent": "05", "_mun": "006", "_loc": "0001"}, "geometry": {"type": "Polygon", "coordinates": [[[-101.42679, 26.77603], [-101.4258, 26.77702], [-101.42468, 26.77768], [-101.4225, 26.77854], [-101.4209, 26.7778], [-101.42052, 26.77508], [-101.42015, 26.7738], [-101.4217, 26.77355], [-101.42475, 26.77343], [-101.42173, 26.77349], [-101.42012, 26.77371], [-101.41974, 26.77269], [-101.42023, 26.77264], [-101.42048, 26.77277], [-101.42133, 26.77236], [-101.42047, 26.7727], [-101.42023, 26.77257], [-101.41971, 26.7726], [-101.41943, 26.77162], [-101.42066, 26.7713], [-101.42137, 26.76971], [-101.42062, 26.77122], [-101.41937, 26.77153], [-101.41747, 26.76585], [-101.42005, 26.76617], [-101.42086, 26.76648], [-101.42345, 26.76829], [-101.42607, 26.76811], [-101.42553, 26.77039], [-101.42621, 26.77128], [-101.42611, 26.77422], [-101.42679, 26.77603]]]}}, {"id": "152914", "type": "Feature", "properties": {"id": "152914", "CVEGEO": "0500600010971002", "POBTOT": 4.0, "score_nse": 0.0, "NSE": "ND", "VIVTOT": 2.0, "GRAPROES": 0.0, "_ent": "05", "_mun": "006", "_loc": "0001"}, "geometry": {"type": "Polygon", "coordinates": [[[-101.39522, 26.78542], [-101.39578, 26.78508], [-101.39615, 26.78566], [-101.39549, 26.78593], [-101.39522, 26.78542]]]}}, {"id": "152915", "type": "Feature", "properties": {"id": "152915", "CVEGEO": "0500600010971005", "POBTOT": 0.0, "score_nse": 0.0, "NSE": null, "VIVTOT": 0.0, "GRAPROES": 0.0, "_ent": "05", "_mun": "006", "_loc": "0001"}, "geometry": {"type": "Polygon", "coordinates": [[[-101.39446, 26.78416], [-101.39506, 26.78386], [-101.39574, 26.785], [-101.39517, 26.7853], [-101.39446, 26.78416]]]}}, {"id": "152916", "type": "Feature", "properties": {"id": "152916", "CVEGEO": "050060001101A001", "POBTOT": 60.0, "score_nse": 0.0, "NSE": "ND", "VIVTOT": 23.0, "GRAPROES": 9.61, "_ent": "05", "_mun": "006", "_loc": "0001"}, "geometry": {"type": "Polygon", "coordinates": [[[-101.43078, 26.7982], [-101.4313, 26.79755], [-101.43198, 26.79781], [-101.4313, 26.79875], [-101.4311, 26.79837], [-101.43078, 26.7982]]]}}, {"id": "152917", "type": "Feature", "properties": {"id": "152917", "CVEGEO": "050060001101A007", "POBTOT": 11.0, "score_nse": 0.0, "NSE": "ND", "VIVTOT": 4.0, "GRAPROES": 11.0, "_ent": "05", "_mun": "006", "_loc": "0001"}, "geometry": {"type": "Polygon", "coordinates": [[[-101.43084, 26.79832], [-101.43123, 26.79879], [-101.43084, 26.79945], [-101.43041, 26.79923], [-101.43084, 26.79832]]]}}, {"id": "152918", "type": "Feature", "properties": {"id": "152918", "CVEGEO": "050060001101A008", "POBTOT": 0.0, "score_nse": 0.0, "NSE": null, "VIVTOT": 0.0, "GRAPROES": 0.0, "_ent": "05", "_mun": "006", "_loc": "0001"}, "geometry": {"type": "Polygon", "coordinates": [[[-101.43026, 26.79798], [-101.43081, 26.79735], [-101.43122, 26.79753], [-101.4307, 26.79818], [-101.43026, 26.79798]]]}}, {"id": "152919", "type": "Feature", "properties": {"id": "152919", "CVEGEO": "050060001101A009", "POBTOT": 0.0, "score_nse": 0.0, "NSE": null, "VIVTOT": 0.0, "GRAPROES": 0.0, "_ent": "05", "_mun": "006", "_loc": "0001"}, "geometry": {"type": "Polygon", "coordinates": [[[-101.43135, 26.79748], [-101.43219, 26.79658], [-101.43237, 26.79669], [-101.43199, 26.79772], [-101.43135, 26.79748]]]}}, {"id": "152920", "type": "Feature", "properties": {"id": "152920", "CVEGEO": "0500600011024003", "POBTOT": 22.0, "score_nse": 0.0, "NSE": "ND", "VIVTOT": 17.0, "GRAPROES": 8.2, "_ent": "05", "_mun": "006", "_loc": "0001"}, "geometry": {"type": "Polygon", "coordinates": [[[-101.40195, 26.77948], [-101.40021, 26.78036], [-101.39953, 26.78018], [-101.39883, 26.77958], [-101.39676, 26.77884], [-101.39648, 26.7791], [-101.39592, 26.77908], [-101.39427, 26.77831], [-101.39387, 26.77724], [-101.3932, 26.77689], [-101.39264, 26.77635], [-101.39248, 26.77486], [-101.39434, 26.77393], [-101.39605, 26.7733], [-101.39671, 26.7743], [-101.39459, 26.7754], [-101.39464, 26.77549], [-101.39624, 26.77466], [-101.39689, 26.77567], [-101.39526, 26.77656], [-101.39553, 26.77699], [-101.39539, 26.77657], [-101.39584, 26.77632], [-101.39619, 26.7769], [-101.39629, 26.77684], [-101.39595, 26.77625], [-101.39696, 26.77573], [-101.39747, 26.77654], [-101.39705, 26.77674], [-101.3975, 26.77657], [-101.3976, 26.77674], [-101.39649, 26.77729], [-101.39701, 26.77806], [-101.39658, 26.77732], [-101.39706, 26.77708], [-101.39775, 26.7781], [-101.39767, 26.77822], [-101.39832, 26.77788], [-101.39897, 26.77889], [-101.39854, 26.77922], [-101.40102, 26.77794], [-101.40182, 26.77926], [-101.40141, 26.77949], [-101.40184, 26.7793], [-101.40195, 26.77948]]]}}, {"id": "152921", "type": "Feature", "properties": {"id": "152921", "CVEGEO": "0500600011024005", "POBTOT": 0.0, "score_nse": 0.0, "NSE": null, "VIVTOT": 0.0, "GRAPROES": 0.0, "_ent": "05", "_mun": "006", "_loc": "0001"}, "geometry": {"type": "Polygon", "coordinates": [[[-101.39715, 26.77704], [-101.39762, 26.7768], [-101.39829, 26.77783], [-101.39784, 26.77806], [-101.39715, 26.77704]]]}}, {"id": "152922", "type": "Feature", "properties": {"id": "152922", "CVEGEO": "0500600011039006", "POBTOT": 0.0, "score_nse": 10.0, "NSE": "E", "VIVTOT": 2.0, "GRAPROES": 0.0, "_ent": "05", "_mun": "006", "_loc": "0001"}, "geometry": {"type": "Polygon", "coordinates": [[[-101.42152, 26.82504], [-101.4225, 26.82493], [-101.42265, 26.82592], [-101.42165, 26.82592], [-101.42152, 26.82504]]]}}, {"id": "152923", "type": "Feature", "properties": {"id": "152923", "CVEGEO": "0500600011039033", "POBTOT": 0.0, "score_nse": 0.0, "NSE": null, "VIVTOT": 0.0, "GRAPROES": 0.0, "_ent": "05", "_mun": "006", "_loc": "0001"}, "geometry": {"type": "Polygon", "coordinates": [[[-101.42133, 26.82404], [-101.42238, 26.82394], [-101.42252, 26.82484], [-101.42149, 26.82497], [-101.42133, 26.82404]]]}}, {"id": "152924", "type": "Feature", "properties": {"id": "152924", "CVEGEO": "0500600011039034", "POBTOT": 0.0, "score_nse": 0.0, "NSE": null, "VIVTOT": 0.0, "GRAPROES": 0.0, "_ent": "05", "_mun": "006", "_loc": "0001"}, "geometry": {"type": "Polygon", "coordinates": [[[-101.41056, 26.82483], [-101.41147, 26.82469], [-101.41166, 26.82559], [-101.41067, 26.82574], [-101.41056, 26.82483]]]}}, {"id": "152925", "type": "Feature", "properties": {"id": "152925", "CVEGEO": "050060001101A003", "POBTOT": 30.0, "score_nse": 0.0, "NSE": "ND", "VIVTOT": 9.0, "GRAPROES": 10.33, "_ent": "05", "_mun": "006", "_loc": "0001"}, "geometry": {"type": "Polygon", "coordinates": [[[-101.43169, 26.79627], [-101.43208, 26.79656], [-101.43126, 26.79748], [-101.43081, 26.79726], [-101.43169, 26.79627]]]}}, {"id": "152926", "type": "Feature", "properties": {"id": "152926", "CVEGEO": "050060001101A010", "POBTOT": 0.0, "score_nse": 0.0, "NSE": null, "VIVTOT": 0.0, "GRAPROES": 0.0, "_ent": "05", "_mun": "006", "_loc": "0001"}, "geometry": {"type": "Polygon", "coordinates": [[[-101.43134, 26.79601], [-101.43164, 26.79624], [-101.43075, 26.79723], [-101.43044, 26.79708], [-101.43134, 26.79601]]]}}, {"id": "152927", "type": "Feature", "properties": {"id": "152927", "CVEGEO": "0500600010331007", "POBTOT": 0.0, "score_nse": 0.0, "NSE": null, "VIVTOT": 0.0, "GRAPROES": 0.0, "_ent": "05", "_mun": "006", "_loc": "0001"}, "geometry": {"type": "Polygon", "coordinates": [[[-101.42272, 26.81187], [-101.42186, 26.81179], [-101.42234, 26.81022], [-101.42318, 26.81036], [-101.42293, 26.81118], [-101.42326, 26.81121], [-101.42323, 26.81146], [-101.42272, 26.81187]]]}}, {"id": "152928", "type": "Feature", "properties": {"id": "152928", "CVEGEO": "0500600010473039", "POBTOT": 154.0, "score_nse": 56.8198, "NSE": "C", "VIVTOT": 47.0, "GRAPROES": 9.13, "_ent": "05", "_mun": "006", "_loc": "0001"}, "geometry": {"type": "Polygon", "coordinates": [[[-101.40722, 26.76768], [-101.40694, 26.76689], [-101.4072, 26.76663], [-101.40583, 26.76735], [-101.40561, 26.76663], [-101.40665, 26.76638], [-101.40542, 26.76662], [-101.40571, 26.76741], [-101.40501, 26.76776], [-101.40459, 26.76709], [-101.40515, 26.76675], [-101.40352, 26.76755], [-101.40296, 26.7671], [-101.40652, 26.76557], [-101.40291, 26.76704], [-101.39939, 26.7641], [-101.40025, 26.76329], [-101.39988, 26.76305], [-101.40213, 26.75885], [-101.40257, 26.75948], [-101.40896, 26.75768], [-101.40995, 26.76068], [-101.40964, 26.761], [-101.4101, 26.76111], [-101.41166, 26.7655], [-101.40722, 26.76768]]]}}, {"id": "152929", "type": "Feature", "properties": {"id": "152929", "CVEGEO": "0500600011039035", "POBTOT": 0.0, "score_nse": 0.0, "NSE": null, "VIVTOT": 0.0, "GRAPROES": 0.0, "_ent": "05", "_mun": "006", "_loc": "0001"}, "geometry": {"type": "Polygon", "coordinates": [[[-101.4236, 26.81707], [-101.42024, 26.8175], [-101.42007, 26.81645], [-101.42117, 26.81631], [-101.4213, 26.81702], [-101.42243, 26.81691], [-101.42235, 26.81631], [-101.42339, 26.81618], [-101.4236, 26.81707]]]}}, {"id": "152930", "type": "Feature", "properties": {"id": "152930", "CVEGEO": "0500600011039036", "POBTOT": 0.0, "score_nse": 0.0, "NSE": null, "VIVTOT": 0.0, "GRAPROES": 0.0, "_ent": "05", "_mun": "006", "_loc": "0001"}, "geometry": {"type": "Polygon", "coordinates": [[[-101.42029, 26.81453], [-101.41977, 26.81457], [-101.41968, 26.81402], [-101.42118, 26.81323], [-101.42132, 26.8135], [-101.42023, 26.81417], [-101.42029, 26.81453]]]}}, {"id": "152931", "type": "Feature", "properties": {"id": "152931", "CVEGEO": "0500600180774028", "POBTOT": 0.0, "score_nse": 0.0, "NSE": null, "VIVTOT": 0.0, "GRAPROES": 0.0, "_ent": "05", "_mun": "006", "_loc": "0018"}, "geometry": {"type": "Polygon", "coordinates": [[[-101.4308, 26.37276], [-101.4311, 26.37148], [-101.43145, 26.37156], [-101.43125, 26.37283], [-101.4308, 26.37276]]]}}, {"id": "152932", "type": "Feature", "properties": {"id": "152932", "CVEGEO": "0500600300914008", "POBTOT": 0.0, "score_nse": 0.0, "NSE": null, "VIVTOT": 0.0, "GRAPROES": 0.0, "_ent": "05", "_mun": "006", "_loc": "0030"}, "geometry": {"type": "Polygon", "coordinates": [[[-101.19537, 26.44065], [-101.19514, 26.44022], [-101.19564, 26.43999], [-101.19568, 26.4405], [-101.19537, 26.44065]]]}}, {"id": "152933", "type": "Feature", "properties": {"id": "152933", "CVEGEO": "0500600390581025", "POBTOT": 0.0, "score_nse": 0.0, "NSE": null, "VIVTOT": 0.0, "GRAPROES": 0.0, "_ent": "05", "_mun": "006", "_loc": "0039"}, "geometry": {"type": "Polygon", "coordinates": [[[-101.50697, 26.77252], [-101.50595, 26.77239], [-101.50606, 26.77153], [-101.50707, 26.77167], [-101.50697, 26.77252]]]}}, {"id": "152934", "type": "Feature", "properties": {"id": "152934", "CVEGEO": "0500600390581026", "POBTOT": 0.0, "score_nse": 0.0, "NSE": null, "VIVTOT": 0.0, "GRAPROES": 0.0, "_ent": "05", "_mun": "006", "_loc": "0039"}, "geometry": {"type": "Polygon", "coordinates": [[[-101.50585, 26.77238], [-101.50491, 26.77227], [-101.50493, 26.77135], [-101.50597, 26.77149], [-101.50585, 26.77238]]]}}]}