{"type": "FeatureCollection", "features": [{"id": "1866300", "type": "Feature", "properties": {"id": "1866300", "CVEGEO": "2402400010192002", "POBTOT": 365.0, "score_nse": 0.0, "NSE": "ND", "VIVTOT": 134.0, "GRAPROES": 11.08, "_ent": "24", "_mun": "024", "_loc": "0001"}, "geometry": {"type": "Polygon", "coordinates": [[[-99.99892, 21.93682], [-99.99791, 21.93901], [-99.99719, 21.93891], [-99.99729, 21.93813], [-99.99766, 21.93818], [-99.9973, 21.93808], [-99.99739, 21.93738], [-99.99804, 21.93737], [-99.9974, 21.9373], [-99.9974, 21.93674], [-99.99733, 21.93728], [-99.99664, 21.9372], [-99.99668, 21.93679], [-99.99657, 21.93719], [-99.99566, 21.93708], [-99.99578, 21.93457], [-99.99892, 21.93682]]]}}, {"id": "1866301", "type": "Feature", "properties": {"id": "1866301", "CVEGEO": "2402400010192003", "POBTOT": 192.0, "score_nse": 0.0, "NSE": "ND", "VIVTOT": 62.0, "GRAPROES": 9.21, "_ent": "24", "_mun": "024", "_loc": "0001"}, "geometry": {"type": "Polygon", "coordinates": [[[-100.00038, 21.93555], [-100.00121, 21.93603], [-100.00076, 21.938], [-100.00002, 21.93745], [-100.00031, 21.93688], [-99.99999, 21.93741], [-99.9995, 21.93706], [-100.00038, 21.93555]]]}}, {"id": "1866302", "type": "Feature", "properties": {"id": "1866302", "CVEGEO": "2402400010192004", "POBTOT": 118.0, "score_nse": 54.3543, "NSE": "C-", "VIVTOT": 52.0, "GRAPROES": 11.13, "_ent": "24", "_mun": "024", "_loc": "0001"}, "geometry": {"type": "Polygon", "coordinates": [[[-100.0018, 21.9387], [-100.00082, 21.93804], [-100.00125, 21.93606], [-100.00244, 21.9362], [-100.0018, 21.9387]]]}}, {"id": "1866303", "type": "Feature", "properties": {"id": "1866303", "CVEGEO": "2402400010192005", "POBTOT": 204.0, "score_nse": 54.0421, "NSE": "C-", "VIVTOT": 58.0, "GRAPROES": 9.19, "_ent": "24", "_mun": "024", "_loc": "0001"}, "geometry": {"type": "Polygon", "coordinates": [[[-100.00274, 21.93614], [-100.00299, 21.93727], [-100.00336, 21.93969], [-100.00185, 21.93873], [-100.0025, 21.93617], [-100.00274, 21.93614]]]}}, {"id": "1866304", "type": "Feature", "properties": {"id": "1866304", "CVEGEO": "2402400010192006", "POBTOT": 28.0, "score_nse": 70.475, "NSE": "C+", "VIVTOT": 8.0, "GRAPROES": 11.25, "_ent": "24", "_mun": "024", "_loc": "0001"}, "geometry": {"type": "Polygon", "coordinates": [[[-100.00388, 21.94151], [-100.00369, 21.94049], [-100.0036, 21.93997], [-100.00431, 21.94041], [-100.00388, 21.94151]]]}}, {"id": "1866305", "type": "Feature", "properties": {"id": "1866305", "CVEGEO": "2402400010192008", "POBTOT": 2.0, "score_nse": 0.0, "NSE": "ND", "VIVTOT": 1.0, "GRAPROES": 0.0, "_ent": "24", "_mun": "024", "_loc": "0001"}, "geometry": {"type": "Polygon", "coordinates": [[[-100.00424, 21.94491], [-100.00306, 21.9447], [-100.00381, 21.9422], [-100.00424, 21.94491]]]}}, {"id": "1866306", "type": "Feature", "properties": {"id": "1866306", "CVEGEO": "2402400010192010", "POBTOT": 92.0, "score_nse": 0.0, "NSE": "ND", "VIVTOT": 29.0, "GRAPROES": 9.5, "_ent": "24", "_mun": "024", "_loc": "0001"}, "geometry": {"type": "Polygon", "coordinates": [[[-99.99703, 21.93994], [-99.99717, 21.939], [-99.99741, 21.93903], [-99.9973, 21.93933], [-99.99745, 21.93904], [-99.99787, 21.93909], [-99.99751, 21.94], [-99.99703, 21.93994]]]}}, {"id": "1866307", "type": "Feature", "properties": {"id": "1866307", "CVEGEO": "2402400010192011", "POBTOT": 340.0, "score_nse": 0.0, "NSE": "ND", "VIVTOT": 108.0, "GRAPROES": 12.21, "_ent": "24", "_mun": "024", "_loc": "0001"}, "geometry": {"type": "Polygon", "coordinates": [[[-99.99252, 21.94361], [-99.9929, 21.94166], [-99.99361, 21.94175], [-99.99291, 21.9416], [-99.99309, 21.94055], [-99.9935, 21.9406], [-99.99344, 21.94116], [-99.99355, 21.9406], [-99.99395, 21.94065], [-99.99385, 21.9417], [-99.99441, 21.93867], [-99.9971, 21.93902], [-99.99695, 21.93992], [-99.99647, 21.93988], [-99.99693, 21.94], [-99.99675, 21.94111], [-99.99578, 21.94125], [-99.9946, 21.9421], [-99.99399, 21.94296], [-99.99308, 21.94352], [-99.99252, 21.94361]]]}}, {"id": "1866308", "type": "Feature", "properties": {"id": "1866308", "CVEGEO": "2402400010192012", "POBTOT": 159.0, "score_nse": 0.0, "NSE": "ND", "VIVTOT": 60.0, "GRAPROES": 10.24, "_ent": "24", "_mun": "024", "_loc": "0001"}, "geometry": {"type": "Polygon", "coordinates": [[[-99.99704, 21.93888], [-99.99545, 21.9387], [-99.99554, 21.93795], [-99.99722, 21.93813], [-99.99704, 21.93888]]]}}, {"id": "1866309", "type": "Feature", "properties": {"id": "1866309", "CVEGEO": "2402400010192013", "POBTOT": 62.0, "score_nse": 73.196, "NSE": "C+", "VIVTOT": 20.0, "GRAPROES": 11.25, "_ent": "24", "_mun": "024", "_loc": "0001"}, "geometry": {"type": "Polygon", "coordinates": [[[-99.99653, 21.93799], [-99.99662, 21.93729], [-99.99731, 21.93737], [-99.99723, 21.93806], [-99.99653, 21.93799]]]}}, {"id": "1866310", "type": "Feature", "properties": {"id": "1866310", "CVEGEO": "2402400010192014", "POBTOT": 83.0, "score_nse": 0.0, "NSE": "ND", "VIVTOT": 27.0, "GRAPROES": 9.97, "_ent": "24", "_mun": "024", "_loc": "0001"}, "geometry": {"type": "Polygon", "coordinates": [[[-99.99645, 21.93798], [-99.99555, 21.93789], [-99.99565, 21.93718], [-99.99654, 21.93729], [-99.99645, 21.93798]]]}}, {"id": "1866311", "type": "Feature", "properties": {"id": "1866311", "CVEGEO": "2402400010192015", "POBTOT": 276.0, "score_nse": 60.2622, "NSE": "C", "VIVTOT": 104.0, "GRAPROES": 11.15, "_ent": "24", "_mun": "024", "_loc": "0001"}, "geometry": {"type": "Polygon", "coordinates": [[[-100.0007, 21.93391], [-100.0007, 21.93518], [-100.00084, 21.93518], [-100.00073, 21.93391], [-100.00205, 21.93397], [-100.00237, 21.93611], [-100.00154, 21.93611], [-100.00079, 21.93552], [-99.99853, 21.93511], [-99.99928, 21.93451], [-99.99989, 21.9345], [-99.99932, 21.93446], [-99.99943, 21.93386], [-100.0007, 21.93391]]]}}, {"id": "1866312", "type": "Feature", "properties": {"id": "1866312", "CVEGEO": "2402400010192016", "POBTOT": 57.0, "score_nse": 60.0305, "NSE": "C", "VIVTOT": 16.0, "GRAPROES": 10.02, "_ent": "24", "_mun": "024", "_loc": "0001"}, "geometry": {"type": "Polygon", "coordinates": [[[-100.00408, 21.93579], [-100.00351, 21.93588], [-100.0033, 21.93462], [-100.00403, 21.93457], [-100.00391, 21.93476], [-100.00403, 21.93476], [-100.00408, 21.93579]]]}}, {"id": "1866313", "type": "Feature", "properties": {"id": "1866313", "CVEGEO": "2402400010192018", "POBTOT": 35.0, "score_nse": 65.422, "NSE": "C", "VIVTOT": 12.0, "GRAPROES": 8.92, "_ent": "24", "_mun": "024", "_loc": "0001"}, "geometry": {"type": "Polygon", "coordinates": [[[-99.99684, 21.9411], [-99.99701, 21.94001], [-99.99748, 21.94008], [-99.99712, 21.94103], [-99.99684, 21.9411]]]}}, {"id": "1866314", "type": "Feature", "properties": {"id": "1866314", "CVEGEO": "2402400010192019", "POBTOT": 108.0, "score_nse": 0.0, "NSE": "ND", "VIVTOT": 38.0, "GRAPROES": 9.06, "_ent": "24", "_mun": "024", "_loc": "0001"}, "geometry": {"type": "Polygon", "coordinates": [[[-100.0047, 21.93441], [-100.00476, 21.93567], [-100.00422, 21.93577], [-100.00411, 21.93474], [-100.00447, 21.93466], [-100.00408, 21.93468], [-100.00406, 21.93457], [-100.0047, 21.93441]]]}}, {"id": "1866315", "type": "Feature", "properties": {"id": "1866315", "CVEGEO": "2402400010192022", "POBTOT": 26.0, "score_nse": 0.0, "NSE": "ND", "VIVTOT": 7.0, "GRAPROES": 8.82, "_ent": "24", "_mun": "024", "_loc": "0001"}, "geometry": {"type": "Polygon", "coordinates": [[[-100.00578, 21.93457], [-100.0053, 21.9346], [-100.00529, 21.9343], [-100.00577, 21.93428], [-100.00578, 21.93457]]]}}, {"id": "1866316", "type": "Feature", "properties": {"id": "1866316", "CVEGEO": "2402400010192023", "POBTOT": 76.0, "score_nse": 61.6255, "NSE": "C", "VIVTOT": 22.0, "GRAPROES": 9.55, "_ent": "24", "_mun": "024", "_loc": "0001"}, "geometry": {"type": "Polygon", "coordinates": [[[-100.00531, 21.93465], [-100.00579, 21.93462], [-100.00583, 21.93547], [-100.00533, 21.93556], [-100.00531, 21.93465]]]}}, {"id": "1866317", "type": "Feature", "properties": {"id": "1866317", "CVEGEO": "2402400010192025", "POBTOT": 84.0, "score_nse": 0.0, "NSE": "ND", "VIVTOT": 25.0, "GRAPROES": 11.81, "_ent": "24", "_mun": "024", "_loc": "0001"}, "geometry": {"type": "Polygon", "coordinates": [[[-100.00893, 21.93489], [-100.00818, 21.935], [-100.00821, 21.93452], [-100.00845, 21.93453], [-100.00822, 21.93445], [-100.00825, 21.93396], [-100.00903, 21.93406], [-100.00893, 21.93489]]]}}, {"id": "1866318", "type": "Feature", "properties": {"id": "1866318", "CVEGEO": "2402400010192026", "POBTOT": 91.0, "score_nse": 59.4194, "NSE": "C", "VIVTOT": 26.0, "GRAPROES": 9.13, "_ent": "24", "_mun": "024", "_loc": "0001"}, "geometry": {"type": "Polygon", "coordinates": [[[-100.00587, 21.93546], [-100.00583, 21.93461], [-100.00638, 21.93458], [-100.00639, 21.93538], [-100.00587, 21.93546]]]}}, {"id": "1866319", "type": "Feature", "properties": {"id": "1866319", "CVEGEO": "2402400010192029", "POBTOT": 92.0, "score_nse": 0.0, "NSE": "ND", "VIVTOT": 30.0, "GRAPROES": 8.58, "_ent": "24", "_mun": "024", "_loc": "0001"}, "geometry": {"type": "Polygon", "coordinates": [[[-100.00644, 21.93457], [-100.00712, 21.93453], [-100.00715, 21.93525], [-100.00645, 21.93536], [-100.00644, 21.93457]]]}}, {"id": "1866320", "type": "Feature", "properties": {"id": "1866320", "CVEGEO": "2402400010192031", "POBTOT": 146.0, "score_nse": 0.0, "NSE": "ND", "VIVTOT": 46.0, "GRAPROES": 11.9, "_ent": "24", "_mun": "024", "_loc": "0001"}, "geometry": {"type": "Polygon", "coordinates": [[[-100.00021, 21.93552], [-99.99945, 21.93702], [-99.99819, 21.93621], [-99.9985, 21.93519], [-100.00021, 21.93552]]]}}, {"id": "1866321", "type": "Feature", "properties": {"id": "1866321", "CVEGEO": "2402400010192032", "POBTOT": 63.0, "score_nse": 0.0, "NSE": "ND", "VIVTOT": 16.0, "GRAPROES": 7.33, "_ent": "24", "_mun": "024", "_loc": "0001"}, "geometry": {"type": "Polygon", "coordinates": [[[-100.00245, 21.93609], [-100.00235, 21.93532], [-100.00217, 21.93397], [-100.00264, 21.934], [-100.00271, 21.93448], [-100.00253, 21.93509], [-100.00266, 21.93605], [-100.00245, 21.93609]]]}}, {"id": "1866322", "type": "Feature", "properties": {"id": "1866322", "CVEGEO": "2402400010192036", "POBTOT": 18.0, "score_nse": 61.06, "NSE": "C", "VIVTOT": 6.0, "GRAPROES": 9.13, "_ent": "24", "_mun": "024", "_loc": "0001"}, "geometry": {"type": "Polygon", "coordinates": [[[-100.00359, 21.93328], [-100.00356, 21.93391], [-100.0048, 21.9341], [-100.00483, 21.93427], [-100.0045, 21.9345], [-100.00347, 21.93454], [-100.00288, 21.93482], [-100.0026, 21.93316], [-100.00359, 21.93328]]]}}, {"id": "1866323", "type": "Feature", "properties": {"id": "1866323", "CVEGEO": "2402400010192037", "POBTOT": 35.0, "score_nse": 0.0, "NSE": "ND", "VIVTOT": 15.0, "GRAPROES": 7.08, "_ent": "24", "_mun": "024", "_loc": "0001"}, "geometry": {"type": "Polygon", "coordinates": [[[-99.99892, 21.9405], [-99.9986, 21.94046], [-99.99721, 21.94104], [-99.99795, 21.93913], [-100.00378, 21.94203], [-100.00295, 21.94468], [-100.00194, 21.94422], [-100.0015, 21.9438], [-100.00072, 21.9418], [-100.00027, 21.94128], [-99.99892, 21.9405]]]}}, {"id": "1866324", "type": "Feature", "properties": {"id": "1866324", "CVEGEO": "2402400010192045", "POBTOT": 73.0, "score_nse": 0.0, "NSE": "ND", "VIVTOT": 24.0, "GRAPROES": 8.84, "_ent": "24", "_mun": "024", "_loc": "0001"}, "geometry": {"type": "Polygon", "coordinates": [[[-100.00524, 21.93558], [-100.00481, 21.93566], [-100.00475, 21.93468], [-100.00528, 21.93465], [-100.00524, 21.93558]]]}}, {"id": "1866325", "type": "Feature", "properties": {"id": "1866325", "CVEGEO": "2402400010192047", "POBTOT": 30.0, "score_nse": 0.0, "NSE": "ND", "VIVTOT": 11.0, "GRAPROES": 7.52, "_ent": "24", "_mun": "024", "_loc": "0001"}, "geometry": {"type": "Polygon", "coordinates": [[[-99.99344, 21.94569], [-99.99347, 21.94524], [-99.99427, 21.94522], [-99.99425, 21.94574], [-99.99344, 21.94569]]]}}, {"id": "1866326", "type": "Feature", "properties": {"id": "1866326", "CVEGEO": "2402400010192049", "POBTOT": 21.0, "score_nse": 0.0, "NSE": "ND", "VIVTOT": 9.0, "GRAPROES": 5.75, "_ent": "24", "_mun": "024", "_loc": "0001"}, "geometry": {"type": "Polygon", "coordinates": [[[-100.00501, 21.94845], [-100.00461, 21.94601], [-100.00448, 21.94509], [-100.00578, 21.94559], [-100.00617, 21.94589], [-100.00501, 21.94845]]]}}, {"id": "1866327", "type": "Feature", "properties": {"id": "1866327", "CVEGEO": "2402400010192050", "POBTOT": 30.0, "score_nse": 0.0, "NSE": "ND", "VIVTOT": 10.0, "GRAPROES": 9.27, "_ent": "24", "_mun": "024", "_loc": "0001"}, "geometry": {"type": "Polygon", "coordinates": [[[-100.00457, 21.9492], [-100.00405, 21.95006], [-99.99974, 21.94783], [-100.00042, 21.94679], [-100.00292, 21.94799], [-100.00457, 21.9492]]]}}, {"id": "1866328", "type": "Feature", "properties": {"id": "1866328", "CVEGEO": "2402400010192051", "POBTOT": 103.0, "score_nse": 0.0, "NSE": "ND", "VIVTOT": 24.0, "GRAPROES": 8.48, "_ent": "24", "_mun": "024", "_loc": "0001"}, "geometry": {"type": "Polygon", "coordinates": [[[-100.00181, 21.94452], [-100.00354, 21.94508], [-100.00425, 21.9451], [-100.00482, 21.94885], [-100.00462, 21.94916], [-100.00289, 21.94792], [-100.00045, 21.94674], [-100.00181, 21.94452]]]}}, {"id": "1866329", "type": "Feature", "properties": {"id": "1866329", "CVEGEO": "2402400010192052", "POBTOT": 56.0, "score_nse": 0.0, "NSE": "ND", "VIVTOT": 23.0, "GRAPROES": 12.08, "_ent": "24", "_mun": "024", "_loc": "0001"}, "geometry": {"type": "Polygon", "coordinates": [[[-100.00164, 21.93975], [-100.00179, 21.93938], [-100.00242, 21.93965], [-100.00228, 21.94007], [-100.00164, 21.93975]]]}}, {"id": "1866330", "type": "Feature", "properties": {"id": "1866330", "CVEGEO": "2402400010192053", "POBTOT": 26.0, "score_nse": 73.3457, "NSE": "C+", "VIVTOT": 14.0, "GRAPROES": 13.55, "_ent": "24", "_mun": "024", "_loc": "0001"}, "geometry": {"type": "Polygon", "coordinates": [[[-100.00246, 21.94017], [-100.00231, 21.94011], [-100.00258, 21.9393], [-100.00272, 21.9394], [-100.00246, 21.94017]]]}}, {"id": "1866331", "type": "Feature", "properties": {"id": "1866331", "CVEGEO": "2402400010192055", "POBTOT": 138.0, "score_nse": 70.9435, "NSE": "C+", "VIVTOT": 49.0, "GRAPROES": 12.83, "_ent": "24", "_mun": "024", "_loc": "0001"}, "geometry": {"type": "Polygon", "coordinates": [[[-99.99306, 21.94048], [-99.99317, 21.93987], [-99.99367, 21.93994], [-99.99317, 21.9398], [-99.99339, 21.93855], [-99.99431, 21.93866], [-99.99395, 21.94059], [-99.99306, 21.94048]]]}}, {"id": "1866332", "type": "Feature", "properties": {"id": "1866332", "CVEGEO": "2402400010192057", "POBTOT": 62.0, "score_nse": 79.2139, "NSE": "C+", "VIVTOT": 23.0, "GRAPROES": 14.14, "_ent": "24", "_mun": "024", "_loc": "0001"}, "geometry": {"type": "Polygon", "coordinates": [[[-100.00255, 21.93929], [-100.00245, 21.9396], [-100.00159, 21.93916], [-100.00175, 21.93879], [-100.00255, 21.93929]]]}}, {"id": "1866333", "type": "Feature", "properties": {"id": "1866333", "CVEGEO": "2402400010192058", "POBTOT": 21.0, "score_nse": 71.31, "NSE": "C+", "VIVTOT": 8.0, "GRAPROES": 11.88, "_ent": "24", "_mun": "024", "_loc": "0001"}, "geometry": {"type": "Polygon", "coordinates": [[[-100.00167, 21.93929], [-100.0015, 21.9397], [-100.00138, 21.93965], [-100.00156, 21.93924], [-100.00167, 21.93929]]]}}, {"id": "1866334", "type": "Feature", "properties": {"id": "1866334", "CVEGEO": "2402400010192059", "POBTOT": 24.0, "score_nse": 88.7142, "NSE": "A/B", "VIVTOT": 9.0, "GRAPROES": 12.78, "_ent": "24", "_mun": "024", "_loc": "0001"}, "geometry": {"type": "Polygon", "coordinates": [[[-100.0024, 21.94039], [-100.00128, 21.93987], [-100.00136, 21.93969], [-100.00246, 21.94021], [-100.0024, 21.94039]]]}}, {"id": "1866335", "type": "Feature", "properties": {"id": "1866335", "CVEGEO": "2402400010192060", "POBTOT": 194.0, "score_nse": 61.2595, "NSE": "C", "VIVTOT": 66.0, "GRAPROES": 10.51, "_ent": "24", "_mun": "024", "_loc": "0001"}, "geometry": {"type": "Polygon", "coordinates": [[[-100.0064, 21.9337], [-100.00766, 21.93388], [-100.00758, 21.93513], [-100.00722, 21.93523], [-100.00719, 21.93453], [-100.0075, 21.93445], [-100.00719, 21.93448], [-100.00719, 21.93428], [-100.00707, 21.93428], [-100.00707, 21.93448], [-100.00641, 21.93452], [-100.0064, 21.9337]]]}}, {"id": "1866336", "type": "Feature", "properties": {"id": "1866336", "CVEGEO": "2402400010192061", "POBTOT": 121.0, "score_nse": 0.0, "NSE": "ND", "VIVTOT": 43.0, "GRAPROES": 11.77, "_ent": "24", "_mun": "024", "_loc": "0001"}, "geometry": {"type": "Polygon", "coordinates": [[[-100.00771, 21.9351], [-100.00778, 21.93388], [-100.00808, 21.93392], [-100.00801, 21.93506], [-100.00771, 21.9351]]]}}, {"id": "1866337", "type": "Feature", "properties": {"id": "1866337", "CVEGEO": "2402400010192064", "POBTOT": 2.0, "score_nse": 0.0, "NSE": "ND", "VIVTOT": 1.0, "GRAPROES": 0.0, "_ent": "24", "_mun": "024", "_loc": "0001"}, "geometry": {"type": "Polygon", "coordinates": [[[-100.00276, 21.93604], [-100.00265, 21.93491], [-100.00273, 21.93468], [-100.0029, 21.93602], [-100.00276, 21.93604]]]}}, {"id": "1866338", "type": "Feature", "properties": {"id": "1866338", "CVEGEO": "2402400010192066", "POBTOT": 7.0, "score_nse": 0.0, "NSE": "ND", "VIVTOT": 2.0, "GRAPROES": 0.0, "_ent": "24", "_mun": "024", "_loc": "0001"}, "geometry": {"type": "Polygon", "coordinates": [[[-100.00572, 21.93425], [-100.00529, 21.93426], [-100.00527, 21.93351], [-100.00575, 21.93359], [-100.00572, 21.93425]]]}}, {"id": "1866339", "type": "Feature", "properties": {"id": "1866339", "CVEGEO": "2402400010192068", "POBTOT": 24.0, "score_nse": 0.0, "NSE": "ND", "VIVTOT": 9.0, "GRAPROES": 10.45, "_ent": "24", "_mun": "024", "_loc": "0001"}, "geometry": {"type": "Polygon", "coordinates": [[[-100.00611, 21.93365], [-100.00637, 21.93368], [-100.00638, 21.93452], [-100.00583, 21.93456], [-100.00611, 21.93365]]]}}, {"id": "1866340", "type": "Feature", "properties": {"id": "1866340", "CVEGEO": "2402400010192069", "POBTOT": 12.0, "score_nse": 0.0, "NSE": "ND", "VIVTOT": 2.0, "GRAPROES": 0.0, "_ent": "24", "_mun": "024", "_loc": "0001"}, "geometry": {"type": "Polygon", "coordinates": [[[-100.00604, 21.93364], [-100.006, 21.93401], [-100.00582, 21.93425], [-100.00579, 21.9336], [-100.00604, 21.93364]]]}}, {"id": "1866341", "type": "Feature", "properties": {"id": "1866341", "CVEGEO": "2402400010192071", "POBTOT": 20.0, "score_nse": 0.0, "NSE": "ND", "VIVTOT": 8.0, "GRAPROES": 9.2, "_ent": "24", "_mun": "024", "_loc": "0001"}, "geometry": {"type": "Polygon", "coordinates": [[[-100.00476, 21.93437], [-100.00526, 21.9343], [-100.00527, 21.93461], [-100.00476, 21.93463], [-100.00476, 21.93437]]]}}, {"id": "1866342", "type": "Feature", "properties": {"id": "1866342", "CVEGEO": "2402400010192072", "POBTOT": 0.0, "score_nse": 0.0, "NSE": "ND", "VIVTOT": 0.0, "GRAPROES": 0.0, "_ent": "24", "_mun": "024", "_loc": "0001"}, "geometry": {"type": "Polygon", "coordinates": [[[-100.00217, 21.93387], [-100.00219, 21.93336], [-100.00246, 21.93329], [-100.00262, 21.9339], [-100.00217, 21.93387]]]}}, {"id": "1866343", "type": "Feature", "properties": {"id": "1866343", "CVEGEO": "2402400010192073", "POBTOT": 21.0, "score_nse": 62.9873, "NSE": "C", "VIVTOT": 11.0, "GRAPROES": 11.73, "_ent": "24", "_mun": "024", "_loc": "0001"}, "geometry": {"type": "Polygon", "coordinates": [[[-100.00974, 21.93498], [-100.00902, 21.9349], [-100.00908, 21.93406], [-100.0098, 21.93416], [-100.00974, 21.93498]]]}}, {"id": "1866344", "type": "Feature", "properties": {"id": "1866344", "CVEGEO": "2402400010192074", "POBTOT": 23.0, "score_nse": 82.869, "NSE": "C+", "VIVTOT": 8.0, "GRAPROES": 14.53, "_ent": "24", "_mun": "024", "_loc": "0001"}, "geometry": {"type": "Polygon", "coordinates": [[[-100.01048, 21.93518], [-100.00979, 21.93499], [-100.00985, 21.93416], [-100.01062, 21.93426], [-100.01048, 21.93518]]]}}, {"id": "1866345", "type": "Feature", "properties": {"id": "1866345", "CVEGEO": "2402400010192075", "POBTOT": 33.0, "score_nse": 0.0, "NSE": "ND", "VIVTOT": 11.0, "GRAPROES": 10.83, "_ent": "24", "_mun": "024", "_loc": "0001"}, "geometry": {"type": "Polygon", "coordinates": [[[-100.01067, 21.93427], [-100.01181, 21.93441], [-100.01106, 21.93541], [-100.01053, 21.93521], [-100.01067, 21.93427]]]}}, {"id": "1866346", "type": "Feature", "properties": {"id": "1866346", "CVEGEO": "2402400010192076", "POBTOT": 20.0, "score_nse": 0.0, "NSE": "ND", "VIVTOT": 5.0, "GRAPROES": 9.47, "_ent": "24", "_mun": "024", "_loc": "0001"}, "geometry": {"type": "Polygon", "coordinates": [[[-100.00345, 21.9359], [-100.00305, 21.93599], [-100.0029, 21.93489], [-100.00326, 21.93462], [-100.00345, 21.9359]]]}}, {"id": "1866347", "type": "Feature", "properties": {"id": "1866347", "CVEGEO": "2402400010192077", "POBTOT": 2.0, "score_nse": 0.0, "NSE": "ND", "VIVTOT": 1.0, "GRAPROES": 0.0, "_ent": "24", "_mun": "024", "_loc": "0001"}, "geometry": {"type": "Polygon", "coordinates": [[[-100.00305, 21.93679], [-100.00296, 21.93658], [-100.00278, 21.93614], [-100.00298, 21.93611], [-100.00305, 21.93679]]]}}, {"id": "1866348", "type": "Feature", "properties": {"id": "1866348", "CVEGEO": "2402400010205003", "POBTOT": 43.0, "score_nse": 59.2631, "NSE": "C", "VIVTOT": 18.0, "GRAPROES": 9.44, "_ent": "24", "_mun": "024", "_loc": "0001"}, "geometry": {"type": "Polygon", "coordinates": [[[-99.98883, 21.93785], [-99.98824, 21.93778], [-99.98832, 21.93732], [-99.98744, 21.93712], [-99.98749, 21.93689], [-99.98904, 21.93723], [-99.98883, 21.93785]]]}}, {"id": "1866349", "type": "Feature", "properties": {"id": "1866349", "CVEGEO": "2402400010205004", "POBTOT": 70.0, "score_nse": 63.044, "NSE": "C", "VIVTOT": 29.0, "GRAPROES": 9.56, "_ent": "24", "_mun": "024", "_loc": "0001"}, "geometry": {"type": "Polygon", "coordinates": [[[-99.99205, 21.93824], [-99.99078, 21.93808], [-99.99097, 21.93698], [-99.99213, 21.93708], [-99.99205, 21.93824]]]}}, {"id": "1866350", "type": "Feature", "properties": {"id": "1866350", "CVEGEO": "2402400010205005", "POBTOT": 134.0, "score_nse": 59.6962, "NSE": "C", "VIVTOT": 52.0, "GRAPROES": 10.72, "_ent": "24", "_mun": "024", "_loc": "0001"}, "geometry": {"type": "Polygon", "coordinates": [[[-99.99068, 21.93884], [-99.99077, 21.93823], [-99.9933, 21.93855], [-99.9932, 21.93916], [-99.99068, 21.93884]]]}}, {"id": "1866351", "type": "Feature", "properties": {"id": "1866351", "CVEGEO": "2402400010205006", "POBTOT": 214.0, "score_nse": 58.4566, "NSE": "C", "VIVTOT": 76.0, "GRAPROES": 9.87, "_ent": "24", "_mun": "024", "_loc": "0001"}, "geometry": {"type": "Polygon", "coordinates": [[[-99.99308, 21.93982], [-99.99056, 21.93951], [-99.99067, 21.93891], [-99.9932, 21.93925], [-99.99308, 21.93982]]]}}, {"id": "1866352", "type": "Feature", "properties": {"id": "1866352", "CVEGEO": "2402400010205007", "POBTOT": 203.0, "score_nse": 62.382, "NSE": "C", "VIVTOT": 68.0, "GRAPROES": 9.22, "_ent": "24", "_mun": "024", "_loc": "0001"}, "geometry": {"type": "Polygon", "coordinates": [[[-99.99298, 21.94047], [-99.99047, 21.94014], [-99.99055, 21.93958], [-99.99307, 21.93988], [-99.99298, 21.94047]]]}}, {"id": "1866353", "type": "Feature", "properties": {"id": "1866353", "CVEGEO": "2402400010205008", "POBTOT": 149.0, "score_nse": 52.147, "NSE": "C-", "VIVTOT": 42.0, "GRAPROES": 9.07, "_ent": "24", "_mun": "024", "_loc": "0001"}, "geometry": {"type": "Polygon", "coordinates": [[[-99.99236, 21.94362], [-99.99008, 21.94352], [-99.99047, 21.94023], [-99.99295, 21.94059], [-99.99236, 21.94362]]]}}, {"id": "1866354", "type": "Feature", "properties": {"id": "1866354", "CVEGEO": "2402400010205009", "POBTOT": 55.0, "score_nse": 0.0, "NSE": "ND", "VIVTOT": 25.0, "GRAPROES": 8.59, "_ent": "24", "_mun": "024", "_loc": "0001"}, "geometry": {"type": "Polygon", "coordinates": [[[-99.98979, 21.94433], [-99.99188, 21.94392], [-99.99236, 21.94403], [-99.99217, 21.94517], [-99.98941, 21.9453], [-99.98979, 21.94433]]]}}, {"id": "1866355", "type": "Feature", "properties": {"id": "1866355", "CVEGEO": "2402400010205010", "POBTOT": 58.0, "score_nse": 0.0, "NSE": "ND", "VIVTOT": 19.0, "GRAPROES": 8.0, "_ent": "24", "_mun": "024", "_loc": "0001"}, "geometry": {"type": "Polygon", "coordinates": [[[-99.98902, 21.94623], [-99.98933, 21.94538], [-99.99052, 21.94528], [-99.99035, 21.9465], [-99.98902, 21.94623]]]}}, {"id": "1866356", "type": "Feature", "properties": {"id": "1866356", "CVEGEO": "2402400010205011", "POBTOT": 45.0, "score_nse": 0.0, "NSE": "ND", "VIVTOT": 18.0, "GRAPROES": 8.19, "_ent": "24", "_mun": "024", "_loc": "0001"}, "geometry": {"type": "Polygon", "coordinates": [[[-99.98874, 21.94704], [-99.989, 21.9463], [-99.99031, 21.94656], [-99.99017, 21.9473], [-99.98874, 21.94704]]]}}, {"id": "1866357", "type": "Feature", "properties": {"id": "1866357", "CVEGEO": "2402400010205012", "POBTOT": 91.0, "score_nse": 0.0, "NSE": "ND", "VIVTOT": 26.0, "GRAPROES": 7.09, "_ent": "24", "_mun": "024", "_loc": "0001"}, "geometry": {"type": "Polygon", "coordinates": [[[-99.98843, 21.94786], [-99.98872, 21.94712], [-99.99016, 21.9474], [-99.99004, 21.94814], [-99.98843, 21.94786]]]}}, {"id": "1866358", "type": "Feature", "properties": {"id": "1866358", "CVEGEO": "2402400010205013", "POBTOT": 236.0, "score_nse": 70.6322, "NSE": "C+", "VIVTOT": 87.0, "GRAPROES": 11.63, "_ent": "24", "_mun": "024", "_loc": "0001"}, "geometry": {"type": "Polygon", "coordinates": [[[-99.99098, 21.93691], [-99.9913, 21.93442], [-99.99226, 21.93433], [-99.99215, 21.93702], [-99.99098, 21.93691]]]}}, {"id": "1866359", "type": "Feature", "properties": {"id": "1866359", "CVEGEO": "2402400010205014", "POBTOT": 121.0, "score_nse": 62.5655, "NSE": "C", "VIVTOT": 42.0, "GRAPROES": 10.59, "_ent": "24", "_mun": "024", "_loc": "0001"}, "geometry": {"type": "Polygon", "coordinates": [[[-99.99369, 21.93635], [-99.9923, 21.93632], [-99.99233, 21.93432], [-99.99408, 21.9342], [-99.99369, 21.93635]]]}}, {"id": "1866360", "type": "Feature", "properties": {"id": "1866360", "CVEGEO": "2402400010205015", "POBTOT": 91.0, "score_nse": 60.7876, "NSE": "C", "VIVTOT": 33.0, "GRAPROES": 11.44, "_ent": "24", "_mun": "024", "_loc": "0001"}, "geometry": {"type": "Polygon", "coordinates": [[[-99.99359, 21.93643], [-99.99358, 21.93703], [-99.99225, 21.93702], [-99.99229, 21.93639], [-99.99359, 21.93643]]]}}, {"id": "1866361", "type": "Feature", "properties": {"id": "1866361", "CVEGEO": "2402400010205017", "POBTOT": 54.0, "score_nse": 0.0, "NSE": "ND", "VIVTOT": 18.0, "GRAPROES": 8.56, "_ent": "24", "_mun": "024", "_loc": "0001"}, "geometry": {"type": "Polygon", "coordinates": [[[-99.99222, 21.94517], [-99.99241, 21.94407], [-99.99274, 21.94409], [-99.99304, 21.94376], [-99.99345, 21.94375], [-99.99339, 21.94519], [-99.99222, 21.94517]]]}}, {"id": "1866362", "type": "Feature", "properties": {"id": "1866362", "CVEGEO": "2402400010205018", "POBTOT": 105.0, "score_nse": 0.0, "NSE": "ND", "VIVTOT": 34.0, "GRAPROES": 6.56, "_ent": "24", "_mun": "024", "_loc": "0001"}, "geometry": {"type": "Polygon", "coordinates": [[[-99.99217, 21.94525], [-99.99195, 21.94678], [-99.99042, 21.94649], [-99.99061, 21.94528], [-99.99217, 21.94525]]]}}, {"id": "1866363", "type": "Feature", "properties": {"id": "1866363", "CVEGEO": "2402400010205019", "POBTOT": 0.0, "score_nse": 0.0, "NSE": "ND", "VIVTOT": 0.0, "GRAPROES": 0.0, "_ent": "24", "_mun": "024", "_loc": "0001"}, "geometry": {"type": "Polygon", "coordinates": [[[-99.9904, 21.94656], [-99.9911, 21.94669], [-99.99095, 21.94744], [-99.99028, 21.94734], [-99.9904, 21.94656]]]}}, {"id": "1866364", "type": "Feature", "properties": {"id": "1866364", "CVEGEO": "2402400010205021", "POBTOT": 259.0, "score_nse": 64.6495, "NSE": "C", "VIVTOT": 110.0, "GRAPROES": 11.09, "_ent": "24", "_mun": "024", "_loc": "0001"}, "geometry": {"type": "Polygon", "coordinates": [[[-99.99378, 21.93636], [-99.99419, 21.93418], [-99.99522, 21.93418], [-99.99568, 21.93455], [-99.99566, 21.93507], [-99.99444, 21.93465], [-99.99566, 21.93513], [-99.99564, 21.93548], [-99.99452, 21.93554], [-99.99564, 21.93552], [-99.9956, 21.93645], [-99.99378, 21.93636]]]}}, {"id": "1866365", "type": "Feature", "properties": {"id": "1866365", "CVEGEO": "2402400010205023", "POBTOT": 35.0, "score_nse": 0.0, "NSE": "ND", "VIVTOT": 13.0, "GRAPROES": 10.03, "_ent": "24", "_mun": "024", "_loc": "0001"}, "geometry": {"type": "Polygon", "coordinates": [[[-99.98803, 21.93911], [-99.98814, 21.93844], [-99.98875, 21.93853], [-99.98867, 21.93919], [-99.98803, 21.93911]]]}}, {"id": "1866366", "type": "Feature", "properties": {"id": "1866366", "CVEGEO": "2402400010205024", "POBTOT": 78.0, "score_nse": 58.056, "NSE": "C", "VIVTOT": 25.0, "GRAPROES": 8.35, "_ent": "24", "_mun": "024", "_loc": "0001"}, "geometry": {"type": "Polygon", "coordinates": [[[-99.98708, 21.93897], [-99.98719, 21.93832], [-99.98806, 21.93844], [-99.98796, 21.93909], [-99.98708, 21.93897]]]}}, {"id": "1866367", "type": "Feature", "properties": {"id": "1866367", "CVEGEO": "2402400010205025", "POBTOT": 79.0, "score_nse": 0.0, "NSE": "ND", "VIVTOT": 23.0, "GRAPROES": 8.93, "_ent": "24", "_mun": "024", "_loc": "0001"}, "geometry": {"type": "Polygon", "coordinates": [[[-99.98719, 21.93825], [-99.98727, 21.9378], [-99.98814, 21.93792], [-99.98807, 21.93836], [-99.98719, 21.93825]]]}}, {"id": "1866368", "type": "Feature", "properties": {"id": "1866368", "CVEGEO": "2402400010205026", "POBTOT": 48.0, "score_nse": 67.5108, "NSE": "C", "VIVTOT": 13.0, "GRAPROES": 9.44, "_ent": "24", "_mun": "024", "_loc": "0001"}, "geometry": {"type": "Polygon", "coordinates": [[[-99.98814, 21.93837], [-99.98821, 21.93792], [-99.98884, 21.938], [-99.98877, 21.93845], [-99.98814, 21.93837]]]}}, {"id": "1866369", "type": "Feature", "properties": {"id": "1866369", "CVEGEO": "2402400010205027", "POBTOT": 180.0, "score_nse": 57.6903, "NSE": "C", "VIVTOT": 62.0, "GRAPROES": 9.88, "_ent": "24", "_mun": "024", "_loc": "0001"}, "geometry": {"type": "Polygon", "coordinates": [[[-99.9869, 21.93899], [-99.9864, 21.93881], [-99.98651, 21.93842], [-99.98682, 21.93843], [-99.98651, 21.93839], [-99.98652, 21.93789], [-99.98551, 21.93773], [-99.98565, 21.93757], [-99.98718, 21.93779], [-99.9869, 21.93899]]]}}, {"id": "1866370", "type": "Feature", "properties": {"id": "1866370", "CVEGEO": "2402400010205028", "POBTOT": 56.0, "score_nse": 52.0381, "NSE": "C-", "VIVTOT": 21.0, "GRAPROES": 9.7, "_ent": "24", "_mun": "024", "_loc": "0001"}, "geometry": {"type": "Polygon", "coordinates": [[[-99.98633, 21.93876], [-99.98576, 21.93851], [-99.98579, 21.93827], [-99.98572, 21.9385], [-99.98509, 21.93822], [-99.98543, 21.93783], [-99.98647, 21.93802], [-99.98633, 21.93876]]]}}, {"id": "1866371", "type": "Feature", "properties": {"id": "1866371", "CVEGEO": "2402400010205029", "POBTOT": 25.0, "score_nse": 0.0, "NSE": "ND", "VIVTOT": 10.0, "GRAPROES": 14.0, "_ent": "24", "_mun": "024", "_loc": "0001"}, "geometry": {"type": "Polygon", "coordinates": [[[-99.99045, 21.93955], [-99.99038, 21.94005], [-99.98946, 21.93992], [-99.98954, 21.93943], [-99.99045, 21.93955]]]}}, {"id": "1866372", "type": "Feature", "properties": {"id": "1866372", "CVEGEO": "2402400010205030", "POBTOT": 253.0, "score_nse": 0.0, "NSE": "ND", "VIVTOT": 94.0, "GRAPROES": 9.88, "_ent": "24", "_mun": "024", "_loc": "0001"}, "geometry": {"type": "Polygon", "coordinates": [[[-99.99063, 21.93808], [-99.99012, 21.93803], [-99.9901, 21.93741], [-99.99003, 21.938], [-99.98955, 21.93791], [-99.98959, 21.93736], [-99.98946, 21.93791], [-99.98902, 21.93787], [-99.98931, 21.93668], [-99.98981, 21.93676], [-99.98933, 21.93663], [-99.98942, 21.93606], [-99.99099, 21.93625], [-99.99063, 21.93808]]]}}, {"id": "1866373", "type": "Feature", "properties": {"id": "1866373", "CVEGEO": "2402400010205031", "POBTOT": 174.0, "score_nse": 57.4481, "NSE": "C", "VIVTOT": 67.0, "GRAPROES": 10.24, "_ent": "24", "_mun": "024", "_loc": "0001"}, "geometry": {"type": "Polygon", "coordinates": [[[-99.98943, 21.93597], [-99.98969, 21.93453], [-99.99124, 21.9344], [-99.99099, 21.93617], [-99.98943, 21.93597]]]}}, {"id": "1866374", "type": "Feature", "properties": {"id": "1866374", "CVEGEO": "2402400010205032", "POBTOT": 192.0, "score_nse": 0.0, "NSE": "ND", "VIVTOT": 67.0, "GRAPROES": 11.36, "_ent": "24", "_mun": "024", "_loc": "0001"}, "geometry": {"type": "Polygon", "coordinates": [[[-99.98936, 21.93596], [-99.98878, 21.93582], [-99.9889, 21.93508], [-99.98872, 21.9358], [-99.9876, 21.93541], [-99.98823, 21.93469], [-99.98962, 21.93454], [-99.98936, 21.93596]]]}}, {"id": "1866375", "type": "Feature", "properties": {"id": "1866375", "CVEGEO": "2402400010205033", "POBTOT": 166.0, "score_nse": 64.818, "NSE": "C", "VIVTOT": 51.0, "GRAPROES": 10.15, "_ent": "24", "_mun": "024", "_loc": "0001"}, "geometry": {"type": "Polygon", "coordinates": [[[-99.98932, 21.9361], [-99.98923, 21.93653], [-99.98711, 21.93594], [-99.98753, 21.93546], [-99.98932, 21.9361]]]}}, {"id": "1866376", "type": "Feature", "properties": {"id": "1866376", "CVEGEO": "2402400010205034", "POBTOT": 56.0, "score_nse": 47.2825, "NSE": "C-", "VIVTOT": 13.0, "GRAPROES": 8.39, "_ent": "24", "_mun": "024", "_loc": "0001"}, "geometry": {"type": "Polygon", "coordinates": [[[-99.99002, 21.94305], [-99.98933, 21.94296], [-99.98895, 21.94286], [-99.99004, 21.94248], [-99.99002, 21.94305]]]}}, {"id": "1866377", "type": "Feature", "properties": {"id": "1866377", "CVEGEO": "2402400010205035", "POBTOT": 115.0, "score_nse": 61.8227, "NSE": "C", "VIVTOT": 30.0, "GRAPROES": 9.78, "_ent": "24", "_mun": "024", "_loc": "0001"}, "geometry": {"type": "Polygon", "coordinates": [[[-99.98513, 21.94348], [-99.9835, 21.94302], [-99.98262, 21.94217], [-99.98225, 21.94095], [-99.98278, 21.93949], [-99.98342, 21.93957], [-99.98381, 21.93946], [-99.98476, 21.9385], [-99.98555, 21.93895], [-99.98485, 21.93995], [-99.9868, 21.94089], [-99.98629, 21.94163], [-99.98605, 21.9415], [-99.98627, 21.94172], [-99.98763, 21.93984], [-99.99029, 21.94042], [-99.99001, 21.94233], [-99.98876, 21.94286], [-99.98816, 21.94282], [-99.98769, 21.94331], [-99.98584, 21.94274], [-99.98761, 21.94335], [-99.98789, 21.9433], [-99.98819, 21.94286], [-99.98999, 21.94309], [-99.98995, 21.94348], [-99.98717, 21.94365], [-99.98513, 21.94348]]]}}, {"id": "1866378", "type": "Feature", "properties": {"id": "1866378", "CVEGEO": "2402400010205036", "POBTOT": 24.0, "score_nse": 78.8251, "NSE": "C+", "VIVTOT": 7.0, "GRAPROES": 10.67, "_ent": "24", "_mun": "024", "_loc": "0001"}, "geometry": {"type": "Polygon", "coordinates": [[[-99.98817, 21.93777], [-99.98729, 21.93768], [-99.98742, 21.93716], [-99.98823, 21.93734], [-99.98817, 21.93777]]]}}, {"id": "1866379", "type": "Feature", "properties": {"id": "1866379", "CVEGEO": "2402400010205037", "POBTOT": 102.0, "score_nse": 58.7758, "NSE": "C", "VIVTOT": 34.0, "GRAPROES": 9.91, "_ent": "24", "_mun": "024", "_loc": "0001"}, "geometry": {"type": "Polygon", "coordinates": [[[-99.98721, 21.93767], [-99.98629, 21.93753], [-99.98574, 21.93745], [-99.98623, 21.93686], [-99.98735, 21.93715], [-99.98721, 21.93767]]]}}, {"id": "1866380", "type": "Feature", "properties": {"id": "1866380", "CVEGEO": "2402400010205038", "POBTOT": 6.0, "score_nse": 0.0, "NSE": "ND", "VIVTOT": 3.0, "GRAPROES": 0.0, "_ent": "24", "_mun": "024", "_loc": "0001"}, "geometry": {"type": "Polygon", "coordinates": [[[-99.9863, 21.93681], [-99.98645, 21.93667], [-99.98742, 21.93688], [-99.98737, 21.9371], [-99.9863, 21.93681]]]}}, {"id": "1866381", "type": "Feature", "properties": {"id": "1866381", "CVEGEO": "2402400010205039", "POBTOT": 180.0, "score_nse": 62.38, "NSE": "C", "VIVTOT": 64.0, "GRAPROES": 10.37, "_ent": "24", "_mun": "024", "_loc": "0001"}, "geometry": {"type": "Polygon", "coordinates": [[[-99.98909, 21.93716], [-99.98726, 21.93679], [-99.98651, 21.93661], [-99.98705, 21.93599], [-99.98923, 21.93661], [-99.98909, 21.93716]]]}}, {"id": "1866382", "type": "Feature", "properties": {"id": "1866382", "CVEGEO": "2402400010205041", "POBTOT": 148.0, "score_nse": 43.4164, "NSE": "C-", "VIVTOT": 38.0, "GRAPROES": 7.7, "_ent": "24", "_mun": "024", "_loc": "0001"}, "geometry": {"type": "Polygon", "coordinates": [[[-99.99324, 21.94797], [-99.99167, 21.94729], [-99.99176, 21.94683], [-99.99201, 21.94686], [-99.99222, 21.94525], [-99.99335, 21.94526], [-99.99324, 21.94797]]]}}, {"id": "1866383", "type": "Feature", "properties": {"id": "1866383", "CVEGEO": "2402400010205042", "POBTOT": 10.0, "score_nse": 0.0, "NSE": "ND", "VIVTOT": 2.0, "GRAPROES": 0.0, "_ent": "24", "_mun": "024", "_loc": "0001"}, "geometry": {"type": "Polygon", "coordinates": [[[-99.99072, 21.94817], [-99.99083, 21.94751], [-99.99159, 21.94766], [-99.99143, 21.94849], [-99.99072, 21.94817]]]}}, {"id": "1866384", "type": "Feature", "properties": {"id": "1866384", "CVEGEO": "2402400010205044", "POBTOT": 43.0, "score_nse": 0.0, "NSE": "ND", "VIVTOT": 9.0, "GRAPROES": 8.35, "_ent": "24", "_mun": "024", "_loc": "0001"}, "geometry": {"type": "Polygon", "coordinates": [[[-99.98607, 21.94667], [-99.98867, 21.9471], [-99.98792, 21.94904], [-99.98682, 21.94872], [-99.98657, 21.94784], [-99.98593, 21.94715], [-99.98532, 21.94682], [-99.98413, 21.94657], [-99.98433, 21.94618], [-99.98361, 21.94612], [-99.98392, 21.94547], [-99.98628, 21.94581], [-99.98607, 21.94667]]]}}, {"id": "1866385", "type": "Feature", "properties": {"id": "1866385", "CVEGEO": "2402400010205045", "POBTOT": 100.0, "score_nse": 0.0, "NSE": "ND", "VIVTOT": 35.0, "GRAPROES": 7.03, "_ent": "24", "_mun": "024", "_loc": "0001"}, "geometry": {"type": "Polygon", "coordinates": [[[-99.98616, 21.94663], [-99.98635, 21.94583], [-99.98894, 21.94629], [-99.98869, 21.94703], [-99.98616, 21.94663]]]}}, {"id": "1866386", "type": "Feature", "properties": {"id": "1866386", "CVEGEO": "2402400010205046", "POBTOT": 59.0, "score_nse": 0.0, "NSE": "ND", "VIVTOT": 19.0, "GRAPROES": 9.56, "_ent": "24", "_mun": "024", "_loc": "0001"}, "geometry": {"type": "Polygon", "coordinates": [[[-99.98638, 21.94575], [-99.98654, 21.9453], [-99.9893, 21.94538], [-99.98895, 21.94621], [-99.98638, 21.94575]]]}}, {"id": "1866387", "type": "Feature", "properties": {"id": "1866387", "CVEGEO": "2402400010205047", "POBTOT": 125.0, "score_nse": 48.2505, "NSE": "C-", "VIVTOT": 32.0, "GRAPROES": 8.15, "_ent": "24", "_mun": "024", "_loc": "0001"}, "geometry": {"type": "Polygon", "coordinates": [[[-99.98275, 21.94268], [-99.9824, 21.94316], [-99.98235, 21.94505], [-99.97651, 21.94328], [-99.97742, 21.94022], [-99.97971, 21.93904], [-99.98174, 21.9393], [-99.98243, 21.93957], [-99.98233, 21.94017], [-99.98188, 21.94063], [-99.98179, 21.94095], [-99.98275, 21.94268]]]}}, {"id": "1866388", "type": "Feature", "properties": {"id": "1866388", "CVEGEO": "2402400010205048", "POBTOT": 22.0, "score_nse": 0.0, "NSE": "ND", "VIVTOT": 4.0, "GRAPROES": 7.14, "_ent": "24", "_mun": "024", "_loc": "0001"}, "geometry": {"type": "Polygon", "coordinates": [[[-99.97626, 21.94121], [-99.97667, 21.94032], [-99.9773, 21.94032], [-99.97703, 21.94139], [-99.97626, 21.94121]]]}}, {"id": "1866389", "type": "Feature", "properties": {"id": "1866389", "CVEGEO": "2402400010205049", "POBTOT": 295.0, "score_nse": 51.3575, "NSE": "C-", "VIVTOT": 92.0, "GRAPROES": 8.33, "_ent": "24", "_mun": "024", "_loc": "0001"}, "geometry": {"type": "Polygon", "coordinates": [[[-99.97529, 21.94291], [-99.97248, 21.94209], [-99.97361, 21.94029], [-99.97659, 21.94032], [-99.97529, 21.94291]]]}}, {"id": "1866390", "type": "Feature", "properties": {"id": "1866390", "CVEGEO": "2402400010205051", "POBTOT": 71.0, "score_nse": 0.0, "NSE": "ND", "VIVTOT": 20.0, "GRAPROES": 8.06, "_ent": "24", "_mun": "024", "_loc": "0001"}, "geometry": {"type": "Polygon", "coordinates": [[[-99.9736, 21.94022], [-99.97123, 21.94013], [-99.97109, 21.9387], [-99.97132, 21.93673], [-99.97231, 21.93784], [-99.97313, 21.93827], [-99.97348, 21.93881], [-99.974, 21.9392], [-99.9736, 21.94022]]]}}, {"id": "1866391", "type": "Feature", "properties": {"id": "1866391", "CVEGEO": "2402400010205052", "POBTOT": 40.0, "score_nse": 0.0, "NSE": "ND", "VIVTOT": 12.0, "GRAPROES": 7.53, "_ent": "24", "_mun": "024", "_loc": "0001"}, "geometry": {"type": "Polygon", "coordinates": [[[-99.97593, 21.94026], [-99.97363, 21.94023], [-99.97411, 21.93928], [-99.9735, 21.93874], [-99.97353, 21.93835], [-99.97584, 21.93768], [-99.97593, 21.94026]]]}}, {"id": "1866392", "type": "Feature", "properties": {"id": "1866392", "CVEGEO": "2402400010205056", "POBTOT": 22.0, "score_nse": 55.012, "NSE": "C", "VIVTOT": 8.0, "GRAPROES": 8.74, "_ent": "24", "_mun": "024", "_loc": "0001"}, "geometry": {"type": "Polygon", "coordinates": [[[-99.99154, 21.94755], [-99.99102, 21.94745], [-99.99116, 21.94669], [-99.99169, 21.94681], [-99.99154, 21.94755]]]}}, {"id": "1866393", "type": "Feature", "properties": {"id": "1866393", "CVEGEO": "2402400010205058", "POBTOT": 16.0, "score_nse": 0.0, "NSE": "ND", "VIVTOT": 5.0, "GRAPROES": 8.27, "_ent": "24", "_mun": "024", "_loc": "0001"}, "geometry": {"type": "Polygon", "coordinates": [[[-99.97682, 21.94208], [-99.97648, 21.94327], [-99.97539, 21.94294], [-99.97597, 21.9418], [-99.97682, 21.94208]]]}}, {"id": "1866394", "type": "Feature", "properties": {"id": "1866394", "CVEGEO": "2402400010205060", "POBTOT": 9.0, "score_nse": 0.0, "NSE": "ND", "VIVTOT": 3.0, "GRAPROES": 0.0, "_ent": "24", "_mun": "024", "_loc": "0001"}, "geometry": {"type": "Polygon", "coordinates": [[[-99.97113, 21.93945], [-99.97118, 21.94013], [-99.96995, 21.94011], [-99.97113, 21.93945]]]}}, {"id": "1866395", "type": "Feature", "properties": {"id": "1866395", "CVEGEO": "2402400010205062", "POBTOT": 29.0, "score_nse": 0.0, "NSE": "ND", "VIVTOT": 10.0, "GRAPROES": 8.68, "_ent": "24", "_mun": "024", "_loc": "0001"}, "geometry": {"type": "Polygon", "coordinates": [[[-99.97598, 21.94176], [-99.97624, 21.94126], [-99.97702, 21.94144], [-99.97684, 21.94204], [-99.97598, 21.94176]]]}}, {"id": "1866396", "type": "Feature", "properties": {"id": "1866396", "CVEGEO": "2402400010205063", "POBTOT": 0.0, "score_nse": 10.0, "NSE": "E", "VIVTOT": 1.0, "GRAPROES": 0.0, "_ent": "24", "_mun": "024", "_loc": "0001"}, "geometry": {"type": "Polygon", "coordinates": [[[-99.98464, 21.94531], [-99.98474, 21.9446], [-99.98548, 21.94484], [-99.98656, 21.94485], [-99.9863, 21.94573], [-99.98482, 21.94548], [-99.98464, 21.94531]]]}}, {"id": "1866397", "type": "Feature", "properties": {"id": "1866397", "CVEGEO": "2402400010205064", "POBTOT": 25.0, "score_nse": 0.0, "NSE": "ND", "VIVTOT": 7.0, "GRAPROES": 6.56, "_ent": "24", "_mun": "024", "_loc": "0001"}, "geometry": {"type": "Polygon", "coordinates": [[[-99.98656, 21.9452], [-99.98681, 21.94479], [-99.98975, 21.94433], [-99.98934, 21.9453], [-99.98656, 21.9452]]]}}, {"id": "1866398", "type": "Feature", "properties": {"id": "1866398", "CVEGEO": "2402400010205066", "POBTOT": 113.0, "score_nse": 59.346, "NSE": "C", "VIVTOT": 41.0, "GRAPROES": 9.74, "_ent": "24", "_mun": "024", "_loc": "0001"}, "geometry": {"type": "Polygon", "coordinates": [[[-99.98754, 21.93978], [-99.98737, 21.93997], [-99.9869, 21.93991], [-99.98703, 21.93907], [-99.98791, 21.93919], [-99.98791, 21.9395], [-99.98798, 21.9392], [-99.98864, 21.93927], [-99.9886, 21.93995], [-99.98754, 21.93978]]]}}, {"id": "1866399", "type": "Feature", "properties": {"id": "1866399", "CVEGEO": "2402400010205068", "POBTOT": 4.0, "score_nse": 0.0, "NSE": "ND", "VIVTOT": 3.0, "GRAPROES": 7.5, "_ent": "24", "_mun": "024", "_loc": "0001"}, "geometry": {"type": "Polygon", "coordinates": [[[-99.98566, 21.94037], [-99.98579, 21.94017], [-99.98592, 21.94023], [-99.9859, 21.94048], [-99.98566, 21.94037]]]}}, {"id": "1866400", "type": "Feature", "properties": {"id": "1866400", "CVEGEO": "2402400010205069", "POBTOT": 20.0, "score_nse": 0.0, "NSE": "ND", "VIVTOT": 6.0, "GRAPROES": 12.63, "_ent": "24", "_mun": "024", "_loc": "0001"}, "geometry": {"type": "Polygon", "coordinates": [[[-99.98487, 21.93995], [-99.98499, 21.93976], [-99.98575, 21.94015], [-99.98563, 21.94035], [-99.98487, 21.93995]]]}}, {"id": "1866401", "type": "Feature", "properties": {"id": "1866401", "CVEGEO": "2402400010205070", "POBTOT": 27.0, "score_nse": 0.0, "NSE": "ND", "VIVTOT": 7.0, "GRAPROES": 8.89, "_ent": "24", "_mun": "024", "_loc": "0001"}, "geometry": {"type": "Polygon", "coordinates": [[[-99.98602, 21.94023], [-99.98605, 21.93994], [-99.98651, 21.94016], [-99.98646, 21.94043], [-99.98602, 21.94023]]]}}, {"id": "1866402", "type": "Feature", "properties": {"id": "1866402", "CVEGEO": "2402400010205071", "POBTOT": 43.0, "score_nse": 0.0, "NSE": "ND", "VIVTOT": 9.0, "GRAPROES": 9.13, "_ent": "24", "_mun": "024", "_loc": "0001"}, "geometry": {"type": "Polygon", "coordinates": [[[-99.98502, 21.9397], [-99.98512, 21.93952], [-99.98594, 21.9399], [-99.98591, 21.94016], [-99.98502, 21.9397]]]}}, {"id": "1866403", "type": "Feature", "properties": {"id": "1866403", "CVEGEO": "2402400010205072", "POBTOT": 21.0, "score_nse": 0.0, "NSE": "ND", "VIVTOT": 10.0, "GRAPROES": 8.38, "_ent": "24", "_mun": "024", "_loc": "0001"}, "geometry": {"type": "Polygon", "coordinates": [[[-99.98605, 21.93986], [-99.98608, 21.93961], [-99.98657, 21.93982], [-99.98653, 21.94007], [-99.98605, 21.93986]]]}}, {"id": "1866404", "type": "Feature", "properties": {"id": "1866404", "CVEGEO": "2402400010205073", "POBTOT": 60.0, "score_nse": 0.0, "NSE": "ND", "VIVTOT": 16.0, "GRAPROES": 9.19, "_ent": "24", "_mun": "024", "_loc": "0001"}, "geometry": {"type": "Polygon", "coordinates": [[[-99.98515, 21.93948], [-99.9853, 21.93925], [-99.98597, 21.93954], [-99.98595, 21.93983], [-99.98515, 21.93948]]]}}, {"id": "1866405", "type": "Feature", "properties": {"id": "1866405", "CVEGEO": "2402400010205074", "POBTOT": 118.0, "score_nse": 51.4551, "NSE": "C-", "VIVTOT": 44.0, "GRAPROES": 9.66, "_ent": "24", "_mun": "024", "_loc": "0001"}, "geometry": {"type": "Polygon", "coordinates": [[[-99.9868, 21.93992], [-99.98608, 21.93954], [-99.98612, 21.93927], [-99.98654, 21.93938], [-99.98613, 21.93919], [-99.98632, 21.93883], [-99.98695, 21.93903], [-99.9868, 21.93992]]]}}, {"id": "1866406", "type": "Feature", "properties": {"id": "1866406", "CVEGEO": "2402400010205075", "POBTOT": 23.0, "score_nse": 0.0, "NSE": "ND", "VIVTOT": 10.0, "GRAPROES": 10.5, "_ent": "24", "_mun": "024", "_loc": "0001"}, "geometry": {"type": "Polygon", "coordinates": [[[-99.98535, 21.9392], [-99.98554, 21.93897], [-99.98602, 21.93919], [-99.98601, 21.93942], [-99.98535, 21.9392]]]}}, {"id": "1866407", "type": "Feature", "properties": {"id": "1866407", "CVEGEO": "2402400010205076", "POBTOT": 70.0, "score_nse": 58.178, "NSE": "C", "VIVTOT": 20.0, "GRAPROES": 9.2, "_ent": "24", "_mun": "024", "_loc": "0001"}, "geometry": {"type": "Polygon", "coordinates": [[[-99.98478, 21.93848], [-99.98498, 21.93826], [-99.98626, 21.93879], [-99.986, 21.93914], [-99.98478, 21.93848]]]}}, {"id": "1866408", "type": "Feature", "properties": {"id": "1866408", "CVEGEO": "2402400010205077", "POBTOT": 28.0, "score_nse": 0.0, "NSE": "ND", "VIVTOT": 9.0, "GRAPROES": 8.95, "_ent": "24", "_mun": "024", "_loc": "0001"}, "geometry": {"type": "Polygon", "coordinates": [[[-99.98595, 21.94051], [-99.98601, 21.94027], [-99.98646, 21.94047], [-99.98656, 21.93993], [-99.98731, 21.94007], [-99.98718, 21.94028], [-99.9873, 21.94034], [-99.9869, 21.94091], [-99.98595, 21.94051]]]}}, {"id": "1866409", "type": "Feature", "properties": {"id": "1866409", "CVEGEO": "240240001021A001", "POBTOT": 75.0, "score_nse": 62.7276, "NSE": "C", "VIVTOT": 21.0, "GRAPROES": 9.63, "_ent": "24", "_mun": "024", "_loc": "0001"}, "geometry": {"type": "Polygon", "coordinates": [[[-99.99981, 21.93173], [-99.99969, 21.9326], [-99.99819, 21.9324], [-99.99823, 21.93197], [-99.99932, 21.93207], [-99.99935, 21.9323], [-99.9994, 21.9317], [-99.99981, 21.93173]]]}}, {"id": "1866410", "type": "Feature", "properties": {"id": "1866410", "CVEGEO": "240240001021A002", "POBTOT": 168.0, "score_nse": 63.7116, "NSE": "C", "VIVTOT": 69.0, "GRAPROES": 11.01, "_ent": "24", "_mun": "024", "_loc": "0001"}, "geometry": {"type": "Polygon", "coordinates": [[[-99.99647, 21.93086], [-99.99827, 21.93096], [-99.99821, 21.93155], [-99.99628, 21.93139], [-99.99647, 21.93086]]]}}, {"id": "1866411", "type": "Feature", "properties": {"id": "1866411", "CVEGEO": "240240001021A003", "POBTOT": 149.0, "score_nse": 61.7204, "NSE": "C", "VIVTOT": 67.0, "GRAPROES": 11.27, "_ent": "24", "_mun": "024", "_loc": "0001"}, "geometry": {"type": "Polygon", "coordinates": [[[-99.99829, 21.93091], [-99.99639, 21.9308], [-99.9965, 21.92997], [-99.99838, 21.93011], [-99.99829, 21.93091]]]}}, {"id": "1866412", "type": "Feature", "properties": {"id": "1866412", "CVEGEO": "240240001021A004", "POBTOT": 235.0, "score_nse": 0.0, "NSE": "ND", "VIVTOT": 73.0, "GRAPROES": 11.09, "_ent": "24", "_mun": "024", "_loc": "0001"}, "geometry": {"type": "Polygon", "coordinates": [[[-99.99844, 21.93009], [-99.99891, 21.93014], [-99.99894, 21.93033], [-99.99895, 21.93015], [-99.99917, 21.93015], [-99.99917, 21.93032], [-99.99919, 21.93016], [-99.99961, 21.93019], [-99.99951, 21.93045], [-99.99964, 21.93018], [-100.00004, 21.9302], [-99.99993, 21.93102], [-99.99834, 21.93092], [-99.99844, 21.93009]]]}}, {"id": "1866413", "type": "Feature", "properties": {"id": "1866413", "CVEGEO": "240240001021A006", "POBTOT": 92.0, "score_nse": 0.0, "NSE": "ND", "VIVTOT": 40.0, "GRAPROES": 11.96, "_ent": "24", "_mun": "024", "_loc": "0001"}, "geometry": {"type": "Polygon", "coordinates": [[[-99.99945, 21.93376], [-99.99962, 21.9327], [-100.00211, 21.93307], [-100.00208, 21.93386], [-99.99945, 21.93376]]]}}, {"id": "1866414", "type": "Feature", "properties": {"id": "1866414", "CVEGEO": "240240001021A007", "POBTOT": 158.0, "score_nse": 65.5, "NSE": "C", "VIVTOT": 66.0, "GRAPROES": 11.62, "_ent": "24", "_mun": "024", "_loc": "0001"}, "geometry": {"type": "Polygon", "coordinates": [[[-99.99896, 21.93316], [-99.99904, 21.93261], [-99.99954, 21.93269], [-99.99938, 21.93373], [-99.9971, 21.93362], [-99.99607, 21.93251], [-99.99612, 21.93218], [-99.99899, 21.9326], [-99.99896, 21.93316]]]}}, {"id": "1866415", "type": "Feature", "properties": {"id": "1866415", "CVEGEO": "240240001021A008", "POBTOT": 77.0, "score_nse": 73.996, "NSE": "C+", "VIVTOT": 31.0, "GRAPROES": 12.59, "_ent": "24", "_mun": "024", "_loc": "0001"}, "geometry": {"type": "Polygon", "coordinates": [[[-99.99694, 21.93357], [-99.99592, 21.93357], [-99.99605, 21.93256], [-99.99694, 21.93357]]]}}, {"id": "1866416", "type": "Feature", "properties": {"id": "1866416", "CVEGEO": "240240001021A009", "POBTOT": 73.0, "score_nse": 0.0, "NSE": "ND", "VIVTOT": 37.0, "GRAPROES": 11.47, "_ent": "24", "_mun": "024", "_loc": "0001"}, "geometry": {"type": "Polygon", "coordinates": [[[-99.99583, 21.93358], [-99.99493, 21.93354], [-99.99431, 21.93319], [-99.99457, 21.93192], [-99.99571, 21.93211], [-99.99603, 21.93252], [-99.99583, 21.93358]]]}}, {"id": "1866417", "type": "Feature", "properties": {"id": "1866417", "CVEGEO": "240240001021A010", "POBTOT": 60.0, "score_nse": 56.9486, "NSE": "C", "VIVTOT": 31.0, "GRAPROES": 10.73, "_ent": "24", "_mun": "024", "_loc": "0001"}, "geometry": {"type": "Polygon", "coordinates": [[[-99.9961, 21.93212], [-99.99462, 21.93189], [-99.99465, 21.93142], [-99.99621, 21.93142], [-99.9961, 21.93212]]]}}, {"id": "1866418", "type": "Feature", "properties": {"id": "1866418", "CVEGEO": "240240001021A011", "POBTOT": 95.0, "score_nse": 0.0, "NSE": "ND", "VIVTOT": 31.0, "GRAPROES": 10.54, "_ent": "24", "_mun": "024", "_loc": "0001"}, "geometry": {"type": "Polygon", "coordinates": [[[-99.99631, 21.93078], [-99.99481, 21.93052], [-99.99496, 21.92979], [-99.99644, 21.92998], [-99.99631, 21.93078]]]}}, {"id": "1866419", "type": "Feature", "properties": {"id": "1866419", "CVEGEO": "240240001021A012", "POBTOT": 186.0, "score_nse": 0.0, "NSE": "ND", "VIVTOT": 97.0, "GRAPROES": 11.74, "_ent": "24", "_mun": "024", "_loc": "0001"}, "geometry": {"type": "Polygon", "coordinates": [[[-99.99645, 21.92985], [-99.99613, 21.92985], [-99.99618, 21.92954], [-99.99607, 21.92985], [-99.99498, 21.92972], [-99.99513, 21.92888], [-99.99659, 21.92899], [-99.99645, 21.92985]]]}}, {"id": "1866420", "type": "Feature", "properties": {"id": "1866420", "CVEGEO": "240240001021A013", "POBTOT": 142.0, "score_nse": 58.7941, "NSE": "C", "VIVTOT": 64.0, "GRAPROES": 10.99, "_ent": "24", "_mun": "024", "_loc": "0001"}, "geometry": {"type": "Polygon", "coordinates": [[[-99.99839, 21.93005], [-99.99652, 21.9299], [-99.99666, 21.92899], [-99.99852, 21.92918], [-99.99839, 21.93005]]]}}, {"id": "1866421", "type": "Feature", "properties": {"id": "1866421", "CVEGEO": "240240001021A014", "POBTOT": 159.0, "score_nse": 0.0, "NSE": "ND", "VIVTOT": 59.0, "GRAPROES": 10.26, "_ent": "24", "_mun": "024", "_loc": "0001"}, "geometry": {"type": "Polygon", "coordinates": [[[-100.00005, 21.93016], [-99.99847, 21.93005], [-99.99859, 21.92919], [-100.00015, 21.9294], [-100.00005, 21.93016]]]}}, {"id": "1866422", "type": "Feature", "properties": {"id": "1866422", "CVEGEO": "240240001021A015", "POBTOT": 183.0, "score_nse": 65.1796, "NSE": "C", "VIVTOT": 58.0, "GRAPROES": 10.38, "_ent": "24", "_mun": "024", "_loc": "0001"}, "geometry": {"type": "Polygon", "coordinates": [[[-100.00206, 21.93089], [-100.00141, 21.93095], [-100.0016, 21.93032], [-100.00015, 21.93016], [-100.00044, 21.92816], [-100.00169, 21.9283], [-100.00206, 21.93089]]]}}, {"id": "1866423", "type": "Feature", "properties": {"id": "1866423", "CVEGEO": "240240001021A017", "POBTOT": 84.0, "score_nse": 54.3335, "NSE": "C-", "VIVTOT": 27.0, "GRAPROES": 9.31, "_ent": "24", "_mun": "024", "_loc": "0001"}, "geometry": {"type": "Polygon", "coordinates": [[[-100.00199, 21.93179], [-100.00182, 21.93295], [-100.00125, 21.93287], [-100.0014, 21.93099], [-100.00209, 21.93095], [-100.00225, 21.93203], [-100.00199, 21.93201], [-100.00199, 21.93179]]]}}, {"id": "1866424", "type": "Feature", "properties": {"id": "1866424", "CVEGEO": "240240001021A018", "POBTOT": 153.0, "score_nse": 0.0, "NSE": "ND", "VIVTOT": 73.0, "GRAPROES": 11.21, "_ent": "24", "_mun": "024", "_loc": "0001"}, "geometry": {"type": "Polygon", "coordinates": [[[-99.99883, 21.9343], [-99.99879, 21.93484], [-99.99855, 21.935], [-99.99725, 21.93375], [-99.99937, 21.93385], [-99.99927, 21.93446], [-99.99883, 21.9348], [-99.99883, 21.9343]]]}}, {"id": "1866425", "type": "Feature", "properties": {"id": "1866425", "CVEGEO": "240240001021A019", "POBTOT": 174.0, "score_nse": 60.5995, "NSE": "C", "VIVTOT": 82.0, "GRAPROES": 11.03, "_ent": "24", "_mun": "024", "_loc": "0001"}, "geometry": {"type": "Polygon", "coordinates": [[[-99.99806, 21.93613], [-99.99576, 21.93445], [-99.99587, 21.93368], [-99.99708, 21.93373], [-99.99844, 21.935], [-99.99806, 21.93613]]]}}, {"id": "1866426", "type": "Feature", "properties": {"id": "1866426", "CVEGEO": "240240001021A020", "POBTOT": 13.0, "score_nse": 75.1491, "NSE": "C+", "VIVTOT": 7.0, "GRAPROES": 12.08, "_ent": "24", "_mun": "024", "_loc": "0001"}, "geometry": {"type": "Polygon", "coordinates": [[[-99.99571, 21.93441], [-99.9953, 21.93409], [-99.99532, 21.93367], [-99.99582, 21.93371], [-99.99571, 21.93441]]]}}, {"id": "1866427", "type": "Feature", "properties": {"id": "1866427", "CVEGEO": "240240001021A021", "POBTOT": 21.0, "score_nse": 0.0, "NSE": "ND", "VIVTOT": 15.0, "GRAPROES": 9.94, "_ent": "24", "_mun": "024", "_loc": "0001"}, "geometry": {"type": "Polygon", "coordinates": [[[-99.99516, 21.93412], [-99.99417, 21.93413], [-99.99427, 21.93353], [-99.99459, 21.93354], [-99.99516, 21.93412]]]}}, {"id": "1866428", "type": "Feature", "properties": {"id": "1866428", "CVEGEO": "240240001021A022", "POBTOT": 37.0, "score_nse": 74.3453, "NSE": "C+", "VIVTOT": 18.0, "GRAPROES": 14.0, "_ent": "24", "_mun": "024", "_loc": "0001"}, "geometry": {"type": "Polygon", "coordinates": [[[-99.994, 21.93414], [-99.99315, 21.93417], [-99.99325, 21.93348], [-99.99418, 21.93353], [-99.994, 21.93414]]]}}, {"id": "1866429", "type": "Feature", "properties": {"id": "1866429", "CVEGEO": "240240001021A023", "POBTOT": 16.0, "score_nse": 79.552, "NSE": "C+", "VIVTOT": 6.0, "GRAPROES": 11.06, "_ent": "24", "_mun": "024", "_loc": "0001"}, "geometry": {"type": "Polygon", "coordinates": [[[-99.99411, 21.93346], [-99.99325, 21.93341], [-99.99338, 21.9325], [-99.99424, 21.9332], [-99.99411, 21.93346]]]}}, {"id": "1866430", "type": "Feature", "properties": {"id": "1866430", "CVEGEO": "240240001021A024", "POBTOT": 13.0, "score_nse": 0.0, "NSE": "ND", "VIVTOT": 9.0, "GRAPROES": 13.0, "_ent": "24", "_mun": "024", "_loc": "0001"}, "geometry": {"type": "Polygon", "coordinates": [[[-99.99425, 21.93314], [-99.99343, 21.93236], [-99.9935, 21.93203], [-99.99397, 21.93212], [-99.99395, 21.93231], [-99.994, 21.93213], [-99.99442, 21.93221], [-99.99425, 21.93314]]]}}, {"id": "1866431", "type": "Feature", "properties": {"id": "1866431", "CVEGEO": "240240001021A025", "POBTOT": 12.0, "score_nse": 0.0, "NSE": "ND", "VIVTOT": 5.0, "GRAPROES": 11.33, "_ent": "24", "_mun": "024", "_loc": "0001"}, "geometry": {"type": "Polygon", "coordinates": [[[-99.99447, 21.93187], [-99.99357, 21.93173], [-99.99361, 21.9314], [-99.99457, 21.93142], [-99.99447, 21.93187]]]}}, {"id": "1866432", "type": "Feature", "properties": {"id": "1866432", "CVEGEO": "240240001021A026", "POBTOT": 25.0, "score_nse": 76.7571, "NSE": "C+", "VIVTOT": 11.0, "GRAPROES": 14.55, "_ent": "24", "_mun": "024", "_loc": "0001"}, "geometry": {"type": "Polygon", "coordinates": [[[-99.99458, 21.93136], [-99.99363, 21.93134], [-99.99375, 21.93038], [-99.99472, 21.93058], [-99.99458, 21.93136]]]}}, {"id": "1866433", "type": "Feature", "properties": {"id": "1866433", "CVEGEO": "240240001021A027", "POBTOT": 49.0, "score_nse": 79.1067, "NSE": "C+", "VIVTOT": 15.0, "GRAPROES": 12.62, "_ent": "24", "_mun": "024", "_loc": "0001"}, "geometry": {"type": "Polygon", "coordinates": [[[-99.99473, 21.93051], [-99.99375, 21.93032], [-99.99383, 21.92994], [-99.99419, 21.92999], [-99.99425, 21.92967], [-99.99489, 21.92978], [-99.99473, 21.93051]]]}}, {"id": "1866434", "type": "Feature", "properties": {"id": "1866434", "CVEGEO": "240240001021A028", "POBTOT": 71.0, "score_nse": 0.0, "NSE": "ND", "VIVTOT": 33.0, "GRAPROES": 10.31, "_ent": "24", "_mun": "024", "_loc": "0001"}, "geometry": {"type": "Polygon", "coordinates": [[[-99.9939, 21.92948], [-99.994, 21.92881], [-99.99505, 21.92889], [-99.9949, 21.92971], [-99.9939, 21.92948]]]}}, {"id": "1866435", "type": "Feature", "properties": {"id": "1866435", "CVEGEO": "240240001021A029", "POBTOT": 207.0, "score_nse": 63.5558, "NSE": "C", "VIVTOT": 78.0, "GRAPROES": 11.25, "_ent": "24", "_mun": "024", "_loc": "0001"}, "geometry": {"type": "Polygon", "coordinates": [[[-99.99851, 21.9291], [-99.99667, 21.92893], [-99.99679, 21.92833], [-99.99856, 21.92852], [-99.99851, 21.9291]]]}}, {"id": "1866436", "type": "Feature", "properties": {"id": "1866436", "CVEGEO": "240240001021A030", "POBTOT": 206.0, "score_nse": 59.3799, "NSE": "C", "VIVTOT": 79.0, "GRAPROES": 9.79, "_ent": "24", "_mun": "024", "_loc": "0001"}, "geometry": {"type": "Polygon", "coordinates": [[[-100.00017, 21.92932], [-99.99858, 21.92911], [-99.99865, 21.92854], [-99.99957, 21.92868], [-99.99865, 21.92849], [-99.99873, 21.92796], [-100.00034, 21.92816], [-100.00017, 21.92932]]]}}, {"id": "1866437", "type": "Feature", "properties": {"id": "1866437", "CVEGEO": "240240001021A031", "POBTOT": 29.0, "score_nse": 0.0, "NSE": "ND", "VIVTOT": 9.0, "GRAPROES": 8.86, "_ent": "24", "_mun": "024", "_loc": "0001"}, "geometry": {"type": "Polygon", "coordinates": [[[-100.00219, 21.93301], [-100.00184, 21.93296], [-100.00196, 21.93204], [-100.00219, 21.93206], [-100.00219, 21.93301]]]}}, {"id": "1866438", "type": "Feature", "properties": {"id": "1866438", "CVEGEO": "240240001021A032", "POBTOT": 110.0, "score_nse": 0.0, "NSE": "ND", "VIVTOT": 34.0, "GRAPROES": 11.3, "_ent": "24", "_mun": "024", "_loc": "0001"}, "geometry": {"type": "Polygon", "coordinates": [[[-99.99622, 21.93136], [-99.99465, 21.93136], [-99.99478, 21.93058], [-99.99631, 21.93084], [-99.99622, 21.93136]]]}}, {"id": "1866439", "type": "Feature", "properties": {"id": "1866439", "CVEGEO": "240240001021A033", "POBTOT": 8.0, "score_nse": 0.0, "NSE": "ND", "VIVTOT": 3.0, "GRAPROES": 0.0, "_ent": "24", "_mun": "024", "_loc": "0001"}, "geometry": {"type": "Polygon", "coordinates": [[[-99.99437, 21.93217], [-99.994, 21.9321], [-99.99404, 21.93185], [-99.99449, 21.93192], [-99.99437, 21.93217]]]}}, {"id": "1866440", "type": "Feature", "properties": {"id": "1866440", "CVEGEO": "240240001021A034", "POBTOT": 0.0, "score_nse": 0.0, "NSE": "ND", "VIVTOT": 0.0, "GRAPROES": 0.0, "_ent": "24", "_mun": "024", "_loc": "0001"}, "geometry": {"type": "Polygon", "coordinates": [[[-99.99396, 21.93209], [-99.9935, 21.932], [-99.99355, 21.93177], [-99.994, 21.93185], [-99.99396, 21.93209]]]}}, {"id": "1866441", "type": "Feature", "properties": {"id": "1866441", "CVEGEO": "240240001021A037", "POBTOT": 0.0, "score_nse": 0.0, "NSE": "ND", "VIVTOT": 0.0, "GRAPROES": 0.0, "_ent": "24", "_mun": "024", "_loc": "0001"}, "geometry": {"type": "Polygon", "coordinates": [[[-99.99427, 21.9335], [-99.99429, 21.93331], [-99.99455, 21.93349], [-99.99427, 21.9335]]]}}, {"id": "1866442", "type": "Feature", "properties": {"id": "1866442", "CVEGEO": "240240001021A038", "POBTOT": 5.0, "score_nse": 0.0, "NSE": "ND", "VIVTOT": 3.0, "GRAPROES": 0.0, "_ent": "24", "_mun": "024", "_loc": "0001"}, "geometry": {"type": "Polygon", "coordinates": [[[-99.99525, 21.93403], [-99.99508, 21.93388], [-99.99484, 21.93365], [-99.99528, 21.93367], [-99.99525, 21.93403]]]}}, {"id": "1866443", "type": "Feature", "properties": {"id": "1866443", "CVEGEO": "240240001021A039", "POBTOT": 95.0, "score_nse": 61.7932, "NSE": "C", "VIVTOT": 48.0, "GRAPROES": 12.06, "_ent": "24", "_mun": "024", "_loc": "0001"}, "geometry": {"type": "Polygon", "coordinates": [[[-99.99626, 21.93143], [-99.99821, 21.9316], [-99.99813, 21.93239], [-99.99615, 21.93213], [-99.99626, 21.93143]]]}}, {"id": "1866444", "type": "Feature", "properties": {"id": "1866444", "CVEGEO": "240240001021A040", "POBTOT": 0.0, "score_nse": 0.0, "NSE": "ND", "VIVTOT": 0.0, "GRAPROES": 0.0, "_ent": "24", "_mun": "024", "_loc": "0001"}, "geometry": {"type": "Polygon", "coordinates": [[[-99.99823, 21.93191], [-99.99826, 21.9316], [-99.99935, 21.93169], [-99.99932, 21.93203], [-99.99823, 21.93191]]]}}, {"id": "1866445", "type": "Feature", "properties": {"id": "1866445", "CVEGEO": "240240001021A041", "POBTOT": 113.0, "score_nse": 55.7453, "NSE": "C", "VIVTOT": 51.0, "GRAPROES": 10.37, "_ent": "24", "_mun": "024", "_loc": "0001"}, "geometry": {"type": "Polygon", "coordinates": [[[-99.99826, 21.93155], [-99.99831, 21.93097], [-99.99989, 21.9311], [-99.99981, 21.93169], [-99.99826, 21.93155]]]}}, {"id": "1866446", "type": "Feature", "properties": {"id": "1866446", "CVEGEO": "2402400010224001", "POBTOT": 104.0, "score_nse": 64.8589, "NSE": "C", "VIVTOT": 44.0, "GRAPROES": 12.71, "_ent": "24", "_mun": "024", "_loc": "0001"}, "geometry": {"type": "Polygon", "coordinates": [[[-99.99155, 21.93249], [-99.98996, 21.93227], [-99.99006, 21.93119], [-99.9917, 21.93156], [-99.99155, 21.93249]]]}}, {"id": "1866447", "type": "Feature", "properties": {"id": "1866447", "CVEGEO": "2402400010224004", "POBTOT": 52.0, "score_nse": 61.5925, "NSE": "C", "VIVTOT": 23.0, "GRAPROES": 11.43, "_ent": "24", "_mun": "024", "_loc": "0001"}, "geometry": {"type": "Polygon", "coordinates": [[[-99.99119, 21.93136], [-99.99006, 21.93112], [-99.99021, 21.92988], [-99.99133, 21.93005], [-99.99119, 21.93136]]]}}, {"id": "1866448", "type": "Feature", "properties": {"id": "1866448", "CVEGEO": "2402400010224005", "POBTOT": 17.0, "score_nse": 0.0, "NSE": "ND", "VIVTOT": 3.0, "GRAPROES": 13.71, "_ent": "24", "_mun": "024", "_loc": "0001"}, "geometry": {"type": "Polygon", "coordinates": [[[-99.99134, 21.93141], [-99.99135, 21.93075], [-99.99242, 21.93083], [-99.99233, 21.93159], [-99.99134, 21.93141]]]}}, {"id": "1866449", "type": "Feature", "properties": {"id": "1866449", "CVEGEO": "2402400010224007", "POBTOT": 4.0, "score_nse": 0.0, "NSE": "ND", "VIVTOT": 2.0, "GRAPROES": 0.0, "_ent": "24", "_mun": "024", "_loc": "0001"}, "geometry": {"type": "Polygon", "coordinates": [[[-99.99169, 21.932], [-99.99175, 21.93156], [-99.9924, 21.93177], [-99.99236, 21.93204], [-99.99169, 21.932]]]}}, {"id": "1866450", "type": "Feature", "properties": {"id": "1866450", "CVEGEO": "2402400010224008", "POBTOT": 11.0, "score_nse": 0.0, "NSE": "ND", "VIVTOT": 5.0, "GRAPROES": 15.18, "_ent": "24", "_mun": "024", "_loc": "0001"}, "geometry": {"type": "Polygon", "coordinates": [[[-99.99218, 21.93258], [-99.99161, 21.93249], [-99.99169, 21.93206], [-99.99235, 21.93208], [-99.99218, 21.93258]]]}}, {"id": "1866451", "type": "Feature", "properties": {"id": "1866451", "CVEGEO": "2402400010224009", "POBTOT": 41.0, "score_nse": 55.6044, "NSE": "C", "VIVTOT": 22.0, "GRAPROES": 12.03, "_ent": "24", "_mun": "024", "_loc": "0001"}, "geometry": {"type": "Polygon", "coordinates": [[[-99.99147, 21.93334], [-99.9916, 21.93254], [-99.99224, 21.93267], [-99.99225, 21.93335], [-99.99147, 21.93334]]]}}, {"id": "1866452", "type": "Feature", "properties": {"id": "1866452", "CVEGEO": "2402400010224010", "POBTOT": 86.0, "score_nse": 62.9411, "NSE": "C", "VIVTOT": 33.0, "GRAPROES": 11.63, "_ent": "24", "_mun": "024", "_loc": "0001"}, "geometry": {"type": "Polygon", "coordinates": [[[-99.98982, 21.9333], [-99.98995, 21.93233], [-99.99154, 21.93254], [-99.99141, 21.93332], [-99.98982, 21.9333]]]}}, {"id": "1866453", "type": "Feature", "properties": {"id": "1866453", "CVEGEO": "2402400010224011", "POBTOT": 125.0, "score_nse": 0.0, "NSE": "ND", "VIVTOT": 44.0, "GRAPROES": 11.31, "_ent": "24", "_mun": "024", "_loc": "0001"}, "geometry": {"type": "Polygon", "coordinates": [[[-99.98978, 21.9333], [-99.98843, 21.93327], [-99.98865, 21.93217], [-99.9899, 21.93233], [-99.98978, 21.9333]]]}}, {"id": "1866454", "type": "Feature", "properties": {"id": "1866454", "CVEGEO": "2402400010224012", "POBTOT": 107.0, "score_nse": 0.0, "NSE": "ND", "VIVTOT": 40.0, "GRAPROES": 9.86, "_ent": "24", "_mun": "024", "_loc": "0001"}, "geometry": {"type": "Polygon", "coordinates": [[[-99.98628, 21.93352], [-99.98733, 21.93348], [-99.98753, 21.93325], [-99.98835, 21.93335], [-99.98812, 21.93463], [-99.98645, 21.93472], [-99.98628, 21.93352]]]}}, {"id": "1866455", "type": "Feature", "properties": {"id": "1866455", "CVEGEO": "2402400010224013", "POBTOT": 111.0, "score_nse": 56.8729, "NSE": "C", "VIVTOT": 51.0, "GRAPROES": 11.01, "_ent": "24", "_mun": "024", "_loc": "0001"}, "geometry": {"type": "Polygon", "coordinates": [[[-99.98764, 21.9309], [-99.98876, 21.93103], [-99.98861, 21.93208], [-99.98742, 21.93191], [-99.98764, 21.9309]]]}}, {"id": "1866456", "type": "Feature", "properties": {"id": "1866456", "CVEGEO": "2402400010224014", "POBTOT": 113.0, "score_nse": 0.0, "NSE": "ND", "VIVTOT": 42.0, "GRAPROES": 10.56, "_ent": "24", "_mun": "024", "_loc": "0001"}, "geometry": {"type": "Polygon", "coordinates": [[[-99.99128, 21.92997], [-99.99022, 21.92982], [-99.99032, 21.92903], [-99.99141, 21.92919], [-99.99128, 21.92997]]]}}, {"id": "1866457", "type": "Feature", "properties": {"id": "1866457", "CVEGEO": "2402400010224016", "POBTOT": 0.0, "score_nse": 0.0, "NSE": "ND", "VIVTOT": 0.0, "GRAPROES": 0.0, "_ent": "24", "_mun": "024", "_loc": "0001"}, "geometry": {"type": "Polygon", "coordinates": [[[-99.99148, 21.93005], [-99.99214, 21.93014], [-99.99208, 21.93075], [-99.99137, 21.93068], [-99.99148, 21.93005]]]}}, {"id": "1866458", "type": "Feature", "properties": {"id": "1866458", "CVEGEO": "2402400010224017", "POBTOT": 9.0, "score_nse": 0.0, "NSE": "ND", "VIVTOT": 4.0, "GRAPROES": 9.67, "_ent": "24", "_mun": "024", "_loc": "0001"}, "geometry": {"type": "Polygon", "coordinates": [[[-99.99226, 21.93016], [-99.99253, 21.93021], [-99.99245, 21.93077], [-99.99211, 21.93074], [-99.99226, 21.93016]]]}}, {"id": "1866459", "type": "Feature", "properties": {"id": "1866459", "CVEGEO": "2402400010224018", "POBTOT": 17.0, "score_nse": 69.1644, "NSE": "C", "VIVTOT": 11.0, "GRAPROES": 12.75, "_ent": "24", "_mun": "024", "_loc": "0001"}, "geometry": {"type": "Polygon", "coordinates": [[[-99.99358, 21.93134], [-99.99249, 21.93131], [-99.99259, 21.93021], [-99.99369, 21.93037], [-99.99358, 21.93134]]]}}, {"id": "1866460", "type": "Feature", "properties": {"id": "1866460", "CVEGEO": "2402400010224019", "POBTOT": 0.0, "score_nse": 0.0, "NSE": "ND", "VIVTOT": 0.0, "GRAPROES": 0.0, "_ent": "24", "_mun": "024", "_loc": "0001"}, "geometry": {"type": "Polygon", "coordinates": [[[-99.99253, 21.93138], [-99.99347, 21.93145], [-99.99338, 21.93208], [-99.99245, 21.93198], [-99.99253, 21.93138]]]}}, {"id": "1866461", "type": "Feature", "properties": {"id": "1866461", "CVEGEO": "2402400010224020", "POBTOT": 1.0, "score_nse": 0.0, "NSE": "ND", "VIVTOT": 1.0, "GRAPROES": 0.0, "_ent": "24", "_mun": "024", "_loc": "0001"}, "geometry": {"type": "Polygon", "coordinates": [[[-99.99319, 21.93277], [-99.99233, 21.93262], [-99.99242, 21.93209], [-99.99335, 21.9322], [-99.99319, 21.93277]]]}}, {"id": "1866462", "type": "Feature", "properties": {"id": "1866462", "CVEGEO": "2402400010224021", "POBTOT": 22.0, "score_nse": 48.4255, "NSE": "C-", "VIVTOT": 22.0, "GRAPROES": 10.88, "_ent": "24", "_mun": "024", "_loc": "0001"}, "geometry": {"type": "Polygon", "coordinates": [[[-99.99319, 21.93341], [-99.9923, 21.93337], [-99.99229, 21.93268], [-99.99328, 21.93282], [-99.99319, 21.93341]]]}}, {"id": "1866463", "type": "Feature", "properties": {"id": "1866463", "CVEGEO": "2402400010224022", "POBTOT": 16.0, "score_nse": 64.36, "NSE": "C", "VIVTOT": 10.0, "GRAPROES": 10.43, "_ent": "24", "_mun": "024", "_loc": "0001"}, "geometry": {"type": "Polygon", "coordinates": [[[-99.99305, 21.93418], [-99.99232, 21.93424], [-99.9923, 21.93345], [-99.9932, 21.93348], [-99.99305, 21.93418]]]}}, {"id": "1866464", "type": "Feature", "properties": {"id": "1866464", "CVEGEO": "2402400010224023", "POBTOT": 30.0, "score_nse": 70.2413, "NSE": "C+", "VIVTOT": 15.0, "GRAPROES": 10.62, "_ent": "24", "_mun": "024", "_loc": "0001"}, "geometry": {"type": "Polygon", "coordinates": [[[-99.99133, 21.93435], [-99.99146, 21.93341], [-99.99223, 21.93346], [-99.99226, 21.93425], [-99.99133, 21.93435]]]}}, {"id": "1866465", "type": "Feature", "properties": {"id": "1866465", "CVEGEO": "2402400010224025", "POBTOT": 105.0, "score_nse": 66.1979, "NSE": "C", "VIVTOT": 41.0, "GRAPROES": 11.14, "_ent": "24", "_mun": "024", "_loc": "0001"}, "geometry": {"type": "Polygon", "coordinates": [[[-99.99119, 21.93435], [-99.98974, 21.93444], [-99.98982, 21.93337], [-99.99082, 21.93338], [-99.99082, 21.93391], [-99.9913, 21.93391], [-99.99119, 21.93435]]]}}, {"id": "1866466", "type": "Feature", "properties": {"id": "1866466", "CVEGEO": "2402400010224026", "POBTOT": 130.0, "score_nse": 0.0, "NSE": "ND", "VIVTOT": 54.0, "GRAPROES": 11.18, "_ent": "24", "_mun": "024", "_loc": "0001"}, "geometry": {"type": "Polygon", "coordinates": [[[-99.98885, 21.93453], [-99.98889, 21.93388], [-99.98879, 21.93453], [-99.98822, 21.9346], [-99.98842, 21.93332], [-99.98978, 21.93336], [-99.98968, 21.93446], [-99.98885, 21.93453]]]}}, {"id": "1866467", "type": "Feature", "properties": {"id": "1866467", "CVEGEO": "2402400010224027", "POBTOT": 101.0, "score_nse": 61.4965, "NSE": "C", "VIVTOT": 37.0, "GRAPROES": 11.2, "_ent": "24", "_mun": "024", "_loc": "0001"}, "geometry": {"type": "Polygon", "coordinates": [[[-99.98731, 21.93189], [-99.9859, 21.93172], [-99.98571, 21.93057], [-99.98759, 21.93089], [-99.98731, 21.93189]]]}}, {"id": "1866468", "type": "Feature", "properties": {"id": "1866468", "CVEGEO": "2402400010224028", "POBTOT": 123.0, "score_nse": 56.2954, "NSE": "C", "VIVTOT": 72.0, "GRAPROES": 10.99, "_ent": "24", "_mun": "024", "_loc": "0001"}, "geometry": {"type": "Polygon", "coordinates": [[[-99.99139, 21.92914], [-99.99032, 21.92897], [-99.99037, 21.92855], [-99.99147, 21.92863], [-99.99139, 21.92914]]]}}, {"id": "1866469", "type": "Feature", "properties": {"id": "1866469", "CVEGEO": "2402400010224029", "POBTOT": 79.0, "score_nse": 0.0, "NSE": "ND", "VIVTOT": 26.0, "GRAPROES": 10.49, "_ent": "24", "_mun": "024", "_loc": "0001"}, "geometry": {"type": "Polygon", "coordinates": [[[-99.99262, 21.92934], [-99.9915, 21.92915], [-99.99154, 21.92863], [-99.99273, 21.9287], [-99.99262, 21.92934]]]}}, {"id": "1866470", "type": "Feature", "properties": {"id": "1866470", "CVEGEO": "2402400010224030", "POBTOT": 62.0, "score_nse": 69.04, "NSE": "C", "VIVTOT": 24.0, "GRAPROES": 10.31, "_ent": "24", "_mun": "024", "_loc": "0001"}, "geometry": {"type": "Polygon", "coordinates": [[[-99.99378, 21.92952], [-99.99271, 21.92936], [-99.99285, 21.92871], [-99.99393, 21.9288], [-99.99378, 21.92952]]]}}, {"id": "1866471", "type": "Feature", "properties": {"id": "1866471", "CVEGEO": "2402400010224032", "POBTOT": 52.0, "score_nse": 0.0, "NSE": "ND", "VIVTOT": 26.0, "GRAPROES": 10.63, "_ent": "24", "_mun": "024", "_loc": "0001"}, "geometry": {"type": "Polygon", "coordinates": [[[-99.99149, 21.92856], [-99.99036, 21.92847], [-99.99044, 21.92781], [-99.99153, 21.9279], [-99.99149, 21.92856]]]}}, {"id": "1866472", "type": "Feature", "properties": {"id": "1866472", "CVEGEO": "2402400010224033", "POBTOT": 69.0, "score_nse": 56.9265, "NSE": "C", "VIVTOT": 31.0, "GRAPROES": 9.66, "_ent": "24", "_mun": "024", "_loc": "0001"}, "geometry": {"type": "Polygon", "coordinates": [[[-99.99273, 21.92865], [-99.99156, 21.92858], [-99.99161, 21.92792], [-99.99282, 21.92805], [-99.99273, 21.92865]]]}}, {"id": "1866473", "type": "Feature", "properties": {"id": "1866473", "CVEGEO": "2402400010224035", "POBTOT": 57.0, "score_nse": 57.3026, "NSE": "C", "VIVTOT": 17.0, "GRAPROES": 9.73, "_ent": "24", "_mun": "024", "_loc": "0001"}, "geometry": {"type": "Polygon", "coordinates": [[[-99.98401, 21.92862], [-99.98444, 21.92836], [-99.98488, 21.92907], [-99.98444, 21.9293], [-99.98401, 21.92862]]]}}, {"id": "1866474", "type": "Feature", "properties": {"id": "1866474", "CVEGEO": "2402400010224036", "POBTOT": 47.0, "score_nse": 56.0179, "NSE": "C", "VIVTOT": 17.0, "GRAPROES": 9.94, "_ent": "24", "_mun": "024", "_loc": "0001"}, "geometry": {"type": "Polygon", "coordinates": [[[-99.9844, 21.92829], [-99.98398, 21.92855], [-99.98354, 21.92785], [-99.98397, 21.92762], [-99.9844, 21.92829]]]}}, {"id": "1866475", "type": "Feature", "properties": {"id": "1866475", "CVEGEO": "2402400010224037", "POBTOT": 119.0, "score_nse": 0.0, "NSE": "ND", "VIVTOT": 34.0, "GRAPROES": 10.16, "_ent": "24", "_mun": "024", "_loc": "0001"}, "geometry": {"type": "Polygon", "coordinates": [[[-99.98557, 21.93038], [-99.98502, 21.93016], [-99.98388, 21.92969], [-99.9844, 21.92944], [-99.98456, 21.92966], [-99.98449, 21.92939], [-99.98493, 21.92917], [-99.98551, 21.93009], [-99.98557, 21.93038]]]}}, {"id": "1866476", "type": "Feature", "properties": {"id": "1866476", "CVEGEO": "2402400010224038", "POBTOT": 136.0, "score_nse": 0.0, "NSE": "ND", "VIVTOT": 42.0, "GRAPROES": 10.75, "_ent": "24", "_mun": "024", "_loc": "0001"}, "geometry": {"type": "Polygon", "coordinates": [[[-99.98448, 21.92825], [-99.98338, 21.92649], [-99.98325, 21.92625], [-99.9839, 21.92632], [-99.98387, 21.92649], [-99.98484, 21.92805], [-99.98448, 21.92825]]]}}, {"id": "1866477", "type": "Feature", "properties": {"id": "1866477", "CVEGEO": "2402400010224039", "POBTOT": 197.0, "score_nse": 64.1794, "NSE": "C", "VIVTOT": 70.0, "GRAPROES": 10.86, "_ent": "24", "_mun": "024", "_loc": "0001"}, "geometry": {"type": "Polygon", "coordinates": [[[-99.99025, 21.92897], [-99.98959, 21.92888], [-99.98961, 21.92834], [-99.98892, 21.92829], [-99.9889, 21.92764], [-99.99036, 21.92779], [-99.99025, 21.92897]]]}}, {"id": "1866478", "type": "Feature", "properties": {"id": "1866478", "CVEGEO": "2402400010224040", "POBTOT": 67.0, "score_nse": 0.0, "NSE": "ND", "VIVTOT": 29.0, "GRAPROES": 10.48, "_ent": "24", "_mun": "024", "_loc": "0001"}, "geometry": {"type": "Polygon", "coordinates": [[[-99.99015, 21.92981], [-99.98895, 21.92965], [-99.98894, 21.92948], [-99.99017, 21.92952], [-99.99015, 21.92981]]]}}, {"id": "1866479", "type": "Feature", "properties": {"id": "1866479", "CVEGEO": "2402400010224041", "POBTOT": 12.0, "score_nse": 0.0, "NSE": "ND", "VIVTOT": 5.0, "GRAPROES": 11.13, "_ent": "24", "_mun": "024", "_loc": "0001"}, "geometry": {"type": "Polygon", "coordinates": [[[-99.99174, 21.93003], [-99.99141, 21.92999], [-99.99149, 21.92922], [-99.99185, 21.92927], [-99.99174, 21.93003]]]}}, {"id": "1866480", "type": "Feature", "properties": {"id": "1866480", "CVEGEO": "2402400010224042", "POBTOT": 107.0, "score_nse": 65.0533, "NSE": "C", "VIVTOT": 30.0, "GRAPROES": 11.49, "_ent": "24", "_mun": "024", "_loc": "0001"}, "geometry": {"type": "Polygon", "coordinates": [[[-99.99017, 21.92947], [-99.98894, 21.92942], [-99.98892, 21.9288], [-99.98953, 21.92892], [-99.98953, 21.92922], [-99.98958, 21.92892], [-99.99022, 21.92905], [-99.99017, 21.92947]]]}}, {"id": "1866481", "type": "Feature", "properties": {"id": "1866481", "CVEGEO": "2402400010224043", "POBTOT": 67.0, "score_nse": 0.0, "NSE": "ND", "VIVTOT": 20.0, "GRAPROES": 9.7, "_ent": "24", "_mun": "024", "_loc": "0001"}, "geometry": {"type": "Polygon", "coordinates": [[[-99.98953, 21.92886], [-99.98891, 21.92875], [-99.98891, 21.92834], [-99.98954, 21.92838], [-99.98953, 21.92886]]]}}, {"id": "1866482", "type": "Feature", "properties": {"id": "1866482", "CVEGEO": "2402400010224044", "POBTOT": 78.0, "score_nse": 0.0, "NSE": "ND", "VIVTOT": 25.0, "GRAPROES": 9.43, "_ent": "24", "_mun": "024", "_loc": "0001"}, "geometry": {"type": "Polygon", "coordinates": [[[-99.98884, 21.92963], [-99.98798, 21.92951], [-99.98813, 21.92865], [-99.98883, 21.92879], [-99.98884, 21.92963]]]}}, {"id": "1866483", "type": "Feature", "properties": {"id": "1866483", "CVEGEO": "2402400010224047", "POBTOT": 48.0, "score_nse": 62.3366, "NSE": "C", "VIVTOT": 14.0, "GRAPROES": 9.89, "_ent": "24", "_mun": "024", "_loc": "0001"}, "geometry": {"type": "Polygon", "coordinates": [[[-99.98786, 21.92956], [-99.98765, 21.93047], [-99.98753, 21.93044], [-99.98758, 21.92952], [-99.98786, 21.92956]]]}}, {"id": "1866484", "type": "Feature", "properties": {"id": "1866484", "CVEGEO": "2402400010224049", "POBTOT": 215.0, "score_nse": 60.9079, "NSE": "C", "VIVTOT": 63.0, "GRAPROES": 10.06, "_ent": "24", "_mun": "024", "_loc": "0001"}, "geometry": {"type": "Polygon", "coordinates": [[[-99.98561, 21.92741], [-99.9851, 21.92737], [-99.98517, 21.92785], [-99.98489, 21.928], [-99.98418, 21.92684], [-99.98502, 21.92687], [-99.98414, 21.92678], [-99.98395, 21.92633], [-99.98549, 21.92654], [-99.98561, 21.92741]]]}}, {"id": "1866485", "type": "Feature", "properties": {"id": "1866485", "CVEGEO": "2402400010224050", "POBTOT": 14.0, "score_nse": 0.0, "NSE": "ND", "VIVTOT": 2.0, "GRAPROES": 0.0, "_ent": "24", "_mun": "024", "_loc": "0001"}, "geometry": {"type": "Polygon", "coordinates": [[[-99.98522, 21.9282], [-99.98505, 21.92829], [-99.98492, 21.92805], [-99.98518, 21.92791], [-99.98522, 21.9282]]]}}, {"id": "1866486", "type": "Feature", "properties": {"id": "1866486", "CVEGEO": "2402400010224052", "POBTOT": 100.0, "score_nse": 0.0, "NSE": "ND", "VIVTOT": 48.0, "GRAPROES": 10.52, "_ent": "24", "_mun": "024", "_loc": "0001"}, "geometry": {"type": "Polygon", "coordinates": [[[-99.98837, 21.93327], [-99.9875, 21.9332], [-99.9873, 21.93342], [-99.9862, 21.93347], [-99.98594, 21.9318], [-99.98859, 21.93216], [-99.98844, 21.93299], [-99.98794, 21.93294], [-99.98843, 21.93302], [-99.98837, 21.93327]]]}}, {"id": "1866487", "type": "Feature", "properties": {"id": "1866487", "CVEGEO": "2402400010224057", "POBTOT": 30.0, "score_nse": 79.04, "NSE": "C+", "VIVTOT": 10.0, "GRAPROES": 13.22, "_ent": "24", "_mun": "024", "_loc": "0001"}, "geometry": {"type": "Polygon", "coordinates": [[[-99.98635, 21.92963], [-99.98634, 21.9299], [-99.98605, 21.9299], [-99.98606, 21.92962], [-99.98635, 21.92963]]]}}, {"id": "1866488", "type": "Feature", "properties": {"id": "1866488", "CVEGEO": "2402400010224058", "POBTOT": 30.0, "score_nse": 74.268, "NSE": "C+", "VIVTOT": 10.0, "GRAPROES": 12.3, "_ent": "24", "_mun": "024", "_loc": "0001"}, "geometry": {"type": "Polygon", "coordinates": [[[-99.98636, 21.92927], [-99.98635, 21.92955], [-99.98606, 21.92954], [-99.98607, 21.92926], [-99.98636, 21.92927]]]}}, {"id": "1866489", "type": "Feature", "properties": {"id": "1866489", "CVEGEO": "2402400010224059", "POBTOT": 0.0, "score_nse": 0.0, "NSE": "ND", "VIVTOT": 0.0, "GRAPROES": 0.0, "_ent": "24", "_mun": "024", "_loc": "0001"}, "geometry": {"type": "Polygon", "coordinates": [[[-99.98639, 21.92865], [-99.98637, 21.92919], [-99.98607, 21.92918], [-99.98609, 21.92864], [-99.98639, 21.92865]]]}}, {"id": "1866490", "type": "Feature", "properties": {"id": "1866490", "CVEGEO": "2402400010224060", "POBTOT": 13.0, "score_nse": 90.76, "NSE": "A/B", "VIVTOT": 5.0, "GRAPROES": 15.18, "_ent": "24", "_mun": "024", "_loc": "0001"}, "geometry": {"type": "Polygon", "coordinates": [[[-99.98642, 21.9281], [-99.98641, 21.92824], [-99.9861, 21.92823], [-99.98611, 21.92808], [-99.98642, 21.9281]]]}}, {"id": "1866491", "type": "Feature", "properties": {"id": "1866491", "CVEGEO": "2402400010224061", "POBTOT": 32.0, "score_nse": 76.182, "NSE": "C+", "VIVTOT": 8.0, "GRAPROES": 14.63, "_ent": "24", "_mun": "024", "_loc": "0001"}, "geometry": {"type": "Polygon", "coordinates": [[[-99.98669, 21.92811], [-99.98666, 21.9286], [-99.9865, 21.92859], [-99.98652, 21.9281], [-99.98669, 21.92811]]]}}, {"id": "1866492", "type": "Feature", "properties": {"id": "1866492", "CVEGEO": "2402400010224062", "POBTOT": 20.0, "score_nse": 0.0, "NSE": "ND", "VIVTOT": 10.0, "GRAPROES": 13.14, "_ent": "24", "_mun": "024", "_loc": "0001"}, "geometry": {"type": "Polygon", "coordinates": [[[-99.98643, 21.92773], [-99.98642, 21.92802], [-99.98612, 21.92801], [-99.98613, 21.92772], [-99.98643, 21.92773]]]}}, {"id": "1866493", "type": "Feature", "properties": {"id": "1866493", "CVEGEO": "2402400010224063", "POBTOT": 31.0, "score_nse": 78.564, "NSE": "C+", "VIVTOT": 10.0, "GRAPROES": 11.87, "_ent": "24", "_mun": "024", "_loc": "0001"}, "geometry": {"type": "Polygon", "coordinates": [[[-99.98645, 21.92738], [-99.98644, 21.92766], [-99.98613, 21.92765], [-99.98615, 21.92736], [-99.98645, 21.92738]]]}}, {"id": "1866494", "type": "Feature", "properties": {"id": "1866494", "CVEGEO": "2402400010224064", "POBTOT": 24.0, "score_nse": 71.895, "NSE": "C+", "VIVTOT": 8.0, "GRAPROES": 13.56, "_ent": "24", "_mun": "024", "_loc": "0001"}, "geometry": {"type": "Polygon", "coordinates": [[[-99.98675, 21.92665], [-99.98672, 21.92733], [-99.98656, 21.92732], [-99.98659, 21.92663], [-99.98675, 21.92665]]]}}, {"id": "1866495", "type": "Feature", "properties": {"id": "1866495", "CVEGEO": "2402400010417012", "POBTOT": 84.0, "score_nse": 63.68, "NSE": "C", "VIVTOT": 20.0, "GRAPROES": 8.38, "_ent": "24", "_mun": "024", "_loc": "0001"}, "geometry": {"type": "Polygon", "coordinates": [[[-100.00655, 21.94127], [-100.00683, 21.9406], [-100.00738, 21.94083], [-100.00703, 21.9415], [-100.00655, 21.94127]]]}}, {"id": "1866496", "type": "Feature", "properties": {"id": "1866496", "CVEGEO": "2402400010417015", "POBTOT": 84.0, "score_nse": 62.8505, "NSE": "C", "VIVTOT": 26.0, "GRAPROES": 9.92, "_ent": "24", "_mun": "024", "_loc": "0001"}, "geometry": {"type": "Polygon", "coordinates": [[[-100.00691, 21.94337], [-100.00571, 21.94278], [-100.00616, 21.94161], [-100.00736, 21.9424], [-100.00691, 21.94337]]]}}, {"id": "1866497", "type": "Feature", "properties": {"id": "1866497", "CVEGEO": "2402400010417017", "POBTOT": 89.0, "score_nse": 58.5982, "NSE": "C", "VIVTOT": 27.0, "GRAPROES": 9.93, "_ent": "24", "_mun": "024", "_loc": "0001"}, "geometry": {"type": "Polygon", "coordinates": [[[-100.00487, 21.93687], [-100.00482, 21.93629], [-100.00532, 21.9362], [-100.00534, 21.93708], [-100.00487, 21.93687]]]}}, {"id": "1866498", "type": "Feature", "properties": {"id": "1866498", "CVEGEO": "2402400010417018", "POBTOT": 119.0, "score_nse": 53.5779, "NSE": "C-", "VIVTOT": 34.0, "GRAPROES": 8.73, "_ent": "24", "_mun": "024", "_loc": "0001"}, "geometry": {"type": "Polygon", "coordinates": [[[-100.00535, 21.93619], [-100.00584, 21.9361], [-100.00587, 21.93673], [-100.00554, 21.93715], [-100.00538, 21.93709], [-100.00535, 21.93619]]]}}, {"id": "1866499", "type": "Feature", "properties": {"id": "1866499", "CVEGEO": "2402400010417023", "POBTOT": 49.0, "score_nse": 0.0, "NSE": "ND", "VIVTOT": 17.0, "GRAPROES": 9.78, "_ent": "24", "_mun": "024", "_loc": "0001"}, "geometry": {"type": "Polygon", "coordinates": [[[-100.00709, 21.94154], [-100.00744, 21.94085], [-100.00795, 21.94103], [-100.00765, 21.9418], [-100.00709, 21.94154]]]}}, {"id": "1866500", "type": "Feature", "properties": {"id": "1866500", "CVEGEO": "2402400010417026", "POBTOT": 188.0, "score_nse": 0.0, "NSE": "ND", "VIVTOT": 70.0, "GRAPROES": 11.62, "_ent": "24", "_mun": "024", "_loc": "0001"}, "geometry": {"type": "Polygon", "coordinates": [[[-100.00524, 21.94401], [-100.00532, 21.94385], [-100.00569, 21.94389], [-100.00536, 21.94377], [-100.00545, 21.9435], [-100.00569, 21.94365], [-100.00581, 21.94356], [-100.00549, 21.94342], [-100.00558, 21.94317], [-100.00595, 21.94322], [-100.00562, 21.94309], [-100.0057, 21.94287], [-100.00609, 21.94304], [-100.0056, 21.94419], [-100.00612, 21.94306], [-100.00689, 21.94341], [-100.00596, 21.94529], [-100.00444, 21.94491], [-100.00418, 21.94341], [-100.00431, 21.94255], [-100.00416, 21.94327], [-100.00393, 21.94202], [-100.00564, 21.94285], [-100.00524, 21.94401]]]}}, {"id": "1866501", "type": "Feature", "properties": {"id": "1866501", "CVEGEO": "2402400010417028", "POBTOT": 50.0, "score_nse": 62.7944, "NSE": "C", "VIVTOT": 17.0, "GRAPROES": 10.17, "_ent": "24", "_mun": "024", "_loc": "0001"}, "geometry": {"type": "Polygon", "coordinates": [[[-100.0048, 21.93623], [-100.00425, 21.93634], [-100.0042, 21.93586], [-100.00477, 21.93576], [-100.0048, 21.93623]]]}}, {"id": "1866502", "type": "Feature", "properties": {"id": "1866502", "CVEGEO": "2402400010417029", "POBTOT": 76.0, "score_nse": 57.0156, "NSE": "C", "VIVTOT": 22.0, "GRAPROES": 8.8, "_ent": "24", "_mun": "024", "_loc": "0001"}, "geometry": {"type": "Polygon", "coordinates": [[[-100.00526, 21.93614], [-100.00483, 21.93622], [-100.00481, 21.93575], [-100.00528, 21.93567], [-100.00526, 21.93614]]]}}, {"id": "1866503", "type": "Feature", "properties": {"id": "1866503", "CVEGEO": "2402400010417030", "POBTOT": 39.0, "score_nse": 0.0, "NSE": "ND", "VIVTOT": 15.0, "GRAPROES": 9.88, "_ent": "24", "_mun": "024", "_loc": "0001"}, "geometry": {"type": "Polygon", "coordinates": [[[-100.00535, 21.93613], [-100.00534, 21.93565], [-100.00581, 21.93557], [-100.00583, 21.93604], [-100.00535, 21.93613]]]}}, {"id": "1866504", "type": "Feature", "properties": {"id": "1866504", "CVEGEO": "2402400010417031", "POBTOT": 17.0, "score_nse": 60.628, "NSE": "C", "VIVTOT": 7.0, "GRAPROES": 9.38, "_ent": "24", "_mun": "024", "_loc": "0001"}, "geometry": {"type": "Polygon", "coordinates": [[[-100.0064, 21.93594], [-100.00589, 21.93604], [-100.00586, 21.93555], [-100.00639, 21.93546], [-100.0064, 21.93594]]]}}, {"id": "1866505", "type": "Feature", "properties": {"id": "1866505", "CVEGEO": "2402400010417032", "POBTOT": 54.0, "score_nse": 55.89, "NSE": "C", "VIVTOT": 20.0, "GRAPROES": 10.19, "_ent": "24", "_mun": "024", "_loc": "0001"}, "geometry": {"type": "Polygon", "coordinates": [[[-100.00735, 21.93578], [-100.00645, 21.93594], [-100.00644, 21.93545], [-100.00756, 21.93524], [-100.00735, 21.93578]]]}}, {"id": "1866506", "type": "Feature", "properties": {"id": "1866506", "CVEGEO": "2402400010417033", "POBTOT": 59.0, "score_nse": 0.0, "NSE": "ND", "VIVTOT": 18.0, "GRAPROES": 9.53, "_ent": "24", "_mun": "024", "_loc": "0001"}, "geometry": {"type": "Polygon", "coordinates": [[[-100.00918, 21.93741], [-100.00963, 21.93666], [-100.01006, 21.93675], [-100.00957, 21.93759], [-100.00918, 21.93741]]]}}, {"id": "1866507", "type": "Feature", "properties": {"id": "1866507", "CVEGEO": "2402400010417041", "POBTOT": 71.0, "score_nse": 51.4419, "NSE": "C-", "VIVTOT": 29.0, "GRAPROES": 9.27, "_ent": "24", "_mun": "024", "_loc": "0001"}, "geometry": {"type": "Polygon", "coordinates": [[[-100.00483, 21.93685], [-100.00381, 21.93637], [-100.00376, 21.93594], [-100.00416, 21.93586], [-100.00422, 21.9364], [-100.00479, 21.93629], [-100.00483, 21.93685]]]}}, {"id": "1866508", "type": "Feature", "properties": {"id": "1866508", "CVEGEO": "2402400010417045", "POBTOT": 102.0, "score_nse": 62.4667, "NSE": "C", "VIVTOT": 31.0, "GRAPROES": 9.57, "_ent": "24", "_mun": "024", "_loc": "0001"}, "geometry": {"type": "Polygon", "coordinates": [[[-100.00569, 21.93721], [-100.00592, 21.9367], [-100.00589, 21.93609], [-100.00641, 21.936], [-100.00642, 21.93696], [-100.00623, 21.93742], [-100.00569, 21.93721]]]}}, {"id": "1866509", "type": "Feature", "properties": {"id": "1866509", "CVEGEO": "2402400010417046", "POBTOT": 144.0, "score_nse": 0.0, "NSE": "ND", "VIVTOT": 42.0, "GRAPROES": 7.99, "_ent": "24", "_mun": "024", "_loc": "0001"}, "geometry": {"type": "Polygon", "coordinates": [[[-100.00628, 21.93744], [-100.00648, 21.93695], [-100.00645, 21.93599], [-100.00733, 21.93583], [-100.00668, 21.93759], [-100.00628, 21.93744]]]}}, {"id": "1866510", "type": "Feature", "properties": {"id": "1866510", "CVEGEO": "2402400010417047", "POBTOT": 34.0, "score_nse": 0.0, "NSE": "ND", "VIVTOT": 9.0, "GRAPROES": 9.71, "_ent": "24", "_mun": "024", "_loc": "0001"}, "geometry": {"type": "Polygon", "coordinates": [[[-100.00689, 21.93816], [-100.00706, 21.93779], [-100.00756, 21.93784], [-100.0075, 21.93824], [-100.00689, 21.93816]]]}}, {"id": "1866511", "type": "Feature", "properties": {"id": "1866511", "CVEGEO": "2402400010417048", "POBTOT": 4.0, "score_nse": 0.0, "NSE": "ND", "VIVTOT": 2.0, "GRAPROES": 0.0, "_ent": "24", "_mun": "024", "_loc": "0001"}, "geometry": {"type": "Polygon", "coordinates": [[[-100.00673, 21.93857], [-100.00688, 21.93819], [-100.00749, 21.93826], [-100.00742, 21.93866], [-100.00673, 21.93857]]]}}, {"id": "1866512", "type": "Feature", "properties": {"id": "1866512", "CVEGEO": "2402400010417050", "POBTOT": 50.0, "score_nse": 54.2109, "NSE": "C-", "VIVTOT": 11.0, "GRAPROES": 8.47, "_ent": "24", "_mun": "024", "_loc": "0001"}, "geometry": {"type": "Polygon", "coordinates": [[[-100.00759, 21.93785], [-100.00864, 21.93798], [-100.00852, 21.93837], [-100.00752, 21.93824], [-100.00759, 21.93785]]]}}, {"id": "1866513", "type": "Feature", "properties": {"id": "1866513", "CVEGEO": "2402400010417051", "POBTOT": 28.0, "score_nse": 0.0, "NSE": "ND", "VIVTOT": 10.0, "GRAPROES": 9.25, "_ent": "24", "_mun": "024", "_loc": "0001"}, "geometry": {"type": "Polygon", "coordinates": [[[-100.00746, 21.93866], [-100.00752, 21.93827], [-100.00851, 21.9384], [-100.00839, 21.93879], [-100.00746, 21.93866]]]}}, {"id": "1866514", "type": "Feature", "properties": {"id": "1866514", "CVEGEO": "2402400010417053", "POBTOT": 127.0, "score_nse": 56.1065, "NSE": "C", "VIVTOT": 41.0, "GRAPROES": 8.95, "_ent": "24", "_mun": "024", "_loc": "0001"}, "geometry": {"type": "Polygon", "coordinates": [[[-100.00965, 21.93655], [-100.00836, 21.9363], [-100.00885, 21.93517], [-100.00833, 21.93525], [-100.00813, 21.93572], [-100.00757, 21.93569], [-100.00772, 21.93518], [-100.00902, 21.93494], [-100.01053, 21.93523], [-100.01023, 21.9357], [-100.00976, 21.93558], [-100.01017, 21.93577], [-100.00965, 21.93655]]]}}, {"id": "1866515", "type": "Feature", "properties": {"id": "1866515", "CVEGEO": "2402400010417055", "POBTOT": 41.0, "score_nse": 88.9805, "NSE": "A/B", "VIVTOT": 16.0, "GRAPROES": 14.88, "_ent": "24", "_mun": "024", "_loc": "0001"}, "geometry": {"type": "Polygon", "coordinates": [[[-100.00747, 21.9367], [-100.0078, 21.93586], [-100.00765, 21.93665], [-100.00898, 21.9368], [-100.00906, 21.93693], [-100.00747, 21.9367]]]}}, {"id": "1866516", "type": "Feature", "properties": {"id": "1866516", "CVEGEO": "2402400010417056", "POBTOT": 78.0, "score_nse": 74.1322, "NSE": "C+", "VIVTOT": 34.0, "GRAPROES": 13.6, "_ent": "24", "_mun": "024", "_loc": "0001"}, "geometry": {"type": "Polygon", "coordinates": [[[-100.00786, 21.93618], [-100.00794, 21.93576], [-100.00824, 21.93586], [-100.00822, 21.93617], [-100.00861, 21.93519], [-100.00884, 21.93518], [-100.00835, 21.9363], [-100.00879, 21.93656], [-100.00786, 21.93618]]]}}, {"id": "1866517", "type": "Feature", "properties": {"id": "1866517", "CVEGEO": "2402400010417057", "POBTOT": 15.0, "score_nse": 0.0, "NSE": "ND", "VIVTOT": 7.0, "GRAPROES": 13.09, "_ent": "24", "_mun": "024", "_loc": "0001"}, "geometry": {"type": "Polygon", "coordinates": [[[-100.00846, 21.93522], [-100.0083, 21.93578], [-100.00814, 21.93572], [-100.00833, 21.93525], [-100.00846, 21.93522]]]}}, {"id": "1866518", "type": "Feature", "properties": {"id": "1866518", "CVEGEO": "2402400010417058", "POBTOT": 6.0, "score_nse": 0.0, "NSE": "ND", "VIVTOT": 3.0, "GRAPROES": 0.0, "_ent": "24", "_mun": "024", "_loc": "0001"}, "geometry": {"type": "Polygon", "coordinates": [[[-100.00778, 21.93649], [-100.00787, 21.93626], [-100.00842, 21.93658], [-100.00778, 21.93649]]]}}, {"id": "1866519", "type": "Feature", "properties": {"id": "1866519", "CVEGEO": "2402400010421001", "POBTOT": 91.0, "score_nse": 0.0, "NSE": "ND", "VIVTOT": 27.0, "GRAPROES": 9.32, "_ent": "24", "_mun": "024", "_loc": "0001"}, "geometry": {"type": "Polygon", "coordinates": [[[-100.00227, 21.93066], [-100.00535, 21.93045], [-100.00839, 21.93062], [-100.00819, 21.93211], [-100.00622, 21.93218], [-100.00608, 21.9336], [-100.00576, 21.93355], [-100.00585, 21.9331], [-100.00554, 21.93319], [-100.00574, 21.93326], [-100.00569, 21.93355], [-100.00252, 21.93307], [-100.00227, 21.93066]]]}}, {"id": "1866520", "type": "Feature", "properties": {"id": "1866520", "CVEGEO": "2402400010421003", "POBTOT": 6.0, "score_nse": 0.0, "NSE": "ND", "VIVTOT": 2.0, "GRAPROES": 0.0, "_ent": "24", "_mun": "024", "_loc": "0001"}, "geometry": {"type": "Polygon", "coordinates": [[[-100.00889, 21.92869], [-100.0104, 21.92931], [-100.01024, 21.93039], [-100.0106, 21.93037], [-100.0106, 21.9307], [-100.01079, 21.93069], [-100.0108, 21.92948], [-100.01189, 21.92989], [-100.01176, 21.93081], [-100.01192, 21.9299], [-100.01439, 21.93087], [-100.01345, 21.93202], [-100.01081, 21.93195], [-100.00972, 21.93225], [-100.00837, 21.9321], [-100.0085, 21.93049], [-100.00886, 21.93047], [-100.00889, 21.92869]]]}}, {"id": "1866521", "type": "Feature", "properties": {"id": "1866521", "CVEGEO": "2402400010421009", "POBTOT": 8.0, "score_nse": 0.0, "NSE": "ND", "VIVTOT": 3.0, "GRAPROES": 0.0, "_ent": "24", "_mun": "024", "_loc": "0001"}, "geometry": {"type": "Polygon", "coordinates": [[[-100.00486, 21.92922], [-100.00494, 21.92866], [-100.00503, 21.92858], [-100.00519, 21.92924], [-100.00486, 21.92922]]]}}, {"id": "1866522", "type": "Feature", "properties": {"id": "1866522", "CVEGEO": "2402400010421015", "POBTOT": 20.0, "score_nse": 0.0, "NSE": "ND", "VIVTOT": 11.0, "GRAPROES": 8.79, "_ent": "24", "_mun": "024", "_loc": "0001"}, "geometry": {"type": "Polygon", "coordinates": [[[-100.00399, 21.92911], [-100.00327, 21.92905], [-100.0034, 21.92845], [-100.0041, 21.92852], [-100.00399, 21.92911]]]}}, {"id": "1866523", "type": "Feature", "properties": {"id": "1866523", "CVEGEO": "2402400010421016", "POBTOT": 40.0, "score_nse": 59.6132, "NSE": "C", "VIVTOT": 13.0, "GRAPROES": 10.31, "_ent": "24", "_mun": "024", "_loc": "0001"}, "geometry": {"type": "Polygon", "coordinates": [[[-100.00406, 21.92912], [-100.00416, 21.92852], [-100.00487, 21.92864], [-100.00481, 21.92921], [-100.00406, 21.92912]]]}}, {"id": "1866524", "type": "Feature", "properties": {"id": "1866524", "CVEGEO": "2402400010421018", "POBTOT": 40.0, "score_nse": 0.0, "NSE": "ND", "VIVTOT": 8.0, "GRAPROES": 9.1, "_ent": "24", "_mun": "024", "_loc": "0001"}, "geometry": {"type": "Polygon", "coordinates": [[[-100.00272, 21.929], [-100.00286, 21.92837], [-100.00333, 21.92843], [-100.0032, 21.92904], [-100.00272, 21.929]]]}}, {"id": "1866525", "type": "Feature", "properties": {"id": "1866525", "CVEGEO": "2402400010421019", "POBTOT": 0.0, "score_nse": 0.0, "NSE": "ND", "VIVTOT": 0.0, "GRAPROES": 0.0, "_ent": "24", "_mun": "024", "_loc": "0001"}, "geometry": {"type": "Polygon", "coordinates": [[[-100.0145, 21.9302], [-100.01434, 21.93059], [-100.0096, 21.92865], [-100.00964, 21.92853], [-100.01356, 21.92876], [-100.01349, 21.92989], [-100.0145, 21.9302]]]}}, {"id": "1866526", "type": "Feature", "properties": {"id": "1866526", "CVEGEO": "2402400010421020", "POBTOT": 77.0, "score_nse": 0.0, "NSE": "ND", "VIVTOT": 23.0, "GRAPROES": 10.6, "_ent": "24", "_mun": "024", "_loc": "0001"}, "geometry": {"type": "Polygon", "coordinates": [[[-100.00542, 21.93039], [-100.00227, 21.93063], [-100.00194, 21.9283], [-100.0028, 21.92837], [-100.00265, 21.92906], [-100.00319, 21.92911], [-100.00313, 21.9294], [-100.00327, 21.92912], [-100.00397, 21.9292], [-100.00398, 21.92954], [-100.00403, 21.92921], [-100.0048, 21.92928], [-100.00476, 21.92953], [-100.00484, 21.92928], [-100.0052, 21.9293], [-100.00542, 21.93039]]]}}, {"id": "1866527", "type": "Feature", "properties": {"id": "1866527", "CVEGEO": "2402400010421021", "POBTOT": 8.0, "score_nse": 0.0, "NSE": "ND", "VIVTOT": 1.0, "GRAPROES": 0.0, "_ent": "24", "_mun": "024", "_loc": "0001"}, "geometry": {"type": "Polygon", "coordinates": [[[-100.01179, 21.93436], [-100.00611, 21.9336], [-100.00629, 21.93223], [-100.00795, 21.93215], [-100.00972, 21.93236], [-100.0109, 21.93208], [-100.01326, 21.93213], [-100.01179, 21.93436]]]}}, {"id": "1866528", "type": "Feature", "properties": {"id": "1866528", "CVEGEO": "2402400010421023", "POBTOT": 0.0, "score_nse": 0.0, "NSE": "ND", "VIVTOT": 0.0, "GRAPROES": 0.0, "_ent": "24", "_mun": "024", "_loc": "0001"}, "geometry": {"type": "Polygon", "coordinates": [[[-100.0088, 21.92886], [-100.00601, 21.92848], [-100.00617, 21.92762], [-100.00883, 21.9287], [-100.0088, 21.92886]]]}}, {"id": "1866529", "type": "Feature", "properties": {"id": "1866529", "CVEGEO": "2402400010421024", "POBTOT": 15.0, "score_nse": 0.0, "NSE": "ND", "VIVTOT": 4.0, "GRAPROES": 11.07, "_ent": "24", "_mun": "024", "_loc": "0001"}, "geometry": {"type": "Polygon", "coordinates": [[[-100.00881, 21.93039], [-100.00551, 21.93028], [-100.00516, 21.92855], [-100.0064, 21.92856], [-100.00879, 21.92896], [-100.00881, 21.93039]]]}}, {"id": "1866530", "type": "Feature", "properties": {"id": "1866530", "CVEGEO": "2402400010421025", "POBTOT": 0.0, "score_nse": 10.0, "NSE": "E", "VIVTOT": 8.0, "GRAPROES": 0.0, "_ent": "24", "_mun": "024", "_loc": "0001"}, "geometry": {"type": "Polygon", "coordinates": [[[-100.01061, 21.93069], [-100.01061, 21.93037], [-100.0106, 21.92941], [-100.0108, 21.92948], [-100.01079, 21.93069], [-100.01061, 21.93069]]]}}, {"id": "1866531", "type": "Feature", "properties": {"id": "1866531", "CVEGEO": "2402400010421026", "POBTOT": 5.0, "score_nse": 0.0, "NSE": "ND", "VIVTOT": 6.0, "GRAPROES": 0.0, "_ent": "24", "_mun": "024", "_loc": "0001"}, "geometry": {"type": "Polygon", "coordinates": [[[-100.01024, 21.93038], [-100.01035, 21.92965], [-100.01048, 21.92965], [-100.01048, 21.93039], [-100.01024, 21.93038]]]}}, {"id": "1866532", "type": "Feature", "properties": {"id": "1866532", "CVEGEO": "240240001046A008", "POBTOT": 34.0, "score_nse": 0.0, "NSE": "ND", "VIVTOT": 12.0, "GRAPROES": 8.33, "_ent": "24", "_mun": "024", "_loc": "0001"}, "geometry": {"type": "Polygon", "coordinates": [[[-99.97909, 21.93139], [-99.97919, 21.93079], [-99.98005, 21.93094], [-99.97995, 21.93151], [-99.97909, 21.93139]]]}}, {"id": "1866533", "type": "Feature", "properties": {"id": "1866533", "CVEGEO": "240240001046A010", "POBTOT": 107.0, "score_nse": 0.0, "NSE": "ND", "VIVTOT": 28.0, "GRAPROES": 9.3, "_ent": "24", "_mun": "024", "_loc": "0001"}, "geometry": {"type": "Polygon", "coordinates": [[[-99.9834, 21.93145], [-99.98358, 21.93064], [-99.98425, 21.93081], [-99.98407, 21.93154], [-99.9834, 21.93145]]]}}, {"id": "1866534", "type": "Feature", "properties": {"id": "1866534", "CVEGEO": "240240001046A011", "POBTOT": 75.0, "score_nse": 62.0177, "NSE": "C", "VIVTOT": 24.0, "GRAPROES": 9.42, "_ent": "24", "_mun": "024", "_loc": "0001"}, "geometry": {"type": "Polygon", "coordinates": [[[-99.98268, 21.93138], [-99.98285, 21.9305], [-99.98351, 21.93065], [-99.98334, 21.93144], [-99.98268, 21.93138]]]}}, {"id": "1866535", "type": "Feature", "properties": {"id": "1866535", "CVEGEO": "240240001046A012", "POBTOT": 73.0, "score_nse": 58.8699, "NSE": "C", "VIVTOT": 23.0, "GRAPROES": 10.26, "_ent": "24", "_mun": "024", "_loc": "0001"}, "geometry": {"type": "Polygon", "coordinates": [[[-99.98196, 21.93123], [-99.98215, 21.93032], [-99.98277, 21.93048], [-99.98261, 21.93136], [-99.98196, 21.93123]]]}}, {"id": "1866536", "type": "Feature", "properties": {"id": "1866536", "CVEGEO": "240240001046A013", "POBTOT": 91.0, "score_nse": 51.5592, "NSE": "C-", "VIVTOT": 29.0, "GRAPROES": 9.21, "_ent": "24", "_mun": "024", "_loc": "0001"}, "geometry": {"type": "Polygon", "coordinates": [[[-99.982, 21.93059], [-99.98187, 21.9312], [-99.98122, 21.93109], [-99.9814, 21.93016], [-99.98205, 21.93031], [-99.982, 21.93054], [-99.98183, 21.93055], [-99.982, 21.93059]]]}}, {"id": "1866537", "type": "Feature", "properties": {"id": "1866537", "CVEGEO": "240240001046A016", "POBTOT": 63.0, "score_nse": 64.882, "NSE": "C", "VIVTOT": 20.0, "GRAPROES": 9.38, "_ent": "24", "_mun": "024", "_loc": "0001"}, "geometry": {"type": "Polygon", "coordinates": [[[-99.97921, 21.93073], [-99.97934, 21.93016], [-99.98016, 21.93031], [-99.98006, 21.93087], [-99.97921, 21.93073]]]}}, {"id": "1866538", "type": "Feature", "properties": {"id": "1866538", "CVEGEO": "240240001046A020", "POBTOT": 67.0, "score_nse": 0.0, "NSE": "ND", "VIVTOT": 23.0, "GRAPROES": 8.4, "_ent": "24", "_mun": "024", "_loc": "0001"}, "geometry": {"type": "Polygon", "coordinates": [[[-99.98563, 21.93105], [-99.98432, 21.93075], [-99.98448, 21.93007], [-99.98559, 21.93055], [-99.98563, 21.93105]]]}}, {"id": "1866539", "type": "Feature", "properties": {"id": "1866539", "CVEGEO": "240240001046A021", "POBTOT": 40.0, "score_nse": 56.983, "NSE": "C", "VIVTOT": 16.0, "GRAPROES": 8.47, "_ent": "24", "_mun": "024", "_loc": "0001"}, "geometry": {"type": "Polygon", "coordinates": [[[-99.9836, 21.93057], [-99.98378, 21.92979], [-99.9844, 21.93003], [-99.98426, 21.93073], [-99.9836, 21.93057]]]}}, {"id": "1866540", "type": "Feature", "properties": {"id": "1866540", "CVEGEO": "240240001046A022", "POBTOT": 69.0, "score_nse": 54.7785, "NSE": "C-", "VIVTOT": 19.0, "GRAPROES": 8.77, "_ent": "24", "_mun": "024", "_loc": "0001"}, "geometry": {"type": "Polygon", "coordinates": [[[-99.98354, 21.93055], [-99.98288, 21.93042], [-99.98308, 21.92954], [-99.98373, 21.92976], [-99.98354, 21.93055]]]}}, {"id": "1866541", "type": "Feature", "properties": {"id": "1866541", "CVEGEO": "240240001046A023", "POBTOT": 79.0, "score_nse": 0.0, "NSE": "ND", "VIVTOT": 27.0, "GRAPROES": 11.08, "_ent": "24", "_mun": "024", "_loc": "0001"}, "geometry": {"type": "Polygon", "coordinates": [[[-99.98216, 21.93026], [-99.98238, 21.92923], [-99.98301, 21.9295], [-99.9828, 21.9304], [-99.98216, 21.93026]]]}}, {"id": "1866542", "type": "Feature", "properties": {"id": "1866542", "CVEGEO": "240240001046A024", "POBTOT": 97.0, "score_nse": 59.316, "NSE": "C", "VIVTOT": 27.0, "GRAPROES": 9.54, "_ent": "24", "_mun": "024", "_loc": "0001"}, "geometry": {"type": "Polygon", "coordinates": [[[-99.98142, 21.93009], [-99.98168, 21.92895], [-99.98234, 21.92921], [-99.9821, 21.93024], [-99.98142, 21.93009]]]}}, {"id": "1866543", "type": "Feature", "properties": {"id": "1866543", "CVEGEO": "240240001046A026", "POBTOT": 95.0, "score_nse": 0.0, "NSE": "ND", "VIVTOT": 23.0, "GRAPROES": 9.96, "_ent": "24", "_mun": "024", "_loc": "0001"}, "geometry": {"type": "Polygon", "coordinates": [[[-99.98436, 21.92933], [-99.98377, 21.92966], [-99.98309, 21.92941], [-99.98313, 21.92916], [-99.98392, 21.92867], [-99.98436, 21.92933]]]}}, {"id": "1866544", "type": "Feature", "properties": {"id": "1866544", "CVEGEO": "240240001046A027", "POBTOT": 39.0, "score_nse": 0.0, "NSE": "ND", "VIVTOT": 12.0, "GRAPROES": 9.6, "_ent": "24", "_mun": "024", "_loc": "0001"}, "geometry": {"type": "Polygon", "coordinates": [[[-99.98307, 21.92938], [-99.98239, 21.92911], [-99.98254, 21.92859], [-99.98315, 21.92881], [-99.98307, 21.92938]]]}}, {"id": "1866545", "type": "Feature", "properties": {"id": "1866545", "CVEGEO": "240240001046A028", "POBTOT": 0.0, "score_nse": 0.0, "NSE": "ND", "VIVTOT": 0.0, "GRAPROES": 0.0, "_ent": "24", "_mun": "024", "_loc": "0001"}, "geometry": {"type": "Polygon", "coordinates": [[[-99.9834, 21.92893], [-99.98315, 21.9291], [-99.98319, 21.92882], [-99.9834, 21.92893]]]}}, {"id": "1866546", "type": "Feature", "properties": {"id": "1866546", "CVEGEO": "240240001046A029", "POBTOT": 128.0, "score_nse": 0.0, "NSE": "ND", "VIVTOT": 50.0, "GRAPROES": 8.73, "_ent": "24", "_mun": "024", "_loc": "0001"}, "geometry": {"type": "Polygon", "coordinates": [[[-99.98231, 21.92907], [-99.98133, 21.9287], [-99.98131, 21.92836], [-99.98129, 21.92868], [-99.98061, 21.92839], [-99.98065, 21.92809], [-99.98112, 21.92829], [-99.98109, 21.92797], [-99.98125, 21.92802], [-99.98098, 21.92627], [-99.98212, 21.9266], [-99.9819, 21.92782], [-99.98162, 21.92772], [-99.98165, 21.9282], [-99.98246, 21.92852], [-99.98231, 21.92907]]]}}, {"id": "1866547", "type": "Feature", "properties": {"id": "1866547", "CVEGEO": "240240001046A030", "POBTOT": 50.0, "score_nse": 0.0, "NSE": "ND", "VIVTOT": 16.0, "GRAPROES": 8.4, "_ent": "24", "_mun": "024", "_loc": "0001"}, "geometry": {"type": "Polygon", "coordinates": [[[-99.97961, 21.928], [-99.97982, 21.92771], [-99.9806, 21.92805], [-99.98054, 21.92836], [-99.97961, 21.928]]]}}, {"id": "1866548", "type": "Feature", "properties": {"id": "1866548", "CVEGEO": "240240001046A032", "POBTOT": 36.0, "score_nse": 68.5756, "NSE": "C", "VIVTOT": 9.0, "GRAPROES": 9.81, "_ent": "24", "_mun": "024", "_loc": "0001"}, "geometry": {"type": "Polygon", "coordinates": [[[-99.9806, 21.92799], [-99.97985, 21.92769], [-99.98011, 21.92751], [-99.98065, 21.92778], [-99.9806, 21.92799]]]}}, {"id": "1866549", "type": "Feature", "properties": {"id": "1866549", "CVEGEO": "240240001046A034", "POBTOT": 14.0, "score_nse": 0.0, "NSE": "ND", "VIVTOT": 3.0, "GRAPROES": 9.27, "_ent": "24", "_mun": "024", "_loc": "0001"}, "geometry": {"type": "Polygon", "coordinates": [[[-99.98068, 21.9277], [-99.98015, 21.92745], [-99.98077, 21.92727], [-99.98068, 21.9277]]]}}, {"id": "1866550", "type": "Feature", "properties": {"id": "1866550", "CVEGEO": "240240001046A038", "POBTOT": 8.0, "score_nse": 0.0, "NSE": "ND", "VIVTOT": 1.0, "GRAPROES": 0.0, "_ent": "24", "_mun": "024", "_loc": "0001"}, "geometry": {"type": "Polygon", "coordinates": [[[-99.98166, 21.92618], [-99.98135, 21.92608], [-99.98182, 21.92593], [-99.98166, 21.92618]]]}}, {"id": "1866551", "type": "Feature", "properties": {"id": "1866551", "CVEGEO": "240240001046A039", "POBTOT": 19.0, "score_nse": 0.0, "NSE": "ND", "VIVTOT": 8.0, "GRAPROES": 11.19, "_ent": "24", "_mun": "024", "_loc": "0001"}, "geometry": {"type": "Polygon", "coordinates": [[[-99.98136, 21.92605], [-99.9812, 21.92558], [-99.98223, 21.92531], [-99.98187, 21.92589], [-99.98136, 21.92605]]]}}, {"id": "1866552", "type": "Feature", "properties": {"id": "1866552", "CVEGEO": "240240001046A040", "POBTOT": 13.0, "score_nse": 0.0, "NSE": "ND", "VIVTOT": 5.0, "GRAPROES": 11.18, "_ent": "24", "_mun": "024", "_loc": "0001"}, "geometry": {"type": "Polygon", "coordinates": [[[-99.98508, 21.93462], [-99.98505, 21.93439], [-99.98563, 21.93435], [-99.98572, 21.9347], [-99.98508, 21.93462]]]}}, {"id": "1866553", "type": "Feature", "properties": {"id": "1866553", "CVEGEO": "240240001046A041", "POBTOT": 29.0, "score_nse": 79.372, "NSE": "C+", "VIVTOT": 11.0, "GRAPROES": 14.83, "_ent": "24", "_mun": "024", "_loc": "0001"}, "geometry": {"type": "Polygon", "coordinates": [[[-99.98504, 21.93433], [-99.98505, 21.93392], [-99.98559, 21.93387], [-99.98562, 21.9343], [-99.98504, 21.93433]]]}}, {"id": "1866554", "type": "Feature", "properties": {"id": "1866554", "CVEGEO": "240240001046A050", "POBTOT": 12.0, "score_nse": 0.0, "NSE": "ND", "VIVTOT": 3.0, "GRAPROES": 5.6, "_ent": "24", "_mun": "024", "_loc": "0001"}, "geometry": {"type": "Polygon", "coordinates": [[[-99.96485, 21.923], [-99.96465, 21.92231], [-99.96442, 21.9219], [-99.96512, 21.92194], [-99.96511, 21.92332], [-99.96485, 21.923]]]}}, {"id": "1866555", "type": "Feature", "properties": {"id": "1866555", "CVEGEO": "240240001046A051", "POBTOT": 0.0, "score_nse": 0.0, "NSE": "ND", "VIVTOT": 0.0, "GRAPROES": 0.0, "_ent": "24", "_mun": "024", "_loc": "0001"}, "geometry": {"type": "Polygon", "coordinates": [[[-99.9644, 21.92356], [-99.96448, 21.92347], [-99.96405, 21.92221], [-99.96412, 21.92202], [-99.96449, 21.92228], [-99.96474, 21.92307], [-99.96474, 21.92338], [-99.9644, 21.92356]]]}}, {"id": "1866556", "type": "Feature", "properties": {"id": "1866556", "CVEGEO": "240240001046A052", "POBTOT": 77.0, "score_nse": 74.2563, "NSE": "C+", "VIVTOT": 23.0, "GRAPROES": 12.21, "_ent": "24", "_mun": "024", "_loc": "0001"}, "geometry": {"type": "Polygon", "coordinates": [[[-99.9834, 21.93351], [-99.98345, 21.93313], [-99.98372, 21.93314], [-99.98377, 21.93351], [-99.9834, 21.93351]]]}}, {"id": "1866557", "type": "Feature", "properties": {"id": "1866557", "CVEGEO": "240240001046A053", "POBTOT": 99.0, "score_nse": 73.4468, "NSE": "C+", "VIVTOT": 29.0, "GRAPROES": 11.19, "_ent": "24", "_mun": "024", "_loc": "0001"}, "geometry": {"type": "Polygon", "coordinates": [[[-99.98296, 21.93352], [-99.98309, 21.93279], [-99.98338, 21.93281], [-99.98325, 21.93351], [-99.98296, 21.93352]]]}}, {"id": "1866558", "type": "Feature", "properties": {"id": "1866558", "CVEGEO": "240240001046A058", "POBTOT": 37.0, "score_nse": 59.5062, "NSE": "C", "VIVTOT": 13.0, "GRAPROES": 11.57, "_ent": "24", "_mun": "024", "_loc": "0001"}, "geometry": {"type": "Polygon", "coordinates": [[[-99.98624, 21.93427], [-99.98567, 21.9343], [-99.98564, 21.93388], [-99.98617, 21.93384], [-99.98624, 21.93427]]]}}, {"id": "1866559", "type": "Feature", "properties": {"id": "1866559", "CVEGEO": "240240001046A059", "POBTOT": 23.0, "score_nse": 0.0, "NSE": "ND", "VIVTOT": 7.0, "GRAPROES": 11.5, "_ent": "24", "_mun": "024", "_loc": "0001"}, "geometry": {"type": "Polygon", "coordinates": [[[-99.98579, 21.93469], [-99.98574, 21.93434], [-99.98624, 21.93432], [-99.98632, 21.93469], [-99.98579, 21.93469]]]}}, {"id": "1866560", "type": "Feature", "properties": {"id": "1866560", "CVEGEO": "240240001046A060", "POBTOT": 47.0, "score_nse": 0.0, "NSE": "ND", "VIVTOT": 17.0, "GRAPROES": 6.51, "_ent": "24", "_mun": "024", "_loc": "0001"}, "geometry": {"type": "Polygon", "coordinates": [[[-99.96397, 21.92227], [-99.96291, 21.92258], [-99.9629, 21.92188], [-99.96398, 21.92185], [-99.96397, 21.92227]]]}}, {"id": "1866561", "type": "Feature", "properties": {"id": "1866561", "CVEGEO": "240240001046A061", "POBTOT": 40.0, "score_nse": 0.0, "NSE": "ND", "VIVTOT": 10.0, "GRAPROES": 6.91, "_ent": "24", "_mun": "024", "_loc": "0001"}, "geometry": {"type": "Polygon", "coordinates": [[[-99.962, 21.92314], [-99.96261, 21.92177], [-99.96276, 21.92179], [-99.96287, 21.92269], [-99.96265, 21.92279], [-99.96259, 21.92312], [-99.962, 21.92314]]]}}, {"id": "1866562", "type": "Feature", "properties": {"id": "1866562", "CVEGEO": "240240001046A063", "POBTOT": 86.0, "score_nse": 0.0, "NSE": "ND", "VIVTOT": 26.0, "GRAPROES": 11.09, "_ent": "24", "_mun": "024", "_loc": "0001"}, "geometry": {"type": "Polygon", "coordinates": [[[-99.98349, 21.93296], [-99.98349, 21.93282], [-99.98406, 21.93282], [-99.98409, 21.9335], [-99.98382, 21.93349], [-99.98379, 21.93296], [-99.98349, 21.93296]]]}}, {"id": "1866563", "type": "Feature", "properties": {"id": "1866563", "CVEGEO": "240240001046A064", "POBTOT": 126.0, "score_nse": 70.1324, "NSE": "C+", "VIVTOT": 44.0, "GRAPROES": 12.49, "_ent": "24", "_mun": "024", "_loc": "0001"}, "geometry": {"type": "Polygon", "coordinates": [[[-99.98375, 21.93364], [-99.98371, 21.93422], [-99.98317, 21.93422], [-99.9833, 21.93376], [-99.98318, 21.93376], [-99.98311, 21.93422], [-99.98279, 21.93421], [-99.9829, 21.93359], [-99.98375, 21.93364]]]}}, {"id": "1866564", "type": "Feature", "properties": {"id": "1866564", "CVEGEO": "240240001046A066", "POBTOT": 36.0, "score_nse": 0.0, "NSE": "ND", "VIVTOT": 11.0, "GRAPROES": 9.46, "_ent": "24", "_mun": "024", "_loc": "0001"}, "geometry": {"type": "Polygon", "coordinates": [[[-99.98068, 21.92803], [-99.98073, 21.92784], [-99.98108, 21.92797], [-99.9811, 21.9282], [-99.98068, 21.92803]]]}}, {"id": "1866565", "type": "Feature", "properties": {"id": "1866565", "CVEGEO": "240240001046A067", "POBTOT": 20.0, "score_nse": 0.0, "NSE": "ND", "VIVTOT": 8.0, "GRAPROES": 11.13, "_ent": "24", "_mun": "024", "_loc": "0001"}, "geometry": {"type": "Polygon", "coordinates": [[[-99.98115, 21.92731], [-99.98122, 21.92792], [-99.98076, 21.92777], [-99.98088, 21.92726], [-99.98115, 21.92731]]]}}, {"id": "1866566", "type": "Feature", "properties": {"id": "1866566", "CVEGEO": "240240001046A068", "POBTOT": 27.0, "score_nse": 0.0, "NSE": "ND", "VIVTOT": 7.0, "GRAPROES": 9.41, "_ent": "24", "_mun": "024", "_loc": "0001"}, "geometry": {"type": "Polygon", "coordinates": [[[-99.98194, 21.92785], [-99.98258, 21.92809], [-99.98249, 21.92843], [-99.98185, 21.92821], [-99.98194, 21.92785]]]}}, {"id": "1866567", "type": "Feature", "properties": {"id": "1866567", "CVEGEO": "240240001046A069", "POBTOT": 43.0, "score_nse": 0.0, "NSE": "ND", "VIVTOT": 13.0, "GRAPROES": 9.13, "_ent": "24", "_mun": "024", "_loc": "0001"}, "geometry": {"type": "Polygon", "coordinates": [[[-99.98324, 21.92835], [-99.98317, 21.92869], [-99.98258, 21.92847], [-99.98265, 21.92812], [-99.98324, 21.92835]]]}}, {"id": "1866568", "type": "Feature", "properties": {"id": "1866568", "CVEGEO": "240240001046A070", "POBTOT": 75.0, "score_nse": 48.3138, "NSE": "C-", "VIVTOT": 22.0, "GRAPROES": 8.15, "_ent": "24", "_mun": "024", "_loc": "0001"}, "geometry": {"type": "Polygon", "coordinates": [[[-99.96636, 21.92578], [-99.96668, 21.92283], [-99.96807, 21.92343], [-99.96767, 21.92654], [-99.96636, 21.92578]]]}}, {"id": "1866569", "type": "Feature", "properties": {"id": "1866569", "CVEGEO": "240240001046A071", "POBTOT": 88.0, "score_nse": 66.928, "NSE": "C", "VIVTOT": 25.0, "GRAPROES": 11.15, "_ent": "24", "_mun": "024", "_loc": "0001"}, "geometry": {"type": "Polygon", "coordinates": [[[-99.98621, 21.93682], [-99.98567, 21.93741], [-99.98529, 21.93724], [-99.98531, 21.93709], [-99.98524, 21.93722], [-99.98504, 21.93713], [-99.98534, 21.9365], [-99.98621, 21.93682]]]}}, {"id": "1866570", "type": "Feature", "properties": {"id": "1866570", "CVEGEO": "240240001046A073", "POBTOT": 64.0, "score_nse": 72.0413, "NSE": "C+", "VIVTOT": 19.0, "GRAPROES": 11.18, "_ent": "24", "_mun": "024", "_loc": "0001"}, "geometry": {"type": "Polygon", "coordinates": [[[-99.98282, 21.93359], [-99.98271, 21.93421], [-99.98237, 21.93419], [-99.98238, 21.93359], [-99.98282, 21.93359]]]}}, {"id": "1866571", "type": "Feature", "properties": {"id": "1866571", "CVEGEO": "240240001046A076", "POBTOT": 18.0, "score_nse": 0.0, "NSE": "ND", "VIVTOT": 5.0, "GRAPROES": 8.42, "_ent": "24", "_mun": "024", "_loc": "0001"}, "geometry": {"type": "Polygon", "coordinates": [[[-99.96575, 21.92576], [-99.96518, 21.92549], [-99.965, 21.92501], [-99.96551, 21.92388], [-99.9655, 21.92233], [-99.96661, 21.92281], [-99.96628, 21.92576], [-99.96575, 21.92576]]]}}, {"id": "1866572", "type": "Feature", "properties": {"id": "1866572", "CVEGEO": "240240001046A077", "POBTOT": 70.0, "score_nse": 65.9894, "NSE": "C", "VIVTOT": 28.0, "GRAPROES": 12.57, "_ent": "24", "_mun": "024", "_loc": "0001"}, "geometry": {"type": "Polygon", "coordinates": [[[-99.96264, 21.9236], [-99.96428, 21.92307], [-99.96432, 21.92321], [-99.96262, 21.92376], [-99.96264, 21.9236]]]}}, {"id": "1866573", "type": "Feature", "properties": {"id": "1866573", "CVEGEO": "240240001046A078", "POBTOT": 130.0, "score_nse": 78.0549, "NSE": "C+", "VIVTOT": 55.0, "GRAPROES": 13.96, "_ent": "24", "_mun": "024", "_loc": "0001"}, "geometry": {"type": "Polygon", "coordinates": [[[-99.96416, 21.92274], [-99.96425, 21.92301], [-99.96266, 21.92353], [-99.96268, 21.92322], [-99.96416, 21.92274]]]}}, {"id": "1866574", "type": "Feature", "properties": {"id": "1866574", "CVEGEO": "240240001046A079", "POBTOT": 136.0, "score_nse": 72.1565, "NSE": "C+", "VIVTOT": 48.0, "GRAPROES": 12.87, "_ent": "24", "_mun": "024", "_loc": "0001"}, "geometry": {"type": "Polygon", "coordinates": [[[-99.96402, 21.92237], [-99.96413, 21.92267], [-99.96269, 21.92314], [-99.96272, 21.92284], [-99.96402, 21.92237]]]}}, {"id": "1866575", "type": "Feature", "properties": {"id": "1866575", "CVEGEO": "240240001046A081", "POBTOT": 79.0, "score_nse": 71.9367, "NSE": "C+", "VIVTOT": 27.0, "GRAPROES": 11.85, "_ent": "24", "_mun": "024", "_loc": "0001"}, "geometry": {"type": "Polygon", "coordinates": [[[-99.98233, 21.9336], [-99.98231, 21.93417], [-99.98129, 21.93417], [-99.98142, 21.93357], [-99.98174, 21.93357], [-99.98171, 21.93398], [-99.98186, 21.93398], [-99.98179, 21.93357], [-99.98233, 21.9336]]]}}, {"id": "1866576", "type": "Feature", "properties": {"id": "1866576", "CVEGEO": "240240001046A084", "POBTOT": 0.0, "score_nse": 0.0, "NSE": "ND", "VIVTOT": 0.0, "GRAPROES": 0.0, "_ent": "24", "_mun": "024", "_loc": "0001"}, "geometry": {"type": "Polygon", "coordinates": [[[-99.98262, 21.92608], [-99.98295, 21.92598], [-99.98337, 21.92661], [-99.98337, 21.92777], [-99.98237, 21.92738], [-99.98262, 21.92608]]]}}, {"id": "1866577", "type": "Feature", "properties": {"id": "1866577", "CVEGEO": "240240001046A088", "POBTOT": 0.0, "score_nse": 0.0, "NSE": "ND", "VIVTOT": 0.0, "GRAPROES": 0.0, "_ent": "24", "_mun": "024", "_loc": "0001"}, "geometry": {"type": "Polygon", "coordinates": [[[-99.98181, 21.92817], [-99.98165, 21.92813], [-99.98162, 21.92772], [-99.98189, 21.92782], [-99.98181, 21.92817]]]}}, {"id": "1866578", "type": "Feature", "properties": {"id": "1866578", "CVEGEO": "240240001046A089", "POBTOT": 14.0, "score_nse": 0.0, "NSE": "ND", "VIVTOT": 5.0, "GRAPROES": 10.15, "_ent": "24", "_mun": "024", "_loc": "0001"}, "geometry": {"type": "Polygon", "coordinates": [[[-99.98194, 21.92784], [-99.98222, 21.92662], [-99.98253, 21.92671], [-99.98235, 21.92739], [-99.98342, 21.92781], [-99.98387, 21.92855], [-99.98342, 21.9288], [-99.98324, 21.92873], [-99.98332, 21.92837], [-99.98194, 21.92784]]]}}, {"id": "1866579", "type": "Feature", "properties": {"id": "1866579", "CVEGEO": "240240001046A090", "POBTOT": 51.0, "score_nse": 0.0, "NSE": "ND", "VIVTOT": 20.0, "GRAPROES": 10.88, "_ent": "24", "_mun": "024", "_loc": "0001"}, "geometry": {"type": "Polygon", "coordinates": [[[-99.98253, 21.92671], [-99.98128, 21.92635], [-99.98125, 21.92609], [-99.98207, 21.92634], [-99.98199, 21.92646], [-99.98237, 21.92658], [-99.98245, 21.92588], [-99.98271, 21.92552], [-99.98295, 21.92597], [-99.98261, 21.92607], [-99.98253, 21.92671]]]}}, {"id": "1866580", "type": "Feature", "properties": {"id": "1866580", "CVEGEO": "240240001046A091", "POBTOT": 32.0, "score_nse": 58.7138, "NSE": "C", "VIVTOT": 13.0, "GRAPROES": 9.92, "_ent": "24", "_mun": "024", "_loc": "0001"}, "geometry": {"type": "Polygon", "coordinates": [[[-99.98084, 21.92538], [-99.98107, 21.9253], [-99.98127, 21.92634], [-99.98099, 21.92626], [-99.98084, 21.92538]]]}}, {"id": "1866581", "type": "Feature", "properties": {"id": "1866581", "CVEGEO": "240240001046A092", "POBTOT": 34.0, "score_nse": 62.2523, "NSE": "C", "VIVTOT": 13.0, "GRAPROES": 10.46, "_ent": "24", "_mun": "024", "_loc": "0001"}, "geometry": {"type": "Polygon", "coordinates": [[[-99.9811, 21.92527], [-99.98234, 21.92494], [-99.98244, 21.92514], [-99.98115, 21.9255], [-99.9811, 21.92527]]]}}, {"id": "1866582", "type": "Feature", "properties": {"id": "1866582", "CVEGEO": "240240001046A093", "POBTOT": 23.0, "score_nse": 0.0, "NSE": "ND", "VIVTOT": 12.0, "GRAPROES": 10.26, "_ent": "24", "_mun": "024", "_loc": "0001"}, "geometry": {"type": "Polygon", "coordinates": [[[-99.98334, 21.92669], [-99.98393, 21.9275], [-99.98341, 21.92778], [-99.98334, 21.92669]]]}}, {"id": "1866583", "type": "Feature", "properties": {"id": "1866583", "CVEGEO": "240240001046A094", "POBTOT": 77.0, "score_nse": 0.0, "NSE": "ND", "VIVTOT": 25.0, "GRAPROES": 10.25, "_ent": "24", "_mun": "024", "_loc": "0001"}, "geometry": {"type": "Polygon", "coordinates": [[[-99.9817, 21.92618], [-99.98249, 21.92519], [-99.98266, 21.92545], [-99.98207, 21.9263], [-99.9817, 21.92618]]]}}, {"id": "1866584", "type": "Feature", "properties": {"id": "1866584", "CVEGEO": "2402400010544001", "POBTOT": 70.0, "score_nse": 0.0, "NSE": "ND", "VIVTOT": 17.0, "GRAPROES": 9.27, "_ent": "24", "_mun": "024", "_loc": "0001"}, "geometry": {"type": "Polygon", "coordinates": [[[-99.99621, 21.92001], [-99.99641, 21.91921], [-99.9971, 21.91935], [-99.99692, 21.92018], [-99.99621, 21.92001]]]}}, {"id": "1866585", "type": "Feature", "properties": {"id": "1866585", "CVEGEO": "2402400010544002", "POBTOT": 29.0, "score_nse": 59.2907, "NSE": "C", "VIVTOT": 18.0, "GRAPROES": 10.09, "_ent": "24", "_mun": "024", "_loc": "0001"}, "geometry": {"type": "Polygon", "coordinates": [[[-99.99472, 21.91981], [-99.99402, 21.92129], [-99.99345, 21.92074], [-99.99357, 21.92048], [-99.99341, 21.92071], [-99.99277, 21.92003], [-99.99451, 21.91976], [-99.995, 21.91892], [-99.99637, 21.91919], [-99.99593, 21.92095], [-99.99451, 21.92068], [-99.99487, 21.91984], [-99.99472, 21.91981]]]}}, {"id": "1866586", "type": "Feature", "properties": {"id": "1866586", "CVEGEO": "2402400010544004", "POBTOT": 32.0, "score_nse": 54.7703, "NSE": "C-", "VIVTOT": 14.0, "GRAPROES": 10.36, "_ent": "24", "_mun": "024", "_loc": "0001"}, "geometry": {"type": "Polygon", "coordinates": [[[-99.99728, 21.91844], [-99.99712, 21.91928], [-99.99644, 21.91913], [-99.9966, 21.91832], [-99.99728, 21.91844]]]}}, {"id": "1866587", "type": "Feature", "properties": {"id": "1866587", "CVEGEO": "2402400010544005", "POBTOT": 64.0, "score_nse": 0.0, "NSE": "ND", "VIVTOT": 21.0, "GRAPROES": 9.92, "_ent": "24", "_mun": "024", "_loc": "0001"}, "geometry": {"type": "Polygon", "coordinates": [[[-99.99766, 21.91941], [-99.99722, 21.91932], [-99.99744, 21.91845], [-99.99783, 21.9188], [-99.99766, 21.91941]]]}}, {"id": "1866588", "type": "Feature", "properties": {"id": "1866588", "CVEGEO": "2402400010544006", "POBTOT": 19.0, "score_nse": 0.0, "NSE": "ND", "VIVTOT": 5.0, "GRAPROES": 10.88, "_ent": "24", "_mun": "024", "_loc": "0001"}, "geometry": {"type": "Polygon", "coordinates": [[[-99.99713, 21.91989], [-99.99723, 21.9194], [-99.99765, 21.91948], [-99.99755, 21.91997], [-99.99713, 21.91989]]]}}, {"id": "1866589", "type": "Feature", "properties": {"id": "1866589", "CVEGEO": "2402400010544007", "POBTOT": 31.0, "score_nse": 0.0, "NSE": "ND", "VIVTOT": 9.0, "GRAPROES": 9.52, "_ent": "24", "_mun": "024", "_loc": "0001"}, "geometry": {"type": "Polygon", "coordinates": [[[-99.99693, 21.92077], [-99.99711, 21.91993], [-99.9981, 21.92014], [-99.99786, 21.92094], [-99.99693, 21.92077]]]}}, {"id": "1866590", "type": "Feature", "properties": {"id": "1866590", "CVEGEO": "2402400010544008", "POBTOT": 27.0, "score_nse": 58.08, "NSE": "C", "VIVTOT": 12.0, "GRAPROES": 10.39, "_ent": "24", "_mun": "024", "_loc": "0001"}, "geometry": {"type": "Polygon", "coordinates": [[[-99.99609, 21.92057], [-99.99619, 21.92009], [-99.99692, 21.92026], [-99.9968, 21.92072], [-99.99609, 21.92057]]]}}, {"id": "1866591", "type": "Feature", "properties": {"id": "1866591", "CVEGEO": "2402400010544010", "POBTOT": 30.0, "score_nse": 0.0, "NSE": "ND", "VIVTOT": 10.0, "GRAPROES": 7.92, "_ent": "24", "_mun": "024", "_loc": "0001"}, "geometry": {"type": "Polygon", "coordinates": [[[-99.99568, 21.91723], [-99.99588, 21.91718], [-99.99566, 21.91805], [-99.99536, 21.91799], [-99.99568, 21.91723]]]}}, {"id": "1866592", "type": "Feature", "properties": {"id": "1866592", "CVEGEO": "2402400010544011", "POBTOT": 96.0, "score_nse": 0.0, "NSE": "ND", "VIVTOT": 23.0, "GRAPROES": 8.82, "_ent": "24", "_mun": "024", "_loc": "0001"}, "geometry": {"type": "Polygon", "coordinates": [[[-99.99643, 21.91726], [-99.99664, 21.91772], [-99.99654, 21.91822], [-99.99573, 21.91805], [-99.99593, 21.9172], [-99.99643, 21.91726]]]}}, {"id": "1866593", "type": "Feature", "properties": {"id": "1866593", "CVEGEO": "2402400010544012", "POBTOT": 12.0, "score_nse": 0.0, "NSE": "ND", "VIVTOT": 6.0, "GRAPROES": 8.75, "_ent": "24", "_mun": "024", "_loc": "0001"}, "geometry": {"type": "Polygon", "coordinates": [[[-99.99672, 21.91777], [-99.99731, 21.91831], [-99.99729, 21.91837], [-99.99661, 21.91824], [-99.99672, 21.91777]]]}}, {"id": "1866594", "type": "Feature", "properties": {"id": "1866594", "CVEGEO": "2402400010544013", "POBTOT": 34.0, "score_nse": 0.0, "NSE": "ND", "VIVTOT": 11.0, "GRAPROES": 10.38, "_ent": "24", "_mun": "024", "_loc": "0001"}, "geometry": {"type": "Polygon", "coordinates": [[[-99.99772, 21.91942], [-99.99788, 21.91881], [-99.99817, 21.91924], [-99.99814, 21.9195], [-99.99772, 21.91942]]]}}, {"id": "1866595", "type": "Feature", "properties": {"id": "1866595", "CVEGEO": "2402400010544014", "POBTOT": 29.0, "score_nse": 0.0, "NSE": "ND", "VIVTOT": 7.0, "GRAPROES": 10.24, "_ent": "24", "_mun": "024", "_loc": "0001"}, "geometry": {"type": "Polygon", "coordinates": [[[-99.9976, 21.91998], [-99.9977, 21.91949], [-99.99815, 21.91958], [-99.99804, 21.92007], [-99.9976, 21.91998]]]}}, {"id": "1866596", "type": "Feature", "properties": {"id": "1866596", "CVEGEO": "2402400010544015", "POBTOT": 63.0, "score_nse": 0.0, "NSE": "ND", "VIVTOT": 23.0, "GRAPROES": 10.07, "_ent": "24", "_mun": "024", "_loc": "0001"}, "geometry": {"type": "Polygon", "coordinates": [[[-99.99691, 21.92084], [-99.99786, 21.92104], [-99.99796, 21.92172], [-99.99677, 21.92148], [-99.99691, 21.92084]]]}}, {"id": "1866597", "type": "Feature", "properties": {"id": "1866597", "CVEGEO": "2402400010544016", "POBTOT": 72.0, "score_nse": 53.164, "NSE": "C-", "VIVTOT": 26.0, "GRAPROES": 9.34, "_ent": "24", "_mun": "024", "_loc": "0001"}, "geometry": {"type": "Polygon", "coordinates": [[[-99.99661, 21.92147], [-99.99593, 21.92132], [-99.99607, 21.92064], [-99.99677, 21.92078], [-99.99661, 21.92147]]]}}, {"id": "1866598", "type": "Feature", "properties": {"id": "1866598", "CVEGEO": "2402400010544018", "POBTOT": 5.0, "score_nse": 0.0, "NSE": "ND", "VIVTOT": 1.0, "GRAPROES": 0.0, "_ent": "24", "_mun": "024", "_loc": "0001"}, "geometry": {"type": "Polygon", "coordinates": [[[-99.99737, 21.91807], [-99.99681, 21.91751], [-99.99683, 21.91743], [-99.9975, 21.91754], [-99.99737, 21.91807]]]}}, {"id": "1866599", "type": "Feature", "properties": {"id": "1866599", "CVEGEO": "2402400010544019", "POBTOT": 18.0, "score_nse": 0.0, "NSE": "ND", "VIVTOT": 5.0, "GRAPROES": 9.94, "_ent": "24", "_mun": "024", "_loc": "0001"}, "geometry": {"type": "Polygon", "coordinates": [[[-99.9979, 21.92085], [-99.99793, 21.92067], [-99.99817, 21.92012], [-99.99811, 21.921], [-99.9979, 21.92085]]]}}, {"id": "1866600", "type": "Feature", "properties": {"id": "1866600", "CVEGEO": "2402400010544020", "POBTOT": 3.0, "score_nse": 0.0, "NSE": "ND", "VIVTOT": 3.0, "GRAPROES": 0.0, "_ent": "24", "_mun": "024", "_loc": "0001"}, "geometry": {"type": "Polygon", "coordinates": [[[-99.99785, 21.92138], [-99.99788, 21.92104], [-99.99808, 21.92109], [-99.998, 21.92142], [-99.99785, 21.92138]]]}}, {"id": "1866601", "type": "Feature", "properties": {"id": "1866601", "CVEGEO": "2402400010544021", "POBTOT": 34.0, "score_nse": 0.0, "NSE": "ND", "VIVTOT": 10.0, "GRAPROES": 11.69, "_ent": "24", "_mun": "024", "_loc": "0001"}, "geometry": {"type": "Polygon", "coordinates": [[[-99.99716, 21.92235], [-99.99731, 21.92167], [-99.99795, 21.92178], [-99.99782, 21.92245], [-99.99716, 21.92235]]]}}, {"id": "1866602", "type": "Feature", "properties": {"id": "1866602", "CVEGEO": "2402400010544022", "POBTOT": 15.0, "score_nse": 0.0, "NSE": "ND", "VIVTOT": 11.0, "GRAPROES": 6.9, "_ent": "24", "_mun": "024", "_loc": "0001"}, "geometry": {"type": "Polygon", "coordinates": [[[-99.99676, 21.92195], [-99.99675, 21.92156], [-99.99725, 21.92167], [-99.99717, 21.92201], [-99.99676, 21.92195]]]}}, {"id": "1866603", "type": "Feature", "properties": {"id": "1866603", "CVEGEO": "2402400010544023", "POBTOT": 51.0, "score_nse": 0.0, "NSE": "ND", "VIVTOT": 20.0, "GRAPROES": 9.59, "_ent": "24", "_mun": "024", "_loc": "0001"}, "geometry": {"type": "Polygon", "coordinates": [[[-99.99577, 21.92213], [-99.99593, 21.92139], [-99.9966, 21.92153], [-99.99647, 21.92225], [-99.99577, 21.92213]]]}}, {"id": "1866604", "type": "Feature", "properties": {"id": "1866604", "CVEGEO": "2402400010544025", "POBTOT": 4.0, "score_nse": 0.0, "NSE": "ND", "VIVTOT": 2.0, "GRAPROES": 0.0, "_ent": "24", "_mun": "024", "_loc": "0001"}, "geometry": {"type": "Polygon", "coordinates": [[[-99.99601, 21.9171], [-99.99629, 21.91687], [-99.9964, 21.91682], [-99.99642, 21.91714], [-99.99601, 21.9171]]]}}, {"id": "1866605", "type": "Feature", "properties": {"id": "1866605", "CVEGEO": "2402400010544027", "POBTOT": 67.0, "score_nse": 53.9187, "NSE": "C-", "VIVTOT": 24.0, "GRAPROES": 9.62, "_ent": "24", "_mun": "024", "_loc": "0001"}, "geometry": {"type": "Polygon", "coordinates": [[[-99.99826, 21.92071], [-99.99836, 21.92015], [-99.99914, 21.92024], [-99.99902, 21.92078], [-99.99826, 21.92071]]]}}, {"id": "1866606", "type": "Feature", "properties": {"id": "1866606", "CVEGEO": "2402400010544028", "POBTOT": 70.0, "score_nse": 63.252, "NSE": "C", "VIVTOT": 19.0, "GRAPROES": 10.06, "_ent": "24", "_mun": "024", "_loc": "0001"}, "geometry": {"type": "Polygon", "coordinates": [[[-99.99888, 21.92159], [-99.99809, 21.92143], [-99.99823, 21.92077], [-99.999, 21.92088], [-99.99888, 21.92159]]]}}, {"id": "1866607", "type": "Feature", "properties": {"id": "1866607", "CVEGEO": "2402400010544029", "POBTOT": 20.0, "score_nse": 0.0, "NSE": "ND", "VIVTOT": 5.0, "GRAPROES": 10.71, "_ent": "24", "_mun": "024", "_loc": "0001"}, "geometry": {"type": "Polygon", "coordinates": [[[-99.99879, 21.92189], [-99.99804, 21.92175], [-99.99807, 21.92148], [-99.99885, 21.92166], [-99.99879, 21.92189]]]}}, {"id": "1866608", "type": "Feature", "properties": {"id": "1866608", "CVEGEO": "2402400010544030", "POBTOT": 98.0, "score_nse": 54.7529, "NSE": "C-", "VIVTOT": 26.0, "GRAPROES": 9.69, "_ent": "24", "_mun": "024", "_loc": "0001"}, "geometry": {"type": "Polygon", "coordinates": [[[-99.99846, 21.92335], [-99.9978, 21.92326], [-99.99803, 21.92179], [-99.99879, 21.92194], [-99.99846, 21.92335]]]}}, {"id": "1866609", "type": "Feature", "properties": {"id": "1866609", "CVEGEO": "2402400010544031", "POBTOT": 21.0, "score_nse": 0.0, "NSE": "ND", "VIVTOT": 10.0, "GRAPROES": 11.74, "_ent": "24", "_mun": "024", "_loc": "0001"}, "geometry": {"type": "Polygon", "coordinates": [[[-99.99708, 21.92233], [-99.99661, 21.92225], [-99.99666, 21.92199], [-99.99715, 21.92209], [-99.99708, 21.92233]]]}}, {"id": "1866610", "type": "Feature", "properties": {"id": "1866610", "CVEGEO": "2402400010544032", "POBTOT": 23.0, "score_nse": 61.9378, "NSE": "C", "VIVTOT": 13.0, "GRAPROES": 14.05, "_ent": "24", "_mun": "024", "_loc": "0001"}, "geometry": {"type": "Polygon", "coordinates": [[[-99.99769, 21.92325], [-99.99641, 21.9232], [-99.99659, 21.92232], [-99.99781, 21.92254], [-99.99769, 21.92325]]]}}, {"id": "1866611", "type": "Feature", "properties": {"id": "1866611", "CVEGEO": "2402400010544033", "POBTOT": 37.0, "score_nse": 0.0, "NSE": "ND", "VIVTOT": 15.0, "GRAPROES": 11.03, "_ent": "24", "_mun": "024", "_loc": "0001"}, "geometry": {"type": "Polygon", "coordinates": [[[-99.99414, 21.92174], [-99.99405, 21.9214], [-99.99445, 21.92076], [-99.99587, 21.92105], [-99.99564, 21.9222], [-99.99645, 21.92233], [-99.99626, 21.92318], [-99.99409, 21.92299], [-99.99397, 21.92284], [-99.99414, 21.92174]]]}}, {"id": "1866612", "type": "Feature", "properties": {"id": "1866612", "CVEGEO": "2402400010544034", "POBTOT": 15.0, "score_nse": 0.0, "NSE": "ND", "VIVTOT": 2.0, "GRAPROES": 0.0, "_ent": "24", "_mun": "024", "_loc": "0001"}, "geometry": {"type": "Polygon", "coordinates": [[[-99.99673, 21.91734], [-99.99662, 21.91686], [-99.99676, 21.91682], [-99.99673, 21.91734]]]}}, {"id": "1866613", "type": "Feature", "properties": {"id": "1866613", "CVEGEO": "2402400010544037", "POBTOT": 21.0, "score_nse": 0.0, "NSE": "ND", "VIVTOT": 5.0, "GRAPROES": 5.86, "_ent": "24", "_mun": "024", "_loc": "0001"}, "geometry": {"type": "Polygon", "coordinates": [[[-99.9959, 21.91709], [-99.99074, 21.91656], [-99.9903, 21.91663], [-99.98985, 21.91694], [-99.98919, 21.91624], [-99.99018, 21.91568], [-99.99057, 21.91563], [-99.99581, 21.91605], [-99.99625, 21.9163], [-99.99638, 21.91666], [-99.9959, 21.91709]]]}}, {"id": "1866614", "type": "Feature", "properties": {"id": "1866614", "CVEGEO": "2402400010544038", "POBTOT": 43.0, "score_nse": 52.2838, "NSE": "C-", "VIVTOT": 17.0, "GRAPROES": 7.55, "_ent": "24", "_mun": "024", "_loc": "0001"}, "geometry": {"type": "Polygon", "coordinates": [[[-99.99537, 21.9181], [-99.99566, 21.91815], [-99.99562, 21.91831], [-99.99572, 21.91816], [-99.99654, 21.91831], [-99.99638, 21.91913], [-99.99503, 21.91885], [-99.99537, 21.9181]]]}}, {"id": "1866615", "type": "Feature", "properties": {"id": "1866615", "CVEGEO": "2402400010559002", "POBTOT": 260.0, "score_nse": 0.0, "NSE": "ND", "VIVTOT": 100.0, "GRAPROES": 9.03, "_ent": "24", "_mun": "024", "_loc": "0001"}, "geometry": {"type": "Polygon", "coordinates": [[[-100.00008, 21.92003], [-100.00019, 21.91904], [-100.00061, 21.91909], [-100.00053, 21.91977], [-100.00066, 21.9191], [-100.00111, 21.91915], [-100.00102, 21.91978], [-100.00117, 21.91915], [-100.00159, 21.91919], [-100.00159, 21.91982], [-100.00166, 21.9192], [-100.00182, 21.91922], [-100.00148, 21.92117], [-99.99912, 21.92078], [-99.99925, 21.92023], [-99.99959, 21.92024], [-99.99973, 21.91898], [-100.00014, 21.91903], [-100.00008, 21.92003]]]}}, {"id": "1866616", "type": "Feature", "properties": {"id": "1866616", "CVEGEO": "2402400010559003", "POBTOT": 24.0, "score_nse": 0.0, "NSE": "ND", "VIVTOT": 6.0, "GRAPROES": 10.12, "_ent": "24", "_mun": "024", "_loc": "0001"}, "geometry": {"type": "Polygon", "coordinates": [[[-100.00162, 21.91916], [-100.00176, 21.91821], [-100.00195, 21.91825], [-100.0018, 21.91918], [-100.00162, 21.91916]]]}}, {"id": "1866617", "type": "Feature", "properties": {"id": "1866617", "CVEGEO": "2402400010559004", "POBTOT": 278.0, "score_nse": 56.1027, "NSE": "C", "VIVTOT": 86.0, "GRAPROES": 8.17, "_ent": "24", "_mun": "024", "_loc": "0001"}, "geometry": {"type": "Polygon", "coordinates": [[[-100.004, 21.92074], [-100.00324, 21.92096], [-100.00164, 21.92062], [-100.00195, 21.91869], [-100.00254, 21.91877], [-100.00245, 21.91945], [-100.00261, 21.91877], [-100.0032, 21.91884], [-100.00314, 21.91948], [-100.00324, 21.91884], [-100.00385, 21.91892], [-100.00381, 21.91956], [-100.00389, 21.9189], [-100.00401, 21.91892], [-100.00391, 21.91886], [-100.00417, 21.91727], [-100.00449, 21.91704], [-100.00656, 21.91666], [-100.00855, 21.91652], [-100.01116, 21.91708], [-100.00653, 21.92069], [-100.004, 21.92074]]]}}, {"id": "1866618", "type": "Feature", "properties": {"id": "1866618", "CVEGEO": "2402400010559005", "POBTOT": 76.0, "score_nse": 61.46, "NSE": "C", "VIVTOT": 19.0, "GRAPROES": 7.53, "_ent": "24", "_mun": "024", "_loc": "0001"}, "geometry": {"type": "Polygon", "coordinates": [[[-100.00135, 21.92179], [-100.00072, 21.92167], [-100.0008, 21.92111], [-100.00144, 21.92123], [-100.00135, 21.92179]]]}}, {"id": "1866619", "type": "Feature", "properties": {"id": "1866619", "CVEGEO": "2402400010559006", "POBTOT": 40.0, "score_nse": 0.0, "NSE": "ND", "VIVTOT": 15.0, "GRAPROES": 8.0, "_ent": "24", "_mun": "024", "_loc": "0001"}, "geometry": {"type": "Polygon", "coordinates": [[[-100.00017, 21.92157], [-100.00029, 21.92102], [-100.00073, 21.92109], [-100.00065, 21.92165], [-100.00017, 21.92157]]]}}, {"id": "1866620", "type": "Feature", "properties": {"id": "1866620", "CVEGEO": "2402400010559007", "POBTOT": 82.0, "score_nse": 65.3596, "NSE": "C", "VIVTOT": 22.0, "GRAPROES": 10.16, "_ent": "24", "_mun": "024", "_loc": "0001"}, "geometry": {"type": "Polygon", "coordinates": [[[-100.00006, 21.92176], [-99.9996, 21.92169], [-99.99968, 21.92093], [-100.00021, 21.92104], [-100.00006, 21.92176]]]}}, {"id": "1866621", "type": "Feature", "properties": {"id": "1866621", "CVEGEO": "2402400010559008", "POBTOT": 72.0, "score_nse": 0.0, "NSE": "ND", "VIVTOT": 29.0, "GRAPROES": 7.47, "_ent": "24", "_mun": "024", "_loc": "0001"}, "geometry": {"type": "Polygon", "coordinates": [[[-99.99908, 21.92087], [-99.99963, 21.92092], [-99.99954, 21.92168], [-99.99897, 21.9216], [-99.99908, 21.92087]]]}}, {"id": "1866622", "type": "Feature", "properties": {"id": "1866622", "CVEGEO": "2402400010559009", "POBTOT": 65.0, "score_nse": 47.6, "NSE": "C-", "VIVTOT": 25.0, "GRAPROES": 8.65, "_ent": "24", "_mun": "024", "_loc": "0001"}, "geometry": {"type": "Polygon", "coordinates": [[[-99.99921, 21.91893], [-99.99963, 21.91899], [-99.99948, 21.9202], [-99.99908, 21.92019], [-99.99921, 21.91893]]]}}, {"id": "1866623", "type": "Feature", "properties": {"id": "1866623", "CVEGEO": "2402400010559010", "POBTOT": 124.0, "score_nse": 68.7413, "NSE": "C", "VIVTOT": 33.0, "GRAPROES": 9.48, "_ent": "24", "_mun": "024", "_loc": "0001"}, "geometry": {"type": "Polygon", "coordinates": [[[-99.99968, 21.91893], [-99.99992, 21.91722], [-100.00035, 21.91748], [-100.00016, 21.919], [-99.99968, 21.91893]]]}}, {"id": "1866624", "type": "Feature", "properties": {"id": "1866624", "CVEGEO": "2402400010559011", "POBTOT": 82.0, "score_nse": 80.5947, "NSE": "C+", "VIVTOT": 30.0, "GRAPROES": 13.25, "_ent": "24", "_mun": "024", "_loc": "0001"}, "geometry": {"type": "Polygon", "coordinates": [[[-100.00125, 21.91449], [-99.99953, 21.91437], [-99.99955, 21.91417], [-100.00131, 21.91434], [-100.00125, 21.91449]]]}}, {"id": "1866625", "type": "Feature", "properties": {"id": "1866625", "CVEGEO": "2402400010559012", "POBTOT": 53.0, "score_nse": 53.976, "NSE": "C-", "VIVTOT": 17.0, "GRAPROES": 8.15, "_ent": "24", "_mun": "024", "_loc": "0001"}, "geometry": {"type": "Polygon", "coordinates": [[[-100.00199, 21.91799], [-100.00142, 21.91775], [-100.00151, 21.91714], [-100.0021, 21.9172], [-100.00199, 21.91799]]]}}, {"id": "1866626", "type": "Feature", "properties": {"id": "1866626", "CVEGEO": "2402400010559013", "POBTOT": 24.0, "score_nse": 0.0, "NSE": "ND", "VIVTOT": 7.0, "GRAPROES": 5.72, "_ent": "24", "_mun": "024", "_loc": "0001"}, "geometry": {"type": "Polygon", "coordinates": [[[-100.00213, 21.91761], [-100.00289, 21.9177], [-100.0025, 21.91801], [-100.00209, 21.91795], [-100.00213, 21.91761]]]}}, {"id": "1866627", "type": "Feature", "properties": {"id": "1866627", "CVEGEO": "2402400010559014", "POBTOT": 26.0, "score_nse": 69.216, "NSE": "C", "VIVTOT": 7.0, "GRAPROES": 8.85, "_ent": "24", "_mun": "024", "_loc": "0001"}, "geometry": {"type": "Polygon", "coordinates": [[[-100.00197, 21.91864], [-100.00202, 21.91832], [-100.00259, 21.91827], [-100.00257, 21.9187], [-100.00197, 21.91864]]]}}, {"id": "1866628", "type": "Feature", "properties": {"id": "1866628", "CVEGEO": "2402400010559015", "POBTOT": 42.0, "score_nse": 58.812, "NSE": "C", "VIVTOT": 12.0, "GRAPROES": 7.42, "_ent": "24", "_mun": "024", "_loc": "0001"}, "geometry": {"type": "Polygon", "coordinates": [[[-100.0013, 21.9222], [-100.00011, 21.9218], [-100.00014, 21.92162], [-100.00135, 21.92185], [-100.0013, 21.9222]]]}}, {"id": "1866629", "type": "Feature", "properties": {"id": "1866629", "CVEGEO": "2402400010559016", "POBTOT": 284.0, "score_nse": 59.0556, "NSE": "C", "VIVTOT": 78.0, "GRAPROES": 8.48, "_ent": "24", "_mun": "024", "_loc": "0001"}, "geometry": {"type": "Polygon", "coordinates": [[[-99.9994, 21.91726], [-99.99931, 21.9179], [-99.99892, 21.91786], [-99.99902, 21.91719], [-99.99892, 21.91718], [-99.99871, 21.9188], [-99.9983, 21.91875], [-99.99849, 21.91678], [-99.99823, 21.91874], [-99.99789, 21.91854], [-99.99812, 21.91628], [-99.99988, 21.91719], [-99.99964, 21.91891], [-99.99927, 21.91885], [-99.9994, 21.91726]]]}}, {"id": "1866630", "type": "Feature", "properties": {"id": "1866630", "CVEGEO": "2402400010559017", "POBTOT": 53.0, "score_nse": 58.312, "NSE": "C", "VIVTOT": 15.0, "GRAPROES": 9.04, "_ent": "24", "_mun": "024", "_loc": "0001"}, "geometry": {"type": "Polygon", "coordinates": [[[-100.00211, 21.91711], [-100.00152, 21.91708], [-100.00159, 21.91645], [-100.00221, 21.91655], [-100.00211, 21.91711]]]}}, {"id": "1866631", "type": "Feature", "properties": {"id": "1866631", "CVEGEO": "2402400010559018", "POBTOT": 114.0, "score_nse": 62.3738, "NSE": "C", "VIVTOT": 37.0, "GRAPROES": 8.48, "_ent": "24", "_mun": "024", "_loc": "0001"}, "geometry": {"type": "Polygon", "coordinates": [[[-100.00281, 21.9172], [-100.00276, 21.91764], [-100.00216, 21.91757], [-100.0033, 21.91059], [-100.00663, 21.91092], [-100.00723, 21.91067], [-100.00765, 21.91071], [-100.00965, 21.91146], [-100.01024, 21.91118], [-100.01164, 21.9115], [-100.01221, 21.91121], [-100.01309, 21.91315], [-100.01484, 21.91424], [-100.01154, 21.91685], [-100.01011, 21.91641], [-100.00834, 21.91612], [-100.00487, 21.91647], [-100.00299, 21.91768], [-100.0028, 21.91765], [-100.00281, 21.9172]]]}}, {"id": "1866632", "type": "Feature", "properties": {"id": "1866632", "CVEGEO": "2402400010559019", "POBTOT": 71.0, "score_nse": 68.6872, "NSE": "C", "VIVTOT": 19.0, "GRAPROES": 7.96, "_ent": "24", "_mun": "024", "_loc": "0001"}, "geometry": {"type": "Polygon", "coordinates": [[[-100.00268, 21.91823], [-100.00304, 21.91803], [-100.00337, 21.91778], [-100.0032, 21.91877], [-100.00264, 21.9187], [-100.00268, 21.91823]]]}}, {"id": "1866633", "type": "Feature", "properties": {"id": "1866633", "CVEGEO": "2402400010559020", "POBTOT": 47.0, "score_nse": 61.4305, "NSE": "C", "VIVTOT": 16.0, "GRAPROES": 8.06, "_ent": "24", "_mun": "024", "_loc": "0001"}, "geometry": {"type": "Polygon", "coordinates": [[[-100.00117, 21.92242], [-100.00004, 21.92216], [-100.00011, 21.92186], [-100.0013, 21.92222], [-100.00117, 21.92242]]]}}, {"id": "1866634", "type": "Feature", "properties": {"id": "1866634", "CVEGEO": "2402400010559021", "POBTOT": 33.0, "score_nse": 63.9692, "NSE": "C", "VIVTOT": 13.0, "GRAPROES": 9.7, "_ent": "24", "_mun": "024", "_loc": "0001"}, "geometry": {"type": "Polygon", "coordinates": [[[-99.99995, 21.92213], [-99.9989, 21.92193], [-99.99897, 21.92168], [-100.00003, 21.92184], [-99.99995, 21.92213]]]}}, {"id": "1866635", "type": "Feature", "properties": {"id": "1866635", "CVEGEO": "2402400010559022", "POBTOT": 66.0, "score_nse": 47.2495, "NSE": "C-", "VIVTOT": 26.0, "GRAPROES": 8.67, "_ent": "24", "_mun": "024", "_loc": "0001"}, "geometry": {"type": "Polygon", "coordinates": [[[-99.99862, 21.92013], [-99.99875, 21.91886], [-99.99917, 21.91892], [-99.999, 21.92018], [-99.99862, 21.92013]]]}}, {"id": "1866636", "type": "Feature", "properties": {"id": "1866636", "CVEGEO": "2402400010559023", "POBTOT": 67.0, "score_nse": 0.0, "NSE": "ND", "VIVTOT": 17.0, "GRAPROES": 9.82, "_ent": "24", "_mun": "024", "_loc": "0001"}, "geometry": {"type": "Polygon", "coordinates": [[[-99.9975, 21.91815], [-99.99793, 21.91631], [-99.99807, 21.91632], [-99.99784, 21.91852], [-99.9975, 21.91815]]]}}, {"id": "1866637", "type": "Feature", "properties": {"id": "1866637", "CVEGEO": "2402400010559025", "POBTOT": 204.0, "score_nse": 54.3672, "NSE": "C-", "VIVTOT": 59.0, "GRAPROES": 8.88, "_ent": "24", "_mun": "024", "_loc": "0001"}, "geometry": {"type": "Polygon", "coordinates": [[[-99.99924, 21.91496], [-100.00107, 21.91556], [-100.00099, 21.91628], [-100.0005, 21.91621], [-100.00053, 21.91569], [-100.00044, 21.9162], [-99.99993, 21.91614], [-99.9998, 21.91541], [-99.99995, 21.91698], [-99.998, 21.91603], [-99.99919, 21.9152], [-99.99924, 21.91496]]]}}, {"id": "1866638", "type": "Feature", "properties": {"id": "1866638", "CVEGEO": "2402400010559026", "POBTOT": 45.0, "score_nse": 64.6567, "NSE": "C", "VIVTOT": 12.0, "GRAPROES": 9.37, "_ent": "24", "_mun": "024", "_loc": "0001"}, "geometry": {"type": "Polygon", "coordinates": [[[-100.00105, 21.91626], [-100.00113, 21.91556], [-100.00165, 21.91572], [-100.00156, 21.91635], [-100.00105, 21.91626]]]}}, {"id": "1866639", "type": "Feature", "properties": {"id": "1866639", "CVEGEO": "2402400010559027", "POBTOT": 71.0, "score_nse": 0.0, "NSE": "ND", "VIVTOT": 19.0, "GRAPROES": 8.5, "_ent": "24", "_mun": "024", "_loc": "0001"}, "geometry": {"type": "Polygon", "coordinates": [[[-100.00162, 21.91637], [-100.00172, 21.91574], [-100.00235, 21.91585], [-100.00223, 21.91648], [-100.00162, 21.91637]]]}}, {"id": "1866640", "type": "Feature", "properties": {"id": "1866640", "CVEGEO": "2402400010559028", "POBTOT": 123.0, "score_nse": 0.0, "NSE": "ND", "VIVTOT": 32.0, "GRAPROES": 7.53, "_ent": "24", "_mun": "024", "_loc": "0001"}, "geometry": {"type": "Polygon", "coordinates": [[[-100.00325, 21.91877], [-100.00344, 21.91775], [-100.00407, 21.91732], [-100.00385, 21.91884], [-100.00325, 21.91877]]]}}, {"id": "1866641", "type": "Feature", "properties": {"id": "1866641", "CVEGEO": "2402400010559030", "POBTOT": 139.0, "score_nse": 0.0, "NSE": "ND", "VIVTOT": 52.0, "GRAPROES": 9.24, "_ent": "24", "_mun": "024", "_loc": "0001"}, "geometry": {"type": "Polygon", "coordinates": [[[-100.00058, 21.92326], [-100.00071, 21.92278], [-100.00053, 21.92325], [-99.9998, 21.92305], [-100.00001, 21.92223], [-100.00125, 21.92252], [-100.00109, 21.9234], [-100.00058, 21.92326]]]}}, {"id": "1866642", "type": "Feature", "properties": {"id": "1866642", "CVEGEO": "2402400010559031", "POBTOT": 119.0, "score_nse": 53.436, "NSE": "C-", "VIVTOT": 45.0, "GRAPROES": 7.58, "_ent": "24", "_mun": "024", "_loc": "0001"}, "geometry": {"type": "Polygon", "coordinates": [[[-99.99884, 21.922], [-99.99993, 21.92223], [-99.99971, 21.92302], [-99.99928, 21.9229], [-99.99939, 21.92248], [-99.99923, 21.92289], [-99.99867, 21.92274], [-99.99884, 21.922]]]}}, {"id": "1866643", "type": "Feature", "properties": {"id": "1866643", "CVEGEO": "2402400010559032", "POBTOT": 16.0, "score_nse": 0.0, "NSE": "ND", "VIVTOT": 13.0, "GRAPROES": 8.64, "_ent": "24", "_mun": "024", "_loc": "0001"}, "geometry": {"type": "Polygon", "coordinates": [[[-99.99854, 21.92012], [-99.9983, 21.9201], [-99.99841, 21.91931], [-99.9983, 21.91881], [-99.99869, 21.91886], [-99.99854, 21.92012]]]}}, {"id": "1866644", "type": "Feature", "properties": {"id": "1866644", "CVEGEO": "2402400010559037", "POBTOT": 9.0, "score_nse": 0.0, "NSE": "ND", "VIVTOT": 3.0, "GRAPROES": 0.0, "_ent": "24", "_mun": "024", "_loc": "0001"}, "geometry": {"type": "Polygon", "coordinates": [[[-100.00294, 21.9236], [-100.0043, 21.92422], [-100.00466, 21.92419], [-100.00473, 21.9244], [-100.00501, 21.92558], [-100.00442, 21.92554], [-100.00415, 21.9266], [-100.00328, 21.92624], [-100.00126, 21.92497], [-100.00294, 21.9236]]]}}, {"id": "1866645", "type": "Feature", "properties": {"id": "1866645", "CVEGEO": "2402400010559038", "POBTOT": 83.0, "score_nse": 69.056, "NSE": "C", "VIVTOT": 30.0, "GRAPROES": 11.77, "_ent": "24", "_mun": "024", "_loc": "0001"}, "geometry": {"type": "Polygon", "coordinates": [[[-100.00087, 21.91538], [-100.00101, 21.91454], [-100.00128, 21.91457], [-100.00111, 21.91546], [-100.00087, 21.91538]]]}}, {"id": "1866646", "type": "Feature", "properties": {"id": "1866646", "CVEGEO": "2402400010559040", "POBTOT": 51.0, "score_nse": 74.3727, "NSE": "C+", "VIVTOT": 22.0, "GRAPROES": 13.9, "_ent": "24", "_mun": "024", "_loc": "0001"}, "geometry": {"type": "Polygon", "coordinates": [[[-99.99985, 21.91503], [-99.99993, 21.91445], [-100.00024, 21.91448], [-100.00012, 21.9151], [-99.99985, 21.91503]]]}}, {"id": "1866647", "type": "Feature", "properties": {"id": "1866647", "CVEGEO": "2402400010559041", "POBTOT": 59.0, "score_nse": 77.736, "NSE": "C+", "VIVTOT": 19.0, "GRAPROES": 12.49, "_ent": "24", "_mun": "024", "_loc": "0001"}, "geometry": {"type": "Polygon", "coordinates": [[[-99.99945, 21.91491], [-99.99953, 21.91442], [-99.99981, 21.91445], [-99.99972, 21.91496], [-99.99945, 21.91491]]]}}, {"id": "1866648", "type": "Feature", "properties": {"id": "1866648", "CVEGEO": "2402400010559042", "POBTOT": 62.0, "score_nse": 0.0, "NSE": "ND", "VIVTOT": 17.0, "GRAPROES": 8.96, "_ent": "24", "_mun": "024", "_loc": "0001"}, "geometry": {"type": "Polygon", "coordinates": [[[-100.00158, 21.91915], [-100.00114, 21.91911], [-100.00129, 21.91797], [-100.00172, 21.91819], [-100.00158, 21.91915]]]}}, {"id": "1866649", "type": "Feature", "properties": {"id": "1866649", "CVEGEO": "2402400010559043", "POBTOT": 92.0, "score_nse": 0.0, "NSE": "ND", "VIVTOT": 22.0, "GRAPROES": 8.89, "_ent": "24", "_mun": "024", "_loc": "0001"}, "geometry": {"type": "Polygon", "coordinates": [[[-100.00103, 21.9191], [-100.00068, 21.91906], [-100.00081, 21.91771], [-100.00125, 21.91795], [-100.00103, 21.9191]]]}}, {"id": "1866650", "type": "Feature", "properties": {"id": "1866650", "CVEGEO": "2402400010559044", "POBTOT": 72.0, "score_nse": 60.0904, "NSE": "C", "VIVTOT": 27.0, "GRAPROES": 9.58, "_ent": "24", "_mun": "024", "_loc": "0001"}, "geometry": {"type": "Polygon", "coordinates": [[[-100.00022, 21.919], [-100.00035, 21.91789], [-100.0004, 21.9175], [-100.00076, 21.91769], [-100.00063, 21.91905], [-100.00022, 21.919]]]}}, {"id": "1866651", "type": "Feature", "properties": {"id": "1866651", "CVEGEO": "2402400010559045", "POBTOT": 64.0, "score_nse": 67.8074, "NSE": "C", "VIVTOT": 28.0, "GRAPROES": 12.58, "_ent": "24", "_mun": "024", "_loc": "0001"}, "geometry": {"type": "Polygon", "coordinates": [[[-100.00023, 21.91516], [-100.00031, 21.91448], [-100.00062, 21.91451], [-100.00049, 21.91521], [-100.00023, 21.91516]]]}}, {"id": "1866652", "type": "Feature", "properties": {"id": "1866652", "CVEGEO": "2402400010559046", "POBTOT": 109.0, "score_nse": 65.8237, "NSE": "C", "VIVTOT": 37.0, "GRAPROES": 11.3, "_ent": "24", "_mun": "024", "_loc": "0001"}, "geometry": {"type": "Polygon", "coordinates": [[[-100.00151, 21.91478], [-100.00174, 21.91481], [-100.00172, 21.91493], [-100.00147, 21.9149], [-100.00138, 21.91526], [-100.00171, 21.91532], [-100.00167, 21.91563], [-100.00118, 21.91548], [-100.0014, 21.91434], [-100.00159, 21.91437], [-100.00151, 21.91478]]]}}, {"id": "1866653", "type": "Feature", "properties": {"id": "1866653", "CVEGEO": "2402400010559047", "POBTOT": 155.0, "score_nse": 52.6258, "NSE": "C-", "VIVTOT": 64.0, "GRAPROES": 9.94, "_ent": "24", "_mun": "024", "_loc": "0001"}, "geometry": {"type": "Polygon", "coordinates": [[[-99.99912, 21.91514], [-99.99791, 21.916], [-99.99663, 21.9159], [-99.9971, 21.91468], [-99.998, 21.91362], [-99.99834, 21.91242], [-100.00107, 21.9127], [-100.00136, 21.91246], [-100.00163, 21.91157], [-100.00316, 21.91059], [-100.00306, 21.91126], [-100.00259, 21.9112], [-100.00305, 21.91132], [-100.00297, 21.91184], [-100.00222, 21.91182], [-100.00296, 21.91191], [-100.00279, 21.91292], [-100.00192, 21.91281], [-100.00188, 21.91248], [-100.00172, 21.91263], [-100.00191, 21.91287], [-100.00278, 21.91298], [-100.00236, 21.91575], [-100.00174, 21.91567], [-100.00182, 21.9144], [-99.99928, 21.91414], [-99.99912, 21.91514]]]}}, {"id": "1866654", "type": "Feature", "properties": {"id": "1866654", "CVEGEO": "2402400010559048", "POBTOT": 35.0, "score_nse": 68.8607, "NSE": "C", "VIVTOT": 12.0, "GRAPROES": 12.5, "_ent": "24", "_mun": "024", "_loc": "0001"}, "geometry": {"type": "Polygon", "coordinates": [[[-99.99933, 21.91415], [-99.99945, 21.91416], [-99.99936, 21.91483], [-99.99923, 21.91483], [-99.99933, 21.91415]]]}}, {"id": "1866655", "type": "Feature", "properties": {"id": "1866655", "CVEGEO": "2402400010559049", "POBTOT": 4.0, "score_nse": 0.0, "NSE": "ND", "VIVTOT": 3.0, "GRAPROES": 0.0, "_ent": "24", "_mun": "024", "_loc": "0001"}, "geometry": {"type": "Polygon", "coordinates": [[[-100.00768, 21.92001], [-100.00767, 21.92023], [-100.00801, 21.92025], [-100.00796, 21.92058], [-100.00686, 21.92053], [-100.00768, 21.92001]]]}}, {"id": "1866656", "type": "Feature", "properties": {"id": "1866656", "CVEGEO": "2402400010559050", "POBTOT": 107.0, "score_nse": 0.0, "NSE": "ND", "VIVTOT": 24.0, "GRAPROES": 9.23, "_ent": "24", "_mun": "024", "_loc": "0001"}, "geometry": {"type": "Polygon", "coordinates": [[[-100.00133, 21.91774], [-99.99998, 21.917], [-99.99992, 21.91624], [-100.00097, 21.91636], [-100.00094, 21.91675], [-100.00104, 21.91637], [-100.00152, 21.91645], [-100.00133, 21.91774]]]}}, {"id": "1866657", "type": "Feature", "properties": {"id": "1866657", "CVEGEO": "2402400010559051", "POBTOT": 0.0, "score_nse": 0.0, "NSE": "ND", "VIVTOT": 0.0, "GRAPROES": 0.0, "_ent": "24", "_mun": "024", "_loc": "0001"}, "geometry": {"type": "Polygon", "coordinates": [[[-99.99909, 21.91882], [-99.99881, 21.9188], [-99.99891, 21.91792], [-99.9993, 21.91797], [-99.99909, 21.91882]]]}}, {"id": "1866658", "type": "Feature", "properties": {"id": "1866658", "CVEGEO": "2402400010559052", "POBTOT": 0.0, "score_nse": 0.0, "NSE": "ND", "VIVTOT": 0.0, "GRAPROES": 0.0, "_ent": "24", "_mun": "024", "_loc": "0001"}, "geometry": {"type": "Polygon", "coordinates": [[[-100.00067, 21.91458], [-100.00092, 21.9146], [-100.00078, 21.91528], [-100.00055, 21.91521], [-100.00067, 21.91458]]]}}, {"id": "1866659", "type": "Feature", "properties": {"id": "1866659", "CVEGEO": "2402400010559053", "POBTOT": 0.0, "score_nse": 0.0, "NSE": "ND", "VIVTOT": 0.0, "GRAPROES": 0.0, "_ent": "24", "_mun": "024", "_loc": "0001"}, "geometry": {"type": "Polygon", "coordinates": [[[-100.00141, 21.92228], [-100.00228, 21.92329], [-100.0029, 21.92357], [-100.00128, 21.92486], [-100.00102, 21.92471], [-100.00141, 21.92228]]]}}, {"id": "1866660", "type": "Feature", "properties": {"id": "1866660", "CVEGEO": "2402400010582001", "POBTOT": 71.0, "score_nse": 67.4028, "NSE": "C", "VIVTOT": 32.0, "GRAPROES": 11.66, "_ent": "24", "_mun": "024", "_loc": "0001"}, "geometry": {"type": "Polygon", "coordinates": [[[-99.98414, 21.91621], [-99.98474, 21.91548], [-99.98494, 21.91565], [-99.98437, 21.91632], [-99.98414, 21.91621]]]}}, {"id": "1866661", "type": "Feature", "properties": {"id": "1866661", "CVEGEO": "2402400010582002", "POBTOT": 62.0, "score_nse": 80.8251, "NSE": "C+", "VIVTOT": 14.0, "GRAPROES": 11.62, "_ent": "24", "_mun": "024", "_loc": "0001"}, "geometry": {"type": "Polygon", "coordinates": [[[-99.98418, 21.91586], [-99.98404, 21.91577], [-99.98414, 21.91548], [-99.98443, 21.91573], [-99.98401, 21.91615], [-99.98418, 21.91586]]]}}, {"id": "1866662", "type": "Feature", "properties": {"id": "1866662", "CVEGEO": "2402400010582003", "POBTOT": 52.0, "score_nse": 68.1895, "NSE": "C", "VIVTOT": 16.0, "GRAPROES": 10.32, "_ent": "24", "_mun": "024", "_loc": "0001"}, "geometry": {"type": "Polygon", "coordinates": [[[-99.98449, 21.91565], [-99.98417, 21.91541], [-99.98464, 21.91426], [-99.985, 21.91457], [-99.9849, 21.91472], [-99.98509, 21.91493], [-99.98449, 21.91565]]]}}, {"id": "1866663", "type": "Feature", "properties": {"id": "1866663", "CVEGEO": "2402400010582004", "POBTOT": 65.0, "score_nse": 71.516, "NSE": "C+", "VIVTOT": 20.0, "GRAPROES": 11.13, "_ent": "24", "_mun": "024", "_loc": "0001"}, "geometry": {"type": "Polygon", "coordinates": [[[-99.98503, 21.9156], [-99.98479, 21.91543], [-99.98518, 21.915], [-99.98542, 21.91517], [-99.98503, 21.9156]]]}}, {"id": "1866664", "type": "Feature", "properties": {"id": "1866664", "CVEGEO": "2402400010582006", "POBTOT": 37.0, "score_nse": 75.146, "NSE": "C+", "VIVTOT": 12.0, "GRAPROES": 11.62, "_ent": "24", "_mun": "024", "_loc": "0001"}, "geometry": {"type": "Polygon", "coordinates": [[[-99.98342, 21.91623], [-99.98371, 21.91607], [-99.98429, 21.91638], [-99.98416, 21.91659], [-99.98342, 21.91623]]]}}, {"id": "1866665", "type": "Feature", "properties": {"id": "1866665", "CVEGEO": "2402400010582007", "POBTOT": 269.0, "score_nse": 0.0, "NSE": "ND", "VIVTOT": 92.0, "GRAPROES": 11.3, "_ent": "24", "_mun": "024", "_loc": "0001"}, "geometry": {"type": "Polygon", "coordinates": [[[-99.98391, 21.91605], [-99.9836, 21.91595], [-99.98382, 21.91525], [-99.98373, 21.9152], [-99.98333, 21.91622], [-99.98308, 21.91608], [-99.98339, 21.91518], [-99.98336, 21.91461], [-99.98419, 21.91452], [-99.98445, 21.91378], [-99.98523, 21.91366], [-99.9854, 21.91389], [-99.98457, 21.91408], [-99.98391, 21.91605]]]}}, {"id": "1866666", "type": "Feature", "properties": {"id": "1866666", "CVEGEO": "2402400010582009", "POBTOT": 43.0, "score_nse": 69.8572, "NSE": "C", "VIVTOT": 13.0, "GRAPROES": 11.76, "_ent": "24", "_mun": "024", "_loc": "0001"}, "geometry": {"type": "Polygon", "coordinates": [[[-99.98472, 21.91425], [-99.98502, 21.91408], [-99.98523, 21.91429], [-99.98503, 21.91448], [-99.98472, 21.91425]]]}}, {"id": "1866667", "type": "Feature", "properties": {"id": "1866667", "CVEGEO": "2402400010582010", "POBTOT": 51.0, "score_nse": 65.3722, "NSE": "C", "VIVTOT": 17.0, "GRAPROES": 11.12, "_ent": "24", "_mun": "024", "_loc": "0001"}, "geometry": {"type": "Polygon", "coordinates": [[[-99.98496, 21.91472], [-99.98528, 21.91434], [-99.98546, 21.91455], [-99.98516, 21.91487], [-99.98496, 21.91472]]]}}, {"id": "1866668", "type": "Feature", "properties": {"id": "1866668", "CVEGEO": "2402400010582012", "POBTOT": 36.0, "score_nse": 71.6811, "NSE": "C+", "VIVTOT": 11.0, "GRAPROES": 11.04, "_ent": "24", "_mun": "024", "_loc": "0001"}, "geometry": {"type": "Polygon", "coordinates": [[[-99.98518, 21.91698], [-99.98551, 21.91636], [-99.98569, 21.91647], [-99.9853, 21.91704], [-99.98518, 21.91698]]]}}, {"id": "1866669", "type": "Feature", "properties": {"id": "1866669", "CVEGEO": "2402400010582013", "POBTOT": 55.0, "score_nse": 76.649, "NSE": "C+", "VIVTOT": 16.0, "GRAPROES": 12.2, "_ent": "24", "_mun": "024", "_loc": "0001"}, "geometry": {"type": "Polygon", "coordinates": [[[-99.98424, 21.91665], [-99.9844, 21.91641], [-99.98518, 21.91684], [-99.98502, 21.91713], [-99.98424, 21.91665]]]}}, {"id": "1866670", "type": "Feature", "properties": {"id": "1866670", "CVEGEO": "2402400010582014", "POBTOT": 149.0, "score_nse": 0.0, "NSE": "ND", "VIVTOT": 46.0, "GRAPROES": 11.84, "_ent": "24", "_mun": "024", "_loc": "0001"}, "geometry": {"type": "Polygon", "coordinates": [[[-99.98301, 21.91606], [-99.97943, 21.91448], [-99.97845, 21.91458], [-99.9767, 21.91536], [-99.97634, 21.91487], [-99.97577, 21.91447], [-99.976, 21.91272], [-99.97729, 21.91275], [-99.97714, 21.91329], [-99.97743, 21.91402], [-99.97668, 21.91435], [-99.97837, 21.91362], [-99.97904, 21.91356], [-99.98005, 21.91349], [-99.98115, 21.91388], [-99.98114, 21.9142], [-99.9812, 21.91388], [-99.98295, 21.91376], [-99.98286, 21.91495], [-99.98291, 21.91463], [-99.98329, 21.9146], [-99.98334, 21.9151], [-99.98301, 21.91606]]]}}, {"id": "1866671", "type": "Feature", "properties": {"id": "1866671", "CVEGEO": "2402400010582015", "POBTOT": 43.0, "score_nse": 65.4235, "NSE": "C", "VIVTOT": 16.0, "GRAPROES": 11.53, "_ent": "24", "_mun": "024", "_loc": "0001"}, "geometry": {"type": "Polygon", "coordinates": [[[-99.9851, 21.91404], [-99.98544, 21.91398], [-99.98572, 21.91428], [-99.9855, 21.91446], [-99.9851, 21.91404]]]}}, {"id": "1866672", "type": "Feature", "properties": {"id": "1866672", "CVEGEO": "2402400010582016", "POBTOT": 88.0, "score_nse": 72.9057, "NSE": "C+", "VIVTOT": 29.0, "GRAPROES": 10.76, "_ent": "24", "_mun": "024", "_loc": "0001"}, "geometry": {"type": "Polygon", "coordinates": [[[-99.98545, 21.91506], [-99.98526, 21.91499], [-99.98582, 21.91441], [-99.986, 21.91455], [-99.98545, 21.91506]]]}}, {"id": "1866673", "type": "Feature", "properties": {"id": "1866673", "CVEGEO": "2402400010582017", "POBTOT": 36.0, "score_nse": 63.107, "NSE": "C", "VIVTOT": 16.0, "GRAPROES": 11.52, "_ent": "24", "_mun": "024", "_loc": "0001"}, "geometry": {"type": "Polygon", "coordinates": [[[-99.98554, 21.91518], [-99.98603, 21.91462], [-99.98624, 21.91482], [-99.98577, 21.91537], [-99.98554, 21.91518]]]}}, {"id": "1866674", "type": "Feature", "properties": {"id": "1866674", "CVEGEO": "2402400010582019", "POBTOT": 68.0, "score_nse": 69.184, "NSE": "C", "VIVTOT": 25.0, "GRAPROES": 11.7, "_ent": "24", "_mun": "024", "_loc": "0001"}, "geometry": {"type": "Polygon", "coordinates": [[[-99.98579, 21.91423], [-99.98567, 21.91408], [-99.98529, 21.91363], [-99.98569, 21.9136], [-99.98602, 21.91403], [-99.98579, 21.91423]]]}}, {"id": "1866675", "type": "Feature", "properties": {"id": "1866675", "CVEGEO": "2402400010582020", "POBTOT": 96.0, "score_nse": 0.0, "NSE": "ND", "VIVTOT": 32.0, "GRAPROES": 10.94, "_ent": "24", "_mun": "024", "_loc": "0001"}, "geometry": {"type": "Polygon", "coordinates": [[[-99.98625, 21.91473], [-99.98584, 21.91429], [-99.98606, 21.91408], [-99.98647, 21.91453], [-99.98625, 21.91473]]]}}, {"id": "1866676", "type": "Feature", "properties": {"id": "1866676", "CVEGEO": "2402400010582022", "POBTOT": 93.0, "score_nse": 0.0, "NSE": "ND", "VIVTOT": 25.0, "GRAPROES": 10.93, "_ent": "24", "_mun": "024", "_loc": "0001"}, "geometry": {"type": "Polygon", "coordinates": [[[-99.9759, 21.91276], [-99.97573, 21.91342], [-99.9757, 21.91442], [-99.97483, 21.91265], [-99.9759, 21.91276]]]}}, {"id": "1866677", "type": "Feature", "properties": {"id": "1866677", "CVEGEO": "2402400010582023", "POBTOT": 117.0, "score_nse": 60.5514, "NSE": "C", "VIVTOT": 42.0, "GRAPROES": 10.7, "_ent": "24", "_mun": "024", "_loc": "0001"}, "geometry": {"type": "Polygon", "coordinates": [[[-99.98574, 21.91358], [-99.98615, 21.91355], [-99.98713, 21.91451], [-99.9869, 21.91485], [-99.98574, 21.91358]]]}}, {"id": "1866678", "type": "Feature", "properties": {"id": "1866678", "CVEGEO": "2402400010582026", "POBTOT": 20.0, "score_nse": 0.0, "NSE": "ND", "VIVTOT": 7.0, "GRAPROES": 8.54, "_ent": "24", "_mun": "024", "_loc": "0001"}, "geometry": {"type": "Polygon", "coordinates": [[[-99.99364, 21.92297], [-99.99095, 21.92287], [-99.99119, 21.92065], [-99.99346, 21.92127], [-99.99381, 21.92158], [-99.99364, 21.92297]]]}}, {"id": "1866679", "type": "Feature", "properties": {"id": "1866679", "CVEGEO": "2402400010582028", "POBTOT": 1.0, "score_nse": 0.0, "NSE": "ND", "VIVTOT": 1.0, "GRAPROES": 0.0, "_ent": "24", "_mun": "024", "_loc": "0001"}, "geometry": {"type": "Polygon", "coordinates": [[[-99.9889, 21.92267], [-99.98088, 21.92236], [-99.98025, 21.9215], [-99.98063, 21.92131], [-99.98105, 21.92132], [-99.9889, 21.92267]]]}}, {"id": "1866680", "type": "Feature", "properties": {"id": "1866680", "CVEGEO": "2402400010582030", "POBTOT": 47.0, "score_nse": 72.0793, "NSE": "C+", "VIVTOT": 11.0, "GRAPROES": 11.03, "_ent": "24", "_mun": "024", "_loc": "0001"}, "geometry": {"type": "Polygon", "coordinates": [[[-99.98336, 21.91455], [-99.98333, 21.91421], [-99.98408, 21.91414], [-99.98399, 21.91451], [-99.98336, 21.91455]]]}}, {"id": "1866681", "type": "Feature", "properties": {"id": "1866681", "CVEGEO": "2402400010582031", "POBTOT": 20.0, "score_nse": 94.0013, "NSE": "A/B", "VIVTOT": 6.0, "GRAPROES": 15.75, "_ent": "24", "_mun": "024", "_loc": "0001"}, "geometry": {"type": "Polygon", "coordinates": [[[-99.98292, 21.9146], [-99.98291, 21.91424], [-99.98326, 21.91422], [-99.98329, 21.91456], [-99.98292, 21.9146]]]}}, {"id": "1866682", "type": "Feature", "properties": {"id": "1866682", "CVEGEO": "2402400010582032", "POBTOT": 41.0, "score_nse": 69.53, "NSE": "C", "VIVTOT": 20.0, "GRAPROES": 13.82, "_ent": "24", "_mun": "024", "_loc": "0001"}, "geometry": {"type": "Polygon", "coordinates": [[[-99.98423, 21.91371], [-99.98411, 21.91408], [-99.98294, 21.91418], [-99.98299, 21.91382], [-99.98423, 21.91371]]]}}, {"id": "1866683", "type": "Feature", "properties": {"id": "1866683", "CVEGEO": "2402400010582033", "POBTOT": 127.0, "score_nse": 73.5133, "NSE": "C+", "VIVTOT": 43.0, "GRAPROES": 12.4, "_ent": "24", "_mun": "024", "_loc": "0001"}, "geometry": {"type": "Polygon", "coordinates": [[[-99.98123, 21.91832], [-99.9808, 21.91828], [-99.98081, 21.91805], [-99.98233, 21.9182], [-99.98229, 21.91841], [-99.98138, 21.91833], [-99.98153, 21.9184], [-99.98148, 21.91926], [-99.98069, 21.91945], [-99.98061, 21.91917], [-99.98119, 21.91905], [-99.98123, 21.91832]]]}}, {"id": "1866684", "type": "Feature", "properties": {"id": "1866684", "CVEGEO": "2402400010582034", "POBTOT": 14.0, "score_nse": 0.0, "NSE": "ND", "VIVTOT": 4.0, "GRAPROES": 9.5, "_ent": "24", "_mun": "024", "_loc": "0001"}, "geometry": {"type": "Polygon", "coordinates": [[[-99.9799, 21.91957], [-99.97956, 21.919], [-99.98052, 21.91921], [-99.98057, 21.91943], [-99.9799, 21.91957]]]}}, {"id": "1866685", "type": "Feature", "properties": {"id": "1866685", "CVEGEO": "2402400010582035", "POBTOT": 27.0, "score_nse": 65.9511, "NSE": "C", "VIVTOT": 13.0, "GRAPROES": 14.19, "_ent": "24", "_mun": "024", "_loc": "0001"}, "geometry": {"type": "Polygon", "coordinates": [[[-99.98109, 21.91897], [-99.98077, 21.91905], [-99.98078, 21.91835], [-99.98113, 21.91838], [-99.98109, 21.91897]]]}}, {"id": "1866686", "type": "Feature", "properties": {"id": "1866686", "CVEGEO": "2402400010582036", "POBTOT": 99.0, "score_nse": 76.1572, "NSE": "C+", "VIVTOT": 32.0, "GRAPROES": 12.45, "_ent": "24", "_mun": "024", "_loc": "0001"}, "geometry": {"type": "Polygon", "coordinates": [[[-99.98157, 21.91924], [-99.98162, 21.91842], [-99.98194, 21.91846], [-99.98191, 21.91916], [-99.98157, 21.91924]]]}}, {"id": "1866687", "type": "Feature", "properties": {"id": "1866687", "CVEGEO": "2402400010582037", "POBTOT": 25.0, "score_nse": 81.3777, "NSE": "C+", "VIVTOT": 7.0, "GRAPROES": 14.38, "_ent": "24", "_mun": "024", "_loc": "0001"}, "geometry": {"type": "Polygon", "coordinates": [[[-99.98259, 21.91896], [-99.98196, 21.91915], [-99.98199, 21.91846], [-99.98236, 21.9185], [-99.98259, 21.91896]]]}}, {"id": "1866688", "type": "Feature", "properties": {"id": "1866688", "CVEGEO": "2402400010582038", "POBTOT": 63.0, "score_nse": 81.3387, "NSE": "C+", "VIVTOT": 24.0, "GRAPROES": 14.75, "_ent": "24", "_mun": "024", "_loc": "0001"}, "geometry": {"type": "Polygon", "coordinates": [[[-99.9808, 21.91805], [-99.98069, 21.91908], [-99.97943, 21.91896], [-99.97982, 21.9196], [-99.97928, 21.91986], [-99.97838, 21.91838], [-99.98047, 21.919], [-99.98056, 21.91812], [-99.9808, 21.91805]]]}}, {"id": "1866689", "type": "Feature", "properties": {"id": "1866689", "CVEGEO": "2402400010582039", "POBTOT": 122.0, "score_nse": 73.5816, "NSE": "C+", "VIVTOT": 49.0, "GRAPROES": 13.55, "_ent": "24", "_mun": "024", "_loc": "0001"}, "geometry": {"type": "Polygon", "coordinates": [[[-99.98255, 21.91833], [-99.9829, 21.91914], [-99.9794, 21.92006], [-99.97933, 21.91994], [-99.97964, 21.91972], [-99.98273, 21.91899], [-99.98246, 21.91843], [-99.98255, 21.91833]]]}}, {"id": "1866690", "type": "Feature", "properties": {"id": "1866690", "CVEGEO": "2402400010582040", "POBTOT": 7.0, "score_nse": 0.0, "NSE": "ND", "VIVTOT": 3.0, "GRAPROES": 0.0, "_ent": "24", "_mun": "024", "_loc": "0001"}, "geometry": {"type": "Polygon", "coordinates": [[[-99.98669, 21.91521], [-99.98633, 21.91482], [-99.98655, 21.91463], [-99.98686, 21.91496], [-99.98669, 21.91521]]]}}, {"id": "1866691", "type": "Feature", "properties": {"id": "1866691", "CVEGEO": "2402400010582041", "POBTOT": 0.0, "score_nse": 0.0, "NSE": "ND", "VIVTOT": 0.0, "GRAPROES": 0.0, "_ent": "24", "_mun": "024", "_loc": "0001"}, "geometry": {"type": "Polygon", "coordinates": [[[-99.98638, 21.91576], [-99.98586, 21.91542], [-99.98625, 21.91494], [-99.98663, 21.91528], [-99.98638, 21.91576]]]}}, {"id": "1866692", "type": "Feature", "properties": {"id": "1866692", "CVEGEO": "2402400010597001", "POBTOT": 134.0, "score_nse": 0.0, "NSE": "ND", "VIVTOT": 41.0, "GRAPROES": 9.55, "_ent": "24", "_mun": "024", "_loc": "0001"}, "geometry": {"type": "Polygon", "coordinates": [[[-99.98348, 21.91028], [-99.98207, 21.90976], [-99.98234, 21.909], [-99.98389, 21.90924], [-99.98348, 21.91028]]]}}, {"id": "1866693", "type": "Feature", "properties": {"id": "1866693", "CVEGEO": "2402400010597002", "POBTOT": 256.0, "score_nse": 0.0, "NSE": "ND", "VIVTOT": 71.0, "GRAPROES": 8.76, "_ent": "24", "_mun": "024", "_loc": "0001"}, "geometry": {"type": "Polygon", "coordinates": [[[-99.97828, 21.90842], [-99.97976, 21.90864], [-99.98226, 21.90898], [-99.98182, 21.91008], [-99.9783, 21.90889], [-99.97828, 21.90842]]]}}, {"id": "1866694", "type": "Feature", "properties": {"id": "1866694", "CVEGEO": "2402400010597003", "POBTOT": 182.0, "score_nse": 49.8625, "NSE": "C-", "VIVTOT": 65.0, "GRAPROES": 8.59, "_ent": "24", "_mun": "024", "_loc": "0001"}, "geometry": {"type": "Polygon", "coordinates": [[[-99.98064, 21.90866], [-99.97908, 21.90846], [-99.97817, 21.90834], [-99.97845, 21.90763], [-99.98014, 21.90716], [-99.98064, 21.90866]]]}}, {"id": "1866695", "type": "Feature", "properties": {"id": "1866695", "CVEGEO": "2402400010597004", "POBTOT": 38.0, "score_nse": 66.4418, "NSE": "C", "VIVTOT": 11.0, "GRAPROES": 9.82, "_ent": "24", "_mun": "024", "_loc": "0001"}, "geometry": {"type": "Polygon", "coordinates": [[[-99.98074, 21.90865], [-99.98029, 21.90711], [-99.98188, 21.90666], [-99.98231, 21.90815], [-99.98228, 21.90883], [-99.98074, 21.90865]]]}}, {"id": "1866696", "type": "Feature", "properties": {"id": "1866696", "CVEGEO": "2402400010597005", "POBTOT": 64.0, "score_nse": 47.3785, "NSE": "C-", "VIVTOT": 26.0, "GRAPROES": 8.31, "_ent": "24", "_mun": "024", "_loc": "0001"}, "geometry": {"type": "Polygon", "coordinates": [[[-99.98254, 21.90861], [-99.98198, 21.90664], [-99.98336, 21.9062], [-99.98402, 21.90811], [-99.98254, 21.90861]]]}}, {"id": "1866697", "type": "Feature", "properties": {"id": "1866697", "CVEGEO": "2402400010597006", "POBTOT": 123.0, "score_nse": 58.0554, "NSE": "C", "VIVTOT": 35.0, "GRAPROES": 9.92, "_ent": "24", "_mun": "024", "_loc": "0001"}, "geometry": {"type": "Polygon", "coordinates": [[[-99.98397, 21.90865], [-99.98391, 21.90825], [-99.98413, 21.90818], [-99.98446, 21.9092], [-99.98246, 21.90888], [-99.98251, 21.90875], [-99.98385, 21.90827], [-99.98397, 21.90865]]]}}, {"id": "1866698", "type": "Feature", "properties": {"id": "1866698", "CVEGEO": "2402400010597007", "POBTOT": 43.0, "score_nse": 46.0724, "NSE": "C-", "VIVTOT": 22.0, "GRAPROES": 9.13, "_ent": "24", "_mun": "024", "_loc": "0001"}, "geometry": {"type": "Polygon", "coordinates": [[[-99.98357, 21.91029], [-99.98398, 21.90926], [-99.98446, 21.90935], [-99.98504, 21.91082], [-99.98357, 21.91029]]]}}, {"id": "1866699", "type": "Feature", "properties": {"id": "1866699", "CVEGEO": "2402400010597008", "POBTOT": 244.0, "score_nse": 59.2321, "NSE": "C", "VIVTOT": 77.0, "GRAPROES": 9.85, "_ent": "24", "_mun": "024", "_loc": "0001"}, "geometry": {"type": "Polygon", "coordinates": [[[-99.98313, 21.91144], [-99.98351, 21.91038], [-99.98501, 21.9109], [-99.98563, 21.91257], [-99.98502, 21.91213], [-99.98313, 21.91144]]]}}, {"id": "1866700", "type": "Feature", "properties": {"id": "1866700", "CVEGEO": "2402400010597009", "POBTOT": 115.0, "score_nse": 54.0812, "NSE": "C-", "VIVTOT": 43.0, "GRAPROES": 8.78, "_ent": "24", "_mun": "024", "_loc": "0001"}, "geometry": {"type": "Polygon", "coordinates": [[[-99.98298, 21.91136], [-99.98164, 21.91067], [-99.98204, 21.90985], [-99.98341, 21.91036], [-99.98298, 21.91136]]]}}, {"id": "1866701", "type": "Feature", "properties": {"id": "1866701", "CVEGEO": "2402400010597010", "POBTOT": 198.0, "score_nse": 0.0, "NSE": "ND", "VIVTOT": 56.0, "GRAPROES": 9.01, "_ent": "24", "_mun": "024", "_loc": "0001"}, "geometry": {"type": "Polygon", "coordinates": [[[-99.97829, 21.90893], [-99.97931, 21.90924], [-99.98178, 21.91015], [-99.98155, 21.91066], [-99.98136, 21.91059], [-99.97837, 21.90954], [-99.97829, 21.90893]]]}}, {"id": "1866702", "type": "Feature", "properties": {"id": "1866702", "CVEGEO": "2402400010597011", "POBTOT": 23.0, "score_nse": 65.903, "NSE": "C", "VIVTOT": 8.0, "GRAPROES": 10.28, "_ent": "24", "_mun": "024", "_loc": "0001"}, "geometry": {"type": "Polygon", "coordinates": [[[-99.97716, 21.9091], [-99.97744, 21.90829], [-99.97822, 21.90841], [-99.97822, 21.90952], [-99.97716, 21.9091]]]}}, {"id": "1866703", "type": "Feature", "properties": {"id": "1866703", "CVEGEO": "2402400010597012", "POBTOT": 408.0, "score_nse": 0.0, "NSE": "ND", "VIVTOT": 132.0, "GRAPROES": 9.52, "_ent": "24", "_mun": "024", "_loc": "0001"}, "geometry": {"type": "Polygon", "coordinates": [[[-99.98612, 21.91346], [-99.98124, 21.91381], [-99.97979, 21.91344], [-99.97835, 21.91359], [-99.97754, 21.914], [-99.97721, 21.91331], [-99.97738, 21.91278], [-99.98076, 21.91291], [-99.98133, 21.91184], [-99.98158, 21.91081], [-99.98229, 21.91117], [-99.98191, 21.91268], [-99.98124, 21.91273], [-99.98307, 21.91277], [-99.98197, 21.91269], [-99.98236, 21.9112], [-99.9838, 21.91183], [-99.98363, 21.91244], [-99.98294, 21.91239], [-99.98362, 21.91251], [-99.98354, 21.91292], [-99.98364, 21.91269], [-99.98426, 21.91278], [-99.98365, 21.91264], [-99.98384, 21.91186], [-99.98466, 21.91211], [-99.98552, 21.91261], [-99.98612, 21.91346]]]}}, {"id": "1866704", "type": "Feature", "properties": {"id": "1866704", "CVEGEO": "2402400010597013", "POBTOT": 94.0, "score_nse": 0.0, "NSE": "ND", "VIVTOT": 39.0, "GRAPROES": 9.04, "_ent": "24", "_mun": "024", "_loc": "0001"}, "geometry": {"type": "Polygon", "coordinates": [[[-99.98131, 21.91142], [-99.97989, 21.91139], [-99.97832, 21.91185], [-99.97828, 21.90961], [-99.98154, 21.91078], [-99.98131, 21.91142]]]}}, {"id": "1866705", "type": "Feature", "properties": {"id": "1866705", "CVEGEO": "2402400010597014", "POBTOT": 112.0, "score_nse": 58.2284, "NSE": "C", "VIVTOT": 38.0, "GRAPROES": 9.88, "_ent": "24", "_mun": "024", "_loc": "0001"}, "geometry": {"type": "Polygon", "coordinates": [[[-99.97631, 21.91171], [-99.97715, 21.90918], [-99.97822, 21.90959], [-99.97825, 21.91184], [-99.97631, 21.91171]]]}}, {"id": "1866706", "type": "Feature", "properties": {"id": "1866706", "CVEGEO": "2402400010597015", "POBTOT": 95.0, "score_nse": 53.5719, "NSE": "C-", "VIVTOT": 31.0, "GRAPROES": 9.37, "_ent": "24", "_mun": "024", "_loc": "0001"}, "geometry": {"type": "Polygon", "coordinates": [[[-99.98005, 21.90702], [-99.97958, 21.90568], [-99.98054, 21.90542], [-99.98101, 21.90674], [-99.98005, 21.90702]]]}}, {"id": "1866707", "type": "Feature", "properties": {"id": "1866707", "CVEGEO": "2402400010597016", "POBTOT": 66.0, "score_nse": 0.0, "NSE": "ND", "VIVTOT": 25.0, "GRAPROES": 8.02, "_ent": "24", "_mun": "024", "_loc": "0001"}, "geometry": {"type": "Polygon", "coordinates": [[[-99.98134, 21.90665], [-99.9809, 21.90534], [-99.98185, 21.90507], [-99.98229, 21.90638], [-99.98134, 21.90665]]]}}, {"id": "1866708", "type": "Feature", "properties": {"id": "1866708", "CVEGEO": "2402400010597017", "POBTOT": 94.0, "score_nse": 57.2292, "NSE": "C", "VIVTOT": 32.0, "GRAPROES": 8.92, "_ent": "24", "_mun": "024", "_loc": "0001"}, "geometry": {"type": "Polygon", "coordinates": [[[-99.98238, 21.90635], [-99.98193, 21.90504], [-99.98288, 21.90479], [-99.98335, 21.90606], [-99.98238, 21.90635]]]}}, {"id": "1866709", "type": "Feature", "properties": {"id": "1866709", "CVEGEO": "2402400010597018", "POBTOT": 63.0, "score_nse": 60.876, "NSE": "C", "VIVTOT": 25.0, "GRAPROES": 10.11, "_ent": "24", "_mun": "024", "_loc": "0001"}, "geometry": {"type": "Polygon", "coordinates": [[[-99.98605, 21.91062], [-99.9853, 21.91065], [-99.98491, 21.90946], [-99.98656, 21.90967], [-99.98781, 21.91036], [-99.98805, 21.91164], [-99.98686, 21.91035], [-99.98639, 21.91091], [-99.98605, 21.91062]]]}}, {"id": "1866710", "type": "Feature", "properties": {"id": "1866710", "CVEGEO": "2402400010597019", "POBTOT": 92.0, "score_nse": 0.0, "NSE": "ND", "VIVTOT": 30.0, "GRAPROES": 10.03, "_ent": "24", "_mun": "024", "_loc": "0001"}, "geometry": {"type": "Polygon", "coordinates": [[[-99.98805, 21.91176], [-99.98752, 21.91218], [-99.98641, 21.911], [-99.98686, 21.9105], [-99.98805, 21.91176]]]}}, {"id": "1866711", "type": "Feature", "properties": {"id": "1866711", "CVEGEO": "2402400010597020", "POBTOT": 131.0, "score_nse": 72.96, "NSE": "C+", "VIVTOT": 50.0, "GRAPROES": 12.79, "_ent": "24", "_mun": "024", "_loc": "0001"}, "geometry": {"type": "Polygon", "coordinates": [[[-99.98614, 21.91193], [-99.98682, 21.91266], [-99.98634, 21.91315], [-99.9859, 21.91247], [-99.9853, 21.91074], [-99.98601, 21.91069], [-99.98744, 21.91224], [-99.9869, 21.9126], [-99.98614, 21.91193]]]}}, {"id": "1866712", "type": "Feature", "properties": {"id": "1866712", "CVEGEO": "2402400010597022", "POBTOT": 11.0, "score_nse": 0.0, "NSE": "ND", "VIVTOT": 6.0, "GRAPROES": 9.25, "_ent": "24", "_mun": "024", "_loc": "0001"}, "geometry": {"type": "Polygon", "coordinates": [[[-99.98077, 21.91282], [-99.97831, 21.91274], [-99.97832, 21.9119], [-99.97994, 21.91144], [-99.98135, 21.91147], [-99.98077, 21.91282]]]}}, {"id": "1866713", "type": "Feature", "properties": {"id": "1866713", "CVEGEO": "2402400010597023", "POBTOT": 113.0, "score_nse": 76.2168, "NSE": "C+", "VIVTOT": 31.0, "GRAPROES": 11.34, "_ent": "24", "_mun": "024", "_loc": "0001"}, "geometry": {"type": "Polygon", "coordinates": [[[-99.97816, 21.91272], [-99.97752, 21.91269], [-99.97753, 21.91255], [-99.9777, 21.91255], [-99.97754, 21.91251], [-99.97735, 21.91251], [-99.97748, 21.91268], [-99.97653, 21.91264], [-99.97655, 21.91229], [-99.97615, 21.91224], [-99.97629, 21.91177], [-99.97825, 21.91189], [-99.97816, 21.91272]]]}}, {"id": "1866714", "type": "Feature", "properties": {"id": "1866714", "CVEGEO": "2402400010597024", "POBTOT": 0.0, "score_nse": 0.0, "NSE": "ND", "VIVTOT": 0.0, "GRAPROES": 0.0, "_ent": "24", "_mun": "024", "_loc": "0001"}, "geometry": {"type": "Polygon", "coordinates": [[[-99.97599, 21.91263], [-99.97613, 21.91227], [-99.97651, 21.91231], [-99.97648, 21.91265], [-99.97599, 21.91263]]]}}, {"id": "1866715", "type": "Feature", "properties": {"id": "1866715", "CVEGEO": "2402400010597025", "POBTOT": 152.0, "score_nse": 49.3245, "NSE": "C-", "VIVTOT": 49.0, "GRAPROES": 7.81, "_ent": "24", "_mun": "024", "_loc": "0001"}, "geometry": {"type": "Polygon", "coordinates": [[[-99.98179, 21.90491], [-99.98087, 21.90519], [-99.97989, 21.90245], [-99.98078, 21.9018], [-99.98171, 21.90464], [-99.9814, 21.90478], [-99.98173, 21.9047], [-99.98179, 21.90491]]]}}, {"id": "1866716", "type": "Feature", "properties": {"id": "1866716", "CVEGEO": "2402400010597026", "POBTOT": 94.0, "score_nse": 0.0, "NSE": "ND", "VIVTOT": 42.0, "GRAPROES": 9.63, "_ent": "24", "_mun": "024", "_loc": "0001"}, "geometry": {"type": "Polygon", "coordinates": [[[-99.98127, 21.90291], [-99.9809, 21.90169], [-99.98181, 21.90102], [-99.98232, 21.90283], [-99.98127, 21.90291]]]}}, {"id": "1866717", "type": "Feature", "properties": {"id": "1866717", "CVEGEO": "2402400010597027", "POBTOT": 77.0, "score_nse": 0.0, "NSE": "ND", "VIVTOT": 33.0, "GRAPROES": 9.78, "_ent": "24", "_mun": "024", "_loc": "0001"}, "geometry": {"type": "Polygon", "coordinates": [[[-99.98231, 21.9029], [-99.98283, 21.90462], [-99.98187, 21.90489], [-99.98131, 21.903], [-99.98231, 21.9029]]]}}, {"id": "1866718", "type": "Feature", "properties": {"id": "1866718", "CVEGEO": "2402400010597028", "POBTOT": 75.0, "score_nse": 62.6283, "NSE": "C", "VIVTOT": 26.0, "GRAPROES": 9.15, "_ent": "24", "_mun": "024", "_loc": "0001"}, "geometry": {"type": "Polygon", "coordinates": [[[-99.98812, 21.91168], [-99.98795, 21.91069], [-99.98824, 21.91062], [-99.98844, 21.91167], [-99.98881, 21.91212], [-99.98909, 21.91211], [-99.9892, 21.91251], [-99.98949, 21.91275], [-99.98924, 21.91293], [-99.98812, 21.91168]]]}}, {"id": "1866719", "type": "Feature", "properties": {"id": "1866719", "CVEGEO": "2402400010597029", "POBTOT": 91.0, "score_nse": 62.7544, "NSE": "C", "VIVTOT": 27.0, "GRAPROES": 10.45, "_ent": "24", "_mun": "024", "_loc": "0001"}, "geometry": {"type": "Polygon", "coordinates": [[[-99.98758, 21.91223], [-99.98812, 21.9118], [-99.98916, 21.91296], [-99.98863, 21.91333], [-99.98758, 21.91223]]]}}, {"id": "1866720", "type": "Feature", "properties": {"id": "1866720", "CVEGEO": "2402400010597030", "POBTOT": 44.0, "score_nse": 67.3785, "NSE": "C", "VIVTOT": 19.0, "GRAPROES": 12.76, "_ent": "24", "_mun": "024", "_loc": "0001"}, "geometry": {"type": "Polygon", "coordinates": [[[-99.98794, 21.91368], [-99.98708, 21.91282], [-99.98708, 21.91266], [-99.98753, 21.91229], [-99.98856, 21.91337], [-99.98794, 21.91368]]]}}, {"id": "1866721", "type": "Feature", "properties": {"id": "1866721", "CVEGEO": "2402400010597031", "POBTOT": 26.0, "score_nse": 58.5857, "NSE": "C", "VIVTOT": 14.0, "GRAPROES": 11.05, "_ent": "24", "_mun": "024", "_loc": "0001"}, "geometry": {"type": "Polygon", "coordinates": [[[-99.98787, 21.91375], [-99.98729, 21.91411], [-99.98639, 21.91318], [-99.98682, 21.91282], [-99.98704, 21.91284], [-99.98787, 21.91375]]]}}, {"id": "1866722", "type": "Feature", "properties": {"id": "1866722", "CVEGEO": "2402400010597032", "POBTOT": 64.0, "score_nse": 0.0, "NSE": "ND", "VIVTOT": 31.0, "GRAPROES": 7.93, "_ent": "24", "_mun": "024", "_loc": "0001"}, "geometry": {"type": "Polygon", "coordinates": [[[-99.98094, 21.89834], [-99.98177, 21.90093], [-99.97923, 21.9028], [-99.97812, 21.89867], [-99.98094, 21.89834]]]}}, {"id": "1866723", "type": "Feature", "properties": {"id": "1866723", "CVEGEO": "2402400010597033", "POBTOT": 17.0, "score_nse": 0.0, "NSE": "ND", "VIVTOT": 7.0, "GRAPROES": 7.92, "_ent": "24", "_mun": "024", "_loc": "0001"}, "geometry": {"type": "Polygon", "coordinates": [[[-99.9822, 21.8932], [-99.98208, 21.89423], [-99.98093, 21.89422], [-99.98045, 21.89499], [-99.9802, 21.89509], [-99.97986, 21.894], [-99.98008, 21.89291], [-99.9822, 21.8932]]]}}, {"id": "1866724", "type": "Feature", "properties": {"id": "1866724", "CVEGEO": "2402400010597034", "POBTOT": 24.0, "score_nse": 0.0, "NSE": "ND", "VIVTOT": 14.0, "GRAPROES": 7.19, "_ent": "24", "_mun": "024", "_loc": "0001"}, "geometry": {"type": "Polygon", "coordinates": [[[-99.98432, 21.90765], [-99.98484, 21.90761], [-99.98468, 21.9084], [-99.98495, 21.90936], [-99.9848, 21.90934], [-99.98432, 21.90765]]]}}, {"id": "1866725", "type": "Feature", "properties": {"id": "1866725", "CVEGEO": "2402400010597035", "POBTOT": 158.0, "score_nse": 52.2553, "NSE": "C-", "VIVTOT": 56.0, "GRAPROES": 9.41, "_ent": "24", "_mun": "024", "_loc": "0001"}, "geometry": {"type": "Polygon", "coordinates": [[[-99.97958, 21.90553], [-99.97883, 21.90319], [-99.97959, 21.90262], [-99.98052, 21.90525], [-99.97958, 21.90553]]]}}, {"id": "1866726", "type": "Feature", "properties": {"id": "1866726", "CVEGEO": "2402400010597036", "POBTOT": 8.0, "score_nse": 0.0, "NSE": "ND", "VIVTOT": 2.0, "GRAPROES": 0.0, "_ent": "24", "_mun": "024", "_loc": "0001"}, "geometry": {"type": "Polygon", "coordinates": [[[-99.98227, 21.89714], [-99.98259, 21.898], [-99.98132, 21.8984], [-99.98103, 21.89749], [-99.98227, 21.89714]]]}}, {"id": "1866727", "type": "Feature", "properties": {"id": "1866727", "CVEGEO": "2402400010597037", "POBTOT": 10.0, "score_nse": 0.0, "NSE": "ND", "VIVTOT": 10.0, "GRAPROES": 10.88, "_ent": "24", "_mun": "024", "_loc": "0001"}, "geometry": {"type": "Polygon", "coordinates": [[[-99.97961, 21.89277], [-99.97929, 21.89173], [-99.97978, 21.8916], [-99.97985, 21.89176], [-99.98096, 21.89145], [-99.98108, 21.89181], [-99.98103, 21.89144], [-99.98184, 21.89122], [-99.98154, 21.89304], [-99.97961, 21.89277]]]}}, {"id": "1866728", "type": "Feature", "properties": {"id": "1866728", "CVEGEO": "2402400010597038", "POBTOT": 59.0, "score_nse": 57.3147, "NSE": "C", "VIVTOT": 18.0, "GRAPROES": 8.86, "_ent": "24", "_mun": "024", "_loc": "0001"}, "geometry": {"type": "Polygon", "coordinates": [[[-99.97911, 21.90286], [-99.97867, 21.90316], [-99.97816, 21.90167], [-99.97875, 21.90157], [-99.97911, 21.90286]]]}}, {"id": "1866729", "type": "Feature", "properties": {"id": "1866729", "CVEGEO": "2402400010597039", "POBTOT": 26.0, "score_nse": 0.0, "NSE": "ND", "VIVTOT": 7.0, "GRAPROES": 9.5, "_ent": "24", "_mun": "024", "_loc": "0001"}, "geometry": {"type": "Polygon", "coordinates": [[[-99.97813, 21.9016], [-99.97785, 21.90071], [-99.97842, 21.90062], [-99.97865, 21.90147], [-99.97813, 21.9016]]]}}, {"id": "1866730", "type": "Feature", "properties": {"id": "1866730", "CVEGEO": "2402400010597042", "POBTOT": 54.0, "score_nse": 0.0, "NSE": "ND", "VIVTOT": 18.0, "GRAPROES": 10.05, "_ent": "24", "_mun": "024", "_loc": "0001"}, "geometry": {"type": "Polygon", "coordinates": [[[-99.98099, 21.89741], [-99.98024, 21.89515], [-99.98055, 21.89498], [-99.98102, 21.8943], [-99.98261, 21.89429], [-99.98259, 21.89461], [-99.98156, 21.89461], [-99.98075, 21.89498], [-99.98167, 21.89558], [-99.98223, 21.89706], [-99.98099, 21.89741]]]}}, {"id": "1866731", "type": "Feature", "properties": {"id": "1866731", "CVEGEO": "2402400010597043", "POBTOT": 22.0, "score_nse": 0.0, "NSE": "ND", "VIVTOT": 10.0, "GRAPROES": 7.77, "_ent": "24", "_mun": "024", "_loc": "0001"}, "geometry": {"type": "Polygon", "coordinates": [[[-99.98286, 21.89328], [-99.98277, 21.89413], [-99.98214, 21.89422], [-99.98228, 21.8932], [-99.98286, 21.89328]]]}}, {"id": "1866732", "type": "Feature", "properties": {"id": "1866732", "CVEGEO": "2402400010597044", "POBTOT": 18.0, "score_nse": 52.3364, "NSE": "C-", "VIVTOT": 11.0, "GRAPROES": 11.75, "_ent": "24", "_mun": "024", "_loc": "0001"}, "geometry": {"type": "Polygon", "coordinates": [[[-99.98337, 21.89976], [-99.98199, 21.90074], [-99.98133, 21.89845], [-99.98263, 21.89806], [-99.98337, 21.89976]]]}}, {"id": "1866733", "type": "Feature", "properties": {"id": "1866733", "CVEGEO": "2402400010597045", "POBTOT": 13.0, "score_nse": 0.0, "NSE": "ND", "VIVTOT": 3.0, "GRAPROES": 0.0, "_ent": "24", "_mun": "024", "_loc": "0001"}, "geometry": {"type": "Polygon", "coordinates": [[[-99.98486, 21.90758], [-99.98431, 21.90762], [-99.98408, 21.90689], [-99.98501, 21.907], [-99.98486, 21.90758]]]}}, {"id": "1866734", "type": "Feature", "properties": {"id": "1866734", "CVEGEO": "2402400010597046", "POBTOT": 30.0, "score_nse": 0.0, "NSE": "ND", "VIVTOT": 13.0, "GRAPROES": 7.06, "_ent": "24", "_mun": "024", "_loc": "0001"}, "geometry": {"type": "Polygon", "coordinates": [[[-99.98031, 21.89649], [-99.98091, 21.89826], [-99.97797, 21.89862], [-99.97754, 21.89686], [-99.98031, 21.89649]]]}}, {"id": "1866735", "type": "Feature", "properties": {"id": "1866735", "CVEGEO": "240240001060A001", "POBTOT": 168.0, "score_nse": 49.1692, "NSE": "C-", "VIVTOT": 48.0, "GRAPROES": 8.04, "_ent": "24", "_mun": "024", "_loc": "0001"}, "geometry": {"type": "Polygon", "coordinates": [[[-99.9734, 21.90963], [-99.9721, 21.90968], [-99.97205, 21.90795], [-99.97322, 21.90801], [-99.9734, 21.90963]]]}}, {"id": "1866736", "type": "Feature", "properties": {"id": "1866736", "CVEGEO": "240240001060A003", "POBTOT": 164.0, "score_nse": 51.3075, "NSE": "C-", "VIVTOT": 48.0, "GRAPROES": 7.61, "_ent": "24", "_mun": "024", "_loc": "0001"}, "geometry": {"type": "Polygon", "coordinates": [[[-99.97322, 21.90795], [-99.97094, 21.90781], [-99.96999, 21.90774], [-99.9702, 21.90742], [-99.97071, 21.9071], [-99.97296, 21.90716], [-99.97311, 21.9073], [-99.97322, 21.90795]]]}}, {"id": "1866737", "type": "Feature", "properties": {"id": "1866737", "CVEGEO": "240240001060A004", "POBTOT": 246.0, "score_nse": 0.0, "NSE": "ND", "VIVTOT": 82.0, "GRAPROES": 8.78, "_ent": "24", "_mun": "024", "_loc": "0001"}, "geometry": {"type": "Polygon", "coordinates": [[[-99.9733, 21.90793], [-99.97304, 21.90716], [-99.97371, 21.9072], [-99.97685, 21.90643], [-99.97658, 21.90731], [-99.97571, 21.90723], [-99.97656, 21.90738], [-99.97633, 21.90815], [-99.9733, 21.90793]]]}}, {"id": "1866738", "type": "Feature", "properties": {"id": "1866738", "CVEGEO": "240240001060A005", "POBTOT": 285.0, "score_nse": 0.0, "NSE": "ND", "VIVTOT": 82.0, "GRAPROES": 9.0, "_ent": "24", "_mun": "024", "_loc": "0001"}, "geometry": {"type": "Polygon", "coordinates": [[[-99.97579, 21.90957], [-99.97349, 21.90963], [-99.9733, 21.90804], [-99.9763, 21.90822], [-99.97579, 21.90957]]]}}, {"id": "1866739", "type": "Feature", "properties": {"id": "1866739", "CVEGEO": "240240001060A006", "POBTOT": 131.0, "score_nse": 51.4422, "NSE": "C-", "VIVTOT": 45.0, "GRAPROES": 8.0, "_ent": "24", "_mun": "024", "_loc": "0001"}, "geometry": {"type": "Polygon", "coordinates": [[[-99.97657, 21.91045], [-99.97378, 21.91055], [-99.97352, 21.90972], [-99.97693, 21.90959], [-99.97657, 21.91045]]]}}, {"id": "1866740", "type": "Feature", "properties": {"id": "1866740", "CVEGEO": "240240001060A007", "POBTOT": 103.0, "score_nse": 0.0, "NSE": "ND", "VIVTOT": 31.0, "GRAPROES": 8.48, "_ent": "24", "_mun": "024", "_loc": "0001"}, "geometry": {"type": "Polygon", "coordinates": [[[-99.97351, 21.91021], [-99.97208, 21.91008], [-99.97206, 21.90976], [-99.97343, 21.90971], [-99.97351, 21.91021]]]}}, {"id": "1866741", "type": "Feature", "properties": {"id": "1866741", "CVEGEO": "240240001060A008", "POBTOT": 93.0, "score_nse": 58.174, "NSE": "C", "VIVTOT": 20.0, "GRAPROES": 7.04, "_ent": "24", "_mun": "024", "_loc": "0001"}, "geometry": {"type": "Polygon", "coordinates": [[[-99.97202, 21.91007], [-99.96983, 21.90998], [-99.96983, 21.90964], [-99.97202, 21.90975], [-99.97202, 21.91007]]]}}, {"id": "1866742", "type": "Feature", "properties": {"id": "1866742", "CVEGEO": "240240001060A009", "POBTOT": 31.0, "score_nse": 0.0, "NSE": "ND", "VIVTOT": 7.0, "GRAPROES": 9.91, "_ent": "24", "_mun": "024", "_loc": "0001"}, "geometry": {"type": "Polygon", "coordinates": [[[-99.9696, 21.91107], [-99.96859, 21.91051], [-99.96816, 21.91001], [-99.96804, 21.90944], [-99.96719, 21.90879], [-99.96707, 21.90851], [-99.96834, 21.90915], [-99.96972, 21.90959], [-99.9696, 21.91107]]]}}, {"id": "1866743", "type": "Feature", "properties": {"id": "1866743", "CVEGEO": "240240001060A010", "POBTOT": 56.0, "score_nse": 0.0, "NSE": "ND", "VIVTOT": 15.0, "GRAPROES": 8.21, "_ent": "24", "_mun": "024", "_loc": "0001"}, "geometry": {"type": "Polygon", "coordinates": [[[-99.96971, 21.90947], [-99.96885, 21.90921], [-99.96899, 21.90775], [-99.96989, 21.90781], [-99.96971, 21.90947]]]}}, {"id": "1866744", "type": "Feature", "properties": {"id": "1866744", "CVEGEO": "240240001060A011", "POBTOT": 64.0, "score_nse": 0.0, "NSE": "ND", "VIVTOT": 15.0, "GRAPROES": 8.31, "_ent": "24", "_mun": "024", "_loc": "0001"}, "geometry": {"type": "Polygon", "coordinates": [[[-99.97033, 21.90673], [-99.97062, 21.90705], [-99.97012, 21.9074], [-99.96993, 21.90773], [-99.96899, 21.90767], [-99.96911, 21.90667], [-99.97033, 21.90673]]]}}, {"id": "1866745", "type": "Feature", "properties": {"id": "1866745", "CVEGEO": "240240001060A012", "POBTOT": 0.0, "score_nse": 0.0, "NSE": "ND", "VIVTOT": 0.0, "GRAPROES": 0.0, "_ent": "24", "_mun": "024", "_loc": "0001"}, "geometry": {"type": "Polygon", "coordinates": [[[-99.96819, 21.90565], [-99.96825, 21.90445], [-99.96927, 21.90453], [-99.96913, 21.9057], [-99.96819, 21.90565]]]}}, {"id": "1866746", "type": "Feature", "properties": {"id": "1866746", "CVEGEO": "240240001060A013", "POBTOT": 36.0, "score_nse": 0.0, "NSE": "ND", "VIVTOT": 17.0, "GRAPROES": 8.75, "_ent": "24", "_mun": "024", "_loc": "0001"}, "geometry": {"type": "Polygon", "coordinates": [[[-99.97298, 21.90627], [-99.97304, 21.90711], [-99.97214, 21.90653], [-99.97298, 21.90627]]]}}, {"id": "1866747", "type": "Feature", "properties": {"id": "1866747", "CVEGEO": "240240001060A014", "POBTOT": 141.0, "score_nse": 0.0, "NSE": "ND", "VIVTOT": 33.0, "GRAPROES": 8.6, "_ent": "24", "_mun": "024", "_loc": "0001"}, "geometry": {"type": "Polygon", "coordinates": [[[-99.97476, 21.90678], [-99.97373, 21.90711], [-99.97317, 21.90708], [-99.97307, 21.9062], [-99.97475, 21.90581], [-99.97476, 21.90678]]]}}, {"id": "1866748", "type": "Feature", "properties": {"id": "1866748", "CVEGEO": "240240001060A015", "POBTOT": 209.0, "score_nse": 56.2829, "NSE": "C", "VIVTOT": 55.0, "GRAPROES": 8.25, "_ent": "24", "_mun": "024", "_loc": "0001"}, "geometry": {"type": "Polygon", "coordinates": [[[-99.97481, 21.9058], [-99.97689, 21.90533], [-99.97692, 21.90623], [-99.97482, 21.90672], [-99.97481, 21.9058]]]}}, {"id": "1866749", "type": "Feature", "properties": {"id": "1866749", "CVEGEO": "240240001060A017", "POBTOT": 83.0, "score_nse": 57.0437, "NSE": "C", "VIVTOT": 24.0, "GRAPROES": 8.38, "_ent": "24", "_mun": "024", "_loc": "0001"}, "geometry": {"type": "Polygon", "coordinates": [[[-99.97672, 21.90724], [-99.97696, 21.90642], [-99.97812, 21.9061], [-99.97768, 21.90732], [-99.97672, 21.90724]]]}}, {"id": "1866750", "type": "Feature", "properties": {"id": "1866750", "CVEGEO": "240240001060A018", "POBTOT": 85.0, "score_nse": 62.5571, "NSE": "C", "VIVTOT": 21.0, "GRAPROES": 8.7, "_ent": "24", "_mun": "024", "_loc": "0001"}, "geometry": {"type": "Polygon", "coordinates": [[[-99.97736, 21.90822], [-99.9764, 21.90813], [-99.97666, 21.90735], [-99.97765, 21.90745], [-99.97736, 21.90822]]]}}, {"id": "1866751", "type": "Feature", "properties": {"id": "1866751", "CVEGEO": "240240001060A019", "POBTOT": 72.0, "score_nse": 51.8452, "NSE": "C-", "VIVTOT": 27.0, "GRAPROES": 8.55, "_ent": "24", "_mun": "024", "_loc": "0001"}, "geometry": {"type": "Polygon", "coordinates": [[[-99.97599, 21.90956], [-99.97637, 21.90822], [-99.97733, 21.90829], [-99.97714, 21.90889], [-99.97677, 21.90883], [-99.97713, 21.90895], [-99.97693, 21.90952], [-99.97599, 21.90956]]]}}, {"id": "1866752", "type": "Feature", "properties": {"id": "1866752", "CVEGEO": "240240001060A020", "POBTOT": 145.0, "score_nse": 58.092, "NSE": "C", "VIVTOT": 50.0, "GRAPROES": 9.03, "_ent": "24", "_mun": "024", "_loc": "0001"}, "geometry": {"type": "Polygon", "coordinates": [[[-99.97623, 21.91173], [-99.9745, 21.91193], [-99.97382, 21.91061], [-99.97661, 21.91054], [-99.97623, 21.91173]]]}}, {"id": "1866753", "type": "Feature", "properties": {"id": "1866753", "CVEGEO": "240240001060A022", "POBTOT": 84.0, "score_nse": 55.9436, "NSE": "C", "VIVTOT": 22.0, "GRAPROES": 8.38, "_ent": "24", "_mun": "024", "_loc": "0001"}, "geometry": {"type": "Polygon", "coordinates": [[[-99.96987, 21.91005], [-99.97067, 21.9101], [-99.97197, 21.91016], [-99.97136, 21.91106], [-99.97126, 21.9109], [-99.97087, 21.91121], [-99.97023, 21.9113], [-99.9697, 21.9111], [-99.96987, 21.91005]]]}}, {"id": "1866754", "type": "Feature", "properties": {"id": "1866754", "CVEGEO": "240240001060A023", "POBTOT": 83.0, "score_nse": 0.0, "NSE": "ND", "VIVTOT": 30.0, "GRAPROES": 7.75, "_ent": "24", "_mun": "024", "_loc": "0001"}, "geometry": {"type": "Polygon", "coordinates": [[[-99.97306, 21.90613], [-99.97293, 21.90524], [-99.97475, 21.90484], [-99.97476, 21.90575], [-99.97306, 21.90613]]]}}, {"id": "1866755", "type": "Feature", "properties": {"id": "1866755", "CVEGEO": "240240001060A024", "POBTOT": 96.0, "score_nse": 56.0743, "NSE": "C", "VIVTOT": 29.0, "GRAPROES": 8.62, "_ent": "24", "_mun": "024", "_loc": "0001"}, "geometry": {"type": "Polygon", "coordinates": [[[-99.97698, 21.9052], [-99.9768, 21.90424], [-99.97774, 21.90404], [-99.97788, 21.90499], [-99.97698, 21.9052]]]}}, {"id": "1866756", "type": "Feature", "properties": {"id": "1866756", "CVEGEO": "240240001060A025", "POBTOT": 205.0, "score_nse": 52.5323, "NSE": "C-", "VIVTOT": 59.0, "GRAPROES": 8.46, "_ent": "24", "_mun": "024", "_loc": "0001"}, "geometry": {"type": "Polygon", "coordinates": [[[-99.97821, 21.90591], [-99.97782, 21.90385], [-99.97876, 21.90321], [-99.97947, 21.90557], [-99.97821, 21.90591]]]}}, {"id": "1866757", "type": "Feature", "properties": {"id": "1866757", "CVEGEO": "240240001060A026", "POBTOT": 153.0, "score_nse": 0.0, "NSE": "ND", "VIVTOT": 37.0, "GRAPROES": 8.65, "_ent": "24", "_mun": "024", "_loc": "0001"}, "geometry": {"type": "Polygon", "coordinates": [[[-99.97838, 21.90749], [-99.97805, 21.90833], [-99.97747, 21.90821], [-99.97822, 21.90608], [-99.97844, 21.906], [-99.97891, 21.90732], [-99.97838, 21.90749]]]}}, {"id": "1866758", "type": "Feature", "properties": {"id": "1866758", "CVEGEO": "240240001060A027", "POBTOT": 49.0, "score_nse": 68.3177, "NSE": "C", "VIVTOT": 21.0, "GRAPROES": 13.17, "_ent": "24", "_mun": "024", "_loc": "0001"}, "geometry": {"type": "Polygon", "coordinates": [[[-99.97592, 21.91264], [-99.97481, 21.9126], [-99.97453, 21.91199], [-99.97622, 21.91181], [-99.97609, 21.91221], [-99.97583, 21.91221], [-99.97606, 21.91227], [-99.97592, 21.91264]]]}}, {"id": "1866759", "type": "Feature", "properties": {"id": "1866759", "CVEGEO": "240240001060A028", "POBTOT": 0.0, "score_nse": 0.0, "NSE": "ND", "VIVTOT": 0.0, "GRAPROES": 0.0, "_ent": "24", "_mun": "024", "_loc": "0001"}, "geometry": {"type": "Polygon", "coordinates": [[[-99.97649, 21.90323], [-99.97756, 21.90302], [-99.97773, 21.90394], [-99.97676, 21.90416], [-99.97649, 21.90323]]]}}, {"id": "1866760", "type": "Feature", "properties": {"id": "1866760", "CVEGEO": "240240001060A029", "POBTOT": 141.0, "score_nse": 48.1093, "NSE": "C-", "VIVTOT": 48.0, "GRAPROES": 8.15, "_ent": "24", "_mun": "024", "_loc": "0001"}, "geometry": {"type": "Polygon", "coordinates": [[[-99.97901, 21.90732], [-99.97854, 21.90597], [-99.97948, 21.90569], [-99.97995, 21.90706], [-99.97901, 21.90732]]]}}, {"id": "1866761", "type": "Feature", "properties": {"id": "1866761", "CVEGEO": "240240001060A031", "POBTOT": 116.0, "score_nse": 0.0, "NSE": "ND", "VIVTOT": 24.0, "GRAPROES": 7.22, "_ent": "24", "_mun": "024", "_loc": "0001"}, "geometry": {"type": "Polygon", "coordinates": [[[-99.97202, 21.90891], [-99.9699, 21.90869], [-99.96997, 21.90781], [-99.97199, 21.90795], [-99.97202, 21.90891]]]}}, {"id": "1866762", "type": "Feature", "properties": {"id": "1866762", "CVEGEO": "240240001060A032", "POBTOT": 50.0, "score_nse": 0.0, "NSE": "ND", "VIVTOT": 12.0, "GRAPROES": 9.39, "_ent": "24", "_mun": "024", "_loc": "0001"}, "geometry": {"type": "Polygon", "coordinates": [[[-99.97186, 21.90558], [-99.97192, 21.90601], [-99.97197, 21.90644], [-99.97104, 21.90577], [-99.97186, 21.90558]]]}}, {"id": "1866763", "type": "Feature", "properties": {"id": "1866763", "CVEGEO": "240240001060A033", "POBTOT": 23.0, "score_nse": 0.0, "NSE": "ND", "VIVTOT": 8.0, "GRAPROES": 9.63, "_ent": "24", "_mun": "024", "_loc": "0001"}, "geometry": {"type": "Polygon", "coordinates": [[[-99.96889, 21.90764], [-99.96791, 21.90757], [-99.96801, 21.90666], [-99.96899, 21.90669], [-99.96889, 21.90764]]]}}, {"id": "1866764", "type": "Feature", "properties": {"id": "1866764", "CVEGEO": "240240001060A034", "POBTOT": 17.0, "score_nse": 0.0, "NSE": "ND", "VIVTOT": 8.0, "GRAPROES": 3.17, "_ent": "24", "_mun": "024", "_loc": "0001"}, "geometry": {"type": "Polygon", "coordinates": [[[-99.96869, 21.90916], [-99.96773, 21.90874], [-99.96788, 21.90768], [-99.96881, 21.90773], [-99.96869, 21.90916]]]}}, {"id": "1866765", "type": "Feature", "properties": {"id": "1866765", "CVEGEO": "240240001060A035", "POBTOT": 46.0, "score_nse": 53.9047, "NSE": "C-", "VIVTOT": 12.0, "GRAPROES": 8.83, "_ent": "24", "_mun": "024", "_loc": "0001"}, "geometry": {"type": "Polygon", "coordinates": [[[-99.96765, 21.90871], [-99.96657, 21.9082], [-99.96676, 21.9076], [-99.96777, 21.90768], [-99.96765, 21.90871]]]}}, {"id": "1866766", "type": "Feature", "properties": {"id": "1866766", "CVEGEO": "240240001060A036", "POBTOT": 50.0, "score_nse": 0.0, "NSE": "ND", "VIVTOT": 13.0, "GRAPROES": 6.03, "_ent": "24", "_mun": "024", "_loc": "0001"}, "geometry": {"type": "Polygon", "coordinates": [[[-99.9668, 21.90752], [-99.96687, 21.90663], [-99.96792, 21.90668], [-99.96779, 21.90756], [-99.9668, 21.90752]]]}}, {"id": "1866767", "type": "Feature", "properties": {"id": "1866767", "CVEGEO": "240240001060A040", "POBTOT": 49.0, "score_nse": 0.0, "NSE": "ND", "VIVTOT": 18.0, "GRAPROES": 8.21, "_ent": "24", "_mun": "024", "_loc": "0001"}, "geometry": {"type": "Polygon", "coordinates": [[[-99.97298, 21.90618], [-99.97207, 21.90648], [-99.9719, 21.90556], [-99.97282, 21.9053], [-99.97298, 21.90618]]]}}, {"id": "1866768", "type": "Feature", "properties": {"id": "1866768", "CVEGEO": "240240001060A041", "POBTOT": 104.0, "score_nse": 0.0, "NSE": "ND", "VIVTOT": 37.0, "GRAPROES": 8.36, "_ent": "24", "_mun": "024", "_loc": "0001"}, "geometry": {"type": "Polygon", "coordinates": [[[-99.96923, 21.90577], [-99.97108, 21.9059], [-99.97285, 21.90709], [-99.97067, 21.90704], [-99.97036, 21.90671], [-99.96911, 21.90664], [-99.96923, 21.90577]]]}}, {"id": "1866769", "type": "Feature", "properties": {"id": "1866769", "CVEGEO": "240240001060A042", "POBTOT": 18.0, "score_nse": 0.0, "NSE": "ND", "VIVTOT": 4.0, "GRAPROES": 10.92, "_ent": "24", "_mun": "024", "_loc": "0001"}, "geometry": {"type": "Polygon", "coordinates": [[[-99.96923, 21.90571], [-99.96937, 21.90453], [-99.97102, 21.90585], [-99.96923, 21.90571]]]}}, {"id": "1866770", "type": "Feature", "properties": {"id": "1866770", "CVEGEO": "2402400010614001", "POBTOT": 2.0, "score_nse": 0.0, "NSE": "ND", "VIVTOT": 1.0, "GRAPROES": 0.0, "_ent": "24", "_mun": "024", "_loc": "0001"}, "geometry": {"type": "Polygon", "coordinates": [[[-99.9729, 21.94769], [-99.97339, 21.94666], [-99.97437, 21.94694], [-99.97402, 21.94761], [-99.9729, 21.94769]]]}}, {"id": "1866771", "type": "Feature", "properties": {"id": "1866771", "CVEGEO": "2402400010614002", "POBTOT": 6.0, "score_nse": 0.0, "NSE": "ND", "VIVTOT": 2.0, "GRAPROES": 0.0, "_ent": "24", "_mun": "024", "_loc": "0001"}, "geometry": {"type": "Polygon", "coordinates": [[[-99.97257, 21.9464], [-99.97303, 21.94545], [-99.97373, 21.94577], [-99.97334, 21.94659], [-99.97257, 21.9464]]]}}, {"id": "1866772", "type": "Feature", "properties": {"id": "1866772", "CVEGEO": "2402400010614010", "POBTOT": 0.0, "score_nse": 10.0, "NSE": "E", "VIVTOT": 1.0, "GRAPROES": 0.0, "_ent": "24", "_mun": "024", "_loc": "0001"}, "geometry": {"type": "Polygon", "coordinates": [[[-99.97304, 21.94539], [-99.97342, 21.94454], [-99.97418, 21.94479], [-99.97378, 21.94567], [-99.97304, 21.94539]]]}}, {"id": "1866773", "type": "Feature", "properties": {"id": "1866773", "CVEGEO": "2402400010614011", "POBTOT": 32.0, "score_nse": 0.0, "NSE": "ND", "VIVTOT": 12.0, "GRAPROES": 7.73, "_ent": "24", "_mun": "024", "_loc": "0001"}, "geometry": {"type": "Polygon", "coordinates": [[[-99.97426, 21.94476], [-99.97505, 21.94293], [-99.97539, 21.94305], [-99.97498, 21.94498], [-99.97426, 21.94476]]]}}, {"id": "1866774", "type": "Feature", "properties": {"id": "1866774", "CVEGEO": "2402400010614013", "POBTOT": 30.0, "score_nse": 0.0, "NSE": "ND", "VIVTOT": 8.0, "GRAPROES": 7.71, "_ent": "24", "_mun": "024", "_loc": "0001"}, "geometry": {"type": "Polygon", "coordinates": [[[-99.97177, 21.94398], [-99.97215, 21.94313], [-99.97292, 21.94335], [-99.97253, 21.94424], [-99.97177, 21.94398]]]}}, {"id": "1866775", "type": "Feature", "properties": {"id": "1866775", "CVEGEO": "2402400010614014", "POBTOT": 24.0, "score_nse": 0.0, "NSE": "ND", "VIVTOT": 7.0, "GRAPROES": 7.39, "_ent": "24", "_mun": "024", "_loc": "0001"}, "geometry": {"type": "Polygon", "coordinates": [[[-99.97258, 21.94425], [-99.97297, 21.94337], [-99.97377, 21.94361], [-99.97339, 21.94449], [-99.97258, 21.94425]]]}}, {"id": "1866776", "type": "Feature", "properties": {"id": "1866776", "CVEGEO": "2402400010614015", "POBTOT": 34.0, "score_nse": 0.0, "NSE": "ND", "VIVTOT": 13.0, "GRAPROES": 7.27, "_ent": "24", "_mun": "024", "_loc": "0001"}, "geometry": {"type": "Polygon", "coordinates": [[[-99.97343, 21.9445], [-99.97381, 21.94362], [-99.9746, 21.94387], [-99.9742, 21.94475], [-99.97343, 21.9445]]]}}, {"id": "1866777", "type": "Feature", "properties": {"id": "1866777", "CVEGEO": "2402400010614017", "POBTOT": 38.0, "score_nse": 0.0, "NSE": "ND", "VIVTOT": 11.0, "GRAPROES": 9.63, "_ent": "24", "_mun": "024", "_loc": "0001"}, "geometry": {"type": "Polygon", "coordinates": [[[-99.97294, 21.94331], [-99.97217, 21.94309], [-99.97257, 21.94219], [-99.97336, 21.94242], [-99.97294, 21.94331]]]}}, {"id": "1866778", "type": "Feature", "properties": {"id": "1866778", "CVEGEO": "2402400010614018", "POBTOT": 48.0, "score_nse": 0.0, "NSE": "ND", "VIVTOT": 13.0, "GRAPROES": 7.77, "_ent": "24", "_mun": "024", "_loc": "0001"}, "geometry": {"type": "Polygon", "coordinates": [[[-99.97341, 21.94244], [-99.9742, 21.94267], [-99.97379, 21.94357], [-99.97299, 21.94332], [-99.97341, 21.94244]]]}}, {"id": "1866779", "type": "Feature", "properties": {"id": "1866779", "CVEGEO": "2402400010614019", "POBTOT": 44.0, "score_nse": 0.0, "NSE": "ND", "VIVTOT": 10.0, "GRAPROES": 7.21, "_ent": "24", "_mun": "024", "_loc": "0001"}, "geometry": {"type": "Polygon", "coordinates": [[[-99.97426, 21.94268], [-99.975, 21.94292], [-99.97461, 21.94384], [-99.97385, 21.94358], [-99.97426, 21.94268]]]}}, {"id": "1866780", "type": "Feature", "properties": {"id": "1866780", "CVEGEO": "2402400010614026", "POBTOT": 37.0, "score_nse": 0.0, "NSE": "ND", "VIVTOT": 11.0, "GRAPROES": 7.69, "_ent": "24", "_mun": "024", "_loc": "0001"}, "geometry": {"type": "Polygon", "coordinates": [[[-99.96964, 21.94609], [-99.97025, 21.9455], [-99.97068, 21.9459], [-99.97, 21.94643], [-99.96964, 21.94609]]]}}, {"id": "1866781", "type": "Feature", "properties": {"id": "1866781", "CVEGEO": "2402400010614027", "POBTOT": 34.0, "score_nse": 0.0, "NSE": "ND", "VIVTOT": 13.0, "GRAPROES": 8.87, "_ent": "24", "_mun": "024", "_loc": "0001"}, "geometry": {"type": "Polygon", "coordinates": [[[-99.96988, 21.94486], [-99.97049, 21.94441], [-99.97081, 21.94479], [-99.97022, 21.94531], [-99.96988, 21.94486]]]}}, {"id": "1866782", "type": "Feature", "properties": {"id": "1866782", "CVEGEO": "2402400010614028", "POBTOT": 15.0, "score_nse": 0.0, "NSE": "ND", "VIVTOT": 6.0, "GRAPROES": 8.67, "_ent": "24", "_mun": "024", "_loc": "0001"}, "geometry": {"type": "Polygon", "coordinates": [[[-99.97071, 21.94584], [-99.9703, 21.94543], [-99.97088, 21.94485], [-99.97117, 21.945], [-99.97071, 21.94584]]]}}, {"id": "1866783", "type": "Feature", "properties": {"id": "1866783", "CVEGEO": "2402400010614029", "POBTOT": 12.0, "score_nse": 0.0, "NSE": "ND", "VIVTOT": 2.0, "GRAPROES": 0.0, "_ent": "24", "_mun": "024", "_loc": "0001"}, "geometry": {"type": "Polygon", "coordinates": [[[-99.97121, 21.94492], [-99.97092, 21.94478], [-99.97142, 21.94447], [-99.97121, 21.94492]]]}}, {"id": "1866784", "type": "Feature", "properties": {"id": "1866784", "CVEGEO": "2402400010614030", "POBTOT": 17.0, "score_nse": 0.0, "NSE": "ND", "VIVTOT": 5.0, "GRAPROES": 10.55, "_ent": "24", "_mun": "024", "_loc": "0001"}, "geometry": {"type": "Polygon", "coordinates": [[[-99.97476, 21.94606], [-99.97436, 21.94688], [-99.97341, 21.94658], [-99.97381, 21.94574], [-99.97476, 21.94606]]]}}, {"id": "1866785", "type": "Feature", "properties": {"id": "1866785", "CVEGEO": "2402400010614032", "POBTOT": 0.0, "score_nse": 0.0, "NSE": "ND", "VIVTOT": 0.0, "GRAPROES": 0.0, "_ent": "24", "_mun": "024", "_loc": "0001"}, "geometry": {"type": "Polygon", "coordinates": [[[-99.97157, 21.94648], [-99.97175, 21.94613], [-99.97249, 21.94639], [-99.97233, 21.94673], [-99.97157, 21.94648]]]}}, {"id": "1866786", "type": "Feature", "properties": {"id": "1866786", "CVEGEO": "2402400010614033", "POBTOT": 42.0, "score_nse": 0.0, "NSE": "ND", "VIVTOT": 13.0, "GRAPROES": 7.62, "_ent": "24", "_mun": "024", "_loc": "0001"}, "geometry": {"type": "Polygon", "coordinates": [[[-99.97132, 21.94494], [-99.97177, 21.94404], [-99.97253, 21.94429], [-99.97212, 21.94521], [-99.97132, 21.94494]]]}}, {"id": "1866787", "type": "Feature", "properties": {"id": "1866787", "CVEGEO": "2402400010614034", "POBTOT": 14.0, "score_nse": 0.0, "NSE": "ND", "VIVTOT": 10.0, "GRAPROES": 9.1, "_ent": "24", "_mun": "024", "_loc": "0001"}, "geometry": {"type": "Polygon", "coordinates": [[[-99.97086, 21.94471], [-99.97038, 21.94413], [-99.97044, 21.94407], [-99.97145, 21.94431], [-99.97086, 21.94471]]]}}, {"id": "1866788", "type": "Feature", "properties": {"id": "1866788", "CVEGEO": "2402400010614035", "POBTOT": 15.0, "score_nse": 0.0, "NSE": "ND", "VIVTOT": 5.0, "GRAPROES": 7.17, "_ent": "24", "_mun": "024", "_loc": "0001"}, "geometry": {"type": "Polygon", "coordinates": [[[-99.96907, 21.94548], [-99.96976, 21.94495], [-99.97015, 21.9454], [-99.96953, 21.94597], [-99.96907, 21.94548]]]}}, {"id": "1866789", "type": "Feature", "properties": {"id": "1866789", "CVEGEO": "2402400010614036", "POBTOT": 31.0, "score_nse": 0.0, "NSE": "ND", "VIVTOT": 7.0, "GRAPROES": 8.0, "_ent": "24", "_mun": "024", "_loc": "0001"}, "geometry": {"type": "Polygon", "coordinates": [[[-99.97205, 21.9431], [-99.97145, 21.94296], [-99.97184, 21.94199], [-99.97244, 21.94217], [-99.97205, 21.9431]]]}}, {"id": "1866790", "type": "Feature", "properties": {"id": "1866790", "CVEGEO": "2402400010614037", "POBTOT": 17.0, "score_nse": 0.0, "NSE": "ND", "VIVTOT": 11.0, "GRAPROES": 11.64, "_ent": "24", "_mun": "024", "_loc": "0001"}, "geometry": {"type": "Polygon", "coordinates": [[[-99.97497, 21.94505], [-99.97479, 21.94601], [-99.97383, 21.94569], [-99.97424, 21.94481], [-99.97497, 21.94505]]]}}, {"id": "1866791", "type": "Feature", "properties": {"id": "1866791", "CVEGEO": "2402400010629001", "POBTOT": 119.0, "score_nse": 0.0, "NSE": "ND", "VIVTOT": 36.0, "GRAPROES": 8.11, "_ent": "24", "_mun": "024", "_loc": "0001"}, "geometry": {"type": "Polygon", "coordinates": [[[-100.00472, 21.90332], [-100.00463, 21.90369], [-100.00419, 21.90362], [-100.00467, 21.90132], [-100.00549, 21.90126], [-100.0056, 21.90142], [-100.00513, 21.90338], [-100.00472, 21.90332]]]}}, {"id": "1866792", "type": "Feature", "properties": {"id": "1866792", "CVEGEO": "2402400010629002", "POBTOT": 178.0, "score_nse": 0.0, "NSE": "ND", "VIVTOT": 43.0, "GRAPROES": 8.29, "_ent": "24", "_mun": "024", "_loc": "0001"}, "geometry": {"type": "Polygon", "coordinates": [[[-100.00359, 21.9035], [-100.00314, 21.90195], [-100.00261, 21.90073], [-100.00462, 21.90132], [-100.00414, 21.90361], [-100.00359, 21.9035]]]}}, {"id": "1866793", "type": "Feature", "properties": {"id": "1866793", "CVEGEO": "2402400010629003", "POBTOT": 10.0, "score_nse": 0.0, "NSE": "ND", "VIVTOT": 4.0, "GRAPROES": 0.0, "_ent": "24", "_mun": "024", "_loc": "0001"}, "geometry": {"type": "Polygon", "coordinates": [[[-100.00405, 21.90039], [-100.00399, 21.89916], [-100.00451, 21.89923], [-100.00458, 21.90039], [-100.00405, 21.90039]]]}}, {"id": "1866794", "type": "Feature", "properties": {"id": "1866794", "CVEGEO": "2402400010629004", "POBTOT": 204.0, "score_nse": 0.0, "NSE": "ND", "VIVTOT": 53.0, "GRAPROES": 7.77, "_ent": "24", "_mun": "024", "_loc": "0001"}, "geometry": {"type": "Polygon", "coordinates": [[[-100.00709, 21.89869], [-100.00655, 21.9018], [-100.00563, 21.90153], [-100.00623, 21.89837], [-100.00709, 21.89869]]]}}, {"id": "1866795", "type": "Feature", "properties": {"id": "1866795", "CVEGEO": "2402400010629005", "POBTOT": 87.0, "score_nse": 58.8361, "NSE": "C", "VIVTOT": 27.0, "GRAPROES": 8.57, "_ent": "24", "_mun": "024", "_loc": "0001"}, "geometry": {"type": "Polygon", "coordinates": [[[-100.00607, 21.90355], [-100.0052, 21.90338], [-100.00562, 21.90159], [-100.00652, 21.90185], [-100.00607, 21.90355]]]}}, {"id": "1866796", "type": "Feature", "properties": {"id": "1866796", "CVEGEO": "2402400010629006", "POBTOT": 24.0, "score_nse": 0.0, "NSE": "ND", "VIVTOT": 6.0, "GRAPROES": 8.47, "_ent": "24", "_mun": "024", "_loc": "0001"}, "geometry": {"type": "Polygon", "coordinates": [[[-100.0058, 21.90478], [-100.00493, 21.90468], [-100.00503, 21.90424], [-100.00533, 21.90428], [-100.00548, 21.90353], [-100.00608, 21.90364], [-100.0058, 21.90478]]]}}, {"id": "1866797", "type": "Feature", "properties": {"id": "1866797", "CVEGEO": "2402400010629007", "POBTOT": 0.0, "score_nse": 0.0, "NSE": "ND", "VIVTOT": 0.0, "GRAPROES": 0.0, "_ent": "24", "_mun": "024", "_loc": "0001"}, "geometry": {"type": "Polygon", "coordinates": [[[-100.00488, 21.90356], [-100.00536, 21.90364], [-100.00527, 21.90408], [-100.0048, 21.90399], [-100.00488, 21.90356]]]}}, {"id": "1866798", "type": "Feature", "properties": {"id": "1866798", "CVEGEO": "2402400010629009", "POBTOT": 0.0, "score_nse": 0.0, "NSE": "ND", "VIVTOT": 0.0, "GRAPROES": 0.0, "_ent": "24", "_mun": "024", "_loc": "0001"}, "geometry": {"type": "Polygon", "coordinates": [[[-100.00531, 21.90048], [-100.00543, 21.89981], [-100.00588, 21.89989], [-100.00576, 21.90056], [-100.00531, 21.90048]]]}}, {"id": "1866799", "type": "Feature", "properties": {"id": "1866799", "CVEGEO": "2402400010629011", "POBTOT": 65.0, "score_nse": 53.058, "NSE": "C-", "VIVTOT": 20.0, "GRAPROES": 8.72, "_ent": "24", "_mun": "024", "_loc": "0001"}, "geometry": {"type": "Polygon", "coordinates": [[[-100.00588, 21.90476], [-100.00657, 21.9019], [-100.00745, 21.90215], [-100.00926, 21.90219], [-100.00919, 21.90242], [-100.00826, 21.90261], [-100.00809, 21.90295], [-100.00778, 21.903], [-100.00774, 21.90268], [-100.00712, 21.90284], [-100.00616, 21.90483], [-100.00588, 21.90476]]]}}, {"id": "1866800", "type": "Feature", "properties": {"id": "1866800", "CVEGEO": "2402400010629012", "POBTOT": 27.0, "score_nse": 0.0, "NSE": "ND", "VIVTOT": 9.0, "GRAPROES": 7.25, "_ent": "24", "_mun": "024", "_loc": "0001"}, "geometry": {"type": "Polygon", "coordinates": [[[-100.00755, 21.90532], [-100.0085, 21.90549], [-100.00799, 21.90551], [-100.00731, 21.9058], [-100.00562, 21.90711], [-100.00562, 21.90675], [-100.00755, 21.90532]]]}}, {"id": "1866801", "type": "Feature", "properties": {"id": "1866801", "CVEGEO": "2402400010629013", "POBTOT": 34.0, "score_nse": 0.0, "NSE": "ND", "VIVTOT": 10.0, "GRAPROES": 8.44, "_ent": "24", "_mun": "024", "_loc": "0001"}, "geometry": {"type": "Polygon", "coordinates": [[[-100.00461, 21.90603], [-100.00492, 21.90472], [-100.00579, 21.90481], [-100.00551, 21.90598], [-100.00461, 21.90603]]]}}, {"id": "1866802", "type": "Feature", "properties": {"id": "1866802", "CVEGEO": "2402400010629014", "POBTOT": 122.0, "score_nse": 0.0, "NSE": "ND", "VIVTOT": 37.0, "GRAPROES": 8.66, "_ent": "24", "_mun": "024", "_loc": "0001"}, "geometry": {"type": "Polygon", "coordinates": [[[-100.00449, 21.90603], [-100.00372, 21.90609], [-100.00374, 21.90432], [-100.00354, 21.90355], [-100.00462, 21.90375], [-100.00456, 21.90416], [-100.00494, 21.90422], [-100.00449, 21.90603]]]}}, {"id": "1866803", "type": "Feature", "properties": {"id": "1866803", "CVEGEO": "2402400010629015", "POBTOT": 96.0, "score_nse": 0.0, "NSE": "ND", "VIVTOT": 28.0, "GRAPROES": 7.81, "_ent": "24", "_mun": "024", "_loc": "0001"}, "geometry": {"type": "Polygon", "coordinates": [[[-100.00369, 21.9044], [-100.00368, 21.90548], [-100.00315, 21.90545], [-100.00316, 21.90434], [-100.00296, 21.90352], [-100.00351, 21.90358], [-100.00369, 21.9044]]]}}, {"id": "1866804", "type": "Feature", "properties": {"id": "1866804", "CVEGEO": "2402400010629016", "POBTOT": 13.0, "score_nse": 0.0, "NSE": "ND", "VIVTOT": 6.0, "GRAPROES": 8.92, "_ent": "24", "_mun": "024", "_loc": "0001"}, "geometry": {"type": "Polygon", "coordinates": [[[-100.00618, 21.89843], [-100.00589, 21.8998], [-100.0054, 21.89971], [-100.00546, 21.89807], [-100.00618, 21.89843]]]}}, {"id": "1866805", "type": "Feature", "properties": {"id": "1866805", "CVEGEO": "2402400010629018", "POBTOT": 107.0, "score_nse": 0.0, "NSE": "ND", "VIVTOT": 37.0, "GRAPROES": 8.23, "_ent": "24", "_mun": "024", "_loc": "0001"}, "geometry": {"type": "Polygon", "coordinates": [[[-100.00372, 21.90723], [-100.00372, 21.90615], [-100.0043, 21.90612], [-100.00437, 21.90664], [-100.0045, 21.90658], [-100.00436, 21.90656], [-100.00433, 21.90611], [-100.00553, 21.90605], [-100.00555, 21.90714], [-100.00372, 21.90723]]]}}, {"id": "1866806", "type": "Feature", "properties": {"id": "1866806", "CVEGEO": "2402400010629019", "POBTOT": 68.0, "score_nse": 0.0, "NSE": "ND", "VIVTOT": 25.0, "GRAPROES": 7.76, "_ent": "24", "_mun": "024", "_loc": "0001"}, "geometry": {"type": "Polygon", "coordinates": [[[-100.00368, 21.90552], [-100.00366, 21.90724], [-100.00315, 21.90724], [-100.00316, 21.9055], [-100.00368, 21.90552]]]}}, {"id": "1866807", "type": "Feature", "properties": {"id": "1866807", "CVEGEO": "2402400010629020", "POBTOT": 136.0, "score_nse": 0.0, "NSE": "ND", "VIVTOT": 42.0, "GRAPROES": 6.99, "_ent": "24", "_mun": "024", "_loc": "0001"}, "geometry": {"type": "Polygon", "coordinates": [[[-100.00211, 21.89806], [-100.00202, 21.8992], [-100.00177, 21.89945], [-100.0016, 21.89873], [-100.00026, 21.89728], [-100.00102, 21.898], [-100.00166, 21.89806], [-100.00173, 21.89871], [-100.0017, 21.89806], [-100.00211, 21.89806]]]}}, {"id": "1866808", "type": "Feature", "properties": {"id": "1866808", "CVEGEO": "2402400010629022", "POBTOT": 22.0, "score_nse": 0.0, "NSE": "ND", "VIVTOT": 8.0, "GRAPROES": 5.47, "_ent": "24", "_mun": "024", "_loc": "0001"}, "geometry": {"type": "Polygon", "coordinates": [[[-100.00719, 21.89847], [-100.00632, 21.89814], [-100.00645, 21.89759], [-100.00739, 21.89792], [-100.00719, 21.89847]]]}}, {"id": "1866809", "type": "Feature", "properties": {"id": "1866809", "CVEGEO": "2402400010629023", "POBTOT": 5.0, "score_nse": 0.0, "NSE": "ND", "VIVTOT": 2.0, "GRAPROES": 0.0, "_ent": "24", "_mun": "024", "_loc": "0001"}, "geometry": {"type": "Polygon", "coordinates": [[[-100.00747, 21.89793], [-100.00781, 21.89809], [-100.00777, 21.89829], [-100.00787, 21.89811], [-100.00823, 21.89824], [-100.00815, 21.89867], [-100.00826, 21.89823], [-100.0087, 21.89825], [-100.00876, 21.89942], [-100.00834, 21.89956], [-100.00769, 21.8988], [-100.00792, 21.89871], [-100.00764, 21.89877], [-100.00726, 21.89854], [-100.00747, 21.89793]]]}}, {"id": "1866810", "type": "Feature", "properties": {"id": "1866810", "CVEGEO": "2402400010629024", "POBTOT": 166.0, "score_nse": 58.6354, "NSE": "C", "VIVTOT": 47.0, "GRAPROES": 8.33, "_ent": "24", "_mun": "024", "_loc": "0001"}, "geometry": {"type": "Polygon", "coordinates": [[[-100.00355, 21.90992], [-100.00379, 21.90869], [-100.00414, 21.90853], [-100.00429, 21.90869], [-100.00474, 21.90847], [-100.00433, 21.9086], [-100.00416, 21.90844], [-100.00378, 21.90862], [-100.00376, 21.90729], [-100.00546, 21.90724], [-100.00532, 21.90747], [-100.00541, 21.90785], [-100.00507, 21.90805], [-100.00541, 21.90788], [-100.00588, 21.90913], [-100.00483, 21.90925], [-100.00469, 21.90876], [-100.00478, 21.90926], [-100.00424, 21.90936], [-100.00355, 21.90992]]]}}, {"id": "1866811", "type": "Feature", "properties": {"id": "1866811", "CVEGEO": "2402400010629025", "POBTOT": 84.0, "score_nse": 0.0, "NSE": "ND", "VIVTOT": 31.0, "GRAPROES": 7.31, "_ent": "24", "_mun": "024", "_loc": "0001"}, "geometry": {"type": "Polygon", "coordinates": [[[-100.00192, 21.90917], [-100.0028, 21.90896], [-100.00236, 21.90768], [-100.00076, 21.90769], [-100.00075, 21.90739], [-100.00363, 21.90735], [-100.00371, 21.90806], [-100.00353, 21.90964], [-100.00274, 21.90958], [-100.00192, 21.90917]]]}}, {"id": "1866812", "type": "Feature", "properties": {"id": "1866812", "CVEGEO": "2402400010629026", "POBTOT": 6.0, "score_nse": 0.0, "NSE": "ND", "VIVTOT": 4.0, "GRAPROES": 0.0, "_ent": "24", "_mun": "024", "_loc": "0001"}, "geometry": {"type": "Polygon", "coordinates": [[[-100.00661, 21.89695], [-100.00759, 21.8973], [-100.00739, 21.89783], [-100.00648, 21.89752], [-100.00661, 21.89695]]]}}, {"id": "1866813", "type": "Feature", "properties": {"id": "1866813", "CVEGEO": "2402400010629027", "POBTOT": 0.0, "score_nse": 10.0, "NSE": "E", "VIVTOT": 1.0, "GRAPROES": 0.0, "_ent": "24", "_mun": "024", "_loc": "0001"}, "geometry": {"type": "Polygon", "coordinates": [[[-100.00771, 21.89726], [-100.00848, 21.89532], [-100.01001, 21.89511], [-100.01015, 21.89622], [-100.00857, 21.89643], [-100.00863, 21.89714], [-100.00823, 21.89717], [-100.00823, 21.89746], [-100.00771, 21.89726]]]}}, {"id": "1866814", "type": "Feature", "properties": {"id": "1866814", "CVEGEO": "2402400010629028", "POBTOT": 5.0, "score_nse": 0.0, "NSE": "ND", "VIVTOT": 2.0, "GRAPROES": 0.0, "_ent": "24", "_mun": "024", "_loc": "0001"}, "geometry": {"type": "Polygon", "coordinates": [[[-100.00332, 21.91045], [-100.00425, 21.90962], [-100.00581, 21.90939], [-100.00629, 21.91074], [-100.00332, 21.91045]]]}}, {"id": "1866815", "type": "Feature", "properties": {"id": "1866815", "CVEGEO": "2402400010629030", "POBTOT": 26.0, "score_nse": 0.0, "NSE": "ND", "VIVTOT": 6.0, "GRAPROES": 8.47, "_ent": "24", "_mun": "024", "_loc": "0001"}, "geometry": {"type": "Polygon", "coordinates": [[[-100.00761, 21.89725], [-100.00662, 21.89689], [-100.00673, 21.89635], [-100.00781, 21.89672], [-100.00761, 21.89725]]]}}, {"id": "1866816", "type": "Feature", "properties": {"id": "1866816", "CVEGEO": "2402400010629032", "POBTOT": 30.0, "score_nse": 0.0, "NSE": "ND", "VIVTOT": 7.0, "GRAPROES": 6.68, "_ent": "24", "_mun": "024", "_loc": "0001"}, "geometry": {"type": "Polygon", "coordinates": [[[-100.00691, 21.89575], [-100.00798, 21.89613], [-100.00782, 21.89667], [-100.00676, 21.89628], [-100.00691, 21.89575]]]}}, {"id": "1866817", "type": "Feature", "properties": {"id": "1866817", "CVEGEO": "2402400010629034", "POBTOT": 35.0, "score_nse": 0.0, "NSE": "ND", "VIVTOT": 8.0, "GRAPROES": 6.42, "_ent": "24", "_mun": "024", "_loc": "0001"}, "geometry": {"type": "Polygon", "coordinates": [[[-100.00825, 21.89554], [-100.008, 21.89604], [-100.0069, 21.89567], [-100.00702, 21.89512], [-100.00825, 21.89554]]]}}, {"id": "1866818", "type": "Feature", "properties": {"id": "1866818", "CVEGEO": "2402400010629037", "POBTOT": 17.0, "score_nse": 0.0, "NSE": "ND", "VIVTOT": 4.0, "GRAPROES": 9.64, "_ent": "24", "_mun": "024", "_loc": "0001"}, "geometry": {"type": "Polygon", "coordinates": [[[-100.00251, 21.90681], [-100.00305, 21.90681], [-100.00307, 21.90725], [-100.00251, 21.90726], [-100.00251, 21.90681]]]}}, {"id": "1866819", "type": "Feature", "properties": {"id": "1866819", "CVEGEO": "2402400010629038", "POBTOT": 133.0, "score_nse": 45.9539, "NSE": "C-", "VIVTOT": 27.0, "GRAPROES": 7.67, "_ent": "24", "_mun": "024", "_loc": "0001"}, "geometry": {"type": "Polygon", "coordinates": [[[-99.99944, 21.89563], [-100.00107, 21.89741], [-100.00212, 21.89756], [-100.00213, 21.89798], [-100.00137, 21.89796], [-100.0013, 21.89763], [-100.00133, 21.89795], [-100.00105, 21.89793], [-99.9991, 21.89592], [-99.99944, 21.89563]]]}}, {"id": "1866820", "type": "Feature", "properties": {"id": "1866820", "CVEGEO": "2402400010629040", "POBTOT": 21.0, "score_nse": 0.0, "NSE": "ND", "VIVTOT": 9.0, "GRAPROES": 8.13, "_ent": "24", "_mun": "024", "_loc": "0001"}, "geometry": {"type": "Polygon", "coordinates": [[[-100.00194, 21.90922], [-100.00274, 21.90962], [-100.00352, 21.90968], [-100.00327, 21.91002], [-100.00121, 21.90974], [-100.00147, 21.90967], [-100.00194, 21.90922]]]}}, {"id": "1866821", "type": "Feature", "properties": {"id": "1866821", "CVEGEO": "2402400010629042", "POBTOT": 24.0, "score_nse": 0.0, "NSE": "ND", "VIVTOT": 15.0, "GRAPROES": 7.14, "_ent": "24", "_mun": "024", "_loc": "0001"}, "geometry": {"type": "Polygon", "coordinates": [[[-100.00579, 21.906], [-100.00557, 21.90596], [-100.00586, 21.90482], [-100.00644, 21.90495], [-100.00579, 21.906]]]}}, {"id": "1866822", "type": "Feature", "properties": {"id": "1866822", "CVEGEO": "2402400010629044", "POBTOT": 26.0, "score_nse": 27.2178, "NSE": "D", "VIVTOT": 11.0, "GRAPROES": 5.76, "_ent": "24", "_mun": "024", "_loc": "0001"}, "geometry": {"type": "Polygon", "coordinates": [[[-100.0075, 21.90529], [-100.00632, 21.90614], [-100.00594, 21.90604], [-100.00647, 21.90496], [-100.0075, 21.90529]]]}}, {"id": "1866823", "type": "Feature", "properties": {"id": "1866823", "CVEGEO": "2402400010629045", "POBTOT": 15.0, "score_nse": 0.0, "NSE": "ND", "VIVTOT": 7.0, "GRAPROES": 12.45, "_ent": "24", "_mun": "024", "_loc": "0001"}, "geometry": {"type": "Polygon", "coordinates": [[[-100.00628, 21.90618], [-100.0056, 21.90671], [-100.00559, 21.90601], [-100.00628, 21.90618]]]}}, {"id": "1866824", "type": "Feature", "properties": {"id": "1866824", "CVEGEO": "2402400010629047", "POBTOT": 61.0, "score_nse": 62.528, "NSE": "C", "VIVTOT": 12.0, "GRAPROES": 7.28, "_ent": "24", "_mun": "024", "_loc": "0001"}, "geometry": {"type": "Polygon", "coordinates": [[[-100.00693, 21.89513], [-100.0068, 21.89566], [-100.00504, 21.89502], [-100.0053, 21.89447], [-100.00693, 21.89513]]]}}, {"id": "1866825", "type": "Feature", "properties": {"id": "1866825", "CVEGEO": "2402400010629048", "POBTOT": 72.0, "score_nse": 0.0, "NSE": "ND", "VIVTOT": 19.0, "GRAPROES": 5.96, "_ent": "24", "_mun": "024", "_loc": "0001"}, "geometry": {"type": "Polygon", "coordinates": [[[-99.99879, 21.89507], [-99.99793, 21.89423], [-99.99754, 21.89373], [-99.99782, 21.89363], [-99.99898, 21.89488], [-99.99898, 21.89508], [-99.99879, 21.89507]]]}}, {"id": "1866826", "type": "Feature", "properties": {"id": "1866826", "CVEGEO": "2402400010629049", "POBTOT": 32.0, "score_nse": 0.0, "NSE": "ND", "VIVTOT": 15.0, "GRAPROES": 6.18, "_ent": "24", "_mun": "024", "_loc": "0001"}, "geometry": {"type": "Polygon", "coordinates": [[[-99.99846, 21.89523], [-99.99761, 21.89435], [-99.99725, 21.89385], [-99.99748, 21.89375], [-99.99875, 21.89515], [-99.99846, 21.89523]]]}}, {"id": "1866827", "type": "Feature", "properties": {"id": "1866827", "CVEGEO": "2402400010629050", "POBTOT": 17.0, "score_nse": 0.0, "NSE": "ND", "VIVTOT": 5.0, "GRAPROES": 6.9, "_ent": "24", "_mun": "024", "_loc": "0001"}, "geometry": {"type": "Polygon", "coordinates": [[[-99.99883, 21.8958], [-99.99777, 21.89492], [-99.99699, 21.89393], [-99.99718, 21.89388], [-99.99883, 21.8958]]]}}, {"id": "1866828", "type": "Feature", "properties": {"id": "1866828", "CVEGEO": "2402400010629051", "POBTOT": 65.0, "score_nse": 0.0, "NSE": "ND", "VIVTOT": 22.0, "GRAPROES": 7.07, "_ent": "24", "_mun": "024", "_loc": "0001"}, "geometry": {"type": "Polygon", "coordinates": [[[-100.00272, 21.90017], [-100.00312, 21.89893], [-100.00344, 21.89874], [-100.00357, 21.90034], [-100.00272, 21.90017]]]}}, {"id": "1866829", "type": "Feature", "properties": {"id": "1866829", "CVEGEO": "2402400010629053", "POBTOT": 39.0, "score_nse": 0.0, "NSE": "ND", "VIVTOT": 13.0, "GRAPROES": 8.68, "_ent": "24", "_mun": "024", "_loc": "0001"}, "geometry": {"type": "Polygon", "coordinates": [[[-100.00265, 21.90008], [-100.00235, 21.90001], [-100.00217, 21.89935], [-100.0038, 21.89779], [-100.0042, 21.89765], [-100.00344, 21.8987], [-100.00308, 21.89892], [-100.00265, 21.90008]]]}}, {"id": "1866830", "type": "Feature", "properties": {"id": "1866830", "CVEGEO": "2402400010629054", "POBTOT": 149.0, "score_nse": 46.2925, "NSE": "C-", "VIVTOT": 46.0, "GRAPROES": 7.1, "_ent": "24", "_mun": "024", "_loc": "0001"}, "geometry": {"type": "Polygon", "coordinates": [[[-100.00361, 21.90033], [-100.00349, 21.89877], [-100.00433, 21.89889], [-100.00403, 21.89883], [-100.00407, 21.89869], [-100.00397, 21.89881], [-100.0035, 21.89868], [-100.00426, 21.89764], [-100.00544, 21.89808], [-100.00525, 21.9005], [-100.00576, 21.90062], [-100.00562, 21.90121], [-100.00465, 21.90128], [-100.00455, 21.8992], [-100.00396, 21.89912], [-100.00399, 21.90038], [-100.00361, 21.90033]]]}}, {"id": "1866831", "type": "Feature", "properties": {"id": "1866831", "CVEGEO": "2402400010629056", "POBTOT": 29.0, "score_nse": 0.0, "NSE": "ND", "VIVTOT": 8.0, "GRAPROES": 6.88, "_ent": "24", "_mun": "024", "_loc": "0001"}, "geometry": {"type": "Polygon", "coordinates": [[[-100.0027, 21.89861], [-100.00215, 21.89911], [-100.00221, 21.89838], [-100.0027, 21.89861]]]}}, {"id": "1866832", "type": "Feature", "properties": {"id": "1866832", "CVEGEO": "2402400010629057", "POBTOT": 40.0, "score_nse": 0.0, "NSE": "ND", "VIVTOT": 11.0, "GRAPROES": 5.03, "_ent": "24", "_mun": "024", "_loc": "0001"}, "geometry": {"type": "Polygon", "coordinates": [[[-100.0022, 21.89832], [-100.0022, 21.89758], [-100.00327, 21.89803], [-100.00273, 21.89855], [-100.0022, 21.89832]]]}}, {"id": "1866833", "type": "Feature", "properties": {"id": "1866833", "CVEGEO": "2402400010629060", "POBTOT": 19.0, "score_nse": 0.0, "NSE": "ND", "VIVTOT": 7.0, "GRAPROES": 8.46, "_ent": "24", "_mun": "024", "_loc": "0001"}, "geometry": {"type": "Polygon", "coordinates": [[[-100.00548, 21.89782], [-100.00562, 21.89724], [-100.00635, 21.89755], [-100.00623, 21.89811], [-100.00548, 21.89782]]]}}, {"id": "1866834", "type": "Feature", "properties": {"id": "1866834", "CVEGEO": "2402400010629061", "POBTOT": 14.0, "score_nse": 0.0, "NSE": "ND", "VIVTOT": 4.0, "GRAPROES": 11.78, "_ent": "24", "_mun": "024", "_loc": "0001"}, "geometry": {"type": "Polygon", "coordinates": [[[-100.00565, 21.89719], [-100.00579, 21.89663], [-100.00651, 21.89692], [-100.00638, 21.89748], [-100.00565, 21.89719]]]}}, {"id": "1866835", "type": "Feature", "properties": {"id": "1866835", "CVEGEO": "2402400010629062", "POBTOT": 23.0, "score_nse": 0.0, "NSE": "ND", "VIVTOT": 7.0, "GRAPROES": 8.53, "_ent": "24", "_mun": "024", "_loc": "0001"}, "geometry": {"type": "Polygon", "coordinates": [[[-100.00681, 21.89571], [-100.00666, 21.89626], [-100.0059, 21.89599], [-100.00601, 21.89543], [-100.00681, 21.89571]]]}}, {"id": "1866836", "type": "Feature", "properties": {"id": "1866836", "CVEGEO": "2402400010629063", "POBTOT": 6.0, "score_nse": 0.0, "NSE": "ND", "VIVTOT": 2.0, "GRAPROES": 0.0, "_ent": "24", "_mun": "024", "_loc": "0001"}, "geometry": {"type": "Polygon", "coordinates": [[[-100.00368, 21.89766], [-100.00221, 21.89713], [-100.00222, 21.89662], [-100.00377, 21.89695], [-100.0043, 21.89724], [-100.00425, 21.89744], [-100.00368, 21.89766]]]}}, {"id": "1866837", "type": "Feature", "properties": {"id": "1866837", "CVEGEO": "2402400010629064", "POBTOT": 5.0, "score_nse": 0.0, "NSE": "ND", "VIVTOT": 2.0, "GRAPROES": 0.0, "_ent": "24", "_mun": "024", "_loc": "0001"}, "geometry": {"type": "Polygon", "coordinates": [[[-100.0051, 21.89564], [-100.00518, 21.89514], [-100.00593, 21.89541], [-100.00582, 21.89594], [-100.0051, 21.89564]]]}}, {"id": "1866838", "type": "Feature", "properties": {"id": "1866838", "CVEGEO": "2402400010629065", "POBTOT": 18.0, "score_nse": 30.9127, "NSE": "D+", "VIVTOT": 11.0, "GRAPROES": 5.92, "_ent": "24", "_mun": "024", "_loc": "0001"}, "geometry": {"type": "Polygon", "coordinates": [[[-100.00331, 21.89799], [-100.00219, 21.89753], [-100.00222, 21.89718], [-100.00364, 21.8977], [-100.00331, 21.89799]]]}}, {"id": "1866839", "type": "Feature", "properties": {"id": "1866839", "CVEGEO": "2402400010629066", "POBTOT": 14.0, "score_nse": 38.822, "NSE": "D+", "VIVTOT": 4.0, "GRAPROES": 8.22, "_ent": "24", "_mun": "024", "_loc": "0001"}, "geometry": {"type": "Polygon", "coordinates": [[[-100.00497, 21.89624], [-100.0051, 21.89569], [-100.00582, 21.89599], [-100.00569, 21.89653], [-100.00497, 21.89624]]]}}, {"id": "1866840", "type": "Feature", "properties": {"id": "1866840", "CVEGEO": "2402400010629067", "POBTOT": 0.0, "score_nse": 10.0, "NSE": "E", "VIVTOT": 2.0, "GRAPROES": 0.0, "_ent": "24", "_mun": "024", "_loc": "0001"}, "geometry": {"type": "Polygon", "coordinates": [[[-100.00579, 21.89658], [-100.00589, 21.89603], [-100.00664, 21.8963], [-100.00651, 21.89685], [-100.00579, 21.89658]]]}}, {"id": "1866841", "type": "Feature", "properties": {"id": "1866841", "CVEGEO": "2402400010629068", "POBTOT": 4.0, "score_nse": 0.0, "NSE": "ND", "VIVTOT": 1.0, "GRAPROES": 0.0, "_ent": "24", "_mun": "024", "_loc": "0001"}, "geometry": {"type": "Polygon", "coordinates": [[[-100.00481, 21.8968], [-100.00494, 21.89629], [-100.00569, 21.89659], [-100.00558, 21.89714], [-100.00481, 21.8968]]]}}, {"id": "1866842", "type": "Feature", "properties": {"id": "1866842", "CVEGEO": "2402400010629069", "POBTOT": 4.0, "score_nse": 0.0, "NSE": "ND", "VIVTOT": 1.0, "GRAPROES": 0.0, "_ent": "24", "_mun": "024", "_loc": "0001"}, "geometry": {"type": "Polygon", "coordinates": [[[-100.00487, 21.8962], [-100.00406, 21.89584], [-100.00404, 21.89524], [-100.00504, 21.89568], [-100.00487, 21.8962]]]}}, {"id": "1866843", "type": "Feature", "properties": {"id": "1866843", "CVEGEO": "2402400010629070", "POBTOT": 0.0, "score_nse": 10.0, "NSE": "E", "VIVTOT": 1.0, "GRAPROES": 0.0, "_ent": "24", "_mun": "024", "_loc": "0001"}, "geometry": {"type": "Polygon", "coordinates": [[[-100.00504, 21.89562], [-100.00403, 21.89518], [-100.00393, 21.89464], [-100.00512, 21.89514], [-100.00504, 21.89562]]]}}, {"id": "1866844", "type": "Feature", "properties": {"id": "1866844", "CVEGEO": "2402400010629072", "POBTOT": 7.0, "score_nse": 0.0, "NSE": "ND", "VIVTOT": 3.0, "GRAPROES": 0.0, "_ent": "24", "_mun": "024", "_loc": "0001"}, "geometry": {"type": "Polygon", "coordinates": [[[-100.00224, 21.89411], [-100.00222, 21.89226], [-100.00227, 21.89226], [-100.00371, 21.89453], [-100.00224, 21.89411]]]}}, {"id": "1866845", "type": "Feature", "properties": {"id": "1866845", "CVEGEO": "2402400010629074", "POBTOT": 10.0, "score_nse": 0.0, "NSE": "ND", "VIVTOT": 5.0, "GRAPROES": 9.29, "_ent": "24", "_mun": "024", "_loc": "0001"}, "geometry": {"type": "Polygon", "coordinates": [[[-100.00471, 21.89671], [-100.00417, 21.89646], [-100.00407, 21.89591], [-100.00486, 21.89626], [-100.00471, 21.89671]]]}}, {"id": "1866846", "type": "Feature", "properties": {"id": "1866846", "CVEGEO": "2402400010629075", "POBTOT": 4.0, "score_nse": 0.0, "NSE": "ND", "VIVTOT": 3.0, "GRAPROES": 0.0, "_ent": "24", "_mun": "024", "_loc": "0001"}, "geometry": {"type": "Polygon", "coordinates": [[[-100.00424, 21.89698], [-100.00221, 21.89654], [-100.00221, 21.89624], [-100.00412, 21.89655], [-100.00424, 21.89698]]]}}, {"id": "1866847", "type": "Feature", "properties": {"id": "1866847", "CVEGEO": "2402400010629076", "POBTOT": 23.0, "score_nse": 0.0, "NSE": "ND", "VIVTOT": 5.0, "GRAPROES": 6.0, "_ent": "24", "_mun": "024", "_loc": "0001"}, "geometry": {"type": "Polygon", "coordinates": [[[-100.00222, 21.89609], [-100.00221, 21.89569], [-100.00261, 21.89572], [-100.00402, 21.89609], [-100.0041, 21.89646], [-100.00222, 21.89609]]]}}, {"id": "1866848", "type": "Feature", "properties": {"id": "1866848", "CVEGEO": "2402400010629077", "POBTOT": 25.0, "score_nse": 0.0, "NSE": "ND", "VIVTOT": 7.0, "GRAPROES": 7.42, "_ent": "24", "_mun": "024", "_loc": "0001"}, "geometry": {"type": "Polygon", "coordinates": [[[-100.00828, 21.89721], [-100.00863, 21.8972], [-100.00868, 21.89816], [-100.0075, 21.89788], [-100.00767, 21.89733], [-100.00827, 21.89754], [-100.00828, 21.89721]]]}}, {"id": "1866849", "type": "Feature", "properties": {"id": "1866849", "CVEGEO": "2402400010629078", "POBTOT": 9.0, "score_nse": 0.0, "NSE": "ND", "VIVTOT": 4.0, "GRAPROES": 0.0, "_ent": "24", "_mun": "024", "_loc": "0001"}, "geometry": {"type": "Polygon", "coordinates": [[[-99.99923, 21.89506], [-99.99938, 21.8956], [-99.99909, 21.89587], [-99.99857, 21.89527], [-99.99923, 21.89506]]]}}, {"id": "1866850", "type": "Feature", "properties": {"id": "1866850", "CVEGEO": "2402400010633001", "POBTOT": 43.0, "score_nse": 0.0, "NSE": "ND", "VIVTOT": 18.0, "GRAPROES": 7.75, "_ent": "24", "_mun": "024", "_loc": "0001"}, "geometry": {"type": "Polygon", "coordinates": [[[-99.97481, 21.90355], [-99.9748, 21.90262], [-99.97604, 21.9023], [-99.97637, 21.90318], [-99.97481, 21.90355]]]}}, {"id": "1866851", "type": "Feature", "properties": {"id": "1866851", "CVEGEO": "2402400010633002", "POBTOT": 152.0, "score_nse": 0.0, "NSE": "ND", "VIVTOT": 32.0, "GRAPROES": 7.0, "_ent": "24", "_mun": "024", "_loc": "0001"}, "geometry": {"type": "Polygon", "coordinates": [[[-99.97478, 21.90357], [-99.97273, 21.90407], [-99.97259, 21.90317], [-99.97476, 21.90264], [-99.97478, 21.90357]]]}}, {"id": "1866852", "type": "Feature", "properties": {"id": "1866852", "CVEGEO": "2402400010633005", "POBTOT": 63.0, "score_nse": 51.0991, "NSE": "C-", "VIVTOT": 26.0, "GRAPROES": 8.33, "_ent": "24", "_mun": "024", "_loc": "0001"}, "geometry": {"type": "Polygon", "coordinates": [[[-99.9773, 21.90186], [-99.97608, 21.90216], [-99.97581, 21.90129], [-99.9771, 21.90095], [-99.9773, 21.90186]]]}}, {"id": "1866853", "type": "Feature", "properties": {"id": "1866853", "CVEGEO": "2402400010633006", "POBTOT": 53.0, "score_nse": 50.492, "NSE": "C-", "VIVTOT": 18.0, "GRAPROES": 9.71, "_ent": "24", "_mun": "024", "_loc": "0001"}, "geometry": {"type": "Polygon", "coordinates": [[[-99.97645, 21.90315], [-99.97609, 21.90225], [-99.97733, 21.90198], [-99.97754, 21.90294], [-99.97645, 21.90315]]]}}, {"id": "1866854", "type": "Feature", "properties": {"id": "1866854", "CVEGEO": "2402400010633007", "POBTOT": 108.0, "score_nse": 45.2178, "NSE": "C-", "VIVTOT": 37.0, "GRAPROES": 7.91, "_ent": "24", "_mun": "024", "_loc": "0001"}, "geometry": {"type": "Polygon", "coordinates": [[[-99.97661, 21.9042], [-99.97482, 21.90467], [-99.97482, 21.90363], [-99.97639, 21.90325], [-99.97661, 21.9042]]]}}, {"id": "1866855", "type": "Feature", "properties": {"id": "1866855", "CVEGEO": "2402400010633008", "POBTOT": 179.0, "score_nse": 51.464, "NSE": "C-", "VIVTOT": 44.0, "GRAPROES": 8.7, "_ent": "24", "_mun": "024", "_loc": "0001"}, "geometry": {"type": "Polygon", "coordinates": [[[-99.97474, 21.90469], [-99.9729, 21.90516], [-99.97277, 21.90412], [-99.97474, 21.90365], [-99.97474, 21.90469]]]}}, {"id": "1866856", "type": "Feature", "properties": {"id": "1866856", "CVEGEO": "2402400010633010", "POBTOT": 120.0, "score_nse": 0.0, "NSE": "ND", "VIVTOT": 35.0, "GRAPROES": 7.84, "_ent": "24", "_mun": "024", "_loc": "0001"}, "geometry": {"type": "Polygon", "coordinates": [[[-99.97685, 21.90525], [-99.97483, 21.90573], [-99.97481, 21.90474], [-99.97671, 21.90432], [-99.97685, 21.90525]]]}}, {"id": "1866857", "type": "Feature", "properties": {"id": "1866857", "CVEGEO": "2402400010633011", "POBTOT": 3.0, "score_nse": 0.0, "NSE": "ND", "VIVTOT": 2.0, "GRAPROES": 0.0, "_ent": "24", "_mun": "024", "_loc": "0001"}, "geometry": {"type": "Polygon", "coordinates": [[[-99.96996, 21.90496], [-99.97161, 21.9044], [-99.97182, 21.90549], [-99.97097, 21.90571], [-99.96996, 21.90496]]]}}, {"id": "1866858", "type": "Feature", "properties": {"id": "1866858", "CVEGEO": "2402400010633015", "POBTOT": 24.0, "score_nse": 0.0, "NSE": "ND", "VIVTOT": 8.0, "GRAPROES": 10.79, "_ent": "24", "_mun": "024", "_loc": "0001"}, "geometry": {"type": "Polygon", "coordinates": [[[-99.97955, 21.89648], [-99.97903, 21.89485], [-99.97969, 21.89447], [-99.9803, 21.89641], [-99.97955, 21.89648]]]}}, {"id": "1866859", "type": "Feature", "properties": {"id": "1866859", "CVEGEO": "2402400010633016", "POBTOT": 120.0, "score_nse": 0.0, "NSE": "ND", "VIVTOT": 51.0, "GRAPROES": 7.84, "_ent": "24", "_mun": "024", "_loc": "0001"}, "geometry": {"type": "Polygon", "coordinates": [[[-99.97614, 21.89644], [-99.97566, 21.89662], [-99.97496, 21.8957], [-99.97496, 21.89514], [-99.9741, 21.89302], [-99.97897, 21.89232], [-99.97929, 21.89331], [-99.9786, 21.8935], [-99.9793, 21.89335], [-99.97963, 21.8943], [-99.97824, 21.89511], [-99.97797, 21.89463], [-99.97819, 21.89515], [-99.97778, 21.89538], [-99.9773, 21.89504], [-99.97768, 21.89545], [-99.97728, 21.89569], [-99.97678, 21.89525], [-99.97688, 21.89537], [-99.97664, 21.89556], [-99.97691, 21.89541], [-99.97719, 21.89576], [-99.97621, 21.89639], [-99.97585, 21.89599], [-99.97614, 21.89644]]]}}, {"id": "1866860", "type": "Feature", "properties": {"id": "1866860", "CVEGEO": "2402400010633017", "POBTOT": 22.0, "score_nse": 0.0, "NSE": "ND", "VIVTOT": 10.0, "GRAPROES": 8.72, "_ent": "24", "_mun": "024", "_loc": "0001"}, "geometry": {"type": "Polygon", "coordinates": [[[-99.97265, 21.90416], [-99.97282, 21.90522], [-99.97193, 21.90547], [-99.97168, 21.90438], [-99.97265, 21.90416]]]}}, {"id": "1866861", "type": "Feature", "properties": {"id": "1866861", "CVEGEO": "2402400010633018", "POBTOT": 47.0, "score_nse": 0.0, "NSE": "ND", "VIVTOT": 14.0, "GRAPROES": 6.72, "_ent": "24", "_mun": "024", "_loc": "0001"}, "geometry": {"type": "Polygon", "coordinates": [[[-99.97167, 21.90432], [-99.9715, 21.90343], [-99.97253, 21.90319], [-99.97266, 21.9041], [-99.97167, 21.90432]]]}}, {"id": "1866862", "type": "Feature", "properties": {"id": "1866862", "CVEGEO": "2402400010633021", "POBTOT": 27.0, "score_nse": 0.0, "NSE": "ND", "VIVTOT": 17.0, "GRAPROES": 7.47, "_ent": "24", "_mun": "024", "_loc": "0001"}, "geometry": {"type": "Polygon", "coordinates": [[[-99.97943, 21.89649], [-99.97881, 21.89656], [-99.97839, 21.89521], [-99.97893, 21.89489], [-99.97943, 21.89649]]]}}, {"id": "1866863", "type": "Feature", "properties": {"id": "1866863", "CVEGEO": "2402400010633022", "POBTOT": 9.0, "score_nse": 0.0, "NSE": "ND", "VIVTOT": 5.0, "GRAPROES": 0.0, "_ent": "24", "_mun": "024", "_loc": "0001"}, "geometry": {"type": "Polygon", "coordinates": [[[-99.97814, 21.89664], [-99.97756, 21.89669], [-99.97723, 21.8959], [-99.9777, 21.89562], [-99.97814, 21.89664]]]}}, {"id": "1866864", "type": "Feature", "properties": {"id": "1866864", "CVEGEO": "2402400010633023", "POBTOT": 71.0, "score_nse": 0.0, "NSE": "ND", "VIVTOT": 22.0, "GRAPROES": 8.85, "_ent": "24", "_mun": "024", "_loc": "0001"}, "geometry": {"type": "Polygon", "coordinates": [[[-99.97783, 21.90373], [-99.97758, 21.90255], [-99.97826, 21.90239], [-99.97858, 21.90319], [-99.97783, 21.90373]]]}}, {"id": "1866865", "type": "Feature", "properties": {"id": "1866865", "CVEGEO": "2402400010633024", "POBTOT": 26.0, "score_nse": 49.6753, "NSE": "C-", "VIVTOT": 11.0, "GRAPROES": 10.84, "_ent": "24", "_mun": "024", "_loc": "0001"}, "geometry": {"type": "Polygon", "coordinates": [[[-99.97759, 21.89979], [-99.97826, 21.89969], [-99.97844, 21.90047], [-99.97781, 21.90059], [-99.97759, 21.89979]]]}}, {"id": "1866866", "type": "Feature", "properties": {"id": "1866866", "CVEGEO": "2402400010633026", "POBTOT": 27.0, "score_nse": 0.0, "NSE": "ND", "VIVTOT": 8.0, "GRAPROES": 9.81, "_ent": "24", "_mun": "024", "_loc": "0001"}, "geometry": {"type": "Polygon", "coordinates": [[[-99.97756, 21.9025], [-99.97738, 21.90189], [-99.97801, 21.90175], [-99.97823, 21.90234], [-99.97756, 21.9025]]]}}, {"id": "1866867", "type": "Feature", "properties": {"id": "1866867", "CVEGEO": "2402400010633027", "POBTOT": 48.0, "score_nse": 42.2325, "NSE": "C-", "VIVTOT": 16.0, "GRAPROES": 5.26, "_ent": "24", "_mun": "024", "_loc": "0001"}, "geometry": {"type": "Polygon", "coordinates": [[[-99.97736, 21.90178], [-99.97718, 21.90084], [-99.97771, 21.90074], [-99.97798, 21.90164], [-99.97736, 21.90178]]]}}, {"id": "1866868", "type": "Feature", "properties": {"id": "1866868", "CVEGEO": "2402400010633028", "POBTOT": 37.0, "score_nse": 59.0083, "NSE": "C", "VIVTOT": 13.0, "GRAPROES": 9.48, "_ent": "24", "_mun": "024", "_loc": "0001"}, "geometry": {"type": "Polygon", "coordinates": [[[-99.97718, 21.9007], [-99.977, 21.89985], [-99.97752, 21.89979], [-99.97773, 21.90061], [-99.97718, 21.9007]]]}}, {"id": "1866869", "type": "Feature", "properties": {"id": "1866869", "CVEGEO": "2402400010633029", "POBTOT": 0.0, "score_nse": 0.0, "NSE": "ND", "VIVTOT": 0.0, "GRAPROES": 0.0, "_ent": "24", "_mun": "024", "_loc": "0001"}, "geometry": {"type": "Polygon", "coordinates": [[[-99.97627, 21.89722], [-99.97749, 21.89682], [-99.97741, 21.89751], [-99.97702, 21.89806], [-99.97703, 21.8987], [-99.97675, 21.89873], [-99.97627, 21.89722]]]}}, {"id": "1866870", "type": "Feature", "properties": {"id": "1866870", "CVEGEO": "2402400010633031", "POBTOT": 25.0, "score_nse": 0.0, "NSE": "ND", "VIVTOT": 7.0, "GRAPROES": 5.6, "_ent": "24", "_mun": "024", "_loc": "0001"}, "geometry": {"type": "Polygon", "coordinates": [[[-99.97251, 21.90311], [-99.97148, 21.90335], [-99.97122, 21.90196], [-99.97229, 21.90176], [-99.97251, 21.90311]]]}}, {"id": "1866871", "type": "Feature", "properties": {"id": "1866871", "CVEGEO": "2402400010633033", "POBTOT": 10.0, "score_nse": 0.0, "NSE": "ND", "VIVTOT": 5.0, "GRAPROES": 8.78, "_ent": "24", "_mun": "024", "_loc": "0001"}, "geometry": {"type": "Polygon", "coordinates": [[[-99.9782, 21.89654], [-99.97777, 21.89557], [-99.9783, 21.89527], [-99.97875, 21.89659], [-99.9782, 21.89654]]]}}, {"id": "1866872", "type": "Feature", "properties": {"id": "1866872", "CVEGEO": "2402400010633034", "POBTOT": 30.0, "score_nse": 0.0, "NSE": "ND", "VIVTOT": 10.0, "GRAPROES": 7.95, "_ent": "24", "_mun": "024", "_loc": "0001"}, "geometry": {"type": "Polygon", "coordinates": [[[-99.97714, 21.89875], [-99.97748, 21.89969], [-99.97696, 21.89977], [-99.97679, 21.89886], [-99.97714, 21.89875]]]}}, {"id": "1866873", "type": "Feature", "properties": {"id": "1866873", "CVEGEO": "2402400010648001", "POBTOT": 37.0, "score_nse": 0.0, "NSE": "ND", "VIVTOT": 13.0, "GRAPROES": 8.14, "_ent": "24", "_mun": "024", "_loc": "0001"}, "geometry": {"type": "Polygon", "coordinates": [[[-100.00133, 21.9035], [-100.00198, 21.90341], [-100.0021, 21.9038], [-100.0014, 21.90377], [-100.00133, 21.9035]]]}}, {"id": "1866874", "type": "Feature", "properties": {"id": "1866874", "CVEGEO": "2402400010648006", "POBTOT": 54.0, "score_nse": 0.0, "NSE": "ND", "VIVTOT": 17.0, "GRAPROES": 8.16, "_ent": "24", "_mun": "024", "_loc": "0001"}, "geometry": {"type": "Polygon", "coordinates": [[[-100.00214, 21.9038], [-100.00199, 21.9034], [-100.00243, 21.9033], [-100.0024, 21.90345], [-100.00274, 21.90295], [-100.00292, 21.90378], [-100.00214, 21.9038]]]}}, {"id": "1866875", "type": "Feature", "properties": {"id": "1866875", "CVEGEO": "2402400010648008", "POBTOT": 37.0, "score_nse": 40.6396, "NSE": "D+", "VIVTOT": 11.0, "GRAPROES": 6.81, "_ent": "24", "_mun": "024", "_loc": "0001"}, "geometry": {"type": "Polygon", "coordinates": [[[-100.00054, 21.90488], [-100.00071, 21.90374], [-100.00111, 21.90378], [-100.00081, 21.90424], [-100.00074, 21.90489], [-100.00054, 21.90488]]]}}, {"id": "1866876", "type": "Feature", "properties": {"id": "1866876", "CVEGEO": "2402400010648009", "POBTOT": 162.0, "score_nse": 43.1714, "NSE": "C-", "VIVTOT": 53.0, "GRAPROES": 7.85, "_ent": "24", "_mun": "024", "_loc": "0001"}, "geometry": {"type": "Polygon", "coordinates": [[[-100.00246, 21.90726], [-100.00065, 21.90729], [-100.00077, 21.9066], [-100.00133, 21.90631], [-100.00198, 21.90565], [-100.00207, 21.90386], [-100.00245, 21.90387], [-100.00245, 21.90635], [-100.00192, 21.90637], [-100.00185, 21.90665], [-100.00199, 21.90665], [-100.002, 21.90641], [-100.00245, 21.90639], [-100.00246, 21.90726]]]}}, {"id": "1866877", "type": "Feature", "properties": {"id": "1866877", "CVEGEO": "2402400010648011", "POBTOT": 141.0, "score_nse": 0.0, "NSE": "ND", "VIVTOT": 39.0, "GRAPROES": 7.08, "_ent": "24", "_mun": "024", "_loc": "0001"}, "geometry": {"type": "Polygon", "coordinates": [[[-100.00251, 21.90676], [-100.00253, 21.90387], [-100.00294, 21.90381], [-100.00305, 21.90676], [-100.00251, 21.90676]]]}}, {"id": "1866878", "type": "Feature", "properties": {"id": "1866878", "CVEGEO": "2402400010648014", "POBTOT": 15.0, "score_nse": 46.46, "NSE": "C-", "VIVTOT": 5.0, "GRAPROES": 8.38, "_ent": "24", "_mun": "024", "_loc": "0001"}, "geometry": {"type": "Polygon", "coordinates": [[[-100.00217, 21.90069], [-100.0011, 21.90047], [-100.00108, 21.90042], [-100.00178, 21.89977], [-100.00217, 21.90069]]]}}, {"id": "1866879", "type": "Feature", "properties": {"id": "1866879", "CVEGEO": "2402400010648015", "POBTOT": 18.0, "score_nse": 0.0, "NSE": "ND", "VIVTOT": 7.0, "GRAPROES": 8.21, "_ent": "24", "_mun": "024", "_loc": "0001"}, "geometry": {"type": "Polygon", "coordinates": [[[-100.00211, 21.89944], [-100.00254, 21.90073], [-100.00251, 21.90077], [-100.00223, 21.90071], [-100.00181, 21.89972], [-100.00211, 21.89944]]]}}, {"id": "1866880", "type": "Feature", "properties": {"id": "1866880", "CVEGEO": "2402400010652002", "POBTOT": 21.0, "score_nse": 76.255, "NSE": "C+", "VIVTOT": 8.0, "GRAPROES": 12.14, "_ent": "24", "_mun": "024", "_loc": "0001"}, "geometry": {"type": "Polygon", "coordinates": [[[-99.97392, 21.91754], [-99.97399, 21.91718], [-99.97471, 21.91737], [-99.97451, 21.91764], [-99.97392, 21.91754]]]}}, {"id": "1866881", "type": "Feature", "properties": {"id": "1866881", "CVEGEO": "2402400010652003", "POBTOT": 19.0, "score_nse": 89.54, "NSE": "A/B", "VIVTOT": 5.0, "GRAPROES": 11.83, "_ent": "24", "_mun": "024", "_loc": "0001"}, "geometry": {"type": "Polygon", "coordinates": [[[-99.97383, 21.91803], [-99.97393, 21.91758], [-99.97447, 21.91768], [-99.97416, 21.91809], [-99.97383, 21.91803]]]}}, {"id": "1866882", "type": "Feature", "properties": {"id": "1866882", "CVEGEO": "2402400010667001", "POBTOT": 74.0, "score_nse": 81.4309, "NSE": "C+", "VIVTOT": 22.0, "GRAPROES": 13.41, "_ent": "24", "_mun": "024", "_loc": "0001"}, "geometry": {"type": "Polygon", "coordinates": [[[-99.983, 21.92446], [-99.98218, 21.92455], [-99.98203, 21.92432], [-99.98297, 21.92423], [-99.983, 21.92446]]]}}, {"id": "1866883", "type": "Feature", "properties": {"id": "1866883", "CVEGEO": "2402400010667002", "POBTOT": 79.0, "score_nse": 77.2495, "NSE": "C+", "VIVTOT": 21.0, "GRAPROES": 12.51, "_ent": "24", "_mun": "024", "_loc": "0001"}, "geometry": {"type": "Polygon", "coordinates": [[[-99.98293, 21.9239], [-99.98296, 21.92415], [-99.982, 21.92426], [-99.98186, 21.92403], [-99.98293, 21.9239]]]}}, {"id": "1866884", "type": "Feature", "properties": {"id": "1866884", "CVEGEO": "2402400010667003", "POBTOT": 79.0, "score_nse": 82.009, "NSE": "C+", "VIVTOT": 24.0, "GRAPROES": 13.91, "_ent": "24", "_mun": "024", "_loc": "0001"}, "geometry": {"type": "Polygon", "coordinates": [[[-99.98303, 21.92413], [-99.98301, 21.9239], [-99.98403, 21.9238], [-99.98406, 21.92404], [-99.98303, 21.92413]]]}}, {"id": "1866885", "type": "Feature", "properties": {"id": "1866885", "CVEGEO": "2402400010667004", "POBTOT": 64.0, "score_nse": 67.6289, "NSE": "C", "VIVTOT": 26.0, "GRAPROES": 12.45, "_ent": "24", "_mun": "024", "_loc": "0001"}, "geometry": {"type": "Polygon", "coordinates": [[[-99.98308, 21.92446], [-99.98305, 21.92422], [-99.98406, 21.92411], [-99.98409, 21.92435], [-99.98308, 21.92446]]]}}, {"id": "1866886", "type": "Feature", "properties": {"id": "1866886", "CVEGEO": "2402400010667005", "POBTOT": 461.0, "score_nse": 58.5103, "NSE": "C", "VIVTOT": 131.0, "GRAPROES": 8.74, "_ent": "24", "_mun": "024", "_loc": "0001"}, "geometry": {"type": "Polygon", "coordinates": [[[-99.98432, 21.9261], [-99.98432, 21.92629], [-99.98317, 21.92617], [-99.98276, 21.92549], [-99.98339, 21.92552], [-99.98356, 21.9259], [-99.98348, 21.92554], [-99.98403, 21.92547], [-99.98377, 21.92465], [-99.98398, 21.92547], [-99.98344, 21.92547], [-99.98308, 21.92453], [-99.98515, 21.92441], [-99.98541, 21.92643], [-99.98489, 21.92637], [-99.98445, 21.92472], [-99.98482, 21.92637], [-99.9844, 21.92632], [-99.98432, 21.9261]]]}}, {"id": "1866887", "type": "Feature", "properties": {"id": "1866887", "CVEGEO": "2402400010667006", "POBTOT": 54.0, "score_nse": 69.3446, "NSE": "C", "VIVTOT": 14.0, "GRAPROES": 9.48, "_ent": "24", "_mun": "024", "_loc": "0001"}, "geometry": {"type": "Polygon", "coordinates": [[[-99.98303, 21.92456], [-99.98337, 21.92547], [-99.98276, 21.92543], [-99.98226, 21.92464], [-99.98303, 21.92456]]]}}, {"id": "1866888", "type": "Feature", "properties": {"id": "1866888", "CVEGEO": "2402400010667007", "POBTOT": 108.0, "score_nse": 54.4434, "NSE": "C-", "VIVTOT": 29.0, "GRAPROES": 8.97, "_ent": "24", "_mun": "024", "_loc": "0001"}, "geometry": {"type": "Polygon", "coordinates": [[[-99.97709, 21.92698], [-99.97814, 21.92498], [-99.97969, 21.92567], [-99.97976, 21.92472], [-99.97993, 21.92456], [-99.98037, 21.9251], [-99.98056, 21.92497], [-99.98088, 21.92534], [-99.98176, 21.92409], [-99.9823, 21.92494], [-99.98083, 21.92538], [-99.98111, 21.92724], [-99.98016, 21.92736], [-99.97953, 21.92798], [-99.97709, 21.92698]]]}}, {"id": "1866889", "type": "Feature", "properties": {"id": "1866889", "CVEGEO": "2402400010667008", "POBTOT": 12.0, "score_nse": 0.0, "NSE": "ND", "VIVTOT": 4.0, "GRAPROES": 14.38, "_ent": "24", "_mun": "024", "_loc": "0001"}, "geometry": {"type": "Polygon", "coordinates": [[[-99.98419, 21.92368], [-99.98182, 21.92398], [-99.98098, 21.92263], [-99.98503, 21.92283], [-99.98511, 21.92371], [-99.98419, 21.92368]]]}}, {"id": "1866890", "type": "Feature", "properties": {"id": "1866890", "CVEGEO": "2402400010667009", "POBTOT": 90.0, "score_nse": 63.1149, "NSE": "C", "VIVTOT": 22.0, "GRAPROES": 10.71, "_ent": "24", "_mun": "024", "_loc": "0001"}, "geometry": {"type": "Polygon", "coordinates": [[[-99.98509, 21.92377], [-99.98512, 21.92434], [-99.98414, 21.92435], [-99.98408, 21.9238], [-99.98509, 21.92377]]]}}, {"id": "1866891", "type": "Feature", "properties": {"id": "1866891", "CVEGEO": "2402400010667013", "POBTOT": 78.0, "score_nse": 71.1735, "NSE": "C+", "VIVTOT": 27.0, "GRAPROES": 10.97, "_ent": "24", "_mun": "024", "_loc": "0001"}, "geometry": {"type": "Polygon", "coordinates": [[[-99.9813, 21.92334], [-99.98054, 21.92332], [-99.98059, 21.92271], [-99.98088, 21.92265], [-99.9813, 21.92334]]]}}, {"id": "1866892", "type": "Feature", "properties": {"id": "1866892", "CVEGEO": "2402400010667014", "POBTOT": 0.0, "score_nse": 0.0, "NSE": "ND", "VIVTOT": 0.0, "GRAPROES": 0.0, "_ent": "24", "_mun": "024", "_loc": "0001"}, "geometry": {"type": "Polygon", "coordinates": [[[-99.98519, 21.92371], [-99.9851, 21.92283], [-99.98572, 21.92286], [-99.9857, 21.92373], [-99.98519, 21.92371]]]}}, {"id": "1866893", "type": "Feature", "properties": {"id": "1866893", "CVEGEO": "2402400010667015", "POBTOT": 210.0, "score_nse": 0.0, "NSE": "ND", "VIVTOT": 61.0, "GRAPROES": 9.38, "_ent": "24", "_mun": "024", "_loc": "0001"}, "geometry": {"type": "Polygon", "coordinates": [[[-99.98573, 21.92484], [-99.98613, 21.9258], [-99.98643, 21.92651], [-99.98555, 21.92641], [-99.9852, 21.92379], [-99.9857, 21.92381], [-99.98573, 21.92484]]]}}, {"id": "1866894", "type": "Feature", "properties": {"id": "1866894", "CVEGEO": "2402400010667016", "POBTOT": 42.0, "score_nse": 0.0, "NSE": "ND", "VIVTOT": 11.0, "GRAPROES": 5.93, "_ent": "24", "_mun": "024", "_loc": "0001"}, "geometry": {"type": "Polygon", "coordinates": [[[-99.98053, 21.92405], [-99.97981, 21.9246], [-99.97981, 21.92401], [-99.98053, 21.92405]]]}}, {"id": "1866895", "type": "Feature", "properties": {"id": "1866895", "CVEGEO": "2402400010667017", "POBTOT": 28.0, "score_nse": 61.26, "NSE": "C", "VIVTOT": 15.0, "GRAPROES": 11.09, "_ent": "24", "_mun": "024", "_loc": "0001"}, "geometry": {"type": "Polygon", "coordinates": [[[-99.97982, 21.92393], [-99.97985, 21.92335], [-99.98046, 21.92338], [-99.98044, 21.92396], [-99.97982, 21.92393]]]}}, {"id": "1866896", "type": "Feature", "properties": {"id": "1866896", "CVEGEO": "2402400010667018", "POBTOT": 18.0, "score_nse": 0.0, "NSE": "ND", "VIVTOT": 5.0, "GRAPROES": 8.9, "_ent": "24", "_mun": "024", "_loc": "0001"}, "geometry": {"type": "Polygon", "coordinates": [[[-99.97943, 21.92258], [-99.98049, 21.92262], [-99.98044, 21.92331], [-99.97905, 21.92332], [-99.97943, 21.92258]]]}}, {"id": "1866897", "type": "Feature", "properties": {"id": "1866897", "CVEGEO": "2402400010667019", "POBTOT": 10.0, "score_nse": 0.0, "NSE": "ND", "VIVTOT": 5.0, "GRAPROES": 7.67, "_ent": "24", "_mun": "024", "_loc": "0001"}, "geometry": {"type": "Polygon", "coordinates": [[[-99.98581, 21.92373], [-99.98584, 21.92287], [-99.98629, 21.92289], [-99.98626, 21.92375], [-99.98581, 21.92373]]]}}, {"id": "1866898", "type": "Feature", "properties": {"id": "1866898", "CVEGEO": "2402400010667020", "POBTOT": 294.0, "score_nse": 61.048, "NSE": "C", "VIVTOT": 100.0, "GRAPROES": 10.17, "_ent": "24", "_mun": "024", "_loc": "0001"}, "geometry": {"type": "Polygon", "coordinates": [[[-99.98775, 21.92665], [-99.98684, 21.92465], [-99.98766, 21.92664], [-99.9865, 21.92652], [-99.98578, 21.92482], [-99.98578, 21.92381], [-99.98625, 21.92383], [-99.98628, 21.92459], [-99.98636, 21.92386], [-99.98833, 21.92393], [-99.98817, 21.9257], [-99.98785, 21.92568], [-99.98816, 21.92579], [-99.98807, 21.92669], [-99.98775, 21.92665]]]}}, {"id": "1866899", "type": "Feature", "properties": {"id": "1866899", "CVEGEO": "2402400010667021", "POBTOT": 69.0, "score_nse": 0.0, "NSE": "ND", "VIVTOT": 19.0, "GRAPROES": 9.96, "_ent": "24", "_mun": "024", "_loc": "0001"}, "geometry": {"type": "Polygon", "coordinates": [[[-99.97972, 21.92399], [-99.97973, 21.92457], [-99.97863, 21.92416], [-99.97873, 21.92398], [-99.97972, 21.92399]]]}}, {"id": "1866900", "type": "Feature", "properties": {"id": "1866900", "CVEGEO": "2402400010667022", "POBTOT": 39.0, "score_nse": 68.948, "NSE": "C", "VIVTOT": 10.0, "GRAPROES": 10.14, "_ent": "24", "_mun": "024", "_loc": "0001"}, "geometry": {"type": "Polygon", "coordinates": [[[-99.97978, 21.92341], [-99.97977, 21.92393], [-99.9788, 21.92381], [-99.979, 21.92344], [-99.97978, 21.92341]]]}}, {"id": "1866901", "type": "Feature", "properties": {"id": "1866901", "CVEGEO": "2402400010667024", "POBTOT": 103.0, "score_nse": 62.3, "NSE": "C", "VIVTOT": 32.0, "GRAPROES": 10.61, "_ent": "24", "_mun": "024", "_loc": "0001"}, "geometry": {"type": "Polygon", "coordinates": [[[-99.97686, 21.92435], [-99.97634, 21.92412], [-99.97646, 21.92391], [-99.97704, 21.9242], [-99.97686, 21.92435]]]}}, {"id": "1866902", "type": "Feature", "properties": {"id": "1866902", "CVEGEO": "2402400010667025", "POBTOT": 81.0, "score_nse": 62.1926, "NSE": "C", "VIVTOT": 28.0, "GRAPROES": 10.03, "_ent": "24", "_mun": "024", "_loc": "0001"}, "geometry": {"type": "Polygon", "coordinates": [[[-99.97708, 21.92412], [-99.97652, 21.92385], [-99.97665, 21.9236], [-99.97722, 21.92386], [-99.97708, 21.92412]]]}}, {"id": "1866903", "type": "Feature", "properties": {"id": "1866903", "CVEGEO": "2402400010667026", "POBTOT": 69.0, "score_nse": 67.8171, "NSE": "C", "VIVTOT": 19.0, "GRAPROES": 10.51, "_ent": "24", "_mun": "024", "_loc": "0001"}, "geometry": {"type": "Polygon", "coordinates": [[[-99.97721, 21.92381], [-99.97679, 21.92362], [-99.97691, 21.92338], [-99.97735, 21.92359], [-99.97721, 21.92381]]]}}, {"id": "1866904", "type": "Feature", "properties": {"id": "1866904", "CVEGEO": "2402400010667027", "POBTOT": 65.0, "score_nse": 61.2284, "NSE": "C", "VIVTOT": 21.0, "GRAPROES": 10.36, "_ent": "24", "_mun": "024", "_loc": "0001"}, "geometry": {"type": "Polygon", "coordinates": [[[-99.97732, 21.92351], [-99.97681, 21.92327], [-99.97694, 21.92304], [-99.9775, 21.9233], [-99.97732, 21.92351]]]}}, {"id": "1866905", "type": "Feature", "properties": {"id": "1866905", "CVEGEO": "2402400010667028", "POBTOT": 57.0, "score_nse": 66.3236, "NSE": "C", "VIVTOT": 19.0, "GRAPROES": 9.48, "_ent": "24", "_mun": "024", "_loc": "0001"}, "geometry": {"type": "Polygon", "coordinates": [[[-99.97755, 21.92325], [-99.977, 21.923], [-99.97714, 21.92275], [-99.97766, 21.92299], [-99.97755, 21.92325]]]}}, {"id": "1866906", "type": "Feature", "properties": {"id": "1866906", "CVEGEO": "2402400010667029", "POBTOT": 54.0, "score_nse": 62.4283, "NSE": "C", "VIVTOT": 24.0, "GRAPROES": 10.9, "_ent": "24", "_mun": "024", "_loc": "0001"}, "geometry": {"type": "Polygon", "coordinates": [[[-99.97772, 21.92295], [-99.97715, 21.92271], [-99.97725, 21.92247], [-99.97752, 21.9225], [-99.97772, 21.92295]]]}}, {"id": "1866907", "type": "Feature", "properties": {"id": "1866907", "CVEGEO": "2402400010667030", "POBTOT": 59.0, "score_nse": 63.6252, "NSE": "C", "VIVTOT": 27.0, "GRAPROES": 12.81, "_ent": "24", "_mun": "024", "_loc": "0001"}, "geometry": {"type": "Polygon", "coordinates": [[[-99.99077, 21.92382], [-99.98848, 21.92343], [-99.98851, 21.92306], [-99.99083, 21.92321], [-99.99077, 21.92382]]]}}, {"id": "1866908", "type": "Feature", "properties": {"id": "1866908", "CVEGEO": "2402400010667032", "POBTOT": 0.0, "score_nse": 0.0, "NSE": "ND", "VIVTOT": 0.0, "GRAPROES": 0.0, "_ent": "24", "_mun": "024", "_loc": "0001"}, "geometry": {"type": "Polygon", "coordinates": [[[-99.97673, 21.9236], [-99.97678, 21.92333], [-99.97685, 21.92335], [-99.97673, 21.9236]]]}}, {"id": "1866909", "type": "Feature", "properties": {"id": "1866909", "CVEGEO": "2402400010667034", "POBTOT": 0.0, "score_nse": 0.0, "NSE": "ND", "VIVTOT": 0.0, "GRAPROES": 0.0, "_ent": "24", "_mun": "024", "_loc": "0001"}, "geometry": {"type": "Polygon", "coordinates": [[[-99.97793, 21.92275], [-99.97778, 21.92249], [-99.97928, 21.92257], [-99.97892, 21.92323], [-99.97793, 21.92275]]]}}, {"id": "1866910", "type": "Feature", "properties": {"id": "1866910", "CVEGEO": "2402400010667035", "POBTOT": 35.0, "score_nse": 64.0169, "NSE": "C", "VIVTOT": 18.0, "GRAPROES": 12.2, "_ent": "24", "_mun": "024", "_loc": "0001"}, "geometry": {"type": "Polygon", "coordinates": [[[-99.97967, 21.92509], [-99.97843, 21.92452], [-99.97859, 21.92422], [-99.9797, 21.92474], [-99.97967, 21.92509]]]}}, {"id": "1866911", "type": "Feature", "properties": {"id": "1866911", "CVEGEO": "2402400010667036", "POBTOT": 30.0, "score_nse": 66.0284, "NSE": "C", "VIVTOT": 9.0, "GRAPROES": 12.15, "_ent": "24", "_mun": "024", "_loc": "0001"}, "geometry": {"type": "Polygon", "coordinates": [[[-99.97898, 21.92523], [-99.97914, 21.92494], [-99.97967, 21.92517], [-99.97965, 21.92556], [-99.97898, 21.92523]]]}}, {"id": "1866912", "type": "Feature", "properties": {"id": "1866912", "CVEGEO": "2402400010667037", "POBTOT": 26.0, "score_nse": 85.516, "NSE": "A/B", "VIVTOT": 8.0, "GRAPROES": 14.0, "_ent": "24", "_mun": "024", "_loc": "0001"}, "geometry": {"type": "Polygon", "coordinates": [[[-99.97823, 21.92489], [-99.9784, 21.92459], [-99.97906, 21.92488], [-99.97888, 21.92519], [-99.97823, 21.92489]]]}}, {"id": "1866913", "type": "Feature", "properties": {"id": "1866913", "CVEGEO": "2402400010667038", "POBTOT": 24.0, "score_nse": 0.0, "NSE": "ND", "VIVTOT": 6.0, "GRAPROES": 10.31, "_ent": "24", "_mun": "024", "_loc": "0001"}, "geometry": {"type": "Polygon", "coordinates": [[[-99.9784, 21.92361], [-99.97859, 21.92321], [-99.9789, 21.92333], [-99.97869, 21.92374], [-99.9784, 21.92361]]]}}, {"id": "1866914", "type": "Feature", "properties": {"id": "1866914", "CVEGEO": "2402400010667039", "POBTOT": 6.0, "score_nse": 0.0, "NSE": "ND", "VIVTOT": 5.0, "GRAPROES": 10.5, "_ent": "24", "_mun": "024", "_loc": "0001"}, "geometry": {"type": "Polygon", "coordinates": [[[-99.97799, 21.92344], [-99.97822, 21.923], [-99.97851, 21.92316], [-99.97831, 21.92357], [-99.97799, 21.92344]]]}}, {"id": "1866915", "type": "Feature", "properties": {"id": "1866915", "CVEGEO": "2402400010667040", "POBTOT": 8.0, "score_nse": 0.0, "NSE": "ND", "VIVTOT": 5.0, "GRAPROES": 0.0, "_ent": "24", "_mun": "024", "_loc": "0001"}, "geometry": {"type": "Polygon", "coordinates": [[[-99.97773, 21.92332], [-99.97795, 21.92288], [-99.97813, 21.92297], [-99.97791, 21.92341], [-99.97773, 21.92332]]]}}, {"id": "1866916", "type": "Feature", "properties": {"id": "1866916", "CVEGEO": "2402400010667041", "POBTOT": 17.0, "score_nse": 0.0, "NSE": "ND", "VIVTOT": 3.0, "GRAPROES": 9.73, "_ent": "24", "_mun": "024", "_loc": "0001"}, "geometry": {"type": "Polygon", "coordinates": [[[-99.9763, 21.92589], [-99.97725, 21.92629], [-99.97695, 21.92693], [-99.97598, 21.92653], [-99.9763, 21.92589]]]}}, {"id": "1866917", "type": "Feature", "properties": {"id": "1866917", "CVEGEO": "2402400010667042", "POBTOT": 85.0, "score_nse": 0.0, "NSE": "ND", "VIVTOT": 37.0, "GRAPROES": 10.77, "_ent": "24", "_mun": "024", "_loc": "0001"}, "geometry": {"type": "Polygon", "coordinates": [[[-99.97678, 21.9251], [-99.97767, 21.92337], [-99.97866, 21.92384], [-99.97846, 21.92422], [-99.97782, 21.92401], [-99.97842, 21.9243], [-99.97823, 21.92467], [-99.97761, 21.92443], [-99.97819, 21.92473], [-99.978, 21.9251], [-99.97738, 21.92487], [-99.97796, 21.92517], [-99.97777, 21.92553], [-99.97678, 21.9251]]]}}, {"id": "1866918", "type": "Feature", "properties": {"id": "1866918", "CVEGEO": "2402400010667043", "POBTOT": 52.0, "score_nse": 0.0, "NSE": "ND", "VIVTOT": 13.0, "GRAPROES": 7.08, "_ent": "24", "_mun": "024", "_loc": "0001"}, "geometry": {"type": "Polygon", "coordinates": [[[-99.98056, 21.92405], [-99.98058, 21.92339], [-99.98136, 21.92342], [-99.98056, 21.92405]]]}}, {"id": "1866919", "type": "Feature", "properties": {"id": "1866919", "CVEGEO": "2402400010667044", "POBTOT": 11.0, "score_nse": 0.0, "NSE": "ND", "VIVTOT": 7.0, "GRAPROES": 10.4, "_ent": "24", "_mun": "024", "_loc": "0001"}, "geometry": {"type": "Polygon", "coordinates": [[[-99.98075, 21.92501], [-99.98037, 21.92456], [-99.98141, 21.92382], [-99.98146, 21.92395], [-99.98075, 21.92501]]]}}, {"id": "1866920", "type": "Feature", "properties": {"id": "1866920", "CVEGEO": "2402400010667045", "POBTOT": 16.0, "score_nse": 62.0222, "NSE": "C", "VIVTOT": 9.0, "GRAPROES": 14.2, "_ent": "24", "_mun": "024", "_loc": "0001"}, "geometry": {"type": "Polygon", "coordinates": [[[-99.97994, 21.92456], [-99.98134, 21.92345], [-99.9815, 21.92368], [-99.98024, 21.92454], [-99.98057, 21.92494], [-99.98037, 21.92509], [-99.97994, 21.92456]]]}}, {"id": "1866921", "type": "Feature", "properties": {"id": "1866921", "CVEGEO": "2402400010667046", "POBTOT": 32.0, "score_nse": 90.876, "NSE": "A/B", "VIVTOT": 10.0, "GRAPROES": 14.8, "_ent": "24", "_mun": "024", "_loc": "0001"}, "geometry": {"type": "Polygon", "coordinates": [[[-99.98074, 21.9252], [-99.98155, 21.92386], [-99.98161, 21.92386], [-99.98175, 21.92408], [-99.98088, 21.92533], [-99.98074, 21.9252]]]}}, {"id": "1866922", "type": "Feature", "properties": {"id": "1866922", "CVEGEO": "2402400010667047", "POBTOT": 12.0, "score_nse": 0.0, "NSE": "ND", "VIVTOT": 5.0, "GRAPROES": 8.4, "_ent": "24", "_mun": "024", "_loc": "0001"}, "geometry": {"type": "Polygon", "coordinates": [[[-99.99043, 21.92699], [-99.98816, 21.92669], [-99.98819, 21.92631], [-99.99046, 21.92657], [-99.99043, 21.92699]]]}}, {"id": "1866923", "type": "Feature", "properties": {"id": "1866923", "CVEGEO": "2402400010667048", "POBTOT": 51.0, "score_nse": 78.824, "NSE": "C+", "VIVTOT": 20.0, "GRAPROES": 13.65, "_ent": "24", "_mun": "024", "_loc": "0001"}, "geometry": {"type": "Polygon", "coordinates": [[[-99.97671, 21.92516], [-99.97767, 21.92558], [-99.97732, 21.92623], [-99.97636, 21.92583], [-99.97671, 21.92516]]]}}, {"id": "1866924", "type": "Feature", "properties": {"id": "1866924", "CVEGEO": "2402400010671001", "POBTOT": 38.0, "score_nse": 0.0, "NSE": "ND", "VIVTOT": 14.0, "GRAPROES": 9.03, "_ent": "24", "_mun": "024", "_loc": "0001"}, "geometry": {"type": "Polygon", "coordinates": [[[-99.97292, 21.92315], [-99.97294, 21.92292], [-99.97363, 21.92298], [-99.97361, 21.92327], [-99.97368, 21.92298], [-99.97439, 21.92299], [-99.97436, 21.92356], [-99.97359, 21.92353], [-99.97292, 21.92315]]]}}, {"id": "1866925", "type": "Feature", "properties": {"id": "1866925", "CVEGEO": "2402400010671003", "POBTOT": 0.0, "score_nse": 10.0, "NSE": "E", "VIVTOT": 1.0, "GRAPROES": 0.0, "_ent": "24", "_mun": "024", "_loc": "0001"}, "geometry": {"type": "Polygon", "coordinates": [[[-99.97294, 21.92286], [-99.97299, 21.92227], [-99.9736, 21.9223], [-99.97359, 21.92288], [-99.97294, 21.92286]]]}}, {"id": "1866926", "type": "Feature", "properties": {"id": "1866926", "CVEGEO": "2402400010671004", "POBTOT": 0.0, "score_nse": 0.0, "NSE": "ND", "VIVTOT": 0.0, "GRAPROES": 0.0, "_ent": "24", "_mun": "024", "_loc": "0001"}, "geometry": {"type": "Polygon", "coordinates": [[[-99.97366, 21.9229], [-99.97366, 21.92229], [-99.9744, 21.92231], [-99.97439, 21.9229], [-99.97366, 21.9229]]]}}, {"id": "1866927", "type": "Feature", "properties": {"id": "1866927", "CVEGEO": "2402400010671005", "POBTOT": 25.0, "score_nse": 0.0, "NSE": "ND", "VIVTOT": 8.0, "GRAPROES": 7.95, "_ent": "24", "_mun": "024", "_loc": "0001"}, "geometry": {"type": "Polygon", "coordinates": [[[-99.97464, 21.9241], [-99.97437, 21.92365], [-99.97461, 21.92356], [-99.97445, 21.92355], [-99.97446, 21.92299], [-99.97516, 21.92304], [-99.97464, 21.9241]]]}}, {"id": "1866928", "type": "Feature", "properties": {"id": "1866928", "CVEGEO": "2402400010671006", "POBTOT": 1.0, "score_nse": 0.0, "NSE": "ND", "VIVTOT": 1.0, "GRAPROES": 0.0, "_ent": "24", "_mun": "024", "_loc": "0001"}, "geometry": {"type": "Polygon", "coordinates": [[[-99.97425, 21.92362], [-99.97427, 21.92398], [-99.97357, 21.92364], [-99.97358, 21.9236], [-99.97425, 21.92362]]]}}, {"id": "1866929", "type": "Feature", "properties": {"id": "1866929", "CVEGEO": "2402400010671007", "POBTOT": 4.0, "score_nse": 0.0, "NSE": "ND", "VIVTOT": 2.0, "GRAPROES": 0.0, "_ent": "24", "_mun": "024", "_loc": "0001"}, "geometry": {"type": "Polygon", "coordinates": [[[-99.96932, 21.92383], [-99.97075, 21.92215], [-99.9725, 21.92221], [-99.97212, 21.92268], [-99.97465, 21.92431], [-99.97394, 21.9257], [-99.96932, 21.92383]]]}}, {"id": "1866930", "type": "Feature", "properties": {"id": "1866930", "CVEGEO": "2402400010671008", "POBTOT": 0.0, "score_nse": 0.0, "NSE": "ND", "VIVTOT": 0.0, "GRAPROES": 0.0, "_ent": "24", "_mun": "024", "_loc": "0001"}, "geometry": {"type": "Polygon", "coordinates": [[[-99.97287, 21.92291], [-99.97285, 21.9231], [-99.9725, 21.92289], [-99.97287, 21.92291]]]}}, {"id": "1866931", "type": "Feature", "properties": {"id": "1866931", "CVEGEO": "2402400010671009", "POBTOT": 12.0, "score_nse": 0.0, "NSE": "ND", "VIVTOT": 3.0, "GRAPROES": 8.4, "_ent": "24", "_mun": "024", "_loc": "0001"}, "geometry": {"type": "Polygon", "coordinates": [[[-99.97214, 21.92267], [-99.97247, 21.92227], [-99.9729, 21.92229], [-99.97288, 21.92283], [-99.97214, 21.92267]]]}}, {"id": "1866932", "type": "Feature", "properties": {"id": "1866932", "CVEGEO": "2402400010671011", "POBTOT": 38.0, "score_nse": 50.2727, "NSE": "C-", "VIVTOT": 11.0, "GRAPROES": 8.76, "_ent": "24", "_mun": "024", "_loc": "0001"}, "geometry": {"type": "Polygon", "coordinates": [[[-99.97445, 21.92202], [-99.97371, 21.92203], [-99.97372, 21.92102], [-99.97394, 21.92083], [-99.97443, 21.92112], [-99.97445, 21.92202]]]}}, {"id": "1866933", "type": "Feature", "properties": {"id": "1866933", "CVEGEO": "2402400010671013", "POBTOT": 15.0, "score_nse": 0.0, "NSE": "ND", "VIVTOT": 8.0, "GRAPROES": 9.0, "_ent": "24", "_mun": "024", "_loc": "0001"}, "geometry": {"type": "Polygon", "coordinates": [[[-99.97448, 21.9229], [-99.9745, 21.92231], [-99.97554, 21.92237], [-99.9752, 21.92296], [-99.97448, 21.9229]]]}}, {"id": "1866934", "type": "Feature", "properties": {"id": "1866934", "CVEGEO": "2402400010671014", "POBTOT": 104.0, "score_nse": 68.5091, "NSE": "C", "VIVTOT": 35.0, "GRAPROES": 11.62, "_ent": "24", "_mun": "024", "_loc": "0001"}, "geometry": {"type": "Polygon", "coordinates": [[[-99.97594, 21.9244], [-99.97609, 21.92411], [-99.97688, 21.92446], [-99.97688, 21.92466], [-99.97682, 21.92479], [-99.97594, 21.9244]]]}}, {"id": "1866935", "type": "Feature", "properties": {"id": "1866935", "CVEGEO": "2402400010671015", "POBTOT": 67.0, "score_nse": 76.5015, "NSE": "C+", "VIVTOT": 19.0, "GRAPROES": 12.1, "_ent": "24", "_mun": "024", "_loc": "0001"}, "geometry": {"type": "Polygon", "coordinates": [[[-99.97591, 21.92445], [-99.97645, 21.92469], [-99.97632, 21.92493], [-99.97579, 21.92469], [-99.97591, 21.92445]]]}}, {"id": "1866936", "type": "Feature", "properties": {"id": "1866936", "CVEGEO": "2402400010671016", "POBTOT": 24.0, "score_nse": 86.7566, "NSE": "A/B", "VIVTOT": 7.0, "GRAPROES": 13.85, "_ent": "24", "_mun": "024", "_loc": "0001"}, "geometry": {"type": "Polygon", "coordinates": [[[-99.97627, 21.92498], [-99.97594, 21.92565], [-99.97521, 21.92529], [-99.97532, 21.92488], [-99.97548, 21.92469], [-99.97627, 21.92498]]]}}, {"id": "1866937", "type": "Feature", "properties": {"id": "1866937", "CVEGEO": "2402400010671017", "POBTOT": 39.0, "score_nse": 62.0862, "NSE": "C", "VIVTOT": 11.0, "GRAPROES": 10.0, "_ent": "24", "_mun": "024", "_loc": "0001"}, "geometry": {"type": "Polygon", "coordinates": [[[-99.97589, 21.92573], [-99.97557, 21.92635], [-99.97525, 21.92621], [-99.97561, 21.92559], [-99.97589, 21.92573]]]}}, {"id": "1866938", "type": "Feature", "properties": {"id": "1866938", "CVEGEO": "2402400010671018", "POBTOT": 88.0, "score_nse": 51.4613, "NSE": "C-", "VIVTOT": 21.0, "GRAPROES": 8.49, "_ent": "24", "_mun": "024", "_loc": "0001"}, "geometry": {"type": "Polygon", "coordinates": [[[-99.96923, 21.92381], [-99.96565, 21.92232], [-99.96565, 21.92186], [-99.97059, 21.92217], [-99.96923, 21.92381]]]}}, {"id": "1866939", "type": "Feature", "properties": {"id": "1866939", "CVEGEO": "2402400010671020", "POBTOT": 0.0, "score_nse": 0.0, "NSE": "ND", "VIVTOT": 0.0, "GRAPROES": 0.0, "_ent": "24", "_mun": "024", "_loc": "0001"}, "geometry": {"type": "Polygon", "coordinates": [[[-99.98073, 21.92239], [-99.97738, 21.9222], [-99.97664, 21.92216], [-99.97673, 21.92205], [-99.97902, 21.92216], [-99.9802, 21.92157], [-99.98073, 21.92239]]]}}, {"id": "1866940", "type": "Feature", "properties": {"id": "1866940", "CVEGEO": "2402400010671021", "POBTOT": 30.0, "score_nse": 65.02, "NSE": "C", "VIVTOT": 10.0, "GRAPROES": 10.56, "_ent": "24", "_mun": "024", "_loc": "0001"}, "geometry": {"type": "Polygon", "coordinates": [[[-99.97677, 21.92483], [-99.97665, 21.92509], [-99.97637, 21.92495], [-99.97649, 21.92471], [-99.97677, 21.92483]]]}}, {"id": "1866941", "type": "Feature", "properties": {"id": "1866941", "CVEGEO": "2402400010671022", "POBTOT": 78.0, "score_nse": 60.1141, "NSE": "C", "VIVTOT": 27.0, "GRAPROES": 10.73, "_ent": "24", "_mun": "024", "_loc": "0001"}, "geometry": {"type": "Polygon", "coordinates": [[[-99.97661, 21.92514], [-99.97626, 21.92578], [-99.97599, 21.92567], [-99.97636, 21.92501], [-99.97661, 21.92514]]]}}, {"id": "1866942", "type": "Feature", "properties": {"id": "1866942", "CVEGEO": "2402400010671023", "POBTOT": 51.0, "score_nse": 0.0, "NSE": "ND", "VIVTOT": 17.0, "GRAPROES": 11.1, "_ent": "24", "_mun": "024", "_loc": "0001"}, "geometry": {"type": "Polygon", "coordinates": [[[-99.97593, 21.92652], [-99.97562, 21.92638], [-99.97595, 21.92575], [-99.97624, 21.9259], [-99.97593, 21.92652]]]}}, {"id": "1866943", "type": "Feature", "properties": {"id": "1866943", "CVEGEO": "2402400010671025", "POBTOT": 28.0, "score_nse": 0.0, "NSE": "ND", "VIVTOT": 10.0, "GRAPROES": 8.78, "_ent": "24", "_mun": "024", "_loc": "0001"}, "geometry": {"type": "Polygon", "coordinates": [[[-99.97682, 21.91777], [-99.97662, 21.91742], [-99.97694, 21.91725], [-99.97736, 21.91796], [-99.97682, 21.91777]]]}}, {"id": "1866944", "type": "Feature", "properties": {"id": "1866944", "CVEGEO": "2402400010671026", "POBTOT": 54.0, "score_nse": 0.0, "NSE": "ND", "VIVTOT": 26.0, "GRAPROES": 9.78, "_ent": "24", "_mun": "024", "_loc": "0001"}, "geometry": {"type": "Polygon", "coordinates": [[[-99.97738, 21.91704], [-99.97763, 21.91744], [-99.97813, 21.91823], [-99.97745, 21.91799], [-99.97703, 21.91721], [-99.97738, 21.91704]]]}}, {"id": "1866945", "type": "Feature", "properties": {"id": "1866945", "CVEGEO": "2402400010671027", "POBTOT": 53.0, "score_nse": 0.0, "NSE": "ND", "VIVTOT": 23.0, "GRAPROES": 8.16, "_ent": "24", "_mun": "024", "_loc": "0001"}, "geometry": {"type": "Polygon", "coordinates": [[[-99.9763, 21.91751], [-99.9758, 21.91741], [-99.97547, 21.91692], [-99.97547, 21.91642], [-99.97561, 21.91642], [-99.9763, 21.91751]]]}}, {"id": "1866946", "type": "Feature", "properties": {"id": "1866946", "CVEGEO": "2402400010671028", "POBTOT": 128.0, "score_nse": 50.1427, "NSE": "C-", "VIVTOT": 30.0, "GRAPROES": 7.87, "_ent": "24", "_mun": "024", "_loc": "0001"}, "geometry": {"type": "Polygon", "coordinates": [[[-99.97641, 21.91746], [-99.97565, 21.91637], [-99.97589, 21.91604], [-99.97668, 21.91731], [-99.97641, 21.91746]]]}}, {"id": "1866947", "type": "Feature", "properties": {"id": "1866947", "CVEGEO": "2402400010671029", "POBTOT": 146.0, "score_nse": 48.236, "NSE": "C-", "VIVTOT": 40.0, "GRAPROES": 7.91, "_ent": "24", "_mun": "024", "_loc": "0001"}, "geometry": {"type": "Polygon", "coordinates": [[[-99.9767, 21.91724], [-99.97592, 21.91595], [-99.97622, 21.91572], [-99.97705, 21.91711], [-99.9767, 21.91724]]]}}, {"id": "1866948", "type": "Feature", "properties": {"id": "1866948", "CVEGEO": "2402400010671030", "POBTOT": 69.0, "score_nse": 46.973, "NSE": "C-", "VIVTOT": 27.0, "GRAPROES": 9.78, "_ent": "24", "_mun": "024", "_loc": "0001"}, "geometry": {"type": "Polygon", "coordinates": [[[-99.97714, 21.91708], [-99.97634, 21.9157], [-99.97664, 21.91555], [-99.97735, 21.91698], [-99.97714, 21.91708]]]}}, {"id": "1866949", "type": "Feature", "properties": {"id": "1866949", "CVEGEO": "2402400010671031", "POBTOT": 0.0, "score_nse": 0.0, "NSE": "ND", "VIVTOT": 0.0, "GRAPROES": 0.0, "_ent": "24", "_mun": "024", "_loc": "0001"}, "geometry": {"type": "Polygon", "coordinates": [[[-99.97652, 21.91553], [-99.97658, 21.91551], [-99.97657, 21.91557], [-99.97652, 21.91553]]]}}, {"id": "1866950", "type": "Feature", "properties": {"id": "1866950", "CVEGEO": "2402400010671034", "POBTOT": 105.0, "score_nse": 0.0, "NSE": "ND", "VIVTOT": 35.0, "GRAPROES": 10.51, "_ent": "24", "_mun": "024", "_loc": "0001"}, "geometry": {"type": "Polygon", "coordinates": [[[-99.97555, 21.92237], [-99.97722, 21.92246], [-99.97628, 21.92413], [-99.97612, 21.92406], [-99.97602, 21.92422], [-99.97559, 21.92402], [-99.97533, 21.92453], [-99.97464, 21.92411], [-99.97555, 21.92237]]]}}, {"id": "1866951", "type": "Feature", "properties": {"id": "1866951", "CVEGEO": "2402400010671035", "POBTOT": 54.0, "score_nse": 63.0122, "NSE": "C", "VIVTOT": 19.0, "GRAPROES": 11.84, "_ent": "24", "_mun": "024", "_loc": "0001"}, "geometry": {"type": "Polygon", "coordinates": [[[-99.97461, 21.91765], [-99.97548, 21.91793], [-99.97557, 21.91795], [-99.97497, 21.91814], [-99.97436, 21.91795], [-99.97461, 21.91765]]]}}, {"id": "1866952", "type": "Feature", "properties": {"id": "1866952", "CVEGEO": "2402400010671036", "POBTOT": 47.0, "score_nse": 0.0, "NSE": "ND", "VIVTOT": 14.0, "GRAPROES": 10.18, "_ent": "24", "_mun": "024", "_loc": "0001"}, "geometry": {"type": "Polygon", "coordinates": [[[-99.97518, 21.91738], [-99.9762, 21.9176], [-99.97603, 21.91782], [-99.97567, 21.9179], [-99.97467, 21.91759], [-99.97518, 21.91738]]]}}, {"id": "1866953", "type": "Feature", "properties": {"id": "1866953", "CVEGEO": "2402400010671037", "POBTOT": 68.0, "score_nse": 0.0, "NSE": "ND", "VIVTOT": 24.0, "GRAPROES": 11.87, "_ent": "24", "_mun": "024", "_loc": "0001"}, "geometry": {"type": "Polygon", "coordinates": [[[-99.97435, 21.92586], [-99.97506, 21.92451], [-99.97534, 21.92467], [-99.97509, 21.92527], [-99.97557, 21.92556], [-99.97518, 21.9262], [-99.97435, 21.92586]]]}}, {"id": "1866954", "type": "Feature", "properties": {"id": "1866954", "CVEGEO": "2402400010671038", "POBTOT": 5.0, "score_nse": 0.0, "NSE": "ND", "VIVTOT": 3.0, "GRAPROES": 0.0, "_ent": "24", "_mun": "024", "_loc": "0001"}, "geometry": {"type": "Polygon", "coordinates": [[[-99.97434, 21.92496], [-99.97447, 21.92471], [-99.97478, 21.92483], [-99.97464, 21.92509], [-99.97434, 21.92496]]]}}, {"id": "1866955", "type": "Feature", "properties": {"id": "1866955", "CVEGEO": "2402400010671039", "POBTOT": 16.0, "score_nse": 55.9489, "NSE": "C", "VIVTOT": 9.0, "GRAPROES": 10.67, "_ent": "24", "_mun": "024", "_loc": "0001"}, "geometry": {"type": "Polygon", "coordinates": [[[-99.97452, 21.92463], [-99.97466, 21.92431], [-99.97496, 21.92448], [-99.97482, 21.92476], [-99.97452, 21.92463]]]}}, {"id": "1866956", "type": "Feature", "properties": {"id": "1866956", "CVEGEO": "2402400010671040", "POBTOT": 0.0, "score_nse": 10.0, "NSE": "E", "VIVTOT": 1.0, "GRAPROES": 0.0, "_ent": "24", "_mun": "024", "_loc": "0001"}, "geometry": {"type": "Polygon", "coordinates": [[[-99.97396, 21.92571], [-99.97413, 21.92537], [-99.97441, 21.92551], [-99.97425, 21.92582], [-99.97396, 21.92571]]]}}, {"id": "1866957", "type": "Feature", "properties": {"id": "1866957", "CVEGEO": "2402400010671041", "POBTOT": 5.0, "score_nse": 0.0, "NSE": "ND", "VIVTOT": 2.0, "GRAPROES": 0.0, "_ent": "24", "_mun": "024", "_loc": "0001"}, "geometry": {"type": "Polygon", "coordinates": [[[-99.97416, 21.9253], [-99.9743, 21.92504], [-99.97459, 21.92517], [-99.97447, 21.92542], [-99.97416, 21.9253]]]}}, {"id": "1866958", "type": "Feature", "properties": {"id": "1866958", "CVEGEO": "2402400010686001", "POBTOT": 10.0, "score_nse": 0.0, "NSE": "ND", "VIVTOT": 5.0, "GRAPROES": 0.0, "_ent": "24", "_mun": "024", "_loc": "0001"}, "geometry": {"type": "Polygon", "coordinates": [[[-99.98783, 21.91385], [-99.98843, 21.91355], [-99.98923, 21.91457], [-99.98875, 21.915], [-99.98783, 21.91385]]]}}, {"id": "1866959", "type": "Feature", "properties": {"id": "1866959", "CVEGEO": "2402400010686002", "POBTOT": 0.0, "score_nse": 10.0, "NSE": "E", "VIVTOT": 1.0, "GRAPROES": 0.0, "_ent": "24", "_mun": "024", "_loc": "0001"}, "geometry": {"type": "Polygon", "coordinates": [[[-99.98892, 21.91533], [-99.98854, 21.91555], [-99.98733, 21.91415], [-99.98775, 21.91389], [-99.98892, 21.91533]]]}}, {"id": "1866960", "type": "Feature", "properties": {"id": "1866960", "CVEGEO": "2402400010686003", "POBTOT": 7.0, "score_nse": 0.0, "NSE": "ND", "VIVTOT": 1.0, "GRAPROES": 0.0, "_ent": "24", "_mun": "024", "_loc": "0001"}, "geometry": {"type": "Polygon", "coordinates": [[[-99.98906, 21.91423], [-99.9885, 21.91353], [-99.98905, 21.91316], [-99.98959, 21.91382], [-99.98906, 21.91423]]]}}, {"id": "1866961", "type": "Feature", "properties": {"id": "1866961", "CVEGEO": "2402400010686004", "POBTOT": 16.0, "score_nse": 0.0, "NSE": "ND", "VIVTOT": 4.0, "GRAPROES": 10.38, "_ent": "24", "_mun": "024", "_loc": "0001"}, "geometry": {"type": "Polygon", "coordinates": [[[-99.98946, 21.91356], [-99.98908, 21.91311], [-99.98935, 21.91291], [-99.98972, 21.91339], [-99.98946, 21.91356]]]}}, {"id": "1866962", "type": "Feature", "properties": {"id": "1866962", "CVEGEO": "2402400010686005", "POBTOT": 26.0, "score_nse": 0.0, "NSE": "ND", "VIVTOT": 8.0, "GRAPROES": 7.44, "_ent": "24", "_mun": "024", "_loc": "0001"}, "geometry": {"type": "Polygon", "coordinates": [[[-99.98896, 21.91603], [-99.9886, 21.9156], [-99.98893, 21.9154], [-99.98933, 21.91588], [-99.98896, 21.91603]]]}}, {"id": "1866963", "type": "Feature", "properties": {"id": "1866963", "CVEGEO": "2402400010690001", "POBTOT": 31.0, "score_nse": 66.7316, "NSE": "C", "VIVTOT": 11.0, "GRAPROES": 11.46, "_ent": "24", "_mun": "024", "_loc": "0001"}, "geometry": {"type": "Polygon", "coordinates": [[[-99.99821, 21.92596], [-99.99899, 21.92611], [-99.9989, 21.92656], [-99.99811, 21.92642], [-99.99821, 21.92596]]]}}, {"id": "1866964", "type": "Feature", "properties": {"id": "1866964", "CVEGEO": "2402400010690002", "POBTOT": 33.0, "score_nse": 77.932, "NSE": "C+", "VIVTOT": 12.0, "GRAPROES": 14.2, "_ent": "24", "_mun": "024", "_loc": "0001"}, "geometry": {"type": "Polygon", "coordinates": [[[-99.99718, 21.92631], [-99.99727, 21.92576], [-99.99809, 21.92593], [-99.99799, 21.9264], [-99.99718, 21.92631]]]}}, {"id": "1866965", "type": "Feature", "properties": {"id": "1866965", "CVEGEO": "2402400010690003", "POBTOT": 56.0, "score_nse": 65.234, "NSE": "C", "VIVTOT": 40.0, "GRAPROES": 13.79, "_ent": "24", "_mun": "024", "_loc": "0001"}, "geometry": {"type": "Polygon", "coordinates": [[[-99.99809, 21.92492], [-99.99826, 21.92519], [-99.99811, 21.92586], [-99.9973, 21.9257], [-99.99748, 21.92479], [-99.99809, 21.92492]]]}}, {"id": "1866966", "type": "Feature", "properties": {"id": "1866966", "CVEGEO": "2402400010690005", "POBTOT": 29.0, "score_nse": 62.2947, "NSE": "C", "VIVTOT": 12.0, "GRAPROES": 10.29, "_ent": "24", "_mun": "024", "_loc": "0001"}, "geometry": {"type": "Polygon", "coordinates": [[[-99.99972, 21.92665], [-99.99901, 21.92655], [-99.99907, 21.9261], [-99.9998, 21.92625], [-99.99972, 21.92665]]]}}, {"id": "1866967", "type": "Feature", "properties": {"id": "1866967", "CVEGEO": "2402400010690006", "POBTOT": 24.0, "score_nse": 54.9236, "NSE": "C-", "VIVTOT": 11.0, "GRAPROES": 12.24, "_ent": "24", "_mun": "024", "_loc": "0001"}, "geometry": {"type": "Polygon", "coordinates": [[[-99.9996, 21.92729], [-99.99887, 21.92718], [-99.99897, 21.92662], [-99.99971, 21.92674], [-99.9996, 21.92729]]]}}, {"id": "1866968", "type": "Feature", "properties": {"id": "1866968", "CVEGEO": "2402400010690007", "POBTOT": 25.0, "score_nse": 68.432, "NSE": "C", "VIVTOT": 10.0, "GRAPROES": 13.48, "_ent": "24", "_mun": "024", "_loc": "0001"}, "geometry": {"type": "Polygon", "coordinates": [[[-99.99798, 21.92705], [-99.99808, 21.92648], [-99.99889, 21.92661], [-99.99878, 21.92716], [-99.99798, 21.92705]]]}}, {"id": "1866969", "type": "Feature", "properties": {"id": "1866969", "CVEGEO": "2402400010690008", "POBTOT": 30.0, "score_nse": 65.6045, "NSE": "C", "VIVTOT": 17.0, "GRAPROES": 12.26, "_ent": "24", "_mun": "024", "_loc": "0001"}, "geometry": {"type": "Polygon", "coordinates": [[[-99.99785, 21.92704], [-99.99704, 21.92694], [-99.99715, 21.92638], [-99.99798, 21.92646], [-99.99785, 21.92704]]]}}, {"id": "1866970", "type": "Feature", "properties": {"id": "1866970", "CVEGEO": "2402400010690009", "POBTOT": 73.0, "score_nse": 76.1669, "NSE": "C+", "VIVTOT": 21.0, "GRAPROES": 11.78, "_ent": "24", "_mun": "024", "_loc": "0001"}, "geometry": {"type": "Polygon", "coordinates": [[[-99.99694, 21.92694], [-99.99556, 21.92679], [-99.9957, 21.92623], [-99.99703, 21.92638], [-99.99694, 21.92694]]]}}, {"id": "1866971", "type": "Feature", "properties": {"id": "1866971", "CVEGEO": "2402400010690010", "POBTOT": 60.0, "score_nse": 56.3947, "NSE": "C", "VIVTOT": 27.0, "GRAPROES": 11.57, "_ent": "24", "_mun": "024", "_loc": "0001"}, "geometry": {"type": "Polygon", "coordinates": [[[-99.99705, 21.92632], [-99.9957, 21.92616], [-99.99585, 21.92546], [-99.99716, 21.92574], [-99.99705, 21.92632]]]}}, {"id": "1866972", "type": "Feature", "properties": {"id": "1866972", "CVEGEO": "2402400010690011", "POBTOT": 44.0, "score_nse": 71.7633, "NSE": "C+", "VIVTOT": 17.0, "GRAPROES": 12.94, "_ent": "24", "_mun": "024", "_loc": "0001"}, "geometry": {"type": "Polygon", "coordinates": [[[-99.9959, 21.92538], [-99.99608, 21.92451], [-99.99736, 21.92478], [-99.99716, 21.92565], [-99.9959, 21.92538]]]}}, {"id": "1866973", "type": "Feature", "properties": {"id": "1866973", "CVEGEO": "2402400010690012", "POBTOT": 27.0, "score_nse": 63.4286, "NSE": "C", "VIVTOT": 14.0, "GRAPROES": 11.54, "_ent": "24", "_mun": "024", "_loc": "0001"}, "geometry": {"type": "Polygon", "coordinates": [[[-99.99738, 21.92469], [-99.99609, 21.92444], [-99.99631, 21.92354], [-99.99761, 21.92359], [-99.99738, 21.92469]]]}}, {"id": "1866974", "type": "Feature", "properties": {"id": "1866974", "CVEGEO": "2402400010690013", "POBTOT": 15.0, "score_nse": 76.4897, "NSE": "C+", "VIVTOT": 7.0, "GRAPROES": 11.53, "_ent": "24", "_mun": "024", "_loc": "0001"}, "geometry": {"type": "Polygon", "coordinates": [[[-99.99811, 21.92481], [-99.99749, 21.92473], [-99.99772, 21.92361], [-99.9985, 21.92377], [-99.99833, 21.9247], [-99.99811, 21.92481]]]}}, {"id": "1866975", "type": "Feature", "properties": {"id": "1866975", "CVEGEO": "2402400010690015", "POBTOT": 19.0, "score_nse": 65.546, "NSE": "C", "VIVTOT": 12.0, "GRAPROES": 12.44, "_ent": "24", "_mun": "024", "_loc": "0001"}, "geometry": {"type": "Polygon", "coordinates": [[[-99.99928, 21.92498], [-99.99912, 21.92499], [-99.99926, 21.92476], [-99.99932, 21.92477], [-99.99928, 21.92498]]]}}, {"id": "1866976", "type": "Feature", "properties": {"id": "1866976", "CVEGEO": "2402400010690016", "POBTOT": 16.0, "score_nse": 0.0, "NSE": "ND", "VIVTOT": 6.0, "GRAPROES": 10.0, "_ent": "24", "_mun": "024", "_loc": "0001"}, "geometry": {"type": "Polygon", "coordinates": [[[-100.00063, 21.92642], [-100.00057, 21.92679], [-99.99981, 21.92666], [-99.99989, 21.92626], [-100.00063, 21.92642]]]}}, {"id": "1866977", "type": "Feature", "properties": {"id": "1866977", "CVEGEO": "2402400010690017", "POBTOT": 53.0, "score_nse": 67.648, "NSE": "C", "VIVTOT": 22.0, "GRAPROES": 12.03, "_ent": "24", "_mun": "024", "_loc": "0001"}, "geometry": {"type": "Polygon", "coordinates": [[[-99.99969, 21.9273], [-99.99979, 21.92676], [-100.00056, 21.92689], [-100.00045, 21.92743], [-99.99969, 21.9273]]]}}, {"id": "1866978", "type": "Feature", "properties": {"id": "1866978", "CVEGEO": "2402400010690018", "POBTOT": 67.0, "score_nse": 65.0797, "NSE": "C", "VIVTOT": 23.0, "GRAPROES": 11.33, "_ent": "24", "_mun": "024", "_loc": "0001"}, "geometry": {"type": "Polygon", "coordinates": [[[-100.00035, 21.92803], [-99.99957, 21.92794], [-99.99965, 21.9274], [-100.00045, 21.92751], [-100.00035, 21.92803]]]}}, {"id": "1866979", "type": "Feature", "properties": {"id": "1866979", "CVEGEO": "2402400010690019", "POBTOT": 42.0, "score_nse": 61.535, "NSE": "C", "VIVTOT": 16.0, "GRAPROES": 10.53, "_ent": "24", "_mun": "024", "_loc": "0001"}, "geometry": {"type": "Polygon", "coordinates": [[[-99.99945, 21.92793], [-99.99876, 21.92785], [-99.99885, 21.92728], [-99.99956, 21.92741], [-99.99945, 21.92793]]]}}, {"id": "1866980", "type": "Feature", "properties": {"id": "1866980", "CVEGEO": "2402400010690020", "POBTOT": 6.0, "score_nse": 0.0, "NSE": "ND", "VIVTOT": 3.0, "GRAPROES": 0.0, "_ent": "24", "_mun": "024", "_loc": "0001"}, "geometry": {"type": "Polygon", "coordinates": [[[-99.99867, 21.92787], [-99.99788, 21.92777], [-99.99799, 21.92717], [-99.99878, 21.92727], [-99.99867, 21.92787]]]}}, {"id": "1866981", "type": "Feature", "properties": {"id": "1866981", "CVEGEO": "2402400010690021", "POBTOT": 22.0, "score_nse": 0.0, "NSE": "ND", "VIVTOT": 8.0, "GRAPROES": 10.0, "_ent": "24", "_mun": "024", "_loc": "0001"}, "geometry": {"type": "Polygon", "coordinates": [[[-99.99692, 21.92765], [-99.99701, 21.92702], [-99.99783, 21.92713], [-99.9977, 21.92775], [-99.99692, 21.92765]]]}}, {"id": "1866982", "type": "Feature", "properties": {"id": "1866982", "CVEGEO": "2402400010690022", "POBTOT": 58.0, "score_nse": 67.9596, "NSE": "C", "VIVTOT": 22.0, "GRAPROES": 12.23, "_ent": "24", "_mun": "024", "_loc": "0001"}, "geometry": {"type": "Polygon", "coordinates": [[[-99.99681, 21.92766], [-99.99542, 21.92751], [-99.99554, 21.92685], [-99.99692, 21.92701], [-99.99681, 21.92766]]]}}, {"id": "1866983", "type": "Feature", "properties": {"id": "1866983", "CVEGEO": "2402400010690023", "POBTOT": 57.0, "score_nse": 0.0, "NSE": "ND", "VIVTOT": 24.0, "GRAPROES": 10.7, "_ent": "24", "_mun": "024", "_loc": "0001"}, "geometry": {"type": "Polygon", "coordinates": [[[-99.99852, 21.92339], [-99.99866, 21.92281], [-99.99972, 21.92309], [-99.99954, 21.92381], [-99.99852, 21.92339]]]}}, {"id": "1866984", "type": "Feature", "properties": {"id": "1866984", "CVEGEO": "2402400010690024", "POBTOT": 3.0, "score_nse": 0.0, "NSE": "ND", "VIVTOT": 1.0, "GRAPROES": 0.0, "_ent": "24", "_mun": "024", "_loc": "0001"}, "geometry": {"type": "Polygon", "coordinates": [[[-100.00024, 21.92421], [-99.9996, 21.92383], [-99.99979, 21.92312], [-100.00052, 21.92332], [-100.00024, 21.92421]]]}}, {"id": "1866985", "type": "Feature", "properties": {"id": "1866985", "CVEGEO": "2402400010690026", "POBTOT": 55.0, "score_nse": 0.0, "NSE": "ND", "VIVTOT": 25.0, "GRAPROES": 8.79, "_ent": "24", "_mun": "024", "_loc": "0001"}, "geometry": {"type": "Polygon", "coordinates": [[[-100.00186, 21.92556], [-100.00152, 21.9262], [-100.00139, 21.92596], [-100.00076, 21.92628], [-100.00094, 21.92503], [-100.00186, 21.92556]]]}}, {"id": "1866986", "type": "Feature", "properties": {"id": "1866986", "CVEGEO": "2402400010690027", "POBTOT": 66.0, "score_nse": 57.344, "NSE": "C", "VIVTOT": 23.0, "GRAPROES": 8.3, "_ent": "24", "_mun": "024", "_loc": "0001"}, "geometry": {"type": "Polygon", "coordinates": [[[-100.00047, 21.92806], [-100.00074, 21.92634], [-100.00139, 21.926], [-100.00168, 21.9282], [-100.00047, 21.92806]]]}}, {"id": "1866987", "type": "Feature", "properties": {"id": "1866987", "CVEGEO": "2402400010690028", "POBTOT": 115.0, "score_nse": 63.9463, "NSE": "C", "VIVTOT": 43.0, "GRAPROES": 10.96, "_ent": "24", "_mun": "024", "_loc": "0001"}, "geometry": {"type": "Polygon", "coordinates": [[[-99.99854, 21.92846], [-99.99679, 21.92827], [-99.99689, 21.92774], [-99.99866, 21.92796], [-99.99854, 21.92846]]]}}, {"id": "1866988", "type": "Feature", "properties": {"id": "1866988", "CVEGEO": "2402400010690030", "POBTOT": 0.0, "score_nse": 0.0, "NSE": "ND", "VIVTOT": 0.0, "GRAPROES": 0.0, "_ent": "24", "_mun": "024", "_loc": "0001"}, "geometry": {"type": "Polygon", "coordinates": [[[-100.00539, 21.92684], [-100.00563, 21.92693], [-100.00568, 21.92652], [-100.00615, 21.92672], [-100.0061, 21.92695], [-100.00666, 21.92728], [-100.00668, 21.92754], [-100.0053, 21.92696], [-100.00539, 21.92684]]]}}, {"id": "1866989", "type": "Feature", "properties": {"id": "1866989", "CVEGEO": "2402400010703001", "POBTOT": 118.0, "score_nse": 71.0993, "NSE": "C+", "VIVTOT": 39.0, "GRAPROES": 11.18, "_ent": "24", "_mun": "024", "_loc": "0001"}, "geometry": {"type": "Polygon", "coordinates": [[[-99.99301, 21.92726], [-99.99253, 21.92721], [-99.99266, 21.92622], [-99.99291, 21.92624], [-99.99267, 21.92616], [-99.99277, 21.92556], [-99.99312, 21.92556], [-99.99277, 21.92551], [-99.99286, 21.92488], [-99.99342, 21.92499], [-99.99301, 21.92726]]]}}, {"id": "1866990", "type": "Feature", "properties": {"id": "1866990", "CVEGEO": "2402400010703002", "POBTOT": 102.0, "score_nse": 61.3795, "NSE": "C", "VIVTOT": 51.0, "GRAPROES": 10.9, "_ent": "24", "_mun": "024", "_loc": "0001"}, "geometry": {"type": "Polygon", "coordinates": [[[-99.99219, 21.92553], [-99.99263, 21.92557], [-99.99256, 21.92615], [-99.99221, 21.92613], [-99.99255, 21.92624], [-99.99241, 21.9272], [-99.99167, 21.92714], [-99.99165, 21.9267], [-99.99201, 21.92672], [-99.99219, 21.92553]]]}}, {"id": "1866991", "type": "Feature", "properties": {"id": "1866991", "CVEGEO": "2402400010703003", "POBTOT": 4.0, "score_nse": 0.0, "NSE": "ND", "VIVTOT": 3.0, "GRAPROES": 0.0, "_ent": "24", "_mun": "024", "_loc": "0001"}, "geometry": {"type": "Polygon", "coordinates": [[[-99.99273, 21.92487], [-99.99266, 21.92547], [-99.99216, 21.92539], [-99.99221, 21.92482], [-99.99273, 21.92487]]]}}, {"id": "1866992", "type": "Feature", "properties": {"id": "1866992", "CVEGEO": "2402400010703005", "POBTOT": 47.0, "score_nse": 41.7442, "NSE": "D+", "VIVTOT": 44.0, "GRAPROES": 9.86, "_ent": "24", "_mun": "024", "_loc": "0001"}, "geometry": {"type": "Polygon", "coordinates": [[[-99.9944, 21.92581], [-99.99343, 21.92564], [-99.99352, 21.92502], [-99.99448, 21.92522], [-99.9944, 21.92581]]]}}, {"id": "1866993", "type": "Feature", "properties": {"id": "1866993", "CVEGEO": "2402400010703006", "POBTOT": 32.0, "score_nse": 57.3212, "NSE": "C", "VIVTOT": 13.0, "GRAPROES": 11.69, "_ent": "24", "_mun": "024", "_loc": "0001"}, "geometry": {"type": "Polygon", "coordinates": [[[-99.99424, 21.92645], [-99.9933, 21.92629], [-99.99342, 21.9257], [-99.9944, 21.92586], [-99.99424, 21.92645]]]}}, {"id": "1866994", "type": "Feature", "properties": {"id": "1866994", "CVEGEO": "2402400010703007", "POBTOT": 10.0, "score_nse": 0.0, "NSE": "ND", "VIVTOT": 7.0, "GRAPROES": 14.5, "_ent": "24", "_mun": "024", "_loc": "0001"}, "geometry": {"type": "Polygon", "coordinates": [[[-99.99356, 21.92732], [-99.99312, 21.92727], [-99.99329, 21.92638], [-99.9937, 21.92645], [-99.99356, 21.92732]]]}}, {"id": "1866995", "type": "Feature", "properties": {"id": "1866995", "CVEGEO": "2402400010703008", "POBTOT": 12.0, "score_nse": 0.0, "NSE": "ND", "VIVTOT": 6.0, "GRAPROES": 15.3, "_ent": "24", "_mun": "024", "_loc": "0001"}, "geometry": {"type": "Polygon", "coordinates": [[[-99.99193, 21.9266], [-99.99166, 21.92658], [-99.99183, 21.9255], [-99.99206, 21.92552], [-99.99193, 21.9266]]]}}, {"id": "1866996", "type": "Feature", "properties": {"id": "1866996", "CVEGEO": "2402400010703009", "POBTOT": 22.0, "score_nse": 61.104, "NSE": "C", "VIVTOT": 10.0, "GRAPROES": 11.38, "_ent": "24", "_mun": "024", "_loc": "0001"}, "geometry": {"type": "Polygon", "coordinates": [[[-99.99213, 21.92483], [-99.99207, 21.92539], [-99.9918, 21.92536], [-99.99185, 21.92484], [-99.99213, 21.92483]]]}}, {"id": "1866997", "type": "Feature", "properties": {"id": "1866997", "CVEGEO": "2402400010703010", "POBTOT": 24.0, "score_nse": 73.1156, "NSE": "C+", "VIVTOT": 9.0, "GRAPROES": 10.88, "_ent": "24", "_mun": "024", "_loc": "0001"}, "geometry": {"type": "Polygon", "coordinates": [[[-99.99239, 21.92347], [-99.99202, 21.92339], [-99.99204, 21.92323], [-99.99294, 21.9233], [-99.99275, 21.92479], [-99.99186, 21.92477], [-99.99202, 21.92343], [-99.99239, 21.92347]]]}}, {"id": "1866998", "type": "Feature", "properties": {"id": "1866998", "CVEGEO": "2402400010703011", "POBTOT": 13.0, "score_nse": 55.745, "NSE": "C", "VIVTOT": 8.0, "GRAPROES": 10.71, "_ent": "24", "_mun": "024", "_loc": "0001"}, "geometry": {"type": "Polygon", "coordinates": [[[-99.99343, 21.92492], [-99.99283, 21.92481], [-99.99304, 21.9233], [-99.99366, 21.92335], [-99.99343, 21.92492]]]}}, {"id": "1866999", "type": "Feature", "properties": {"id": "1866999", "CVEGEO": "2402400010703012", "POBTOT": 11.0, "score_nse": 96.792, "NSE": "A/B", "VIVTOT": 3.0, "GRAPROES": 14.13, "_ent": "24", "_mun": "024", "_loc": "0001"}, "geometry": {"type": "Polygon", "coordinates": [[[-99.9945, 21.92511], [-99.99355, 21.92494], [-99.9937, 21.92407], [-99.99465, 21.92424], [-99.9945, 21.92511]]]}}, {"id": "1867000", "type": "Feature", "properties": {"id": "1867000", "CVEGEO": "2402400010703013", "POBTOT": 32.0, "score_nse": 76.476, "NSE": "C+", "VIVTOT": 12.0, "GRAPROES": 12.57, "_ent": "24", "_mun": "024", "_loc": "0001"}, "geometry": {"type": "Polygon", "coordinates": [[[-99.99414, 21.92738], [-99.9936, 21.92732], [-99.99376, 21.92646], [-99.99431, 21.92656], [-99.99414, 21.92738]]]}}, {"id": "1867001", "type": "Feature", "properties": {"id": "1867001", "CVEGEO": "2402400010703014", "POBTOT": 33.0, "score_nse": 69.796, "NSE": "C", "VIVTOT": 17.0, "GRAPROES": 13.37, "_ent": "24", "_mun": "024", "_loc": "0001"}, "geometry": {"type": "Polygon", "coordinates": [[[-99.99155, 21.92712], [-99.9905, 21.92704], [-99.99053, 21.92661], [-99.99154, 21.92668], [-99.99155, 21.92712]]]}}, {"id": "1867002", "type": "Feature", "properties": {"id": "1867002", "CVEGEO": "2402400010703015", "POBTOT": 30.0, "score_nse": 0.0, "NSE": "ND", "VIVTOT": 23.0, "GRAPROES": 11.06, "_ent": "24", "_mun": "024", "_loc": "0001"}, "geometry": {"type": "Polygon", "coordinates": [[[-99.99153, 21.92658], [-99.99054, 21.9265], [-99.99066, 21.92537], [-99.99162, 21.92548], [-99.99153, 21.92658]]]}}, {"id": "1867003", "type": "Feature", "properties": {"id": "1867003", "CVEGEO": "2402400010703017", "POBTOT": 98.0, "score_nse": 55.978, "NSE": "C", "VIVTOT": 60.0, "GRAPROES": 10.86, "_ent": "24", "_mun": "024", "_loc": "0001"}, "geometry": {"type": "Polygon", "coordinates": [[[-99.99195, 21.9233], [-99.99177, 21.92467], [-99.99153, 21.92465], [-99.99167, 21.92328], [-99.99195, 21.9233]]]}}, {"id": "1867004", "type": "Feature", "properties": {"id": "1867004", "CVEGEO": "2402400010703019", "POBTOT": 8.0, "score_nse": 0.0, "NSE": "ND", "VIVTOT": 3.0, "GRAPROES": 8.0, "_ent": "24", "_mun": "024", "_loc": "0001"}, "geometry": {"type": "Polygon", "coordinates": [[[-99.99375, 21.9237], [-99.99379, 21.92334], [-99.99474, 21.92343], [-99.99465, 21.92418], [-99.99372, 21.92401], [-99.99375, 21.92375], [-99.994, 21.92374], [-99.99375, 21.9237]]]}}, {"id": "1867005", "type": "Feature", "properties": {"id": "1867005", "CVEGEO": "2402400010703020", "POBTOT": 39.0, "score_nse": 62.7125, "NSE": "C", "VIVTOT": 16.0, "GRAPROES": 10.66, "_ent": "24", "_mun": "024", "_loc": "0001"}, "geometry": {"type": "Polygon", "coordinates": [[[-99.99597, 21.9244], [-99.99474, 21.92418], [-99.99478, 21.92382], [-99.99569, 21.92382], [-99.99478, 21.92375], [-99.99484, 21.92343], [-99.99618, 21.92351], [-99.99597, 21.9244]]]}}, {"id": "1867006", "type": "Feature", "properties": {"id": "1867006", "CVEGEO": "2402400010703021", "POBTOT": 73.0, "score_nse": 67.86, "NSE": "C", "VIVTOT": 31.0, "GRAPROES": 10.97, "_ent": "24", "_mun": "024", "_loc": "0001"}, "geometry": {"type": "Polygon", "coordinates": [[[-99.99459, 21.92513], [-99.99466, 21.92473], [-99.99545, 21.92487], [-99.99466, 21.92467], [-99.99475, 21.92427], [-99.99593, 21.92449], [-99.99575, 21.92537], [-99.99459, 21.92513]]]}}, {"id": "1867007", "type": "Feature", "properties": {"id": "1867007", "CVEGEO": "2402400010703022", "POBTOT": 102.0, "score_nse": 60.918, "NSE": "C", "VIVTOT": 51.0, "GRAPROES": 11.06, "_ent": "24", "_mun": "024", "_loc": "0001"}, "geometry": {"type": "Polygon", "coordinates": [[[-99.99422, 21.92738], [-99.99435, 21.92656], [-99.99501, 21.92666], [-99.99436, 21.92651], [-99.99445, 21.92592], [-99.99539, 21.92608], [-99.99446, 21.92586], [-99.99455, 21.92526], [-99.99571, 21.92548], [-99.99524, 21.9275], [-99.99422, 21.92738]]]}}, {"id": "1867008", "type": "Feature", "properties": {"id": "1867008", "CVEGEO": "2402400010703023", "POBTOT": 135.0, "score_nse": 0.0, "NSE": "ND", "VIVTOT": 52.0, "GRAPROES": 11.7, "_ent": "24", "_mun": "024", "_loc": "0001"}, "geometry": {"type": "Polygon", "coordinates": [[[-99.99505, 21.92882], [-99.99399, 21.92874], [-99.99419, 21.92747], [-99.99527, 21.9276], [-99.99505, 21.92882]]]}}, {"id": "1867009", "type": "Feature", "properties": {"id": "1867009", "CVEGEO": "2402400010703024", "POBTOT": 94.0, "score_nse": 0.0, "NSE": "ND", "VIVTOT": 44.0, "GRAPROES": 11.05, "_ent": "24", "_mun": "024", "_loc": "0001"}, "geometry": {"type": "Polygon", "coordinates": [[[-99.99393, 21.92875], [-99.99285, 21.92867], [-99.99314, 21.92735], [-99.99414, 21.92747], [-99.99393, 21.92875]]]}}, {"id": "1867010", "type": "Feature", "properties": {"id": "1867010", "CVEGEO": "2402400010703025", "POBTOT": 42.0, "score_nse": 0.0, "NSE": "ND", "VIVTOT": 28.0, "GRAPROES": 10.81, "_ent": "24", "_mun": "024", "_loc": "0001"}, "geometry": {"type": "Polygon", "coordinates": [[[-99.99285, 21.92798], [-99.99162, 21.92784], [-99.99168, 21.92721], [-99.993, 21.92733], [-99.99285, 21.92798]]]}}, {"id": "1867011", "type": "Feature", "properties": {"id": "1867011", "CVEGEO": "2402400010703026", "POBTOT": 85.0, "score_nse": 54.5371, "NSE": "C-", "VIVTOT": 35.0, "GRAPROES": 9.88, "_ent": "24", "_mun": "024", "_loc": "0001"}, "geometry": {"type": "Polygon", "coordinates": [[[-99.99155, 21.92783], [-99.99044, 21.92772], [-99.99049, 21.92712], [-99.99162, 21.92721], [-99.99155, 21.92783]]]}}, {"id": "1867012", "type": "Feature", "properties": {"id": "1867012", "CVEGEO": "2402400010703028", "POBTOT": 52.0, "score_nse": 48.2849, "NSE": "C-", "VIVTOT": 28.0, "GRAPROES": 10.39, "_ent": "24", "_mun": "024", "_loc": "0001"}, "geometry": {"type": "Polygon", "coordinates": [[[-99.99144, 21.92325], [-99.9914, 21.92374], [-99.99114, 21.92372], [-99.99106, 21.92446], [-99.99079, 21.92443], [-99.9909, 21.9232], [-99.99144, 21.92325]]]}}, {"id": "1867013", "type": "Feature", "properties": {"id": "1867013", "CVEGEO": "2402400010703030", "POBTOT": 142.0, "score_nse": 0.0, "NSE": "ND", "VIVTOT": 49.0, "GRAPROES": 10.29, "_ent": "24", "_mun": "024", "_loc": "0001"}, "geometry": {"type": "Polygon", "coordinates": [[[-99.99658, 21.92892], [-99.99512, 21.92881], [-99.99538, 21.92758], [-99.99681, 21.92774], [-99.99658, 21.92892]]]}}, {"id": "1867014", "type": "Feature", "properties": {"id": "1867014", "CVEGEO": "2402400010703031", "POBTOT": 8.0, "score_nse": 0.0, "NSE": "ND", "VIVTOT": 5.0, "GRAPROES": 10.5, "_ent": "24", "_mun": "024", "_loc": "0001"}, "geometry": {"type": "Polygon", "coordinates": [[[-99.99078, 21.92447], [-99.99106, 21.9246], [-99.99077, 21.92457], [-99.99078, 21.92447]]]}}, {"id": "1867015", "type": "Feature", "properties": {"id": "1867015", "CVEGEO": "2402400010703032", "POBTOT": 5.0, "score_nse": 0.0, "NSE": "ND", "VIVTOT": 1.0, "GRAPROES": 0.0, "_ent": "24", "_mun": "024", "_loc": "0001"}, "geometry": {"type": "Polygon", "coordinates": [[[-99.99135, 21.92459], [-99.99114, 21.92456], [-99.99121, 21.9238], [-99.99157, 21.92383], [-99.99135, 21.92459]]]}}, {"id": "1867016", "type": "Feature", "properties": {"id": "1867016", "CVEGEO": "2402400010703033", "POBTOT": 0.0, "score_nse": 0.0, "NSE": "ND", "VIVTOT": 0.0, "GRAPROES": 0.0, "_ent": "24", "_mun": "024", "_loc": "0001"}, "geometry": {"type": "Polygon", "coordinates": [[[-99.99157, 21.92375], [-99.99147, 21.92359], [-99.99157, 21.9236], [-99.99157, 21.92375]]]}}, {"id": "1867017", "type": "Feature", "properties": {"id": "1867017", "CVEGEO": "2402400010718001", "POBTOT": 21.0, "score_nse": 0.0, "NSE": "ND", "VIVTOT": 9.0, "GRAPROES": 9.87, "_ent": "24", "_mun": "024", "_loc": "0001"}, "geometry": {"type": "Polygon", "coordinates": [[[-100.00623, 21.90801], [-100.00637, 21.9084], [-100.0058, 21.90874], [-100.00565, 21.90834], [-100.00623, 21.90801]]]}}, {"id": "1867018", "type": "Feature", "properties": {"id": "1867018", "CVEGEO": "2402400010718002", "POBTOT": 2.0, "score_nse": 0.0, "NSE": "ND", "VIVTOT": 1.0, "GRAPROES": 0.0, "_ent": "24", "_mun": "024", "_loc": "0001"}, "geometry": {"type": "Polygon", "coordinates": [[[-100.00647, 21.90786], [-100.00675, 21.90864], [-100.00653, 21.90872], [-100.00627, 21.90797], [-100.00647, 21.90786]]]}}, {"id": "1867019", "type": "Feature", "properties": {"id": "1867019", "CVEGEO": "2402400010718003", "POBTOT": 9.0, "score_nse": 0.0, "NSE": "ND", "VIVTOT": 4.0, "GRAPROES": 6.57, "_ent": "24", "_mun": "024", "_loc": "0001"}, "geometry": {"type": "Polygon", "coordinates": [[[-100.00693, 21.90841], [-100.00677, 21.90856], [-100.00649, 21.90784], [-100.00668, 21.90771], [-100.00693, 21.90841]]]}}, {"id": "1867020", "type": "Feature", "properties": {"id": "1867020", "CVEGEO": "2402400010718004", "POBTOT": 14.0, "score_nse": 62.61, "NSE": "C", "VIVTOT": 4.0, "GRAPROES": 5.13, "_ent": "24", "_mun": "024", "_loc": "0001"}, "geometry": {"type": "Polygon", "coordinates": [[[-100.00639, 21.90848], [-100.00657, 21.90904], [-100.00596, 21.90916], [-100.00582, 21.90877], [-100.00639, 21.90848]]]}}, {"id": "1867021", "type": "Feature", "properties": {"id": "1867021", "CVEGEO": "2402400010718005", "POBTOT": 6.0, "score_nse": 0.0, "NSE": "ND", "VIVTOT": 3.0, "GRAPROES": 0.0, "_ent": "24", "_mun": "024", "_loc": "0001"}, "geometry": {"type": "Polygon", "coordinates": [[[-100.00691, 21.90756], [-100.00715, 21.9082], [-100.00694, 21.9084], [-100.00669, 21.9077], [-100.00691, 21.90756]]]}}, {"id": "1867022", "type": "Feature", "properties": {"id": "1867022", "CVEGEO": "2402400010722001", "POBTOT": 14.0, "score_nse": 0.0, "NSE": "ND", "VIVTOT": 6.0, "GRAPROES": 10.4, "_ent": "24", "_mun": "024", "_loc": "0001"}, "geometry": {"type": "Polygon", "coordinates": [[[-99.98661, 21.90955], [-99.98556, 21.90944], [-99.98581, 21.90906], [-99.98747, 21.9094], [-99.98724, 21.9099], [-99.98661, 21.90955]]]}}, {"id": "1867023", "type": "Feature", "properties": {"id": "1867023", "CVEGEO": "2402400010737001", "POBTOT": 0.0, "score_nse": 10.0, "NSE": "E", "VIVTOT": 9.0, "GRAPROES": 0.0, "_ent": "24", "_mun": "024", "_loc": "0001"}, "geometry": {"type": "Polygon", "coordinates": [[[-99.98399, 21.90165], [-99.98254, 21.90254], [-99.98199, 21.90081], [-99.98323, 21.89992], [-99.98399, 21.90165]]]}}, {"id": "1867024", "type": "Feature", "properties": {"id": "1867024", "CVEGEO": "2402400010741001", "POBTOT": 7.0, "score_nse": 0.0, "NSE": "ND", "VIVTOT": 2.0, "GRAPROES": 0.0, "_ent": "24", "_mun": "024", "_loc": "0001"}, "geometry": {"type": "Polygon", "coordinates": [[[-99.99647, 21.91673], [-99.99638, 21.9163], [-99.99612, 21.91604], [-99.99636, 21.91604], [-99.99661, 21.91671], [-99.99647, 21.91673]]]}}, {"id": "1867025", "type": "Feature", "properties": {"id": "1867025", "CVEGEO": "2402400010756001", "POBTOT": 17.0, "score_nse": 0.0, "NSE": "ND", "VIVTOT": 6.0, "GRAPROES": 6.87, "_ent": "24", "_mun": "024", "_loc": "0001"}, "geometry": {"type": "Polygon", "coordinates": [[[-99.97101, 21.92192], [-99.97165, 21.92109], [-99.97133, 21.92085], [-99.97185, 21.92032], [-99.97217, 21.92055], [-99.97272, 21.92002], [-99.97381, 21.92076], [-99.97358, 21.92096], [-99.97363, 21.92204], [-99.97203, 21.92198], [-99.97205, 21.92133], [-99.97194, 21.92197], [-99.97101, 21.92192]]]}}, {"id": "1867026", "type": "Feature", "properties": {"id": "1867026", "CVEGEO": "2402400010760001", "POBTOT": 27.0, "score_nse": 0.0, "NSE": "ND", "VIVTOT": 8.0, "GRAPROES": 8.11, "_ent": "24", "_mun": "024", "_loc": "0001"}, "geometry": {"type": "Polygon", "coordinates": [[[-99.9671, 21.90654], [-99.96721, 21.90565], [-99.96807, 21.90569], [-99.96799, 21.90658], [-99.9671, 21.90654]]]}}, {"id": "1867027", "type": "Feature", "properties": {"id": "1867027", "CVEGEO": "2402400010760004", "POBTOT": 4.0, "score_nse": 0.0, "NSE": "ND", "VIVTOT": 1.0, "GRAPROES": 0.0, "_ent": "24", "_mun": "024", "_loc": "0001"}, "geometry": {"type": "Polygon", "coordinates": [[[-99.96903, 21.90662], [-99.9681, 21.9066], [-99.96816, 21.90573], [-99.96913, 21.90576], [-99.96903, 21.90662]]]}}, {"id": "1867028", "type": "Feature", "properties": {"id": "1867028", "CVEGEO": "2402400010760005", "POBTOT": 12.0, "score_nse": 0.0, "NSE": "ND", "VIVTOT": 5.0, "GRAPROES": 7.5, "_ent": "24", "_mun": "024", "_loc": "0001"}, "geometry": {"type": "Polygon", "coordinates": [[[-99.96486, 21.90753], [-99.96668, 21.90759], [-99.96649, 21.90817], [-99.96486, 21.90753]]]}}, {"id": "1867029", "type": "Feature", "properties": {"id": "1867029", "CVEGEO": "2402400010760006", "POBTOT": 0.0, "score_nse": 10.0, "NSE": "E", "VIVTOT": 1.0, "GRAPROES": 0.0, "_ent": "24", "_mun": "024", "_loc": "0001"}, "geometry": {"type": "Polygon", "coordinates": [[[-99.96657, 21.90651], [-99.96674, 21.90565], [-99.96712, 21.90566], [-99.96705, 21.90654], [-99.96657, 21.90651]]]}}, {"id": "1867030", "type": "Feature", "properties": {"id": "1867030", "CVEGEO": "2402400010775001", "POBTOT": 22.0, "score_nse": 0.0, "NSE": "ND", "VIVTOT": 8.0, "GRAPROES": 9.37, "_ent": "24", "_mun": "024", "_loc": "0001"}, "geometry": {"type": "Polygon", "coordinates": [[[-100.0056, 21.90724], [-100.0074, 21.90585], [-100.00848, 21.90553], [-100.00815, 21.90609], [-100.00744, 21.90633], [-100.00641, 21.90718], [-100.0056, 21.90724]]]}}, {"id": "1867031", "type": "Feature", "properties": {"id": "1867031", "CVEGEO": "240240001078A001", "POBTOT": 15.0, "score_nse": 0.0, "NSE": "ND", "VIVTOT": 3.0, "GRAPROES": 4.33, "_ent": "24", "_mun": "024", "_loc": "0001"}, "geometry": {"type": "Polygon", "coordinates": [[[-100.00967, 21.89824], [-100.00884, 21.89843], [-100.00879, 21.8982], [-100.00963, 21.8981], [-100.00967, 21.89824]]]}}, {"id": "1867032", "type": "Feature", "properties": {"id": "1867032", "CVEGEO": "240240001078A002", "POBTOT": 34.0, "score_nse": 0.0, "NSE": "ND", "VIVTOT": 8.0, "GRAPROES": 7.87, "_ent": "24", "_mun": "024", "_loc": "0001"}, "geometry": {"type": "Polygon", "coordinates": [[[-100.00879, 21.898], [-100.00938, 21.89794], [-100.00878, 21.89796], [-100.00876, 21.89782], [-100.00954, 21.89777], [-100.00963, 21.89808], [-100.0088, 21.89817], [-100.00879, 21.898]]]}}, {"id": "1867033", "type": "Feature", "properties": {"id": "1867033", "CVEGEO": "240240001078A003", "POBTOT": 0.0, "score_nse": 10.0, "NSE": "E", "VIVTOT": 2.0, "GRAPROES": 0.0, "_ent": "24", "_mun": "024", "_loc": "0001"}, "geometry": {"type": "Polygon", "coordinates": [[[-100.00889, 21.89918], [-100.00944, 21.89917], [-100.00946, 21.89959], [-100.00889, 21.89939], [-100.00889, 21.89918]]]}}, {"id": "1867034", "type": "Feature", "properties": {"id": "1867034", "CVEGEO": "2402400010794001", "POBTOT": 0.0, "score_nse": 0.0, "NSE": "ND", "VIVTOT": 0.0, "GRAPROES": 0.0, "_ent": "24", "_mun": "024", "_loc": "0001"}, "geometry": {"type": "Polygon", "coordinates": [[[-99.98486, 21.9056], [-99.98499, 21.90507], [-99.98532, 21.90538], [-99.98537, 21.90568], [-99.98486, 21.9056]]]}}, {"id": "1867035", "type": "Feature", "properties": {"id": "1867035", "CVEGEO": "2402400010794002", "POBTOT": 0.0, "score_nse": 10.0, "NSE": "E", "VIVTOT": 1.0, "GRAPROES": 0.0, "_ent": "24", "_mun": "024", "_loc": "0001"}, "geometry": {"type": "Polygon", "coordinates": [[[-99.98398, 21.9068], [-99.9834, 21.90503], [-99.98426, 21.90482], [-99.98449, 21.90452], [-99.98496, 21.90504], [-99.98449, 21.90682], [-99.98398, 21.9068]]]}}, {"id": "1867036", "type": "Feature", "properties": {"id": "1867036", "CVEGEO": "2402400010794003", "POBTOT": 8.0, "score_nse": 0.0, "NSE": "ND", "VIVTOT": 5.0, "GRAPROES": 0.0, "_ent": "24", "_mun": "024", "_loc": "0001"}, "geometry": {"type": "Polygon", "coordinates": [[[-99.9854, 21.90618], [-99.98505, 21.90694], [-99.98453, 21.90682], [-99.98473, 21.90606], [-99.9854, 21.90618]]]}}, {"id": "1867037", "type": "Feature", "properties": {"id": "1867037", "CVEGEO": "2402400010794004", "POBTOT": 26.0, "score_nse": 0.0, "NSE": "ND", "VIVTOT": 6.0, "GRAPROES": 7.88, "_ent": "24", "_mun": "024", "_loc": "0001"}, "geometry": {"type": "Polygon", "coordinates": [[[-99.98475, 21.906], [-99.98485, 21.90565], [-99.9854, 21.90574], [-99.9854, 21.90612], [-99.98475, 21.906]]]}}, {"id": "1867038", "type": "Feature", "properties": {"id": "1867038", "CVEGEO": "2402400010807001", "POBTOT": 1.0, "score_nse": 0.0, "NSE": "ND", "VIVTOT": 1.0, "GRAPROES": 0.0, "_ent": "24", "_mun": "024", "_loc": "0001"}, "geometry": {"type": "Polygon", "coordinates": [[[-99.9851, 21.90936], [-99.98476, 21.90825], [-99.98579, 21.90826], [-99.98575, 21.90915], [-99.9855, 21.90943], [-99.9851, 21.90936]]]}}, {"id": "1867039", "type": "Feature", "properties": {"id": "1867039", "CVEGEO": "2402400010811001", "POBTOT": 147.0, "score_nse": 50.5982, "NSE": "C-", "VIVTOT": 52.0, "GRAPROES": 9.38, "_ent": "24", "_mun": "024", "_loc": "0001"}, "geometry": {"type": "Polygon", "coordinates": [[[-99.964, 21.92991], [-99.96508, 21.92886], [-99.96532, 21.92906], [-99.96426, 21.93013], [-99.964, 21.92991]]]}}, {"id": "1867040", "type": "Feature", "properties": {"id": "1867040", "CVEGEO": "2402400010811002", "POBTOT": 156.0, "score_nse": 57.1769, "NSE": "C", "VIVTOT": 53.0, "GRAPROES": 9.99, "_ent": "24", "_mun": "024", "_loc": "0001"}, "geometry": {"type": "Polygon", "coordinates": [[[-99.9637, 21.92964], [-99.96477, 21.92858], [-99.96502, 21.9288], [-99.96395, 21.92986], [-99.9637, 21.92964]]]}}, {"id": "1867041", "type": "Feature", "properties": {"id": "1867041", "CVEGEO": "2402400010811003", "POBTOT": 2.0, "score_nse": 0.0, "NSE": "ND", "VIVTOT": 4.0, "GRAPROES": 0.0, "_ent": "24", "_mun": "024", "_loc": "0001"}, "geometry": {"type": "Polygon", "coordinates": [[[-99.96338, 21.92941], [-99.96445, 21.92832], [-99.9647, 21.92852], [-99.96365, 21.9296], [-99.96338, 21.92941]]]}}, {"id": "1867042", "type": "Feature", "properties": {"id": "1867042", "CVEGEO": "2402400010811004", "POBTOT": 145.0, "score_nse": 49.7613, "NSE": "C-", "VIVTOT": 54.0, "GRAPROES": 8.94, "_ent": "24", "_mun": "024", "_loc": "0001"}, "geometry": {"type": "Polygon", "coordinates": [[[-99.96452, 21.92825], [-99.96563, 21.92719], [-99.96585, 21.9274], [-99.96476, 21.92846], [-99.96452, 21.92825]]]}}, {"id": "1867043", "type": "Feature", "properties": {"id": "1867043", "CVEGEO": "2402400010811005", "POBTOT": 161.0, "score_nse": 57.4555, "NSE": "C", "VIVTOT": 53.0, "GRAPROES": 9.34, "_ent": "24", "_mun": "024", "_loc": "0001"}, "geometry": {"type": "Polygon", "coordinates": [[[-99.96482, 21.92851], [-99.9659, 21.92746], [-99.96616, 21.92767], [-99.96509, 21.92875], [-99.96482, 21.92851]]]}}, {"id": "1867044", "type": "Feature", "properties": {"id": "1867044", "CVEGEO": "2402400010811006", "POBTOT": 133.0, "score_nse": 57.3898, "NSE": "C", "VIVTOT": 52.0, "GRAPROES": 10.05, "_ent": "24", "_mun": "024", "_loc": "0001"}, "geometry": {"type": "Polygon", "coordinates": [[[-99.96513, 21.92879], [-99.96621, 21.92773], [-99.96645, 21.92793], [-99.96537, 21.929], [-99.96513, 21.92879]]]}}, {"id": "1867045", "type": "Feature", "properties": {"id": "1867045", "CVEGEO": "2402400010811007", "POBTOT": 119.0, "score_nse": 54.3408, "NSE": "C-", "VIVTOT": 52.0, "GRAPROES": 10.26, "_ent": "24", "_mun": "024", "_loc": "0001"}, "geometry": {"type": "Polygon", "coordinates": [[[-99.96542, 21.92904], [-99.96651, 21.92799], [-99.96678, 21.92821], [-99.96571, 21.92926], [-99.96542, 21.92904]]]}}, {"id": "1867046", "type": "Feature", "properties": {"id": "1867046", "CVEGEO": "2402400010811008", "POBTOT": 24.0, "score_nse": 56.2267, "NSE": "C", "VIVTOT": 12.0, "GRAPROES": 12.13, "_ent": "24", "_mun": "024", "_loc": "0001"}, "geometry": {"type": "Polygon", "coordinates": [[[-99.96576, 21.9293], [-99.96684, 21.92826], [-99.967, 21.9284], [-99.96593, 21.92945], [-99.96576, 21.9293]]]}}, {"id": "1867047", "type": "Feature", "properties": {"id": "1867047", "CVEGEO": "2402400010811009", "POBTOT": 142.0, "score_nse": 54.7458, "NSE": "C-", "VIVTOT": 54.0, "GRAPROES": 10.66, "_ent": "24", "_mun": "024", "_loc": "0001"}, "geometry": {"type": "Polygon", "coordinates": [[[-99.96431, 21.93017], [-99.96536, 21.9291], [-99.96565, 21.92932], [-99.96456, 21.9304], [-99.96431, 21.93017]]]}}, {"id": "1867048", "type": "Feature", "properties": {"id": "1867048", "CVEGEO": "2402400010811010", "POBTOT": 105.0, "score_nse": 64.6508, "NSE": "C", "VIVTOT": 32.0, "GRAPROES": 10.44, "_ent": "24", "_mun": "024", "_loc": "0001"}, "geometry": {"type": "Polygon", "coordinates": [[[-99.96305, 21.93121], [-99.96417, 21.93014], [-99.96443, 21.9304], [-99.96331, 21.93147], [-99.96305, 21.93121]]]}}, {"id": "1867049", "type": "Feature", "properties": {"id": "1867049", "CVEGEO": "2402400010811011", "POBTOT": 19.0, "score_nse": 0.0, "NSE": "ND", "VIVTOT": 7.0, "GRAPROES": 9.67, "_ent": "24", "_mun": "024", "_loc": "0001"}, "geometry": {"type": "Polygon", "coordinates": [[[-99.96461, 21.93044], [-99.96569, 21.92938], [-99.96585, 21.92952], [-99.96507, 21.93026], [-99.96522, 21.93039], [-99.96491, 21.9307], [-99.96461, 21.93044]]]}}, {"id": "1867050", "type": "Feature", "properties": {"id": "1867050", "CVEGEO": "2402400010811012", "POBTOT": 46.0, "score_nse": 0.0, "NSE": "ND", "VIVTOT": 18.0, "GRAPROES": 10.24, "_ent": "24", "_mun": "024", "_loc": "0001"}, "geometry": {"type": "Polygon", "coordinates": [[[-99.96479, 21.93071], [-99.96464, 21.93089], [-99.96447, 21.93076], [-99.96358, 21.93166], [-99.96341, 21.93154], [-99.9645, 21.93047], [-99.96479, 21.93071]]]}}, {"id": "1867051", "type": "Feature", "properties": {"id": "1867051", "CVEGEO": "2402400010811013", "POBTOT": 50.0, "score_nse": 63.6246, "NSE": "C", "VIVTOT": 19.0, "GRAPROES": 11.5, "_ent": "24", "_mun": "024", "_loc": "0001"}, "geometry": {"type": "Polygon", "coordinates": [[[-99.96352, 21.93176], [-99.96245, 21.93276], [-99.96228, 21.93264], [-99.96332, 21.93162], [-99.96352, 21.93176]]]}}, {"id": "1867052", "type": "Feature", "properties": {"id": "1867052", "CVEGEO": "2402400010811014", "POBTOT": 107.0, "score_nse": 70.756, "NSE": "C+", "VIVTOT": 30.0, "GRAPROES": 10.72, "_ent": "24", "_mun": "024", "_loc": "0001"}, "geometry": {"type": "Polygon", "coordinates": [[[-99.96194, 21.93235], [-99.96298, 21.93128], [-99.96324, 21.93154], [-99.96222, 21.93258], [-99.96194, 21.93235]]]}}, {"id": "1867053", "type": "Feature", "properties": {"id": "1867053", "CVEGEO": "2402400010811015", "POBTOT": 66.0, "score_nse": 64.8775, "NSE": "C", "VIVTOT": 22.0, "GRAPROES": 11.4, "_ent": "24", "_mun": "024", "_loc": "0001"}, "geometry": {"type": "Polygon", "coordinates": [[[-99.96406, 21.93005], [-99.96293, 21.93116], [-99.96266, 21.93095], [-99.96381, 21.92982], [-99.96406, 21.93005]]]}}, {"id": "1867054", "type": "Feature", "properties": {"id": "1867054", "CVEGEO": "2402400010826001", "POBTOT": 84.0, "score_nse": 61.5897, "NSE": "C", "VIVTOT": 39.0, "GRAPROES": 13.2, "_ent": "24", "_mun": "024", "_loc": "0001"}, "geometry": {"type": "Polygon", "coordinates": [[[-99.95192, 21.92187], [-99.95195, 21.92161], [-99.95307, 21.92175], [-99.953, 21.92201], [-99.95192, 21.92187]]]}}, {"id": "1867055", "type": "Feature", "properties": {"id": "1867055", "CVEGEO": "2402400010826002", "POBTOT": 54.0, "score_nse": 59.0024, "NSE": "C", "VIVTOT": 17.0, "GRAPROES": 10.39, "_ent": "24", "_mun": "024", "_loc": "0001"}, "geometry": {"type": "Polygon", "coordinates": [[[-99.951, 21.92178], [-99.95103, 21.9215], [-99.95187, 21.92159], [-99.95182, 21.92186], [-99.951, 21.92178]]]}}, {"id": "1867056", "type": "Feature", "properties": {"id": "1867056", "CVEGEO": "2402400010826003", "POBTOT": 66.0, "score_nse": 62.0568, "NSE": "C", "VIVTOT": 33.0, "GRAPROES": 12.36, "_ent": "24", "_mun": "024", "_loc": "0001"}, "geometry": {"type": "Polygon", "coordinates": [[[-99.95189, 21.92222], [-99.95192, 21.92196], [-99.95288, 21.92206], [-99.95281, 21.92232], [-99.95189, 21.92222]]]}}, {"id": "1867057", "type": "Feature", "properties": {"id": "1867057", "CVEGEO": "2402400010826004", "POBTOT": 94.0, "score_nse": 60.5746, "NSE": "C", "VIVTOT": 28.0, "GRAPROES": 10.95, "_ent": "24", "_mun": "024", "_loc": "0001"}, "geometry": {"type": "Polygon", "coordinates": [[[-99.95098, 21.92208], [-99.95101, 21.92186], [-99.95182, 21.92193], [-99.95178, 21.92218], [-99.95098, 21.92208]]]}}, {"id": "1867058", "type": "Feature", "properties": {"id": "1867058", "CVEGEO": "2402400010826005", "POBTOT": 0.0, "score_nse": 0.0, "NSE": "ND", "VIVTOT": 0.0, "GRAPROES": 0.0, "_ent": "24", "_mun": "024", "_loc": "0001"}, "geometry": {"type": "Polygon", "coordinates": [[[-99.95226, 21.924], [-99.95273, 21.92339], [-99.95332, 21.92148], [-99.95403, 21.92151], [-99.95417, 21.92172], [-99.9546, 21.9218], [-99.95454, 21.92207], [-99.95425, 21.92232], [-99.95392, 21.9223], [-99.95382, 21.92427], [-99.95226, 21.924]]]}}, {"id": "1867059", "type": "Feature", "properties": {"id": "1867059", "CVEGEO": "2402400010826006", "POBTOT": 95.0, "score_nse": 67.9112, "NSE": "C", "VIVTOT": 29.0, "GRAPROES": 11.92, "_ent": "24", "_mun": "024", "_loc": "0001"}, "geometry": {"type": "Polygon", "coordinates": [[[-99.95186, 21.92257], [-99.95189, 21.92231], [-99.9528, 21.92241], [-99.95276, 21.92267], [-99.95186, 21.92257]]]}}, {"id": "1867060", "type": "Feature", "properties": {"id": "1867060", "CVEGEO": "2402400010826007", "POBTOT": 67.0, "score_nse": 55.1291, "NSE": "C", "VIVTOT": 28.0, "GRAPROES": 10.63, "_ent": "24", "_mun": "024", "_loc": "0001"}, "geometry": {"type": "Polygon", "coordinates": [[[-99.95095, 21.92248], [-99.95097, 21.92221], [-99.95179, 21.92233], [-99.95175, 21.92256], [-99.95095, 21.92248]]]}}, {"id": "1867061", "type": "Feature", "properties": {"id": "1867061", "CVEGEO": "2402400010826008", "POBTOT": 45.0, "score_nse": 65.6733, "NSE": "C", "VIVTOT": 21.0, "GRAPROES": 11.67, "_ent": "24", "_mun": "024", "_loc": "0001"}, "geometry": {"type": "Polygon", "coordinates": [[[-99.95062, 21.92301], [-99.95072, 21.92181], [-99.95089, 21.92182], [-99.95077, 21.92302], [-99.95062, 21.92301]]]}}, {"id": "1867062", "type": "Feature", "properties": {"id": "1867062", "CVEGEO": "2402400010826009", "POBTOT": 10.0, "score_nse": 0.0, "NSE": "ND", "VIVTOT": 9.0, "GRAPROES": 8.86, "_ent": "24", "_mun": "024", "_loc": "0001"}, "geometry": {"type": "Polygon", "coordinates": [[[-99.95072, 21.92176], [-99.95081, 21.92063], [-99.951, 21.9207], [-99.9509, 21.92176], [-99.95072, 21.92176]]]}}, {"id": "1867063", "type": "Feature", "properties": {"id": "1867063", "CVEGEO": "2402400010826011", "POBTOT": 73.0, "score_nse": 63.5874, "NSE": "C", "VIVTOT": 35.0, "GRAPROES": 11.27, "_ent": "24", "_mun": "024", "_loc": "0001"}, "geometry": {"type": "Polygon", "coordinates": [[[-99.9518, 21.92295], [-99.95185, 21.92268], [-99.95275, 21.92278], [-99.95271, 21.92307], [-99.9518, 21.92295]]]}}, {"id": "1867064", "type": "Feature", "properties": {"id": "1867064", "CVEGEO": "2402400010826012", "POBTOT": 58.0, "score_nse": 0.0, "NSE": "ND", "VIVTOT": 28.0, "GRAPROES": 11.24, "_ent": "24", "_mun": "024", "_loc": "0001"}, "geometry": {"type": "Polygon", "coordinates": [[[-99.95089, 21.92283], [-99.95093, 21.92256], [-99.95174, 21.92265], [-99.95171, 21.92293], [-99.95089, 21.92283]]]}}, {"id": "1867065", "type": "Feature", "properties": {"id": "1867065", "CVEGEO": "2402400010826014", "POBTOT": 30.0, "score_nse": 62.4347, "NSE": "C", "VIVTOT": 15.0, "GRAPROES": 12.33, "_ent": "24", "_mun": "024", "_loc": "0001"}, "geometry": {"type": "Polygon", "coordinates": [[[-99.95172, 21.92324], [-99.95178, 21.92302], [-99.95268, 21.92315], [-99.95247, 21.92353], [-99.95172, 21.92324]]]}}, {"id": "1867066", "type": "Feature", "properties": {"id": "1867066", "CVEGEO": "2402400010826015", "POBTOT": 36.0, "score_nse": 74.7169, "NSE": "C+", "VIVTOT": 13.0, "GRAPROES": 11.92, "_ent": "24", "_mun": "024", "_loc": "0001"}, "geometry": {"type": "Polygon", "coordinates": [[[-99.95087, 21.92306], [-99.95088, 21.92289], [-99.95168, 21.92299], [-99.95166, 21.92315], [-99.95087, 21.92306]]]}}, {"id": "1867067", "type": "Feature", "properties": {"id": "1867067", "CVEGEO": "2402400010826016", "POBTOT": 49.0, "score_nse": 61.716, "NSE": "C", "VIVTOT": 18.0, "GRAPROES": 10.72, "_ent": "24", "_mun": "024", "_loc": "0001"}, "geometry": {"type": "Polygon", "coordinates": [[[-99.95072, 21.91968], [-99.95079, 21.9194], [-99.95136, 21.91957], [-99.95124, 21.91985], [-99.95072, 21.91968]]]}}, {"id": "1867068", "type": "Feature", "properties": {"id": "1867068", "CVEGEO": "2402400010826017", "POBTOT": 58.0, "score_nse": 66.533, "NSE": "C", "VIVTOT": 21.0, "GRAPROES": 12.35, "_ent": "24", "_mun": "024", "_loc": "0001"}, "geometry": {"type": "Polygon", "coordinates": [[[-99.95132, 21.91987], [-99.95142, 21.91958], [-99.95208, 21.91979], [-99.952, 21.92008], [-99.95132, 21.91987]]]}}, {"id": "1867069", "type": "Feature", "properties": {"id": "1867069", "CVEGEO": "2402400010826018", "POBTOT": 0.0, "score_nse": 0.0, "NSE": "ND", "VIVTOT": 0.0, "GRAPROES": 0.0, "_ent": "24", "_mun": "024", "_loc": "0001"}, "geometry": {"type": "Polygon", "coordinates": [[[-99.9508, 21.91937], [-99.95082, 21.91923], [-99.95129, 21.91943], [-99.95144, 21.919], [-99.95163, 21.91908], [-99.95141, 21.91955], [-99.9508, 21.91937]]]}}, {"id": "1867070", "type": "Feature", "properties": {"id": "1867070", "CVEGEO": "2402400010826019", "POBTOT": 31.0, "score_nse": 68.468, "NSE": "C", "VIVTOT": 15.0, "GRAPROES": 12.45, "_ent": "24", "_mun": "024", "_loc": "0001"}, "geometry": {"type": "Polygon", "coordinates": [[[-99.95155, 21.91955], [-99.95166, 21.91927], [-99.95216, 21.91943], [-99.95208, 21.91971], [-99.95155, 21.91955]]]}}, {"id": "1867071", "type": "Feature", "properties": {"id": "1867071", "CVEGEO": "2402400010826020", "POBTOT": 48.0, "score_nse": 73.3943, "NSE": "C+", "VIVTOT": 14.0, "GRAPROES": 13.89, "_ent": "24", "_mun": "024", "_loc": "0001"}, "geometry": {"type": "Polygon", "coordinates": [[[-99.95084, 21.91917], [-99.9509, 21.91888], [-99.95137, 21.91902], [-99.95125, 21.9193], [-99.95084, 21.91917]]]}}, {"id": "1867072", "type": "Feature", "properties": {"id": "1867072", "CVEGEO": "2402400010826022", "POBTOT": 1.0, "score_nse": 0.0, "NSE": "ND", "VIVTOT": 1.0, "GRAPROES": 0.0, "_ent": "24", "_mun": "024", "_loc": "0001"}, "geometry": {"type": "Polygon", "coordinates": [[[-99.95014, 21.91951], [-99.95016, 21.91932], [-99.94966, 21.91922], [-99.9498, 21.91858], [-99.94943, 21.91847], [-99.94947, 21.91827], [-99.94977, 21.91832], [-99.94981, 21.91814], [-99.95084, 21.91843], [-99.95057, 21.91963], [-99.95014, 21.91951]]]}}, {"id": "1867073", "type": "Feature", "properties": {"id": "1867073", "CVEGEO": "2402400010826023", "POBTOT": 43.0, "score_nse": 62.612, "NSE": "C", "VIVTOT": 20.0, "GRAPROES": 13.22, "_ent": "24", "_mun": "024", "_loc": "0001"}, "geometry": {"type": "Polygon", "coordinates": [[[-99.95091, 21.91881], [-99.95098, 21.91854], [-99.95162, 21.91873], [-99.95151, 21.919], [-99.95091, 21.91881]]]}}, {"id": "1867074", "type": "Feature", "properties": {"id": "1867074", "CVEGEO": "2402400010826024", "POBTOT": 16.0, "score_nse": 67.969, "NSE": "C", "VIVTOT": 8.0, "GRAPROES": 12.63, "_ent": "24", "_mun": "024", "_loc": "0001"}, "geometry": {"type": "Polygon", "coordinates": [[[-99.95162, 21.91919], [-99.95173, 21.91871], [-99.9523, 21.91887], [-99.95216, 21.91935], [-99.95162, 21.91919]]]}}, {"id": "1867075", "type": "Feature", "properties": {"id": "1867075", "CVEGEO": "2402400010826027", "POBTOT": 0.0, "score_nse": 0.0, "NSE": "ND", "VIVTOT": 0.0, "GRAPROES": 0.0, "_ent": "24", "_mun": "024", "_loc": "0001"}, "geometry": {"type": "Polygon", "coordinates": [[[-99.9531, 21.92171], [-99.95114, 21.92144], [-99.95129, 21.91992], [-99.95204, 21.92015], [-99.95226, 21.91934], [-99.95339, 21.91966], [-99.95362, 21.91925], [-99.95437, 21.91949], [-99.9531, 21.92171]]]}}, {"id": "1867076", "type": "Feature", "properties": {"id": "1867076", "CVEGEO": "2402400010826028", "POBTOT": 5.0, "score_nse": 0.0, "NSE": "ND", "VIVTOT": 3.0, "GRAPROES": 0.0, "_ent": "24", "_mun": "024", "_loc": "0001"}, "geometry": {"type": "Polygon", "coordinates": [[[-99.9511, 21.9239], [-99.95136, 21.92314], [-99.95226, 21.92358], [-99.95212, 21.92392], [-99.95138, 21.92368], [-99.95208, 21.92401], [-99.95201, 21.9242], [-99.9511, 21.9239]]]}}, {"id": "1867077", "type": "Feature", "properties": {"id": "1867077", "CVEGEO": "2402400010826029", "POBTOT": 0.0, "score_nse": 0.0, "NSE": "ND", "VIVTOT": 0.0, "GRAPROES": 0.0, "_ent": "24", "_mun": "024", "_loc": "0001"}, "geometry": {"type": "Polygon", "coordinates": [[[-99.95344, 21.92134], [-99.95417, 21.92027], [-99.95426, 21.92071], [-99.95383, 21.92131], [-99.95344, 21.92134]]]}}, {"id": "1867078", "type": "Feature", "properties": {"id": "1867078", "CVEGEO": "2402400010830001", "POBTOT": 0.0, "score_nse": 0.0, "NSE": "ND", "VIVTOT": 0.0, "GRAPROES": 0.0, "_ent": "24", "_mun": "024", "_loc": "0001"}, "geometry": {"type": "Polygon", "coordinates": [[[-99.99652, 21.94608], [-100.00036, 21.94674], [-99.99928, 21.94839], [-99.99583, 21.94758], [-99.99652, 21.94608]]]}}, {"id": "1867079", "type": "Feature", "properties": {"id": "1867079", "CVEGEO": "2402400010845001", "POBTOT": 0.0, "score_nse": 0.0, "NSE": "ND", "VIVTOT": 0.0, "GRAPROES": 0.0, "_ent": "24", "_mun": "024", "_loc": "0001"}, "geometry": {"type": "Polygon", "coordinates": [[[-99.96824, 21.92124], [-99.96907, 21.92139], [-99.96958, 21.92102], [-99.97082, 21.92191], [-99.96816, 21.92174], [-99.96824, 21.92124]]]}}, {"id": "1867080", "type": "Feature", "properties": {"id": "1867080", "CVEGEO": "240240001085A001", "POBTOT": 0.0, "score_nse": 0.0, "NSE": "ND", "VIVTOT": 0.0, "GRAPROES": 0.0, "_ent": "24", "_mun": "024", "_loc": "0001"}, "geometry": {"type": "Polygon", "coordinates": [[[-99.98336, 21.90499], [-99.98295, 21.90375], [-99.98375, 21.90353], [-99.98419, 21.90478], [-99.98336, 21.90499]]]}}, {"id": "1867081", "type": "Feature", "properties": {"id": "1867081", "CVEGEO": "2402400010864001", "POBTOT": 97.0, "score_nse": 54.198, "NSE": "C-", "VIVTOT": 40.0, "GRAPROES": 11.0, "_ent": "24", "_mun": "024", "_loc": "0001"}, "geometry": {"type": "Polygon", "coordinates": [[[-99.96496, 21.93254], [-99.96519, 21.93232], [-99.96626, 21.93292], [-99.96607, 21.93318], [-99.96496, 21.93254]]]}}, {"id": "1867082", "type": "Feature", "properties": {"id": "1867082", "CVEGEO": "2402400010864002", "POBTOT": 98.0, "score_nse": 61.9286, "NSE": "C", "VIVTOT": 33.0, "GRAPROES": 11.25, "_ent": "24", "_mun": "024", "_loc": "0001"}, "geometry": {"type": "Polygon", "coordinates": [[[-99.96473, 21.9328], [-99.9649, 21.93259], [-99.96621, 21.93337], [-99.96602, 21.9336], [-99.96473, 21.9328]]]}}, {"id": "1867083", "type": "Feature", "properties": {"id": "1867083", "CVEGEO": "2402400010864003", "POBTOT": 97.0, "score_nse": 51.2378, "NSE": "C-", "VIVTOT": 39.0, "GRAPROES": 10.76, "_ent": "24", "_mun": "024", "_loc": "0001"}, "geometry": {"type": "Polygon", "coordinates": [[[-99.96527, 21.93227], [-99.9655, 21.93204], [-99.96647, 21.93263], [-99.9663, 21.93286], [-99.96527, 21.93227]]]}}, {"id": "1867084", "type": "Feature", "properties": {"id": "1867084", "CVEGEO": "2402400010864004", "POBTOT": 28.0, "score_nse": 0.0, "NSE": "ND", "VIVTOT": 13.0, "GRAPROES": 9.41, "_ent": "24", "_mun": "024", "_loc": "0001"}, "geometry": {"type": "Polygon", "coordinates": [[[-99.96611, 21.93325], [-99.96654, 21.93264], [-99.96667, 21.93274], [-99.96625, 21.93333], [-99.96611, 21.93325]]]}}, {"id": "1867085", "type": "Feature", "properties": {"id": "1867085", "CVEGEO": "2402400010864005", "POBTOT": 59.0, "score_nse": 51.8751, "NSE": "C-", "VIVTOT": 23.0, "GRAPROES": 8.69, "_ent": "24", "_mun": "024", "_loc": "0001"}, "geometry": {"type": "Polygon", "coordinates": [[[-99.96555, 21.93199], [-99.96566, 21.93185], [-99.96681, 21.93256], [-99.9667, 21.9327], [-99.96555, 21.93199]]]}}, {"id": "1867086", "type": "Feature", "properties": {"id": "1867086", "CVEGEO": "2402400010864006", "POBTOT": 7.0, "score_nse": 0.0, "NSE": "ND", "VIVTOT": 3.0, "GRAPROES": 12.86, "_ent": "24", "_mun": "024", "_loc": "0001"}, "geometry": {"type": "Polygon", "coordinates": [[[-99.96447, 21.9331], [-99.96467, 21.93288], [-99.96495, 21.93306], [-99.96462, 21.9332], [-99.96447, 21.9331]]]}}, {"id": "1867087", "type": "Feature", "properties": {"id": "1867087", "CVEGEO": "2402400010879001", "POBTOT": 95.0, "score_nse": 62.2075, "NSE": "C", "VIVTOT": 32.0, "GRAPROES": 11.02, "_ent": "24", "_mun": "024", "_loc": "0001"}, "geometry": {"type": "Polygon", "coordinates": [[[-99.96258, 21.93096], [-99.9629, 21.93121], [-99.96185, 21.93227], [-99.96153, 21.93201], [-99.96258, 21.93096]]]}}, {"id": "1867088", "type": "Feature", "properties": {"id": "1867088", "CVEGEO": "2402400010879002", "POBTOT": 9.0, "score_nse": 0.0, "NSE": "ND", "VIVTOT": 3.0, "GRAPROES": 0.0, "_ent": "24", "_mun": "024", "_loc": "0001"}, "geometry": {"type": "Polygon", "coordinates": [[[-99.9622, 21.93273], [-99.96235, 21.93286], [-99.9622, 21.933], [-99.96204, 21.93289], [-99.9622, 21.93273]]]}}, {"id": "1867089", "type": "Feature", "properties": {"id": "1867089", "CVEGEO": "2402400010879003", "POBTOT": 9.0, "score_nse": 49.46, "NSE": "C-", "VIVTOT": 6.0, "GRAPROES": 12.33, "_ent": "24", "_mun": "024", "_loc": "0001"}, "geometry": {"type": "Polygon", "coordinates": [[[-99.96184, 21.93241], [-99.96214, 21.93266], [-99.96194, 21.93285], [-99.96162, 21.93263], [-99.96184, 21.93241]]]}}, {"id": "1867090", "type": "Feature", "properties": {"id": "1867090", "CVEGEO": "2402400010879004", "POBTOT": 15.0, "score_nse": 71.94, "NSE": "C+", "VIVTOT": 5.0, "GRAPROES": 10.27, "_ent": "24", "_mun": "024", "_loc": "0001"}, "geometry": {"type": "Polygon", "coordinates": [[[-99.96148, 21.93208], [-99.96178, 21.93233], [-99.96154, 21.93258], [-99.9612, 21.93235], [-99.96148, 21.93208]]]}}, {"id": "1867091", "type": "Feature", "properties": {"id": "1867091", "CVEGEO": "2402400010879005", "POBTOT": 38.0, "score_nse": 63.8367, "NSE": "C", "VIVTOT": 17.0, "GRAPROES": 11.12, "_ent": "24", "_mun": "024", "_loc": "0001"}, "geometry": {"type": "Polygon", "coordinates": [[[-99.96268, 21.93041], [-99.96323, 21.92987], [-99.96342, 21.93], [-99.96286, 21.93056], [-99.96268, 21.93041]]]}}, {"id": "1867092", "type": "Feature", "properties": {"id": "1867092", "CVEGEO": "2402400010879006", "POBTOT": 33.0, "score_nse": 55.4551, "NSE": "C", "VIVTOT": 13.0, "GRAPROES": 11.0, "_ent": "24", "_mun": "024", "_loc": "0001"}, "geometry": {"type": "Polygon", "coordinates": [[[-99.9622, 21.93047], [-99.96242, 21.93027], [-99.96281, 21.93063], [-99.9626, 21.93084], [-99.9622, 21.93047]]]}}, {"id": "1867093", "type": "Feature", "properties": {"id": "1867093", "CVEGEO": "2402400010879008", "POBTOT": 30.0, "score_nse": 0.0, "NSE": "ND", "VIVTOT": 13.0, "GRAPROES": 11.28, "_ent": "24", "_mun": "024", "_loc": "0001"}, "geometry": {"type": "Polygon", "coordinates": [[[-99.96191, 21.93075], [-99.96214, 21.93052], [-99.96254, 21.93089], [-99.96231, 21.93111], [-99.96191, 21.93075]]]}}, {"id": "1867094", "type": "Feature", "properties": {"id": "1867094", "CVEGEO": "2402400010879009", "POBTOT": 38.0, "score_nse": 57.3371, "NSE": "C", "VIVTOT": 22.0, "GRAPROES": 11.44, "_ent": "24", "_mun": "024", "_loc": "0001"}, "geometry": {"type": "Polygon", "coordinates": [[[-99.96111, 21.93166], [-99.96188, 21.93079], [-99.96205, 21.93093], [-99.96159, 21.9314], [-99.96203, 21.93105], [-99.9622, 21.9312], [-99.96146, 21.93196], [-99.96111, 21.93166]]]}}, {"id": "1867095", "type": "Feature", "properties": {"id": "1867095", "CVEGEO": "2402400010879010", "POBTOT": 8.0, "score_nse": 0.0, "NSE": "ND", "VIVTOT": 4.0, "GRAPROES": 0.0, "_ent": "24", "_mun": "024", "_loc": "0001"}, "geometry": {"type": "Polygon", "coordinates": [[[-99.96069, 21.93128], [-99.96045, 21.93108], [-99.96065, 21.93087], [-99.9609, 21.9311], [-99.96069, 21.93128]]]}}, {"id": "1867096", "type": "Feature", "properties": {"id": "1867096", "CVEGEO": "2402400010879011", "POBTOT": 93.0, "score_nse": 49.2862, "NSE": "C-", "VIVTOT": 53.0, "GRAPROES": 10.37, "_ent": "24", "_mun": "024", "_loc": "0001"}, "geometry": {"type": "Polygon", "coordinates": [[[-99.96191, 21.93022], [-99.96296, 21.92915], [-99.96318, 21.92935], [-99.96212, 21.93039], [-99.96191, 21.93022]]]}}, {"id": "1867097", "type": "Feature", "properties": {"id": "1867097", "CVEGEO": "2402400010879012", "POBTOT": 66.0, "score_nse": 44.2969, "NSE": "C-", "VIVTOT": 52.0, "GRAPROES": 10.27, "_ent": "24", "_mun": "024", "_loc": "0001"}, "geometry": {"type": "Polygon", "coordinates": [[[-99.9616, 21.92996], [-99.96264, 21.92889], [-99.96287, 21.92908], [-99.96183, 21.93017], [-99.9616, 21.92996]]]}}, {"id": "1867098", "type": "Feature", "properties": {"id": "1867098", "CVEGEO": "2402400010879013", "POBTOT": 2.0, "score_nse": 0.0, "NSE": "ND", "VIVTOT": 1.0, "GRAPROES": 0.0, "_ent": "24", "_mun": "024", "_loc": "0001"}, "geometry": {"type": "Polygon", "coordinates": [[[-99.96072, 21.93132], [-99.96098, 21.93109], [-99.96129, 21.93137], [-99.96105, 21.93162], [-99.96072, 21.93132]]]}}, {"id": "1867099", "type": "Feature", "properties": {"id": "1867099", "CVEGEO": "2402400010879015", "POBTOT": 49.0, "score_nse": 59.812, "NSE": "C", "VIVTOT": 21.0, "GRAPROES": 10.56, "_ent": "24", "_mun": "024", "_loc": "0001"}, "geometry": {"type": "Polygon", "coordinates": [[[-99.96131, 21.93133], [-99.96103, 21.93107], [-99.96181, 21.93026], [-99.96209, 21.93051], [-99.96131, 21.93133]]]}}, {"id": "1867100", "type": "Feature", "properties": {"id": "1867100", "CVEGEO": "2402400010879016", "POBTOT": 3.0, "score_nse": 0.0, "NSE": "ND", "VIVTOT": 2.0, "GRAPROES": 0.0, "_ent": "24", "_mun": "024", "_loc": "0001"}, "geometry": {"type": "Polygon", "coordinates": [[[-99.9599, 21.93163], [-99.9601, 21.93142], [-99.96086, 21.93209], [-99.96065, 21.9323], [-99.9599, 21.93163]]]}}, {"id": "1867101", "type": "Feature", "properties": {"id": "1867101", "CVEGEO": "2402400010879017", "POBTOT": 6.0, "score_nse": 0.0, "NSE": "ND", "VIVTOT": 3.0, "GRAPROES": 0.0, "_ent": "24", "_mun": "024", "_loc": "0001"}, "geometry": {"type": "Polygon", "coordinates": [[[-99.95961, 21.9319], [-99.95982, 21.93169], [-99.96056, 21.93236], [-99.96036, 21.93256], [-99.95961, 21.9319]]]}}, {"id": "1867102", "type": "Feature", "properties": {"id": "1867102", "CVEGEO": "2402400010883001", "POBTOT": 32.0, "score_nse": 68.856, "NSE": "C", "VIVTOT": 15.0, "GRAPROES": 13.74, "_ent": "24", "_mun": "024", "_loc": "0001"}, "geometry": {"type": "Polygon", "coordinates": [[[-100.00929, 21.92478], [-100.00977, 21.92485], [-100.00968, 21.92546], [-100.00922, 21.92532], [-100.00929, 21.92478]]]}}, {"id": "1867103", "type": "Feature", "properties": {"id": "1867103", "CVEGEO": "2402400010883002", "POBTOT": 12.0, "score_nse": 0.0, "NSE": "ND", "VIVTOT": 6.0, "GRAPROES": 13.88, "_ent": "24", "_mun": "024", "_loc": "0001"}, "geometry": {"type": "Polygon", "coordinates": [[[-100.00877, 21.92472], [-100.00917, 21.92477], [-100.00912, 21.9253], [-100.00872, 21.92518], [-100.00877, 21.92472]]]}}, {"id": "1867104", "type": "Feature", "properties": {"id": "1867104", "CVEGEO": "2402400010883003", "POBTOT": 18.0, "score_nse": 74.6733, "NSE": "C+", "VIVTOT": 12.0, "GRAPROES": 14.62, "_ent": "24", "_mun": "024", "_loc": "0001"}, "geometry": {"type": "Polygon", "coordinates": [[[-100.00881, 21.92439], [-100.00898, 21.92442], [-100.00906, 21.92362], [-100.00932, 21.92367], [-100.00919, 21.92467], [-100.00877, 21.92461], [-100.00881, 21.92439]]]}}, {"id": "1867105", "type": "Feature", "properties": {"id": "1867105", "CVEGEO": "2402400010883005", "POBTOT": 26.0, "score_nse": 82.504, "NSE": "C+", "VIVTOT": 11.0, "GRAPROES": 14.33, "_ent": "24", "_mun": "024", "_loc": "0001"}, "geometry": {"type": "Polygon", "coordinates": [[[-100.01004, 21.92379], [-100.0103, 21.92384], [-100.01015, 21.92479], [-100.0099, 21.92475], [-100.01004, 21.92379]]]}}, {"id": "1867106", "type": "Feature", "properties": {"id": "1867106", "CVEGEO": "2402400010883006", "POBTOT": 11.0, "score_nse": 62.5263, "NSE": "C", "VIVTOT": 7.0, "GRAPROES": 14.14, "_ent": "24", "_mun": "024", "_loc": "0001"}, "geometry": {"type": "Polygon", "coordinates": [[[-100.00988, 21.92486], [-100.01013, 21.9249], [-100.01003, 21.92556], [-100.0098, 21.9255], [-100.00988, 21.92486]]]}}, {"id": "1867107", "type": "Feature", "properties": {"id": "1867107", "CVEGEO": "2402400010898001", "POBTOT": 4.0, "score_nse": 0.0, "NSE": "ND", "VIVTOT": 3.0, "GRAPROES": 0.0, "_ent": "24", "_mun": "024", "_loc": "0001"}, "geometry": {"type": "Polygon", "coordinates": [[[-99.98285, 21.89322], [-99.98229, 21.89315], [-99.9826, 21.89101], [-99.98285, 21.89322]]]}}, {"id": "1867108", "type": "Feature", "properties": {"id": "1867108", "CVEGEO": "2402400010898002", "POBTOT": 9.0, "score_nse": 0.0, "NSE": "ND", "VIVTOT": 6.0, "GRAPROES": 5.43, "_ent": "24", "_mun": "024", "_loc": "0001"}, "geometry": {"type": "Polygon", "coordinates": [[[-99.98162, 21.89304], [-99.9819, 21.89122], [-99.9825, 21.89106], [-99.98225, 21.89314], [-99.98162, 21.89304]]]}}, {"id": "1867109", "type": "Feature", "properties": {"id": "1867109", "CVEGEO": "2402400010898003", "POBTOT": 4.0, "score_nse": 0.0, "NSE": "ND", "VIVTOT": 2.0, "GRAPROES": 0.0, "_ent": "24", "_mun": "024", "_loc": "0001"}, "geometry": {"type": "Polygon", "coordinates": [[[-99.98263, 21.89099], [-99.98299, 21.89088], [-99.98329, 21.89327], [-99.98291, 21.89322], [-99.98263, 21.89099]]]}}, {"id": "1867110", "type": "Feature", "properties": {"id": "1867110", "CVEGEO": "2402400010898004", "POBTOT": 18.0, "score_nse": 0.0, "NSE": "ND", "VIVTOT": 8.0, "GRAPROES": 8.58, "_ent": "24", "_mun": "024", "_loc": "0001"}, "geometry": {"type": "Polygon", "coordinates": [[[-99.98342, 21.89336], [-99.98351, 21.89403], [-99.98301, 21.89397], [-99.98291, 21.89328], [-99.98342, 21.89336]]]}}, {"id": "1867111", "type": "Feature", "properties": {"id": "1867111", "CVEGEO": "2402400010900001", "POBTOT": 87.0, "score_nse": 49.1046, "NSE": "C-", "VIVTOT": 52.0, "GRAPROES": 10.69, "_ent": "24", "_mun": "024", "_loc": "0001"}, "geometry": {"type": "Polygon", "coordinates": [[[-99.96324, 21.9293], [-99.96302, 21.9291], [-99.96411, 21.92804], [-99.96433, 21.92825], [-99.96324, 21.9293]]]}}, {"id": "1867112", "type": "Feature", "properties": {"id": "1867112", "CVEGEO": "2402400010900002", "POBTOT": 105.0, "score_nse": 50.8987, "NSE": "C-", "VIVTOT": 53.0, "GRAPROES": 10.64, "_ent": "24", "_mun": "024", "_loc": "0001"}, "geometry": {"type": "Polygon", "coordinates": [[[-99.96295, 21.92902], [-99.9627, 21.92881], [-99.96377, 21.92776], [-99.96402, 21.92798], [-99.96295, 21.92902]]]}}, {"id": "1867113", "type": "Feature", "properties": {"id": "1867113", "CVEGEO": "2402400010900003", "POBTOT": 116.0, "score_nse": 50.3399, "NSE": "C-", "VIVTOT": 53.0, "GRAPROES": 9.94, "_ent": "24", "_mun": "024", "_loc": "0001"}, "geometry": {"type": "Polygon", "coordinates": [[[-99.96408, 21.92788], [-99.96385, 21.92768], [-99.96489, 21.92665], [-99.96514, 21.92687], [-99.96408, 21.92788]]]}}, {"id": "1867114", "type": "Feature", "properties": {"id": "1867114", "CVEGEO": "2402400010900004", "POBTOT": 94.0, "score_nse": 45.1133, "NSE": "C-", "VIVTOT": 53.0, "GRAPROES": 9.54, "_ent": "24", "_mun": "024", "_loc": "0001"}, "geometry": {"type": "Polygon", "coordinates": [[[-99.96439, 21.92817], [-99.96415, 21.92795], [-99.96522, 21.92691], [-99.96549, 21.92713], [-99.96439, 21.92817]]]}}, {"id": "1867115", "type": "Feature", "properties": {"id": "1867115", "CVEGEO": "2402400010900005", "POBTOT": 32.0, "score_nse": 70.216, "NSE": "C+", "VIVTOT": 15.0, "GRAPROES": 14.09, "_ent": "24", "_mun": "024", "_loc": "0001"}, "geometry": {"type": "Polygon", "coordinates": [[[-99.96348, 21.92735], [-99.96427, 21.92656], [-99.9646, 21.92683], [-99.96381, 21.92762], [-99.96348, 21.92735]]]}}, {"id": "1867116", "type": "Feature", "properties": {"id": "1867116", "CVEGEO": "2402400010900006", "POBTOT": 32.0, "score_nse": 88.3827, "NSE": "A/B", "VIVTOT": 12.0, "GRAPROES": 14.44, "_ent": "24", "_mun": "024", "_loc": "0001"}, "geometry": {"type": "Polygon", "coordinates": [[[-99.96343, 21.92699], [-99.96398, 21.92644], [-99.96392, 21.92625], [-99.96421, 21.9265], [-99.96342, 21.92729], [-99.96314, 21.92704], [-99.96329, 21.92689], [-99.96343, 21.92699]]]}}, {"id": "1867117", "type": "Feature", "properties": {"id": "1867117", "CVEGEO": "2402400010915001", "POBTOT": 1.0, "score_nse": 0.0, "NSE": "ND", "VIVTOT": 3.0, "GRAPROES": 0.0, "_ent": "24", "_mun": "024", "_loc": "0001"}, "geometry": {"type": "Polygon", "coordinates": [[[-99.96626, 21.94274], [-99.9658, 21.94213], [-99.96877, 21.94098], [-99.96982, 21.94142], [-99.96867, 21.94362], [-99.96626, 21.94274]]]}}, {"id": "1868729", "type": "Feature", "properties": {"id": "1868729", "CVEGEO": "2402400010633003", "POBTOT": 6.0, "score_nse": 0.0, "NSE": "ND", "VIVTOT": 4.0, "GRAPROES": 4.17, "_ent": "24", "_mun": "024", "_loc": "0001"}, "geometry": {"type": "Polygon", "coordinates": [[[-99.97247, 21.90224], [-99.97207, 21.8994], [-99.97469, 21.89994], [-99.97489, 21.90025], [-99.97509, 21.90144], [-99.97478, 21.90155], [-99.97475, 21.90183], [-99.9728, 21.90235], [-99.97247, 21.90224]]]}}, {"id": "1868730", "type": "Feature", "properties": {"id": "1868730", "CVEGEO": "2402400010633030", "POBTOT": 17.0, "score_nse": 0.0, "NSE": "ND", "VIVTOT": 6.0, "GRAPROES": 8.15, "_ent": "24", "_mun": "024", "_loc": "0001"}, "geometry": {"type": "Polygon", "coordinates": [[[-99.97793, 21.89871], [-99.97818, 21.89958], [-99.97759, 21.89967], [-99.97722, 21.89875], [-99.97793, 21.89871]]]}}, {"id": "1868731", "type": "Feature", "properties": {"id": "1868731", "CVEGEO": "240240001046A065", "POBTOT": 274.0, "score_nse": 0.0, "NSE": "ND", "VIVTOT": 76.0, "GRAPROES": 10.05, "_ent": "24", "_mun": "024", "_loc": "0001"}, "geometry": {"type": "Polygon", "coordinates": [[[-99.98379, 21.93545], [-99.98594, 21.93568], [-99.98686, 21.93613], [-99.98624, 21.93679], [-99.98536, 21.93645], [-99.98556, 21.93604], [-99.98515, 21.93588], [-99.98549, 21.93605], [-99.98531, 21.93643], [-99.9848, 21.93626], [-99.98486, 21.93609], [-99.98475, 21.93624], [-99.9837, 21.93586], [-99.98379, 21.93545]]]}}, {"id": "1868732", "type": "Feature", "properties": {"id": "1868732", "CVEGEO": "2402400010597047", "POBTOT": 0.0, "score_nse": 0.0, "NSE": "ND", "VIVTOT": 0.0, "GRAPROES": 0.0, "_ent": "24", "_mun": "024", "_loc": "0001"}, "geometry": {"type": "Polygon", "coordinates": [[[-99.98111, 21.90643], [-99.98097, 21.90635], [-99.98106, 21.90632], [-99.98111, 21.90643]]]}}, {"id": "1868733", "type": "Feature", "properties": {"id": "1868733", "CVEGEO": "2402400010633009", "POBTOT": 90.0, "score_nse": 0.0, "NSE": "ND", "VIVTOT": 30.0, "GRAPROES": 7.32, "_ent": "24", "_mun": "024", "_loc": "0001"}, "geometry": {"type": "Polygon", "coordinates": [[[-99.97571, 21.90134], [-99.97601, 21.90221], [-99.97259, 21.90309], [-99.97248, 21.9023], [-99.97281, 21.9024], [-99.97478, 21.90187], [-99.97482, 21.90159], [-99.97571, 21.90134]]]}}, {"id": "1868734", "type": "Feature", "properties": {"id": "1868734", "CVEGEO": "2402400010192007", "POBTOT": 135.0, "score_nse": 65.3915, "NSE": "C", "VIVTOT": 47.0, "GRAPROES": 10.7, "_ent": "24", "_mun": "024", "_loc": "0001"}, "geometry": {"type": "Polygon", "coordinates": [[[-100.00564, 21.94275], [-100.0053, 21.94259], [-100.00557, 21.94184], [-100.00525, 21.94256], [-100.00396, 21.94197], [-100.0039, 21.94165], [-100.00436, 21.94044], [-100.0061, 21.94158], [-100.00564, 21.94275]]]}}, {"id": "1868735", "type": "Feature", "properties": {"id": "1868735", "CVEGEO": "2402400010633036", "POBTOT": 0.0, "score_nse": 0.0, "NSE": "ND", "VIVTOT": 0.0, "GRAPROES": 0.0, "_ent": "24", "_mun": "024", "_loc": "0001"}, "geometry": {"type": "Polygon", "coordinates": [[[-99.97759, 21.89755], [-99.9779, 21.89864], [-99.97722, 21.8987], [-99.97714, 21.89819], [-99.97759, 21.89755]]]}}, {"id": "1868736", "type": "Feature", "properties": {"id": "1868736", "CVEGEO": "2402400010633037", "POBTOT": 0.0, "score_nse": 0.0, "NSE": "ND", "VIVTOT": 0.0, "GRAPROES": 0.0, "_ent": "24", "_mun": "024", "_loc": "0001"}, "geometry": {"type": "Polygon", "coordinates": [[[-99.97602, 21.89673], [-99.97654, 21.89632], [-99.97666, 21.89693], [-99.97624, 21.89711], [-99.97602, 21.89673]]]}}, {"id": "1868737", "type": "Feature", "properties": {"id": "1868737", "CVEGEO": "2402400010633035", "POBTOT": 9.0, "score_nse": 0.0, "NSE": "ND", "VIVTOT": 6.0, "GRAPROES": 0.0, "_ent": "24", "_mun": "024", "_loc": "0001"}, "geometry": {"type": "Polygon", "coordinates": [[[-99.97659, 21.89629], [-99.97714, 21.89594], [-99.97736, 21.89672], [-99.97672, 21.89691], [-99.97659, 21.89629]]]}}, {"id": "1868738", "type": "Feature", "properties": {"id": "1868738", "CVEGEO": "2402400010667031", "POBTOT": 12.0, "score_nse": 86.8, "NSE": "A/B", "VIVTOT": 5.0, "GRAPROES": 15.0, "_ent": "24", "_mun": "024", "_loc": "0001"}, "geometry": {"type": "Polygon", "coordinates": [[[-99.98824, 21.92579], [-99.98846, 21.92347], [-99.99075, 21.92387], [-99.99047, 21.92648], [-99.9882, 21.92622], [-99.98823, 21.92585], [-99.98871, 21.92588], [-99.98853, 21.92583], [-99.9886, 21.92523], [-99.98847, 21.92582], [-99.98824, 21.92579]]]}}, {"id": "1868739", "type": "Feature", "properties": {"id": "1868739", "CVEGEO": "2402400010633020", "POBTOT": 63.0, "score_nse": 0.0, "NSE": "ND", "VIVTOT": 19.0, "GRAPROES": 7.47, "_ent": "24", "_mun": "024", "_loc": "0001"}, "geometry": {"type": "Polygon", "coordinates": [[[-99.97129, 21.9028], [-99.97141, 21.90337], [-99.97103, 21.90346], [-99.97093, 21.9032], [-99.97097, 21.90348], [-99.96906, 21.90393], [-99.96874, 21.90366], [-99.97129, 21.9028]]]}}, {"id": "1868740", "type": "Feature", "properties": {"id": "1868740", "CVEGEO": "240240001046A003", "POBTOT": 673.0, "score_nse": 53.1673, "NSE": "C-", "VIVTOT": 211.0, "GRAPROES": 8.45, "_ent": "24", "_mun": "024", "_loc": "0001"}, "geometry": {"type": "Polygon", "coordinates": [[[-99.9803, 21.93156], [-99.98109, 21.93172], [-99.98124, 21.93116], [-99.98189, 21.93127], [-99.98194, 21.93153], [-99.98198, 21.93132], [-99.98259, 21.93144], [-99.98257, 21.93193], [-99.98267, 21.93145], [-99.98335, 21.93152], [-99.98308, 21.93274], [-99.98186, 21.93249], [-99.98129, 21.93285], [-99.98041, 21.93276], [-99.979, 21.93331], [-99.978, 21.93437], [-99.97484, 21.93457], [-99.97448, 21.93427], [-99.97438, 21.93363], [-99.97487, 21.93333], [-99.97484, 21.93262], [-99.97542, 21.93114], [-99.97536, 21.93104], [-99.97509, 21.9309], [-99.9745, 21.9307], [-99.97449, 21.93116], [-99.97455, 21.93074], [-99.97537, 21.93115], [-99.9748, 21.9326], [-99.9748, 21.93335], [-99.97434, 21.93358], [-99.97444, 21.93428], [-99.97482, 21.93462], [-99.97486, 21.93594], [-99.97385, 21.93756], [-99.97308, 21.93753], [-99.9726, 21.93731], [-99.97195, 21.93653], [-99.97189, 21.93557], [-99.97346, 21.9341], [-99.97427, 21.93277], [-99.97427, 21.9319], [-99.97178, 21.9298], [-99.97, 21.92854], [-99.96923, 21.92826], [-99.96838, 21.92705], [-99.96775, 21.9266], [-99.96816, 21.92348], [-99.97949, 21.92806], [-99.97917, 21.92858], [-99.9785, 21.93038], [-99.97762, 21.93001], [-99.97853, 21.93045], [-99.9792, 21.92862], [-99.97959, 21.92814], [-99.98165, 21.92896], [-99.98139, 21.9301], [-99.98115, 21.93012], [-99.98138, 21.93016], [-99.98117, 21.9311], [-99.98016, 21.93091], [-99.98028, 21.93032], [-99.98087, 21.93037], [-99.9803, 21.93028], [-99.98029, 21.92997], [-99.98023, 21.93026], [-99.97931, 21.93008], [-99.97907, 21.9314], [-99.97858, 21.93134], [-99.97906, 21.93144], [-99.97905, 21.93155], [-99.97911, 21.93145], [-99.98005, 21.93158], [-99.98015, 21.93097], [-99.98117, 21.93115], [-99.98112, 21.93136], [-99.98077, 21.93136], [-99.9811, 21.93141], [-99.98104, 21.93167], [-99.9803, 21.93156]]]}}, {"id": "1868741", "type": "Feature", "properties": {"id": "1868741", "CVEGEO": "2402400010417049", "POBTOT": 25.0, "score_nse": 0.0, "NSE": "ND", "VIVTOT": 9.0, "GRAPROES": 7.22, "_ent": "24", "_mun": "024", "_loc": "0001"}, "geometry": {"type": "Polygon", "coordinates": [[[-100.0074, 21.93907], [-100.00656, 21.93896], [-100.00654, 21.93891], [-100.00673, 21.93859], [-100.00744, 21.93869], [-100.0074, 21.93907]]]}}, {"id": "1868742", "type": "Feature", "properties": {"id": "1868742", "CVEGEO": "2402400010417002", "POBTOT": 0.0, "score_nse": 10.0, "NSE": "E", "VIVTOT": 1.0, "GRAPROES": 0.0, "_ent": "24", "_mun": "024", "_loc": "0001"}, "geometry": {"type": "Polygon", "coordinates": [[[-100.00742, 21.93937], [-100.00746, 21.93912], [-100.0083, 21.93923], [-100.00826, 21.93938], [-100.00742, 21.93937]]]}}, {"id": "1868743", "type": "Feature", "properties": {"id": "1868743", "CVEGEO": "2402400010417003", "POBTOT": 0.0, "score_nse": 10.0, "NSE": "E", "VIVTOT": 1.0, "GRAPROES": 0.0, "_ent": "24", "_mun": "024", "_loc": "0001"}, "geometry": {"type": "Polygon", "coordinates": [[[-100.00636, 21.93936], [-100.00654, 21.93902], [-100.0074, 21.93912], [-100.00737, 21.93937], [-100.00636, 21.93936]]]}}, {"id": "1868744", "type": "Feature", "properties": {"id": "1868744", "CVEGEO": "2402400010417001", "POBTOT": 29.0, "score_nse": 0.0, "NSE": "ND", "VIVTOT": 10.0, "GRAPROES": 7.71, "_ent": "24", "_mun": "024", "_loc": "0001"}, "geometry": {"type": "Polygon", "coordinates": [[[-100.0075, 21.9387], [-100.00842, 21.93882], [-100.00832, 21.93918], [-100.00746, 21.93907], [-100.0075, 21.9387]]]}}, {"id": "1868745", "type": "Feature", "properties": {"id": "1868745", "CVEGEO": "2402400010205022", "POBTOT": 235.0, "score_nse": 0.0, "NSE": "ND", "VIVTOT": 88.0, "GRAPROES": 11.82, "_ent": "24", "_mun": "024", "_loc": "0001"}, "geometry": {"type": "Polygon", "coordinates": [[[-99.99533, 21.93868], [-99.9943, 21.93855], [-99.99441, 21.93774], [-99.99419, 21.93853], [-99.99339, 21.93843], [-99.99347, 21.93803], [-99.99387, 21.93806], [-99.99348, 21.93798], [-99.99377, 21.93643], [-99.9956, 21.93652], [-99.99549, 21.9379], [-99.99465, 21.93784], [-99.99549, 21.93794], [-99.99533, 21.93868]]]}}, {"id": "1868746", "type": "Feature", "properties": {"id": "1868746", "CVEGEO": "2402400010417004", "POBTOT": 2.0, "score_nse": 0.0, "NSE": "ND", "VIVTOT": 2.0, "GRAPROES": 0.0, "_ent": "24", "_mun": "024", "_loc": "0001"}, "geometry": {"type": "Polygon", "coordinates": [[[-100.00423, 21.93859], [-100.00362, 21.93917], [-100.00317, 21.93605], [-100.0037, 21.93596], [-100.00423, 21.93859]]]}}, {"id": "1868747", "type": "Feature", "properties": {"id": "1868747", "CVEGEO": "2402400010614009", "POBTOT": 8.0, "score_nse": 0.0, "NSE": "ND", "VIVTOT": 2.0, "GRAPROES": 0.0, "_ent": "24", "_mun": "024", "_loc": "0001"}, "geometry": {"type": "Polygon", "coordinates": [[[-99.97175, 21.9461], [-99.97215, 21.94521], [-99.97295, 21.94542], [-99.97251, 21.94633], [-99.97175, 21.9461]]]}}, {"id": "1868748", "type": "Feature", "properties": {"id": "1868748", "CVEGEO": "2402400010614020", "POBTOT": 31.0, "score_nse": 0.0, "NSE": "ND", "VIVTOT": 10.0, "GRAPROES": 8.26, "_ent": "24", "_mun": "024", "_loc": "0001"}, "geometry": {"type": "Polygon", "coordinates": [[[-99.97218, 21.94514], [-99.97255, 21.94429], [-99.97338, 21.94453], [-99.97298, 21.94537], [-99.97218, 21.94514]]]}}, {"id": "1868749", "type": "Feature", "properties": {"id": "1868749", "CVEGEO": "2402400010224051", "POBTOT": 159.0, "score_nse": 0.0, "NSE": "ND", "VIVTOT": 73.0, "GRAPROES": 12.15, "_ent": "24", "_mun": "024", "_loc": "0001"}, "geometry": {"type": "Polygon", "coordinates": [[[-99.98881, 21.93097], [-99.98886, 21.9305], [-99.98901, 21.93052], [-99.98902, 21.93069], [-99.98911, 21.93053], [-99.98909, 21.93026], [-99.98902, 21.93047], [-99.98885, 21.93045], [-99.98892, 21.92971], [-99.99011, 21.92987], [-99.99006, 21.93046], [-99.98954, 21.93034], [-99.98933, 21.93043], [-99.99005, 21.93049], [-99.98999, 21.9311], [-99.98881, 21.93097]]]}}, {"id": "1868750", "type": "Feature", "properties": {"id": "1868750", "CVEGEO": "2402400010544035", "POBTOT": 9.0, "score_nse": 0.0, "NSE": "ND", "VIVTOT": 3.0, "GRAPROES": 9.43, "_ent": "24", "_mun": "024", "_loc": "0001"}, "geometry": {"type": "Polygon", "coordinates": [[[-99.99568, 21.91716], [-99.99457, 21.91949], [-99.99415, 21.91977], [-99.99327, 21.91991], [-99.9947, 21.91705], [-99.99514, 21.9171], [-99.99495, 21.91763], [-99.99521, 21.9171], [-99.99568, 21.91716]]]}}, {"id": "1868751", "type": "Feature", "properties": {"id": "1868751", "CVEGEO": "2402400010192065", "POBTOT": 72.0, "score_nse": 73.5732, "NSE": "C+", "VIVTOT": 23.0, "GRAPROES": 10.69, "_ent": "24", "_mun": "024", "_loc": "0001"}, "geometry": {"type": "Polygon", "coordinates": [[[-100.00364, 21.93329], [-100.00523, 21.93351], [-100.00526, 21.93426], [-100.00491, 21.93427], [-100.00486, 21.93404], [-100.00361, 21.93386], [-100.00364, 21.93329]]]}}, {"id": "1868753", "type": "Feature", "properties": {"id": "1868753", "CVEGEO": "2402400010544024", "POBTOT": 24.0, "score_nse": 0.0, "NSE": "ND", "VIVTOT": 22.0, "GRAPROES": 10.29, "_ent": "24", "_mun": "024", "_loc": "0001"}, "geometry": {"type": "Polygon", "coordinates": [[[-99.99407, 21.91803], [-99.99322, 21.91989], [-99.99271, 21.91993], [-99.9899, 21.91699], [-99.99033, 21.91668], [-99.99111, 21.91668], [-99.99142, 21.91737], [-99.99121, 21.91669], [-99.99186, 21.91676], [-99.99244, 21.91784], [-99.99192, 21.91677], [-99.99282, 21.91687], [-99.99321, 21.91768], [-99.99407, 21.91803]]]}}, {"id": "1868754", "type": "Feature", "properties": {"id": "1868754", "CVEGEO": "2402400010224015", "POBTOT": 63.0, "score_nse": 71.0267, "NSE": "C+", "VIVTOT": 18.0, "GRAPROES": 13.13, "_ent": "24", "_mun": "024", "_loc": "0001"}, "geometry": {"type": "Polygon", "coordinates": [[[-99.99248, 21.93014], [-99.99215, 21.93008], [-99.99217, 21.92968], [-99.99209, 21.93007], [-99.99182, 21.93003], [-99.99191, 21.92928], [-99.99261, 21.92939], [-99.99248, 21.93014]]]}}, {"id": "1868755", "type": "Feature", "properties": {"id": "1868755", "CVEGEO": "240240001021A005", "POBTOT": 335.0, "score_nse": 0.0, "NSE": "ND", "VIVTOT": 121.0, "GRAPROES": 10.22, "_ent": "24", "_mun": "024", "_loc": "0001"}, "geometry": {"type": "Polygon", "coordinates": [[[-99.99978, 21.9326], [-99.9999, 21.93175], [-100.00032, 21.93179], [-100.00029, 21.93255], [-100.00038, 21.9318], [-100.00076, 21.93183], [-100.00073, 21.93259], [-100.00093, 21.93097], [-100.00076, 21.93178], [-100.00038, 21.93174], [-100.0005, 21.93091], [-100.00033, 21.93174], [-99.99991, 21.93169], [-100.00012, 21.93022], [-100.00147, 21.93036], [-100.00138, 21.93095], [-100.00112, 21.93098], [-100.00137, 21.931], [-100.00115, 21.93283], [-99.99978, 21.9326]]]}}, {"id": "1868756", "type": "Feature", "properties": {"id": "1868756", "CVEGEO": "2402400010417054", "POBTOT": 131.0, "score_nse": 0.0, "NSE": "ND", "VIVTOT": 38.0, "GRAPROES": 8.7, "_ent": "24", "_mun": "024", "_loc": "0001"}, "geometry": {"type": "Polygon", "coordinates": [[[-100.00898, 21.93735], [-100.00879, 21.93789], [-100.00719, 21.93767], [-100.00729, 21.93737], [-100.00808, 21.93742], [-100.00724, 21.9373], [-100.00713, 21.93765], [-100.00685, 21.93757], [-100.00751, 21.93577], [-100.00785, 21.93571], [-100.00746, 21.93671], [-100.00908, 21.93694], [-100.00872, 21.93651], [-100.00961, 21.9366], [-100.00917, 21.93731], [-100.00898, 21.93735]]]}}, {"id": "1868757", "type": "Feature", "properties": {"id": "1868757", "CVEGEO": "2402400010205001", "POBTOT": 4.0, "score_nse": 0.0, "NSE": "ND", "VIVTOT": 2.0, "GRAPROES": 0.0, "_ent": "24", "_mun": "024", "_loc": "0001"}, "geometry": {"type": "Polygon", "coordinates": [[[-99.99344, 21.93773], [-99.9933, 21.9384], [-99.99279, 21.93833], [-99.9929, 21.93776], [-99.99344, 21.93773]]]}}, {"id": "1868758", "type": "Feature", "properties": {"id": "1868758", "CVEGEO": "2402400010582021", "POBTOT": 23.0, "score_nse": 0.0, "NSE": "ND", "VIVTOT": 5.0, "GRAPROES": 8.13, "_ent": "24", "_mun": "024", "_loc": "0001"}, "geometry": {"type": "Polygon", "coordinates": [[[-99.99016, 21.92116], [-99.99025, 21.92172], [-99.98998, 21.92205], [-99.98993, 21.92241], [-99.98964, 21.92197], [-99.9899, 21.92281], [-99.98895, 21.92276], [-99.98933, 21.92116], [-99.98967, 21.92108], [-99.9896, 21.92178], [-99.98972, 21.92109], [-99.99016, 21.92116]]]}}, {"id": "1868759", "type": "Feature", "properties": {"id": "1868759", "CVEGEO": "2402400010582018", "POBTOT": 95.0, "score_nse": 49.3535, "NSE": "C-", "VIVTOT": 31.0, "GRAPROES": 9.03, "_ent": "24", "_mun": "024", "_loc": "0001"}, "geometry": {"type": "Polygon", "coordinates": [[[-99.98233, 21.9182], [-99.98309, 21.91827], [-99.98058, 21.91801], [-99.98045, 21.91897], [-99.97899, 21.91842], [-99.97837, 21.91835], [-99.97893, 21.91823], [-99.97931, 21.91844], [-99.97991, 21.91856], [-99.97895, 21.91817], [-99.97827, 21.91823], [-99.97712, 21.91643], [-99.97734, 21.91634], [-99.97705, 21.91634], [-99.97674, 21.91547], [-99.97855, 21.91468], [-99.97962, 21.9147], [-99.98405, 21.9168], [-99.98558, 21.91778], [-99.98655, 21.91797], [-99.98716, 21.91782], [-99.98789, 21.91709], [-99.98825, 21.91746], [-99.98793, 21.91704], [-99.98902, 21.91642], [-99.99109, 21.91858], [-99.99109, 21.92011], [-99.99098, 21.92043], [-99.99055, 21.92066], [-99.99028, 21.92108], [-99.98937, 21.92106], [-99.98891, 21.92261], [-99.98109, 21.92124], [-99.98067, 21.92121], [-99.98025, 21.9214], [-99.9794, 21.92006], [-99.9829, 21.91914], [-99.98255, 21.91833], [-99.98229, 21.91841], [-99.98233, 21.9182]]]}}, {"id": "1868760", "type": "Feature", "properties": {"id": "1868760", "CVEGEO": "2402400010879007", "POBTOT": 23.0, "score_nse": 61.6989, "NSE": "C", "VIVTOT": 11.0, "GRAPROES": 12.38, "_ent": "24", "_mun": "024", "_loc": "0001"}, "geometry": {"type": "Polygon", "coordinates": [[[-99.96246, 21.93024], [-99.96302, 21.92967], [-99.96319, 21.92981], [-99.96263, 21.93038], [-99.96246, 21.93024]]]}}, {"id": "1868761", "type": "Feature", "properties": {"id": "1868761", "CVEGEO": "2402400010879018", "POBTOT": 20.0, "score_nse": 66.0333, "NSE": "C", "VIVTOT": 6.0, "GRAPROES": 11.4, "_ent": "24", "_mun": "024", "_loc": "0001"}, "geometry": {"type": "Polygon", "coordinates": [[[-99.96306, 21.92963], [-99.96326, 21.92942], [-99.96367, 21.92975], [-99.96346, 21.92995], [-99.96306, 21.92963]]]}}, {"id": "1868762", "type": "Feature", "properties": {"id": "1868762", "CVEGEO": "2402400010879019", "POBTOT": 8.0, "score_nse": 0.0, "NSE": "ND", "VIVTOT": 5.0, "GRAPROES": 0.0, "_ent": "24", "_mun": "024", "_loc": "0001"}, "geometry": {"type": "Polygon", "coordinates": [[[-99.96155, 21.93044], [-99.9613, 21.93021], [-99.96152, 21.92999], [-99.96177, 21.93022], [-99.96155, 21.93044]]]}}, {"id": "1868779", "type": "Feature", "properties": {"id": "1868779", "CVEGEO": "2402400010760002", "POBTOT": 0.0, "score_nse": 10.0, "NSE": "E", "VIVTOT": 3.0, "GRAPROES": 0.0, "_ent": "24", "_mun": "024", "_loc": "0001"}, "geometry": {"type": "Polygon", "coordinates": [[[-99.9655, 21.90749], [-99.9655, 21.90707], [-99.96593, 21.90709], [-99.9655, 21.90701], [-99.96556, 21.90661], [-99.96679, 21.90662], [-99.9667, 21.90752], [-99.9655, 21.90749]]]}}, {"id": "1868794", "type": "Feature", "properties": {"id": "1868794", "CVEGEO": "2402400010205016", "POBTOT": 119.0, "score_nse": 68.3286, "NSE": "C", "VIVTOT": 42.0, "GRAPROES": 11.4, "_ent": "24", "_mun": "024", "_loc": "0001"}, "geometry": {"type": "Polygon", "coordinates": [[[-99.99224, 21.93709], [-99.99357, 21.9371], [-99.99345, 21.93767], [-99.99284, 21.93773], [-99.99273, 21.93832], [-99.99213, 21.93824], [-99.99224, 21.93709]]]}}, {"id": "1868795", "type": "Feature", "properties": {"id": "1868795", "CVEGEO": "2402400010559001", "POBTOT": 95.0, "score_nse": 63.4229, "NSE": "C", "VIVTOT": 36.0, "GRAPROES": 10.07, "_ent": "24", "_mun": "024", "_loc": "0001"}, "geometry": {"type": "Polygon", "coordinates": [[[-100.00295, 21.92099], [-100.00415, 21.9208], [-100.00641, 21.92076], [-100.00334, 21.92319], [-100.00299, 21.92332], [-100.00251, 21.92311], [-100.00178, 21.92221], [-100.00149, 21.92207], [-100.00292, 21.92245], [-100.00148, 21.92197], [-100.00154, 21.92148], [-100.00309, 21.92191], [-100.00156, 21.92142], [-100.00165, 21.92072], [-100.00224, 21.92083], [-100.00214, 21.92135], [-100.0023, 21.92084], [-100.00289, 21.92097], [-100.00276, 21.92149], [-100.00295, 21.92099]]]}}, {"id": "1868796", "type": "Feature", "properties": {"id": "1868796", "CVEGEO": "2402400010760007", "POBTOT": 11.0, "score_nse": 0.0, "NSE": "ND", "VIVTOT": 5.0, "GRAPROES": 6.67, "_ent": "24", "_mun": "024", "_loc": "0001"}, "geometry": {"type": "Polygon", "coordinates": [[[-99.9648, 21.90749], [-99.96481, 21.90688], [-99.96447, 21.90686], [-99.96452, 21.90657], [-99.96546, 21.90658], [-99.96545, 21.90701], [-99.96505, 21.90699], [-99.96545, 21.90706], [-99.96545, 21.9075], [-99.9648, 21.90749]]]}}, {"id": "1868811", "type": "Feature", "properties": {"id": "1868811", "CVEGEO": "2402400010614007", "POBTOT": 77.0, "score_nse": 0.0, "NSE": "ND", "VIVTOT": 22.0, "GRAPROES": 7.86, "_ent": "24", "_mun": "024", "_loc": "0001"}, "geometry": {"type": "Polygon", "coordinates": [[[-99.9714, 21.94422], [-99.96882, 21.94355], [-99.9699, 21.94144], [-99.97082, 21.94166], [-99.97046, 21.94254], [-99.97087, 21.94168], [-99.97178, 21.94194], [-99.97137, 21.94295], [-99.97193, 21.94325], [-99.9714, 21.94422]]]}}, {"id": "1868812", "type": "Feature", "properties": {"id": "1868812", "CVEGEO": "2402400010582005", "POBTOT": 79.0, "score_nse": 68.412, "NSE": "C", "VIVTOT": 32.0, "GRAPROES": 11.02, "_ent": "24", "_mun": "024", "_loc": "0001"}, "geometry": {"type": "Polygon", "coordinates": [[[-99.98456, 21.9163], [-99.98493, 21.91584], [-99.98515, 21.91607], [-99.98486, 21.91642], [-99.98501, 21.91633], [-99.98522, 21.91647], [-99.98507, 21.91669], [-99.98456, 21.9163]]]}}, {"id": "1869018", "type": "Feature", "properties": {"id": "1869018", "CVEGEO": "2402400010648002", "POBTOT": 18.0, "score_nse": 0.0, "NSE": "ND", "VIVTOT": 11.0, "GRAPROES": 8.5, "_ent": "24", "_mun": "024", "_loc": "0001"}, "geometry": {"type": "Polygon", "coordinates": [[[-100.00067, 21.9037], [-100.00079, 21.90262], [-100.00123, 21.90262], [-100.00136, 21.90375], [-100.00067, 21.9037]]]}}, {"id": "1869024", "type": "Feature", "properties": {"id": "1869024", "CVEGEO": "2402400010629029", "POBTOT": 30.0, "score_nse": 0.0, "NSE": "ND", "VIVTOT": 11.0, "GRAPROES": 10.1, "_ent": "24", "_mun": "024", "_loc": "0001"}, "geometry": {"type": "Polygon", "coordinates": [[[-100.00319, 21.91046], [-100.00159, 21.91136], [-100.00131, 21.9113], [-100.00135, 21.91097], [-100.00125, 21.91128], [-100.00078, 21.91117], [-100.00084, 21.91083], [-100.00073, 21.91115], [-100.00031, 21.91105], [-100.00086, 21.90987], [-100.00327, 21.91022], [-100.00319, 21.91046]]]}}, {"id": "1869025", "type": "Feature", "properties": {"id": "1869025", "CVEGEO": "2402400010629039", "POBTOT": 28.0, "score_nse": 55.86, "NSE": "C", "VIVTOT": 14.0, "GRAPROES": 8.24, "_ent": "24", "_mun": "024", "_loc": "0001"}, "geometry": {"type": "Polygon", "coordinates": [[[-100.00682, 21.90724], [-100.00688, 21.90748], [-100.0056, 21.90824], [-100.0054, 21.90767], [-100.00551, 21.90732], [-100.00682, 21.90724]]]}}, {"id": "1869026", "type": "Feature", "properties": {"id": "1869026", "CVEGEO": "240240001060A002", "POBTOT": 109.0, "score_nse": 0.0, "NSE": "ND", "VIVTOT": 31.0, "GRAPROES": 6.83, "_ent": "24", "_mun": "024", "_loc": "0001"}, "geometry": {"type": "Polygon", "coordinates": [[[-99.97202, 21.90968], [-99.97128, 21.90967], [-99.97128, 21.90933], [-99.97113, 21.90933], [-99.97125, 21.90938], [-99.97122, 21.90967], [-99.96984, 21.90955], [-99.9699, 21.90873], [-99.97201, 21.90895], [-99.97202, 21.90968]]]}}, {"id": "1869027", "type": "Feature", "properties": {"id": "1869027", "CVEGEO": "240240001060A016", "POBTOT": 125.0, "score_nse": 0.0, "NSE": "ND", "VIVTOT": 38.0, "GRAPROES": 9.66, "_ent": "24", "_mun": "024", "_loc": "0001"}, "geometry": {"type": "Polygon", "coordinates": [[[-99.9781, 21.90595], [-99.97766, 21.90606], [-99.97758, 21.90554], [-99.97761, 21.90607], [-99.97699, 21.90623], [-99.977, 21.90527], [-99.97791, 21.90505], [-99.9781, 21.90595]]]}}, {"id": "1869028", "type": "Feature", "properties": {"id": "1869028", "CVEGEO": "2402400010559035", "POBTOT": 25.0, "score_nse": 57.117, "NSE": "C", "VIVTOT": 8.0, "GRAPROES": 7.83, "_ent": "24", "_mun": "024", "_loc": "0001"}, "geometry": {"type": "Polygon", "coordinates": [[[-100.00413, 21.92271], [-100.00419, 21.92367], [-100.00335, 21.92328], [-100.00413, 21.92271]]]}}, {"id": "1869029", "type": "Feature", "properties": {"id": "1869029", "CVEGEO": "2402400010224002", "POBTOT": 172.0, "score_nse": 0.0, "NSE": "ND", "VIVTOT": 62.0, "GRAPROES": 11.82, "_ent": "24", "_mun": "024", "_loc": "0001"}, "geometry": {"type": "Polygon", "coordinates": [[[-99.9887, 21.93177], [-99.98918, 21.93179], [-99.98871, 21.93173], [-99.9888, 21.93103], [-99.99001, 21.93119], [-99.98991, 21.93226], [-99.98865, 21.93209], [-99.9887, 21.93177]]]}}, {"id": "1869030", "type": "Feature", "properties": {"id": "1869030", "CVEGEO": "2402400010633019", "POBTOT": 93.0, "score_nse": 41.7655, "NSE": "D+", "VIVTOT": 32.0, "GRAPROES": 6.63, "_ent": "24", "_mun": "024", "_loc": "0001"}, "geometry": {"type": "Polygon", "coordinates": [[[-99.9691, 21.904], [-99.97001, 21.90378], [-99.97057, 21.9043], [-99.97008, 21.90377], [-99.97142, 21.90345], [-99.9716, 21.90433], [-99.96991, 21.9049], [-99.9691, 21.904]]]}}, {"id": "1869031", "type": "Feature", "properties": {"id": "1869031", "CVEGEO": "2402400010629071", "POBTOT": 6.0, "score_nse": 0.0, "NSE": "ND", "VIVTOT": 2.0, "GRAPROES": 0.0, "_ent": "24", "_mun": "024", "_loc": "0001"}, "geometry": {"type": "Polygon", "coordinates": [[[-100.00481, 21.89757], [-100.00495, 21.89691], [-100.00557, 21.8972], [-100.00543, 21.89782], [-100.00481, 21.89757]]]}}, {"id": "1869032", "type": "Feature", "properties": {"id": "1869032", "CVEGEO": "2402400010629021", "POBTOT": 12.0, "score_nse": 0.0, "NSE": "ND", "VIVTOT": 4.0, "GRAPROES": 4.5, "_ent": "24", "_mun": "024", "_loc": "0001"}, "geometry": {"type": "Polygon", "coordinates": [[[-100.00394, 21.89545], [-100.00393, 21.89604], [-100.00221, 21.89562], [-100.00222, 21.89511], [-100.00394, 21.89545]]]}}, {"id": "1869033", "type": "Feature", "properties": {"id": "1869033", "CVEGEO": "2402400010582042", "POBTOT": 81.0, "score_nse": 54.296, "NSE": "C-", "VIVTOT": 25.0, "GRAPROES": 9.16, "_ent": "24", "_mun": "024", "_loc": "0001"}, "geometry": {"type": "Polygon", "coordinates": [[[-99.99088, 21.92286], [-99.98996, 21.92282], [-99.98998, 21.92222], [-99.99018, 21.92216], [-99.99001, 21.92209], [-99.9903, 21.92173], [-99.99022, 21.92116], [-99.99067, 21.9206], [-99.991, 21.92045], [-99.99109, 21.92017], [-99.99088, 21.92286]]]}}, {"id": "1869034", "type": "Feature", "properties": {"id": "1869034", "CVEGEO": "2402400010690029", "POBTOT": 78.0, "score_nse": 0.0, "NSE": "ND", "VIVTOT": 26.0, "GRAPROES": 10.0, "_ent": "24", "_mun": "024", "_loc": "0001"}, "geometry": {"type": "Polygon", "coordinates": [[[-100.00612, 21.92754], [-100.00595, 21.92844], [-100.00483, 21.92847], [-100.00485, 21.92816], [-100.00477, 21.92847], [-100.00274, 21.92827], [-100.00277, 21.92755], [-100.00267, 21.92828], [-100.00216, 21.92822], [-100.00219, 21.92759], [-100.00209, 21.92821], [-100.00194, 21.9282], [-100.0017, 21.92635], [-100.00233, 21.92588], [-100.00421, 21.92684], [-100.00612, 21.92754]]]}}, {"id": "1869035", "type": "Feature", "properties": {"id": "1869035", "CVEGEO": "240240001046A087", "POBTOT": 199.0, "score_nse": 0.0, "NSE": "ND", "VIVTOT": 69.0, "GRAPROES": 10.41, "_ent": "24", "_mun": "024", "_loc": "0001"}, "geometry": {"type": "Polygon", "coordinates": [[[-99.9859, 21.93238], [-99.98506, 21.93282], [-99.98311, 21.93273], [-99.98328, 21.93195], [-99.98585, 21.93205], [-99.98588, 21.93221], [-99.98399, 21.93241], [-99.98525, 21.93242], [-99.98588, 21.93226], [-99.9859, 21.93238]]]}}, {"id": "1869036", "type": "Feature", "properties": {"id": "1869036", "CVEGEO": "2402400010582011", "POBTOT": 84.0, "score_nse": 63.98, "NSE": "C", "VIVTOT": 30.0, "GRAPROES": 10.82, "_ent": "24", "_mun": "024", "_loc": "0001"}, "geometry": {"type": "Polygon", "coordinates": [[[-99.98563, 21.91629], [-99.98503, 21.9158], [-99.98551, 21.91526], [-99.98561, 21.91534], [-99.98519, 21.91578], [-99.98572, 21.91622], [-99.98563, 21.91629]]]}}, {"id": "1869037", "type": "Feature", "properties": {"id": "1869037", "CVEGEO": "2402400010690025", "POBTOT": 32.0, "score_nse": 0.0, "NSE": "ND", "VIVTOT": 14.0, "GRAPROES": 9.38, "_ent": "24", "_mun": "024", "_loc": "0001"}, "geometry": {"type": "Polygon", "coordinates": [[[-100.00032, 21.92425], [-100.00059, 21.92333], [-100.00109, 21.92346], [-100.00089, 21.92467], [-100.00032, 21.92425]]]}}, {"id": "1869038", "type": "Feature", "properties": {"id": "1869038", "CVEGEO": "2402400010671012", "POBTOT": 197.0, "score_nse": 42.7086, "NSE": "C-", "VIVTOT": 64.0, "GRAPROES": 7.91, "_ent": "24", "_mun": "024", "_loc": "0001"}, "geometry": {"type": "Polygon", "coordinates": [[[-99.97454, 21.92121], [-99.97273, 21.91991], [-99.97309, 21.91938], [-99.97206, 21.91875], [-99.97313, 21.91839], [-99.97357, 21.91807], [-99.97528, 21.91815], [-99.97616, 21.91784], [-99.97657, 21.91746], [-99.97679, 21.91781], [-99.97811, 21.91826], [-99.97841, 21.91872], [-99.97737, 21.91941], [-99.97843, 21.91877], [-99.97887, 21.91945], [-99.97826, 21.91979], [-99.97794, 21.91946], [-99.97823, 21.91982], [-99.97797, 21.91996], [-99.97766, 21.91967], [-99.97793, 21.91999], [-99.9778, 21.92009], [-99.97824, 21.91986], [-99.97846, 21.92016], [-99.97824, 21.92031], [-99.97851, 21.92023], [-99.97873, 21.92055], [-99.97862, 21.92071], [-99.97935, 21.9203], [-99.98015, 21.92145], [-99.9789, 21.92209], [-99.9767, 21.92197], [-99.97659, 21.92216], [-99.97456, 21.92201], [-99.97454, 21.92121]]]}}, {"id": "1869039", "type": "Feature", "properties": {"id": "1869039", "CVEGEO": "2402400010648004", "POBTOT": 211.0, "score_nse": 46.2829, "NSE": "C-", "VIVTOT": 64.0, "GRAPROES": 7.93, "_ent": "24", "_mun": "024", "_loc": "0001"}, "geometry": {"type": "Polygon", "coordinates": [[[-100.00351, 21.90355], [-100.00295, 21.9035], [-100.00283, 21.90274], [-100.00253, 21.90312], [-100.00247, 21.90295], [-100.00234, 21.90298], [-100.0024, 21.90324], [-100.00136, 21.90345], [-100.00133, 21.90264], [-100.00178, 21.90251], [-100.00132, 21.90259], [-100.00124, 21.90213], [-100.00087, 21.90212], [-100.00086, 21.90255], [-99.99994, 21.90272], [-99.99967, 21.90263], [-99.99954, 21.90225], [-99.99913, 21.90199], [-100.00098, 21.90052], [-100.00257, 21.90084], [-100.00271, 21.90115], [-100.00216, 21.90108], [-100.00215, 21.90119], [-100.00241, 21.90115], [-100.00256, 21.9015], [-100.00244, 21.90115], [-100.00273, 21.90119], [-100.00293, 21.90168], [-100.00209, 21.90172], [-100.00294, 21.90172], [-100.00351, 21.90355]]]}}, {"id": "1869040", "type": "Feature", "properties": {"id": "1869040", "CVEGEO": "2402400010629052", "POBTOT": 44.0, "score_nse": 0.0, "NSE": "ND", "VIVTOT": 13.0, "GRAPROES": 7.09, "_ent": "24", "_mun": "024", "_loc": "0001"}, "geometry": {"type": "Polygon", "coordinates": [[[-100.00432, 21.90119], [-100.00254, 21.90067], [-100.00236, 21.90007], [-100.00302, 21.90031], [-100.00427, 21.90043], [-100.00432, 21.90119]]]}}, {"id": "1869079", "type": "Feature", "properties": {"id": "1869079", "CVEGEO": "2402400010629080", "POBTOT": 0.0, "score_nse": 0.0, "NSE": "ND", "VIVTOT": 0.0, "GRAPROES": 0.0, "_ent": "24", "_mun": "024", "_loc": "0001"}, "geometry": {"type": "Polygon", "coordinates": [[[-100.00471, 21.89753], [-100.00443, 21.89744], [-100.0042, 21.89656], [-100.0049, 21.89689], [-100.00471, 21.89753]]]}}, {"id": "1869080", "type": "Feature", "properties": {"id": "1869080", "CVEGEO": "2402400010629079", "POBTOT": 3.0, "score_nse": 0.0, "NSE": "ND", "VIVTOT": 3.0, "GRAPROES": 0.0, "_ent": "24", "_mun": "024", "_loc": "0001"}, "geometry": {"type": "Polygon", "coordinates": [[[-100.00224, 21.89418], [-100.00372, 21.89458], [-100.00391, 21.89538], [-100.00222, 21.89506], [-100.00224, 21.89418]]]}}, {"id": "1869081", "type": "Feature", "properties": {"id": "1869081", "CVEGEO": "2402400010582043", "POBTOT": 3.0, "score_nse": 0.0, "NSE": "ND", "VIVTOT": 3.0, "GRAPROES": 0.0, "_ent": "24", "_mun": "024", "_loc": "0001"}, "geometry": {"type": "Polygon", "coordinates": [[[-99.98629, 21.91589], [-99.98573, 21.91622], [-99.9852, 21.91578], [-99.98561, 21.91535], [-99.98629, 21.91589]]]}}, {"id": "1869082", "type": "Feature", "properties": {"id": "1869082", "CVEGEO": "2402400010671042", "POBTOT": 15.0, "score_nse": 0.0, "NSE": "ND", "VIVTOT": 5.0, "GRAPROES": 8.25, "_ent": "24", "_mun": "024", "_loc": "0001"}, "geometry": {"type": "Polygon", "coordinates": [[[-99.97879, 21.92051], [-99.97831, 21.91982], [-99.97888, 21.91948], [-99.97933, 21.92023], [-99.97879, 21.92051]]]}}, {"id": "1869083", "type": "Feature", "properties": {"id": "1869083", "CVEGEO": "240240001046A004", "POBTOT": 21.0, "score_nse": 54.0353, "NSE": "C-", "VIVTOT": 17.0, "GRAPROES": 13.5, "_ent": "24", "_mun": "024", "_loc": "0001"}, "geometry": {"type": "Polygon", "coordinates": [[[-99.98305, 21.93678], [-99.9831, 21.93664], [-99.98493, 21.93723], [-99.98487, 21.9374], [-99.98305, 21.93678]]]}}, {"id": "1869084", "type": "Feature", "properties": {"id": "1869084", "CVEGEO": "2402400010648005", "POBTOT": 1.0, "score_nse": 0.0, "NSE": "ND", "VIVTOT": 2.0, "GRAPROES": 0.0, "_ent": "24", "_mun": "024", "_loc": "0001"}, "geometry": {"type": "Polygon", "coordinates": [[[-100.00126, 21.90259], [-100.0009, 21.90255], [-100.0009, 21.90217], [-100.00121, 21.90217], [-100.00126, 21.90259]]]}}, {"id": "1869085", "type": "Feature", "properties": {"id": "1869085", "CVEGEO": "2402400010629035", "POBTOT": 30.0, "score_nse": 0.0, "NSE": "ND", "VIVTOT": 7.0, "GRAPROES": 9.44, "_ent": "24", "_mun": "024", "_loc": "0001"}, "geometry": {"type": "Polygon", "coordinates": [[[-100.00463, 21.90128], [-100.00438, 21.90121], [-100.00429, 21.90043], [-100.00458, 21.90043], [-100.00463, 21.90128]]]}}, {"id": "1869094", "type": "Feature", "properties": {"id": "1869094", "CVEGEO": "2402400010648007", "POBTOT": 4.0, "score_nse": 0.0, "NSE": "ND", "VIVTOT": 3.0, "GRAPROES": 6.75, "_ent": "24", "_mun": "024", "_loc": "0001"}, "geometry": {"type": "Polygon", "coordinates": [[[-99.99942, 21.90725], [-99.99946, 21.90644], [-100.00018, 21.90646], [-100.00005, 21.90727], [-99.99942, 21.90725]]]}}, {"id": "1869096", "type": "Feature", "properties": {"id": "1869096", "CVEGEO": "2402400010614040", "POBTOT": 2.0, "score_nse": 0.0, "NSE": "ND", "VIVTOT": 3.0, "GRAPROES": 0.0, "_ent": "24", "_mun": "024", "_loc": "0001"}, "geometry": {"type": "Polygon", "coordinates": [[[-99.97164, 21.94611], [-99.9708, 21.94783], [-99.97004, 21.94758], [-99.97086, 21.9459], [-99.97164, 21.94611]]]}}, {"id": "1869097", "type": "Feature", "properties": {"id": "1869097", "CVEGEO": "2402400010879022", "POBTOT": 3.0, "score_nse": 0.0, "NSE": "ND", "VIVTOT": 8.0, "GRAPROES": 0.0, "_ent": "24", "_mun": "024", "_loc": "0001"}, "geometry": {"type": "Polygon", "coordinates": [[[-99.96214, 21.92923], [-99.96186, 21.92954], [-99.96145, 21.92915], [-99.9617, 21.92885], [-99.96214, 21.92923]]]}}, {"id": "1869098", "type": "Feature", "properties": {"id": "1869098", "CVEGEO": "2402400010879021", "POBTOT": 17.0, "score_nse": 0.0, "NSE": "ND", "VIVTOT": 6.0, "GRAPROES": 9.93, "_ent": "24", "_mun": "024", "_loc": "0001"}, "geometry": {"type": "Polygon", "coordinates": [[[-99.96178, 21.9296], [-99.96153, 21.92984], [-99.96112, 21.9295], [-99.96137, 21.92922], [-99.96178, 21.9296]]]}}, {"id": "1869099", "type": "Feature", "properties": {"id": "1869099", "CVEGEO": "2402400010879020", "POBTOT": 0.0, "score_nse": 0.0, "NSE": "ND", "VIVTOT": 0.0, "GRAPROES": 0.0, "_ent": "24", "_mun": "024", "_loc": "0001"}, "geometry": {"type": "Polygon", "coordinates": [[[-99.96146, 21.92993], [-99.96121, 21.93018], [-99.9608, 21.92985], [-99.96104, 21.92957], [-99.96146, 21.92993]]]}}, {"id": "1869103", "type": "Feature", "properties": {"id": "1869103", "CVEGEO": "2402400010597048", "POBTOT": 0.0, "score_nse": 10.0, "NSE": "E", "VIVTOT": 2.0, "GRAPROES": 0.0, "_ent": "24", "_mun": "024", "_loc": "0001"}, "geometry": {"type": "Polygon", "coordinates": [[[-99.98232, 21.89708], [-99.98294, 21.89692], [-99.98325, 21.89784], [-99.98268, 21.89801], [-99.98232, 21.89708]]]}}, {"id": "1869126", "type": "Feature", "properties": {"id": "1869126", "CVEGEO": "2402400010027003", "POBTOT": 0.0, "score_nse": 10.0, "NSE": "E", "VIVTOT": 9.0, "GRAPROES": 0.0, "_ent": "24", "_mun": "024", "_loc": "0001"}, "geometry": {"type": "Polygon", "coordinates": [[[-99.98147, 21.94488], [-99.98136, 21.94513], [-99.98094, 21.94498], [-99.98105, 21.94472], [-99.98147, 21.94488]]]}}, {"id": "1869127", "type": "Feature", "properties": {"id": "1869127", "CVEGEO": "2402400010027001", "POBTOT": 5.0, "score_nse": 0.0, "NSE": "ND", "VIVTOT": 15.0, "GRAPROES": 0.0, "_ent": "24", "_mun": "024", "_loc": "0001"}, "geometry": {"type": "Polygon", "coordinates": [[[-99.98214, 21.94514], [-99.98202, 21.94539], [-99.98143, 21.94516], [-99.98155, 21.94491], [-99.98214, 21.94514]]]}}, {"id": "1869128", "type": "Feature", "properties": {"id": "1869128", "CVEGEO": "2402400010597053", "POBTOT": 14.0, "score_nse": 0.0, "NSE": "ND", "VIVTOT": 3.0, "GRAPROES": 9.14, "_ent": "24", "_mun": "024", "_loc": "0001"}, "geometry": {"type": "Polygon", "coordinates": [[[-99.98476, 21.89622], [-99.98398, 21.89606], [-99.98411, 21.89558], [-99.98503, 21.89579], [-99.98476, 21.89622]]]}}, {"id": "1869129", "type": "Feature", "properties": {"id": "1869129", "CVEGEO": "2402400010597052", "POBTOT": 0.0, "score_nse": 10.0, "NSE": "E", "VIVTOT": 1.0, "GRAPROES": 0.0, "_ent": "24", "_mun": "024", "_loc": "0001"}, "geometry": {"type": "Polygon", "coordinates": [[[-99.98768, 21.90007], [-99.98587, 21.89982], [-99.98603, 21.89955], [-99.98631, 21.89955], [-99.98604, 21.89949], [-99.98605, 21.8989], [-99.98811, 21.89932], [-99.98768, 21.90007]]]}}, {"id": "1869141", "type": "Feature", "properties": {"id": "1869141", "CVEGEO": "2402400010258001", "POBTOT": 0.0, "score_nse": 0.0, "NSE": null, "VIVTOT": 0.0, "GRAPROES": 0.0, "_ent": "24", "_mun": "024", "_loc": "0001"}, "geometry": {"type": "Polygon", "coordinates": [[[-99.97777, 21.94498], [-99.97727, 21.94595], [-99.97691, 21.9458], [-99.9774, 21.94481], [-99.97777, 21.94498]]]}}, {"id": "1869142", "type": "Feature", "properties": {"id": "1869142", "CVEGEO": "2402400010258003", "POBTOT": 0.0, "score_nse": 0.0, "NSE": null, "VIVTOT": 0.0, "GRAPROES": 0.0, "_ent": "24", "_mun": "024", "_loc": "0001"}, "geometry": {"type": "Polygon", "coordinates": [[[-99.97823, 21.94406], [-99.97782, 21.94488], [-99.97745, 21.94472], [-99.97787, 21.94391], [-99.97823, 21.94406]]]}}, {"id": "1869143", "type": "Feature", "properties": {"id": "1869143", "CVEGEO": "2402400010258004", "POBTOT": 0.0, "score_nse": 0.0, "NSE": null, "VIVTOT": 0.0, "GRAPROES": 0.0, "_ent": "24", "_mun": "024", "_loc": "0001"}, "geometry": {"type": "Polygon", "coordinates": [[[-99.97856, 21.94411], [-99.97811, 21.945], [-99.97792, 21.94492], [-99.97837, 21.94403], [-99.97856, 21.94411]]]}}, {"id": "1869144", "type": "Feature", "properties": {"id": "1869144", "CVEGEO": "2402400010258002", "POBTOT": 0.0, "score_nse": 0.0, "NSE": null, "VIVTOT": 0.0, "GRAPROES": 0.0, "_ent": "24", "_mun": "024", "_loc": "0001"}, "geometry": {"type": "Polygon", "coordinates": [[[-99.97779, 21.94382], [-99.97737, 21.94468], [-99.97717, 21.9446], [-99.97759, 21.94374], [-99.97779, 21.94382]]]}}, {"id": "1869158", "type": "Feature", "properties": {"id": "1869158", "CVEGEO": "2402400010224003", "POBTOT": 0.0, "score_nse": 0.0, "NSE": null, "VIVTOT": 0.0, "GRAPROES": 0.0, "_ent": "24", "_mun": "024", "_loc": "0001"}, "geometry": {"type": "Polygon", "coordinates": [[[-99.98669, 21.92805], [-99.98652, 21.92805], [-99.98656, 21.92738], [-99.98672, 21.92739], [-99.98669, 21.92805]]]}}, {"id": "1869159", "type": "Feature", "properties": {"id": "1869159", "CVEGEO": "2402400010224053", "POBTOT": 33.0, "score_nse": 61.4527, "NSE": "C", "VIVTOT": 11.0, "GRAPROES": 10.25, "_ent": "24", "_mun": "024", "_loc": "0001"}, "geometry": {"type": "Polygon", "coordinates": [[[-99.9888, 21.9287], [-99.9881, 21.92858], [-99.98813, 21.92828], [-99.9888, 21.92833], [-99.9888, 21.9287]]]}}, {"id": "1869160", "type": "Feature", "properties": {"id": "1869160", "CVEGEO": "2402400010224055", "POBTOT": 37.0, "score_nse": 90.496, "NSE": "A/B", "VIVTOT": 9.0, "GRAPROES": 14.07, "_ent": "24", "_mun": "024", "_loc": "0001"}, "geometry": {"type": "Polygon", "coordinates": [[[-99.98658, 21.93001], [-99.98657, 21.93024], [-99.98604, 21.93012], [-99.98604, 21.92998], [-99.98658, 21.93001]]]}}, {"id": "1869161", "type": "Feature", "properties": {"id": "1869161", "CVEGEO": "2402400010224056", "POBTOT": 37.0, "score_nse": 83.3093, "NSE": "C+", "VIVTOT": 12.0, "GRAPROES": 13.41, "_ent": "24", "_mun": "024", "_loc": "0001"}, "geometry": {"type": "Polygon", "coordinates": [[[-99.98661, 21.92928], [-99.98658, 21.92995], [-99.98643, 21.92995], [-99.98646, 21.92927], [-99.98661, 21.92928]]]}}, {"id": "1869162", "type": "Feature", "properties": {"id": "1869162", "CVEGEO": "2402400010224065", "POBTOT": 0.0, "score_nse": 0.0, "NSE": null, "VIVTOT": 0.0, "GRAPROES": 0.0, "_ent": "24", "_mun": "024", "_loc": "0001"}, "geometry": {"type": "Polygon", "coordinates": [[[-99.99042, 21.92706], [-99.99036, 21.9277], [-99.98879, 21.92753], [-99.9888, 21.92827], [-99.98769, 21.9282], [-99.98803, 21.92827], [-99.988, 21.92857], [-99.98743, 21.92848], [-99.98666, 21.9286], [-99.98675, 21.92665], [-99.98684, 21.92682], [-99.98707, 21.92684], [-99.98688, 21.92692], [-99.98677, 21.92828], [-99.98734, 21.92821], [-99.98734, 21.92694], [-99.98721, 21.92684], [-99.98747, 21.92686], [-99.98748, 21.92673], [-99.99042, 21.92706]]]}}, {"id": "1869163", "type": "Feature", "properties": {"id": "1869163", "CVEGEO": "2402400010224066", "POBTOT": 0.0, "score_nse": 0.0, "NSE": null, "VIVTOT": 0.0, "GRAPROES": 0.0, "_ent": "24", "_mun": "024", "_loc": "0001"}, "geometry": {"type": "Polygon", "coordinates": [[[-99.98666, 21.92865], [-99.98662, 21.92921], [-99.98647, 21.9292], [-99.9865, 21.92864], [-99.98666, 21.92865]]]}}, {"id": "1869164", "type": "Feature", "properties": {"id": "1869164", "CVEGEO": "2402400010224068", "POBTOT": 0.0, "score_nse": 0.0, "NSE": null, "VIVTOT": 0.0, "GRAPROES": 0.0, "_ent": "24", "_mun": "024", "_loc": "0001"}, "geometry": {"type": "Polygon", "coordinates": [[[-99.98731, 21.92946], [-99.98729, 21.93017], [-99.9868, 21.93005], [-99.98684, 21.92934], [-99.98731, 21.92946]]]}}, {"id": "1869165", "type": "Feature", "properties": {"id": "1869165", "CVEGEO": "2402400010224071", "POBTOT": 0.0, "score_nse": 0.0, "NSE": null, "VIVTOT": 0.0, "GRAPROES": 0.0, "_ent": "24", "_mun": "024", "_loc": "0001"}, "geometry": {"type": "Polygon", "coordinates": [[[-99.98757, 21.92952], [-99.98753, 21.93044], [-99.98657, 21.93024], [-99.98662, 21.92928], [-99.98677, 21.92932], [-99.98666, 21.93009], [-99.98745, 21.93027], [-99.98738, 21.92947], [-99.98757, 21.92952]]]}}, {"id": "1869166", "type": "Feature", "properties": {"id": "1869166", "CVEGEO": "2402400010224069", "POBTOT": 0.0, "score_nse": 0.0, "NSE": null, "VIVTOT": 0.0, "GRAPROES": 0.0, "_ent": "24", "_mun": "024", "_loc": "0001"}, "geometry": {"type": "Polygon", "coordinates": [[[-99.9868, 21.92863], [-99.98677, 21.92924], [-99.98662, 21.9292], [-99.98666, 21.92865], [-99.9868, 21.92863]]]}}, {"id": "1869167", "type": "Feature", "properties": {"id": "1869167", "CVEGEO": "2402400010224067", "POBTOT": 0.0, "score_nse": 0.0, "NSE": null, "VIVTOT": 0.0, "GRAPROES": 0.0, "_ent": "24", "_mun": "024", "_loc": "0001"}, "geometry": {"type": "Polygon", "coordinates": [[[-99.98719, 21.92856], [-99.98716, 21.92934], [-99.98684, 21.92926], [-99.98688, 21.92862], [-99.98719, 21.92856]]]}}, {"id": "1869168", "type": "Feature", "properties": {"id": "1869168", "CVEGEO": "2402400010205053", "POBTOT": 110.0, "score_nse": 50.3031, "NSE": "C-", "VIVTOT": 36.0, "GRAPROES": 8.58, "_ent": "24", "_mun": "024", "_loc": "0001"}, "geometry": {"type": "Polygon", "coordinates": [[[-99.98217, 21.93921], [-99.98023, 21.939], [-99.97962, 21.93871], [-99.97998, 21.93899], [-99.97919, 21.93913], [-99.97713, 21.94021], [-99.97597, 21.94024], [-99.97591, 21.93765], [-99.97786, 21.93715], [-99.97972, 21.93753], [-99.9813, 21.93832], [-99.98217, 21.93921]]]}}, {"id": "1869169", "type": "Feature", "properties": {"id": "1869169", "CVEGEO": "2402400010760008", "POBTOT": 0.0, "score_nse": 0.0, "NSE": null, "VIVTOT": 0.0, "GRAPROES": 0.0, "_ent": "24", "_mun": "024", "_loc": "0001"}, "geometry": {"type": "Polygon", "coordinates": [[[-99.96808, 21.90561], [-99.96721, 21.90556], [-99.96737, 21.9044], [-99.96809, 21.90443], [-99.96808, 21.90561]]]}}, {"id": "1869170", "type": "Feature", "properties": {"id": "1869170", "CVEGEO": "2402400010417005", "POBTOT": 0.0, "score_nse": 0.0, "NSE": null, "VIVTOT": 0.0, "GRAPROES": 0.0, "_ent": "24", "_mun": "024", "_loc": "0001"}, "geometry": {"type": "Polygon", "coordinates": [[[-100.00956, 21.93764], [-100.00866, 21.93955], [-100.00832, 21.93943], [-100.00897, 21.93738], [-100.00956, 21.93764]]]}}, {"id": "1869171", "type": "Feature", "properties": {"id": "1869171", "CVEGEO": "2402400010027002", "POBTOT": 0.0, "score_nse": 10.0, "NSE": "E", "VIVTOT": 2.0, "GRAPROES": 0.0, "_ent": "24", "_mun": "024", "_loc": "0001"}, "geometry": {"type": "Polygon", "coordinates": [[[-99.98198, 21.94546], [-99.98193, 21.94561], [-99.98128, 21.94536], [-99.98133, 21.94521], [-99.98198, 21.94546]]]}}, {"id": "1869172", "type": "Feature", "properties": {"id": "1869172", "CVEGEO": "2402400010879025", "POBTOT": 0.0, "score_nse": 0.0, "NSE": null, "VIVTOT": 0.0, "GRAPROES": 0.0, "_ent": "24", "_mun": "024", "_loc": "0001"}, "geometry": {"type": "Polygon", "coordinates": [[[-99.96031, 21.9326], [-99.96004, 21.93286], [-99.95976, 21.93271], [-99.96009, 21.9324], [-99.96031, 21.9326]]]}}, {"id": "1869173", "type": "Feature", "properties": {"id": "1869173", "CVEGEO": "2402400010879026", "POBTOT": 0.0, "score_nse": 0.0, "NSE": null, "VIVTOT": 0.0, "GRAPROES": 0.0, "_ent": "24", "_mun": "024", "_loc": "0001"}, "geometry": {"type": "Polygon", "coordinates": [[[-99.96002, 21.93235], [-99.95969, 21.93266], [-99.95942, 21.93251], [-99.95979, 21.93216], [-99.96002, 21.93235]]]}}, {"id": "1869174", "type": "Feature", "properties": {"id": "1869174", "CVEGEO": "2402400010826021", "POBTOT": 5.0, "score_nse": 0.0, "NSE": "ND", "VIVTOT": 13.0, "GRAPROES": 0.0, "_ent": "24", "_mun": "024", "_loc": "0001"}, "geometry": {"type": "Polygon", "coordinates": [[[-99.94941, 21.91823], [-99.9486, 21.91798], [-99.94863, 21.91784], [-99.94944, 21.91809], [-99.94941, 21.91823]]]}}, {"id": "1869175", "type": "Feature", "properties": {"id": "1869175", "CVEGEO": "2402400010826025", "POBTOT": 5.0, "score_nse": 0.0, "NSE": "ND", "VIVTOT": 2.0, "GRAPROES": 0.0, "_ent": "24", "_mun": "024", "_loc": "0001"}, "geometry": {"type": "Polygon", "coordinates": [[[-99.95355, 21.91923], [-99.95337, 21.91958], [-99.95292, 21.91943], [-99.95297, 21.91928], [-99.95286, 21.91942], [-99.9523, 21.91925], [-99.9524, 21.91889], [-99.95355, 21.91923]]]}}, {"id": "1869176", "type": "Feature", "properties": {"id": "1869176", "CVEGEO": "2402400010826030", "POBTOT": 0.0, "score_nse": 10.0, "NSE": "E", "VIVTOT": 18.0, "GRAPROES": 0.0, "_ent": "24", "_mun": "024", "_loc": "0001"}, "geometry": {"type": "Polygon", "coordinates": [[[-99.94915, 21.91826], [-99.94909, 21.91853], [-99.94848, 21.91834], [-99.94854, 21.91807], [-99.94915, 21.91826]]]}}, {"id": "1869177", "type": "Feature", "properties": {"id": "1869177", "CVEGEO": "2402400010826032", "POBTOT": 18.0, "score_nse": 49.7088, "NSE": "C-", "VIVTOT": 19.0, "GRAPROES": 13.5, "_ent": "24", "_mun": "024", "_loc": "0001"}, "geometry": {"type": "Polygon", "coordinates": [[[-99.94939, 21.91833], [-99.94921, 21.91917], [-99.94904, 21.92002], [-99.9489, 21.91997], [-99.94907, 21.91913], [-99.94925, 21.9183], [-99.94939, 21.91833]]]}}, {"id": "1869178", "type": "Feature", "properties": {"id": "1869178", "CVEGEO": "2402400010826036", "POBTOT": 0.0, "score_nse": 0.0, "NSE": null, "VIVTOT": 0.0, "GRAPROES": 0.0, "_ent": "24", "_mun": "024", "_loc": "0001"}, "geometry": {"type": "Polygon", "coordinates": [[[-99.94884, 21.91975], [-99.9488, 21.91994], [-99.94818, 21.91972], [-99.94823, 21.91955], [-99.94884, 21.91975]]]}}, {"id": "1869179", "type": "Feature", "properties": {"id": "1869179", "CVEGEO": "2402400010826037", "POBTOT": 0.0, "score_nse": 0.0, "NSE": null, "VIVTOT": 0.0, "GRAPROES": 0.0, "_ent": "24", "_mun": "024", "_loc": "0001"}, "geometry": {"type": "Polygon", "coordinates": [[[-99.94815, 21.91953], [-99.94811, 21.9197], [-99.94769, 21.91955], [-99.94773, 21.9194], [-99.94815, 21.91953]]]}}, {"id": "1869180", "type": "Feature", "properties": {"id": "1869180", "CVEGEO": "2402400010826040", "POBTOT": 0.0, "score_nse": 0.0, "NSE": null, "VIVTOT": 0.0, "GRAPROES": 0.0, "_ent": "24", "_mun": "024", "_loc": "0001"}, "geometry": {"type": "Polygon", "coordinates": [[[-99.94844, 21.91805], [-99.94839, 21.91833], [-99.94795, 21.9182], [-99.948, 21.91792], [-99.94844, 21.91805]]]}}, {"id": "1869183", "type": "Feature", "properties": {"id": "1869183", "CVEGEO": "2402400010224034", "POBTOT": 411.0, "score_nse": 58.1946, "NSE": "C", "VIVTOT": 143.0, "GRAPROES": 10.66, "_ent": "24", "_mun": "024", "_loc": "0001"}, "geometry": {"type": "Polygon", "coordinates": [[[-99.9888, 21.9297], [-99.98874, 21.93097], [-99.98573, 21.93049], [-99.98451, 21.9283], [-99.98487, 21.92809], [-99.98499, 21.92832], [-99.98522, 21.9282], [-99.9851, 21.92738], [-99.98567, 21.92742], [-99.98562, 21.92653], [-99.9865, 21.92662], [-99.98646, 21.92731], [-99.98615, 21.92729], [-99.9861, 21.92823], [-99.98641, 21.92824], [-99.9864, 21.92859], [-99.98609, 21.92858], [-99.98604, 21.93012], [-99.98774, 21.93049], [-99.98796, 21.92958], [-99.9888, 21.9297]]]}}, {"id": "1869184", "type": "Feature", "properties": {"id": "1869184", "CVEGEO": "2402400010826031", "POBTOT": 0.0, "score_nse": 10.0, "NSE": "E", "VIVTOT": 13.0, "GRAPROES": 0.0, "_ent": "24", "_mun": "024", "_loc": "0001"}, "geometry": {"type": "Polygon", "coordinates": [[[-99.94906, 21.91863], [-99.949, 21.91891], [-99.94842, 21.91863], [-99.94846, 21.91844], [-99.94906, 21.91863]]]}}, {"id": "1869185", "type": "Feature", "properties": {"id": "1869185", "CVEGEO": "2402400010826033", "POBTOT": 0.0, "score_nse": 0.0, "NSE": "ND", "VIVTOT": 0.0, "GRAPROES": 0.0, "_ent": "24", "_mun": "024", "_loc": "0001"}, "geometry": {"type": "Polygon", "coordinates": [[[-99.94899, 21.91901], [-99.94893, 21.91928], [-99.94832, 21.9191], [-99.94847, 21.91885], [-99.94899, 21.91901]]]}}, {"id": "1869186", "type": "Feature", "properties": {"id": "1869186", "CVEGEO": "2402400010826034", "POBTOT": 0.0, "score_nse": 0.0, "NSE": null, "VIVTOT": 0.0, "GRAPROES": 0.0, "_ent": "24", "_mun": "024", "_loc": "0001"}, "geometry": {"type": "Polygon", "coordinates": [[[-99.94822, 21.91917], [-99.94816, 21.91945], [-99.94774, 21.91932], [-99.94779, 21.91903], [-99.94822, 21.91917]]]}}, {"id": "1869187", "type": "Feature", "properties": {"id": "1869187", "CVEGEO": "2402400010826035", "POBTOT": 0.0, "score_nse": 0.0, "NSE": null, "VIVTOT": 0.0, "GRAPROES": 0.0, "_ent": "24", "_mun": "024", "_loc": "0001"}, "geometry": {"type": "Polygon", "coordinates": [[[-99.94891, 21.91938], [-99.94886, 21.91966], [-99.94825, 21.91947], [-99.9483, 21.91919], [-99.94891, 21.91938]]]}}, {"id": "1869188", "type": "Feature", "properties": {"id": "1869188", "CVEGEO": "2402400010826038", "POBTOT": 0.0, "score_nse": 0.0, "NSE": null, "VIVTOT": 0.0, "GRAPROES": 0.0, "_ent": "24", "_mun": "024", "_loc": "0001"}, "geometry": {"type": "Polygon", "coordinates": [[[-99.94827, 21.9189], [-99.94823, 21.91908], [-99.9478, 21.91896], [-99.94786, 21.91868], [-99.94827, 21.9189]]]}}, {"id": "1869189", "type": "Feature", "properties": {"id": "1869189", "CVEGEO": "2402400010826039", "POBTOT": 0.0, "score_nse": 0.0, "NSE": null, "VIVTOT": 0.0, "GRAPROES": 0.0, "_ent": "24", "_mun": "024", "_loc": "0001"}, "geometry": {"type": "Polygon", "coordinates": [[[-99.94836, 21.91841], [-99.94821, 21.91868], [-99.94787, 21.91858], [-99.94793, 21.91828], [-99.94836, 21.91841]]]}}, {"id": "1869191", "type": "Feature", "properties": {"id": "1869191", "CVEGEO": "2402400010614038", "POBTOT": 1.0, "score_nse": 0.0, "NSE": "ND", "VIVTOT": 3.0, "GRAPROES": 0.0, "_ent": "24", "_mun": "024", "_loc": "0001"}, "geometry": {"type": "Polygon", "coordinates": [[[-99.97076, 21.94791], [-99.97051, 21.94841], [-99.96994, 21.94779], [-99.97, 21.94767], [-99.97076, 21.94791]]]}}, {"id": "1869192", "type": "Feature", "properties": {"id": "1869192", "CVEGEO": "2402400010224031", "POBTOT": 80.0, "score_nse": 83.94, "NSE": "C+", "VIVTOT": 20.0, "GRAPROES": 13.07, "_ent": "24", "_mun": "024", "_loc": "0001"}, "geometry": {"type": "Polygon", "coordinates": [[[-99.99382, 21.92961], [-99.99377, 21.92988], [-99.99355, 21.92985], [-99.99377, 21.92993], [-99.9937, 21.9303], [-99.9933, 21.93025], [-99.99334, 21.92992], [-99.99326, 21.93025], [-99.9926, 21.93015], [-99.99269, 21.92941], [-99.99382, 21.92961]]]}}, {"id": "1869193", "type": "Feature", "properties": {"id": "1869193", "CVEGEO": "2402400010614039", "POBTOT": 0.0, "score_nse": 10.0, "NSE": "E", "VIVTOT": 1.0, "GRAPROES": 0.0, "_ent": "24", "_mun": "024", "_loc": "0001"}, "geometry": {"type": "Polygon", "coordinates": [[[-99.97029, 21.94685], [-99.96987, 21.9477], [-99.96926, 21.94706], [-99.96997, 21.94652], [-99.97029, 21.94685]]]}}, {"id": "1869194", "type": "Feature", "properties": {"id": "1869194", "CVEGEO": "2402400010629033", "POBTOT": 33.0, "score_nse": 0.0, "NSE": "ND", "VIVTOT": 8.0, "GRAPROES": 8.59, "_ent": "24", "_mun": "024", "_loc": "0001"}, "geometry": {"type": "Polygon", "coordinates": [[[-100.00798, 21.90105], [-100.00743, 21.90211], [-100.0066, 21.90185], [-100.00688, 21.90076], [-100.00798, 21.90105]]]}}, {"id": "1869195", "type": "Feature", "properties": {"id": "1869195", "CVEGEO": "2402400010690004", "POBTOT": 166.0, "score_nse": 63.4473, "NSE": "C", "VIVTOT": 81.0, "GRAPROES": 12.35, "_ent": "24", "_mun": "024", "_loc": "0001"}, "geometry": {"type": "Polygon", "coordinates": [[[-100.00087, 21.92498], [-100.00068, 21.92631], [-99.99993, 21.92617], [-100.00011, 21.92522], [-100.0003, 21.92505], [-100.00003, 21.92523], [-99.99982, 21.92617], [-99.99909, 21.92606], [-99.99929, 21.92549], [-99.99913, 21.92547], [-99.999, 21.92603], [-99.99823, 21.92588], [-99.99838, 21.92519], [-99.9986, 21.92501], [-99.99909, 21.92512], [-99.99898, 21.92536], [-99.99913, 21.92538], [-99.99911, 21.92515], [-99.99927, 21.92508], [-99.99933, 21.92475], [-99.99914, 21.92474], [-99.99907, 21.92503], [-99.99861, 21.92494], [-99.99848, 21.92472], [-99.99866, 21.92375], [-100.00087, 21.92498]]]}}, {"id": "1869196", "type": "Feature", "properties": {"id": "1869196", "CVEGEO": "2402400010633012", "POBTOT": 190.0, "score_nse": 51.5938, "NSE": "C-", "VIVTOT": 55.0, "GRAPROES": 7.87, "_ent": "24", "_mun": "024", "_loc": "0001"}, "geometry": {"type": "Polygon", "coordinates": [[[-99.9771, 21.90088], [-99.97521, 21.9014], [-99.97497, 21.90025], [-99.97421, 21.89943], [-99.97439, 21.89811], [-99.97428, 21.89626], [-99.97488, 21.8959], [-99.97513, 21.89596], [-99.97563, 21.89665], [-99.97591, 21.8967], [-99.9763, 21.89744], [-99.97699, 21.90008], [-99.97581, 21.90041], [-99.97554, 21.90089], [-99.97584, 21.90048], [-99.977, 21.90017], [-99.9771, 21.90088]]]}}, {"id": "1869220", "type": "Feature", "properties": {"id": "1869220", "CVEGEO": "2402400010205020", "POBTOT": 0.0, "score_nse": 0.0, "NSE": null, "VIVTOT": 0.0, "GRAPROES": 0.0, "_ent": "24", "_mun": "024", "_loc": "0001"}, "geometry": {"type": "Polygon", "coordinates": [[[-99.9689, 21.94076], [-99.97012, 21.94021], [-99.97059, 21.94022], [-99.97024, 21.9406], [-99.96922, 21.94105], [-99.9689, 21.94091], [-99.9689, 21.94076]]]}}, {"id": "1869221", "type": "Feature", "properties": {"id": "1869221", "CVEGEO": "2402400010205040", "POBTOT": 0.0, "score_nse": 0.0, "NSE": null, "VIVTOT": 0.0, "GRAPROES": 0.0, "_ent": "24", "_mun": "024", "_loc": "0001"}, "geometry": {"type": "Polygon", "coordinates": [[[-99.9735, 21.94029], [-99.97238, 21.94206], [-99.97142, 21.94174], [-99.9723, 21.94024], [-99.9735, 21.94029]]]}}, {"id": "1869222", "type": "Feature", "properties": {"id": "1869222", "CVEGEO": "2402400010205043", "POBTOT": 0.0, "score_nse": 0.0, "NSE": null, "VIVTOT": 0.0, "GRAPROES": 0.0, "_ent": "24", "_mun": "024", "_loc": "0001"}, "geometry": {"type": "Polygon", "coordinates": [[[-99.99018, 21.93849], [-99.9901, 21.93872], [-99.98884, 21.93851], [-99.98889, 21.938], [-99.99065, 21.93822], [-99.99056, 21.9388], [-99.9902, 21.93874], [-99.99018, 21.93849]]]}}, {"id": "1869223", "type": "Feature", "properties": {"id": "1869223", "CVEGEO": "2402400010205050", "POBTOT": 249.0, "score_nse": 52.4237, "NSE": "C-", "VIVTOT": 61.0, "GRAPROES": 7.79, "_ent": "24", "_mun": "024", "_loc": "0001"}, "geometry": {"type": "Polygon", "coordinates": [[[-99.97227, 21.94022], [-99.97135, 21.9417], [-99.96927, 21.94107], [-99.97028, 21.94063], [-99.97068, 21.9402], [-99.97227, 21.94022]]]}}, {"id": "1869224", "type": "Feature", "properties": {"id": "1869224", "CVEGEO": "2402400010205059", "POBTOT": 121.0, "score_nse": 0.0, "NSE": "ND", "VIVTOT": 45.0, "GRAPROES": 10.01, "_ent": "24", "_mun": "024", "_loc": "0001"}, "geometry": {"type": "Polygon", "coordinates": [[[-99.98869, 21.93998], [-99.98875, 21.93931], [-99.98895, 21.93922], [-99.98877, 21.93921], [-99.98883, 21.9386], [-99.9893, 21.93867], [-99.98935, 21.93896], [-99.98939, 21.93869], [-99.98968, 21.93873], [-99.98961, 21.93908], [-99.98978, 21.93876], [-99.99007, 21.93882], [-99.99008, 21.93911], [-99.99017, 21.93884], [-99.99055, 21.93889], [-99.99045, 21.93947], [-99.98947, 21.93935], [-99.98937, 21.93995], [-99.99034, 21.94011], [-99.99031, 21.94038], [-99.98898, 21.94017], [-99.989, 21.94002], [-99.98869, 21.93998]]]}}, {"id": "1869225", "type": "Feature", "properties": {"id": "1869225", "CVEGEO": "2402400010224048", "POBTOT": 33.0, "score_nse": 51.7327, "NSE": "C-", "VIVTOT": 11.0, "GRAPROES": 7.39, "_ent": "24", "_mun": "024", "_loc": "0001"}, "geometry": {"type": "Polygon", "coordinates": [[[-99.9872, 21.92937], [-99.98724, 21.92858], [-99.98801, 21.92865], [-99.98787, 21.9295], [-99.9872, 21.92937]]]}}, {"id": "1869226", "type": "Feature", "properties": {"id": "1869226", "CVEGEO": "240240001046A005", "POBTOT": 36.0, "score_nse": 63.1152, "NSE": "C", "VIVTOT": 19.0, "GRAPROES": 13.08, "_ent": "24", "_mun": "024", "_loc": "0001"}, "geometry": {"type": "Polygon", "coordinates": [[[-99.98524, 21.93784], [-99.98308, 21.93708], [-99.98314, 21.93691], [-99.98486, 21.93749], [-99.98506, 21.93736], [-99.98553, 21.93751], [-99.98524, 21.93784]]]}}, {"id": "1869227", "type": "Feature", "properties": {"id": "1869227", "CVEGEO": "240240001046A062", "POBTOT": 34.0, "score_nse": 87.97, "NSE": "A/B", "VIVTOT": 8.0, "GRAPROES": 11.46, "_ent": "24", "_mun": "024", "_loc": "0001"}, "geometry": {"type": "Polygon", "coordinates": [[[-99.98296, 21.93277], [-99.98294, 21.93314], [-99.98248, 21.93312], [-99.98291, 21.93321], [-99.98284, 21.93353], [-99.98144, 21.9335], [-99.98156, 21.93272], [-99.98296, 21.93277]]]}}, {"id": "1869228", "type": "Feature", "properties": {"id": "1869228", "CVEGEO": "240240001046A080", "POBTOT": 51.0, "score_nse": 65.1418, "NSE": "C", "VIVTOT": 18.0, "GRAPROES": 10.57, "_ent": "24", "_mun": "024", "_loc": "0001"}, "geometry": {"type": "Polygon", "coordinates": [[[-99.98526, 21.93648], [-99.98498, 21.9371], [-99.98457, 21.93697], [-99.98468, 21.93656], [-99.9845, 21.93694], [-99.9842, 21.93686], [-99.98445, 21.93622], [-99.98526, 21.93648]]]}}, {"id": "1869229", "type": "Feature", "properties": {"id": "1869229", "CVEGEO": "2402400010559036", "POBTOT": 39.0, "score_nse": 0.0, "NSE": "ND", "VIVTOT": 15.0, "GRAPROES": 6.31, "_ent": "24", "_mun": "024", "_loc": "0001"}, "geometry": {"type": "Polygon", "coordinates": [[[-100.00535, 21.92391], [-100.00421, 21.92406], [-100.00304, 21.92353], [-100.00324, 21.92334], [-100.00413, 21.92384], [-100.00532, 21.92373], [-100.00535, 21.92391]]]}}, {"id": "1869230", "type": "Feature", "properties": {"id": "1869230", "CVEGEO": "2402400010629081", "POBTOT": 0.0, "score_nse": 0.0, "NSE": null, "VIVTOT": 0.0, "GRAPROES": 0.0, "_ent": "24", "_mun": "024", "_loc": "0001"}, "geometry": {"type": "Polygon", "coordinates": [[[-100.00812, 21.90077], [-100.008, 21.90101], [-100.00689, 21.90073], [-100.00697, 21.90044], [-100.00812, 21.90077]]]}}, {"id": "1869231", "type": "Feature", "properties": {"id": "1869231", "CVEGEO": "2402400010633032", "POBTOT": 2.0, "score_nse": 0.0, "NSE": "ND", "VIVTOT": 2.0, "GRAPROES": 0.0, "_ent": "24", "_mun": "024", "_loc": "0001"}, "geometry": {"type": "Polygon", "coordinates": [[[-99.96763, 21.9031], [-99.97108, 21.902], [-99.97124, 21.90276], [-99.96865, 21.90362], [-99.96763, 21.9031]]]}}, {"id": "1869232", "type": "Feature", "properties": {"id": "1869232", "CVEGEO": "2402400010633038", "POBTOT": 0.0, "score_nse": 0.0, "NSE": null, "VIVTOT": 0.0, "GRAPROES": 0.0, "_ent": "24", "_mun": "024", "_loc": "0001"}, "geometry": {"type": "Polygon", "coordinates": [[[-99.96909, 21.90213], [-99.96995, 21.90183], [-99.97013, 21.90219], [-99.96926, 21.9025], [-99.96909, 21.90213]]]}}, {"id": "1869233", "type": "Feature", "properties": {"id": "1869233", "CVEGEO": "2402400010648010", "POBTOT": 129.0, "score_nse": 42.0795, "NSE": "C-", "VIVTOT": 44.0, "GRAPROES": 7.88, "_ent": "24", "_mun": "024", "_loc": "0001"}, "geometry": {"type": "Polygon", "coordinates": [[[-100.00199, 21.90383], [-100.00194, 21.90503], [-100.00141, 21.90501], [-100.00195, 21.90508], [-100.00186, 21.90557], [-100.00141, 21.90609], [-100.00093, 21.90597], [-100.00134, 21.90616], [-100.00079, 21.90651], [-100.00063, 21.9064], [-100.00076, 21.90652], [-100.00048, 21.90728], [-100.00012, 21.90728], [-100.0003, 21.9064], [-100.00067, 21.90605], [-100.00087, 21.90426], [-100.00122, 21.90421], [-100.00095, 21.90414], [-100.00116, 21.9038], [-100.00155, 21.90383], [-100.00141, 21.90474], [-100.00159, 21.90383], [-100.00199, 21.90383]]]}}, {"id": "1869234", "type": "Feature", "properties": {"id": "1869234", "CVEGEO": "2402400010703016", "POBTOT": 6.0, "score_nse": 0.0, "NSE": "ND", "VIVTOT": 7.0, "GRAPROES": 0.0, "_ent": "24", "_mun": "024", "_loc": "0001"}, "geometry": {"type": "Polygon", "coordinates": [[[-99.99175, 21.92476], [-99.99168, 21.9253], [-99.9907, 21.92522], [-99.99077, 21.92467], [-99.99175, 21.92476]]]}}, {"id": "1869235", "type": "Feature", "properties": {"id": "1869235", "CVEGEO": "2402400010826041", "POBTOT": 0.0, "score_nse": 0.0, "NSE": null, "VIVTOT": 0.0, "GRAPROES": 0.0, "_ent": "24", "_mun": "024", "_loc": "0001"}, "geometry": {"type": "Polygon", "coordinates": [[[-99.94763, 21.91853], [-99.94771, 21.9179], [-99.94789, 21.91794], [-99.94779, 21.91856], [-99.94763, 21.91853]]]}}, {"id": "1869236", "type": "Feature", "properties": {"id": "1869236", "CVEGEO": "2402400010826042", "POBTOT": 0.0, "score_nse": 0.0, "NSE": null, "VIVTOT": 0.0, "GRAPROES": 0.0, "_ent": "24", "_mun": "024", "_loc": "0001"}, "geometry": {"type": "Polygon", "coordinates": [[[-99.94737, 21.91841], [-99.94748, 21.9178], [-99.94761, 21.91783], [-99.94752, 21.91843], [-99.94737, 21.91841]]]}}, {"id": "1869237", "type": "Feature", "properties": {"id": "1869237", "CVEGEO": "2402400010826043", "POBTOT": 0.0, "score_nse": 0.0, "NSE": null, "VIVTOT": 0.0, "GRAPROES": 0.0, "_ent": "24", "_mun": "024", "_loc": "0001"}, "geometry": {"type": "Polygon", "coordinates": [[[-99.94749, 21.9177], [-99.94752, 21.91756], [-99.94853, 21.91785], [-99.94849, 21.91799], [-99.94749, 21.9177]]]}}, {"id": "1869238", "type": "Feature", "properties": {"id": "1869238", "CVEGEO": "2402400010879023", "POBTOT": 0.0, "score_nse": 10.0, "NSE": "E", "VIVTOT": 1.0, "GRAPROES": 0.0, "_ent": "24", "_mun": "024", "_loc": "0001"}, "geometry": {"type": "Polygon", "coordinates": [[[-99.96182, 21.92857], [-99.96051, 21.93007], [-99.9603, 21.92991], [-99.96165, 21.92839], [-99.96182, 21.92857]]]}}, {"id": "1869239", "type": "Feature", "properties": {"id": "1869239", "CVEGEO": "2402400010879027", "POBTOT": 0.0, "score_nse": 0.0, "NSE": null, "VIVTOT": 0.0, "GRAPROES": 0.0, "_ent": "24", "_mun": "024", "_loc": "0001"}, "geometry": {"type": "Polygon", "coordinates": [[[-99.96209, 21.92841], [-99.96256, 21.9288], [-99.96222, 21.92918], [-99.96173, 21.92881], [-99.96209, 21.92841]]]}}, {"id": "1869240", "type": "Feature", "properties": {"id": "1869240", "CVEGEO": "2402400010883004", "POBTOT": 47.0, "score_nse": 77.8981, "NSE": "C+", "VIVTOT": 19.0, "GRAPROES": 14.7, "_ent": "24", "_mun": "024", "_loc": "0001"}, "geometry": {"type": "Polygon", "coordinates": [[[-100.00988, 21.92407], [-100.00979, 21.92474], [-100.0093, 21.92469], [-100.00938, 21.92401], [-100.00988, 21.92407]]]}}, {"id": "1869241", "type": "Feature", "properties": {"id": "1869241", "CVEGEO": "2402400010883007", "POBTOT": 0.0, "score_nse": 0.0, "NSE": null, "VIVTOT": 0.0, "GRAPROES": 0.0, "_ent": "24", "_mun": "024", "_loc": "0001"}, "geometry": {"type": "Polygon", "coordinates": [[[-100.00939, 21.92397], [-100.00943, 21.92369], [-100.00993, 21.92377], [-100.00989, 21.92403], [-100.00939, 21.92397]]]}}, {"id": "1869242", "type": "Feature", "properties": {"id": "1869242", "CVEGEO": "2402400010629010", "POBTOT": 80.0, "score_nse": 59.0413, "NSE": "C", "VIVTOT": 24.0, "GRAPROES": 8.55, "_ent": "24", "_mun": "024", "_loc": "0001"}, "geometry": {"type": "Polygon", "coordinates": [[[-100.00855, 21.9], [-100.00814, 21.90075], [-100.00697, 21.9004], [-100.00706, 21.90001], [-100.00751, 21.89986], [-100.00709, 21.89992], [-100.0072, 21.89871], [-100.00765, 21.89897], [-100.00855, 21.9]]]}}, {"id": "1869243", "type": "Feature", "properties": {"id": "1869243", "CVEGEO": "2402400010192046", "POBTOT": 112.0, "score_nse": 0.0, "NSE": "ND", "VIVTOT": 24.0, "GRAPROES": 7.45, "_ent": "24", "_mun": "024", "_loc": "0001"}, "geometry": {"type": "Polygon", "coordinates": [[[-100.00173, 21.94446], [-100.00144, 21.94496], [-100.00105, 21.94472], [-100.00142, 21.945], [-100.00041, 21.94668], [-99.99952, 21.94651], [-99.99977, 21.94498], [-99.99947, 21.9465], [-99.99903, 21.94642], [-99.99924, 21.94446], [-99.99989, 21.94306], [-99.9992, 21.94445], [-99.99897, 21.94642], [-99.99669, 21.94606], [-99.99676, 21.94545], [-99.99654, 21.94532], [-99.99346, 21.94519], [-99.99355, 21.94372], [-99.99585, 21.94237], [-99.99644, 21.94178], [-99.99722, 21.94131], [-99.99819, 21.94098], [-99.99964, 21.94139], [-100.00058, 21.9421], [-100.00118, 21.94394], [-100.00173, 21.94446]]]}}, {"id": "1869244", "type": "Feature", "properties": {"id": "1869244", "CVEGEO": "2402400010205067", "POBTOT": 6.0, "score_nse": 0.0, "NSE": "ND", "VIVTOT": 3.0, "GRAPROES": 0.0, "_ent": "24", "_mun": "024", "_loc": "0001"}, "geometry": {"type": "Polygon", "coordinates": [[[-99.96997, 21.9402], [-99.96902, 21.94062], [-99.96889, 21.94067], [-99.96887, 21.94019], [-99.96997, 21.9402]]]}}, {"id": "1869245", "type": "Feature", "properties": {"id": "1869245", "CVEGEO": "2402400010205078", "POBTOT": 0.0, "score_nse": 0.0, "NSE": null, "VIVTOT": 0.0, "GRAPROES": 0.0, "_ent": "24", "_mun": "024", "_loc": "0001"}, "geometry": {"type": "Polygon", "coordinates": [[[-99.96881, 21.94019], [-99.96872, 21.94075], [-99.96727, 21.94017], [-99.96881, 21.94019]]]}}, {"id": "1869246", "type": "Feature", "properties": {"id": "1869246", "CVEGEO": "240240001046A001", "POBTOT": 555.0, "score_nse": 59.5971, "NSE": "C", "VIVTOT": 187.0, "GRAPROES": 10.31, "_ent": "24", "_mun": "024", "_loc": "0001"}, "geometry": {"type": "Polygon", "coordinates": [[[-99.98813, 21.93472], [-99.98692, 21.9361], [-99.98581, 21.93556], [-99.98387, 21.93532], [-99.98354, 21.93549], [-99.98357, 21.93587], [-99.98439, 21.93621], [-99.98413, 21.93682], [-99.98373, 21.9367], [-99.9838, 21.93632], [-99.98367, 21.93668], [-99.98311, 21.93658], [-99.98305, 21.9371], [-99.9852, 21.93789], [-99.98457, 21.93855], [-99.98318, 21.93813], [-99.98308, 21.93789], [-99.98219, 21.93746], [-99.98204, 21.93684], [-99.98213, 21.93751], [-99.983, 21.93792], [-99.98309, 21.93818], [-99.9845, 21.93863], [-99.98355, 21.9395], [-99.98281, 21.93931], [-99.98204, 21.93802], [-99.98118, 21.93719], [-99.97788, 21.93622], [-99.97666, 21.93633], [-99.97419, 21.93738], [-99.97499, 21.93598], [-99.975, 21.93452], [-99.97804, 21.93444], [-99.9793, 21.93321], [-99.98037, 21.93286], [-99.98145, 21.93284], [-99.98137, 21.93329], [-99.98055, 21.93328], [-99.98136, 21.93333], [-99.98133, 21.93351], [-99.98101, 21.93348], [-99.98122, 21.93356], [-99.98119, 21.93384], [-99.98097, 21.93381], [-99.98118, 21.93389], [-99.98115, 21.93418], [-99.98099, 21.93416], [-99.98115, 21.93423], [-99.98111, 21.93454], [-99.98121, 21.93425], [-99.98365, 21.93433], [-99.98373, 21.93445], [-99.98379, 21.9336], [-99.98414, 21.93361], [-99.98423, 21.93462], [-99.98418, 21.93285], [-99.98512, 21.93288], [-99.98595, 21.93245], [-99.98619, 21.9338], [-99.98506, 21.9339], [-99.98495, 21.93404], [-99.98506, 21.93472], [-99.98448, 21.93473], [-99.98813, 21.93472]]]}}, {"id": "1869247", "type": "Feature", "properties": {"id": "1869247", "CVEGEO": "240240001046A002", "POBTOT": 160.0, "score_nse": 0.0, "NSE": "ND", "VIVTOT": 53.0, "GRAPROES": 10.03, "_ent": "24", "_mun": "024", "_loc": "0001"}, "geometry": {"type": "Polygon", "coordinates": [[[-99.98575, 21.93165], [-99.98412, 21.93158], [-99.9843, 21.93084], [-99.98564, 21.93111], [-99.98575, 21.93165]]]}}, {"id": "1869248", "type": "Feature", "properties": {"id": "1869248", "CVEGEO": "240240001046A006", "POBTOT": 0.0, "score_nse": 0.0, "NSE": null, "VIVTOT": 0.0, "GRAPROES": 0.0, "_ent": "24", "_mun": "024", "_loc": "0001"}, "geometry": {"type": "Polygon", "coordinates": [[[-99.98582, 21.93202], [-99.98385, 21.93203], [-99.98329, 21.93192], [-99.9834, 21.9315], [-99.98575, 21.9317], [-99.98582, 21.93202]]]}}, {"id": "1869249", "type": "Feature", "properties": {"id": "1869249", "CVEGEO": "2402400010544017", "POBTOT": 1.0, "score_nse": 0.0, "NSE": "ND", "VIVTOT": 3.0, "GRAPROES": 0.0, "_ent": "24", "_mun": "024", "_loc": "0001"}, "geometry": {"type": "Polygon", "coordinates": [[[-99.99462, 21.91704], [-99.9941, 21.91798], [-99.99322, 21.91761], [-99.99301, 21.9171], [-99.99322, 21.91708], [-99.99291, 21.91688], [-99.99415, 21.91699], [-99.99366, 21.91741], [-99.99387, 21.91735], [-99.99418, 21.91754], [-99.99392, 21.91731], [-99.9943, 21.91701], [-99.99462, 21.91704]]]}}, {"id": "1869250", "type": "Feature", "properties": {"id": "1869250", "CVEGEO": "2402400010544026", "POBTOT": 42.0, "score_nse": 0.0, "NSE": "ND", "VIVTOT": 14.0, "GRAPROES": 8.85, "_ent": "24", "_mun": "024", "_loc": "0001"}, "geometry": {"type": "Polygon", "coordinates": [[[-99.99689, 21.91694], [-99.9966, 21.91623], [-99.99775, 21.91631], [-99.9975, 21.91745], [-99.99684, 21.91735], [-99.99689, 21.91694]]]}}, {"id": "1869251", "type": "Feature", "properties": {"id": "1869251", "CVEGEO": "2402400010582024", "POBTOT": 10.0, "score_nse": 0.0, "NSE": "ND", "VIVTOT": 6.0, "GRAPROES": 12.14, "_ent": "24", "_mun": "024", "_loc": "0001"}, "geometry": {"type": "Polygon", "coordinates": [[[-99.99158, 21.91999], [-99.99232, 21.92], [-99.99342, 21.9212], [-99.99202, 21.92082], [-99.9921, 21.92029], [-99.99196, 21.92081], [-99.99123, 21.92061], [-99.99106, 21.91979], [-99.99113, 21.91879], [-99.99228, 21.91994], [-99.99158, 21.91999]]]}}, {"id": "1869252", "type": "Feature", "properties": {"id": "1869252", "CVEGEO": "2402400010597049", "POBTOT": 10.0, "score_nse": 0.0, "NSE": "ND", "VIVTOT": 7.0, "GRAPROES": 0.0, "_ent": "24", "_mun": "024", "_loc": "0001"}, "geometry": {"type": "Polygon", "coordinates": [[[-99.98348, 21.89907], [-99.98387, 21.89898], [-99.98411, 21.89962], [-99.98363, 21.89954], [-99.98348, 21.89907]]]}}, {"id": "1869253", "type": "Feature", "properties": {"id": "1869253", "CVEGEO": "2402400010597050", "POBTOT": 1.0, "score_nse": 0.0, "NSE": "ND", "VIVTOT": 17.0, "GRAPROES": 0.0, "_ent": "24", "_mun": "024", "_loc": "0001"}, "geometry": {"type": "Polygon", "coordinates": [[[-99.98599, 21.89889], [-99.98597, 21.89959], [-99.9858, 21.89984], [-99.98475, 21.89967], [-99.98438, 21.89883], [-99.98477, 21.89874], [-99.98495, 21.89942], [-99.98484, 21.89872], [-99.98537, 21.89857], [-99.98561, 21.8989], [-99.98599, 21.89889]]]}}, {"id": "1869254", "type": "Feature", "properties": {"id": "1869254", "CVEGEO": "2402400010597051", "POBTOT": 3.0, "score_nse": 0.0, "NSE": "ND", "VIVTOT": 1.0, "GRAPROES": 0.0, "_ent": "24", "_mun": "024", "_loc": "0001"}, "geometry": {"type": "Polygon", "coordinates": [[[-99.9836, 21.89666], [-99.983, 21.89683], [-99.98289, 21.8965], [-99.98293, 21.89686], [-99.9823, 21.89702], [-99.98211, 21.89657], [-99.98267, 21.89646], [-99.98346, 21.89596], [-99.9836, 21.89666]]]}}, {"id": "1869255", "type": "Feature", "properties": {"id": "1869255", "CVEGEO": "2402400010597054", "POBTOT": 0.0, "score_nse": 0.0, "NSE": null, "VIVTOT": 0.0, "GRAPROES": 0.0, "_ent": "24", "_mun": "024", "_loc": "0001"}, "geometry": {"type": "Polygon", "coordinates": [[[-99.98392, 21.89896], [-99.9843, 21.89887], [-99.98469, 21.89965], [-99.98417, 21.89962], [-99.98392, 21.89896]]]}}, {"id": "1869256", "type": "Feature", "properties": {"id": "1869256", "CVEGEO": "2402400010597055", "POBTOT": 0.0, "score_nse": 0.0, "NSE": null, "VIVTOT": 0.0, "GRAPROES": 0.0, "_ent": "24", "_mun": "024", "_loc": "0001"}, "geometry": {"type": "Polygon", "coordinates": [[[-99.98316, 21.89915], [-99.98343, 21.89909], [-99.98356, 21.89952], [-99.98327, 21.89942], [-99.98316, 21.89915]]]}}, {"id": "1869257", "type": "Feature", "properties": {"id": "1869257", "CVEGEO": "2402400010597056", "POBTOT": 0.0, "score_nse": 0.0, "NSE": null, "VIVTOT": 0.0, "GRAPROES": 0.0, "_ent": "24", "_mun": "024", "_loc": "0001"}, "geometry": {"type": "Polygon", "coordinates": [[[-99.98366, 21.89663], [-99.98355, 21.89608], [-99.98422, 21.89619], [-99.98441, 21.89641], [-99.98366, 21.89663]]]}}, {"id": "1869258", "type": "Feature", "properties": {"id": "1869258", "CVEGEO": "240240001060A021", "POBTOT": 141.0, "score_nse": 0.0, "NSE": "ND", "VIVTOT": 39.0, "GRAPROES": 8.9, "_ent": "24", "_mun": "024", "_loc": "0001"}, "geometry": {"type": "Polygon", "coordinates": [[[-99.97471, 21.9126], [-99.9742, 21.91265], [-99.9739, 21.91298], [-99.97375, 21.91269], [-99.97391, 21.91237], [-99.97343, 21.91196], [-99.97383, 21.91237], [-99.97369, 21.91289], [-99.97334, 21.91291], [-99.97262, 21.91242], [-99.97327, 21.91294], [-99.97386, 21.91302], [-99.97302, 21.9139], [-99.97215, 21.9142], [-99.97248, 21.91383], [-99.97248, 21.91273], [-99.97228, 21.91277], [-99.97121, 21.91199], [-99.97142, 21.91175], [-99.97139, 21.91111], [-99.97201, 21.91022], [-99.97263, 21.91025], [-99.97228, 21.91098], [-99.97269, 21.91026], [-99.97354, 21.91032], [-99.97369, 21.91062], [-99.97315, 21.91069], [-99.97301, 21.91102], [-99.97319, 21.91073], [-99.97372, 21.91067], [-99.97471, 21.9126]]]}}, {"id": "1869259", "type": "Feature", "properties": {"id": "1869259", "CVEGEO": "240240001060A043", "POBTOT": 0.0, "score_nse": 0.0, "NSE": null, "VIVTOT": 0.0, "GRAPROES": 0.0, "_ent": "24", "_mun": "024", "_loc": "0001"}, "geometry": {"type": "Polygon", "coordinates": [[[-99.97205, 21.91268], [-99.97183, 21.91294], [-99.97097, 21.91231], [-99.97118, 21.91204], [-99.97205, 21.91268]]]}}, {"id": "1869260", "type": "Feature", "properties": {"id": "1869260", "CVEGEO": "240240001060A044", "POBTOT": 0.0, "score_nse": 0.0, "NSE": null, "VIVTOT": 0.0, "GRAPROES": 0.0, "_ent": "24", "_mun": "024", "_loc": "0001"}, "geometry": {"type": "Polygon", "coordinates": [[[-99.97215, 21.91316], [-99.97186, 21.91295], [-99.97209, 21.91271], [-99.97237, 21.9129], [-99.97215, 21.91316]]]}}, {"id": "1869261", "type": "Feature", "properties": {"id": "1869261", "CVEGEO": "2402400010667023", "POBTOT": 6.0, "score_nse": 0.0, "NSE": "ND", "VIVTOT": 2.0, "GRAPROES": 0.0, "_ent": "24", "_mun": "024", "_loc": "0001"}, "geometry": {"type": "Polygon", "coordinates": [[[-99.98842, 21.92299], [-99.98833, 21.92387], [-99.98636, 21.92378], [-99.98637, 21.92342], [-99.98678, 21.92336], [-99.98637, 21.92335], [-99.98637, 21.92294], [-99.98842, 21.92299]]]}}, {"id": "1869262", "type": "Feature", "properties": {"id": "1869262", "CVEGEO": "2402400010760009", "POBTOT": 0.0, "score_nse": 0.0, "NSE": null, "VIVTOT": 0.0, "GRAPROES": 0.0, "_ent": "24", "_mun": "024", "_loc": "0001"}, "geometry": {"type": "Polygon", "coordinates": [[[-99.96929, 21.90445], [-99.96823, 21.90439], [-99.96836, 21.90353], [-99.96889, 21.90386], [-99.96929, 21.90445]]]}}, {"id": "1869263", "type": "Feature", "properties": {"id": "1869263", "CVEGEO": "2402400010760010", "POBTOT": 0.0, "score_nse": 0.0, "NSE": null, "VIVTOT": 0.0, "GRAPROES": 0.0, "_ent": "24", "_mun": "024", "_loc": "0001"}, "geometry": {"type": "Polygon", "coordinates": [[[-99.96831, 21.90352], [-99.96819, 21.90438], [-99.96741, 21.90435], [-99.96756, 21.90311], [-99.96831, 21.90352]]]}}, {"id": "1869264", "type": "Feature", "properties": {"id": "1869264", "CVEGEO": "2402400010192043", "POBTOT": 138.0, "score_nse": 0.0, "NSE": "ND", "VIVTOT": 48.0, "GRAPROES": 11.83, "_ent": "24", "_mun": "024", "_loc": "0001"}, "geometry": {"type": "Polygon", "coordinates": [[[-100.00241, 21.94039], [-100.00272, 21.9394], [-100.00339, 21.93982], [-100.00371, 21.94178], [-100.00007, 21.94002], [-100.00047, 21.93913], [-100.00002, 21.93999], [-99.99963, 21.93981], [-100.00006, 21.93897], [-99.99958, 21.93978], [-99.99801, 21.93902], [-99.9983, 21.9384], [-99.99879, 21.9387], [-99.99832, 21.93835], [-99.99844, 21.9381], [-99.99896, 21.93833], [-99.99845, 21.93807], [-99.99857, 21.9378], [-99.99906, 21.93797], [-99.99861, 21.93772], [-99.99869, 21.93754], [-99.99972, 21.93804], [-99.99872, 21.93748], [-99.999, 21.93686], [-100.00175, 21.93879], [-100.00128, 21.93987], [-100.00241, 21.94039]]]}}, {"id": "1869265", "type": "Feature", "properties": {"id": "1869265", "CVEGEO": "2402400010417006", "POBTOT": 0.0, "score_nse": 0.0, "NSE": null, "VIVTOT": 0.0, "GRAPROES": 0.0, "_ent": "24", "_mun": "024", "_loc": "0001"}, "geometry": {"type": "Polygon", "coordinates": [[[-100.01074, 21.93593], [-100.01019, 21.93664], [-100.00973, 21.93657], [-100.01025, 21.93579], [-100.01074, 21.93593]]]}}, {"id": "1869266", "type": "Feature", "properties": {"id": "1869266", "CVEGEO": "2402400010417022", "POBTOT": 520.0, "score_nse": 63.0684, "NSE": "C", "VIVTOT": 169.0, "GRAPROES": 10.22, "_ent": "24", "_mun": "024", "_loc": "0001"}, "geometry": {"type": "Polygon", "coordinates": [[[-100.0048, 21.93838], [-100.00417, 21.93932], [-100.00366, 21.93958], [-100.00361, 21.93924], [-100.00428, 21.93859], [-100.00401, 21.93697], [-100.00463, 21.93724], [-100.00449, 21.93752], [-100.00468, 21.93726], [-100.00506, 21.93745], [-100.00493, 21.93776], [-100.00511, 21.93748], [-100.00529, 21.93749], [-100.00396, 21.93688], [-100.00389, 21.93648], [-100.00559, 21.9373], [-100.007, 21.93777], [-100.00622, 21.93939], [-100.00821, 21.93944], [-100.00864, 21.93959], [-100.00855, 21.93977], [-100.00832, 21.9396], [-100.00822, 21.93968], [-100.00852, 21.93982], [-100.00842, 21.94003], [-100.00746, 21.93967], [-100.0084, 21.94008], [-100.00802, 21.94095], [-100.00763, 21.94079], [-100.00783, 21.94032], [-100.00755, 21.94076], [-100.00695, 21.94054], [-100.00713, 21.94005], [-100.00689, 21.94051], [-100.0066, 21.94039], [-100.00679, 21.93982], [-100.00631, 21.94078], [-100.00657, 21.94045], [-100.00682, 21.94056], [-100.00647, 21.94124], [-100.00622, 21.94117], [-100.0077, 21.9419], [-100.00752, 21.94229], [-100.0037, 21.93987], [-100.00368, 21.93964], [-100.00424, 21.93938], [-100.00471, 21.93874], [-100.00509, 21.93893], [-100.00497, 21.93929], [-100.00526, 21.9388], [-100.00512, 21.93888], [-100.00474, 21.93868], [-100.00496, 21.93835], [-100.0048, 21.93838]]]}}, {"id": "1869267", "type": "Feature", "properties": {"id": "1869267", "CVEGEO": "2402400010417037", "POBTOT": 60.0, "score_nse": 0.0, "NSE": "ND", "VIVTOT": 22.0, "GRAPROES": 9.96, "_ent": "24", "_mun": "024", "_loc": "0001"}, "geometry": {"type": "Polygon", "coordinates": [[[-100.01106, 21.93547], [-100.0108, 21.93585], [-100.01027, 21.93571], [-100.01056, 21.93527], [-100.01106, 21.93547]]]}}, {"id": "1869268", "type": "Feature", "properties": {"id": "1869268", "CVEGEO": "2402400010582027", "POBTOT": 0.0, "score_nse": 0.0, "NSE": "ND", "VIVTOT": 0.0, "GRAPROES": 0.0, "_ent": "24", "_mun": "024", "_loc": "0001"}, "geometry": {"type": "Polygon", "coordinates": [[[-99.98721, 21.9146], [-99.98871, 21.91614], [-99.98771, 21.91684], [-99.98697, 21.91769], [-99.98585, 21.91768], [-99.98505, 21.9172], [-99.98517, 21.91702], [-99.98537, 21.91713], [-99.98566, 21.91662], [-99.98606, 21.91682], [-99.98569, 21.91657], [-99.9859, 21.91616], [-99.98636, 21.91591], [-99.9868, 21.91619], [-99.98639, 21.91586], [-99.98721, 21.9146]]]}}, {"id": "1869269", "type": "Feature", "properties": {"id": "1869269", "CVEGEO": "2402400010614041", "POBTOT": 0.0, "score_nse": 0.0, "NSE": null, "VIVTOT": 0.0, "GRAPROES": 0.0, "_ent": "24", "_mun": "024", "_loc": "0001"}, "geometry": {"type": "Polygon", "coordinates": [[[-99.97073, 21.94592], [-99.97056, 21.94632], [-99.97033, 21.94681], [-99.96999, 21.94647], [-99.97073, 21.94592]]]}}, {"id": "1869270", "type": "Feature", "properties": {"id": "1869270", "CVEGEO": "2402400010652001", "POBTOT": 30.0, "score_nse": 0.0, "NSE": "ND", "VIVTOT": 9.0, "GRAPROES": 6.32, "_ent": "24", "_mun": "024", "_loc": "0001"}, "geometry": {"type": "Polygon", "coordinates": [[[-99.9754, 21.91639], [-99.97541, 21.91696], [-99.97567, 21.91742], [-99.97371, 21.91705], [-99.97362, 21.91692], [-99.97376, 21.9166], [-99.97349, 21.91593], [-99.97304, 21.91571], [-99.9732, 21.91535], [-99.97307, 21.91498], [-99.9734, 21.91471], [-99.97335, 21.91406], [-99.97314, 21.91389], [-99.97424, 21.91269], [-99.97474, 21.91264], [-99.97571, 21.91453], [-99.97546, 21.91468], [-99.97509, 21.91421], [-99.97542, 21.91471], [-99.97508, 21.91491], [-99.97469, 21.91445], [-99.97498, 21.91504], [-99.97575, 21.91457], [-99.97656, 21.9153], [-99.9754, 21.91639]]]}}, {"id": "1869271", "type": "Feature", "properties": {"id": "1869271", "CVEGEO": "2402400010879014", "POBTOT": 21.0, "score_nse": 0.0, "NSE": "ND", "VIVTOT": 14.0, "GRAPROES": 12.55, "_ent": "24", "_mun": "024", "_loc": "0001"}, "geometry": {"type": "Polygon", "coordinates": [[[-99.96145, 21.93202], [-99.96023, 21.93308], [-99.96009, 21.93294], [-99.96094, 21.93214], [-99.96013, 21.93138], [-99.96039, 21.93113], [-99.96145, 21.93202]]]}}, {"id": "1869272", "type": "Feature", "properties": {"id": "1869272", "CVEGEO": "2402400010900007", "POBTOT": 0.0, "score_nse": 0.0, "NSE": null, "VIVTOT": 0.0, "GRAPROES": 0.0, "_ent": "24", "_mun": "024", "_loc": "0001"}, "geometry": {"type": "Polygon", "coordinates": [[[-99.96306, 21.92694], [-99.96284, 21.92674], [-99.96361, 21.92597], [-99.96386, 21.92615], [-99.96306, 21.92694]]]}}, {"id": "1869273", "type": "Feature", "properties": {"id": "1869273", "CVEGEO": "2402400010900008", "POBTOT": 0.0, "score_nse": 0.0, "NSE": null, "VIVTOT": 0.0, "GRAPROES": 0.0, "_ent": "24", "_mun": "024", "_loc": "0001"}, "geometry": {"type": "Polygon", "coordinates": [[[-99.96353, 21.92592], [-99.96273, 21.92667], [-99.9626, 21.92653], [-99.9634, 21.9258], [-99.96353, 21.92592]]]}}]}