{"type": "FeatureCollection", "features": [{"id": "1138289", "type": "Feature", "properties": {"id": "1138289", "CVEGEO": "1507000131052026", "POBTOT": 0.0, "score_nse": 0.0, "NSE": "ND", "VIVTOT": 0.0, "GRAPROES": 0.0, "_ent": "15", "_mun": "070", "_loc": "0013"}, "geometry": {"type": "Polygon", "coordinates": [[[-98.95829, 19.3399], [-98.95799, 19.34037], [-98.95759, 19.34008], [-98.95789, 19.3396], [-98.95829, 19.3399]]]}}, {"id": "1138290", "type": "Feature", "properties": {"id": "1138290", "CVEGEO": "1507000131048031", "POBTOT": 12.0, "score_nse": 0.0, "NSE": "ND", "VIVTOT": 3.0, "GRAPROES": 10.13, "_ent": "15", "_mun": "070", "_loc": "0013"}, "geometry": {"type": "Polygon", "coordinates": [[[-98.97384, 19.34166], [-98.97423, 19.34179], [-98.97384, 19.34175], [-98.97384, 19.34166]]]}}, {"id": "1138291", "type": "Feature", "properties": {"id": "1138291", "CVEGEO": "1507000131048030", "POBTOT": 29.0, "score_nse": 0.0, "NSE": "ND", "VIVTOT": 9.0, "GRAPROES": 7.77, "_ent": "15", "_mun": "070", "_loc": "0013"}, "geometry": {"type": "Polygon", "coordinates": [[[-98.97424, 19.3418], [-98.97421, 19.34206], [-98.97385, 19.34204], [-98.97382, 19.34176], [-98.97424, 19.3418]]]}}, {"id": "1138292", "type": "Feature", "properties": {"id": "1138292", "CVEGEO": "1507000131048027", "POBTOT": 119.0, "score_nse": 65.8559, "NSE": "C", "VIVTOT": 31.0, "GRAPROES": 9.98, "_ent": "15", "_mun": "070", "_loc": "0013"}, "geometry": {"type": "Polygon", "coordinates": [[[-98.97512, 19.34526], [-98.97503, 19.3456], [-98.97404, 19.34524], [-98.97413, 19.34493], [-98.97512, 19.34526]]]}}, {"id": "1138293", "type": "Feature", "properties": {"id": "1138293", "CVEGEO": "1507000131048026", "POBTOT": 42.0, "score_nse": 61.3491, "NSE": "C", "VIVTOT": 11.0, "GRAPROES": 10.06, "_ent": "15", "_mun": "070", "_loc": "0013"}, "geometry": {"type": "Polygon", "coordinates": [[[-98.97554, 19.34505], [-98.97543, 19.34573], [-98.97509, 19.34561], [-98.97524, 19.34496], [-98.97554, 19.34505]]]}}, {"id": "1138294", "type": "Feature", "properties": {"id": "1138294", "CVEGEO": "1507000131048005", "POBTOT": 93.0, "score_nse": 66.672, "NSE": "C", "VIVTOT": 25.0, "GRAPROES": 9.52, "_ent": "15", "_mun": "070", "_loc": "0013"}, "geometry": {"type": "Polygon", "coordinates": [[[-98.97581, 19.34303], [-98.97561, 19.34365], [-98.97532, 19.34355], [-98.97554, 19.34295], [-98.97581, 19.34303]]]}}, {"id": "1138295", "type": "Feature", "properties": {"id": "1138295", "CVEGEO": "1507000131048004", "POBTOT": 174.0, "score_nse": 65.6891, "NSE": "C", "VIVTOT": 44.0, "GRAPROES": 9.45, "_ent": "15", "_mun": "070", "_loc": "0013"}, "geometry": {"type": "Polygon", "coordinates": [[[-98.97429, 19.34415], [-98.97446, 19.34347], [-98.97463, 19.34352], [-98.97457, 19.34395], [-98.97468, 19.34396], [-98.97473, 19.34341], [-98.97448, 19.34334], [-98.97463, 19.3427], [-98.97546, 19.34296], [-98.97491, 19.34434], [-98.97429, 19.34415]]]}}, {"id": "1138296", "type": "Feature", "properties": {"id": "1138296", "CVEGEO": "1507000131014018", "POBTOT": 36.0, "score_nse": 0.0, "NSE": "ND", "VIVTOT": 10.0, "GRAPROES": 10.93, "_ent": "15", "_mun": "070", "_loc": "0013"}, "geometry": {"type": "Polygon", "coordinates": [[[-98.97701, 19.3493], [-98.97669, 19.34923], [-98.97673, 19.34903], [-98.97705, 19.34909], [-98.97701, 19.3493]]]}}, {"id": "1138297", "type": "Feature", "properties": {"id": "1138297", "CVEGEO": "1507000131014017", "POBTOT": 383.0, "score_nse": 0.0, "NSE": "ND", "VIVTOT": 115.0, "GRAPROES": 10.04, "_ent": "15", "_mun": "070", "_loc": "0013"}, "geometry": {"type": "Polygon", "coordinates": [[[-98.97655, 19.35017], [-98.97703, 19.3494], [-98.97732, 19.34828], [-98.97707, 19.34904], [-98.9767, 19.34896], [-98.97689, 19.34817], [-98.97664, 19.34895], [-98.97632, 19.34889], [-98.97665, 19.34746], [-98.97834, 19.34788], [-98.97839, 19.34843], [-98.97779, 19.34884], [-98.97727, 19.35019], [-98.97657, 19.35061], [-98.97655, 19.35017]]]}}, {"id": "1138298", "type": "Feature", "properties": {"id": "1138298", "CVEGEO": "1507000131014007", "POBTOT": 282.0, "score_nse": 62.4667, "NSE": "C", "VIVTOT": 79.0, "GRAPROES": 9.46, "_ent": "15", "_mun": "070", "_loc": "0013"}, "geometry": {"type": "Polygon", "coordinates": [[[-98.97842, 19.34728], [-98.97839, 19.34753], [-98.97788, 19.34752], [-98.97838, 19.34759], [-98.97835, 19.34783], [-98.97666, 19.34739], [-98.97675, 19.34702], [-98.97842, 19.34728]]]}}, {"id": "1138299", "type": "Feature", "properties": {"id": "1138299", "CVEGEO": "150700013100A009", "POBTOT": 46.0, "score_nse": 73.768, "NSE": "C+", "VIVTOT": 20.0, "GRAPROES": 13.21, "_ent": "15", "_mun": "070", "_loc": "0013"}, "geometry": {"type": "Polygon", "coordinates": [[[-98.98488, 19.35357], [-98.9849, 19.35339], [-98.9851, 19.3534], [-98.98508, 19.35359], [-98.98488, 19.35357]]]}}, {"id": "1138300", "type": "Feature", "properties": {"id": "1138300", "CVEGEO": "150700013100A008", "POBTOT": 56.0, "score_nse": 73.5992, "NSE": "C+", "VIVTOT": 21.0, "GRAPROES": 12.91, "_ent": "15", "_mun": "070", "_loc": "0013"}, "geometry": {"type": "Polygon", "coordinates": [[[-98.98492, 19.35301], [-98.98518, 19.35301], [-98.98513, 19.35338], [-98.98488, 19.35336], [-98.98492, 19.35301]]]}}, {"id": "1138301", "type": "Feature", "properties": {"id": "1138301", "CVEGEO": "150700013100A007", "POBTOT": 159.0, "score_nse": 0.0, "NSE": "ND", "VIVTOT": 42.0, "GRAPROES": 10.45, "_ent": "15", "_mun": "070", "_loc": "0013"}, "geometry": {"type": "Polygon", "coordinates": [[[-98.98415, 19.35218], [-98.98425, 19.35153], [-98.98407, 19.35218], [-98.98358, 19.35208], [-98.98379, 19.35141], [-98.98452, 19.35122], [-98.98471, 19.35059], [-98.98435, 19.35013], [-98.98446, 19.34971], [-98.985, 19.34983], [-98.98448, 19.35219], [-98.98415, 19.35218]]]}}, {"id": "1138302", "type": "Feature", "properties": {"id": "1138302", "CVEGEO": "150700013100A006", "POBTOT": 89.0, "score_nse": 66.5611, "NSE": "C", "VIVTOT": 21.0, "GRAPROES": 9.7, "_ent": "15", "_mun": "070", "_loc": "0013"}, "geometry": {"type": "Polygon", "coordinates": [[[-98.98399, 19.35513], [-98.98415, 19.35425], [-98.98457, 19.35431], [-98.98438, 19.35527], [-98.98399, 19.35513]]]}}, {"id": "1138355", "type": "Feature", "properties": {"id": "1138355", "CVEGEO": "150700013100A010", "POBTOT": 60.0, "score_nse": 78.55, "NSE": "C+", "VIVTOT": 20.0, "GRAPROES": 11.9, "_ent": "15", "_mun": "070", "_loc": "0013"}, "geometry": {"type": "Polygon", "coordinates": [[[-98.98474, 19.35358], [-98.9852, 19.35362], [-98.98516, 19.35383], [-98.98471, 19.35378], [-98.98474, 19.35358]]]}}, {"id": "1138379", "type": "Feature", "properties": {"id": "1138379", "CVEGEO": "1507000131067031", "POBTOT": 17.0, "score_nse": 0.0, "NSE": "ND", "VIVTOT": 4.0, "GRAPROES": 8.07, "_ent": "15", "_mun": "070", "_loc": "0013"}, "geometry": {"type": "Polygon", "coordinates": [[[-98.97256, 19.33617], [-98.97256, 19.33633], [-98.97249, 19.3363], [-98.97256, 19.33617]]]}}, {"id": "1138383", "type": "Feature", "properties": {"id": "1138383", "CVEGEO": "1507000131048010", "POBTOT": 47.0, "score_nse": 0.0, "NSE": "ND", "VIVTOT": 12.0, "GRAPROES": 9.47, "_ent": "15", "_mun": "070", "_loc": "0013"}, "geometry": {"type": "Polygon", "coordinates": [[[-98.97345, 19.34433], [-98.97335, 19.34458], [-98.97295, 19.34442], [-98.9731, 19.34414], [-98.97345, 19.34433]]]}}, {"id": "1138408", "type": "Feature", "properties": {"id": "1138408", "CVEGEO": "1507000131067032", "POBTOT": 63.0, "score_nse": 0.0, "NSE": "ND", "VIVTOT": 16.0, "GRAPROES": 8.83, "_ent": "15", "_mun": "070", "_loc": "0013"}, "geometry": {"type": "Polygon", "coordinates": [[[-98.97226, 19.33663], [-98.9727, 19.3363], [-98.97282, 19.33647], [-98.97237, 19.33683], [-98.97226, 19.33663]]]}}, {"id": "1138409", "type": "Feature", "properties": {"id": "1138409", "CVEGEO": "1507000131067012", "POBTOT": 98.0, "score_nse": 64.9763, "NSE": "C", "VIVTOT": 24.0, "GRAPROES": 8.95, "_ent": "15", "_mun": "070", "_loc": "0013"}, "geometry": {"type": "Polygon", "coordinates": [[[-98.97476, 19.34074], [-98.97493, 19.33981], [-98.97517, 19.33984], [-98.97497, 19.34081], [-98.97476, 19.34074]]]}}, {"id": "1138518", "type": "Feature", "properties": {"id": "1138518", "CVEGEO": "1507000131014019", "POBTOT": 0.0, "score_nse": 0.0, "NSE": "ND", "VIVTOT": 0.0, "GRAPROES": 0.0, "_ent": "15", "_mun": "070", "_loc": "0013"}, "geometry": {"type": "Polygon", "coordinates": [[[-98.9766, 19.34922], [-98.97624, 19.34915], [-98.97629, 19.34894], [-98.97665, 19.34901], [-98.9766, 19.34922]]]}}, {"id": "1138628", "type": "Feature", "properties": {"id": "1138628", "CVEGEO": "150700013100A021", "POBTOT": 92.0, "score_nse": 59.5813, "NSE": "C", "VIVTOT": 24.0, "GRAPROES": 10.39, "_ent": "15", "_mun": "070", "_loc": "0013"}, "geometry": {"type": "Polygon", "coordinates": [[[-98.9837, 19.34845], [-98.98422, 19.34899], [-98.98347, 19.34878], [-98.9837, 19.34845]]]}}, {"id": "1138653", "type": "Feature", "properties": {"id": "1138653", "CVEGEO": "1507000131048025", "POBTOT": 63.0, "score_nse": 64.24, "NSE": "C", "VIVTOT": 14.0, "GRAPROES": 8.02, "_ent": "15", "_mun": "070", "_loc": "0013"}, "geometry": {"type": "Polygon", "coordinates": [[[-98.97567, 19.34464], [-98.97554, 19.34498], [-98.97528, 19.3449], [-98.9754, 19.34456], [-98.97567, 19.34464]]]}}, {"id": "1138654", "type": "Feature", "properties": {"id": "1138654", "CVEGEO": "150700013100A005", "POBTOT": 167.0, "score_nse": 0.0, "NSE": "ND", "VIVTOT": 53.0, "GRAPROES": 10.53, "_ent": "15", "_mun": "070", "_loc": "0013"}, "geometry": {"type": "Polygon", "coordinates": [[[-98.98479, 19.353], [-98.98459, 19.35423], [-98.98417, 19.35418], [-98.98439, 19.35299], [-98.98479, 19.353]]]}}, {"id": "1138804", "type": "Feature", "properties": {"id": "1138804", "CVEGEO": "1507000131067040", "POBTOT": 0.0, "score_nse": 10.0, "NSE": "E", "VIVTOT": 6.0, "GRAPROES": 0.0, "_ent": "15", "_mun": "070", "_loc": "0013"}, "geometry": {"type": "Polygon", "coordinates": [[[-98.97159, 19.33581], [-98.97188, 19.33597], [-98.97157, 19.33584], [-98.97159, 19.33581]]]}}, {"id": "1138805", "type": "Feature", "properties": {"id": "1138805", "CVEGEO": "1507000131067037", "POBTOT": 0.0, "score_nse": 10.0, "NSE": "E", "VIVTOT": 3.0, "GRAPROES": 0.0, "_ent": "15", "_mun": "070", "_loc": "0013"}, "geometry": {"type": "Polygon", "coordinates": [[[-98.97246, 19.33612], [-98.97247, 19.33628], [-98.97241, 19.33625], [-98.97246, 19.33612]]]}}, {"id": "1138806", "type": "Feature", "properties": {"id": "1138806", "CVEGEO": "1507000131067004", "POBTOT": 64.0, "score_nse": 0.0, "NSE": "ND", "VIVTOT": 16.0, "GRAPROES": 8.29, "_ent": "15", "_mun": "070", "_loc": "0013"}, "geometry": {"type": "Polygon", "coordinates": [[[-98.97314, 19.338], [-98.97358, 19.3378], [-98.9737, 19.33805], [-98.97325, 19.33821], [-98.97314, 19.338]]]}}, {"id": "1138807", "type": "Feature", "properties": {"id": "1138807", "CVEGEO": "1507000131052020", "POBTOT": 33.0, "score_nse": 0.0, "NSE": "ND", "VIVTOT": 9.0, "GRAPROES": 10.09, "_ent": "15", "_mun": "070", "_loc": "0013"}, "geometry": {"type": "Polygon", "coordinates": [[[-98.95877, 19.34041], [-98.95836, 19.3407], [-98.958, 19.34038], [-98.95831, 19.3399], [-98.95877, 19.34041]]]}}, {"id": "1138808", "type": "Feature", "properties": {"id": "1138808", "CVEGEO": "1507000131052019", "POBTOT": 55.0, "score_nse": 66.2647, "NSE": "C", "VIVTOT": 12.0, "GRAPROES": 10.59, "_ent": "15", "_mun": "070", "_loc": "0013"}, "geometry": {"type": "Polygon", "coordinates": [[[-98.96071, 19.3433], [-98.95994, 19.34257], [-98.96016, 19.34237], [-98.96089, 19.34309], [-98.96139, 19.34325], [-98.96071, 19.3433]]]}}, {"id": "1138809", "type": "Feature", "properties": {"id": "1138809", "CVEGEO": "1507000131052018", "POBTOT": 213.0, "score_nse": 0.0, "NSE": "ND", "VIVTOT": 58.0, "GRAPROES": 9.78, "_ent": "15", "_mun": "070", "_loc": "0013"}, "geometry": {"type": "Polygon", "coordinates": [[[-98.96084, 19.34291], [-98.96024, 19.34233], [-98.96069, 19.34192], [-98.96127, 19.34248], [-98.96173, 19.34267], [-98.96164, 19.3429], [-98.96068, 19.34232], [-98.96106, 19.34271], [-98.96166, 19.34295], [-98.96177, 19.34268], [-98.96217, 19.34288], [-98.96174, 19.34332], [-98.96084, 19.34291]]]}}, {"id": "1138810", "type": "Feature", "properties": {"id": "1138810", "CVEGEO": "1507000131048016", "POBTOT": 37.0, "score_nse": 0.0, "NSE": "ND", "VIVTOT": 8.0, "GRAPROES": 10.1, "_ent": "15", "_mun": "070", "_loc": "0013"}, "geometry": {"type": "Polygon", "coordinates": [[[-98.97412, 19.34242], [-98.97406, 19.34268], [-98.97378, 19.3426], [-98.97384, 19.34233], [-98.97412, 19.34242]]]}}, {"id": "1138811", "type": "Feature", "properties": {"id": "1138811", "CVEGEO": "1507000131048015", "POBTOT": 33.0, "score_nse": 0.0, "NSE": "ND", "VIVTOT": 15.0, "GRAPROES": 8.0, "_ent": "15", "_mun": "070", "_loc": "0013"}, "geometry": {"type": "Polygon", "coordinates": [[[-98.97404, 19.34271], [-98.97394, 19.34305], [-98.97368, 19.34297], [-98.97379, 19.34263], [-98.97404, 19.34271]]]}}, {"id": "1138836", "type": "Feature", "properties": {"id": "1138836", "CVEGEO": "1507000131052012", "POBTOT": 31.0, "score_nse": 0.0, "NSE": "ND", "VIVTOT": 11.0, "GRAPROES": 10.04, "_ent": "15", "_mun": "070", "_loc": "0013"}, "geometry": {"type": "Polygon", "coordinates": [[[-98.95965, 19.34022], [-98.95933, 19.34038], [-98.95899, 19.33995], [-98.95928, 19.33974], [-98.95965, 19.34022]]]}}, {"id": "1138837", "type": "Feature", "properties": {"id": "1138837", "CVEGEO": "1507000131052011", "POBTOT": 74.0, "score_nse": 0.0, "NSE": "ND", "VIVTOT": 22.0, "GRAPROES": 10.48, "_ent": "15", "_mun": "070", "_loc": "0013"}, "geometry": {"type": "Polygon", "coordinates": [[[-98.95956, 19.34088], [-98.95928, 19.34104], [-98.95867, 19.34018], [-98.95893, 19.34001], [-98.95956, 19.34088]]]}}, {"id": "1138838", "type": "Feature", "properties": {"id": "1138838", "CVEGEO": "1507000131052009", "POBTOT": 49.0, "score_nse": 54.6594, "NSE": "C-", "VIVTOT": 14.0, "GRAPROES": 9.86, "_ent": "15", "_mun": "070", "_loc": "0013"}, "geometry": {"type": "Polygon", "coordinates": [[[-98.96104, 19.34141], [-98.96074, 19.34162], [-98.96049, 19.3413], [-98.96067, 19.3417], [-98.96025, 19.3412], [-98.96059, 19.34093], [-98.96104, 19.34141]]]}}, {"id": "1138839", "type": "Feature", "properties": {"id": "1138839", "CVEGEO": "1507000131052008", "POBTOT": 55.0, "score_nse": 0.0, "NSE": "ND", "VIVTOT": 13.0, "GRAPROES": 8.5, "_ent": "15", "_mun": "070", "_loc": "0013"}, "geometry": {"type": "Polygon", "coordinates": [[[-98.96134, 19.34087], [-98.96155, 19.34107], [-98.96109, 19.34137], [-98.96088, 19.34115], [-98.96134, 19.34087]]]}}, {"id": "1138840", "type": "Feature", "properties": {"id": "1138840", "CVEGEO": "1507000131052007", "POBTOT": 34.0, "score_nse": 0.0, "NSE": "ND", "VIVTOT": 10.0, "GRAPROES": 10.07, "_ent": "15", "_mun": "070", "_loc": "0013"}, "geometry": {"type": "Polygon", "coordinates": [[[-98.9612, 19.3406], [-98.96133, 19.34084], [-98.96086, 19.34113], [-98.96068, 19.34091], [-98.9612, 19.3406]]]}}, {"id": "1138841", "type": "Feature", "properties": {"id": "1138841", "CVEGEO": "1507000131014023", "POBTOT": 176.0, "score_nse": 61.684, "NSE": "C", "VIVTOT": 50.0, "GRAPROES": 9.76, "_ent": "15", "_mun": "070", "_loc": "0013"}, "geometry": {"type": "Polygon", "coordinates": [[[-98.97532, 19.34782], [-98.97554, 19.34671], [-98.97592, 19.34666], [-98.97568, 19.34792], [-98.97532, 19.34782]]]}}, {"id": "1138857", "type": "Feature", "properties": {"id": "1138857", "CVEGEO": "1507000131014001", "POBTOT": 177.0, "score_nse": 57.0937, "NSE": "C", "VIVTOT": 52.0, "GRAPROES": 9.49, "_ent": "15", "_mun": "070", "_loc": "0013"}, "geometry": {"type": "Polygon", "coordinates": [[[-98.97694, 19.34617], [-98.97723, 19.34488], [-98.97762, 19.34493], [-98.97729, 19.34627], [-98.97694, 19.34617]]]}}, {"id": "1138882", "type": "Feature", "properties": {"id": "1138882", "CVEGEO": "1507000131014012", "POBTOT": 285.0, "score_nse": 61.2659, "NSE": "C", "VIVTOT": 72.0, "GRAPROES": 9.69, "_ent": "15", "_mun": "070", "_loc": "0013"}, "geometry": {"type": "Polygon", "coordinates": [[[-98.97708, 19.34222], [-98.97656, 19.34377], [-98.97626, 19.34378], [-98.97677, 19.34216], [-98.97708, 19.34222]]]}}, {"id": "1138883", "type": "Feature", "properties": {"id": "1138883", "CVEGEO": "1507000131014011", "POBTOT": 189.0, "score_nse": 0.0, "NSE": "ND", "VIVTOT": 50.0, "GRAPROES": 9.82, "_ent": "15", "_mun": "070", "_loc": "0013"}, "geometry": {"type": "Polygon", "coordinates": [[[-98.97686, 19.3439], [-98.9767, 19.34475], [-98.9761, 19.3447], [-98.97582, 19.34441], [-98.97605, 19.34393], [-98.9764, 19.34392], [-98.97644, 19.3442], [-98.97646, 19.34391], [-98.97686, 19.3439]]]}}, {"id": "1138884", "type": "Feature", "properties": {"id": "1138884", "CVEGEO": "1507000131014010", "POBTOT": 369.0, "score_nse": 0.0, "NSE": "ND", "VIVTOT": 109.0, "GRAPROES": 9.07, "_ent": "15", "_mun": "070", "_loc": "0013"}, "geometry": {"type": "Polygon", "coordinates": [[[-98.97597, 19.34474], [-98.97659, 19.34479], [-98.97644, 19.34637], [-98.97624, 19.34637], [-98.97624, 19.34503], [-98.97613, 19.34641], [-98.97595, 19.34643], [-98.97597, 19.34474]]]}}, {"id": "1138886", "type": "Feature", "properties": {"id": "1138886", "CVEGEO": "150700013100A001", "POBTOT": 159.0, "score_nse": 0.0, "NSE": "ND", "VIVTOT": 46.0, "GRAPROES": 10.21, "_ent": "15", "_mun": "070", "_loc": "0013"}, "geometry": {"type": "Polygon", "coordinates": [[[-98.98376, 19.35413], [-98.98391, 19.35282], [-98.98434, 19.35285], [-98.9841, 19.35417], [-98.98376, 19.35413]]]}}, {"id": "1138887", "type": "Feature", "properties": {"id": "1138887", "CVEGEO": "150700013100A016", "POBTOT": 32.0, "score_nse": 0.0, "NSE": "ND", "VIVTOT": 6.0, "GRAPROES": 7.21, "_ent": "15", "_mun": "070", "_loc": "0013"}, "geometry": {"type": "Polygon", "coordinates": [[[-98.98503, 19.34974], [-98.98463, 19.34966], [-98.9847, 19.3494], [-98.98496, 19.34959], [-98.98503, 19.34974]]]}}, {"id": "1138900", "type": "Feature", "properties": {"id": "1138900", "CVEGEO": "150700013100A019", "POBTOT": 307.0, "score_nse": 61.9949, "NSE": "C", "VIVTOT": 81.0, "GRAPROES": 10.03, "_ent": "15", "_mun": "070", "_loc": "0013"}, "geometry": {"type": "Polygon", "coordinates": [[[-98.98262, 19.35231], [-98.9832, 19.34978], [-98.98357, 19.34987], [-98.98296, 19.3524], [-98.98262, 19.35231]]]}}, {"id": "1138953", "type": "Feature", "properties": {"id": "1138953", "CVEGEO": "1507000131048017", "POBTOT": 34.0, "score_nse": 60.1058, "NSE": "C", "VIVTOT": 11.0, "GRAPROES": 9.08, "_ent": "15", "_mun": "070", "_loc": "0013"}, "geometry": {"type": "Polygon", "coordinates": [[[-98.97421, 19.34208], [-98.97412, 19.34239], [-98.97385, 19.34232], [-98.97391, 19.34207], [-98.97421, 19.34208]]]}}, {"id": "1139138", "type": "Feature", "properties": {"id": "1139138", "CVEGEO": "1507000131067009", "POBTOT": 92.0, "score_nse": 52.3631, "NSE": "C-", "VIVTOT": 17.0, "GRAPROES": 8.44, "_ent": "15", "_mun": "070", "_loc": "0013"}, "geometry": {"type": "Polygon", "coordinates": [[[-98.97299, 19.3377], [-98.97343, 19.33752], [-98.97355, 19.33777], [-98.97312, 19.33796], [-98.97299, 19.3377]]]}}, {"id": "1139139", "type": "Feature", "properties": {"id": "1139139", "CVEGEO": "1507000131067008", "POBTOT": 76.0, "score_nse": 60.64, "NSE": "C", "VIVTOT": 20.0, "GRAPROES": 9.63, "_ent": "15", "_mun": "070", "_loc": "0013"}, "geometry": {"type": "Polygon", "coordinates": [[[-98.97396, 19.33907], [-98.97399, 19.3396], [-98.9737, 19.3396], [-98.97357, 19.33888], [-98.97399, 19.33872], [-98.97397, 19.33903], [-98.97373, 19.33909], [-98.97396, 19.33907]]]}}, {"id": "1139140", "type": "Feature", "properties": {"id": "1139140", "CVEGEO": "1507000131052029", "POBTOT": 113.0, "score_nse": 0.0, "NSE": "ND", "VIVTOT": 25.0, "GRAPROES": 7.06, "_ent": "15", "_mun": "070", "_loc": "0013"}, "geometry": {"type": "Polygon", "coordinates": [[[-98.96105, 19.33642], [-98.96148, 19.33674], [-98.96131, 19.33697], [-98.96088, 19.33661], [-98.96105, 19.33642]]]}}, {"id": "1139141", "type": "Feature", "properties": {"id": "1139141", "CVEGEO": "1507000131052006", "POBTOT": 50.0, "score_nse": 0.0, "NSE": "ND", "VIVTOT": 15.0, "GRAPROES": 7.95, "_ent": "15", "_mun": "070", "_loc": "0013"}, "geometry": {"type": "Polygon", "coordinates": [[[-98.96099, 19.34037], [-98.96116, 19.34056], [-98.96065, 19.34088], [-98.9605, 19.3407], [-98.96099, 19.34037]]]}}, {"id": "1139142", "type": "Feature", "properties": {"id": "1139142", "CVEGEO": "1507000131052005", "POBTOT": 71.0, "score_nse": 0.0, "NSE": "ND", "VIVTOT": 18.0, "GRAPROES": 9.1, "_ent": "15", "_mun": "070", "_loc": "0013"}, "geometry": {"type": "Polygon", "coordinates": [[[-98.96074, 19.34016], [-98.96096, 19.34034], [-98.96047, 19.34068], [-98.96029, 19.34045], [-98.96074, 19.34016]]]}}, {"id": "1139143", "type": "Feature", "properties": {"id": "1139143", "CVEGEO": "1507000131048024", "POBTOT": 102.0, "score_nse": 65.1187, "NSE": "C", "VIVTOT": 30.0, "GRAPROES": 8.98, "_ent": "15", "_mun": "070", "_loc": "0013"}, "geometry": {"type": "Polygon", "coordinates": [[[-98.976, 19.34386], [-98.97567, 19.34456], [-98.9754, 19.34447], [-98.97566, 19.34377], [-98.976, 19.34386]]]}}, {"id": "1139144", "type": "Feature", "properties": {"id": "1139144", "CVEGEO": "1507000131048023", "POBTOT": 83.0, "score_nse": 67.076, "NSE": "C", "VIVTOT": 25.0, "GRAPROES": 9.33, "_ent": "15", "_mun": "070", "_loc": "0013"}, "geometry": {"type": "Polygon", "coordinates": [[[-98.97616, 19.34366], [-98.97606, 19.34381], [-98.97569, 19.34369], [-98.97591, 19.34307], [-98.97616, 19.34366]]]}}, {"id": "1139145", "type": "Feature", "properties": {"id": "1139145", "CVEGEO": "1507000131048022", "POBTOT": 221.0, "score_nse": 57.0516, "NSE": "C", "VIVTOT": 62.0, "GRAPROES": 8.8, "_ent": "15", "_mun": "070", "_loc": "0013"}, "geometry": {"type": "Polygon", "coordinates": [[[-98.97668, 19.34215], [-98.97645, 19.34288], [-98.97626, 19.34336], [-98.97606, 19.34309], [-98.97641, 19.34208], [-98.97668, 19.34215]]]}}, {"id": "1139146", "type": "Feature", "properties": {"id": "1139146", "CVEGEO": "1507000131048021", "POBTOT": 181.0, "score_nse": 59.8163, "NSE": "C", "VIVTOT": 56.0, "GRAPROES": 9.68, "_ent": "15", "_mun": "070", "_loc": "0013"}, "geometry": {"type": "Polygon", "coordinates": [[[-98.97626, 19.34209], [-98.97612, 19.3427], [-98.97581, 19.34265], [-98.97611, 19.34279], [-98.97602, 19.34297], [-98.97558, 19.34285], [-98.97593, 19.342], [-98.97626, 19.34209]]]}}, {"id": "1139147", "type": "Feature", "properties": {"id": "1139147", "CVEGEO": "1507000131048012", "POBTOT": 50.0, "score_nse": 62.9091, "NSE": "C", "VIVTOT": 11.0, "GRAPROES": 8.41, "_ent": "15", "_mun": "070", "_loc": "0013"}, "geometry": {"type": "Polygon", "coordinates": [[[-98.97367, 19.34373], [-98.97358, 19.34399], [-98.97326, 19.34386], [-98.97341, 19.34362], [-98.97367, 19.34373]]]}}, {"id": "1139148", "type": "Feature", "properties": {"id": "1139148", "CVEGEO": "1507000131048011", "POBTOT": 45.0, "score_nse": 0.0, "NSE": "ND", "VIVTOT": 12.0, "GRAPROES": 8.73, "_ent": "15", "_mun": "070", "_loc": "0013"}, "geometry": {"type": "Polygon", "coordinates": [[[-98.97357, 19.34403], [-98.97346, 19.34429], [-98.97316, 19.34415], [-98.97329, 19.3439], [-98.97357, 19.34403]]]}}, {"id": "1139149", "type": "Feature", "properties": {"id": "1139149", "CVEGEO": "1507000131029035", "POBTOT": 221.0, "score_nse": 0.0, "NSE": "ND", "VIVTOT": 61.0, "GRAPROES": 10.0, "_ent": "15", "_mun": "070", "_loc": "0013"}, "geometry": {"type": "Polygon", "coordinates": [[[-98.97537, 19.34683], [-98.9748, 19.34765], [-98.97406, 19.3471], [-98.9741, 19.34693], [-98.97537, 19.34683]]]}}, {"id": "1139150", "type": "Feature", "properties": {"id": "1139150", "CVEGEO": "1507000131029034", "POBTOT": 228.0, "score_nse": 65.0835, "NSE": "C", "VIVTOT": 64.0, "GRAPROES": 9.91, "_ent": "15", "_mun": "070", "_loc": "0013"}, "geometry": {"type": "Polygon", "coordinates": [[[-98.97386, 19.34603], [-98.97502, 19.34649], [-98.97377, 19.34669], [-98.97379, 19.34653], [-98.97446, 19.34637], [-98.97378, 19.34644], [-98.97386, 19.34603]]]}}, {"id": "1139151", "type": "Feature", "properties": {"id": "1139151", "CVEGEO": "1507000131067010", "POBTOT": 53.0, "score_nse": 59.468, "NSE": "C", "VIVTOT": 15.0, "GRAPROES": 9.14, "_ent": "15", "_mun": "070", "_loc": "0013"}, "geometry": {"type": "Polygon", "coordinates": [[[-98.97407, 19.33741], [-98.97425, 19.3376], [-98.9737, 19.3379], [-98.97359, 19.33768], [-98.97407, 19.33741]]]}}, {"id": "1139152", "type": "Feature", "properties": {"id": "1139152", "CVEGEO": "1507000131014005", "POBTOT": 206.0, "score_nse": 64.2323, "NSE": "C", "VIVTOT": 59.0, "GRAPROES": 10.05, "_ent": "15", "_mun": "070", "_loc": "0013"}, "geometry": {"type": "Polygon", "coordinates": [[[-98.97741, 19.34621], [-98.97769, 19.34494], [-98.97798, 19.34499], [-98.97773, 19.34621], [-98.97741, 19.34621]]]}}, {"id": "1139153", "type": "Feature", "properties": {"id": "1139153", "CVEGEO": "1507000131014004", "POBTOT": 173.0, "score_nse": 60.2511, "NSE": "C", "VIVTOT": 52.0, "GRAPROES": 9.65, "_ent": "15", "_mun": "070", "_loc": "0013"}, "geometry": {"type": "Polygon", "coordinates": [[[-98.97788, 19.3438], [-98.97765, 19.34488], [-98.97726, 19.34482], [-98.97742, 19.34383], [-98.97788, 19.3438]]]}}, {"id": "1139154", "type": "Feature", "properties": {"id": "1139154", "CVEGEO": "1507000131014003", "POBTOT": 109.0, "score_nse": 68.296, "NSE": "C", "VIVTOT": 25.0, "GRAPROES": 10.14, "_ent": "15", "_mun": "070", "_loc": "0013"}, "geometry": {"type": "Polygon", "coordinates": [[[-98.97691, 19.3439], [-98.97727, 19.34389], [-98.97714, 19.34481], [-98.97679, 19.34477], [-98.97691, 19.3439]]]}}, {"id": "1139155", "type": "Feature", "properties": {"id": "1139155", "CVEGEO": "1507000131014002", "POBTOT": 185.0, "score_nse": 58.2547, "NSE": "C", "VIVTOT": 54.0, "GRAPROES": 9.52, "_ent": "15", "_mun": "070", "_loc": "0013"}, "geometry": {"type": "Polygon", "coordinates": [[[-98.9765, 19.34633], [-98.97669, 19.34479], [-98.97715, 19.34486], [-98.97682, 19.34632], [-98.9765, 19.34633]]]}}, {"id": "1139342", "type": "Feature", "properties": {"id": "1139342", "CVEGEO": "1507000131048034", "POBTOT": 41.0, "score_nse": 0.0, "NSE": "ND", "VIVTOT": 10.0, "GRAPROES": 9.79, "_ent": "15", "_mun": "070", "_loc": "0013"}, "geometry": {"type": "Polygon", "coordinates": [[[-98.97426, 19.3414], [-98.97424, 19.34167], [-98.97385, 19.34164], [-98.97383, 19.34136], [-98.97426, 19.3414]]]}}, {"id": "1139368", "type": "Feature", "properties": {"id": "1139368", "CVEGEO": "1507000131048008", "POBTOT": 106.0, "score_nse": 67.0902, "NSE": "C", "VIVTOT": 22.0, "GRAPROES": 9.35, "_ent": "15", "_mun": "070", "_loc": "0013"}, "geometry": {"type": "Polygon", "coordinates": [[[-98.97515, 19.34493], [-98.97513, 19.34518], [-98.97414, 19.34486], [-98.97423, 19.34457], [-98.97515, 19.34493]]]}}, {"id": "1139369", "type": "Feature", "properties": {"id": "1139369", "CVEGEO": "1507000131048007", "POBTOT": 55.0, "score_nse": 55.6029, "NSE": "C", "VIVTOT": 19.0, "GRAPROES": 7.66, "_ent": "15", "_mun": "070", "_loc": "0013"}, "geometry": {"type": "Polygon", "coordinates": [[[-98.97529, 19.34453], [-98.97518, 19.34487], [-98.97489, 19.34478], [-98.97502, 19.34443], [-98.97529, 19.34453]]]}}, {"id": "1139370", "type": "Feature", "properties": {"id": "1139370", "CVEGEO": "150700013100A002", "POBTOT": 184.0, "score_nse": 67.2725, "NSE": "C", "VIVTOT": 39.0, "GRAPROES": 9.67, "_ent": "15", "_mun": "070", "_loc": "0013"}, "geometry": {"type": "Polygon", "coordinates": [[[-98.98408, 19.35425], [-98.98375, 19.35606], [-98.9816, 19.35565], [-98.98185, 19.35457], [-98.98283, 19.35305], [-98.98317, 19.35281], [-98.98384, 19.35281], [-98.98358, 19.35419], [-98.98408, 19.35425]]]}}, {"id": "1139501", "type": "Feature", "properties": {"id": "1139501", "CVEGEO": "1507000131067022", "POBTOT": 45.0, "score_nse": 0.0, "NSE": "ND", "VIVTOT": 13.0, "GRAPROES": 7.91, "_ent": "15", "_mun": "070", "_loc": "0013"}, "geometry": {"type": "Polygon", "coordinates": [[[-98.97284, 19.33649], [-98.97299, 19.33668], [-98.97251, 19.33697], [-98.9724, 19.33684], [-98.97284, 19.33649]]]}}, {"id": "1139522", "type": "Feature", "properties": {"id": "1139522", "CVEGEO": "1507000131048033", "POBTOT": 297.0, "score_nse": 58.8231, "NSE": "C", "VIVTOT": 87.0, "GRAPROES": 8.72, "_ent": "15", "_mun": "070", "_loc": "0013"}, "geometry": {"type": "Polygon", "coordinates": [[[-98.97542, 19.34585], [-98.97538, 19.34647], [-98.97384, 19.34593], [-98.97395, 19.34557], [-98.97472, 19.34584], [-98.97395, 19.34552], [-98.974, 19.34535], [-98.97504, 19.34571], [-98.97498, 19.34583], [-98.9751, 19.34573], [-98.97542, 19.34585]]]}}, {"id": "1139523", "type": "Feature", "properties": {"id": "1139523", "CVEGEO": "1507000131048032", "POBTOT": 27.0, "score_nse": 53.3, "NSE": "C-", "VIVTOT": 10.0, "GRAPROES": 8.25, "_ent": "15", "_mun": "070", "_loc": "0013"}, "geometry": {"type": "Polygon", "coordinates": [[[-98.97475, 19.34157], [-98.97467, 19.34181], [-98.9743, 19.34171], [-98.97434, 19.34144], [-98.97475, 19.34157]]]}}, {"id": "1139525", "type": "Feature", "properties": {"id": "1139525", "CVEGEO": "1507000131048014", "POBTOT": 61.0, "score_nse": 0.0, "NSE": "ND", "VIVTOT": 13.0, "GRAPROES": 9.15, "_ent": "15", "_mun": "070", "_loc": "0013"}, "geometry": {"type": "Polygon", "coordinates": [[[-98.97393, 19.34309], [-98.97381, 19.3434], [-98.97351, 19.34327], [-98.9736, 19.34298], [-98.97393, 19.34309]]]}}, {"id": "1139526", "type": "Feature", "properties": {"id": "1139526", "CVEGEO": "1507000131048013", "POBTOT": 29.0, "score_nse": 0.0, "NSE": "ND", "VIVTOT": 8.0, "GRAPROES": 9.68, "_ent": "15", "_mun": "070", "_loc": "0013"}, "geometry": {"type": "Polygon", "coordinates": [[[-98.97379, 19.34344], [-98.97368, 19.34369], [-98.97341, 19.34359], [-98.97353, 19.34332], [-98.97379, 19.34344]]]}}, {"id": "1139527", "type": "Feature", "properties": {"id": "1139527", "CVEGEO": "1507000131029036", "POBTOT": 92.0, "score_nse": 60.4936, "NSE": "C", "VIVTOT": 27.0, "GRAPROES": 9.64, "_ent": "15", "_mun": "070", "_loc": "0013"}, "geometry": {"type": "Polygon", "coordinates": [[[-98.97487, 19.34768], [-98.97502, 19.34735], [-98.97546, 19.34697], [-98.97525, 19.34781], [-98.97487, 19.34768]]]}}, {"id": "1139528", "type": "Feature", "properties": {"id": "1139528", "CVEGEO": "1507000131014024", "POBTOT": 191.0, "score_nse": 61.8747, "NSE": "C", "VIVTOT": 53.0, "GRAPROES": 9.31, "_ent": "15", "_mun": "070", "_loc": "0013"}, "geometry": {"type": "Polygon", "coordinates": [[[-98.9755, 19.34648], [-98.97557, 19.34524], [-98.97594, 19.34526], [-98.97587, 19.34643], [-98.9755, 19.34648]]]}}, {"id": "1139529", "type": "Feature", "properties": {"id": "1139529", "CVEGEO": "1507000131014009", "POBTOT": 180.0, "score_nse": 68.7526, "NSE": "C", "VIVTOT": 42.0, "GRAPROES": 10.77, "_ent": "15", "_mun": "070", "_loc": "0013"}, "geometry": {"type": "Polygon", "coordinates": [[[-98.97602, 19.34801], [-98.97574, 19.34793], [-98.97598, 19.34664], [-98.97632, 19.34662], [-98.97602, 19.34801]]]}}, {"id": "1139530", "type": "Feature", "properties": {"id": "1139530", "CVEGEO": "1507000131014008", "POBTOT": 202.0, "score_nse": 62.3674, "NSE": "C", "VIVTOT": 51.0, "GRAPROES": 9.76, "_ent": "15", "_mun": "070", "_loc": "0013"}, "geometry": {"type": "Polygon", "coordinates": [[[-98.97643, 19.34811], [-98.97608, 19.34802], [-98.97637, 19.3466], [-98.97674, 19.34656], [-98.97643, 19.34811]]]}}, {"id": "1139531", "type": "Feature", "properties": {"id": "1139531", "CVEGEO": "150700013100A018", "POBTOT": 172.0, "score_nse": 61.906, "NSE": "C", "VIVTOT": 51.0, "GRAPROES": 9.69, "_ent": "15", "_mun": "070", "_loc": "0013"}, "geometry": {"type": "Polygon", "coordinates": [[[-98.98521, 19.35436], [-98.98542, 19.35298], [-98.98577, 19.353], [-98.98557, 19.3544], [-98.98521, 19.35436]]]}}, {"id": "1139532", "type": "Feature", "properties": {"id": "1139532", "CVEGEO": "150700013100A015", "POBTOT": 66.0, "score_nse": 57.5623, "NSE": "C", "VIVTOT": 14.0, "GRAPROES": 8.19, "_ent": "15", "_mun": "070", "_loc": "0013"}, "geometry": {"type": "Polygon", "coordinates": [[[-98.98426, 19.34907], [-98.98463, 19.34931], [-98.98454, 19.34963], [-98.98415, 19.34954], [-98.98426, 19.34907]]]}}, {"id": "1139533", "type": "Feature", "properties": {"id": "1139533", "CVEGEO": "150700013100A014", "POBTOT": 210.0, "score_nse": 67.1175, "NSE": "C", "VIVTOT": 59.0, "GRAPROES": 10.71, "_ent": "15", "_mun": "070", "_loc": "0013"}, "geometry": {"type": "Polygon", "coordinates": [[[-98.98387, 19.35029], [-98.98359, 19.35022], [-98.98386, 19.34897], [-98.98418, 19.34904], [-98.98387, 19.35029]]]}}, {"id": "1139534", "type": "Feature", "properties": {"id": "1139534", "CVEGEO": "150700013100A013", "POBTOT": 159.0, "score_nse": 58.6092, "NSE": "C", "VIVTOT": 53.0, "GRAPROES": 9.97, "_ent": "15", "_mun": "070", "_loc": "0013"}, "geometry": {"type": "Polygon", "coordinates": [[[-98.98331, 19.35137], [-98.98357, 19.35027], [-98.98392, 19.35035], [-98.9841, 19.34964], [-98.98438, 19.3497], [-98.98427, 19.35015], [-98.98462, 19.35064], [-98.98445, 19.35119], [-98.9838, 19.35126], [-98.98367, 19.35147], [-98.98331, 19.35137]]]}}, {"id": "1139535", "type": "Feature", "properties": {"id": "1139535", "CVEGEO": "150700013100A011", "POBTOT": 101.0, "score_nse": 0.0, "NSE": "ND", "VIVTOT": 59.0, "GRAPROES": 12.41, "_ent": "15", "_mun": "070", "_loc": "0013"}, "geometry": {"type": "Polygon", "coordinates": [[[-98.98464, 19.35426], [-98.98471, 19.35382], [-98.98515, 19.35389], [-98.98509, 19.35431], [-98.98464, 19.35426]]]}}, {"id": "1139550", "type": "Feature", "properties": {"id": "1139550", "CVEGEO": "150700013100A012", "POBTOT": 135.0, "score_nse": 63.272, "NSE": "C", "VIVTOT": 32.0, "GRAPROES": 8.98, "_ent": "15", "_mun": "070", "_loc": "0013"}, "geometry": {"type": "Polygon", "coordinates": [[[-98.98466, 19.35432], [-98.98505, 19.35437], [-98.98486, 19.35533], [-98.98446, 19.35528], [-98.98466, 19.35432]]]}}, {"id": "1139670", "type": "Feature", "properties": {"id": "1139670", "CVEGEO": "1507000131067005", "POBTOT": 104.0, "score_nse": 0.0, "NSE": "ND", "VIVTOT": 29.0, "GRAPROES": 8.51, "_ent": "15", "_mun": "070", "_loc": "0013"}, "geometry": {"type": "Polygon", "coordinates": [[[-98.97429, 19.33765], [-98.97452, 19.33787], [-98.97385, 19.33822], [-98.97373, 19.33796], [-98.97429, 19.33765]]]}}, {"id": "1139671", "type": "Feature", "properties": {"id": "1139671", "CVEGEO": "1507000131014037", "POBTOT": 72.0, "score_nse": 70.3711, "NSE": "C+", "VIVTOT": 17.0, "GRAPROES": 10.21, "_ent": "15", "_mun": "070", "_loc": "0013"}, "geometry": {"type": "Polygon", "coordinates": [[[-98.97522, 19.35113], [-98.9749, 19.35108], [-98.97501, 19.35059], [-98.97532, 19.35068], [-98.97522, 19.35113]]]}}, {"id": "1139672", "type": "Feature", "properties": {"id": "1139672", "CVEGEO": "1507000131014036", "POBTOT": 61.0, "score_nse": 56.2387, "NSE": "C", "VIVTOT": 15.0, "GRAPROES": 8.3, "_ent": "15", "_mun": "070", "_loc": "0013"}, "geometry": {"type": "Polygon", "coordinates": [[[-98.97537, 19.35063], [-98.97508, 19.35055], [-98.97522, 19.35002], [-98.9755, 19.35008], [-98.97537, 19.35063]]]}}, {"id": "1139673", "type": "Feature", "properties": {"id": "1139673", "CVEGEO": "1507000131014035", "POBTOT": 44.0, "score_nse": 76.5364, "NSE": "C+", "VIVTOT": 11.0, "GRAPROES": 12.25, "_ent": "15", "_mun": "070", "_loc": "0013"}, "geometry": {"type": "Polygon", "coordinates": [[[-98.97546, 19.34998], [-98.9752, 19.34992], [-98.97528, 19.34968], [-98.97557, 19.34974], [-98.97546, 19.34998]]]}}, {"id": "1139674", "type": "Feature", "properties": {"id": "1139674", "CVEGEO": "1507000131014034", "POBTOT": 165.0, "score_nse": 0.0, "NSE": "ND", "VIVTOT": 37.0, "GRAPROES": 9.23, "_ent": "15", "_mun": "070", "_loc": "0013"}, "geometry": {"type": "Polygon", "coordinates": [[[-98.97577, 19.3493], [-98.97649, 19.35021], [-98.97642, 19.3509], [-98.97539, 19.35065], [-98.97577, 19.3493]]]}}, {"id": "1139691", "type": "Feature", "properties": {"id": "1139691", "CVEGEO": "1507000131067002", "POBTOT": 88.0, "score_nse": 54.112, "NSE": "C-", "VIVTOT": 25.0, "GRAPROES": 8.56, "_ent": "15", "_mun": "070", "_loc": "0013"}, "geometry": {"type": "Polygon", "coordinates": [[[-98.97341, 19.3385], [-98.97383, 19.33835], [-98.97397, 19.33869], [-98.97356, 19.33885], [-98.97341, 19.3385]]]}}, {"id": "1139692", "type": "Feature", "properties": {"id": "1139692", "CVEGEO": "1507000131067001", "POBTOT": 114.0, "score_nse": 59.1912, "NSE": "C", "VIVTOT": 32.0, "GRAPROES": 9.59, "_ent": "15", "_mun": "070", "_loc": "0013"}, "geometry": {"type": "Polygon", "coordinates": [[[-98.97388, 19.33831], [-98.97459, 19.33791], [-98.97488, 19.33822], [-98.97402, 19.3386], [-98.97388, 19.33831]]]}}, {"id": "1139693", "type": "Feature", "properties": {"id": "1139693", "CVEGEO": "1507000131052003", "POBTOT": 45.0, "score_nse": 0.0, "NSE": "ND", "VIVTOT": 7.0, "GRAPROES": 8.12, "_ent": "15", "_mun": "070", "_loc": "0013"}, "geometry": {"type": "Polygon", "coordinates": [[[-98.96007, 19.34012], [-98.95982, 19.33981], [-98.96041, 19.3399], [-98.96007, 19.34012]]]}}, {"id": "1139694", "type": "Feature", "properties": {"id": "1139694", "CVEGEO": "1507000131052002", "POBTOT": 91.0, "score_nse": 0.0, "NSE": "ND", "VIVTOT": 27.0, "GRAPROES": 8.99, "_ent": "15", "_mun": "070", "_loc": "0013"}, "geometry": {"type": "Polygon", "coordinates": [[[-98.96013, 19.3403], [-98.95951, 19.34066], [-98.95938, 19.34047], [-98.95978, 19.34025], [-98.95938, 19.33972], [-98.95969, 19.33975], [-98.96013, 19.3403]]]}}, {"id": "1139695", "type": "Feature", "properties": {"id": "1139695", "CVEGEO": "1507000131029024", "POBTOT": 6.0, "score_nse": 0.0, "NSE": "ND", "VIVTOT": 1.0, "GRAPROES": 0.0, "_ent": "15", "_mun": "070", "_loc": "0013"}, "geometry": {"type": "Polygon", "coordinates": [[[-98.9735, 19.34733], [-98.97353, 19.34716], [-98.97382, 19.34703], [-98.97371, 19.34715], [-98.9735, 19.34733]]]}}, {"id": "1139696", "type": "Feature", "properties": {"id": "1139696", "CVEGEO": "150700013100A026", "POBTOT": 131.0, "score_nse": 57.6688, "NSE": "C", "VIVTOT": 39.0, "GRAPROES": 9.25, "_ent": "15", "_mun": "070", "_loc": "0013"}, "geometry": {"type": "Polygon", "coordinates": [[[-98.98322, 19.34938], [-98.98304, 19.35007], [-98.98272, 19.35001], [-98.9829, 19.34931], [-98.98322, 19.34938]]]}}, {"id": "1139697", "type": "Feature", "properties": {"id": "1139697", "CVEGEO": "150700013100A020", "POBTOT": 150.0, "score_nse": 53.764, "NSE": "C-", "VIVTOT": 34.0, "GRAPROES": 9.07, "_ent": "15", "_mun": "070", "_loc": "0013"}, "geometry": {"type": "Polygon", "coordinates": [[[-98.98355, 19.34979], [-98.9832, 19.34972], [-98.98342, 19.34886], [-98.98381, 19.34896], [-98.98355, 19.34979]]]}}, {"id": "1139698", "type": "Feature", "properties": {"id": "1139698", "CVEGEO": "150700013100A017", "POBTOT": 1200.0, "score_nse": 0.0, "NSE": "ND", "VIVTOT": 309.0, "GRAPROES": 10.12, "_ent": "15", "_mun": "070", "_loc": "0013"}, "geometry": {"type": "Polygon", "coordinates": [[[-98.99032, 19.35485], [-98.99012, 19.35489], [-98.99002, 19.35525], [-98.98946, 19.35511], [-98.98944, 19.35482], [-98.98939, 19.35516], [-98.99001, 19.3553], [-98.98942, 19.35766], [-98.9888, 19.35746], [-98.98914, 19.35566], [-98.98873, 19.35744], [-98.98385, 19.35608], [-98.984, 19.35528], [-98.98431, 19.35532], [-98.98423, 19.35577], [-98.98437, 19.35532], [-98.98486, 19.3554], [-98.98487, 19.35585], [-98.98515, 19.3544], [-98.98663, 19.35464], [-98.98596, 19.35445], [-98.98618, 19.35305], [-98.98733, 19.3531], [-98.98619, 19.35301], [-98.98642, 19.35163], [-98.98616, 19.35173], [-98.98622, 19.35136], [-98.98604, 19.35205], [-98.98614, 19.3518], [-98.9863, 19.35182], [-98.98619, 19.35246], [-98.9859, 19.35248], [-98.98618, 19.3525], [-98.98612, 19.35291], [-98.98499, 19.35291], [-98.9851, 19.35205], [-98.98491, 19.35291], [-98.98441, 19.35289], [-98.98514, 19.34983], [-98.99032, 19.35485]]]}}, {"id": "1139792", "type": "Feature", "properties": {"id": "1139792", "CVEGEO": "1507000131048006", "POBTOT": 121.0, "score_nse": 58.6855, "NSE": "C", "VIVTOT": 32.0, "GRAPROES": 9.43, "_ent": "15", "_mun": "070", "_loc": "0013"}, "geometry": {"type": "Polygon", "coordinates": [[[-98.97558, 19.34374], [-98.97534, 19.34443], [-98.97504, 19.34432], [-98.97529, 19.34364], [-98.97558, 19.34374]]]}}, {"id": "1139796", "type": "Feature", "properties": {"id": "1139796", "CVEGEO": "1507000131014022", "POBTOT": 145.0, "score_nse": 62.0997, "NSE": "C", "VIVTOT": 41.0, "GRAPROES": 9.91, "_ent": "15", "_mun": "070", "_loc": "0013"}, "geometry": {"type": "Polygon", "coordinates": [[[-98.97527, 19.34792], [-98.97564, 19.34798], [-98.97547, 19.34885], [-98.97542, 19.34859], [-98.97531, 19.34879], [-98.9751, 19.34878], [-98.97527, 19.34792]]]}}, {"id": "1139864", "type": "Feature", "properties": {"id": "1139864", "CVEGEO": "1507000131014032", "POBTOT": 122.0, "score_nse": 54.2015, "NSE": "C-", "VIVTOT": 32.0, "GRAPROES": 9.67, "_ent": "15", "_mun": "070", "_loc": "0013"}, "geometry": {"type": "Polygon", "coordinates": [[[-98.97491, 19.34951], [-98.9751, 19.34883], [-98.97542, 19.34891], [-98.97522, 19.34957], [-98.97491, 19.34951]]]}}, {"id": "1139865", "type": "Feature", "properties": {"id": "1139865", "CVEGEO": "1507000131014031", "POBTOT": 71.0, "score_nse": 53.6389, "NSE": "C-", "VIVTOT": 22.0, "GRAPROES": 9.2, "_ent": "15", "_mun": "070", "_loc": "0013"}, "geometry": {"type": "Polygon", "coordinates": [[[-98.97554, 19.34887], [-98.97574, 19.34918], [-98.97558, 19.34969], [-98.97531, 19.34962], [-98.97554, 19.34887]]]}}, {"id": "1139866", "type": "Feature", "properties": {"id": "1139866", "CVEGEO": "1507000131014015", "POBTOT": 131.0, "score_nse": 61.0453, "NSE": "C", "VIVTOT": 30.0, "GRAPROES": 9.36, "_ent": "15", "_mun": "070", "_loc": "0013"}, "geometry": {"type": "Polygon", "coordinates": [[[-98.97796, 19.34334], [-98.97789, 19.34372], [-98.97747, 19.34372], [-98.97757, 19.34304], [-98.97767, 19.34312], [-98.97756, 19.34343], [-98.9777, 19.34315], [-98.97796, 19.34334]]]}}, {"id": "1139867", "type": "Feature", "properties": {"id": "1139867", "CVEGEO": "1507000131014014", "POBTOT": 121.0, "score_nse": 53.9927, "NSE": "C-", "VIVTOT": 29.0, "GRAPROES": 9.52, "_ent": "15", "_mun": "070", "_loc": "0013"}, "geometry": {"type": "Polygon", "coordinates": [[[-98.97746, 19.34302], [-98.97738, 19.34373], [-98.97705, 19.34375], [-98.97716, 19.34296], [-98.97746, 19.34302]]]}}, {"id": "1139868", "type": "Feature", "properties": {"id": "1139868", "CVEGEO": "150700013100A027", "POBTOT": 79.0, "score_nse": 55.3557, "NSE": "C", "VIVTOT": 24.0, "GRAPROES": 9.44, "_ent": "15", "_mun": "070", "_loc": "0013"}, "geometry": {"type": "Polygon", "coordinates": [[[-98.98292, 19.34923], [-98.98302, 19.34875], [-98.98338, 19.34883], [-98.98325, 19.34931], [-98.98292, 19.34923]]]}}, {"id": "1139872", "type": "Feature", "properties": {"id": "1139872", "CVEGEO": "1507000131048009", "POBTOT": 71.0, "score_nse": 57.3, "NSE": "C", "VIVTOT": 20.0, "GRAPROES": 8.96, "_ent": "15", "_mun": "070", "_loc": "0013"}, "geometry": {"type": "Polygon", "coordinates": [[[-98.97355, 19.34431], [-98.97406, 19.34451], [-98.97396, 19.34478], [-98.97347, 19.3446], [-98.97355, 19.34431]]]}}, {"id": "1139905", "type": "Feature", "properties": {"id": "1139905", "CVEGEO": "1507000131067021", "POBTOT": 61.0, "score_nse": 60.1778, "NSE": "C", "VIVTOT": 13.0, "GRAPROES": 10.45, "_ent": "15", "_mun": "070", "_loc": "0013"}, "geometry": {"type": "Polygon", "coordinates": [[[-98.97426, 19.34034], [-98.97474, 19.34034], [-98.97468, 19.3407], [-98.97427, 19.34054], [-98.97426, 19.34034]]]}}, {"id": "1139906", "type": "Feature", "properties": {"id": "1139906", "CVEGEO": "1507000131048019", "POBTOT": 270.0, "score_nse": 0.0, "NSE": "ND", "VIVTOT": 58.0, "GRAPROES": 9.19, "_ent": "15", "_mun": "070", "_loc": "0013"}, "geometry": {"type": "Polygon", "coordinates": [[[-98.97548, 19.34182], [-98.9751, 19.34271], [-98.97478, 19.34262], [-98.97497, 19.34193], [-98.97466, 19.34258], [-98.97489, 19.34163], [-98.97548, 19.34182]]]}}, {"id": "1139910", "type": "Feature", "properties": {"id": "1139910", "CVEGEO": "1507000131067034", "POBTOT": 36.0, "score_nse": 56.7193, "NSE": "C", "VIVTOT": 11.0, "GRAPROES": 9.65, "_ent": "15", "_mun": "070", "_loc": "0013"}, "geometry": {"type": "Polygon", "coordinates": [[[-98.97451, 19.34137], [-98.9743, 19.34099], [-98.97458, 19.34104], [-98.97451, 19.34137]]]}}, {"id": "1139916", "type": "Feature", "properties": {"id": "1139916", "CVEGEO": "1507000131067006", "POBTOT": 81.0, "score_nse": 53.1987, "NSE": "C-", "VIVTOT": 30.0, "GRAPROES": 8.24, "_ent": "15", "_mun": "070", "_loc": "0013"}, "geometry": {"type": "Polygon", "coordinates": [[[-98.97595, 19.33981], [-98.97529, 19.33977], [-98.97551, 19.33916], [-98.97558, 19.33918], [-98.97595, 19.33981]]]}}, {"id": "1139917", "type": "Feature", "properties": {"id": "1139917", "CVEGEO": "1507000131014033", "POBTOT": 217.0, "score_nse": 62.5291, "NSE": "C", "VIVTOT": 58.0, "GRAPROES": 9.38, "_ent": "15", "_mun": "070", "_loc": "0013"}, "geometry": {"type": "Polygon", "coordinates": [[[-98.97939, 19.34603], [-98.9791, 19.34604], [-98.97942, 19.3445], [-98.97971, 19.3447], [-98.97939, 19.34603]]]}}, {"id": "1139942", "type": "Feature", "properties": {"id": "1139942", "CVEGEO": "1507000131067029", "POBTOT": 36.0, "score_nse": 66.4533, "NSE": "C", "VIVTOT": 9.0, "GRAPROES": 10.36, "_ent": "15", "_mun": "070", "_loc": "0013"}, "geometry": {"type": "Polygon", "coordinates": [[[-98.97471, 19.3408], [-98.97491, 19.34086], [-98.97478, 19.3415], [-98.97454, 19.34141], [-98.97471, 19.3408]]]}}, {"id": "1139943", "type": "Feature", "properties": {"id": "1139943", "CVEGEO": "1507000131067028", "POBTOT": 92.0, "score_nse": 52.228, "NSE": "C-", "VIVTOT": 25.0, "GRAPROES": 7.83, "_ent": "15", "_mun": "070", "_loc": "0013"}, "geometry": {"type": "Polygon", "coordinates": [[[-98.97542, 19.34101], [-98.97521, 19.34164], [-98.97489, 19.34154], [-98.97506, 19.34088], [-98.97542, 19.34101]]]}}, {"id": "1139944", "type": "Feature", "properties": {"id": "1139944", "CVEGEO": "1507000131067027", "POBTOT": 88.0, "score_nse": 60.2487, "NSE": "C", "VIVTOT": 23.0, "GRAPROES": 9.12, "_ent": "15", "_mun": "070", "_loc": "0013"}, "geometry": {"type": "Polygon", "coordinates": [[[-98.97576, 19.34114], [-98.97558, 19.34176], [-98.97528, 19.34166], [-98.97548, 19.34104], [-98.97576, 19.34114]]]}}, {"id": "1139945", "type": "Feature", "properties": {"id": "1139945", "CVEGEO": "1507000131067026", "POBTOT": 108.0, "score_nse": 62.5217, "NSE": "C", "VIVTOT": 24.0, "GRAPROES": 9.14, "_ent": "15", "_mun": "070", "_loc": "0013"}, "geometry": {"type": "Polygon", "coordinates": [[[-98.97616, 19.34126], [-98.97591, 19.34189], [-98.97567, 19.34181], [-98.97584, 19.34116], [-98.97616, 19.34126]]]}}, {"id": "1139946", "type": "Feature", "properties": {"id": "1139946", "CVEGEO": "1507000131052024", "POBTOT": 109.0, "score_nse": 0.0, "NSE": "ND", "VIVTOT": 30.0, "GRAPROES": 8.04, "_ent": "15", "_mun": "070", "_loc": "0013"}, "geometry": {"type": "Polygon", "coordinates": [[[-98.96026, 19.33708], [-98.96042, 19.33687], [-98.96114, 19.3374], [-98.96102, 19.33762], [-98.96026, 19.33708]]]}}, {"id": "1139947", "type": "Feature", "properties": {"id": "1139947", "CVEGEO": "1507000131052023", "POBTOT": 97.0, "score_nse": 0.0, "NSE": "ND", "VIVTOT": 27.0, "GRAPROES": 7.85, "_ent": "15", "_mun": "070", "_loc": "0013"}, "geometry": {"type": "Polygon", "coordinates": [[[-98.96065, 19.3383], [-98.95983, 19.33768], [-98.95998, 19.33745], [-98.9608, 19.33804], [-98.96065, 19.3383]]]}}, {"id": "1139948", "type": "Feature", "properties": {"id": "1139948", "CVEGEO": "1507000131029025", "POBTOT": 135.0, "score_nse": 63.2505, "NSE": "C", "VIVTOT": 38.0, "GRAPROES": 9.73, "_ent": "15", "_mun": "070", "_loc": "0013"}, "geometry": {"type": "Polygon", "coordinates": [[[-98.97372, 19.34789], [-98.97358, 19.3485], [-98.97333, 19.34828], [-98.97336, 19.34812], [-98.97354, 19.34752], [-98.97395, 19.3471], [-98.97415, 19.34731], [-98.97372, 19.34789]]]}}, {"id": "1139949", "type": "Feature", "properties": {"id": "1139949", "CVEGEO": "1507000131029016", "POBTOT": 225.0, "score_nse": 64.5458, "NSE": "C", "VIVTOT": 55.0, "GRAPROES": 9.7, "_ent": "15", "_mun": "070", "_loc": "0013"}, "geometry": {"type": "Polygon", "coordinates": [[[-98.97263, 19.34726], [-98.97271, 19.34755], [-98.97268, 19.34724], [-98.97314, 19.34721], [-98.97314, 19.34751], [-98.97322, 19.34718], [-98.97341, 19.34716], [-98.97323, 19.34791], [-98.9723, 19.34769], [-98.97228, 19.34731], [-98.97263, 19.34726]]]}}, {"id": "1139950", "type": "Feature", "properties": {"id": "1139950", "CVEGEO": "1507000131014016", "POBTOT": 686.0, "score_nse": 0.0, "NSE": "ND", "VIVTOT": 196.0, "GRAPROES": 9.68, "_ent": "15", "_mun": "070", "_loc": "0013"}, "geometry": {"type": "Polygon", "coordinates": [[[-98.97869, 19.34378], [-98.97849, 19.34408], [-98.9786, 19.34414], [-98.97882, 19.34387], [-98.97904, 19.34412], [-98.97879, 19.34495], [-98.97855, 19.34494], [-98.97879, 19.34503], [-98.97872, 19.34539], [-98.97841, 19.34538], [-98.97871, 19.34547], [-98.9786, 19.34608], [-98.97787, 19.34619], [-98.97802, 19.34526], [-98.97831, 19.34526], [-98.97804, 19.34519], [-98.97819, 19.34443], [-98.97801, 19.34493], [-98.97771, 19.34489], [-98.978, 19.34339], [-98.97844, 19.34371], [-98.97823, 19.3441], [-98.97869, 19.34378]]]}}, {"id": "1139953", "type": "Feature", "properties": {"id": "1139953", "CVEGEO": "1507000131067011", "POBTOT": 145.0, "score_nse": 63.3577, "NSE": "C", "VIVTOT": 41.0, "GRAPROES": 9.96, "_ent": "15", "_mun": "070", "_loc": "0013"}, "geometry": {"type": "Polygon", "coordinates": [[[-98.9751, 19.34083], [-98.97526, 19.33989], [-98.97571, 19.33992], [-98.97552, 19.34096], [-98.9751, 19.34083]]]}}, {"id": "1139962", "type": "Feature", "properties": {"id": "1139962", "CVEGEO": "1507000131067015", "POBTOT": 100.0, "score_nse": 55.8191, "NSE": "C", "VIVTOT": 31.0, "GRAPROES": 8.93, "_ent": "15", "_mun": "070", "_loc": "0013"}, "geometry": {"type": "Polygon", "coordinates": [[[-98.97411, 19.33968], [-98.97423, 19.34105], [-98.97387, 19.34104], [-98.97373, 19.33965], [-98.97411, 19.33968]]]}}, {"id": "1139963", "type": "Feature", "properties": {"id": "1139963", "CVEGEO": "1507000131067014", "POBTOT": 138.0, "score_nse": 48.118, "NSE": "C-", "VIVTOT": 40.0, "GRAPROES": 7.51, "_ent": "15", "_mun": "070", "_loc": "0013"}, "geometry": {"type": "Polygon", "coordinates": [[[-98.97418, 19.34002], [-98.97416, 19.33963], [-98.97481, 19.33971], [-98.97477, 19.34003], [-98.97418, 19.34002]]]}}, {"id": "1139964", "type": "Feature", "properties": {"id": "1139964", "CVEGEO": "1507000131067013", "POBTOT": 78.0, "score_nse": 55.2505, "NSE": "C", "VIVTOT": 22.0, "GRAPROES": 9.39, "_ent": "15", "_mun": "070", "_loc": "0013"}, "geometry": {"type": "Polygon", "coordinates": [[[-98.97418, 19.34005], [-98.97474, 19.34007], [-98.97471, 19.34025], [-98.97421, 19.34024], [-98.97418, 19.34005]]]}}, {"id": "1139967", "type": "Feature", "properties": {"id": "1139967", "CVEGEO": "1507000131067030", "POBTOT": 60.0, "score_nse": 63.6043, "NSE": "C", "VIVTOT": 13.0, "GRAPROES": 9.38, "_ent": "15", "_mun": "070", "_loc": "0013"}, "geometry": {"type": "Polygon", "coordinates": [[[-98.97428, 19.34063], [-98.97465, 19.34073], [-98.97459, 19.34101], [-98.9743, 19.34095], [-98.97428, 19.34063]]]}}, {"id": "1139970", "type": "Feature", "properties": {"id": "1139970", "CVEGEO": "1507000131029009", "POBTOT": 124.0, "score_nse": 0.0, "NSE": "ND", "VIVTOT": 31.0, "GRAPROES": 9.54, "_ent": "15", "_mun": "070", "_loc": "0013"}, "geometry": {"type": "Polygon", "coordinates": [[[-98.97186, 19.34752], [-98.9719, 19.34734], [-98.97219, 19.34731], [-98.97227, 19.34768], [-98.97129, 19.34751], [-98.97184, 19.34736], [-98.97186, 19.34752]]]}}, {"id": "1139976", "type": "Feature", "properties": {"id": "1139976", "CVEGEO": "1507000131014029", "POBTOT": 310.0, "score_nse": 0.0, "NSE": "ND", "VIVTOT": 93.0, "GRAPROES": 9.18, "_ent": "15", "_mun": "070", "_loc": "0013"}, "geometry": {"type": "Polygon", "coordinates": [[[-98.97903, 19.34605], [-98.97869, 19.34608], [-98.97911, 19.34418], [-98.97937, 19.34439], [-98.97903, 19.34605]]]}}, {"id": "1139977", "type": "Feature", "properties": {"id": "1139977", "CVEGEO": "1507000131014028", "POBTOT": 56.0, "score_nse": 70.9591, "NSE": "C+", "VIVTOT": 13.0, "GRAPROES": 10.38, "_ent": "15", "_mun": "070", "_loc": "0013"}, "geometry": {"type": "Polygon", "coordinates": [[[-98.9785, 19.34364], [-98.97803, 19.34332], [-98.97813, 19.34299], [-98.97859, 19.34347], [-98.9785, 19.34364]]]}}, {"id": "1139998", "type": "Feature", "properties": {"id": "1139998", "CVEGEO": "1507000131067020", "POBTOT": 191.0, "score_nse": 53.8928, "NSE": "C-", "VIVTOT": 53.0, "GRAPROES": 9.44, "_ent": "15", "_mun": "070", "_loc": "0013"}, "geometry": {"type": "Polygon", "coordinates": [[[-98.97559, 19.34098], [-98.97582, 19.3399], [-98.97603, 19.33994], [-98.9759, 19.34111], [-98.97559, 19.34098]]]}}, {"id": "1139999", "type": "Feature", "properties": {"id": "1139999", "CVEGEO": "1507000131067019", "POBTOT": 191.0, "score_nse": 66.6067, "NSE": "C", "VIVTOT": 43.0, "GRAPROES": 10.34, "_ent": "15", "_mun": "070", "_loc": "0013"}, "geometry": {"type": "Polygon", "coordinates": [[[-98.97642, 19.34096], [-98.97651, 19.34126], [-98.97599, 19.34115], [-98.97618, 19.34015], [-98.97685, 19.34127], [-98.97657, 19.34128], [-98.97642, 19.34096]]]}}, {"id": "1140000", "type": "Feature", "properties": {"id": "1140000", "CVEGEO": "1507000131052034", "POBTOT": 65.0, "score_nse": 0.0, "NSE": "ND", "VIVTOT": 27.0, "GRAPROES": 8.15, "_ent": "15", "_mun": "070", "_loc": "0013"}, "geometry": {"type": "Polygon", "coordinates": [[[-98.96084, 19.33796], [-98.96002, 19.33736], [-98.96017, 19.33712], [-98.96095, 19.3377], [-98.96084, 19.33796]]]}}, {"id": "1140001", "type": "Feature", "properties": {"id": "1140001", "CVEGEO": "1507000131048018", "POBTOT": 81.0, "score_nse": 0.0, "NSE": "ND", "VIVTOT": 22.0, "GRAPROES": 8.84, "_ent": "15", "_mun": "070", "_loc": "0013"}, "geometry": {"type": "Polygon", "coordinates": [[[-98.97464, 19.34182], [-98.97451, 19.34252], [-98.9742, 19.34244], [-98.9743, 19.34172], [-98.97464, 19.34182]]]}}, {"id": "1140002", "type": "Feature", "properties": {"id": "1140002", "CVEGEO": "1507000131014027", "POBTOT": 253.0, "score_nse": 65.9832, "NSE": "C", "VIVTOT": 63.0, "GRAPROES": 9.26, "_ent": "15", "_mun": "070", "_loc": "0013"}, "geometry": {"type": "Polygon", "coordinates": [[[-98.97725, 19.34206], [-98.97742, 19.34237], [-98.9775, 19.34228], [-98.97771, 19.34254], [-98.97726, 19.34261], [-98.97777, 19.34265], [-98.97804, 19.34298], [-98.97797, 19.34323], [-98.97762, 19.34295], [-98.97701, 19.34283], [-98.97725, 19.34206]]]}}, {"id": "1140013", "type": "Feature", "properties": {"id": "1140013", "CVEGEO": "1507000131067007", "POBTOT": 123.0, "score_nse": 49.1093, "NSE": "C-", "VIVTOT": 36.0, "GRAPROES": 8.34, "_ent": "15", "_mun": "070", "_loc": "0013"}, "geometry": {"type": "Polygon", "coordinates": [[[-98.97515, 19.33976], [-98.97403, 19.33948], [-98.97406, 19.33867], [-98.97458, 19.33836], [-98.975, 19.33836], [-98.97536, 19.33887], [-98.97515, 19.33976]]]}}, {"id": "1140014", "type": "Feature", "properties": {"id": "1140014", "CVEGEO": "1507000131067003", "POBTOT": 53.0, "score_nse": 48.3509, "NSE": "C-", "VIVTOT": 14.0, "GRAPROES": 7.92, "_ent": "15", "_mun": "070", "_loc": "0013"}, "geometry": {"type": "Polygon", "coordinates": [[[-98.9733, 19.33823], [-98.9737, 19.33808], [-98.97381, 19.33833], [-98.9734, 19.33848], [-98.9733, 19.33823]]]}}, {"id": "1140015", "type": "Feature", "properties": {"id": "1140015", "CVEGEO": "1507000131029015", "POBTOT": 0.0, "score_nse": 0.0, "NSE": "ND", "VIVTOT": 0.0, "GRAPROES": 0.0, "_ent": "15", "_mun": "070", "_loc": "0013"}, "geometry": {"type": "Polygon", "coordinates": [[[-98.97264, 19.34694], [-98.97329, 19.34685], [-98.97339, 19.34696], [-98.97269, 19.34716], [-98.97264, 19.34694]]]}}, {"id": "1140031", "type": "Feature", "properties": {"id": "1140031", "CVEGEO": "1507000131067016", "POBTOT": 106.0, "score_nse": 0.0, "NSE": "ND", "VIVTOT": 26.0, "GRAPROES": 8.47, "_ent": "15", "_mun": "070", "_loc": "0013"}, "geometry": {"type": "Polygon", "coordinates": [[[-98.97329, 19.33721], [-98.97285, 19.3374], [-98.97272, 19.33717], [-98.97317, 19.33696], [-98.97329, 19.33721]]]}}, {"id": "1140032", "type": "Feature", "properties": {"id": "1140032", "CVEGEO": "1507000131067035", "POBTOT": 38.0, "score_nse": 0.0, "NSE": "ND", "VIVTOT": 11.0, "GRAPROES": 8.24, "_ent": "15", "_mun": "070", "_loc": "0013"}, "geometry": {"type": "Polygon", "coordinates": [[[-98.97427, 19.34137], [-98.97384, 19.34133], [-98.97387, 19.34108], [-98.97427, 19.34109], [-98.97427, 19.34137]]]}}, {"id": "1140039", "type": "Feature", "properties": {"id": "1140039", "CVEGEO": "1507000131048001", "POBTOT": 86.0, "score_nse": 66.66, "NSE": "C", "VIVTOT": 21.0, "GRAPROES": 9.65, "_ent": "15", "_mun": "070", "_loc": "0013"}, "geometry": {"type": "Polygon", "coordinates": [[[-98.9749, 19.34441], [-98.97479, 19.34474], [-98.97424, 19.34447], [-98.9743, 19.3442], [-98.9749, 19.34441]]]}}, {"id": "1140040", "type": "Feature", "properties": {"id": "1140040", "CVEGEO": "1507000131048020", "POBTOT": 146.0, "score_nse": 64.8121, "NSE": "C", "VIVTOT": 41.0, "GRAPROES": 9.74, "_ent": "15", "_mun": "070", "_loc": "0013"}, "geometry": {"type": "Polygon", "coordinates": [[[-98.97585, 19.34195], [-98.97547, 19.34283], [-98.97516, 19.34273], [-98.97556, 19.34185], [-98.97585, 19.34195]]]}}, {"id": "1140065", "type": "Feature", "properties": {"id": "1140065", "CVEGEO": "1507000131014006", "POBTOT": 333.0, "score_nse": 61.6997, "NSE": "C", "VIVTOT": 94.0, "GRAPROES": 9.76, "_ent": "15", "_mun": "070", "_loc": "0013"}, "geometry": {"type": "Polygon", "coordinates": [[[-98.97681, 19.34653], [-98.97855, 19.34642], [-98.97849, 19.34686], [-98.97768, 19.34678], [-98.97847, 19.34695], [-98.97843, 19.34721], [-98.97676, 19.34693], [-98.97681, 19.34653]]]}}, {"id": "1140066", "type": "Feature", "properties": {"id": "1140066", "CVEGEO": "1507000131014021", "POBTOT": 122.0, "score_nse": 0.0, "NSE": "ND", "VIVTOT": 34.0, "GRAPROES": 9.85, "_ent": "15", "_mun": "070", "_loc": "0013"}, "geometry": {"type": "Polygon", "coordinates": [[[-98.97557, 19.34874], [-98.97573, 19.348], [-98.97597, 19.34806], [-98.97577, 19.34906], [-98.97557, 19.34874]]]}}, {"id": "1140085", "type": "Feature", "properties": {"id": "1140085", "CVEGEO": "1507000131014013", "POBTOT": 94.0, "score_nse": 62.612, "NSE": "C", "VIVTOT": 25.0, "GRAPROES": 10.39, "_ent": "15", "_mun": "070", "_loc": "0013"}, "geometry": {"type": "Polygon", "coordinates": [[[-98.97707, 19.34295], [-98.97694, 19.34375], [-98.97667, 19.34377], [-98.97691, 19.34296], [-98.97707, 19.34295]]]}}, {"id": "1140086", "type": "Feature", "properties": {"id": "1140086", "CVEGEO": "1507000131014025", "POBTOT": 76.0, "score_nse": 55.9431, "NSE": "C", "VIVTOT": 18.0, "GRAPROES": 8.76, "_ent": "15", "_mun": "070", "_loc": "0013"}, "geometry": {"type": "Polygon", "coordinates": [[[-98.97592, 19.34475], [-98.97588, 19.3452], [-98.97557, 19.34519], [-98.9757, 19.34469], [-98.97592, 19.34475]]]}}, {"id": "1140087", "type": "Feature", "properties": {"id": "1140087", "CVEGEO": "1507000131014026", "POBTOT": 14.0, "score_nse": 0.0, "NSE": "ND", "VIVTOT": 7.0, "GRAPROES": 8.33, "_ent": "15", "_mun": "070", "_loc": "0013"}, "geometry": {"type": "Polygon", "coordinates": [[[-98.97569, 19.34462], [-98.97578, 19.34445], [-98.97597, 19.34467], [-98.97569, 19.34462]]]}}, {"id": "1140088", "type": "Feature", "properties": {"id": "1140088", "CVEGEO": "1507000131052032", "POBTOT": 5.0, "score_nse": 0.0, "NSE": "ND", "VIVTOT": 1.0, "GRAPROES": 0.0, "_ent": "15", "_mun": "070", "_loc": "0013"}, "geometry": {"type": "Polygon", "coordinates": [[[-98.9616, 19.34369], [-98.9613, 19.34403], [-98.96075, 19.34341], [-98.96149, 19.34342], [-98.9616, 19.34369]]]}}, {"id": "1140089", "type": "Feature", "properties": {"id": "1140089", "CVEGEO": "1507000131052033", "POBTOT": 88.0, "score_nse": 0.0, "NSE": "ND", "VIVTOT": 20.0, "GRAPROES": 7.57, "_ent": "15", "_mun": "070", "_loc": "0013"}, "geometry": {"type": "Polygon", "coordinates": [[[-98.95891, 19.33792], [-98.95913, 19.33759], [-98.95956, 19.33791], [-98.95936, 19.33824], [-98.95891, 19.33792]]]}}, {"id": "1140090", "type": "Feature", "properties": {"id": "1140090", "CVEGEO": "1507000131067017", "POBTOT": 47.0, "score_nse": 0.0, "NSE": "ND", "VIVTOT": 14.0, "GRAPROES": 9.78, "_ent": "15", "_mun": "070", "_loc": "0013"}, "geometry": {"type": "Polygon", "coordinates": [[[-98.97284, 19.33744], [-98.97331, 19.33724], [-98.97343, 19.33749], [-98.97298, 19.33768], [-98.97284, 19.33744]]]}}, {"id": "1140091", "type": "Feature", "properties": {"id": "1140091", "CVEGEO": "1507000131067018", "POBTOT": 91.0, "score_nse": 61.0505, "NSE": "C", "VIVTOT": 32.0, "GRAPROES": 9.1, "_ent": "15", "_mun": "070", "_loc": "0013"}, "geometry": {"type": "Polygon", "coordinates": [[[-98.97354, 19.33761], [-98.97318, 19.33687], [-98.97323, 19.33684], [-98.97339, 19.3368], [-98.974, 19.33737], [-98.97354, 19.33761]]]}}, {"id": "1140092", "type": "Feature", "properties": {"id": "1140092", "CVEGEO": "1507000131067036", "POBTOT": 7.0, "score_nse": 0.0, "NSE": "ND", "VIVTOT": 3.0, "GRAPROES": 0.0, "_ent": "15", "_mun": "070", "_loc": "0013"}, "geometry": {"type": "Polygon", "coordinates": [[[-98.97238, 19.33608], [-98.97237, 19.33624], [-98.9723, 19.3362], [-98.97238, 19.33608]]]}}, {"id": "1140114", "type": "Feature", "properties": {"id": "1140114", "CVEGEO": "1507000131052004", "POBTOT": 46.0, "score_nse": 0.0, "NSE": "ND", "VIVTOT": 14.0, "GRAPROES": 9.87, "_ent": "15", "_mun": "070", "_loc": "0013"}, "geometry": {"type": "Polygon", "coordinates": [[[-98.9601, 19.34018], [-98.96048, 19.33993], [-98.96071, 19.34013], [-98.96028, 19.34041], [-98.9601, 19.34018]]]}}, {"id": "1140127", "type": "Feature", "properties": {"id": "1140127", "CVEGEO": "1507000131052010", "POBTOT": 43.0, "score_nse": 70.8874, "NSE": "C+", "VIVTOT": 14.0, "GRAPROES": 12.82, "_ent": "15", "_mun": "070", "_loc": "0013"}, "geometry": {"type": "Polygon", "coordinates": [[[-98.96008, 19.34226], [-98.95985, 19.3425], [-98.95855, 19.34069], [-98.9588, 19.34053], [-98.96008, 19.34226]]]}}, {"id": "1140135", "type": "Feature", "properties": {"id": "1140135", "CVEGEO": "150700013100A003", "POBTOT": 128.0, "score_nse": 66.036, "NSE": "C", "VIVTOT": 30.0, "GRAPROES": 9.9, "_ent": "15", "_mun": "070", "_loc": "0013"}, "geometry": {"type": "Polygon", "coordinates": [[[-98.98314, 19.35266], [-98.98303, 19.3524], [-98.98329, 19.35144], [-98.98365, 19.35152], [-98.98344, 19.35236], [-98.98354, 19.35216], [-98.98406, 19.35227], [-98.98397, 19.35273], [-98.98314, 19.35266]]]}}, {"id": "1140136", "type": "Feature", "properties": {"id": "1140136", "CVEGEO": "150700013100A004", "POBTOT": 21.0, "score_nse": 59.46, "NSE": "C", "VIVTOT": 7.0, "GRAPROES": 9.57, "_ent": "15", "_mun": "070", "_loc": "0013"}, "geometry": {"type": "Polygon", "coordinates": [[[-98.98414, 19.35275], [-98.98419, 19.35228], [-98.9845, 19.3523], [-98.9844, 19.35277], [-98.98414, 19.35275]]]}}, {"id": "1140137", "type": "Feature", "properties": {"id": "1140137", "CVEGEO": "150700013100A022", "POBTOT": 104.0, "score_nse": 68.9102, "NSE": "C", "VIVTOT": 29.0, "GRAPROES": 10.88, "_ent": "15", "_mun": "070", "_loc": "0013"}, "geometry": {"type": "Polygon", "coordinates": [[[-98.98613, 19.35306], [-98.98591, 19.35443], [-98.9856, 19.3544], [-98.98582, 19.35304], [-98.98613, 19.35306]]]}}, {"id": "1140150", "type": "Feature", "properties": {"id": "1140150", "CVEGEO": "1507000131052001", "POBTOT": 190.0, "score_nse": 0.0, "NSE": "ND", "VIVTOT": 58.0, "GRAPROES": 11.38, "_ent": "15", "_mun": "070", "_loc": "0013"}, "geometry": {"type": "Polygon", "coordinates": [[[-98.96061, 19.34178], [-98.96014, 19.34223], [-98.95933, 19.3411], [-98.96001, 19.34076], [-98.95978, 19.34086], [-98.95963, 19.34068], [-98.96016, 19.34035], [-98.96058, 19.34091], [-98.96026, 19.34114], [-98.96034, 19.34085], [-98.95988, 19.34117], [-98.96009, 19.34111], [-98.96031, 19.34138], [-98.96006, 19.34162], [-98.96035, 19.34144], [-98.96061, 19.34178]]]}}, {"id": "1140151", "type": "Feature", "properties": {"id": "1140151", "CVEGEO": "1507000131052017", "POBTOT": 80.0, "score_nse": 0.0, "NSE": "ND", "VIVTOT": 24.0, "GRAPROES": 10.09, "_ent": "15", "_mun": "070", "_loc": "0013"}, "geometry": {"type": "Polygon", "coordinates": [[[-98.96137, 19.34242], [-98.96077, 19.34185], [-98.96085, 19.34176], [-98.9624, 19.34248], [-98.96221, 19.34278], [-98.96137, 19.34242]]]}}, {"id": "1140161", "type": "Feature", "properties": {"id": "1140161", "CVEGEO": "1507000131014020", "POBTOT": 163.0, "score_nse": 62.6513, "NSE": "C", "VIVTOT": 60.0, "GRAPROES": 10.3, "_ent": "15", "_mun": "070", "_loc": "0013"}, "geometry": {"type": "Polygon", "coordinates": [[[-98.97639, 19.34817], [-98.97619, 19.34904], [-98.97598, 19.34954], [-98.97582, 19.34908], [-98.97603, 19.34808], [-98.97639, 19.34817]]]}}, {"id": "1140162", "type": "Feature", "properties": {"id": "1140162", "CVEGEO": "1507000131052028", "POBTOT": 98.0, "score_nse": 0.0, "NSE": "ND", "VIVTOT": 23.0, "GRAPROES": 7.73, "_ent": "15", "_mun": "070", "_loc": "0013"}, "geometry": {"type": "Polygon", "coordinates": [[[-98.96085, 19.33672], [-98.96124, 19.33704], [-98.96113, 19.33725], [-98.96066, 19.33693], [-98.96085, 19.33672]]]}}, {"id": "1140206", "type": "Feature", "properties": {"id": "1140206", "CVEGEO": "1507000131014030", "POBTOT": 136.0, "score_nse": 60.829, "NSE": "C", "VIVTOT": 40.0, "GRAPROES": 9.25, "_ent": "15", "_mun": "070", "_loc": "0013"}, "geometry": {"type": "Polygon", "coordinates": [[[-98.97651, 19.35016], [-98.97607, 19.34969], [-98.97617, 19.3492], [-98.97697, 19.34938], [-98.97651, 19.35016]]]}}, {"id": "1140210", "type": "Feature", "properties": {"id": "1140210", "CVEGEO": "1507000131048028", "POBTOT": 88.0, "score_nse": 56.608, "NSE": "C", "VIVTOT": 25.0, "GRAPROES": 10.05, "_ent": "15", "_mun": "070", "_loc": "0013"}, "geometry": {"type": "Polygon", "coordinates": [[[-98.9739, 19.34487], [-98.97381, 19.34518], [-98.97337, 19.34503], [-98.97343, 19.3447], [-98.9739, 19.34487]]]}}, {"id": "1140217", "type": "Feature", "properties": {"id": "1140217", "CVEGEO": "1507000131033016", "POBTOT": 71.0, "score_nse": 0.0, "NSE": "ND", "VIVTOT": 19.0, "GRAPROES": 8.71, "_ent": "15", "_mun": "070", "_loc": "0013"}, "geometry": {"type": "Polygon", "coordinates": [[[-98.96318, 19.34222], [-98.96278, 19.34261], [-98.96256, 19.34245], [-98.96292, 19.34198], [-98.96318, 19.34222]]]}}, {"id": "1140218", "type": "Feature", "properties": {"id": "1140218", "CVEGEO": "1507000131029014", "POBTOT": 127.0, "score_nse": 0.0, "NSE": "ND", "VIVTOT": 33.0, "GRAPROES": 9.34, "_ent": "15", "_mun": "070", "_loc": "0013"}, "geometry": {"type": "Polygon", "coordinates": [[[-98.97254, 19.34636], [-98.97279, 19.34598], [-98.97313, 19.34614], [-98.97284, 19.34684], [-98.97262, 19.34686], [-98.97254, 19.34636]]]}}, {"id": "1140221", "type": "Feature", "properties": {"id": "1140221", "CVEGEO": "1507000131033022", "POBTOT": 30.0, "score_nse": 0.0, "NSE": "ND", "VIVTOT": 9.0, "GRAPROES": 7.76, "_ent": "15", "_mun": "070", "_loc": "0013"}, "geometry": {"type": "Polygon", "coordinates": [[[-98.96797, 19.34616], [-98.96762, 19.34674], [-98.96734, 19.34662], [-98.96771, 19.34603], [-98.96797, 19.34616]]]}}, {"id": "1140222", "type": "Feature", "properties": {"id": "1140222", "CVEGEO": "1507000131029011", "POBTOT": 69.0, "score_nse": 0.0, "NSE": "ND", "VIVTOT": 17.0, "GRAPROES": 8.19, "_ent": "15", "_mun": "070", "_loc": "0013"}, "geometry": {"type": "Polygon", "coordinates": [[[-98.97028, 19.34737], [-98.96989, 19.34739], [-98.96975, 19.34664], [-98.96999, 19.34654], [-98.97028, 19.34737]]]}}, {"id": "1140223", "type": "Feature", "properties": {"id": "1140223", "CVEGEO": "1507000131029008", "POBTOT": 64.0, "score_nse": 39.6574, "NSE": "D+", "VIVTOT": 39.0, "GRAPROES": 8.52, "_ent": "15", "_mun": "070", "_loc": "0013"}, "geometry": {"type": "Polygon", "coordinates": [[[-98.97219, 19.34665], [-98.97247, 19.34643], [-98.97255, 19.34687], [-98.97223, 19.34691], [-98.97219, 19.34665]]]}}, {"id": "1140227", "type": "Feature", "properties": {"id": "1140227", "CVEGEO": "1507000131033002", "POBTOT": 62.0, "score_nse": 0.0, "NSE": "ND", "VIVTOT": 18.0, "GRAPROES": 9.0, "_ent": "15", "_mun": "070", "_loc": "0013"}, "geometry": {"type": "Polygon", "coordinates": [[[-98.96464, 19.34395], [-98.96416, 19.34433], [-98.96395, 19.34413], [-98.96444, 19.34376], [-98.96464, 19.34395]]]}}, {"id": "1140228", "type": "Feature", "properties": {"id": "1140228", "CVEGEO": "1507000131033003", "POBTOT": 36.0, "score_nse": 0.0, "NSE": "ND", "VIVTOT": 10.0, "GRAPROES": 7.5, "_ent": "15", "_mun": "070", "_loc": "0013"}, "geometry": {"type": "Polygon", "coordinates": [[[-98.96504, 19.34446], [-98.96463, 19.34482], [-98.96444, 19.3446], [-98.96485, 19.34427], [-98.96504, 19.34446]]]}}, {"id": "1140229", "type": "Feature", "properties": {"id": "1140229", "CVEGEO": "1507000131029018", "POBTOT": 51.0, "score_nse": 0.0, "NSE": "ND", "VIVTOT": 15.0, "GRAPROES": 9.63, "_ent": "15", "_mun": "070", "_loc": "0013"}, "geometry": {"type": "Polygon", "coordinates": [[[-98.9692, 19.34676], [-98.96915, 19.34735], [-98.96885, 19.34726], [-98.96898, 19.34667], [-98.9692, 19.34676]]]}}, {"id": "1140232", "type": "Feature", "properties": {"id": "1140232", "CVEGEO": "1507000131033010", "POBTOT": 77.0, "score_nse": 0.0, "NSE": "ND", "VIVTOT": 19.0, "GRAPROES": 8.81, "_ent": "15", "_mun": "070", "_loc": "0013"}, "geometry": {"type": "Polygon", "coordinates": [[[-98.96385, 19.34295], [-98.96323, 19.3434], [-98.96313, 19.34332], [-98.96323, 19.34321], [-98.96305, 19.34306], [-98.96353, 19.34263], [-98.96385, 19.34295]]]}}, {"id": "1140233", "type": "Feature", "properties": {"id": "1140233", "CVEGEO": "1507000131033009", "POBTOT": 66.0, "score_nse": 0.0, "NSE": "ND", "VIVTOT": 18.0, "GRAPROES": 7.28, "_ent": "15", "_mun": "070", "_loc": "0013"}, "geometry": {"type": "Polygon", "coordinates": [[[-98.9658, 19.34504], [-98.96543, 19.34544], [-98.96521, 19.34525], [-98.96555, 19.34487], [-98.9658, 19.34504]]]}}, {"id": "1140238", "type": "Feature", "properties": {"id": "1140238", "CVEGEO": "1507000131033014", "POBTOT": 39.0, "score_nse": 0.0, "NSE": "ND", "VIVTOT": 15.0, "GRAPROES": 9.72, "_ent": "15", "_mun": "070", "_loc": "0013"}, "geometry": {"type": "Polygon", "coordinates": [[[-98.96331, 19.34235], [-98.96314, 19.34248], [-98.96285, 19.34275], [-98.96278, 19.34264], [-98.9632, 19.34223], [-98.96331, 19.34235]]]}}, {"id": "1140239", "type": "Feature", "properties": {"id": "1140239", "CVEGEO": "1507000131033012", "POBTOT": 72.0, "score_nse": 57.3629, "NSE": "C", "VIVTOT": 21.0, "GRAPROES": 9.33, "_ent": "15", "_mun": "070", "_loc": "0013"}, "geometry": {"type": "Polygon", "coordinates": [[[-98.96348, 19.34261], [-98.96302, 19.34303], [-98.96281, 19.34286], [-98.96332, 19.34236], [-98.96348, 19.34261]]]}}, {"id": "1140240", "type": "Feature", "properties": {"id": "1140240", "CVEGEO": "1507000131033011", "POBTOT": 34.0, "score_nse": 0.0, "NSE": "ND", "VIVTOT": 9.0, "GRAPROES": 7.27, "_ent": "15", "_mun": "070", "_loc": "0013"}, "geometry": {"type": "Polygon", "coordinates": [[[-98.96586, 19.3452], [-98.96553, 19.34555], [-98.96544, 19.34546], [-98.96579, 19.34512], [-98.96586, 19.3452]]]}}, {"id": "1140241", "type": "Feature", "properties": {"id": "1140241", "CVEGEO": "1507000131033013", "POBTOT": 75.0, "score_nse": 0.0, "NSE": "ND", "VIVTOT": 15.0, "GRAPROES": 8.12, "_ent": "15", "_mun": "070", "_loc": "0013"}, "geometry": {"type": "Polygon", "coordinates": [[[-98.96616, 19.3454], [-98.96572, 19.3458], [-98.96556, 19.34557], [-98.96593, 19.3452], [-98.96616, 19.3454]]]}}, {"id": "1140242", "type": "Feature", "properties": {"id": "1140242", "CVEGEO": "1507000131033015", "POBTOT": 53.0, "score_nse": 0.0, "NSE": "ND", "VIVTOT": 15.0, "GRAPROES": 7.95, "_ent": "15", "_mun": "070", "_loc": "0013"}, "geometry": {"type": "Polygon", "coordinates": [[[-98.96651, 19.34548], [-98.96597, 19.3461], [-98.9658, 19.34592], [-98.9663, 19.34533], [-98.96651, 19.34548]]]}}, {"id": "1140246", "type": "Feature", "properties": {"id": "1140246", "CVEGEO": "1507000131052016", "POBTOT": 54.0, "score_nse": 0.0, "NSE": "ND", "VIVTOT": 13.0, "GRAPROES": 8.97, "_ent": "15", "_mun": "070", "_loc": "0013"}, "geometry": {"type": "Polygon", "coordinates": [[[-98.96205, 19.3421], [-98.96197, 19.34218], [-98.96094, 19.3417], [-98.96115, 19.3415], [-98.96205, 19.3421]]]}}, {"id": "1140247", "type": "Feature", "properties": {"id": "1140247", "CVEGEO": "1507000131033001", "POBTOT": 73.0, "score_nse": 50.4116, "NSE": "C-", "VIVTOT": 18.0, "GRAPROES": 8.49, "_ent": "15", "_mun": "070", "_loc": "0013"}, "geometry": {"type": "Polygon", "coordinates": [[[-98.96486, 19.34419], [-98.9644, 19.34457], [-98.9642, 19.34437], [-98.96465, 19.34398], [-98.96486, 19.34419]]]}}, {"id": "1140248", "type": "Feature", "properties": {"id": "1140248", "CVEGEO": "1507000131033019", "POBTOT": 24.0, "score_nse": 0.0, "NSE": "ND", "VIVTOT": 9.0, "GRAPROES": 10.26, "_ent": "15", "_mun": "070", "_loc": "0013"}, "geometry": {"type": "Polygon", "coordinates": [[[-98.9671, 19.34579], [-98.96662, 19.34635], [-98.96637, 19.34621], [-98.96685, 19.34564], [-98.9671, 19.34579]]]}}, {"id": "1140249", "type": "Feature", "properties": {"id": "1140249", "CVEGEO": "1507000131033020", "POBTOT": 22.0, "score_nse": 0.0, "NSE": "ND", "VIVTOT": 7.0, "GRAPROES": 8.27, "_ent": "15", "_mun": "070", "_loc": "0013"}, "geometry": {"type": "Polygon", "coordinates": [[[-98.96734, 19.34591], [-98.96701, 19.34651], [-98.96666, 19.34637], [-98.96714, 19.34579], [-98.96734, 19.34591]]]}}, {"id": "1140251", "type": "Feature", "properties": {"id": "1140251", "CVEGEO": "150700013100A025", "POBTOT": 104.0, "score_nse": 66.1833, "NSE": "C", "VIVTOT": 23.0, "GRAPROES": 10.3, "_ent": "15", "_mun": "070", "_loc": "0013"}, "geometry": {"type": "Polygon", "coordinates": [[[-98.98255, 19.34923], [-98.98285, 19.3493], [-98.98267, 19.35001], [-98.98239, 19.34994], [-98.98255, 19.34923]]]}}, {"id": "1140252", "type": "Feature", "properties": {"id": "1140252", "CVEGEO": "1507000131029023", "POBTOT": 153.0, "score_nse": 0.0, "NSE": "ND", "VIVTOT": 39.0, "GRAPROES": 9.19, "_ent": "15", "_mun": "070", "_loc": "0013"}, "geometry": {"type": "Polygon", "coordinates": [[[-98.97334, 19.34579], [-98.9737, 19.34594], [-98.97352, 19.34676], [-98.9729, 19.34683], [-98.97334, 19.34579]]]}}, {"id": "1140253", "type": "Feature", "properties": {"id": "1140253", "CVEGEO": "1507000131029007", "POBTOT": 36.0, "score_nse": 0.0, "NSE": "ND", "VIVTOT": 9.0, "GRAPROES": 7.04, "_ent": "15", "_mun": "070", "_loc": "0013"}, "geometry": {"type": "Polygon", "coordinates": [[[-98.97234, 19.34638], [-98.97215, 19.34651], [-98.9719, 19.34607], [-98.97196, 19.34601], [-98.97234, 19.34638]]]}}, {"id": "1140257", "type": "Feature", "properties": {"id": "1140257", "CVEGEO": "1507000131029022", "POBTOT": 56.0, "score_nse": 69.0486, "NSE": "C", "VIVTOT": 14.0, "GRAPROES": 10.61, "_ent": "15", "_mun": "070", "_loc": "0013"}, "geometry": {"type": "Polygon", "coordinates": [[[-98.97287, 19.34558], [-98.9733, 19.34577], [-98.97318, 19.34608], [-98.97277, 19.3459], [-98.97287, 19.34558]]]}}, {"id": "1140263", "type": "Feature", "properties": {"id": "1140263", "CVEGEO": "1507000131033007", "POBTOT": 51.0, "score_nse": 0.0, "NSE": "ND", "VIVTOT": 13.0, "GRAPROES": 7.16, "_ent": "15", "_mun": "070", "_loc": "0013"}, "geometry": {"type": "Polygon", "coordinates": [[[-98.9655, 19.34488], [-98.96519, 19.34523], [-98.96494, 19.34504], [-98.96525, 19.34471], [-98.9655, 19.34488]]]}}, {"id": "1140264", "type": "Feature", "properties": {"id": "1140264", "CVEGEO": "1507000131033023", "POBTOT": 13.0, "score_nse": 0.0, "NSE": "ND", "VIVTOT": 5.0, "GRAPROES": 7.5, "_ent": "15", "_mun": "070", "_loc": "0013"}, "geometry": {"type": "Polygon", "coordinates": [[[-98.96813, 19.34618], [-98.9678, 19.3468], [-98.96765, 19.34674], [-98.96803, 19.34611], [-98.96813, 19.34618]]]}}, {"id": "1140265", "type": "Feature", "properties": {"id": "1140265", "CVEGEO": "1507000131029005", "POBTOT": 102.0, "score_nse": 0.0, "NSE": "ND", "VIVTOT": 23.0, "GRAPROES": 9.01, "_ent": "15", "_mun": "070", "_loc": "0013"}, "geometry": {"type": "Polygon", "coordinates": [[[-98.97212, 19.34691], [-98.97185, 19.34695], [-98.97158, 19.34607], [-98.97178, 19.34597], [-98.97203, 19.34632], [-98.97212, 19.34691]]]}}, {"id": "1140266", "type": "Feature", "properties": {"id": "1140266", "CVEGEO": "1507000131029002", "POBTOT": 122.0, "score_nse": 0.0, "NSE": "ND", "VIVTOT": 29.0, "GRAPROES": 8.75, "_ent": "15", "_mun": "070", "_loc": "0013"}, "geometry": {"type": "Polygon", "coordinates": [[[-98.97177, 19.34696], [-98.97142, 19.34701], [-98.97116, 19.34622], [-98.97152, 19.34605], [-98.97177, 19.34696]]]}}, {"id": "1140267", "type": "Feature", "properties": {"id": "1140267", "CVEGEO": "1507000131029001", "POBTOT": 82.0, "score_nse": 0.0, "NSE": "ND", "VIVTOT": 21.0, "GRAPROES": 9.08, "_ent": "15", "_mun": "070", "_loc": "0013"}, "geometry": {"type": "Polygon", "coordinates": [[[-98.97139, 19.34702], [-98.97112, 19.34704], [-98.97089, 19.34634], [-98.97107, 19.34622], [-98.97139, 19.34702]]]}}, {"id": "1140270", "type": "Feature", "properties": {"id": "1140270", "CVEGEO": "1507000131029031", "POBTOT": 53.0, "score_nse": 0.0, "NSE": "ND", "VIVTOT": 14.0, "GRAPROES": 7.72, "_ent": "15", "_mun": "070", "_loc": "0013"}, "geometry": {"type": "Polygon", "coordinates": [[[-98.96896, 19.34667], [-98.96882, 19.34723], [-98.96854, 19.34713], [-98.96879, 19.34662], [-98.96896, 19.34667]]]}}, {"id": "1140271", "type": "Feature", "properties": {"id": "1140271", "CVEGEO": "1507000131029032", "POBTOT": 41.0, "score_nse": 0.0, "NSE": "ND", "VIVTOT": 14.0, "GRAPROES": 7.74, "_ent": "15", "_mun": "070", "_loc": "0013"}, "geometry": {"type": "Polygon", "coordinates": [[[-98.97281, 19.34548], [-98.97272, 19.34571], [-98.97236, 19.3455], [-98.97257, 19.34532], [-98.97281, 19.34548]]]}}, {"id": "1140272", "type": "Feature", "properties": {"id": "1140272", "CVEGEO": "1507000131033005", "POBTOT": 21.0, "score_nse": 0.0, "NSE": "ND", "VIVTOT": 8.0, "GRAPROES": 7.06, "_ent": "15", "_mun": "070", "_loc": "0013"}, "geometry": {"type": "Polygon", "coordinates": [[[-98.96525, 19.34468], [-98.9649, 19.34501], [-98.96468, 19.34483], [-98.96507, 19.3445], [-98.96525, 19.34468]]]}}, {"id": "1140273", "type": "Feature", "properties": {"id": "1140273", "CVEGEO": "1507000131029013", "POBTOT": 75.0, "score_nse": 0.0, "NSE": "ND", "VIVTOT": 18.0, "GRAPROES": 9.1, "_ent": "15", "_mun": "070", "_loc": "0013"}, "geometry": {"type": "Polygon", "coordinates": [[[-98.97258, 19.34616], [-98.97238, 19.34635], [-98.97187, 19.34588], [-98.97208, 19.34577], [-98.97258, 19.34616]]]}}, {"id": "1140276", "type": "Feature", "properties": {"id": "1140276", "CVEGEO": "1507000131029028", "POBTOT": 50.0, "score_nse": 0.0, "NSE": "ND", "VIVTOT": 11.0, "GRAPROES": 6.97, "_ent": "15", "_mun": "070", "_loc": "0013"}, "geometry": {"type": "Polygon", "coordinates": [[[-98.96842, 19.34635], [-98.96808, 19.34694], [-98.96783, 19.34681], [-98.96816, 19.34621], [-98.96842, 19.34635]]]}}, {"id": "1140277", "type": "Feature", "properties": {"id": "1140277", "CVEGEO": "1507000131029029", "POBTOT": 53.0, "score_nse": 0.0, "NSE": "ND", "VIVTOT": 15.0, "GRAPROES": 6.88, "_ent": "15", "_mun": "070", "_loc": "0013"}, "geometry": {"type": "Polygon", "coordinates": [[[-98.96865, 19.34657], [-98.96836, 19.34707], [-98.96811, 19.34696], [-98.96841, 19.34645], [-98.96865, 19.34657]]]}}, {"id": "1140278", "type": "Feature", "properties": {"id": "1140278", "CVEGEO": "1507000131029030", "POBTOT": 26.0, "score_nse": 0.0, "NSE": "ND", "VIVTOT": 5.0, "GRAPROES": 7.5, "_ent": "15", "_mun": "070", "_loc": "0013"}, "geometry": {"type": "Polygon", "coordinates": [[[-98.96872, 19.34668], [-98.96851, 19.34712], [-98.96838, 19.34707], [-98.96863, 19.34663], [-98.96872, 19.34668]]]}}, {"id": "1140279", "type": "Feature", "properties": {"id": "1140279", "CVEGEO": "1507000131029026", "POBTOT": 55.0, "score_nse": 61.4253, "NSE": "C", "VIVTOT": 15.0, "GRAPROES": 10.78, "_ent": "15", "_mun": "070", "_loc": "0013"}, "geometry": {"type": "Polygon", "coordinates": [[[-98.96739, 19.34706], [-98.96812, 19.34736], [-98.96802, 19.3476], [-98.9673, 19.34728], [-98.96739, 19.34706]]]}}, {"id": "1140280", "type": "Feature", "properties": {"id": "1140280", "CVEGEO": "1507000131029027", "POBTOT": 64.0, "score_nse": 0.0, "NSE": "ND", "VIVTOT": 16.0, "GRAPROES": 8.57, "_ent": "15", "_mun": "070", "_loc": "0013"}, "geometry": {"type": "Polygon", "coordinates": [[[-98.96747, 19.34688], [-98.9666, 19.34643], [-98.96843, 19.34716], [-98.96822, 19.34716], [-98.96813, 19.34733], [-98.9674, 19.34704], [-98.96747, 19.34688]]]}}, {"id": "1140336", "type": "Feature", "properties": {"id": "1140336", "CVEGEO": "1507000131014038", "POBTOT": 41.0, "score_nse": 78.0887, "NSE": "C+", "VIVTOT": 12.0, "GRAPROES": 11.77, "_ent": "15", "_mun": "070", "_loc": "0013"}, "geometry": {"type": "Polygon", "coordinates": [[[-98.97649, 19.34992], [-98.97638, 19.3499], [-98.97643, 19.34967], [-98.97654, 19.34968], [-98.97649, 19.34992]]]}}, {"id": "1140337", "type": "Feature", "properties": {"id": "1140337", "CVEGEO": "1507000131014040", "POBTOT": 21.0, "score_nse": 0.0, "NSE": "ND", "VIVTOT": 6.0, "GRAPROES": 12.33, "_ent": "15", "_mun": "070", "_loc": "0013"}, "geometry": {"type": "Polygon", "coordinates": [[[-98.97658, 19.34946], [-98.97649, 19.34965], [-98.97653, 19.34945], [-98.97658, 19.34946]]]}}, {"id": "1140338", "type": "Feature", "properties": {"id": "1140338", "CVEGEO": "1507000131014039", "POBTOT": 39.0, "score_nse": 75.46, "NSE": "C+", "VIVTOT": 12.0, "GRAPROES": 10.88, "_ent": "15", "_mun": "070", "_loc": "0013"}, "geometry": {"type": "Polygon", "coordinates": [[[-98.97618, 19.34959], [-98.97644, 19.34953], [-98.97642, 19.34964], [-98.97618, 19.34959]]]}}, {"id": "1140347", "type": "Feature", "properties": {"id": "1140347", "CVEGEO": "150700013100A029", "POBTOT": 208.0, "score_nse": 67.4854, "NSE": "C", "VIVTOT": 63.0, "GRAPROES": 10.0, "_ent": "15", "_mun": "070", "_loc": "0013"}, "geometry": {"type": "Polygon", "coordinates": [[[-98.97934, 19.348], [-98.97897, 19.34818], [-98.97898, 19.34788], [-98.9788, 19.34795], [-98.97896, 19.34799], [-98.97892, 19.34819], [-98.97843, 19.34835], [-98.97856, 19.34738], [-98.9793, 19.3476], [-98.97934, 19.348]]]}}, {"id": "1140348", "type": "Feature", "properties": {"id": "1140348", "CVEGEO": "150700013100A023", "POBTOT": 0.0, "score_nse": 0.0, "NSE": "ND", "VIVTOT": 0.0, "GRAPROES": 0.0, "_ent": "15", "_mun": "070", "_loc": "0013"}, "geometry": {"type": "Polygon", "coordinates": [[[-98.98132, 19.35564], [-98.98128, 19.35527], [-98.98155, 19.35549], [-98.98151, 19.35567], [-98.98132, 19.35564]]]}}, {"id": "1140349", "type": "Feature", "properties": {"id": "1140349", "CVEGEO": "150700013100A028", "POBTOT": 130.0, "score_nse": 58.701, "NSE": "C", "VIVTOT": 40.0, "GRAPROES": 10.14, "_ent": "15", "_mun": "070", "_loc": "0013"}, "geometry": {"type": "Polygon", "coordinates": [[[-98.98123, 19.35563], [-98.97945, 19.35523], [-98.97985, 19.35403], [-98.98082, 19.35422], [-98.97986, 19.35398], [-98.97998, 19.35361], [-98.98078, 19.35379], [-98.98093, 19.35331], [-98.98123, 19.35563]]]}}, {"id": "1140350", "type": "Feature", "properties": {"id": "1140350", "CVEGEO": "150700013100A030", "POBTOT": 191.0, "score_nse": 60.0623, "NSE": "C", "VIVTOT": 47.0, "GRAPROES": 9.56, "_ent": "15", "_mun": "070", "_loc": "0013"}, "geometry": {"type": "Polygon", "coordinates": [[[-98.97982, 19.34487], [-98.98023, 19.34534], [-98.98004, 19.34562], [-98.97978, 19.34555], [-98.98007, 19.3457], [-98.98029, 19.34539], [-98.98054, 19.34556], [-98.98062, 19.34586], [-98.97955, 19.3459], [-98.97982, 19.34487]]]}}, {"id": "1140354", "type": "Feature", "properties": {"id": "1140354", "CVEGEO": "1507000131052036", "POBTOT": 22.0, "score_nse": 0.0, "NSE": "ND", "VIVTOT": 6.0, "GRAPROES": 8.07, "_ent": "15", "_mun": "070", "_loc": "0013"}, "geometry": {"type": "Polygon", "coordinates": [[[-98.96216, 19.34145], [-98.96196, 19.34163], [-98.96182, 19.34153], [-98.96202, 19.34135], [-98.96216, 19.34145]]]}}, {"id": "1140355", "type": "Feature", "properties": {"id": "1140355", "CVEGEO": "1507000131052015", "POBTOT": 107.0, "score_nse": 0.0, "NSE": "ND", "VIVTOT": 26.0, "GRAPROES": 8.71, "_ent": "15", "_mun": "070", "_loc": "0013"}, "geometry": {"type": "Polygon", "coordinates": [[[-98.962, 19.34132], [-98.96179, 19.34154], [-98.96195, 19.34166], [-98.96176, 19.34186], [-98.96117, 19.34145], [-98.96162, 19.34108], [-98.962, 19.34132]]]}}, {"id": "1140356", "type": "Feature", "properties": {"id": "1140356", "CVEGEO": "1507000131052031", "POBTOT": 98.0, "score_nse": 45.828, "NSE": "C-", "VIVTOT": 25.0, "GRAPROES": 7.95, "_ent": "15", "_mun": "070", "_loc": "0013"}, "geometry": {"type": "Polygon", "coordinates": [[[-98.96261, 19.34175], [-98.96225, 19.3423], [-98.96203, 19.34219], [-98.96241, 19.34162], [-98.96261, 19.34175]]]}}, {"id": "1140358", "type": "Feature", "properties": {"id": "1140358", "CVEGEO": "1507000131052025", "POBTOT": 53.0, "score_nse": 0.0, "NSE": "ND", "VIVTOT": 13.0, "GRAPROES": 9.23, "_ent": "15", "_mun": "070", "_loc": "0013"}, "geometry": {"type": "Polygon", "coordinates": [[[-98.96237, 19.3416], [-98.96205, 19.34205], [-98.9618, 19.3419], [-98.9622, 19.34146], [-98.96237, 19.3416]]]}}, {"id": "1140362", "type": "Feature", "properties": {"id": "1140362", "CVEGEO": "1507000131033018", "POBTOT": 31.0, "score_nse": 0.0, "NSE": "ND", "VIVTOT": 10.0, "GRAPROES": 8.71, "_ent": "15", "_mun": "070", "_loc": "0013"}, "geometry": {"type": "Polygon", "coordinates": [[[-98.96288, 19.34195], [-98.96254, 19.34244], [-98.96228, 19.34232], [-98.96264, 19.34178], [-98.96288, 19.34195]]]}}, {"id": "1140363", "type": "Feature", "properties": {"id": "1140363", "CVEGEO": "1507000131033024", "POBTOT": 217.0, "score_nse": 0.0, "NSE": "ND", "VIVTOT": 67.0, "GRAPROES": 9.08, "_ent": "15", "_mun": "070", "_loc": "0013"}, "geometry": {"type": "Polygon", "coordinates": [[[-98.96302, 19.34331], [-98.96591, 19.34612], [-98.96744, 19.3469], [-98.96728, 19.34727], [-98.96717, 19.34724], [-98.96677, 19.34885], [-98.96565, 19.34821], [-98.96625, 19.34712], [-98.96616, 19.34706], [-98.96555, 19.34813], [-98.96265, 19.34554], [-98.96149, 19.34419], [-98.96179, 19.34379], [-98.96179, 19.34337], [-98.96207, 19.34309], [-98.96232, 19.34324], [-98.96213, 19.34303], [-98.9625, 19.3425], [-98.9631, 19.34324], [-98.96302, 19.34331]]]}}, {"id": "1140365", "type": "Feature", "properties": {"id": "1140365", "CVEGEO": "1507000131033004", "POBTOT": 62.0, "score_nse": 0.0, "NSE": "ND", "VIVTOT": 15.0, "GRAPROES": 7.68, "_ent": "15", "_mun": "070", "_loc": "0013"}, "geometry": {"type": "Polygon", "coordinates": [[[-98.96442, 19.34371], [-98.96393, 19.34412], [-98.9637, 19.34394], [-98.96423, 19.34353], [-98.96442, 19.34371]]]}}, {"id": "1140368", "type": "Feature", "properties": {"id": "1140368", "CVEGEO": "1507000131033017", "POBTOT": 51.0, "score_nse": 0.0, "NSE": "ND", "VIVTOT": 13.0, "GRAPROES": 8.79, "_ent": "15", "_mun": "070", "_loc": "0013"}, "geometry": {"type": "Polygon", "coordinates": [[[-98.96678, 19.34564], [-98.96636, 19.34617], [-98.96601, 19.3461], [-98.96656, 19.3455], [-98.96678, 19.34564]]]}}, {"id": "1140371", "type": "Feature", "properties": {"id": "1140371", "CVEGEO": "1507000131033021", "POBTOT": 55.0, "score_nse": 0.0, "NSE": "ND", "VIVTOT": 11.0, "GRAPROES": 8.65, "_ent": "15", "_mun": "070", "_loc": "0013"}, "geometry": {"type": "Polygon", "coordinates": [[[-98.96758, 19.34612], [-98.9673, 19.34661], [-98.96704, 19.34651], [-98.96733, 19.34601], [-98.96758, 19.34612]]]}}, {"id": "1140372", "type": "Feature", "properties": {"id": "1140372", "CVEGEO": "1507000131029021", "POBTOT": 69.0, "score_nse": 44.1746, "NSE": "C-", "VIVTOT": 28.0, "GRAPROES": 10.06, "_ent": "15", "_mun": "070", "_loc": "0013"}, "geometry": {"type": "Polygon", "coordinates": [[[-98.9727, 19.34574], [-98.9726, 19.34612], [-98.97221, 19.34578], [-98.97236, 19.34553], [-98.9727, 19.34574]]]}}, {"id": "1140373", "type": "Feature", "properties": {"id": "1140373", "CVEGEO": "1507000131029006", "POBTOT": 59.0, "score_nse": 0.0, "NSE": "ND", "VIVTOT": 17.0, "GRAPROES": 8.8, "_ent": "15", "_mun": "070", "_loc": "0013"}, "geometry": {"type": "Polygon", "coordinates": [[[-98.97081, 19.34731], [-98.97051, 19.34729], [-98.9704, 19.34671], [-98.97066, 19.34663], [-98.97081, 19.34731]]]}}, {"id": "1140374", "type": "Feature", "properties": {"id": "1140374", "CVEGEO": "1507000131029033", "POBTOT": 172.0, "score_nse": 0.0, "NSE": "ND", "VIVTOT": 44.0, "GRAPROES": 9.23, "_ent": "15", "_mun": "070", "_loc": "0013"}, "geometry": {"type": "Polygon", "coordinates": [[[-98.97372, 19.3455], [-98.97364, 19.34582], [-98.97252, 19.34524], [-98.97268, 19.34503], [-98.97372, 19.3455]]]}}, {"id": "1140375", "type": "Feature", "properties": {"id": "1140375", "CVEGEO": "1507000131029004", "POBTOT": 65.0, "score_nse": 0.0, "NSE": "ND", "VIVTOT": 22.0, "GRAPROES": 8.3, "_ent": "15", "_mun": "070", "_loc": "0013"}, "geometry": {"type": "Polygon", "coordinates": [[[-98.97114, 19.3473], [-98.97084, 19.34722], [-98.97065, 19.34649], [-98.97089, 19.34642], [-98.97114, 19.3473]]]}}, {"id": "1140376", "type": "Feature", "properties": {"id": "1140376", "CVEGEO": "1507000131029012", "POBTOT": 82.0, "score_nse": 0.0, "NSE": "ND", "VIVTOT": 16.0, "GRAPROES": 8.46, "_ent": "15", "_mun": "070", "_loc": "0013"}, "geometry": {"type": "Polygon", "coordinates": [[[-98.97065, 19.34736], [-98.9702, 19.34725], [-98.97003, 19.34656], [-98.97029, 19.34653], [-98.97049, 19.34731], [-98.97065, 19.34736]]]}}, {"id": "1140390", "type": "Feature", "properties": {"id": "1140390", "CVEGEO": "1507000131052038", "POBTOT": 33.0, "score_nse": 0.0, "NSE": "ND", "VIVTOT": 9.0, "GRAPROES": 7.22, "_ent": "15", "_mun": "070", "_loc": "0013"}, "geometry": {"type": "Polygon", "coordinates": [[[-98.95996, 19.33966], [-98.95948, 19.33963], [-98.95954, 19.33933], [-98.95996, 19.33966]]]}}, {"id": "1140391", "type": "Feature", "properties": {"id": "1140391", "CVEGEO": "1507000131052021", "POBTOT": 190.0, "score_nse": 0.0, "NSE": "ND", "VIVTOT": 50.0, "GRAPROES": 8.5, "_ent": "15", "_mun": "070", "_loc": "0013"}, "geometry": {"type": "Polygon", "coordinates": [[[-98.9595, 19.3393], [-98.9594, 19.33964], [-98.95864, 19.34015], [-98.95792, 19.33955], [-98.95804, 19.33933], [-98.95861, 19.33968], [-98.95807, 19.33931], [-98.95818, 19.33911], [-98.95849, 19.33932], [-98.95819, 19.33908], [-98.95845, 19.33863], [-98.95875, 19.33879], [-98.95847, 19.33859], [-98.95888, 19.33796], [-98.95934, 19.33828], [-98.95891, 19.33882], [-98.9595, 19.3393]]]}}, {"id": "1140492", "type": "Feature", "properties": {"id": "1140492", "CVEGEO": "1507000131033008", "POBTOT": 71.0, "score_nse": 0.0, "NSE": "ND", "VIVTOT": 18.0, "GRAPROES": 9.52, "_ent": "15", "_mun": "070", "_loc": "0013"}, "geometry": {"type": "Polygon", "coordinates": [[[-98.96407, 19.34317], [-98.96345, 19.34366], [-98.96324, 19.34342], [-98.96391, 19.34294], [-98.96407, 19.34317]]]}}, {"id": "1140493", "type": "Feature", "properties": {"id": "1140493", "CVEGEO": "1507000131033006", "POBTOT": 45.0, "score_nse": 0.0, "NSE": "ND", "VIVTOT": 14.0, "GRAPROES": 8.06, "_ent": "15", "_mun": "070", "_loc": "0013"}, "geometry": {"type": "Polygon", "coordinates": [[[-98.96417, 19.34351], [-98.96365, 19.34391], [-98.96348, 19.34369], [-98.96397, 19.34331], [-98.96417, 19.34351]]]}}, {"id": "1140494", "type": "Feature", "properties": {"id": "1140494", "CVEGEO": "150700013100A024", "POBTOT": 2008.0, "score_nse": 63.8399, "NSE": "C", "VIVTOT": 588.0, "GRAPROES": 10.29, "_ent": "15", "_mun": "070", "_loc": "0013"}, "geometry": {"type": "Polygon", "coordinates": [[[-98.97923, 19.35411], [-98.97898, 19.35496], [-98.97837, 19.35463], [-98.97873, 19.35458], [-98.97841, 19.35445], [-98.97878, 19.35443], [-98.97846, 19.35431], [-98.97881, 19.35432], [-98.97853, 19.3541], [-98.97887, 19.35413], [-98.97849, 19.35403], [-98.97832, 19.3546], [-98.97775, 19.35426], [-98.97795, 19.35365], [-98.97825, 19.35375], [-98.97852, 19.35289], [-98.97823, 19.35366], [-98.97796, 19.35356], [-98.97818, 19.35274], [-98.97769, 19.35421], [-98.97681, 19.35369], [-98.97685, 19.3529], [-98.97767, 19.35314], [-98.97763, 19.3533], [-98.9778, 19.35313], [-98.97685, 19.35286], [-98.9767, 19.35231], [-98.97811, 19.35256], [-98.97667, 19.35224], [-98.97638, 19.35179], [-98.97826, 19.35214], [-98.9764, 19.35176], [-98.97659, 19.35067], [-98.97728, 19.35036], [-98.97761, 19.3493], [-98.97809, 19.34862], [-98.97896, 19.34824], [-98.97883, 19.34871], [-98.97901, 19.34824], [-98.9794, 19.34803], [-98.97934, 19.34761], [-98.97982, 19.34766], [-98.97857, 19.34731], [-98.97865, 19.34672], [-98.97897, 19.34676], [-98.97896, 19.34721], [-98.97991, 19.3473], [-98.97901, 19.34715], [-98.97902, 19.34677], [-98.98046, 19.34684], [-98.97999, 19.34674], [-98.98, 19.34661], [-98.98034, 19.34658], [-98.98, 19.34648], [-98.97993, 19.34674], [-98.97957, 19.34671], [-98.97955, 19.34648], [-98.97953, 19.34671], [-98.97867, 19.34667], [-98.97871, 19.34642], [-98.98097, 19.34617], [-98.9815, 19.34643], [-98.98363, 19.34851], [-98.98344, 19.34878], [-98.98307, 19.34871], [-98.9832, 19.34822], [-98.98305, 19.34808], [-98.98314, 19.34823], [-98.98287, 19.34922], [-98.9826, 19.34916], [-98.98267, 19.34867], [-98.98255, 19.34913], [-98.98222, 19.34912], [-98.98251, 19.34921], [-98.98232, 19.34999], [-98.98308, 19.35021], [-98.98256, 19.35231], [-98.9822, 19.35219], [-98.98244, 19.35092], [-98.98208, 19.35223], [-98.98294, 19.35257], [-98.98298, 19.35273], [-98.98179, 19.35449], [-98.98158, 19.35539], [-98.98125, 19.35518], [-98.98054, 19.35009], [-98.98091, 19.35318], [-98.98074, 19.35373], [-98.98, 19.35357], [-98.98004, 19.35344], [-98.98049, 19.35348], [-98.98007, 19.35339], [-98.98006, 19.35325], [-98.97941, 19.35521], [-98.97902, 19.35498], [-98.97923, 19.35411]]]}}, {"id": "1140587", "type": "Feature", "properties": {"id": "1140587", "CVEGEO": "1507000131029019", "POBTOT": 47.0, "score_nse": 0.0, "NSE": "ND", "VIVTOT": 13.0, "GRAPROES": 7.97, "_ent": "15", "_mun": "070", "_loc": "0013"}, "geometry": {"type": "Polygon", "coordinates": [[[-98.9695, 19.34743], [-98.96918, 19.34734], [-98.96922, 19.34675], [-98.96944, 19.34675], [-98.9695, 19.34743]]]}}, {"id": "1140588", "type": "Feature", "properties": {"id": "1140588", "CVEGEO": "1507000131029020", "POBTOT": 85.0, "score_nse": 0.0, "NSE": "ND", "VIVTOT": 18.0, "GRAPROES": 7.84, "_ent": "15", "_mun": "070", "_loc": "0013"}, "geometry": {"type": "Polygon", "coordinates": [[[-98.96985, 19.34738], [-98.96955, 19.34742], [-98.96947, 19.34674], [-98.96972, 19.34668], [-98.96985, 19.34738]]]}}, {"id": "1140593", "type": "Feature", "properties": {"id": "1140593", "CVEGEO": "1507000131048002", "POBTOT": 80.0, "score_nse": 67.41, "NSE": "C", "VIVTOT": 20.0, "GRAPROES": 10.03, "_ent": "15", "_mun": "070", "_loc": "0013"}, "geometry": {"type": "Polygon", "coordinates": [[[-98.97358, 19.34422], [-98.97369, 19.34394], [-98.97416, 19.34408], [-98.97407, 19.34441], [-98.97358, 19.34422]]]}}, {"id": "1140594", "type": "Feature", "properties": {"id": "1140594", "CVEGEO": "1507000131048003", "POBTOT": 185.0, "score_nse": 0.0, "NSE": "ND", "VIVTOT": 50.0, "GRAPROES": 9.12, "_ent": "15", "_mun": "070", "_loc": "0013"}, "geometry": {"type": "Polygon", "coordinates": [[[-98.97385, 19.34357], [-98.97421, 19.34252], [-98.9745, 19.34261], [-98.97425, 19.34369], [-98.97385, 19.34357]]]}}, {"id": "1140595", "type": "Feature", "properties": {"id": "1140595", "CVEGEO": "1507000131048029", "POBTOT": 151.0, "score_nse": 0.0, "NSE": "ND", "VIVTOT": 54.0, "GRAPROES": 9.02, "_ent": "15", "_mun": "070", "_loc": "0013"}, "geometry": {"type": "Polygon", "coordinates": [[[-98.97379, 19.34527], [-98.97373, 19.34546], [-98.97273, 19.345], [-98.97289, 19.34472], [-98.97329, 19.34508], [-98.97379, 19.34527]]]}}, {"id": "1140596", "type": "Feature", "properties": {"id": "1140596", "CVEGEO": "1507000131048035", "POBTOT": 0.0, "score_nse": 0.0, "NSE": null, "VIVTOT": 0.0, "GRAPROES": 0.0, "_ent": "15", "_mun": "070", "_loc": "0013"}, "geometry": {"type": "Polygon", "coordinates": [[[-98.97335, 19.34464], [-98.97332, 19.34496], [-98.97293, 19.3447], [-98.97299, 19.34447], [-98.97335, 19.34464]]]}}, {"id": "1140597", "type": "Feature", "properties": {"id": "1140597", "CVEGEO": "1507000131048036", "POBTOT": 0.0, "score_nse": 0.0, "NSE": null, "VIVTOT": 0.0, "GRAPROES": 0.0, "_ent": "15", "_mun": "070", "_loc": "0013"}, "geometry": {"type": "Polygon", "coordinates": [[[-98.97379, 19.34362], [-98.97424, 19.34376], [-98.97417, 19.34403], [-98.97369, 19.34388], [-98.97379, 19.34362]]]}}, {"id": "1140598", "type": "Feature", "properties": {"id": "1140598", "CVEGEO": "1507000131052013", "POBTOT": 209.0, "score_nse": 47.6821, "NSE": "C-", "VIVTOT": 58.0, "GRAPROES": 8.78, "_ent": "15", "_mun": "070", "_loc": "0013"}, "geometry": {"type": "Polygon", "coordinates": [[[-98.9607, 19.33969], [-98.9606, 19.33989], [-98.9602, 19.33975], [-98.95905, 19.33882], [-98.95921, 19.33861], [-98.9607, 19.33969]]]}}, {"id": "1140599", "type": "Feature", "properties": {"id": "1140599", "CVEGEO": "1507000131052014", "POBTOT": 159.0, "score_nse": 0.0, "NSE": "ND", "VIVTOT": 47.0, "GRAPROES": 7.5, "_ent": "15", "_mun": "070", "_loc": "0013"}, "geometry": {"type": "Polygon", "coordinates": [[[-98.96071, 19.33968], [-98.95926, 19.33854], [-98.95942, 19.33833], [-98.96044, 19.33906], [-98.96064, 19.33881], [-98.96083, 19.33894], [-98.96092, 19.33962], [-98.96071, 19.33968]]]}}, {"id": "1140600", "type": "Feature", "properties": {"id": "1140600", "CVEGEO": "1507000131052022", "POBTOT": 288.0, "score_nse": 51.0925, "NSE": "C-", "VIVTOT": 80.0, "GRAPROES": 8.58, "_ent": "15", "_mun": "070", "_loc": "0013"}, "geometry": {"type": "Polygon", "coordinates": [[[-98.96082, 19.33888], [-98.95965, 19.33794], [-98.9598, 19.3377], [-98.96071, 19.33834], [-98.96082, 19.33888]]]}}, {"id": "1140601", "type": "Feature", "properties": {"id": "1140601", "CVEGEO": "1507000131052037", "POBTOT": 0.0, "score_nse": 0.0, "NSE": null, "VIVTOT": 0.0, "GRAPROES": 0.0, "_ent": "15", "_mun": "070", "_loc": "0013"}, "geometry": {"type": "Polygon", "coordinates": [[[-98.96061, 19.33991], [-98.96093, 19.33965], [-98.96117, 19.34045], [-98.96094, 19.34025], [-98.96061, 19.33991]]]}}, {"id": "1140602", "type": "Feature", "properties": {"id": "1140602", "CVEGEO": "1507000131052039", "POBTOT": 0.0, "score_nse": 0.0, "NSE": null, "VIVTOT": 0.0, "GRAPROES": 0.0, "_ent": "15", "_mun": "070", "_loc": "0013"}, "geometry": {"type": "Polygon", "coordinates": [[[-98.9606, 19.33877], [-98.96043, 19.33901], [-98.95944, 19.33828], [-98.95962, 19.33799], [-98.9606, 19.33877]]]}}, {"id": "1140612", "type": "Feature", "properties": {"id": "1140612", "CVEGEO": "1507000131067023", "POBTOT": 37.0, "score_nse": 54.176, "NSE": "C-", "VIVTOT": 11.0, "GRAPROES": 8.26, "_ent": "15", "_mun": "070", "_loc": "0013"}, "geometry": {"type": "Polygon", "coordinates": [[[-98.97254, 19.337], [-98.97302, 19.3367], [-98.97313, 19.33693], [-98.97268, 19.33717], [-98.97254, 19.337]]]}}, {"id": "1140739", "type": "Feature", "properties": {"id": "1140739", "CVEGEO": "1507000131029003", "POBTOT": 81.0, "score_nse": 64.8851, "NSE": "C", "VIVTOT": 22.0, "GRAPROES": 10.51, "_ent": "15", "_mun": "070", "_loc": "0013"}, "geometry": {"type": "Polygon", "coordinates": [[[-98.97135, 19.34738], [-98.9699, 19.34791], [-98.96984, 19.34764], [-98.97135, 19.34738]]]}}, {"id": "1140740", "type": "Feature", "properties": {"id": "1140740", "CVEGEO": "1507000131029017", "POBTOT": 215.0, "score_nse": 0.0, "NSE": "ND", "VIVTOT": 54.0, "GRAPROES": 8.71, "_ent": "15", "_mun": "070", "_loc": "0013"}, "geometry": {"type": "Polygon", "coordinates": [[[-98.96961, 19.34797], [-98.96808, 19.34761], [-98.96816, 19.34738], [-98.96851, 19.34749], [-98.96816, 19.34736], [-98.96823, 19.34719], [-98.96935, 19.34751], [-98.97087, 19.34739], [-98.96958, 19.34764], [-98.96981, 19.34764], [-98.96988, 19.34792], [-98.96961, 19.34797]]]}}, {"id": "1140741", "type": "Feature", "properties": {"id": "1140741", "CVEGEO": "1507000131052027", "POBTOT": 75.0, "score_nse": 0.0, "NSE": "ND", "VIVTOT": 27.0, "GRAPROES": 9.74, "_ent": "15", "_mun": "070", "_loc": "0013"}, "geometry": {"type": "Polygon", "coordinates": [[[-98.9604, 19.33673], [-98.95958, 19.33787], [-98.95916, 19.33758], [-98.96117, 19.33443], [-98.96263, 19.33562], [-98.96153, 19.33668], [-98.96103, 19.33632], [-98.96056, 19.33685], [-98.9604, 19.33673]]]}}, {"id": "1140742", "type": "Feature", "properties": {"id": "1140742", "CVEGEO": "1507000131052030", "POBTOT": 113.0, "score_nse": 0.0, "NSE": "ND", "VIVTOT": 32.0, "GRAPROES": 6.6, "_ent": "15", "_mun": "070", "_loc": "0013"}, "geometry": {"type": "Polygon", "coordinates": [[[-98.97097, 19.33563], [-98.9725, 19.3364], [-98.9722, 19.33663], [-98.97349, 19.33888], [-98.97384, 19.3408], [-98.97365, 19.34284], [-98.97224, 19.34558], [-98.97062, 19.34644], [-98.9691, 19.34668], [-98.96792, 19.34601], [-98.96667, 19.34555], [-98.96507, 19.34444], [-98.96338, 19.34232], [-98.96395, 19.34171], [-98.96651, 19.34247], [-98.96202, 19.34089], [-98.96178, 19.34111], [-98.96133, 19.34066], [-98.96184, 19.34024], [-98.96192, 19.3396], [-98.96242, 19.34016], [-98.96368, 19.34023], [-98.96246, 19.34011], [-98.9619, 19.33926], [-98.96176, 19.34022], [-98.96134, 19.34057], [-98.961, 19.33965], [-98.96079, 19.33838], [-98.96159, 19.33676], [-98.96231, 19.33596], [-98.9628, 19.33568], [-98.9686, 19.33512], [-98.96986, 19.33528], [-98.97097, 19.33563]]]}}, {"id": "1140743", "type": "Feature", "properties": {"id": "1140743", "CVEGEO": "1507000131052040", "POBTOT": 0.0, "score_nse": 0.0, "NSE": null, "VIVTOT": 0.0, "GRAPROES": 0.0, "_ent": "15", "_mun": "070", "_loc": "0013"}, "geometry": {"type": "Polygon", "coordinates": [[[-98.96292, 19.34192], [-98.96248, 19.34162], [-98.96258, 19.34144], [-98.96246, 19.3416], [-98.96185, 19.34113], [-98.96204, 19.34095], [-98.96329, 19.34141], [-98.96292, 19.34192]]]}}, {"id": "1140744", "type": "Feature", "properties": {"id": "1140744", "CVEGEO": "1507000131052041", "POBTOT": 0.0, "score_nse": 0.0, "NSE": null, "VIVTOT": 0.0, "GRAPROES": 0.0, "_ent": "15", "_mun": "070", "_loc": "0013"}, "geometry": {"type": "Polygon", "coordinates": [[[-98.96323, 19.34217], [-98.96296, 19.34196], [-98.96335, 19.3414], [-98.96377, 19.34157], [-98.96323, 19.34217]]]}}, {"id": "1140745", "type": "Feature", "properties": {"id": "1140745", "CVEGEO": "1507000131052042", "POBTOT": 0.0, "score_nse": 0.0, "NSE": null, "VIVTOT": 0.0, "GRAPROES": 0.0, "_ent": "15", "_mun": "070", "_loc": "0013"}, "geometry": {"type": "Polygon", "coordinates": [[[-98.9639, 19.34185], [-98.96336, 19.34229], [-98.96325, 19.34218], [-98.96378, 19.34162], [-98.9639, 19.34185]]]}}, {"id": "1140746", "type": "Feature", "properties": {"id": "1140746", "CVEGEO": "1507000131067024", "POBTOT": 0.0, "score_nse": 0.0, "NSE": "ND", "VIVTOT": 0.0, "GRAPROES": 0.0, "_ent": "15", "_mun": "070", "_loc": "0013"}, "geometry": {"type": "Polygon", "coordinates": [[[-98.9769, 19.34137], [-98.97691, 19.34169], [-98.97648, 19.34163], [-98.97635, 19.342], [-98.97603, 19.34192], [-98.97625, 19.34128], [-98.9769, 19.34137]]]}}, {"id": "1140747", "type": "Feature", "properties": {"id": "1140747", "CVEGEO": "1507000131067038", "POBTOT": 82.0, "score_nse": 59.2087, "NSE": "C", "VIVTOT": 24.0, "GRAPROES": 10.11, "_ent": "15", "_mun": "070", "_loc": "0013"}, "geometry": {"type": "Polygon", "coordinates": [[[-98.97701, 19.34162], [-98.9771, 19.34211], [-98.97647, 19.342], [-98.97655, 19.34173], [-98.97697, 19.34177], [-98.97701, 19.34162]]]}}]}