{"type": "FeatureCollection", "features": [{"id": "818940", "type": "Feature", "properties": {"id": "818940", "CVEGEO": "1300200160197017", "POBTOT": 34.0, "score_nse": 0.0, "NSE": "ND", "VIVTOT": 11.0, "GRAPROES": 8.64, "_ent": "13", "_mun": "002", "_loc": "0016"}, "geometry": {"type": "Polygon", "coordinates": [[[-98.1719, 20.12693], [-98.1724, 20.12691], [-98.17278, 20.12665], [-98.17361, 20.12662], [-98.17389, 20.12613], [-98.17438, 20.12588], [-98.17457, 20.12513], [-98.17486, 20.12475], [-98.17627, 20.12451], [-98.1764, 20.1241], [-98.17625, 20.12371], [-98.17656, 20.12357], [-98.17685, 20.12301], [-98.17735, 20.12313], [-98.17751, 20.12368], [-98.17695, 20.12475], [-98.17713, 20.12538], [-98.17681, 20.12564], [-98.17651, 20.12542], [-98.17675, 20.12564], [-98.17597, 20.12618], [-98.17579, 20.12544], [-98.17589, 20.12612], [-98.17507, 20.12701], [-98.17372, 20.12726], [-98.1719, 20.12693]]]}}, {"id": "818943", "type": "Feature", "properties": {"id": "818943", "CVEGEO": "1300200160182035", "POBTOT": 7.0, "score_nse": 0.0, "NSE": "ND", "VIVTOT": 1.0, "GRAPROES": 0.0, "_ent": "13", "_mun": "002", "_loc": "0016"}, "geometry": {"type": "Polygon", "coordinates": [[[-98.18191, 20.12139], [-98.18205, 20.12063], [-98.18271, 20.1211], [-98.18252, 20.12163], [-98.18211, 20.12197], [-98.18191, 20.12139]]]}}, {"id": "818944", "type": "Feature", "properties": {"id": "818944", "CVEGEO": "1300200160271003", "POBTOT": 39.0, "score_nse": 16.54, "NSE": "E", "VIVTOT": 7.0, "GRAPROES": 4.57, "_ent": "13", "_mun": "002", "_loc": "0016"}, "geometry": {"type": "Polygon", "coordinates": [[[-98.18772, 20.11059], [-98.18744, 20.11182], [-98.18803, 20.11202], [-98.18804, 20.11259], [-98.18779, 20.11309], [-98.18716, 20.11286], [-98.18718, 20.11249], [-98.18674, 20.11156], [-98.18675, 20.11098], [-98.1865, 20.11021], [-98.18772, 20.11059]]]}}, {"id": "818945", "type": "Feature", "properties": {"id": "818945", "CVEGEO": "1300200160271002", "POBTOT": 21.0, "score_nse": 0.0, "NSE": "ND", "VIVTOT": 7.0, "GRAPROES": 4.83, "_ent": "13", "_mun": "002", "_loc": "0016"}, "geometry": {"type": "Polygon", "coordinates": [[[-98.1873, 20.11007], [-98.18715, 20.11035], [-98.18661, 20.11017], [-98.1871, 20.10978], [-98.18744, 20.10924], [-98.18909, 20.10966], [-98.18909, 20.1102], [-98.18868, 20.11083], [-98.18721, 20.11036], [-98.1873, 20.11007]]]}}, {"id": "818946", "type": "Feature", "properties": {"id": "818946", "CVEGEO": "1300200160182017", "POBTOT": 21.0, "score_nse": 0.0, "NSE": "ND", "VIVTOT": 5.0, "GRAPROES": 5.93, "_ent": "13", "_mun": "002", "_loc": "0016"}, "geometry": {"type": "Polygon", "coordinates": [[[-98.17853, 20.1251], [-98.17809, 20.12577], [-98.17744, 20.12548], [-98.17963, 20.1212], [-98.18089, 20.12303], [-98.18122, 20.12424], [-98.17925, 20.12586], [-98.17838, 20.12542], [-98.17853, 20.1251]]]}}, {"id": "818947", "type": "Feature", "properties": {"id": "818947", "CVEGEO": "1300200160182015", "POBTOT": 15.0, "score_nse": 0.0, "NSE": "ND", "VIVTOT": 4.0, "GRAPROES": 9.75, "_ent": "13", "_mun": "002", "_loc": "0016"}, "geometry": {"type": "Polygon", "coordinates": [[[-98.17525, 20.13551], [-98.17415, 20.13565], [-98.17439, 20.13498], [-98.17512, 20.13407], [-98.17492, 20.1336], [-98.17516, 20.13341], [-98.17567, 20.13343], [-98.17672, 20.13408], [-98.17738, 20.13397], [-98.17682, 20.13512], [-98.17608, 20.13577], [-98.17569, 20.13588], [-98.17525, 20.13551]]]}}, {"id": "818948", "type": "Feature", "properties": {"id": "818948", "CVEGEO": "1300200160182014", "POBTOT": 17.0, "score_nse": 15.84, "NSE": "E", "VIVTOT": 6.0, "GRAPROES": 5.1, "_ent": "13", "_mun": "002", "_loc": "0016"}, "geometry": {"type": "Polygon", "coordinates": [[[-98.17851, 20.13544], [-98.17888, 20.13463], [-98.17961, 20.1326], [-98.17986, 20.13321], [-98.17989, 20.13482], [-98.18003, 20.13532], [-98.17876, 20.13568], [-98.17851, 20.13544]]]}}, {"id": "818949", "type": "Feature", "properties": {"id": "818949", "CVEGEO": "1300200160106043", "POBTOT": 59.0, "score_nse": 0.0, "NSE": "ND", "VIVTOT": 14.0, "GRAPROES": 6.61, "_ent": "13", "_mun": "002", "_loc": "0016"}, "geometry": {"type": "Polygon", "coordinates": [[[-98.17076, 20.13498], [-98.16909, 20.13382], [-98.16978, 20.13296], [-98.17046, 20.1334], [-98.17124, 20.1335], [-98.17076, 20.13498]]]}}, {"id": "818950", "type": "Feature", "properties": {"id": "818950", "CVEGEO": "1300200160106042", "POBTOT": 22.0, "score_nse": 0.0, "NSE": "ND", "VIVTOT": 5.0, "GRAPROES": 6.67, "_ent": "13", "_mun": "002", "_loc": "0016"}, "geometry": {"type": "Polygon", "coordinates": [[[-98.16705, 20.13605], [-98.16607, 20.13709], [-98.16428, 20.13598], [-98.16521, 20.13482], [-98.16705, 20.13605]]]}}, {"id": "818951", "type": "Feature", "properties": {"id": "818951", "CVEGEO": "1300200160106041", "POBTOT": 3.0, "score_nse": 0.0, "NSE": "ND", "VIVTOT": 2.0, "GRAPROES": 0.0, "_ent": "13", "_mun": "002", "_loc": "0016"}, "geometry": {"type": "Polygon", "coordinates": [[[-98.16686, 20.1247], [-98.1645, 20.12267], [-98.16438, 20.12223], [-98.16481, 20.12277], [-98.16529, 20.123], [-98.16692, 20.12324], [-98.16686, 20.1247]]]}}, {"id": "818952", "type": "Feature", "properties": {"id": "818952", "CVEGEO": "1300200160106040", "POBTOT": 17.0, "score_nse": 0.0, "NSE": "ND", "VIVTOT": 9.0, "GRAPROES": 8.55, "_ent": "13", "_mun": "002", "_loc": "0016"}, "geometry": {"type": "Polygon", "coordinates": [[[-98.15576, 20.13806], [-98.15321, 20.14072], [-98.15176, 20.14037], [-98.15461, 20.13718], [-98.15576, 20.13806]]]}}, {"id": "818953", "type": "Feature", "properties": {"id": "818953", "CVEGEO": "1300200160106039", "POBTOT": 0.0, "score_nse": 0.0, "NSE": "ND", "VIVTOT": 0.0, "GRAPROES": 0.0, "_ent": "13", "_mun": "002", "_loc": "0016"}, "geometry": {"type": "Polygon", "coordinates": [[[-98.16461, 20.12141], [-98.16453, 20.12118], [-98.16525, 20.11976], [-98.16541, 20.119], [-98.16607, 20.11848], [-98.16658, 20.11765], [-98.16697, 20.11745], [-98.16728, 20.11676], [-98.16792, 20.11594], [-98.16857, 20.11402], [-98.16925, 20.11363], [-98.16947, 20.11303], [-98.17009, 20.11268], [-98.16793, 20.11955], [-98.16698, 20.12205], [-98.16705, 20.12287], [-98.16689, 20.12319], [-98.16493, 20.12279], [-98.16426, 20.12198], [-98.16461, 20.12141]]]}}, {"id": "819009", "type": "Feature", "properties": {"id": "819009", "CVEGEO": "1300200160159014", "POBTOT": 43.0, "score_nse": 0.0, "NSE": "ND", "VIVTOT": 10.0, "GRAPROES": 5.19, "_ent": "13", "_mun": "002", "_loc": "0016"}, "geometry": {"type": "Polygon", "coordinates": [[[-98.18237, 20.10477], [-98.18225, 20.10331], [-98.18269, 20.10296], [-98.18305, 20.10425], [-98.18273, 20.10289], [-98.18337, 20.10247], [-98.18373, 20.10243], [-98.18354, 20.10422], [-98.18379, 20.10245], [-98.18451, 20.1022], [-98.18427, 20.1028], [-98.1845, 20.10379], [-98.18427, 20.10447], [-98.18424, 20.10584], [-98.18448, 20.10712], [-98.18425, 20.10774], [-98.18379, 20.10727], [-98.18333, 20.10627], [-98.18277, 20.10558], [-98.18237, 20.10477]]]}}, {"id": "819010", "type": "Feature", "properties": {"id": "819010", "CVEGEO": "1300200160197045", "POBTOT": 13.0, "score_nse": 0.0, "NSE": "ND", "VIVTOT": 3.0, "GRAPROES": 4.88, "_ent": "13", "_mun": "002", "_loc": "0016"}, "geometry": {"type": "Polygon", "coordinates": [[[-98.17146, 20.11318], [-98.17033, 20.11197], [-98.17062, 20.11158], [-98.17177, 20.11093], [-98.17278, 20.1109], [-98.17293, 20.11045], [-98.17342, 20.11057], [-98.17372, 20.11044], [-98.17408, 20.11067], [-98.17431, 20.11145], [-98.17483, 20.11222], [-98.17466, 20.11279], [-98.17365, 20.11267], [-98.17247, 20.11279], [-98.17198, 20.11286], [-98.17146, 20.11318]]]}}, {"id": "819011", "type": "Feature", "properties": {"id": "819011", "CVEGEO": "1300200160159019", "POBTOT": 18.0, "score_nse": 0.0, "NSE": "ND", "VIVTOT": 5.0, "GRAPROES": 6.55, "_ent": "13", "_mun": "002", "_loc": "0016"}, "geometry": {"type": "Polygon", "coordinates": [[[-98.18458, 20.11075], [-98.18451, 20.11124], [-98.18398, 20.11158], [-98.1837, 20.11202], [-98.18302, 20.11149], [-98.18437, 20.1104], [-98.18458, 20.11075]]]}}, {"id": "819012", "type": "Feature", "properties": {"id": "819012", "CVEGEO": "1300200160197027", "POBTOT": 0.0, "score_nse": 0.0, "NSE": "ND", "VIVTOT": 0.0, "GRAPROES": 0.0, "_ent": "13", "_mun": "002", "_loc": "0016"}, "geometry": {"type": "Polygon", "coordinates": [[[-98.17779, 20.11851], [-98.17748, 20.11928], [-98.17754, 20.11963], [-98.17655, 20.11934], [-98.17676, 20.11868], [-98.17703, 20.11876], [-98.17727, 20.11786], [-98.17779, 20.11851]]]}}, {"id": "819014", "type": "Feature", "properties": {"id": "819014", "CVEGEO": "1300200160182022", "POBTOT": 18.0, "score_nse": 0.0, "NSE": "ND", "VIVTOT": 5.0, "GRAPROES": 3.1, "_ent": "13", "_mun": "002", "_loc": "0016"}, "geometry": {"type": "Polygon", "coordinates": [[[-98.18456, 20.12438], [-98.18575, 20.12382], [-98.18579, 20.12385], [-98.1848, 20.12506], [-98.18456, 20.12438]]]}}, {"id": "819015", "type": "Feature", "properties": {"id": "819015", "CVEGEO": "1300200160106036", "POBTOT": 12.0, "score_nse": 0.0, "NSE": "ND", "VIVTOT": 2.0, "GRAPROES": 0.0, "_ent": "13", "_mun": "002", "_loc": "0016"}, "geometry": {"type": "Polygon", "coordinates": [[[-98.16756, 20.12725], [-98.167, 20.12794], [-98.16663, 20.12889], [-98.16644, 20.1281], [-98.16735, 20.12719], [-98.16756, 20.12725]]]}}, {"id": "819016", "type": "Feature", "properties": {"id": "819016", "CVEGEO": "1300200160106031", "POBTOT": 0.0, "score_nse": 0.0, "NSE": "ND", "VIVTOT": 0.0, "GRAPROES": 0.0, "_ent": "13", "_mun": "002", "_loc": "0016"}, "geometry": {"type": "Polygon", "coordinates": [[[-98.16814, 20.13814], [-98.16726, 20.13872], [-98.16693, 20.13819], [-98.16753, 20.13756], [-98.16814, 20.13814]]]}}, {"id": "819017", "type": "Feature", "properties": {"id": "819017", "CVEGEO": "1300200160106016", "POBTOT": 14.0, "score_nse": 0.0, "NSE": "ND", "VIVTOT": 2.0, "GRAPROES": 0.0, "_ent": "13", "_mun": "002", "_loc": "0016"}, "geometry": {"type": "Polygon", "coordinates": [[[-98.1632, 20.12659], [-98.16166, 20.12757], [-98.15984, 20.12649], [-98.16242, 20.12517], [-98.1634, 20.12582], [-98.1632, 20.12659]]]}}, {"id": "819065", "type": "Feature", "properties": {"id": "819065", "CVEGEO": "1300200160197013", "POBTOT": 11.0, "score_nse": 0.0, "NSE": "ND", "VIVTOT": 4.0, "GRAPROES": 2.29, "_ent": "13", "_mun": "002", "_loc": "0016"}, "geometry": {"type": "Polygon", "coordinates": [[[-98.17337, 20.11277], [-98.17461, 20.11289], [-98.17521, 20.11388], [-98.17521, 20.11433], [-98.17502, 20.11453], [-98.17302, 20.11504], [-98.17228, 20.11388], [-98.1715, 20.11325], [-98.17202, 20.11294], [-98.17337, 20.11277]]]}}, {"id": "819067", "type": "Feature", "properties": {"id": "819067", "CVEGEO": "1300200160106011", "POBTOT": 24.0, "score_nse": 0.0, "NSE": "ND", "VIVTOT": 7.0, "GRAPROES": 4.56, "_ent": "13", "_mun": "002", "_loc": "0016"}, "geometry": {"type": "Polygon", "coordinates": [[[-98.16647, 20.13408], [-98.16581, 20.13374], [-98.16729, 20.13179], [-98.16801, 20.1325], [-98.16647, 20.13408]]]}}, {"id": "819068", "type": "Feature", "properties": {"id": "819068", "CVEGEO": "1300200160106005", "POBTOT": 13.0, "score_nse": 0.0, "NSE": "ND", "VIVTOT": 5.0, "GRAPROES": 0.0, "_ent": "13", "_mun": "002", "_loc": "0016"}, "geometry": {"type": "Polygon", "coordinates": [[[-98.16354, 20.12975], [-98.16458, 20.13111], [-98.16309, 20.13192], [-98.16196, 20.13039], [-98.16354, 20.12975]]]}}, {"id": "819069", "type": "Feature", "properties": {"id": "819069", "CVEGEO": "1300200160197012", "POBTOT": 6.0, "score_nse": 0.0, "NSE": "ND", "VIVTOT": 3.0, "GRAPROES": 0.0, "_ent": "13", "_mun": "002", "_loc": "0016"}, "geometry": {"type": "Polygon", "coordinates": [[[-98.17305, 20.11511], [-98.17419, 20.11482], [-98.17416, 20.11576], [-98.17354, 20.11557], [-98.17305, 20.11511]]]}}, {"id": "819070", "type": "Feature", "properties": {"id": "819070", "CVEGEO": "1300200160197006", "POBTOT": 27.0, "score_nse": 0.0, "NSE": "ND", "VIVTOT": 8.0, "GRAPROES": 4.44, "_ent": "13", "_mun": "002", "_loc": "0016"}, "geometry": {"type": "Polygon", "coordinates": [[[-98.17846, 20.11772], [-98.17858, 20.11654], [-98.17882, 20.11665], [-98.17934, 20.11627], [-98.18075, 20.11582], [-98.18085, 20.11635], [-98.18071, 20.11749], [-98.17981, 20.11877], [-98.17925, 20.11929], [-98.17862, 20.11929], [-98.17825, 20.11973], [-98.17799, 20.11938], [-98.17801, 20.11874], [-98.17786, 20.1184], [-98.17846, 20.11772]]]}}, {"id": "819071", "type": "Feature", "properties": {"id": "819071", "CVEGEO": "1300200160197009", "POBTOT": 39.0, "score_nse": 0.0, "NSE": "ND", "VIVTOT": 14.0, "GRAPROES": 4.29, "_ent": "13", "_mun": "002", "_loc": "0016"}, "geometry": {"type": "Polygon", "coordinates": [[[-98.17699, 20.12255], [-98.17646, 20.12264], [-98.17594, 20.12312], [-98.17495, 20.12344], [-98.17446, 20.12339], [-98.17399, 20.12301], [-98.17299, 20.12298], [-98.17395, 20.12281], [-98.17481, 20.12307], [-98.17567, 20.12187], [-98.17617, 20.12152], [-98.17663, 20.12184], [-98.17699, 20.12255]]]}}, {"id": "819073", "type": "Feature", "properties": {"id": "819073", "CVEGEO": "1300200160106046", "POBTOT": 14.0, "score_nse": 0.0, "NSE": "ND", "VIVTOT": 3.0, "GRAPROES": 4.14, "_ent": "13", "_mun": "002", "_loc": "0016"}, "geometry": {"type": "Polygon", "coordinates": [[[-98.1569, 20.13307], [-98.15753, 20.13306], [-98.15797, 20.13397], [-98.15709, 20.1344], [-98.15715, 20.13462], [-98.15617, 20.13479], [-98.15581, 20.13367], [-98.15597, 20.13337], [-98.1569, 20.13307]]]}}, {"id": "819074", "type": "Feature", "properties": {"id": "819074", "CVEGEO": "1300200160106044", "POBTOT": 26.0, "score_nse": 0.0, "NSE": "ND", "VIVTOT": 8.0, "GRAPROES": 6.18, "_ent": "13", "_mun": "002", "_loc": "0016"}, "geometry": {"type": "Polygon", "coordinates": [[[-98.15787, 20.13584], [-98.15771, 20.13551], [-98.15636, 20.13573], [-98.15603, 20.13518], [-98.15625, 20.13506], [-98.15621, 20.13486], [-98.15724, 20.13465], [-98.15718, 20.13445], [-98.15801, 20.13408], [-98.15866, 20.13532], [-98.15787, 20.13584]]]}}, {"id": "819107", "type": "Feature", "properties": {"id": "819107", "CVEGEO": "1300200160197016", "POBTOT": 110.0, "score_nse": 0.0, "NSE": "ND", "VIVTOT": 28.0, "GRAPROES": 5.68, "_ent": "13", "_mun": "002", "_loc": "0016"}, "geometry": {"type": "Polygon", "coordinates": [[[-98.18013, 20.12134], [-98.17966, 20.12113], [-98.17984, 20.12077], [-98.1803, 20.12103], [-98.18045, 20.12106], [-98.17987, 20.12074], [-98.18126, 20.11824], [-98.18171, 20.11693], [-98.18179, 20.118], [-98.1821, 20.11842], [-98.18217, 20.11967], [-98.18202, 20.12045], [-98.18147, 20.12137], [-98.18013, 20.12134]]]}}, {"id": "819111", "type": "Feature", "properties": {"id": "819111", "CVEGEO": "1300200160106088", "POBTOT": 24.0, "score_nse": 0.0, "NSE": "ND", "VIVTOT": 6.0, "GRAPROES": 6.67, "_ent": "13", "_mun": "002", "_loc": "0016"}, "geometry": {"type": "Polygon", "coordinates": [[[-98.16652, 20.13411], [-98.16803, 20.13252], [-98.16846, 20.13283], [-98.16702, 20.1344], [-98.16652, 20.13411]]]}}, {"id": "819112", "type": "Feature", "properties": {"id": "819112", "CVEGEO": "1300200160271010", "POBTOT": 0.0, "score_nse": 0.0, "NSE": "ND", "VIVTOT": 0.0, "GRAPROES": 0.0, "_ent": "13", "_mun": "002", "_loc": "0016"}, "geometry": {"type": "Polygon", "coordinates": [[[-98.18737, 20.11648], [-98.18786, 20.11667], [-98.18746, 20.11732], [-98.1872, 20.11732], [-98.18737, 20.11648]]]}}, {"id": "819113", "type": "Feature", "properties": {"id": "819113", "CVEGEO": "1300200160271008", "POBTOT": 24.0, "score_nse": 0.0, "NSE": "ND", "VIVTOT": 9.0, "GRAPROES": 6.12, "_ent": "13", "_mun": "002", "_loc": "0016"}, "geometry": {"type": "Polygon", "coordinates": [[[-98.18722, 20.11296], [-98.18776, 20.11317], [-98.18736, 20.11442], [-98.18742, 20.11597], [-98.1873, 20.11637], [-98.18614, 20.11614], [-98.18604, 20.11587], [-98.18623, 20.115], [-98.18718, 20.11346], [-98.18708, 20.11316], [-98.18722, 20.11296]]]}}, {"id": "819114", "type": "Feature", "properties": {"id": "819114", "CVEGEO": "1300200160197038", "POBTOT": 22.0, "score_nse": 0.0, "NSE": "ND", "VIVTOT": 5.0, "GRAPROES": 6.0, "_ent": "13", "_mun": "002", "_loc": "0016"}, "geometry": {"type": "Polygon", "coordinates": [[[-98.18211, 20.12056], [-98.18223, 20.12007], [-98.18267, 20.11993], [-98.18331, 20.11915], [-98.18452, 20.11921], [-98.18474, 20.11903], [-98.18516, 20.11852], [-98.18529, 20.11752], [-98.18594, 20.11669], [-98.18619, 20.11745], [-98.18645, 20.11765], [-98.18655, 20.11828], [-98.18637, 20.11848], [-98.18553, 20.11872], [-98.18531, 20.1201], [-98.18493, 20.12034], [-98.18342, 20.12057], [-98.18356, 20.12017], [-98.18346, 20.1201], [-98.18336, 20.12056], [-98.18305, 20.12042], [-98.18265, 20.12098], [-98.18211, 20.12056]]]}}, {"id": "819116", "type": "Feature", "properties": {"id": "819116", "CVEGEO": "1300200160106064", "POBTOT": 0.0, "score_nse": 0.0, "NSE": "ND", "VIVTOT": 0.0, "GRAPROES": 0.0, "_ent": "13", "_mun": "002", "_loc": "0016"}, "geometry": {"type": "Polygon", "coordinates": [[[-98.16642, 20.12804], [-98.16574, 20.12708], [-98.16728, 20.12718], [-98.16642, 20.12804]]]}}, {"id": "819117", "type": "Feature", "properties": {"id": "819117", "CVEGEO": "1300200160106061", "POBTOT": 46.0, "score_nse": 0.0, "NSE": "ND", "VIVTOT": 11.0, "GRAPROES": 6.28, "_ent": "13", "_mun": "002", "_loc": "0016"}, "geometry": {"type": "Polygon", "coordinates": [[[-98.16943, 20.13554], [-98.16915, 20.13554], [-98.16842, 20.1347], [-98.16906, 20.13387], [-98.16981, 20.13457], [-98.17077, 20.13504], [-98.17025, 20.13581], [-98.16989, 20.13587], [-98.16943, 20.13554]]]}}, {"id": "819118", "type": "Feature", "properties": {"id": "819118", "CVEGEO": "1300200160106047", "POBTOT": 19.0, "score_nse": 0.0, "NSE": "ND", "VIVTOT": 3.0, "GRAPROES": 7.77, "_ent": "13", "_mun": "002", "_loc": "0016"}, "geometry": {"type": "Polygon", "coordinates": [[[-98.1558, 20.13339], [-98.15574, 20.13367], [-98.15615, 20.13496], [-98.15591, 20.13525], [-98.15629, 20.13576], [-98.15427, 20.13692], [-98.15357, 20.13615], [-98.15384, 20.1353], [-98.15402, 20.13492], [-98.1558, 20.13339]]]}}, {"id": "819120", "type": "Feature", "properties": {"id": "819120", "CVEGEO": "1300200160106010", "POBTOT": 5.0, "score_nse": 0.0, "NSE": "ND", "VIVTOT": 3.0, "GRAPROES": 0.0, "_ent": "13", "_mun": "002", "_loc": "0016"}, "geometry": {"type": "Polygon", "coordinates": [[[-98.16965, 20.12866], [-98.16901, 20.1294], [-98.16852, 20.12926], [-98.16934, 20.12829], [-98.16965, 20.12866]]]}}, {"id": "819121", "type": "Feature", "properties": {"id": "819121", "CVEGEO": "1300200160106009", "POBTOT": 6.0, "score_nse": 0.0, "NSE": "ND", "VIVTOT": 1.0, "GRAPROES": 0.0, "_ent": "13", "_mun": "002", "_loc": "0016"}, "geometry": {"type": "Polygon", "coordinates": [[[-98.16956, 20.12777], [-98.16929, 20.12824], [-98.1677, 20.13027], [-98.16754, 20.1295], [-98.16763, 20.12922], [-98.16747, 20.12897], [-98.16757, 20.12882], [-98.16783, 20.12859], [-98.16817, 20.12874], [-98.16877, 20.12796], [-98.16956, 20.12777]]]}}, {"id": "819122", "type": "Feature", "properties": {"id": "819122", "CVEGEO": "1300200160106007", "POBTOT": 7.0, "score_nse": 0.0, "NSE": "ND", "VIVTOT": 1.0, "GRAPROES": 0.0, "_ent": "13", "_mun": "002", "_loc": "0016"}, "geometry": {"type": "Polygon", "coordinates": [[[-98.17001, 20.12678], [-98.16955, 20.12771], [-98.16875, 20.1279], [-98.16814, 20.12869], [-98.16776, 20.12855], [-98.16744, 20.12893], [-98.16783, 20.12806], [-98.16855, 20.12717], [-98.17001, 20.12678]]]}}, {"id": "819134", "type": "Feature", "properties": {"id": "819134", "CVEGEO": "1300200160106066", "POBTOT": 3.0, "score_nse": 0.0, "NSE": "ND", "VIVTOT": 1.0, "GRAPROES": 0.0, "_ent": "13", "_mun": "002", "_loc": "0016"}, "geometry": {"type": "Polygon", "coordinates": [[[-98.17091, 20.1308], [-98.16932, 20.13228], [-98.16879, 20.13173], [-98.17034, 20.13027], [-98.17091, 20.1308]]]}}, {"id": "819162", "type": "Feature", "properties": {"id": "819162", "CVEGEO": "1300200160197011", "POBTOT": 17.0, "score_nse": 13.1, "NSE": "E", "VIVTOT": 6.0, "GRAPROES": 3.73, "_ent": "13", "_mun": "002", "_loc": "0016"}, "geometry": {"type": "Polygon", "coordinates": [[[-98.17016, 20.1125], [-98.17026, 20.11206], [-98.17136, 20.11328], [-98.17217, 20.11389], [-98.17291, 20.11505], [-98.1721, 20.11526], [-98.17101, 20.11607], [-98.17048, 20.11528], [-98.17062, 20.11386], [-98.17016, 20.1125]]]}}, {"id": "819164", "type": "Feature", "properties": {"id": "819164", "CVEGEO": "1300200160197019", "POBTOT": 11.0, "score_nse": 0.0, "NSE": "ND", "VIVTOT": 5.0, "GRAPROES": 4.5, "_ent": "13", "_mun": "002", "_loc": "0016"}, "geometry": {"type": "Polygon", "coordinates": [[[-98.16818, 20.12599], [-98.16694, 20.12477], [-98.16697, 20.12323], [-98.16872, 20.1227], [-98.16916, 20.12367], [-98.16982, 20.1242], [-98.16818, 20.12599]]]}}, {"id": "819165", "type": "Feature", "properties": {"id": "819165", "CVEGEO": "1300200160182028", "POBTOT": 0.0, "score_nse": 0.0, "NSE": "ND", "VIVTOT": 0.0, "GRAPROES": 0.0, "_ent": "13", "_mun": "002", "_loc": "0016"}, "geometry": {"type": "Polygon", "coordinates": [[[-98.18146, 20.13299], [-98.17999, 20.13436], [-98.17988, 20.13298], [-98.18146, 20.13299]]]}}, {"id": "819166", "type": "Feature", "properties": {"id": "819166", "CVEGEO": "1300200160182027", "POBTOT": 12.0, "score_nse": 0.0, "NSE": "ND", "VIVTOT": 5.0, "GRAPROES": 8.22, "_ent": "13", "_mun": "002", "_loc": "0016"}, "geometry": {"type": "Polygon", "coordinates": [[[-98.16945, 20.13235], [-98.17137, 20.13054], [-98.17186, 20.13097], [-98.17075, 20.13202], [-98.17049, 20.13199], [-98.16979, 20.13286], [-98.16945, 20.13235]]]}}, {"id": "819167", "type": "Feature", "properties": {"id": "819167", "CVEGEO": "1300200160182024", "POBTOT": 8.0, "score_nse": 0.0, "NSE": "ND", "VIVTOT": 6.0, "GRAPROES": 0.0, "_ent": "13", "_mun": "002", "_loc": "0016"}, "geometry": {"type": "Polygon", "coordinates": [[[-98.1804, 20.13582], [-98.18109, 20.13519], [-98.18038, 20.13574], [-98.18007, 20.13521], [-98.18003, 20.13443], [-98.18015, 20.13427], [-98.18156, 20.13299], [-98.18269, 20.13308], [-98.1837, 20.13225], [-98.18394, 20.13245], [-98.18401, 20.13267], [-98.18369, 20.13292], [-98.18328, 20.1341], [-98.18321, 20.1353], [-98.18296, 20.13604], [-98.18264, 20.13581], [-98.18144, 20.13616], [-98.1809, 20.13665], [-98.18061, 20.13723], [-98.18042, 20.13709], [-98.18052, 20.1365], [-98.1804, 20.13582]]]}}, {"id": "819168", "type": "Feature", "properties": {"id": "819168", "CVEGEO": "1300200160182023", "POBTOT": 25.0, "score_nse": 0.0, "NSE": "ND", "VIVTOT": 13.0, "GRAPROES": 4.27, "_ent": "13", "_mun": "002", "_loc": "0016"}, "geometry": {"type": "Polygon", "coordinates": [[[-98.18261, 20.12387], [-98.18353, 20.12391], [-98.18406, 20.12436], [-98.18449, 20.12442], [-98.18473, 20.1251], [-98.1842, 20.12551], [-98.1836, 20.12633], [-98.18263, 20.12566], [-98.18284, 20.12524], [-98.18235, 20.12493], [-98.18261, 20.12387]]]}}, {"id": "819169", "type": "Feature", "properties": {"id": "819169", "CVEGEO": "1300200160106049", "POBTOT": 28.0, "score_nse": 0.0, "NSE": "ND", "VIVTOT": 6.0, "GRAPROES": 5.18, "_ent": "13", "_mun": "002", "_loc": "0016"}, "geometry": {"type": "Polygon", "coordinates": [[[-98.16738, 20.13087], [-98.16727, 20.13174], [-98.16612, 20.13317], [-98.16549, 20.1343], [-98.16462, 20.13393], [-98.16466, 20.13344], [-98.16553, 20.13199], [-98.16551, 20.13169], [-98.16608, 20.13161], [-98.16604, 20.13092], [-98.16677, 20.13043], [-98.1675, 20.12957], [-98.16764, 20.13025], [-98.16738, 20.13087]]]}}, {"id": "819171", "type": "Feature", "properties": {"id": "819171", "CVEGEO": "1300200160106048", "POBTOT": 5.0, "score_nse": 0.0, "NSE": "ND", "VIVTOT": 3.0, "GRAPROES": 0.0, "_ent": "13", "_mun": "002", "_loc": "0016"}, "geometry": {"type": "Polygon", "coordinates": [[[-98.16404, 20.13206], [-98.16392, 20.1316], [-98.16463, 20.13117], [-98.16546, 20.13027], [-98.16598, 20.12998], [-98.16589, 20.13026], [-98.16603, 20.12996], [-98.16663, 20.12957], [-98.16733, 20.12957], [-98.16673, 20.1304], [-98.16596, 20.13088], [-98.16597, 20.13157], [-98.16545, 20.13169], [-98.16545, 20.13198], [-98.1646, 20.13339], [-98.16455, 20.13391], [-98.16325, 20.13335], [-98.16404, 20.13206]]]}}, {"id": "819224", "type": "Feature", "properties": {"id": "819224", "CVEGEO": "1300200160271011", "POBTOT": 8.0, "score_nse": 0.0, "NSE": "ND", "VIVTOT": 1.0, "GRAPROES": 0.0, "_ent": "13", "_mun": "002", "_loc": "0016"}, "geometry": {"type": "Polygon", "coordinates": [[[-98.18614, 20.11623], [-98.18728, 20.11645], [-98.1871, 20.11734], [-98.18664, 20.11786], [-98.18659, 20.11759], [-98.18628, 20.11737], [-98.18601, 20.11651], [-98.18614, 20.11623]]]}}, {"id": "819225", "type": "Feature", "properties": {"id": "819225", "CVEGEO": "1300200160271009", "POBTOT": 0.0, "score_nse": 0.0, "NSE": "ND", "VIVTOT": 0.0, "GRAPROES": 0.0, "_ent": "13", "_mun": "002", "_loc": "0016"}, "geometry": {"type": "Polygon", "coordinates": [[[-98.18833, 20.10596], [-98.1886, 20.10515], [-98.18966, 20.10485], [-98.19027, 20.10392], [-98.19177, 20.10316], [-98.19133, 20.10449], [-98.19106, 20.10477], [-98.19059, 20.10491], [-98.19056, 20.1056], [-98.18889, 20.10562], [-98.18833, 20.10596]]]}}, {"id": "819226", "type": "Feature", "properties": {"id": "819226", "CVEGEO": "1300200160182029", "POBTOT": 0.0, "score_nse": 0.0, "NSE": "ND", "VIVTOT": 0.0, "GRAPROES": 0.0, "_ent": "13", "_mun": "002", "_loc": "0016"}, "geometry": {"type": "Polygon", "coordinates": [[[-98.178, 20.12624], [-98.17834, 20.12554], [-98.17903, 20.12583], [-98.17867, 20.12649], [-98.178, 20.12624]]]}}, {"id": "819227", "type": "Feature", "properties": {"id": "819227", "CVEGEO": "1300200160182004", "POBTOT": 0.0, "score_nse": 10.0, "NSE": "E", "VIVTOT": 2.0, "GRAPROES": 0.0, "_ent": "13", "_mun": "002", "_loc": "0016"}, "geometry": {"type": "Polygon", "coordinates": [[[-98.18014, 20.12863], [-98.18062, 20.12777], [-98.18139, 20.12884], [-98.18129, 20.12941], [-98.17965, 20.13237], [-98.17936, 20.13122], [-98.17952, 20.13002], [-98.17984, 20.12965], [-98.18014, 20.12863]]]}}, {"id": "819228", "type": "Feature", "properties": {"id": "819228", "CVEGEO": "1300200160106051", "POBTOT": 8.0, "score_nse": 0.0, "NSE": "ND", "VIVTOT": 3.0, "GRAPROES": 0.0, "_ent": "13", "_mun": "002", "_loc": "0016"}, "geometry": {"type": "Polygon", "coordinates": [[[-98.16363, 20.13947], [-98.16461, 20.13859], [-98.16516, 20.13942], [-98.16387, 20.13975], [-98.16363, 20.13947]]]}}, {"id": "819229", "type": "Feature", "properties": {"id": "819229", "CVEGEO": "1300200160106038", "POBTOT": 9.0, "score_nse": 0.0, "NSE": "ND", "VIVTOT": 3.0, "GRAPROES": 0.0, "_ent": "13", "_mun": "002", "_loc": "0016"}, "geometry": {"type": "Polygon", "coordinates": [[[-98.15992, 20.1267], [-98.1609, 20.12727], [-98.16309, 20.12849], [-98.16041, 20.12974], [-98.15984, 20.12983], [-98.15992, 20.1267]]]}}, {"id": "819231", "type": "Feature", "properties": {"id": "819231", "CVEGEO": "1300200160106037", "POBTOT": 71.0, "score_nse": 0.0, "NSE": "ND", "VIVTOT": 13.0, "GRAPROES": 6.05, "_ent": "13", "_mun": "002", "_loc": "0016"}, "geometry": {"type": "Polygon", "coordinates": [[[-98.1558, 20.13803], [-98.15431, 20.13697], [-98.15634, 20.1358], [-98.15764, 20.13561], [-98.15794, 20.13617], [-98.1558, 20.13803]]]}}, {"id": "819232", "type": "Feature", "properties": {"id": "819232", "CVEGEO": "1300200160106033", "POBTOT": 0.0, "score_nse": 10.0, "NSE": "E", "VIVTOT": 1.0, "GRAPROES": 0.0, "_ent": "13", "_mun": "002", "_loc": "0016"}, "geometry": {"type": "Polygon", "coordinates": [[[-98.16735, 20.12952], [-98.16642, 20.12959], [-98.16709, 20.12789], [-98.16769, 20.12732], [-98.16846, 20.12718], [-98.16752, 20.12854], [-98.16735, 20.12952]]]}}, {"id": "819267", "type": "Feature", "properties": {"id": "819267", "CVEGEO": "1300200160197033", "POBTOT": 46.0, "score_nse": 0.0, "NSE": "ND", "VIVTOT": 10.0, "GRAPROES": 4.79, "_ent": "13", "_mun": "002", "_loc": "0016"}, "geometry": {"type": "Polygon", "coordinates": [[[-98.17126, 20.11648], [-98.17103, 20.11672], [-98.17088, 20.11657], [-98.17059, 20.11572], [-98.17099, 20.11614], [-98.17208, 20.11533], [-98.17297, 20.11512], [-98.17345, 20.11559], [-98.17414, 20.11592], [-98.17382, 20.11646], [-98.17312, 20.11669], [-98.17262, 20.1175], [-98.17248, 20.11808], [-98.17145, 20.11855], [-98.17113, 20.11805], [-98.1709, 20.11721], [-98.17126, 20.11648]]]}}, {"id": "819268", "type": "Feature", "properties": {"id": "819268", "CVEGEO": "1300200160197026", "POBTOT": 0.0, "score_nse": 10.0, "NSE": "E", "VIVTOT": 1.0, "GRAPROES": 0.0, "_ent": "13", "_mun": "002", "_loc": "0016"}, "geometry": {"type": "Polygon", "coordinates": [[[-98.17253, 20.11807], [-98.17264, 20.11776], [-98.1728, 20.11845], [-98.17246, 20.11954], [-98.17188, 20.11943], [-98.17147, 20.11861], [-98.17253, 20.11807]]]}}, {"id": "819269", "type": "Feature", "properties": {"id": "819269", "CVEGEO": "1300200160197022", "POBTOT": 94.0, "score_nse": 0.0, "NSE": "ND", "VIVTOT": 21.0, "GRAPROES": 4.7, "_ent": "13", "_mun": "002", "_loc": "0016"}, "geometry": {"type": "Polygon", "coordinates": [[[-98.18435, 20.11146], [-98.1847, 20.11097], [-98.18446, 20.11046], [-98.18463, 20.11], [-98.18496, 20.11033], [-98.18511, 20.11144], [-98.185, 20.11027], [-98.18466, 20.10988], [-98.18492, 20.10927], [-98.18499, 20.10858], [-98.18521, 20.10917], [-98.18596, 20.10958], [-98.18636, 20.11], [-98.18654, 20.11141], [-98.18701, 20.11238], [-98.18684, 20.11356], [-98.18607, 20.115], [-98.18486, 20.11452], [-98.18465, 20.11428], [-98.18433, 20.11321], [-98.18347, 20.11272], [-98.18401, 20.11165], [-98.18435, 20.11146]]]}}, {"id": "819270", "type": "Feature", "properties": {"id": "819270", "CVEGEO": "1300200160197014", "POBTOT": 104.0, "score_nse": 27.4033, "NSE": "D", "VIVTOT": 24.0, "GRAPROES": 6.45, "_ent": "13", "_mun": "002", "_loc": "0016"}, "geometry": {"type": "Polygon", "coordinates": [[[-98.1752, 20.11343], [-98.175, 20.1132], [-98.1755, 20.11236], [-98.17581, 20.11199], [-98.17606, 20.11199], [-98.17575, 20.11197], [-98.17496, 20.11316], [-98.17475, 20.11284], [-98.17496, 20.11224], [-98.17464, 20.11173], [-98.17572, 20.11125], [-98.17606, 20.11065], [-98.17555, 20.11016], [-98.17543, 20.10978], [-98.17843, 20.10836], [-98.17852, 20.10867], [-98.17904, 20.10872], [-98.17902, 20.10926], [-98.1788, 20.10918], [-98.1785, 20.10921], [-98.17789, 20.10956], [-98.17865, 20.10922], [-98.17903, 20.10933], [-98.17894, 20.10988], [-98.17846, 20.11045], [-98.17834, 20.11134], [-98.1772, 20.11107], [-98.17833, 20.1114], [-98.17826, 20.11249], [-98.1781, 20.11265], [-98.17667, 20.11204], [-98.17734, 20.11246], [-98.17626, 20.11392], [-98.17556, 20.11415], [-98.17591, 20.11323], [-98.1753, 20.11436], [-98.1752, 20.11343]]]}}, {"id": "819271", "type": "Feature", "properties": {"id": "819271", "CVEGEO": "1300200160197049", "POBTOT": 10.0, "score_nse": 0.0, "NSE": "ND", "VIVTOT": 3.0, "GRAPROES": 0.0, "_ent": "13", "_mun": "002", "_loc": "0016"}, "geometry": {"type": "Polygon", "coordinates": [[[-98.17538, 20.10977], [-98.1755, 20.11018], [-98.1759, 20.11051], [-98.17589, 20.11088], [-98.17569, 20.11121], [-98.17471, 20.11154], [-98.1746, 20.11172], [-98.17425, 20.1108], [-98.17377, 20.11042], [-98.17538, 20.10977]]]}}, {"id": "819272", "type": "Feature", "properties": {"id": "819272", "CVEGEO": "1300200160271007", "POBTOT": 7.0, "score_nse": 0.0, "NSE": "ND", "VIVTOT": 2.0, "GRAPROES": 0.0, "_ent": "13", "_mun": "002", "_loc": "0016"}, "geometry": {"type": "Polygon", "coordinates": [[[-98.18931, 20.11423], [-98.18884, 20.11558], [-98.18842, 20.11579], [-98.18789, 20.11661], [-98.18737, 20.11641], [-98.1875, 20.1161], [-98.18745, 20.11443], [-98.18765, 20.11368], [-98.18931, 20.11423]]]}}, {"id": "819273", "type": "Feature", "properties": {"id": "819273", "CVEGEO": "1300200160159018", "POBTOT": 8.0, "score_nse": 0.0, "NSE": "ND", "VIVTOT": 2.0, "GRAPROES": 0.0, "_ent": "13", "_mun": "002", "_loc": "0016"}, "geometry": {"type": "Polygon", "coordinates": [[[-98.18025, 20.11018], [-98.18096, 20.10983], [-98.18182, 20.11098], [-98.18131, 20.11155], [-98.18077, 20.11126], [-98.18015, 20.1106], [-98.18025, 20.11018]]]}}, {"id": "819274", "type": "Feature", "properties": {"id": "819274", "CVEGEO": "1300200160271015", "POBTOT": 9.0, "score_nse": 0.0, "NSE": "ND", "VIVTOT": 3.0, "GRAPROES": 5.14, "_ent": "13", "_mun": "002", "_loc": "0016"}, "geometry": {"type": "Polygon", "coordinates": [[[-98.18932, 20.11418], [-98.18853, 20.11388], [-98.1886, 20.11364], [-98.18841, 20.11395], [-98.18766, 20.11364], [-98.18813, 20.11264], [-98.18812, 20.1117], [-98.18836, 20.11153], [-98.1895, 20.11204], [-98.18937, 20.1127], [-98.18953, 20.11368], [-98.18932, 20.11418]]]}}, {"id": "819275", "type": "Feature", "properties": {"id": "819275", "CVEGEO": "1300200160182036", "POBTOT": 3.0, "score_nse": 0.0, "NSE": "ND", "VIVTOT": 1.0, "GRAPROES": 0.0, "_ent": "13", "_mun": "002", "_loc": "0016"}, "geometry": {"type": "Polygon", "coordinates": [[[-98.17638, 20.13185], [-98.17692, 20.13122], [-98.17749, 20.13188], [-98.17692, 20.13223], [-98.17638, 20.13185]]]}}, {"id": "819276", "type": "Feature", "properties": {"id": "819276", "CVEGEO": "1300200160182007", "POBTOT": 31.0, "score_nse": 25.512, "NSE": "D", "VIVTOT": 6.0, "GRAPROES": 7.04, "_ent": "13", "_mun": "002", "_loc": "0016"}, "geometry": {"type": "Polygon", "coordinates": [[[-98.17521, 20.13333], [-98.17635, 20.1319], [-98.17692, 20.13229], [-98.17883, 20.13129], [-98.17803, 20.13262], [-98.17772, 20.13287], [-98.17746, 20.13382], [-98.17672, 20.13401], [-98.17572, 20.13337], [-98.17521, 20.13333]]]}}, {"id": "819277", "type": "Feature", "properties": {"id": "819277", "CVEGEO": "1300200160197042", "POBTOT": 12.0, "score_nse": 0.0, "NSE": "ND", "VIVTOT": 3.0, "GRAPROES": 3.71, "_ent": "13", "_mun": "002", "_loc": "0016"}, "geometry": {"type": "Polygon", "coordinates": [[[-98.18319, 20.11323], [-98.18341, 20.11281], [-98.18426, 20.11327], [-98.18479, 20.11457], [-98.18453, 20.11491], [-98.1841, 20.11504], [-98.18353, 20.11464], [-98.18319, 20.11323]]]}}, {"id": "819278", "type": "Feature", "properties": {"id": "819278", "CVEGEO": "1300200160197024", "POBTOT": 24.0, "score_nse": 0.0, "NSE": "ND", "VIVTOT": 9.0, "GRAPROES": 7.0, "_ent": "13", "_mun": "002", "_loc": "0016"}, "geometry": {"type": "Polygon", "coordinates": [[[-98.18569, 20.12085], [-98.18625, 20.119], [-98.18658, 20.1193], [-98.18673, 20.1202], [-98.18793, 20.12116], [-98.188, 20.12159], [-98.18778, 20.12228], [-98.18666, 20.12328], [-98.1848, 20.12411], [-98.1853, 20.12288], [-98.18465, 20.12231], [-98.18569, 20.12085]]]}}, {"id": "819279", "type": "Feature", "properties": {"id": "819279", "CVEGEO": "1300200160197023", "POBTOT": 5.0, "score_nse": 0.0, "NSE": "ND", "VIVTOT": 1.0, "GRAPROES": 0.0, "_ent": "13", "_mun": "002", "_loc": "0016"}, "geometry": {"type": "Polygon", "coordinates": [[[-98.18569, 20.11867], [-98.18613, 20.11864], [-98.18652, 20.11839], [-98.18613, 20.11904], [-98.18578, 20.12036], [-98.1852, 20.12153], [-98.18494, 20.12139], [-98.18494, 20.12106], [-98.18506, 20.1204], [-98.18538, 20.12017], [-98.18549, 20.11985], [-98.18569, 20.11867]]]}}, {"id": "819280", "type": "Feature", "properties": {"id": "819280", "CVEGEO": "1300200160197003", "POBTOT": 13.0, "score_nse": 0.0, "NSE": "ND", "VIVTOT": 2.0, "GRAPROES": 0.0, "_ent": "13", "_mun": "002", "_loc": "0016"}, "geometry": {"type": "Polygon", "coordinates": [[[-98.17425, 20.11481], [-98.17513, 20.11459], [-98.17542, 20.11529], [-98.17492, 20.11632], [-98.17421, 20.11609], [-98.17425, 20.11481]]]}}, {"id": "819281", "type": "Feature", "properties": {"id": "819281", "CVEGEO": "1300200160182021", "POBTOT": 30.0, "score_nse": 0.0, "NSE": "ND", "VIVTOT": 7.0, "GRAPROES": 5.95, "_ent": "13", "_mun": "002", "_loc": "0016"}, "geometry": {"type": "Polygon", "coordinates": [[[-98.18351, 20.12386], [-98.18289, 20.12377], [-98.1837, 20.12285], [-98.18449, 20.1223], [-98.18522, 20.12287], [-98.18473, 20.12415], [-98.18445, 20.12437], [-98.18407, 20.1243], [-98.18351, 20.12386]]]}}, {"id": "819282", "type": "Feature", "properties": {"id": "819282", "CVEGEO": "1300200160182001", "POBTOT": 0.0, "score_nse": 10.0, "NSE": "E", "VIVTOT": 1.0, "GRAPROES": 0.0, "_ent": "13", "_mun": "002", "_loc": "0016"}, "geometry": {"type": "Polygon", "coordinates": [[[-98.17698, 20.13119], [-98.1778, 20.13031], [-98.1778, 20.13057], [-98.17825, 20.13087], [-98.17906, 20.13045], [-98.17893, 20.13118], [-98.1778, 20.13169], [-98.17747, 20.13173], [-98.17698, 20.13119]]]}}, {"id": "819283", "type": "Feature", "properties": {"id": "819283", "CVEGEO": "1300200160144005", "POBTOT": 19.0, "score_nse": 50.128, "NSE": "C-", "VIVTOT": 3.0, "GRAPROES": 5.33, "_ent": "13", "_mun": "002", "_loc": "0016"}, "geometry": {"type": "Polygon", "coordinates": [[[-98.15855, 20.12882], [-98.15617, 20.1304], [-98.15594, 20.13039], [-98.15649, 20.12982], [-98.15657, 20.12909], [-98.15863, 20.12801], [-98.1592, 20.1271], [-98.15987, 20.12656], [-98.15976, 20.12928], [-98.15903, 20.12881], [-98.15855, 20.12882]]]}}, {"id": "819284", "type": "Feature", "properties": {"id": "819284", "CVEGEO": "1300200160106055", "POBTOT": 12.0, "score_nse": 0.0, "NSE": "ND", "VIVTOT": 4.0, "GRAPROES": 5.0, "_ent": "13", "_mun": "002", "_loc": "0016"}, "geometry": {"type": "Polygon", "coordinates": [[[-98.17101, 20.12906], [-98.17266, 20.12853], [-98.17306, 20.12919], [-98.17184, 20.12999], [-98.1717, 20.12959], [-98.17126, 20.12969], [-98.17101, 20.12906]]]}}, {"id": "819285", "type": "Feature", "properties": {"id": "819285", "CVEGEO": "1300200160106053", "POBTOT": 0.0, "score_nse": 0.0, "NSE": "ND", "VIVTOT": 0.0, "GRAPROES": 0.0, "_ent": "13", "_mun": "002", "_loc": "0016"}, "geometry": {"type": "Polygon", "coordinates": [[[-98.15577, 20.13336], [-98.15393, 20.13492], [-98.15351, 20.13608], [-98.15448, 20.13723], [-98.15169, 20.14038], [-98.14768, 20.14005], [-98.14764, 20.13981], [-98.14782, 20.13973], [-98.15007, 20.13912], [-98.15136, 20.13847], [-98.15237, 20.13832], [-98.15324, 20.13789], [-98.1532, 20.13756], [-98.1526, 20.13729], [-98.15246, 20.13684], [-98.15278, 20.13657], [-98.15283, 20.13613], [-98.15264, 20.13585], [-98.15327, 20.13442], [-98.15365, 20.13404], [-98.15414, 20.13403], [-98.15435, 20.13373], [-98.15577, 20.13336]]]}}, {"id": "819286", "type": "Feature", "properties": {"id": "819286", "CVEGEO": "1300200160106027", "POBTOT": 14.0, "score_nse": 0.0, "NSE": "ND", "VIVTOT": 6.0, "GRAPROES": 5.09, "_ent": "13", "_mun": "002", "_loc": "0016"}, "geometry": {"type": "Polygon", "coordinates": [[[-98.16883, 20.13758], [-98.16809, 20.13701], [-98.16917, 20.13558], [-98.16984, 20.13593], [-98.17024, 20.13589], [-98.17045, 20.13567], [-98.17062, 20.13653], [-98.17038, 20.13685], [-98.16976, 20.13721], [-98.16929, 20.13721], [-98.16883, 20.13758]]]}}, {"id": "819287", "type": "Feature", "properties": {"id": "819287", "CVEGEO": "1300200160106021", "POBTOT": 15.0, "score_nse": 0.0, "NSE": "ND", "VIVTOT": 5.0, "GRAPROES": 6.33, "_ent": "13", "_mun": "002", "_loc": "0016"}, "geometry": {"type": "Polygon", "coordinates": [[[-98.16681, 20.13644], [-98.16713, 20.13612], [-98.1679, 20.13714], [-98.16757, 20.1374], [-98.16681, 20.13644]]]}}, {"id": "819326", "type": "Feature", "properties": {"id": "819326", "CVEGEO": "1300200160197025", "POBTOT": 56.0, "score_nse": 0.0, "NSE": "ND", "VIVTOT": 11.0, "GRAPROES": 6.45, "_ent": "13", "_mun": "002", "_loc": "0016"}, "geometry": {"type": "Polygon", "coordinates": [[[-98.17624, 20.12601], [-98.17717, 20.12546], [-98.17732, 20.12553], [-98.17622, 20.12747], [-98.17519, 20.12699], [-98.17624, 20.12601]]]}}, {"id": "819334", "type": "Feature", "properties": {"id": "819334", "CVEGEO": "1300200160106075", "POBTOT": 0.0, "score_nse": 0.0, "NSE": "ND", "VIVTOT": 0.0, "GRAPROES": 0.0, "_ent": "13", "_mun": "002", "_loc": "0016"}, "geometry": {"type": "Polygon", "coordinates": [[[-98.17255, 20.12811], [-98.17208, 20.12706], [-98.17419, 20.1273], [-98.17255, 20.12811]]]}}, {"id": "819340", "type": "Feature", "properties": {"id": "819340", "CVEGEO": "1300200160271004", "POBTOT": 31.0, "score_nse": 0.0, "NSE": "ND", "VIVTOT": 13.0, "GRAPROES": 6.25, "_ent": "13", "_mun": "002", "_loc": "0016"}, "geometry": {"type": "Polygon", "coordinates": [[[-98.18692, 20.10727], [-98.18802, 20.10662], [-98.18813, 20.10684], [-98.18813, 20.10727], [-98.18764, 20.10794], [-98.18744, 20.10913], [-98.18703, 20.10974], [-98.18652, 20.11012], [-98.18597, 20.10947], [-98.18525, 20.1091], [-98.18507, 20.10855], [-98.18518, 20.10812], [-98.18562, 20.10769], [-98.18692, 20.10727]]]}}, {"id": "819341", "type": "Feature", "properties": {"id": "819341", "CVEGEO": "1300200160182020", "POBTOT": 17.0, "score_nse": 0.0, "NSE": "ND", "VIVTOT": 3.0, "GRAPROES": 4.71, "_ent": "13", "_mun": "002", "_loc": "0016"}, "geometry": {"type": "Polygon", "coordinates": [[[-98.18176, 20.12387], [-98.18201, 20.1223], [-98.18255, 20.12169], [-98.18265, 20.12224], [-98.18258, 20.12164], [-98.18272, 20.12141], [-98.18441, 20.12225], [-98.18359, 20.12288], [-98.18278, 20.12379], [-98.18192, 20.12384], [-98.18204, 20.12315], [-98.18189, 20.12384], [-98.18176, 20.12387]]]}}, {"id": "819358", "type": "Feature", "properties": {"id": "819358", "CVEGEO": "1300200160106080", "POBTOT": 17.0, "score_nse": 0.0, "NSE": "ND", "VIVTOT": 3.0, "GRAPROES": 5.36, "_ent": "13", "_mun": "002", "_loc": "0016"}, "geometry": {"type": "Polygon", "coordinates": [[[-98.16247, 20.1344], [-98.16166, 20.13515], [-98.16091, 20.13396], [-98.16157, 20.13329], [-98.16247, 20.1344]]]}}, {"id": "819359", "type": "Feature", "properties": {"id": "819359", "CVEGEO": "1300200160271005", "POBTOT": 20.0, "score_nse": 0.0, "NSE": "ND", "VIVTOT": 5.0, "GRAPROES": 3.25, "_ent": "13", "_mun": "002", "_loc": "0016"}, "geometry": {"type": "Polygon", "coordinates": [[[-98.18816, 20.10743], [-98.18825, 20.10812], [-98.18907, 20.10869], [-98.18908, 20.10954], [-98.18751, 20.10912], [-98.18768, 20.10797], [-98.18792, 20.10754], [-98.18816, 20.10743]]]}}, {"id": "819360", "type": "Feature", "properties": {"id": "819360", "CVEGEO": "1300200160106058", "POBTOT": 26.0, "score_nse": 0.0, "NSE": "ND", "VIVTOT": 6.0, "GRAPROES": 5.4, "_ent": "13", "_mun": "002", "_loc": "0016"}, "geometry": {"type": "Polygon", "coordinates": [[[-98.16716, 20.13609], [-98.16839, 20.13471], [-98.16913, 20.13555], [-98.16794, 20.13711], [-98.16716, 20.13609]]]}}, {"id": "819361", "type": "Feature", "properties": {"id": "819361", "CVEGEO": "1300200160106045", "POBTOT": 1.0, "score_nse": 0.0, "NSE": "ND", "VIVTOT": 2.0, "GRAPROES": 0.0, "_ent": "13", "_mun": "002", "_loc": "0016"}, "geometry": {"type": "Polygon", "coordinates": [[[-98.15813, 20.13412], [-98.15758, 20.13303], [-98.15839, 20.13274], [-98.15882, 20.13379], [-98.15813, 20.13412]]]}}, {"id": "819369", "type": "Feature", "properties": {"id": "819369", "CVEGEO": "1300200160197029", "POBTOT": 32.0, "score_nse": 0.0, "NSE": "ND", "VIVTOT": 8.0, "GRAPROES": 6.45, "_ent": "13", "_mun": "002", "_loc": "0016"}, "geometry": {"type": "Polygon", "coordinates": [[[-98.17782, 20.1205], [-98.17683, 20.12047], [-98.17706, 20.11956], [-98.17756, 20.11969], [-98.17782, 20.1205]]]}}, {"id": "819389", "type": "Feature", "properties": {"id": "819389", "CVEGEO": "1300200160197010", "POBTOT": 64.0, "score_nse": 0.0, "NSE": "ND", "VIVTOT": 18.0, "GRAPROES": 6.53, "_ent": "13", "_mun": "002", "_loc": "0016"}, "geometry": {"type": "Polygon", "coordinates": [[[-98.17124, 20.12295], [-98.17136, 20.12246], [-98.17075, 20.12192], [-98.17003, 20.12032], [-98.17076, 20.11901], [-98.1714, 20.11864], [-98.17181, 20.11949], [-98.17371, 20.1199], [-98.17419, 20.12021], [-98.17379, 20.12064], [-98.17426, 20.12024], [-98.17606, 20.12148], [-98.17557, 20.12187], [-98.17471, 20.12301], [-98.17393, 20.12274], [-98.17293, 20.12293], [-98.17245, 20.12319], [-98.17124, 20.12295]]]}}, {"id": "819390", "type": "Feature", "properties": {"id": "819390", "CVEGEO": "1300200160106063", "POBTOT": 24.0, "score_nse": 0.0, "NSE": "ND", "VIVTOT": 6.0, "GRAPROES": 6.06, "_ent": "13", "_mun": "002", "_loc": "0016"}, "geometry": {"type": "Polygon", "coordinates": [[[-98.16635, 20.12803], [-98.16652, 20.12876], [-98.16543, 20.12826], [-98.16491, 20.12758], [-98.16569, 20.1271], [-98.16635, 20.12803]]]}}, {"id": "819391", "type": "Feature", "properties": {"id": "819391", "CVEGEO": "1300200160106059", "POBTOT": 5.0, "score_nse": 0.0, "NSE": "ND", "VIVTOT": 2.0, "GRAPROES": 0.0, "_ent": "13", "_mun": "002", "_loc": "0016"}, "geometry": {"type": "Polygon", "coordinates": [[[-98.16012, 20.12995], [-98.16144, 20.12929], [-98.16191, 20.13029], [-98.16068, 20.13075], [-98.16012, 20.12995]]]}}, {"id": "819392", "type": "Feature", "properties": {"id": "819392", "CVEGEO": "1300200160106086", "POBTOT": 9.0, "score_nse": 0.0, "NSE": "ND", "VIVTOT": 2.0, "GRAPROES": 0.0, "_ent": "13", "_mun": "002", "_loc": "0016"}, "geometry": {"type": "Polygon", "coordinates": [[[-98.16634, 20.13691], [-98.16675, 20.13644], [-98.16754, 20.13747], [-98.16714, 20.1378], [-98.16634, 20.13691]]]}}, {"id": "819393", "type": "Feature", "properties": {"id": "819393", "CVEGEO": "1300200160106078", "POBTOT": 48.0, "score_nse": 0.0, "NSE": "ND", "VIVTOT": 16.0, "GRAPROES": 5.1, "_ent": "13", "_mun": "002", "_loc": "0016"}, "geometry": {"type": "Polygon", "coordinates": [[[-98.16711, 20.13784], [-98.16652, 20.13851], [-98.16554, 20.13768], [-98.16627, 20.13698], [-98.16711, 20.13784]]]}}, {"id": "819394", "type": "Feature", "properties": {"id": "819394", "CVEGEO": "1300200160106087", "POBTOT": 10.0, "score_nse": 0.0, "NSE": "ND", "VIVTOT": 2.0, "GRAPROES": 0.0, "_ent": "13", "_mun": "002", "_loc": "0016"}, "geometry": {"type": "Polygon", "coordinates": [[[-98.16604, 20.13713], [-98.16527, 20.13786], [-98.16375, 20.13667], [-98.16423, 20.13602], [-98.16604, 20.13713]]]}}, {"id": "819395", "type": "Feature", "properties": {"id": "819395", "CVEGEO": "1300200160197005", "POBTOT": 12.0, "score_nse": 0.0, "NSE": "ND", "VIVTOT": 2.0, "GRAPROES": 0.0, "_ent": "13", "_mun": "002", "_loc": "0016"}, "geometry": {"type": "Polygon", "coordinates": [[[-98.17931, 20.11228], [-98.18004, 20.11085], [-98.18002, 20.11172], [-98.17966, 20.11247], [-98.17972, 20.11378], [-98.18018, 20.11475], [-98.18057, 20.11521], [-98.18072, 20.11577], [-98.17965, 20.11606], [-98.1788, 20.11661], [-98.17834, 20.11627], [-98.17846, 20.11544], [-98.17931, 20.11454], [-98.17931, 20.11228]]]}}, {"id": "819396", "type": "Feature", "properties": {"id": "819396", "CVEGEO": "1300200160197001", "POBTOT": 0.0, "score_nse": 0.0, "NSE": "ND", "VIVTOT": 0.0, "GRAPROES": 0.0, "_ent": "13", "_mun": "002", "_loc": "0016"}, "geometry": {"type": "Polygon", "coordinates": [[[-98.17727, 20.11766], [-98.17787, 20.1176], [-98.17843, 20.11639], [-98.17849, 20.11694], [-98.17831, 20.11776], [-98.17787, 20.11822], [-98.17727, 20.11766]]]}}, {"id": "819397", "type": "Feature", "properties": {"id": "819397", "CVEGEO": "1300200160106070", "POBTOT": 19.0, "score_nse": 0.0, "NSE": "ND", "VIVTOT": 4.0, "GRAPROES": 5.6, "_ent": "13", "_mun": "002", "_loc": "0016"}, "geometry": {"type": "Polygon", "coordinates": [[[-98.17038, 20.13026], [-98.17167, 20.12969], [-98.17178, 20.13007], [-98.17098, 20.1308], [-98.17038, 20.13026]]]}}, {"id": "819398", "type": "Feature", "properties": {"id": "819398", "CVEGEO": "1300200160106068", "POBTOT": 61.0, "score_nse": 0.0, "NSE": "ND", "VIVTOT": 16.0, "GRAPROES": 4.76, "_ent": "13", "_mun": "002", "_loc": "0016"}, "geometry": {"type": "Polygon", "coordinates": [[[-98.16815, 20.12607], [-98.16732, 20.12714], [-98.16519, 20.12686], [-98.16653, 20.12445], [-98.16815, 20.12607]]]}}, {"id": "819399", "type": "Feature", "properties": {"id": "819399", "CVEGEO": "1300200160106018", "POBTOT": 6.0, "score_nse": 0.0, "NSE": "ND", "VIVTOT": 3.0, "GRAPROES": 0.0, "_ent": "13", "_mun": "002", "_loc": "0016"}, "geometry": {"type": "Polygon", "coordinates": [[[-98.17178, 20.12699], [-98.1714, 20.1276], [-98.17008, 20.12811], [-98.16973, 20.12764], [-98.17026, 20.12671], [-98.17134, 20.12673], [-98.17178, 20.12699]]]}}, {"id": "819400", "type": "Feature", "properties": {"id": "819400", "CVEGEO": "1300200160106003", "POBTOT": 9.0, "score_nse": 0.0, "NSE": "ND", "VIVTOT": 2.0, "GRAPROES": 0.0, "_ent": "13", "_mun": "002", "_loc": "0016"}, "geometry": {"type": "Polygon", "coordinates": [[[-98.15888, 20.13384], [-98.15941, 20.1348], [-98.1587, 20.13528], [-98.15815, 20.13418], [-98.15888, 20.13384]]]}}, {"id": "819432", "type": "Feature", "properties": {"id": "819432", "CVEGEO": "1300200160106030", "POBTOT": 16.0, "score_nse": 0.0, "NSE": "ND", "VIVTOT": 5.0, "GRAPROES": 0.0, "_ent": "13", "_mun": "002", "_loc": "0016"}, "geometry": {"type": "Polygon", "coordinates": [[[-98.1676, 20.1375], [-98.16805, 20.13706], [-98.16879, 20.13762], [-98.16819, 20.1381], [-98.1676, 20.1375]]]}}, {"id": "819459", "type": "Feature", "properties": {"id": "819459", "CVEGEO": "1300200160106034", "POBTOT": 13.0, "score_nse": 0.0, "NSE": "ND", "VIVTOT": 3.0, "GRAPROES": 0.0, "_ent": "13", "_mun": "002", "_loc": "0016"}, "geometry": {"type": "Polygon", "coordinates": [[[-98.16735, 20.12716], [-98.16819, 20.1261], [-98.16896, 20.12691], [-98.16807, 20.12721], [-98.16735, 20.12716]]]}}, {"id": "819529", "type": "Feature", "properties": {"id": "819529", "CVEGEO": "1300200160106017", "POBTOT": 67.0, "score_nse": 0.0, "NSE": "ND", "VIVTOT": 18.0, "GRAPROES": 5.95, "_ent": "13", "_mun": "002", "_loc": "0016"}, "geometry": {"type": "Polygon", "coordinates": [[[-98.17501, 20.12708], [-98.1762, 20.12752], [-98.17559, 20.12816], [-98.17312, 20.12917], [-98.17257, 20.12817], [-98.17501, 20.12708]]]}}, {"id": "819548", "type": "Feature", "properties": {"id": "819548", "CVEGEO": "1300200160182019", "POBTOT": 21.0, "score_nse": 0.0, "NSE": "ND", "VIVTOT": 4.0, "GRAPROES": 4.07, "_ent": "13", "_mun": "002", "_loc": "0016"}, "geometry": {"type": "Polygon", "coordinates": [[[-98.18129, 20.12418], [-98.18097, 20.12298], [-98.17977, 20.12126], [-98.1803, 20.12148], [-98.18152, 20.12144], [-98.1819, 20.12084], [-98.18184, 20.1215], [-98.18205, 20.12203], [-98.18191, 20.12299], [-98.18165, 20.12349], [-98.1817, 20.12391], [-98.18129, 20.12418]]]}}, {"id": "819563", "type": "Feature", "properties": {"id": "819563", "CVEGEO": "1300200160182031", "POBTOT": 5.0, "score_nse": 0.0, "NSE": "ND", "VIVTOT": 1.0, "GRAPROES": 0.0, "_ent": "13", "_mun": "002", "_loc": "0016"}, "geometry": {"type": "Polygon", "coordinates": [[[-98.17509, 20.13732], [-98.18032, 20.13754], [-98.18021, 20.13926], [-98.18005, 20.13937], [-98.17959, 20.13917], [-98.17934, 20.13931], [-98.1789, 20.14044], [-98.17813, 20.14085], [-98.17776, 20.14065], [-98.17801, 20.14031], [-98.17797, 20.1401], [-98.1773, 20.13971], [-98.17624, 20.13859], [-98.17587, 20.13847], [-98.17573, 20.13861], [-98.17523, 20.13821], [-98.17508, 20.13755], [-98.17509, 20.13732]]]}}, {"id": "819567", "type": "Feature", "properties": {"id": "819567", "CVEGEO": "1300200160271013", "POBTOT": 6.0, "score_nse": 0.0, "NSE": "ND", "VIVTOT": 4.0, "GRAPROES": 0.0, "_ent": "13", "_mun": "002", "_loc": "0016"}, "geometry": {"type": "Polygon", "coordinates": [[[-98.18788, 20.12232], [-98.18901, 20.12179], [-98.18939, 20.12105], [-98.18979, 20.12076], [-98.1898, 20.12104], [-98.18941, 20.12123], [-98.18963, 20.12165], [-98.18941, 20.12237], [-98.18912, 20.12232], [-98.18863, 20.12268], [-98.18788, 20.12232]]]}}, {"id": "819572", "type": "Feature", "properties": {"id": "819572", "CVEGEO": "1300200160182026", "POBTOT": 8.0, "score_nse": 0.0, "NSE": "ND", "VIVTOT": 3.0, "GRAPROES": 0.0, "_ent": "13", "_mun": "002", "_loc": "0016"}, "geometry": {"type": "Polygon", "coordinates": [[[-98.17491, 20.13562], [-98.17547, 20.13593], [-98.17594, 20.13599], [-98.17528, 20.13649], [-98.17503, 20.13717], [-98.17371, 20.1373], [-98.17379, 20.1363], [-98.1741, 20.13573], [-98.17491, 20.13562]]]}}, {"id": "819578", "type": "Feature", "properties": {"id": "819578", "CVEGEO": "1300200160271001", "POBTOT": 0.0, "score_nse": 10.0, "NSE": "E", "VIVTOT": 1.0, "GRAPROES": 0.0, "_ent": "13", "_mun": "002", "_loc": "0016"}, "geometry": {"type": "Polygon", "coordinates": [[[-98.18802, 20.11195], [-98.1875, 20.11169], [-98.18778, 20.11061], [-98.18862, 20.11088], [-98.18834, 20.11142], [-98.18808, 20.11159], [-98.18802, 20.11195]]]}}, {"id": "819584", "type": "Feature", "properties": {"id": "819584", "CVEGEO": "1300200160182037", "POBTOT": 0.0, "score_nse": 0.0, "NSE": "ND", "VIVTOT": 0.0, "GRAPROES": 0.0, "_ent": "13", "_mun": "002", "_loc": "0016"}, "geometry": {"type": "Polygon", "coordinates": [[[-98.17522, 20.13688], [-98.17555, 20.1364], [-98.17602, 20.13606], [-98.17609, 20.13681], [-98.17581, 20.13696], [-98.17522, 20.13688]]]}}, {"id": "819587", "type": "Feature", "properties": {"id": "819587", "CVEGEO": "1300200160106089", "POBTOT": 0.0, "score_nse": 0.0, "NSE": "ND", "VIVTOT": 0.0, "GRAPROES": 0.0, "_ent": "13", "_mun": "002", "_loc": "0016"}, "geometry": {"type": "Polygon", "coordinates": [[[-98.17271, 20.13767], [-98.17353, 20.13751], [-98.17384, 20.13821], [-98.17395, 20.139], [-98.173, 20.13868], [-98.17271, 20.13767]]]}}, {"id": "819588", "type": "Feature", "properties": {"id": "819588", "CVEGEO": "1300200160106090", "POBTOT": 0.0, "score_nse": 10.0, "NSE": "E", "VIVTOT": 2.0, "GRAPROES": 0.0, "_ent": "13", "_mun": "002", "_loc": "0016"}, "geometry": {"type": "Polygon", "coordinates": [[[-98.1717, 20.13934], [-98.17208, 20.13896], [-98.17267, 20.13784], [-98.17293, 20.13871], [-98.17396, 20.1391], [-98.17401, 20.1394], [-98.1737, 20.13952], [-98.17263, 20.13937], [-98.17209, 20.13951], [-98.1717, 20.13934]]]}}, {"id": "819589", "type": "Feature", "properties": {"id": "819589", "CVEGEO": "1300200160106029", "POBTOT": 18.0, "score_nse": 0.0, "NSE": "ND", "VIVTOT": 4.0, "GRAPROES": 6.5, "_ent": "13", "_mun": "002", "_loc": "0016"}, "geometry": {"type": "Polygon", "coordinates": [[[-98.16924, 20.14], [-98.16812, 20.13984], [-98.1668, 20.14016], [-98.1715, 20.13804], [-98.17263, 20.13769], [-98.172, 20.13899], [-98.17167, 20.13929], [-98.17128, 20.139], [-98.17005, 20.13905], [-98.16971, 20.13941], [-98.16959, 20.14056], [-98.16937, 20.14074], [-98.16922, 20.14069], [-98.16939, 20.14033], [-98.16924, 20.14]]]}}, {"id": "819590", "type": "Feature", "properties": {"id": "819590", "CVEGEO": "1300200160182032", "POBTOT": 0.0, "score_nse": 10.0, "NSE": "E", "VIVTOT": 1.0, "GRAPROES": 0.0, "_ent": "13", "_mun": "002", "_loc": "0016"}, "geometry": {"type": "Polygon", "coordinates": [[[-98.1741, 20.13951], [-98.17361, 20.13748], [-98.17501, 20.13734], [-98.17514, 20.13824], [-98.17569, 20.13868], [-98.17548, 20.13905], [-98.17496, 20.13941], [-98.1741, 20.13951]]]}}, {"id": "819748", "type": "Feature", "properties": {"id": "819748", "CVEGEO": "1300200160106085", "POBTOT": 2.0, "score_nse": 0.0, "NSE": "ND", "VIVTOT": 4.0, "GRAPROES": 0.0, "_ent": "13", "_mun": "002", "_loc": "0016"}, "geometry": {"type": "Polygon", "coordinates": [[[-98.16248, 20.12949], [-98.16227, 20.12896], [-98.16345, 20.12844], [-98.16381, 20.12961], [-98.16332, 20.12976], [-98.16318, 20.12931], [-98.16248, 20.12949]]]}}, {"id": "819751", "type": "Feature", "properties": {"id": "819751", "CVEGEO": "1300200160106006", "POBTOT": 37.0, "score_nse": 0.0, "NSE": "ND", "VIVTOT": 7.0, "GRAPROES": 5.13, "_ent": "13", "_mun": "002", "_loc": "0016"}, "geometry": {"type": "Polygon", "coordinates": [[[-98.16663, 20.12904], [-98.16617, 20.12978], [-98.16541, 20.13022], [-98.16463, 20.13104], [-98.16361, 20.12973], [-98.16408, 20.12956], [-98.16476, 20.1302], [-98.16414, 20.12954], [-98.16525, 20.1292], [-98.16588, 20.12861], [-98.16643, 20.12879], [-98.16625, 20.12913], [-98.16655, 20.12883], [-98.16663, 20.12904]]]}}, {"id": "819752", "type": "Feature", "properties": {"id": "819752", "CVEGEO": "1300200160106084", "POBTOT": 7.0, "score_nse": 0.0, "NSE": "ND", "VIVTOT": 3.0, "GRAPROES": 0.0, "_ent": "13", "_mun": "002", "_loc": "0016"}, "geometry": {"type": "Polygon", "coordinates": [[[-98.1658, 20.12859], [-98.16525, 20.12914], [-98.16509, 20.12921], [-98.16489, 20.12884], [-98.16504, 20.12923], [-98.16391, 20.12956], [-98.16347, 20.12838], [-98.16485, 20.12761], [-98.1654, 20.12832], [-98.1658, 20.12859]]]}}, {"id": "819753", "type": "Feature", "properties": {"id": "819753", "CVEGEO": "1300200160106079", "POBTOT": 30.0, "score_nse": 0.0, "NSE": "ND", "VIVTOT": 7.0, "GRAPROES": 6.87, "_ent": "13", "_mun": "002", "_loc": "0016"}, "geometry": {"type": "Polygon", "coordinates": [[[-98.16146, 20.13603], [-98.16016, 20.13442], [-98.16089, 20.13398], [-98.16153, 20.13507], [-98.1618, 20.1354], [-98.16168, 20.13521], [-98.16251, 20.13443], [-98.16272, 20.13456], [-98.16162, 20.13325], [-98.1623, 20.13261], [-98.16319, 20.13338], [-98.16454, 20.13395], [-98.16429, 20.13421], [-98.16429, 20.13454], [-98.1637, 20.13478], [-98.16328, 20.13578], [-98.16252, 20.13643], [-98.16229, 20.13696], [-98.1615, 20.13608], [-98.16186, 20.13548], [-98.16146, 20.13603]]]}}, {"id": "819757", "type": "Feature", "properties": {"id": "819757", "CVEGEO": "1300200160106032", "POBTOT": 0.0, "score_nse": 10.0, "NSE": "E", "VIVTOT": 2.0, "GRAPROES": 0.0, "_ent": "13", "_mun": "002", "_loc": "0016"}, "geometry": {"type": "Polygon", "coordinates": [[[-98.16467, 20.13856], [-98.16506, 20.13816], [-98.16635, 20.1395], [-98.16539, 20.13997], [-98.16467, 20.13856]]]}}, {"id": "819758", "type": "Feature", "properties": {"id": "819758", "CVEGEO": "1300200160106092", "POBTOT": 35.0, "score_nse": 0.0, "NSE": "ND", "VIVTOT": 5.0, "GRAPROES": 4.67, "_ent": "13", "_mun": "002", "_loc": "0016"}, "geometry": {"type": "Polygon", "coordinates": [[[-98.16603, 20.13905], [-98.16687, 20.13825], [-98.16724, 20.13881], [-98.16652, 20.13948], [-98.16603, 20.13905]]]}}, {"id": "819759", "type": "Feature", "properties": {"id": "819759", "CVEGEO": "1300200160106091", "POBTOT": 12.0, "score_nse": 0.0, "NSE": "ND", "VIVTOT": 4.0, "GRAPROES": 6.17, "_ent": "13", "_mun": "002", "_loc": "0016"}, "geometry": {"type": "Polygon", "coordinates": [[[-98.16596, 20.13906], [-98.16509, 20.13814], [-98.16551, 20.13772], [-98.16649, 20.13853], [-98.16596, 20.13906]]]}}, {"id": "819760", "type": "Feature", "properties": {"id": "819760", "CVEGEO": "1300200160144002", "POBTOT": 10.0, "score_nse": 0.0, "NSE": "ND", "VIVTOT": 2.0, "GRAPROES": 0.0, "_ent": "13", "_mun": "002", "_loc": "0016"}, "geometry": {"type": "Polygon", "coordinates": [[[-98.15826, 20.11913], [-98.15738, 20.11906], [-98.1585, 20.11729], [-98.15935, 20.11769], [-98.15882, 20.11847], [-98.15921, 20.11893], [-98.15934, 20.11943], [-98.15843, 20.12087], [-98.15836, 20.12141], [-98.15871, 20.12243], [-98.15871, 20.12341], [-98.15901, 20.1249], [-98.15503, 20.12885], [-98.15431, 20.12837], [-98.15499, 20.12889], [-98.15324, 20.13089], [-98.15172, 20.13143], [-98.15134, 20.13138], [-98.15112, 20.13113], [-98.15134, 20.13053], [-98.15315, 20.12868], [-98.15355, 20.12846], [-98.1547, 20.1269], [-98.15471, 20.12634], [-98.15421, 20.12564], [-98.15418, 20.12538], [-98.15492, 20.12395], [-98.15559, 20.12339], [-98.15609, 20.1226], [-98.1569, 20.12216], [-98.15722, 20.12143], [-98.15805, 20.12071], [-98.1579, 20.11998], [-98.15833, 20.11955], [-98.15826, 20.11913]]]}}, {"id": "819768", "type": "Feature", "properties": {"id": "819768", "CVEGEO": "1300200160182009", "POBTOT": 55.0, "score_nse": 0.0, "NSE": "ND", "VIVTOT": 19.0, "GRAPROES": 5.66, "_ent": "13", "_mun": "002", "_loc": "0016"}, "geometry": {"type": "Polygon", "coordinates": [[[-98.17558, 20.12826], [-98.17571, 20.12882], [-98.17596, 20.12906], [-98.17488, 20.13008], [-98.17573, 20.12944], [-98.17568, 20.12992], [-98.17479, 20.13103], [-98.17424, 20.13056], [-98.17431, 20.13002], [-98.17465, 20.12963], [-98.17398, 20.12964], [-98.1734, 20.12912], [-98.17461, 20.12856], [-98.17494, 20.129], [-98.17465, 20.12855], [-98.17558, 20.12826]]]}}, {"id": "819881", "type": "Feature", "properties": {"id": "819881", "CVEGEO": "1300200160106023", "POBTOT": 54.0, "score_nse": 0.0, "NSE": "ND", "VIVTOT": 12.0, "GRAPROES": 5.69, "_ent": "13", "_mun": "002", "_loc": "0016"}, "geometry": {"type": "Polygon", "coordinates": [[[-98.1717, 20.13572], [-98.17248, 20.13503], [-98.17327, 20.1355], [-98.17296, 20.13574], [-98.17333, 20.13552], [-98.17408, 20.13552], [-98.17402, 20.13566], [-98.17319, 20.13578], [-98.17166, 20.13689], [-98.17113, 20.13677], [-98.1717, 20.13572]]]}}, {"id": "819882", "type": "Feature", "properties": {"id": "819882", "CVEGEO": "1300200160182013", "POBTOT": 58.0, "score_nse": 26.5199, "NSE": "D", "VIVTOT": 29.0, "GRAPROES": 5.95, "_ent": "13", "_mun": "002", "_loc": "0016"}, "geometry": {"type": "Polygon", "coordinates": [[[-98.18437, 20.13304], [-98.184, 20.13245], [-98.1845, 20.13249], [-98.18365, 20.13221], [-98.18286, 20.13295], [-98.18248, 20.13301], [-98.17985, 20.13291], [-98.17969, 20.13248], [-98.18048, 20.13101], [-98.18081, 20.13124], [-98.18051, 20.13098], [-98.18104, 20.13004], [-98.18198, 20.13045], [-98.18106, 20.13002], [-98.18133, 20.12946], [-98.18184, 20.12958], [-98.18139, 20.1294], [-98.18177, 20.12819], [-98.18244, 20.12762], [-98.18303, 20.1282], [-98.18247, 20.12756], [-98.18375, 20.12628], [-98.18431, 20.12549], [-98.18517, 20.12485], [-98.18615, 20.12357], [-98.18674, 20.1233], [-98.18781, 20.12234], [-98.18741, 20.12373], [-98.1874, 20.12483], [-98.18754, 20.12523], [-98.18749, 20.12622], [-98.18796, 20.12633], [-98.18792, 20.1272], [-98.18594, 20.12802], [-98.18578, 20.12859], [-98.1865, 20.12979], [-98.18657, 20.13039], [-98.18604, 20.13056], [-98.18562, 20.1304], [-98.18523, 20.13046], [-98.18537, 20.13101], [-98.18478, 20.13309], [-98.18437, 20.13304]]]}}, {"id": "819883", "type": "Feature", "properties": {"id": "819883", "CVEGEO": "1300200160197043", "POBTOT": 55.0, "score_nse": 0.0, "NSE": "ND", "VIVTOT": 12.0, "GRAPROES": 5.09, "_ent": "13", "_mun": "002", "_loc": "0016"}, "geometry": {"type": "Polygon", "coordinates": [[[-98.16921, 20.12363], [-98.1688, 20.12268], [-98.16991, 20.12248], [-98.17018, 20.12313], [-98.16996, 20.12246], [-98.17068, 20.12198], [-98.17127, 20.12248], [-98.1711, 20.12302], [-98.17232, 20.12325], [-98.17129, 20.12385], [-98.17009, 20.1239], [-98.16986, 20.12417], [-98.16921, 20.12363]]]}}, {"id": "819884", "type": "Feature", "properties": {"id": "819884", "CVEGEO": "1300200160182038", "POBTOT": 0.0, "score_nse": 10.0, "NSE": "E", "VIVTOT": 3.0, "GRAPROES": 0.0, "_ent": "13", "_mun": "002", "_loc": "0016"}, "geometry": {"type": "Polygon", "coordinates": [[[-98.17714, 20.13456], [-98.17765, 20.1339], [-98.17841, 20.13535], [-98.17623, 20.13675], [-98.17606, 20.13589], [-98.17686, 20.13539], [-98.17714, 20.13456]]]}}, {"id": "819885", "type": "Feature", "properties": {"id": "819885", "CVEGEO": "1300200160106062", "POBTOT": 41.0, "score_nse": 0.0, "NSE": "ND", "VIVTOT": 8.0, "GRAPROES": 5.55, "_ent": "13", "_mun": "002", "_loc": "0016"}, "geometry": {"type": "Polygon", "coordinates": [[[-98.16464, 20.12768], [-98.16312, 20.12843], [-98.16168, 20.12765], [-98.16314, 20.12671], [-98.16349, 20.12675], [-98.16464, 20.12768]]]}}, {"id": "819886", "type": "Feature", "properties": {"id": "819886", "CVEGEO": "1300200160106093", "POBTOT": 13.0, "score_nse": 0.0, "NSE": "ND", "VIVTOT": 2.0, "GRAPROES": 0.0, "_ent": "13", "_mun": "002", "_loc": "0016"}, "geometry": {"type": "Polygon", "coordinates": [[[-98.16563, 20.12705], [-98.16469, 20.12766], [-98.16364, 20.12676], [-98.16563, 20.12705]]]}}, {"id": "819887", "type": "Feature", "properties": {"id": "819887", "CVEGEO": "1300200160144001", "POBTOT": 29.0, "score_nse": 0.0, "NSE": "ND", "VIVTOT": 7.0, "GRAPROES": 4.28, "_ent": "13", "_mun": "002", "_loc": "0016"}, "geometry": {"type": "Polygon", "coordinates": [[[-98.1634, 20.12481], [-98.15983, 20.12644], [-98.15867, 20.12536], [-98.15907, 20.12496], [-98.15882, 20.12356], [-98.1613, 20.12006], [-98.16208, 20.12031], [-98.16371, 20.12123], [-98.16421, 20.12221], [-98.16361, 20.12296], [-98.16344, 20.12344], [-98.16337, 20.12382], [-98.16364, 20.12425], [-98.1634, 20.12481]]]}}, {"id": "819888", "type": "Feature", "properties": {"id": "819888", "CVEGEO": "1300200160106060", "POBTOT": 20.0, "score_nse": 0.0, "NSE": "ND", "VIVTOT": 5.0, "GRAPROES": 8.77, "_ent": "13", "_mun": "002", "_loc": "0016"}, "geometry": {"type": "Polygon", "coordinates": [[[-98.1684, 20.13299], [-98.1693, 20.13234], [-98.16972, 20.13288], [-98.16908, 20.13364], [-98.1684, 20.13299]]]}}, {"id": "819897", "type": "Feature", "properties": {"id": "819897", "CVEGEO": "1300200160106050", "POBTOT": 5.0, "score_nse": 0.0, "NSE": "ND", "VIVTOT": 2.0, "GRAPROES": 0.0, "_ent": "13", "_mun": "002", "_loc": "0016"}, "geometry": {"type": "Polygon", "coordinates": [[[-98.16927, 20.13231], [-98.16886, 20.13257], [-98.16821, 20.13189], [-98.16866, 20.13164], [-98.16927, 20.13231]]]}}, {"id": "819898", "type": "Feature", "properties": {"id": "819898", "CVEGEO": "1300200160106096", "POBTOT": 6.0, "score_nse": 0.0, "NSE": "ND", "VIVTOT": 1.0, "GRAPROES": 0.0, "_ent": "13", "_mun": "002", "_loc": "0016"}, "geometry": {"type": "Polygon", "coordinates": [[[-98.1677, 20.13213], [-98.16733, 20.13173], [-98.1674, 20.13104], [-98.16769, 20.13035], [-98.16862, 20.1316], [-98.1677, 20.13213]]]}}, {"id": "819899", "type": "Feature", "properties": {"id": "819899", "CVEGEO": "1300200160106097", "POBTOT": 26.0, "score_nse": 0.0, "NSE": "ND", "VIVTOT": 5.0, "GRAPROES": 6.22, "_ent": "13", "_mun": "002", "_loc": "0016"}, "geometry": {"type": "Polygon", "coordinates": [[[-98.16881, 20.1326], [-98.16842, 20.13278], [-98.16774, 20.13217], [-98.16816, 20.13192], [-98.16881, 20.1326]]]}}, {"id": "819905", "type": "Feature", "properties": {"id": "819905", "CVEGEO": "1300200160106098", "POBTOT": 31.0, "score_nse": 30.045, "NSE": "D+", "VIVTOT": 8.0, "GRAPROES": 6.95, "_ent": "13", "_mun": "002", "_loc": "0016"}, "geometry": {"type": "Polygon", "coordinates": [[[-98.16197, 20.13025], [-98.16151, 20.12925], [-98.16223, 20.12897], [-98.16244, 20.12955], [-98.16314, 20.12936], [-98.16328, 20.12978], [-98.16197, 20.13025]]]}}, {"id": "819908", "type": "Feature", "properties": {"id": "819908", "CVEGEO": "1300200160106057", "POBTOT": 5.0, "score_nse": 0.0, "NSE": "ND", "VIVTOT": 3.0, "GRAPROES": 0.0, "_ent": "13", "_mun": "002", "_loc": "0016"}, "geometry": {"type": "Polygon", "coordinates": [[[-98.16233, 20.13257], [-98.16299, 20.13205], [-98.16356, 20.13264], [-98.1632, 20.13332], [-98.16233, 20.13257]]]}}, {"id": "819909", "type": "Feature", "properties": {"id": "819909", "CVEGEO": "1300200160106099", "POBTOT": 6.0, "score_nse": 0.0, "NSE": "ND", "VIVTOT": 3.0, "GRAPROES": 0.0, "_ent": "13", "_mun": "002", "_loc": "0016"}, "geometry": {"type": "Polygon", "coordinates": [[[-98.16304, 20.13202], [-98.16387, 20.13165], [-98.16397, 20.13205], [-98.16359, 20.13259], [-98.16304, 20.13202]]]}}, {"id": "819996", "type": "Feature", "properties": {"id": "819996", "CVEGEO": "1300200160197030", "POBTOT": 5.0, "score_nse": 0.0, "NSE": "ND", "VIVTOT": 2.0, "GRAPROES": 0.0, "_ent": "13", "_mun": "002", "_loc": "0016"}, "geometry": {"type": "Polygon", "coordinates": [[[-98.17701, 20.11956], [-98.17675, 20.12051], [-98.17594, 20.12006], [-98.17656, 20.1194], [-98.17701, 20.11956]]]}}, {"id": "819997", "type": "Feature", "properties": {"id": "819997", "CVEGEO": "1300200160197008", "POBTOT": 3.0, "score_nse": 0.0, "NSE": "ND", "VIVTOT": 2.0, "GRAPROES": 0.0, "_ent": "13", "_mun": "002", "_loc": "0016"}, "geometry": {"type": "Polygon", "coordinates": [[[-98.17529, 20.12088], [-98.17581, 20.12012], [-98.17672, 20.12061], [-98.17659, 20.12138], [-98.1762, 20.12145], [-98.17529, 20.12088]]]}}, {"id": "819998", "type": "Feature", "properties": {"id": "819998", "CVEGEO": "1300200160182012", "POBTOT": 48.0, "score_nse": 0.0, "NSE": "ND", "VIVTOT": 15.0, "GRAPROES": 5.78, "_ent": "13", "_mun": "002", "_loc": "0016"}, "geometry": {"type": "Polygon", "coordinates": [[[-98.18144, 20.12877], [-98.18062, 20.12755], [-98.18086, 20.12704], [-98.1809, 20.12582], [-98.18172, 20.125], [-98.18185, 20.12394], [-98.1825, 20.12389], [-98.18223, 20.12495], [-98.18277, 20.1253], [-98.1819, 20.12646], [-98.18257, 20.1257], [-98.18355, 20.12639], [-98.18191, 20.12792], [-98.18191, 20.12761], [-98.18144, 20.12877]]]}}, {"id": "820004", "type": "Feature", "properties": {"id": "820004", "CVEGEO": "1300200160144003", "POBTOT": 21.0, "score_nse": 0.0, "NSE": "ND", "VIVTOT": 7.0, "GRAPROES": 5.69, "_ent": "13", "_mun": "002", "_loc": "0016"}, "geometry": {"type": "Polygon", "coordinates": [[[-98.15916, 20.11384], [-98.17022, 20.11186], [-98.16995, 20.11279], [-98.16944, 20.11299], [-98.1692, 20.11361], [-98.16853, 20.11401], [-98.1681, 20.11544], [-98.16692, 20.11742], [-98.16651, 20.11761], [-98.16599, 20.11846], [-98.16536, 20.11898], [-98.16518, 20.11976], [-98.16477, 20.12036], [-98.16447, 20.12118], [-98.16454, 20.12141], [-98.16424, 20.12194], [-98.16425, 20.12173], [-98.16384, 20.12123], [-98.16248, 20.12032], [-98.162, 20.11928], [-98.16116, 20.11849], [-98.15856, 20.11723], [-98.15889, 20.11673], [-98.15889, 20.11473], [-98.15916, 20.11384]]]}}, {"id": "820005", "type": "Feature", "properties": {"id": "820005", "CVEGEO": "1300200160144007", "POBTOT": 5.0, "score_nse": 0.0, "NSE": "ND", "VIVTOT": 2.0, "GRAPROES": 0.0, "_ent": "13", "_mun": "002", "_loc": "0016"}, "geometry": {"type": "Polygon", "coordinates": [[[-98.1588, 20.1235], [-98.15875, 20.12238], [-98.15843, 20.12128], [-98.15848, 20.12091], [-98.15939, 20.11943], [-98.15921, 20.11882], [-98.15889, 20.11848], [-98.1594, 20.11772], [-98.16109, 20.11857], [-98.16193, 20.11937], [-98.1624, 20.12029], [-98.16133, 20.11991], [-98.1588, 20.1235]]]}}, {"id": "820006", "type": "Feature", "properties": {"id": "820006", "CVEGEO": "1300200160197036", "POBTOT": 47.0, "score_nse": 0.0, "NSE": "ND", "VIVTOT": 11.0, "GRAPROES": 3.95, "_ent": "13", "_mun": "002", "_loc": "0016"}, "geometry": {"type": "Polygon", "coordinates": [[[-98.17898, 20.10996], [-98.17907, 20.10943], [-98.17927, 20.10984], [-98.17988, 20.11016], [-98.17968, 20.11055], [-98.17979, 20.11089], [-98.17917, 20.11236], [-98.17922, 20.11459], [-98.17897, 20.11499], [-98.17841, 20.11521], [-98.17829, 20.11542], [-98.17826, 20.11682], [-98.17789, 20.11741], [-98.1777, 20.11625], [-98.17794, 20.11494], [-98.17837, 20.114], [-98.17778, 20.11349], [-98.17832, 20.11251], [-98.17847, 20.11074], [-98.17868, 20.11022], [-98.17898, 20.10996]]]}}, {"id": "820047", "type": "Feature", "properties": {"id": "820047", "CVEGEO": "1300200160106001", "POBTOT": 79.0, "score_nse": 0.0, "NSE": "ND", "VIVTOT": 22.0, "GRAPROES": 5.84, "_ent": "13", "_mun": "002", "_loc": "0016"}, "geometry": {"type": "Polygon", "coordinates": [[[-98.1533, 20.14077], [-98.15519, 20.13872], [-98.15614, 20.13992], [-98.15758, 20.13895], [-98.15773, 20.13904], [-98.15742, 20.13863], [-98.15789, 20.13825], [-98.15739, 20.13859], [-98.15655, 20.13745], [-98.15805, 20.13616], [-98.15903, 20.13751], [-98.15887, 20.13775], [-98.1591, 20.13751], [-98.15797, 20.13587], [-98.15882, 20.13527], [-98.1597, 20.13633], [-98.15973, 20.1366], [-98.15987, 20.13682], [-98.15974, 20.13631], [-98.15884, 20.13526], [-98.1594, 20.13488], [-98.15965, 20.13509], [-98.15945, 20.13485], [-98.16011, 20.13445], [-98.16229, 20.13703], [-98.16211, 20.13719], [-98.16195, 20.13793], [-98.16171, 20.13818], [-98.1605, 20.13873], [-98.15888, 20.13908], [-98.15756, 20.14013], [-98.15522, 20.14133], [-98.15474, 20.14132], [-98.1533, 20.14077]]]}}, {"id": "820048", "type": "Feature", "properties": {"id": "820048", "CVEGEO": "1300200160106002", "POBTOT": 60.0, "score_nse": 0.0, "NSE": "ND", "VIVTOT": 23.0, "GRAPROES": 4.49, "_ent": "13", "_mun": "002", "_loc": "0016"}, "geometry": {"type": "Polygon", "coordinates": [[[-98.1632, 20.1373], [-98.16169, 20.13922], [-98.16063, 20.13998], [-98.16033, 20.13965], [-98.16008, 20.13984], [-98.16033, 20.13972], [-98.16058, 20.14003], [-98.16006, 20.14044], [-98.15862, 20.1413], [-98.15674, 20.14199], [-98.15706, 20.14101], [-98.15665, 20.14066], [-98.15769, 20.14023], [-98.15895, 20.13913], [-98.16057, 20.13877], [-98.16177, 20.13823], [-98.16202, 20.13797], [-98.16237, 20.13689], [-98.1632, 20.1373]]]}}, {"id": "820049", "type": "Feature", "properties": {"id": "820049", "CVEGEO": "1300200160106100", "POBTOT": 0.0, "score_nse": 0.0, "NSE": null, "VIVTOT": 0.0, "GRAPROES": 0.0, "_ent": "13", "_mun": "002", "_loc": "0016"}, "geometry": {"type": "Polygon", "coordinates": [[[-98.16458, 20.13405], [-98.16547, 20.13433], [-98.16495, 20.1351], [-98.16325, 20.13723], [-98.16239, 20.13681], [-98.16274, 20.1363], [-98.16335, 20.13582], [-98.16377, 20.13482], [-98.16436, 20.13459], [-98.16436, 20.13425], [-98.16458, 20.13405]]]}}, {"id": "820050", "type": "Feature", "properties": {"id": "820050", "CVEGEO": "1300200160106101", "POBTOT": 0.0, "score_nse": 0.0, "NSE": null, "VIVTOT": 0.0, "GRAPROES": 0.0, "_ent": "13", "_mun": "002", "_loc": "0016"}, "geometry": {"type": "Polygon", "coordinates": [[[-98.15522, 20.13867], [-98.15652, 20.13749], [-98.15754, 20.1389], [-98.15614, 20.13985], [-98.15522, 20.13867]]]}}, {"id": "820051", "type": "Feature", "properties": {"id": "820051", "CVEGEO": "1300200160159005", "POBTOT": 88.0, "score_nse": 0.0, "NSE": "ND", "VIVTOT": 17.0, "GRAPROES": 4.76, "_ent": "13", "_mun": "002", "_loc": "0016"}, "geometry": {"type": "Polygon", "coordinates": [[[-98.1797, 20.10801], [-98.18022, 20.10749], [-98.18038, 20.10576], [-98.18215, 20.1039], [-98.1823, 20.10491], [-98.1839, 20.10758], [-98.18319, 20.10798], [-98.18261, 20.10807], [-98.18292, 20.10859], [-98.18237, 20.10864], [-98.18097, 20.1092], [-98.18046, 20.10919], [-98.18016, 20.11014], [-98.17994, 20.11012], [-98.17965, 20.10959], [-98.1794, 20.1087], [-98.1794, 20.10906], [-98.17988, 20.11009], [-98.17926, 20.1097], [-98.17912, 20.10927], [-98.17915, 20.10871], [-98.17968, 20.10826], [-98.1797, 20.10801]]]}}, {"id": "820052", "type": "Feature", "properties": {"id": "820052", "CVEGEO": "1300200160159020", "POBTOT": 0.0, "score_nse": 0.0, "NSE": null, "VIVTOT": 0.0, "GRAPROES": 0.0, "_ent": "13", "_mun": "002", "_loc": "0016"}, "geometry": {"type": "Polygon", "coordinates": [[[-98.18454, 20.10941], [-98.18325, 20.10898], [-98.18279, 20.10915], [-98.18304, 20.10871], [-98.18267, 20.1081], [-98.18321, 20.10803], [-98.18396, 20.1076], [-98.18423, 20.10785], [-98.18419, 20.1083], [-98.18454, 20.10941]]]}}, {"id": "820053", "type": "Feature", "properties": {"id": "820053", "CVEGEO": "1300200160197007", "POBTOT": 81.0, "score_nse": 0.0, "NSE": "ND", "VIVTOT": 20.0, "GRAPROES": 6.17, "_ent": "13", "_mun": "002", "_loc": "0016"}, "geometry": {"type": "Polygon", "coordinates": [[[-98.1778, 20.12249], [-98.17787, 20.12186], [-98.17771, 20.12118], [-98.17792, 20.12065], [-98.17754, 20.11929], [-98.17783, 20.11872], [-98.1779, 20.11941], [-98.17833, 20.12012], [-98.17962, 20.12098], [-98.17895, 20.12256], [-98.17821, 20.1224], [-98.17757, 20.12367], [-98.17747, 20.12298], [-98.1778, 20.12249]]]}}, {"id": "820054", "type": "Feature", "properties": {"id": "820054", "CVEGEO": "1300200160197050", "POBTOT": 0.0, "score_nse": 0.0, "NSE": null, "VIVTOT": 0.0, "GRAPROES": 0.0, "_ent": "13", "_mun": "002", "_loc": "0016"}, "geometry": {"type": "Polygon", "coordinates": [[[-98.17706, 20.12471], [-98.17829, 20.12248], [-98.17889, 20.12262], [-98.17738, 20.12545], [-98.17715, 20.12527], [-98.17706, 20.12471]]]}}, {"id": "820055", "type": "Feature", "properties": {"id": "820055", "CVEGEO": "1300200160197051", "POBTOT": 0.0, "score_nse": 0.0, "NSE": null, "VIVTOT": 0.0, "GRAPROES": 0.0, "_ent": "13", "_mun": "002", "_loc": "0016"}, "geometry": {"type": "Polygon", "coordinates": [[[-98.16725, 20.12154], [-98.16873, 20.122], [-98.16908, 20.12253], [-98.16696, 20.12319], [-98.16711, 20.12288], [-98.16703, 20.12205], [-98.16725, 20.12154]]]}}, {"id": "820056", "type": "Feature", "properties": {"id": "820056", "CVEGEO": "1300200160197052", "POBTOT": 0.0, "score_nse": 0.0, "NSE": null, "VIVTOT": 0.0, "GRAPROES": 0.0, "_ent": "13", "_mun": "002", "_loc": "0016"}, "geometry": {"type": "Polygon", "coordinates": [[[-98.1752, 20.11455], [-98.17628, 20.11403], [-98.17661, 20.11501], [-98.17642, 20.11538], [-98.17529, 20.11566], [-98.17548, 20.11526], [-98.1752, 20.11455]]]}}, {"id": "820074", "type": "Feature", "properties": {"id": "820074", "CVEGEO": "1300200160106102", "POBTOT": 0.0, "score_nse": 0.0, "NSE": null, "VIVTOT": 0.0, "GRAPROES": 0.0, "_ent": "13", "_mun": "002", "_loc": "0016"}, "geometry": {"type": "Polygon", "coordinates": [[[-98.16642, 20.12436], [-98.16594, 20.12529], [-98.16439, 20.12444], [-98.16478, 20.123], [-98.16642, 20.12436]]]}}, {"id": "820075", "type": "Feature", "properties": {"id": "820075", "CVEGEO": "1300200160159017", "POBTOT": 14.0, "score_nse": 0.0, "NSE": "ND", "VIVTOT": 6.0, "GRAPROES": 7.75, "_ent": "13", "_mun": "002", "_loc": "0016"}, "geometry": {"type": "Polygon", "coordinates": [[[-98.18196, 20.11091], [-98.18096, 20.10975], [-98.18024, 20.11012], [-98.1805, 20.1093], [-98.18252, 20.10869], [-98.18289, 20.10869], [-98.18263, 20.10929], [-98.18326, 20.10903], [-98.1846, 20.10955], [-98.18463, 20.10972], [-98.18441, 20.11032], [-98.18299, 20.11145], [-98.18196, 20.11091]]]}}, {"id": "820078", "type": "Feature", "properties": {"id": "820078", "CVEGEO": "1300200160144008", "POBTOT": 0.0, "score_nse": 0.0, "NSE": null, "VIVTOT": 0.0, "GRAPROES": 0.0, "_ent": "13", "_mun": "002", "_loc": "0016"}, "geometry": {"type": "Polygon", "coordinates": [[[-98.15675, 20.12718], [-98.1581, 20.12588], [-98.15865, 20.12628], [-98.15817, 20.12581], [-98.15861, 20.12538], [-98.15978, 20.12647], [-98.15895, 20.12729], [-98.15878, 20.12773], [-98.15804, 20.12831], [-98.15675, 20.12718]]]}}, {"id": "820079", "type": "Feature", "properties": {"id": "820079", "CVEGEO": "1300200160197015", "POBTOT": 77.0, "score_nse": 0.0, "NSE": "ND", "VIVTOT": 23.0, "GRAPROES": 5.37, "_ent": "13", "_mun": "002", "_loc": "0016"}, "geometry": {"type": "Polygon", "coordinates": [[[-98.18066, 20.11527], [-98.17982, 20.11373], [-98.17978, 20.11256], [-98.18016, 20.1117], [-98.18016, 20.11078], [-98.18125, 20.11164], [-98.18158, 20.11149], [-98.18192, 20.11101], [-98.18296, 20.11151], [-98.18291, 20.11174], [-98.18299, 20.11153], [-98.18368, 20.11208], [-98.1831, 20.11324], [-98.18344, 20.11469], [-98.18317, 20.11517], [-98.18203, 20.11439], [-98.18172, 20.11467], [-98.18123, 20.1142], [-98.18167, 20.11471], [-98.18118, 20.11529], [-98.18085, 20.11608], [-98.18066, 20.11527]]]}}, {"id": "820080", "type": "Feature", "properties": {"id": "820080", "CVEGEO": "1300200160197053", "POBTOT": 0.0, "score_nse": 0.0, "NSE": null, "VIVTOT": 0.0, "GRAPROES": 0.0, "_ent": "13", "_mun": "002", "_loc": "0016"}, "geometry": {"type": "Polygon", "coordinates": [[[-98.18123, 20.11532], [-98.18205, 20.11452], [-98.18314, 20.11522], [-98.18225, 20.11623], [-98.18123, 20.11532]]]}}, {"id": "820081", "type": "Feature", "properties": {"id": "820081", "CVEGEO": "1300200160271014", "POBTOT": 46.0, "score_nse": 0.0, "NSE": "ND", "VIVTOT": 8.0, "GRAPROES": 7.62, "_ent": "13", "_mun": "002", "_loc": "0016"}, "geometry": {"type": "Polygon", "coordinates": [[[-98.18835, 20.10598], [-98.18898, 20.1057], [-98.1905, 20.10567], [-98.18944, 20.10631], [-98.18951, 20.10802], [-98.18898, 20.10853], [-98.1883, 20.10808], [-98.18822, 20.10785], [-98.18807, 20.10643], [-98.18835, 20.10598]]]}}, {"id": "820082", "type": "Feature", "properties": {"id": "820082", "CVEGEO": "1300200160271016", "POBTOT": 0.0, "score_nse": 0.0, "NSE": null, "VIVTOT": 0.0, "GRAPROES": 0.0, "_ent": "13", "_mun": "002", "_loc": "0016"}, "geometry": {"type": "Polygon", "coordinates": [[[-98.18843, 20.11138], [-98.1887, 20.11097], [-98.18919, 20.11121], [-98.18874, 20.11093], [-98.18918, 20.11011], [-98.18904, 20.10856], [-98.18948, 20.10819], [-98.1895, 20.10886], [-98.18978, 20.10978], [-98.18972, 20.11026], [-98.18995, 20.11092], [-98.18989, 20.1113], [-98.18951, 20.11198], [-98.18843, 20.11138]]]}}, {"id": "820083", "type": "Feature", "properties": {"id": "820083", "CVEGEO": "1300200160106067", "POBTOT": 48.0, "score_nse": 0.0, "NSE": "ND", "VIVTOT": 9.0, "GRAPROES": 4.78, "_ent": "13", "_mun": "002", "_loc": "0016"}, "geometry": {"type": "Polygon", "coordinates": [[[-98.16247, 20.12516], [-98.16354, 20.1247], [-98.16367, 20.12425], [-98.16341, 20.12381], [-98.16346, 20.12352], [-98.16366, 20.12299], [-98.16427, 20.12225], [-98.16458, 20.12287], [-98.16424, 20.12448], [-98.16589, 20.12534], [-98.16502, 20.1269], [-98.16327, 20.1266], [-98.16345, 20.12579], [-98.16247, 20.12516]]]}}, {"id": "820122", "type": "Feature", "properties": {"id": "820122", "CVEGEO": "1300200160106052", "POBTOT": 21.0, "score_nse": 0.0, "NSE": "ND", "VIVTOT": 10.0, "GRAPROES": 5.71, "_ent": "13", "_mun": "002", "_loc": "0016"}, "geometry": {"type": "Polygon", "coordinates": [[[-98.16286, 20.13869], [-98.16354, 20.13944], [-98.16147, 20.14061], [-98.16121, 20.14032], [-98.1613, 20.1402], [-98.16118, 20.14029], [-98.16082, 20.13989], [-98.16207, 20.13899], [-98.16286, 20.13869]]]}}, {"id": "820123", "type": "Feature", "properties": {"id": "820123", "CVEGEO": "1300200160106069", "POBTOT": 33.0, "score_nse": 0.0, "NSE": "ND", "VIVTOT": 7.0, "GRAPROES": 6.0, "_ent": "13", "_mun": "002", "_loc": "0016"}, "geometry": {"type": "Polygon", "coordinates": [[[-98.17013, 20.12915], [-98.16962, 20.12957], [-98.16935, 20.12932], [-98.16956, 20.12961], [-98.16941, 20.12972], [-98.16905, 20.12941], [-98.16967, 20.12873], [-98.17013, 20.12915]]]}}, {"id": "820124", "type": "Feature", "properties": {"id": "820124", "CVEGEO": "1300200160106071", "POBTOT": 18.0, "score_nse": 0.0, "NSE": "ND", "VIVTOT": 5.0, "GRAPROES": 6.44, "_ent": "13", "_mun": "002", "_loc": "0016"}, "geometry": {"type": "Polygon", "coordinates": [[[-98.17001, 20.12809], [-98.17043, 20.12887], [-98.17021, 20.12911], [-98.16936, 20.12826], [-98.16966, 20.1277], [-98.16999, 20.12806], [-98.16979, 20.12823], [-98.17001, 20.12809]]]}}, {"id": "820125", "type": "Feature", "properties": {"id": "820125", "CVEGEO": "1300200160106073", "POBTOT": 3.0, "score_nse": 0.0, "NSE": "ND", "VIVTOT": 2.0, "GRAPROES": 0.0, "_ent": "13", "_mun": "002", "_loc": "0016"}, "geometry": {"type": "Polygon", "coordinates": [[[-98.17068, 20.1288], [-98.1705, 20.12886], [-98.1701, 20.12815], [-98.17149, 20.12762], [-98.17172, 20.12708], [-98.17192, 20.12704], [-98.17263, 20.12847], [-98.17125, 20.12882], [-98.17092, 20.12904], [-98.17068, 20.1288]]]}}, {"id": "820126", "type": "Feature", "properties": {"id": "820126", "CVEGEO": "1300200160106103", "POBTOT": 0.0, "score_nse": 0.0, "NSE": null, "VIVTOT": 0.0, "GRAPROES": 0.0, "_ent": "13", "_mun": "002", "_loc": "0016"}, "geometry": {"type": "Polygon", "coordinates": [[[-98.16143, 20.14063], [-98.16039, 20.14099], [-98.1589, 20.14128], [-98.16078, 20.13993], [-98.16143, 20.14063]]]}}, {"id": "820127", "type": "Feature", "properties": {"id": "820127", "CVEGEO": "1300200160106104", "POBTOT": 0.0, "score_nse": 0.0, "NSE": null, "VIVTOT": 0.0, "GRAPROES": 0.0, "_ent": "13", "_mun": "002", "_loc": "0016"}, "geometry": {"type": "Polygon", "coordinates": [[[-98.16805, 20.13074], [-98.16797, 20.13061], [-98.16819, 20.13046], [-98.16794, 20.13056], [-98.16774, 20.13031], [-98.16844, 20.12929], [-98.16915, 20.12954], [-98.16849, 20.13047], [-98.16805, 20.13074]]]}}, {"id": "820128", "type": "Feature", "properties": {"id": "820128", "CVEGEO": "1300200160182010", "POBTOT": 51.0, "score_nse": 0.0, "NSE": "ND", "VIVTOT": 14.0, "GRAPROES": 6.65, "_ent": "13", "_mun": "002", "_loc": "0016"}, "geometry": {"type": "Polygon", "coordinates": [[[-98.17751, 20.12791], [-98.17702, 20.12787], [-98.17631, 20.1275], [-98.1774, 20.12557], [-98.17809, 20.12589], [-98.17794, 20.12627], [-98.17808, 20.12636], [-98.1777, 20.12689], [-98.17763, 20.12763], [-98.17751, 20.12791]]]}}, {"id": "820129", "type": "Feature", "properties": {"id": "820129", "CVEGEO": "1300200160182039", "POBTOT": 0.0, "score_nse": 0.0, "NSE": null, "VIVTOT": 0.0, "GRAPROES": 0.0, "_ent": "13", "_mun": "002", "_loc": "0016"}, "geometry": {"type": "Polygon", "coordinates": [[[-98.17757, 20.12799], [-98.17815, 20.1264], [-98.17865, 20.12655], [-98.17874, 20.12782], [-98.17827, 20.12847], [-98.17757, 20.12799]]]}}, {"id": "820130", "type": "Feature", "properties": {"id": "820130", "CVEGEO": "1300200160197018", "POBTOT": 61.0, "score_nse": 0.0, "NSE": "ND", "VIVTOT": 15.0, "GRAPROES": 4.0, "_ent": "13", "_mun": "002", "_loc": "0016"}, "geometry": {"type": "Polygon", "coordinates": [[[-98.16874, 20.12668], [-98.16823, 20.12601], [-98.16941, 20.12475], [-98.1704, 20.12484], [-98.16946, 20.12471], [-98.17011, 20.12398], [-98.17134, 20.12397], [-98.17289, 20.12303], [-98.17396, 20.1231], [-98.17439, 20.12344], [-98.17493, 20.1235], [-98.1758, 20.12324], [-98.17652, 20.12271], [-98.17704, 20.12264], [-98.17737, 20.12297], [-98.17733, 20.12309], [-98.17681, 20.12297], [-98.17652, 20.12351], [-98.17623, 20.12363], [-98.17629, 20.12444], [-98.17516, 20.12456], [-98.17471, 20.12482], [-98.17446, 20.12523], [-98.17441, 20.12571], [-98.17377, 20.12617], [-98.17361, 20.12656], [-98.17273, 20.12658], [-98.1724, 20.12684], [-98.17062, 20.12663], [-98.16927, 20.1269], [-98.16874, 20.12668]]]}}, {"id": "820131", "type": "Feature", "properties": {"id": "820131", "CVEGEO": "1300200160197039", "POBTOT": 0.0, "score_nse": 0.0, "NSE": "ND", "VIVTOT": 0.0, "GRAPROES": 0.0, "_ent": "13", "_mun": "002", "_loc": "0016"}, "geometry": {"type": "Polygon", "coordinates": [[[-98.18404, 20.1219], [-98.18377, 20.1219], [-98.1828, 20.12142], [-98.18269, 20.12098], [-98.18283, 20.1207], [-98.18306, 20.12053], [-98.18362, 20.12066], [-98.1837, 20.12101], [-98.18367, 20.12065], [-98.18498, 20.12041], [-98.18485, 20.12146], [-98.18517, 20.12157], [-98.18458, 20.12228], [-98.18404, 20.1219]]]}}, {"id": "820147", "type": "Feature", "properties": {"id": "820147", "CVEGEO": "1300200160197004", "POBTOT": 12.0, "score_nse": 0.0, "NSE": "ND", "VIVTOT": 6.0, "GRAPROES": 5.22, "_ent": "13", "_mun": "002", "_loc": "0016"}, "geometry": {"type": "Polygon", "coordinates": [[[-98.17658, 20.1153], [-98.17666, 20.11495], [-98.17634, 20.11395], [-98.17747, 20.11249], [-98.17806, 20.11272], [-98.17771, 20.11352], [-98.17826, 20.11412], [-98.17818, 20.1145], [-98.17786, 20.11489], [-98.17787, 20.11523], [-98.1771, 20.11527], [-98.17687, 20.11546], [-98.17658, 20.1153]]]}}, {"id": "820148", "type": "Feature", "properties": {"id": "820148", "CVEGEO": "1300200160197044", "POBTOT": 25.0, "score_nse": 0.0, "NSE": "ND", "VIVTOT": 5.0, "GRAPROES": 5.44, "_ent": "13", "_mun": "002", "_loc": "0016"}, "geometry": {"type": "Polygon", "coordinates": [[[-98.17528, 20.11576], [-98.17645, 20.11542], [-98.17563, 20.11666], [-98.17499, 20.11633], [-98.17528, 20.11576]]]}}, {"id": "820149", "type": "Feature", "properties": {"id": "820149", "CVEGEO": "1300200160197054", "POBTOT": 0.0, "score_nse": 0.0, "NSE": null, "VIVTOT": 0.0, "GRAPROES": 0.0, "_ent": "13", "_mun": "002", "_loc": "0016"}, "geometry": {"type": "Polygon", "coordinates": [[[-98.17784, 20.11754], [-98.17722, 20.11762], [-98.17647, 20.11698], [-98.17571, 20.11666], [-98.17656, 20.11535], [-98.17693, 20.11551], [-98.17709, 20.11533], [-98.17785, 20.11535], [-98.17763, 20.11624], [-98.17784, 20.11754]]]}}, {"id": "820150", "type": "Feature", "properties": {"id": "820150", "CVEGEO": "1300200160271012", "POBTOT": 54.0, "score_nse": 0.0, "NSE": "ND", "VIVTOT": 15.0, "GRAPROES": 4.3, "_ent": "13", "_mun": "002", "_loc": "0016"}, "geometry": {"type": "Polygon", "coordinates": [[[-98.18804, 20.12123], [-98.18673, 20.12004], [-98.18666, 20.11939], [-98.18632, 20.11898], [-98.18669, 20.11802], [-98.1872, 20.11867], [-98.18755, 20.11898], [-98.18757, 20.1195], [-98.18818, 20.11988], [-98.18842, 20.11995], [-98.1882, 20.12037], [-98.18846, 20.11998], [-98.18759, 20.11948], [-98.18757, 20.11898], [-98.18671, 20.11792], [-98.18686, 20.11771], [-98.18715, 20.11742], [-98.18748, 20.1174], [-98.18842, 20.1176], [-98.1891, 20.11662], [-98.1897, 20.11657], [-98.1906, 20.11596], [-98.1907, 20.11525], [-98.19118, 20.11452], [-98.19218, 20.11406], [-98.19219, 20.1143], [-98.19179, 20.11448], [-98.19185, 20.11474], [-98.19168, 20.11499], [-98.19169, 20.11546], [-98.19185, 20.11569], [-98.19174, 20.1161], [-98.19128, 20.11651], [-98.19122, 20.11695], [-98.1909, 20.11727], [-98.19121, 20.11769], [-98.19114, 20.11812], [-98.19082, 20.11859], [-98.19035, 20.11886], [-98.19008, 20.1198], [-98.19015, 20.12026], [-98.18937, 20.12097], [-98.18901, 20.12169], [-98.18789, 20.12224], [-98.18804, 20.12123]]]}}, {"id": "820151", "type": "Feature", "properties": {"id": "820151", "CVEGEO": "1300200160271017", "POBTOT": 0.0, "score_nse": 0.0, "NSE": null, "VIVTOT": 0.0, "GRAPROES": 0.0, "_ent": "13", "_mun": "002", "_loc": "0016"}, "geometry": {"type": "Polygon", "coordinates": [[[-98.18753, 20.11734], [-98.18795, 20.11669], [-98.18858, 20.11675], [-98.18904, 20.1166], [-98.18836, 20.11752], [-98.18753, 20.11734]]]}}, {"id": "820152", "type": "Feature", "properties": {"id": "820152", "CVEGEO": "1300200160106012", "POBTOT": 37.0, "score_nse": 0.0, "NSE": "ND", "VIVTOT": 9.0, "GRAPROES": 5.56, "_ent": "13", "_mun": "002", "_loc": "0016"}, "geometry": {"type": "Polygon", "coordinates": [[[-98.16524, 20.13477], [-98.16579, 20.13378], [-98.16709, 20.13452], [-98.16621, 20.13544], [-98.16524, 20.13477]]]}}, {"id": "820153", "type": "Feature", "properties": {"id": "820153", "CVEGEO": "1300200160106022", "POBTOT": 49.0, "score_nse": 0.0, "NSE": "ND", "VIVTOT": 17.0, "GRAPROES": 6.35, "_ent": "13", "_mun": "002", "_loc": "0016"}, "geometry": {"type": "Polygon", "coordinates": [[[-98.17246, 20.13379], [-98.17189, 20.13333], [-98.17134, 20.13342], [-98.17143, 20.13315], [-98.17193, 20.13303], [-98.17395, 20.13295], [-98.17354, 20.13343], [-98.1737, 20.13359], [-98.17253, 20.13494], [-98.17246, 20.13379]]]}}, {"id": "820154", "type": "Feature", "properties": {"id": "820154", "CVEGEO": "1300200160106094", "POBTOT": 56.0, "score_nse": 0.0, "NSE": "ND", "VIVTOT": 11.0, "GRAPROES": 6.58, "_ent": "13", "_mun": "002", "_loc": "0016"}, "geometry": {"type": "Polygon", "coordinates": [[[-98.16708, 20.13442], [-98.16792, 20.13363], [-98.16863, 20.13424], [-98.16807, 20.13492], [-98.16708, 20.13442]]]}}, {"id": "820155", "type": "Feature", "properties": {"id": "820155", "CVEGEO": "1300200160106105", "POBTOT": 0.0, "score_nse": 0.0, "NSE": null, "VIVTOT": 0.0, "GRAPROES": 0.0, "_ent": "13", "_mun": "002", "_loc": "0016"}, "geometry": {"type": "Polygon", "coordinates": [[[-98.16625, 20.13547], [-98.16714, 20.13454], [-98.16805, 20.13495], [-98.16708, 20.13602], [-98.16625, 20.13547]]]}}, {"id": "820156", "type": "Feature", "properties": {"id": "820156", "CVEGEO": "1300200160106106", "POBTOT": 0.0, "score_nse": 0.0, "NSE": null, "VIVTOT": 0.0, "GRAPROES": 0.0, "_ent": "13", "_mun": "002", "_loc": "0016"}, "geometry": {"type": "Polygon", "coordinates": [[[-98.16795, 20.13361], [-98.16839, 20.13309], [-98.16903, 20.13372], [-98.16865, 20.1342], [-98.16795, 20.13361]]]}}, {"id": "820157", "type": "Feature", "properties": {"id": "820157", "CVEGEO": "1300200160106107", "POBTOT": 0.0, "score_nse": 0.0, "NSE": null, "VIVTOT": 0.0, "GRAPROES": 0.0, "_ent": "13", "_mun": "002", "_loc": "0016"}, "geometry": {"type": "Polygon", "coordinates": [[[-98.17257, 20.13501], [-98.17376, 20.13364], [-98.17446, 20.13423], [-98.17405, 20.13445], [-98.175, 20.1341], [-98.1743, 20.13484], [-98.17412, 20.13543], [-98.17327, 20.13543], [-98.17257, 20.13501]]]}}, {"id": "820158", "type": "Feature", "properties": {"id": "820158", "CVEGEO": "1300200160106108", "POBTOT": 0.0, "score_nse": 0.0, "NSE": null, "VIVTOT": 0.0, "GRAPROES": 0.0, "_ent": "13", "_mun": "002", "_loc": "0016"}, "geometry": {"type": "Polygon", "coordinates": [[[-98.17429, 20.13274], [-98.17503, 20.13336], [-98.17482, 20.13359], [-98.175, 20.13402], [-98.17453, 20.13419], [-98.17363, 20.13342], [-98.17429, 20.13274]]]}}, {"id": "820159", "type": "Feature", "properties": {"id": "820159", "CVEGEO": "1300200160182016", "POBTOT": 102.0, "score_nse": 24.0716, "NSE": "D", "VIVTOT": 27.0, "GRAPROES": 5.73, "_ent": "13", "_mun": "002", "_loc": "0016"}, "geometry": {"type": "Polygon", "coordinates": [[[-98.17146, 20.13308], [-98.17182, 20.13271], [-98.17079, 20.13206], [-98.17194, 20.13096], [-98.17142, 20.13051], [-98.17336, 20.12914], [-98.17397, 20.12969], [-98.17454, 20.12964], [-98.17425, 20.13], [-98.17417, 20.13064], [-98.17475, 20.13105], [-98.17455, 20.13115], [-98.17383, 20.13243], [-98.17391, 20.13288], [-98.17258, 20.13287], [-98.17146, 20.13308]]]}}, {"id": "820160", "type": "Feature", "properties": {"id": "820160", "CVEGEO": "1300200160182040", "POBTOT": 0.0, "score_nse": 0.0, "NSE": null, "VIVTOT": 0.0, "GRAPROES": 0.0, "_ent": "13", "_mun": "002", "_loc": "0016"}, "geometry": {"type": "Polygon", "coordinates": [[[-98.16986, 20.13291], [-98.17051, 20.13205], [-98.17174, 20.13272], [-98.1714, 20.13309], [-98.17063, 20.13336], [-98.16986, 20.13291]]]}}, {"id": "820232", "type": "Feature", "properties": {"id": "820232", "CVEGEO": "1300200160106004", "POBTOT": 17.0, "score_nse": 0.0, "NSE": "ND", "VIVTOT": 7.0, "GRAPROES": 4.5, "_ent": "13", "_mun": "002", "_loc": "0016"}, "geometry": {"type": "Polygon", "coordinates": [[[-98.16035, 20.13418], [-98.16004, 20.13439], [-98.15932, 20.13335], [-98.15996, 20.13444], [-98.15947, 20.13475], [-98.15846, 20.13272], [-98.15888, 20.13232], [-98.16035, 20.13418]]]}}, {"id": "820233", "type": "Feature", "properties": {"id": "820233", "CVEGEO": "1300200160106013", "POBTOT": 18.0, "score_nse": 0.0, "NSE": "ND", "VIVTOT": 7.0, "GRAPROES": 8.0, "_ent": "13", "_mun": "002", "_loc": "0016"}, "geometry": {"type": "Polygon", "coordinates": [[[-98.16523, 20.1379], [-98.16358, 20.13942], [-98.16288, 20.13865], [-98.16325, 20.13822], [-98.16282, 20.13866], [-98.16206, 20.13895], [-98.16371, 20.13672], [-98.16523, 20.1379]]]}}, {"id": "820234", "type": "Feature", "properties": {"id": "820234", "CVEGEO": "1300200160106014", "POBTOT": 63.0, "score_nse": 0.0, "NSE": "ND", "VIVTOT": 11.0, "GRAPROES": 6.36, "_ent": "13", "_mun": "002", "_loc": "0016"}, "geometry": {"type": "Polygon", "coordinates": [[[-98.15976, 20.12999], [-98.16008, 20.12995], [-98.16063, 20.13077], [-98.16005, 20.13087], [-98.15947, 20.13146], [-98.15884, 20.13167], [-98.1578, 20.13233], [-98.15615, 20.13273], [-98.15571, 20.13254], [-98.15574, 20.13216], [-98.15976, 20.12999]]]}}, {"id": "820235", "type": "Feature", "properties": {"id": "820235", "CVEGEO": "1300200160106028", "POBTOT": 43.0, "score_nse": 0.0, "NSE": "ND", "VIVTOT": 18.0, "GRAPROES": 5.24, "_ent": "13", "_mun": "002", "_loc": "0016"}, "geometry": {"type": "Polygon", "coordinates": [[[-98.16729, 20.13874], [-98.16821, 20.1382], [-98.16852, 20.13851], [-98.16869, 20.13857], [-98.16892, 20.13807], [-98.16864, 20.13853], [-98.16825, 20.13819], [-98.16922, 20.13739], [-98.16988, 20.13724], [-98.17063, 20.13678], [-98.17078, 20.13722], [-98.17049, 20.13742], [-98.17076, 20.13781], [-98.17057, 20.13744], [-98.17093, 20.13723], [-98.17136, 20.13746], [-98.1712, 20.13793], [-98.16783, 20.13939], [-98.16729, 20.13874]]]}}, {"id": "820236", "type": "Feature", "properties": {"id": "820236", "CVEGEO": "1300200160106035", "POBTOT": 112.0, "score_nse": 0.0, "NSE": "ND", "VIVTOT": 31.0, "GRAPROES": 6.02, "_ent": "13", "_mun": "002", "_loc": "0016"}, "geometry": {"type": "Polygon", "coordinates": [[[-98.15651, 20.14257], [-98.15657, 20.14233], [-98.15696, 20.1421], [-98.15853, 20.14146], [-98.1588, 20.14139], [-98.15915, 20.14195], [-98.15886, 20.14137], [-98.16056, 20.14108], [-98.1616, 20.14067], [-98.16197, 20.14099], [-98.16165, 20.14064], [-98.16362, 20.13954], [-98.16387, 20.1398], [-98.16517, 20.13948], [-98.16526, 20.13975], [-98.16412, 20.14036], [-98.16526, 20.13979], [-98.16538, 20.14004], [-98.1665, 20.13956], [-98.16729, 20.13883], [-98.1678, 20.13946], [-98.16124, 20.14225], [-98.1588, 20.14255], [-98.15651, 20.14257]]]}}, {"id": "820237", "type": "Feature", "properties": {"id": "820237", "CVEGEO": "1300200160106054", "POBTOT": 47.0, "score_nse": 0.0, "NSE": "ND", "VIVTOT": 8.0, "GRAPROES": 8.03, "_ent": "13", "_mun": "002", "_loc": "0016"}, "geometry": {"type": "Polygon", "coordinates": [[[-98.16185, 20.14227], [-98.16667, 20.14023], [-98.16814, 20.13989], [-98.16919, 20.14002], [-98.16933, 20.14035], [-98.16917, 20.14067], [-98.16844, 20.14042], [-98.16742, 20.14114], [-98.1673, 20.14218], [-98.16674, 20.14247], [-98.16616, 20.14316], [-98.16576, 20.14313], [-98.16491, 20.14216], [-98.16461, 20.14206], [-98.16361, 20.14227], [-98.16302, 20.14256], [-98.16141, 20.14417], [-98.15921, 20.14524], [-98.15809, 20.14522], [-98.15756, 20.14443], [-98.15681, 20.14393], [-98.15639, 20.14325], [-98.15646, 20.14277], [-98.15972, 20.1427], [-98.16185, 20.14227]]]}}, {"id": "820238", "type": "Feature", "properties": {"id": "820238", "CVEGEO": "1300200160106056", "POBTOT": 27.0, "score_nse": 0.0, "NSE": "ND", "VIVTOT": 11.0, "GRAPROES": 5.31, "_ent": "13", "_mun": "002", "_loc": "0016"}, "geometry": {"type": "Polygon", "coordinates": [[[-98.1618, 20.13299], [-98.16039, 20.13417], [-98.15991, 20.13334], [-98.15892, 20.13222], [-98.15917, 20.13186], [-98.15969, 20.13174], [-98.16042, 20.13121], [-98.16102, 20.13192], [-98.16058, 20.13245], [-98.16105, 20.13197], [-98.1618, 20.13299]]]}}, {"id": "820239", "type": "Feature", "properties": {"id": "820239", "CVEGEO": "1300200160106065", "POBTOT": 52.0, "score_nse": 0.0, "NSE": "ND", "VIVTOT": 20.0, "GRAPROES": 5.95, "_ent": "13", "_mun": "002", "_loc": "0016"}, "geometry": {"type": "Polygon", "coordinates": [[[-98.17122, 20.1297], [-98.17034, 20.13019], [-98.17007, 20.12969], [-98.17015, 20.12987], [-98.16998, 20.12999], [-98.17017, 20.12992], [-98.1703, 20.13023], [-98.16875, 20.13168], [-98.16838, 20.13123], [-98.16853, 20.13109], [-98.16834, 20.13119], [-98.16806, 20.13078], [-98.16854, 20.13049], [-98.1692, 20.12956], [-98.16957, 20.13022], [-98.16935, 20.13045], [-98.16962, 20.13023], [-98.16942, 20.12976], [-98.17017, 20.12919], [-98.17035, 20.12944], [-98.17022, 20.12915], [-98.17068, 20.12884], [-98.17122, 20.1297]]]}}, {"id": "820240", "type": "Feature", "properties": {"id": "820240", "CVEGEO": "1300200160106076", "POBTOT": 13.0, "score_nse": 0.0, "NSE": "ND", "VIVTOT": 5.0, "GRAPROES": 3.73, "_ent": "13", "_mun": "002", "_loc": "0016"}, "geometry": {"type": "Polygon", "coordinates": [[[-98.17133, 20.13348], [-98.17192, 20.13341], [-98.17239, 20.13377], [-98.17244, 20.13495], [-98.17147, 20.13582], [-98.17088, 20.13707], [-98.17052, 20.13557], [-98.17133, 20.13348]]]}}, {"id": "820241", "type": "Feature", "properties": {"id": "820241", "CVEGEO": "1300200160106077", "POBTOT": 19.0, "score_nse": 0.0, "NSE": "ND", "VIVTOT": 7.0, "GRAPROES": 7.0, "_ent": "13", "_mun": "002", "_loc": "0016"}, "geometry": {"type": "Polygon", "coordinates": [[[-98.17094, 20.13717], [-98.17107, 20.13685], [-98.17174, 20.13694], [-98.17194, 20.13716], [-98.17176, 20.13691], [-98.17213, 20.13653], [-98.17318, 20.13586], [-98.17398, 20.13574], [-98.17374, 20.13614], [-98.17359, 20.13733], [-98.17138, 20.13792], [-98.17144, 20.1374], [-98.17094, 20.13717]]]}}, {"id": "820242", "type": "Feature", "properties": {"id": "820242", "CVEGEO": "1300200160106081", "POBTOT": 64.0, "score_nse": 0.0, "NSE": "ND", "VIVTOT": 13.0, "GRAPROES": 5.13, "_ent": "13", "_mun": "002", "_loc": "0016"}, "geometry": {"type": "Polygon", "coordinates": [[[-98.16304, 20.13195], [-98.16239, 20.13244], [-98.16175, 20.13164], [-98.1612, 20.1321], [-98.16049, 20.1312], [-98.16076, 20.13084], [-98.16188, 20.13042], [-98.16304, 20.13195]]]}}, {"id": "820243", "type": "Feature", "properties": {"id": "820243", "CVEGEO": "1300200160106109", "POBTOT": 0.0, "score_nse": 0.0, "NSE": null, "VIVTOT": 0.0, "GRAPROES": 0.0, "_ent": "13", "_mun": "002", "_loc": "0016"}, "geometry": {"type": "Polygon", "coordinates": [[[-98.16235, 20.13247], [-98.16183, 20.13296], [-98.16123, 20.13214], [-98.16175, 20.1317], [-98.16235, 20.13247]]]}}, {"id": "820244", "type": "Feature", "properties": {"id": "820244", "CVEGEO": "1300200160144004", "POBTOT": 82.0, "score_nse": 0.0, "NSE": "ND", "VIVTOT": 18.0, "GRAPROES": 5.42, "_ent": "13", "_mun": "002", "_loc": "0016"}, "geometry": {"type": "Polygon", "coordinates": [[[-98.15799, 20.12834], [-98.15652, 20.12904], [-98.15601, 20.12989], [-98.15484, 20.13078], [-98.15442, 20.12971], [-98.15681, 20.12731], [-98.15799, 20.12834]]]}}, {"id": "820245", "type": "Feature", "properties": {"id": "820245", "CVEGEO": "1300200160144006", "POBTOT": 25.0, "score_nse": 0.0, "NSE": "ND", "VIVTOT": 6.0, "GRAPROES": 5.69, "_ent": "13", "_mun": "002", "_loc": "0016"}, "geometry": {"type": "Polygon", "coordinates": [[[-98.1588, 20.12888], [-98.15922, 20.12892], [-98.15976, 20.12934], [-98.15978, 20.12987], [-98.15729, 20.13134], [-98.15582, 20.13201], [-98.15559, 20.13228], [-98.15564, 20.13256], [-98.15487, 20.13201], [-98.15478, 20.13182], [-98.15594, 20.13135], [-98.15774, 20.13003], [-98.15863, 20.12929], [-98.1588, 20.12888]]]}}, {"id": "820246", "type": "Feature", "properties": {"id": "820246", "CVEGEO": "1300200160159003", "POBTOT": 32.0, "score_nse": 0.0, "NSE": "ND", "VIVTOT": 10.0, "GRAPROES": 3.89, "_ent": "13", "_mun": "002", "_loc": "0016"}, "geometry": {"type": "Polygon", "coordinates": [[[-98.18438, 20.10569], [-98.18446, 20.10446], [-98.18674, 20.10301], [-98.18733, 20.10306], [-98.18682, 20.10297], [-98.18775, 20.10225], [-98.18837, 20.1015], [-98.18911, 20.10208], [-98.18924, 20.10263], [-98.19008, 20.1032], [-98.19001, 20.1044], [-98.18952, 20.10483], [-98.18804, 20.10512], [-98.18862, 20.10505], [-98.18824, 20.10583], [-98.18816, 20.10556], [-98.18775, 20.10532], [-98.18733, 20.10543], [-98.18772, 20.10536], [-98.18815, 20.10566], [-98.18821, 20.106], [-98.18793, 20.10659], [-98.1853, 20.10784], [-98.18495, 20.10838], [-98.1849, 20.10915], [-98.18468, 20.10967], [-98.18428, 20.10809], [-98.18457, 20.10692], [-98.18438, 20.10569]]]}}, {"id": "820247", "type": "Feature", "properties": {"id": "820247", "CVEGEO": "1300200160159016", "POBTOT": 1.0, "score_nse": 0.0, "NSE": "ND", "VIVTOT": 1.0, "GRAPROES": 0.0, "_ent": "13", "_mun": "002", "_loc": "0016"}, "geometry": {"type": "Polygon", "coordinates": [[[-98.18935, 20.10261], [-98.18919, 20.10209], [-98.18938, 20.10217], [-98.18847, 20.10147], [-98.1887, 20.10122], [-98.18932, 20.10101], [-98.18938, 20.10079], [-98.19023, 20.102], [-98.18935, 20.10261]]]}}, {"id": "820248", "type": "Feature", "properties": {"id": "820248", "CVEGEO": "1300200160159021", "POBTOT": 0.0, "score_nse": 0.0, "NSE": null, "VIVTOT": 0.0, "GRAPROES": 0.0, "_ent": "13", "_mun": "002", "_loc": "0016"}, "geometry": {"type": "Polygon", "coordinates": [[[-98.18441, 20.10265], [-98.18464, 20.10225], [-98.18538, 20.10259], [-98.18589, 20.10245], [-98.18667, 20.10301], [-98.18449, 20.10437], [-98.18441, 20.10265]]]}}, {"id": "820249", "type": "Feature", "properties": {"id": "820249", "CVEGEO": "1300200160182002", "POBTOT": 56.0, "score_nse": 0.0, "NSE": "ND", "VIVTOT": 12.0, "GRAPROES": 6.54, "_ent": "13", "_mun": "002", "_loc": "0016"}, "geometry": {"type": "Polygon", "coordinates": [[[-98.17563, 20.12825], [-98.17627, 20.12754], [-98.17702, 20.12795], [-98.17742, 20.12796], [-98.17802, 20.12842], [-98.17697, 20.12952], [-98.17705, 20.12964], [-98.17667, 20.13007], [-98.17664, 20.1302], [-98.17693, 20.13035], [-98.17774, 20.13026], [-98.17722, 20.13075], [-98.17688, 20.13049], [-98.17718, 20.1308], [-98.17693, 20.13111], [-98.1758, 20.13016], [-98.17577, 20.12934], [-98.17601, 20.12906], [-98.17577, 20.12884], [-98.17563, 20.12825]]]}}, {"id": "820250", "type": "Feature", "properties": {"id": "820250", "CVEGEO": "1300200160182003", "POBTOT": 21.0, "score_nse": 17.2, "NSE": "E", "VIVTOT": 4.0, "GRAPROES": 5.0, "_ent": "13", "_mun": "002", "_loc": "0016"}, "geometry": {"type": "Polygon", "coordinates": [[[-98.18051, 20.12768], [-98.17951, 20.12978], [-98.17853, 20.13073], [-98.17823, 20.13078], [-98.17792, 20.13058], [-98.17787, 20.13035], [-98.17849, 20.12888], [-98.17938, 20.1286], [-98.18051, 20.12768]]]}}, {"id": "820251", "type": "Feature", "properties": {"id": "820251", "CVEGEO": "1300200160182005", "POBTOT": 0.0, "score_nse": 0.0, "NSE": "ND", "VIVTOT": 0.0, "GRAPROES": 0.0, "_ent": "13", "_mun": "002", "_loc": "0016"}, "geometry": {"type": "Polygon", "coordinates": [[[-98.17937, 20.13006], [-98.17929, 20.13121], [-98.1794, 20.13212], [-98.17905, 20.13172], [-98.17896, 20.13129], [-98.17912, 20.13029], [-98.17937, 20.13006]]]}}, {"id": "820252", "type": "Feature", "properties": {"id": "820252", "CVEGEO": "1300200160182006", "POBTOT": 6.0, "score_nse": 0.0, "NSE": "ND", "VIVTOT": 2.0, "GRAPROES": 0.0, "_ent": "13", "_mun": "002", "_loc": "0016"}, "geometry": {"type": "Polygon", "coordinates": [[[-98.17953, 20.13248], [-98.17933, 20.1329], [-98.17844, 20.13532], [-98.17767, 20.13384], [-98.17769, 20.13306], [-98.17887, 20.13136], [-98.17953, 20.13248]]]}}, {"id": "820253", "type": "Feature", "properties": {"id": "820253", "CVEGEO": "1300200160182008", "POBTOT": 50.0, "score_nse": 0.0, "NSE": "ND", "VIVTOT": 15.0, "GRAPROES": 4.69, "_ent": "13", "_mun": "002", "_loc": "0016"}, "geometry": {"type": "Polygon", "coordinates": [[[-98.17505, 20.13125], [-98.17593, 20.13047], [-98.17689, 20.13117], [-98.17605, 20.13208], [-98.1756, 20.13152], [-98.17505, 20.13125]]]}}, {"id": "820254", "type": "Feature", "properties": {"id": "820254", "CVEGEO": "1300200160182011", "POBTOT": 62.0, "score_nse": 0.0, "NSE": "ND", "VIVTOT": 20.0, "GRAPROES": 6.84, "_ent": "13", "_mun": "002", "_loc": "0016"}, "geometry": {"type": "Polygon", "coordinates": [[[-98.17875, 20.12659], [-98.17909, 20.12584], [-98.17933, 20.12589], [-98.17977, 20.12539], [-98.18119, 20.12439], [-98.18065, 20.12573], [-98.18045, 20.12715], [-98.17938, 20.12854], [-98.17849, 20.12884], [-98.17835, 20.12857], [-98.17885, 20.12765], [-98.17875, 20.12659]]]}}, {"id": "820255", "type": "Feature", "properties": {"id": "820255", "CVEGEO": "1300200160182025", "POBTOT": 24.0, "score_nse": 0.0, "NSE": "ND", "VIVTOT": 11.0, "GRAPROES": 3.86, "_ent": "13", "_mun": "002", "_loc": "0016"}, "geometry": {"type": "Polygon", "coordinates": [[[-98.18059, 20.13741], [-98.17512, 20.13718], [-98.1752, 20.13694], [-98.17574, 20.13702], [-98.17628, 20.13681], [-98.1764, 20.13698], [-98.17634, 20.13679], [-98.17712, 20.1363], [-98.17765, 20.13677], [-98.17821, 20.13634], [-98.1785, 20.13557], [-98.1788, 20.13577], [-98.17987, 20.1354], [-98.18031, 20.13574], [-98.18033, 20.13709], [-98.18059, 20.13741]]]}}, {"id": "820256", "type": "Feature", "properties": {"id": "820256", "CVEGEO": "1300200160182030", "POBTOT": 4.0, "score_nse": 0.0, "NSE": "ND", "VIVTOT": 1.0, "GRAPROES": 0.0, "_ent": "13", "_mun": "002", "_loc": "0016"}, "geometry": {"type": "Polygon", "coordinates": [[[-98.18071, 20.1258], [-98.18133, 20.12429], [-98.18177, 20.12398], [-98.18167, 20.12501], [-98.1808, 20.12585], [-98.18076, 20.12729], [-98.17992, 20.128], [-98.18056, 20.12714], [-98.18071, 20.1258]]]}}, {"id": "820257", "type": "Feature", "properties": {"id": "820257", "CVEGEO": "1300200160182041", "POBTOT": 0.0, "score_nse": 0.0, "NSE": null, "VIVTOT": 0.0, "GRAPROES": 0.0, "_ent": "13", "_mun": "002", "_loc": "0016"}, "geometry": {"type": "Polygon", "coordinates": [[[-98.17808, 20.12844], [-98.17836, 20.12867], [-98.1784, 20.12897], [-98.17796, 20.13], [-98.1778, 20.1302], [-98.17677, 20.13028], [-98.17672, 20.13007], [-98.17711, 20.12964], [-98.17703, 20.12954], [-98.17808, 20.12844]]]}}, {"id": "820258", "type": "Feature", "properties": {"id": "820258", "CVEGEO": "1300200160182042", "POBTOT": 0.0, "score_nse": 0.0, "NSE": null, "VIVTOT": 0.0, "GRAPROES": 0.0, "_ent": "13", "_mun": "002", "_loc": "0016"}, "geometry": {"type": "Polygon", "coordinates": [[[-98.17435, 20.13262], [-98.17517, 20.13141], [-98.17558, 20.13159], [-98.17599, 20.13215], [-98.17511, 20.13333], [-98.17435, 20.13262]]]}}, {"id": "820259", "type": "Feature", "properties": {"id": "820259", "CVEGEO": "1300200160182043", "POBTOT": 0.0, "score_nse": 0.0, "NSE": null, "VIVTOT": 0.0, "GRAPROES": 0.0, "_ent": "13", "_mun": "002", "_loc": "0016"}, "geometry": {"type": "Polygon", "coordinates": [[[-98.17458, 20.13131], [-98.17513, 20.1314], [-98.17399, 20.13287], [-98.17389, 20.1325], [-98.17458, 20.13131]]]}}, {"id": "820260", "type": "Feature", "properties": {"id": "820260", "CVEGEO": "1300200160182044", "POBTOT": 0.0, "score_nse": 0.0, "NSE": null, "VIVTOT": 0.0, "GRAPROES": 0.0, "_ent": "13", "_mun": "002", "_loc": "0016"}, "geometry": {"type": "Polygon", "coordinates": [[[-98.17718, 20.13626], [-98.17841, 20.13543], [-98.17847, 20.1355], [-98.17816, 20.13626], [-98.17766, 20.13668], [-98.17718, 20.13626]]]}}, {"id": "820261", "type": "Feature", "properties": {"id": "820261", "CVEGEO": "1300200160197002", "POBTOT": 69.0, "score_nse": 0.0, "NSE": "ND", "VIVTOT": 23.0, "GRAPROES": 6.2, "_ent": "13", "_mun": "002", "_loc": "0016"}, "geometry": {"type": "Polygon", "coordinates": [[[-98.17281, 20.1196], [-98.17335, 20.1189], [-98.17367, 20.1189], [-98.17361, 20.11795], [-98.17424, 20.11788], [-98.17464, 20.11835], [-98.17472, 20.11873], [-98.1745, 20.11918], [-98.17497, 20.11871], [-98.17497, 20.11851], [-98.17476, 20.11883], [-98.17468, 20.11832], [-98.17426, 20.11785], [-98.17492, 20.11641], [-98.17628, 20.11699], [-98.17707, 20.11765], [-98.17693, 20.1187], [-98.17668, 20.11863], [-98.17633, 20.11956], [-98.17579, 20.11999], [-98.17523, 20.12084], [-98.17359, 20.11975], [-98.17281, 20.1196]]]}}, {"id": "820262", "type": "Feature", "properties": {"id": "820262", "CVEGEO": "1300200160197028", "POBTOT": 21.0, "score_nse": 0.0, "NSE": "ND", "VIVTOT": 3.0, "GRAPROES": 5.87, "_ent": "13", "_mun": "002", "_loc": "0016"}, "geometry": {"type": "Polygon", "coordinates": [[[-98.1793, 20.12073], [-98.17839, 20.12011], [-98.1783, 20.11979], [-98.17862, 20.11937], [-98.17927, 20.11938], [-98.17925, 20.11959], [-98.17955, 20.1196], [-98.1793, 20.12073]]]}}, {"id": "820263", "type": "Feature", "properties": {"id": "820263", "CVEGEO": "1300200160197031", "POBTOT": 18.0, "score_nse": 0.0, "NSE": "ND", "VIVTOT": 6.0, "GRAPROES": 5.42, "_ent": "13", "_mun": "002", "_loc": "0016"}, "geometry": {"type": "Polygon", "coordinates": [[[-98.18076, 20.11751], [-98.18083, 20.11685], [-98.18117, 20.11819], [-98.18049, 20.11946], [-98.17987, 20.11883], [-98.18076, 20.11751]]]}}, {"id": "820264", "type": "Feature", "properties": {"id": "820264", "CVEGEO": "1300200160197032", "POBTOT": 27.0, "score_nse": 0.0, "NSE": "ND", "VIVTOT": 5.0, "GRAPROES": 5.86, "_ent": "13", "_mun": "002", "_loc": "0016"}, "geometry": {"type": "Polygon", "coordinates": [[[-98.17666, 20.12142], [-98.1768, 20.12052], [-98.17783, 20.12057], [-98.17765, 20.12126], [-98.17778, 20.12236], [-98.17744, 20.12298], [-98.17689, 20.12232], [-98.17673, 20.12182], [-98.1763, 20.12151], [-98.17666, 20.12142]]]}}, {"id": "820265", "type": "Feature", "properties": {"id": "820265", "CVEGEO": "1300200160197037", "POBTOT": 59.0, "score_nse": 0.0, "NSE": "ND", "VIVTOT": 16.0, "GRAPROES": 5.13, "_ent": "13", "_mun": "002", "_loc": "0016"}, "geometry": {"type": "Polygon", "coordinates": [[[-98.18228, 20.11991], [-98.18216, 20.11831], [-98.18186, 20.11798], [-98.18178, 20.11687], [-98.18193, 20.11675], [-98.1828, 20.1173], [-98.1833, 20.11736], [-98.18281, 20.11724], [-98.18196, 20.11669], [-98.18252, 20.11608], [-98.18298, 20.11601], [-98.18339, 20.11619], [-98.18364, 20.11596], [-98.18477, 20.11682], [-98.18562, 20.11696], [-98.18499, 20.11779], [-98.18521, 20.1176], [-98.18519, 20.11807], [-98.18455, 20.11902], [-98.18364, 20.1189], [-98.18317, 20.11902], [-98.18273, 20.11971], [-98.18228, 20.11991]]]}}, {"id": "820266", "type": "Feature", "properties": {"id": "820266", "CVEGEO": "1300200160197041", "POBTOT": 9.0, "score_nse": 0.0, "NSE": "ND", "VIVTOT": 4.0, "GRAPROES": 0.0, "_ent": "13", "_mun": "002", "_loc": "0016"}, "geometry": {"type": "Polygon", "coordinates": [[[-98.18369, 20.11586], [-98.18403, 20.11505], [-98.18449, 20.11508], [-98.18484, 20.11463], [-98.18611, 20.11516], [-98.18587, 20.11665], [-98.1857, 20.11691], [-98.18477, 20.11675], [-98.18399, 20.11616], [-98.18369, 20.11586]]]}}, {"id": "820267", "type": "Feature", "properties": {"id": "820267", "CVEGEO": "1300200160197046", "POBTOT": 23.0, "score_nse": 18.42, "NSE": "D", "VIVTOT": 8.0, "GRAPROES": 5.36, "_ent": "13", "_mun": "002", "_loc": "0016"}, "geometry": {"type": "Polygon", "coordinates": [[[-98.18398, 20.11502], [-98.18334, 20.11613], [-98.18267, 20.11592], [-98.18354, 20.11468], [-98.18398, 20.11502]]]}}, {"id": "820268", "type": "Feature", "properties": {"id": "820268", "CVEGEO": "1300200160197047", "POBTOT": 28.0, "score_nse": 0.0, "NSE": "ND", "VIVTOT": 10.0, "GRAPROES": 6.41, "_ent": "13", "_mun": "002", "_loc": "0016"}, "geometry": {"type": "Polygon", "coordinates": [[[-98.18045, 20.11952], [-98.17973, 20.12089], [-98.17935, 20.12071], [-98.17961, 20.11959], [-98.1793, 20.11952], [-98.17936, 20.11932], [-98.17984, 20.11888], [-98.18045, 20.11952]]]}}, {"id": "820269", "type": "Feature", "properties": {"id": "820269", "CVEGEO": "1300200160197055", "POBTOT": 0.0, "score_nse": 0.0, "NSE": null, "VIVTOT": 0.0, "GRAPROES": 0.0, "_ent": "13", "_mun": "002", "_loc": "0016"}, "geometry": {"type": "Polygon", "coordinates": [[[-98.17376, 20.11657], [-98.17414, 20.11617], [-98.17484, 20.11639], [-98.17419, 20.11779], [-98.17353, 20.11787], [-98.17361, 20.11883], [-98.17331, 20.11884], [-98.17272, 20.11958], [-98.17255, 20.11955], [-98.17286, 20.11835], [-98.17267, 20.11754], [-98.17326, 20.11667], [-98.17376, 20.11657]]]}}, {"id": "820276", "type": "Feature", "properties": {"id": "820276", "CVEGEO": "1300200160197048", "POBTOT": 24.0, "score_nse": 18.18, "NSE": "D", "VIVTOT": 5.0, "GRAPROES": 6.85, "_ent": "13", "_mun": "002", "_loc": "0016"}, "geometry": {"type": "Polygon", "coordinates": [[[-98.18216, 20.11629], [-98.18161, 20.11692], [-98.18122, 20.11809], [-98.18088, 20.11664], [-98.1812, 20.11538], [-98.18216, 20.11629]]]}}, {"id": "820277", "type": "Feature", "properties": {"id": "820277", "CVEGEO": "1300200160197020", "POBTOT": 50.0, "score_nse": 0.0, "NSE": "ND", "VIVTOT": 12.0, "GRAPROES": 5.47, "_ent": "13", "_mun": "002", "_loc": "0016"}, "geometry": {"type": "Polygon", "coordinates": [[[-98.16776, 20.12151], [-98.16727, 20.12147], [-98.16821, 20.11867], [-98.16852, 20.11889], [-98.16824, 20.1186], [-98.16862, 20.11755], [-98.16948, 20.11785], [-98.17029, 20.1172], [-98.17084, 20.11722], [-98.17116, 20.11834], [-98.17137, 20.1186], [-98.17077, 20.1189], [-98.16988, 20.12044], [-98.1706, 20.12189], [-98.16992, 20.12244], [-98.16912, 20.12252], [-98.16876, 20.12197], [-98.16776, 20.12151]]]}}, {"id": "820278", "type": "Feature", "properties": {"id": "820278", "CVEGEO": "1300200160197021", "POBTOT": 45.0, "score_nse": 11.998, "NSE": "E", "VIVTOT": 8.0, "GRAPROES": 4.0, "_ent": "13", "_mun": "002", "_loc": "0016"}, "geometry": {"type": "Polygon", "coordinates": [[[-98.17042, 20.11533], [-98.17094, 20.11673], [-98.17084, 20.11718], [-98.17033, 20.11711], [-98.16942, 20.11774], [-98.16866, 20.1175], [-98.1702, 20.11276], [-98.17052, 20.11376], [-98.17042, 20.11533]]]}}, {"id": "820286", "type": "Feature", "properties": {"id": "820286", "CVEGEO": "1300200160271006", "POBTOT": 50.0, "score_nse": 0.0, "NSE": "ND", "VIVTOT": 14.0, "GRAPROES": 5.7, "_ent": "13", "_mun": "002", "_loc": "0016"}, "geometry": {"type": "Polygon", "coordinates": [[[-98.18982, 20.11645], [-98.18801, 20.1166], [-98.18846, 20.11587], [-98.18896, 20.11552], [-98.1895, 20.114], [-98.19009, 20.11406], [-98.19029, 20.11362], [-98.1913, 20.11323], [-98.19221, 20.11213], [-98.19237, 20.11288], [-98.19212, 20.11397], [-98.19168, 20.11429], [-98.19113, 20.11443], [-98.19068, 20.11511], [-98.19064, 20.11578], [-98.18982, 20.11645]]]}}, {"id": "820288", "type": "Feature", "properties": {"id": "820288", "CVEGEO": "1300200160159008", "POBTOT": 10.0, "score_nse": 0.0, "NSE": "ND", "VIVTOT": 4.0, "GRAPROES": 3.38, "_ent": "13", "_mun": "002", "_loc": "0016"}, "geometry": {"type": "Polygon", "coordinates": [[[-98.18224, 20.10317], [-98.18221, 20.10293], [-98.18221, 20.10318], [-98.18198, 20.10298], [-98.18226, 20.10342], [-98.18204, 20.10386], [-98.18033, 20.10572], [-98.18015, 20.10755], [-98.17971, 20.10789], [-98.17963, 20.10825], [-98.17904, 20.10869], [-98.17871, 20.10859], [-98.17847, 20.10833], [-98.18065, 20.10297], [-98.18353, 20.10168], [-98.18928, 20.1007], [-98.18921, 20.10091], [-98.1884, 20.10128], [-98.18767, 20.10226], [-98.18676, 20.10295], [-98.18606, 20.1024], [-98.18535, 20.10249], [-98.18508, 20.10235], [-98.18503, 20.10204], [-98.18504, 20.10233], [-98.1846, 20.10215], [-98.18469, 20.10189], [-98.18456, 20.10212], [-98.18388, 20.10232], [-98.18417, 20.10185], [-98.18408, 20.10181], [-98.18382, 20.10233], [-98.18296, 20.1026], [-98.18224, 20.10317]]]}}]}