{"type": "FeatureCollection", "features": [{"id": "1609247", "type": "Feature", "properties": {"id": "1609247", "CVEGEO": "2032400010152073", "POBTOT": 0.0, "score_nse": 0.0, "NSE": "ND", "VIVTOT": 0.0, "GRAPROES": 0.0, "_ent": "20", "_mun": "324", "_loc": "0001"}, "geometry": {"type": "Polygon", "coordinates": [[[-96.47648, 15.75073], [-96.47642, 15.75043], [-96.47695, 15.75064], [-96.47668, 15.75085], [-96.47648, 15.75073]]]}}, {"id": "1609248", "type": "Feature", "properties": {"id": "1609248", "CVEGEO": "2032400010152070", "POBTOT": 29.0, "score_nse": 0.0, "NSE": "ND", "VIVTOT": 8.0, "GRAPROES": 6.71, "_ent": "20", "_mun": "324", "_loc": "0001"}, "geometry": {"type": "Polygon", "coordinates": [[[-96.4722, 15.75049], [-96.4725, 15.74966], [-96.47266, 15.74967], [-96.4722, 15.75049]]]}}, {"id": "1609249", "type": "Feature", "properties": {"id": "1609249", "CVEGEO": "2032400010152069", "POBTOT": 4.0, "score_nse": 0.0, "NSE": "ND", "VIVTOT": 1.0, "GRAPROES": 0.0, "_ent": "20", "_mun": "324", "_loc": "0001"}, "geometry": {"type": "Polygon", "coordinates": [[[-96.47639, 15.75047], [-96.47644, 15.7508], [-96.47564, 15.75001], [-96.47579, 15.74942], [-96.476, 15.75005], [-96.47639, 15.75047]]]}}, {"id": "1609250", "type": "Feature", "properties": {"id": "1609250", "CVEGEO": "2032400010152068", "POBTOT": 55.0, "score_nse": 55.228, "NSE": "C", "VIVTOT": 15.0, "GRAPROES": 8.9, "_ent": "20", "_mun": "324", "_loc": "0001"}, "geometry": {"type": "Polygon", "coordinates": [[[-96.47055, 15.75037], [-96.47095, 15.75006], [-96.47095, 15.74976], [-96.47135, 15.75008], [-96.47155, 15.75066], [-96.47055, 15.75037]]]}}, {"id": "1609251", "type": "Feature", "properties": {"id": "1609251", "CVEGEO": "2032400010152067", "POBTOT": 3.0, "score_nse": 0.0, "NSE": "ND", "VIVTOT": 3.0, "GRAPROES": 0.0, "_ent": "20", "_mun": "324", "_loc": "0001"}, "geometry": {"type": "Polygon", "coordinates": [[[-96.4657, 15.75723], [-96.4659, 15.75695], [-96.46657, 15.75739], [-96.46636, 15.75768], [-96.4657, 15.75723]]]}}, {"id": "1609252", "type": "Feature", "properties": {"id": "1609252", "CVEGEO": "2032400010152066", "POBTOT": 20.0, "score_nse": 0.0, "NSE": "ND", "VIVTOT": 3.0, "GRAPROES": 4.6, "_ent": "20", "_mun": "324", "_loc": "0001"}, "geometry": {"type": "Polygon", "coordinates": [[[-96.46583, 15.75828], [-96.46528, 15.75785], [-96.46545, 15.7576], [-96.4661, 15.75803], [-96.46583, 15.75828]]]}}, {"id": "1609263", "type": "Feature", "properties": {"id": "1609263", "CVEGEO": "2032400010133047", "POBTOT": 14.0, "score_nse": 0.0, "NSE": "ND", "VIVTOT": 4.0, "GRAPROES": 8.45, "_ent": "20", "_mun": "324", "_loc": "0001"}, "geometry": {"type": "Polygon", "coordinates": [[[-96.45914, 15.75207], [-96.45966, 15.75184], [-96.45984, 15.75212], [-96.46039, 15.75223], [-96.4603, 15.75263], [-96.45938, 15.7525], [-96.45914, 15.75207]]]}}, {"id": "1609285", "type": "Feature", "properties": {"id": "1609285", "CVEGEO": "2032400010171051", "POBTOT": 16.0, "score_nse": 69.92, "NSE": "C", "VIVTOT": 6.0, "GRAPROES": 11.6, "_ent": "20", "_mun": "324", "_loc": "0001"}, "geometry": {"type": "Polygon", "coordinates": [[[-96.46558, 15.74252], [-96.46618, 15.74234], [-96.46634, 15.7424], [-96.46599, 15.74264], [-96.46568, 15.74325], [-96.46542, 15.74309], [-96.46558, 15.74252]]]}}, {"id": "1609286", "type": "Feature", "properties": {"id": "1609286", "CVEGEO": "2032400010171049", "POBTOT": 0.0, "score_nse": 0.0, "NSE": "ND", "VIVTOT": 0.0, "GRAPROES": 0.0, "_ent": "20", "_mun": "324", "_loc": "0001"}, "geometry": {"type": "Polygon", "coordinates": [[[-96.4654, 15.739], [-96.46569, 15.7373], [-96.46614, 15.73749], [-96.46651, 15.73861], [-96.46628, 15.7391], [-96.4654, 15.739]]]}}, {"id": "1609287", "type": "Feature", "properties": {"id": "1609287", "CVEGEO": "2032400010171048", "POBTOT": 39.0, "score_nse": 0.0, "NSE": "ND", "VIVTOT": 13.0, "GRAPROES": 7.13, "_ent": "20", "_mun": "324", "_loc": "0001"}, "geometry": {"type": "Polygon", "coordinates": [[[-96.46405, 15.73807], [-96.4637, 15.7388], [-96.46341, 15.73873], [-96.46352, 15.73839], [-96.46405, 15.73807]]]}}, {"id": "1609288", "type": "Feature", "properties": {"id": "1609288", "CVEGEO": "2032400010171047", "POBTOT": 47.0, "score_nse": 0.0, "NSE": "ND", "VIVTOT": 12.0, "GRAPROES": 9.65, "_ent": "20", "_mun": "324", "_loc": "0001"}, "geometry": {"type": "Polygon", "coordinates": [[[-96.46426, 15.7387], [-96.46461, 15.73782], [-96.46535, 15.73757], [-96.46538, 15.73773], [-96.46538, 15.73756], [-96.46555, 15.73754], [-96.46536, 15.739], [-96.46499, 15.73893], [-96.46487, 15.73845], [-96.46489, 15.73874], [-96.46426, 15.7387]]]}}, {"id": "1609289", "type": "Feature", "properties": {"id": "1609289", "CVEGEO": "2032400010171018", "POBTOT": 60.0, "score_nse": 0.0, "NSE": "ND", "VIVTOT": 33.0, "GRAPROES": 9.16, "_ent": "20", "_mun": "324", "_loc": "0001"}, "geometry": {"type": "Polygon", "coordinates": [[[-96.46463, 15.74524], [-96.46472, 15.74553], [-96.46453, 15.74588], [-96.46414, 15.74496], [-96.46443, 15.74473], [-96.4648, 15.74492], [-96.46475, 15.7453], [-96.46463, 15.74524]]]}}, {"id": "1609290", "type": "Feature", "properties": {"id": "1609290", "CVEGEO": "2032400010171016", "POBTOT": 153.0, "score_nse": 0.0, "NSE": "ND", "VIVTOT": 49.0, "GRAPROES": 9.83, "_ent": "20", "_mun": "324", "_loc": "0001"}, "geometry": {"type": "Polygon", "coordinates": [[[-96.46664, 15.74153], [-96.46654, 15.74235], [-96.46591, 15.7422], [-96.46633, 15.74081], [-96.46662, 15.74041], [-96.46727, 15.74006], [-96.4676, 15.74005], [-96.46785, 15.74052], [-96.46796, 15.74179], [-96.46722, 15.7425], [-96.46658, 15.74236], [-96.46676, 15.74163], [-96.46664, 15.74153]]]}}, {"id": "1609291", "type": "Feature", "properties": {"id": "1609291", "CVEGEO": "2032400010171007", "POBTOT": 298.0, "score_nse": 45.4075, "NSE": "C-", "VIVTOT": 106.0, "GRAPROES": 8.36, "_ent": "20", "_mun": "324", "_loc": "0001"}, "geometry": {"type": "Polygon", "coordinates": [[[-96.46229, 15.74238], [-96.46236, 15.74158], [-96.46218, 15.74137], [-96.46232, 15.7416], [-96.46225, 15.74236], [-96.46165, 15.74205], [-96.46092, 15.74122], [-96.46084, 15.74022], [-96.46045, 15.73989], [-96.46016, 15.73875], [-96.46094, 15.73914], [-96.46144, 15.73971], [-96.46211, 15.73978], [-96.4618, 15.74005], [-96.46166, 15.7406], [-96.46183, 15.74007], [-96.46215, 15.73978], [-96.46349, 15.74006], [-96.46362, 15.74043], [-96.46334, 15.74131], [-96.46325, 15.74086], [-96.46297, 15.74061], [-96.46322, 15.74087], [-96.46337, 15.74153], [-96.4632, 15.74192], [-96.46289, 15.74186], [-96.46319, 15.74194], [-96.46312, 15.74278], [-96.46229, 15.74238]]]}}, {"id": "1609292", "type": "Feature", "properties": {"id": "1609292", "CVEGEO": "2032400010167030", "POBTOT": 9.0, "score_nse": 0.0, "NSE": "ND", "VIVTOT": 3.0, "GRAPROES": 0.0, "_ent": "20", "_mun": "324", "_loc": "0001"}, "geometry": {"type": "Polygon", "coordinates": [[[-96.46813, 15.73621], [-96.46857, 15.73521], [-96.46969, 15.73573], [-96.46883, 15.73631], [-96.46848, 15.7364], [-96.46813, 15.73621]]]}}, {"id": "1609293", "type": "Feature", "properties": {"id": "1609293", "CVEGEO": "2032400010167019", "POBTOT": 110.0, "score_nse": 0.0, "NSE": "ND", "VIVTOT": 40.0, "GRAPROES": 12.1, "_ent": "20", "_mun": "324", "_loc": "0001"}, "geometry": {"type": "Polygon", "coordinates": [[[-96.47254, 15.73339], [-96.47265, 15.73317], [-96.47286, 15.73324], [-96.47276, 15.73363], [-96.4725, 15.73362], [-96.4728, 15.73371], [-96.47292, 15.73326], [-96.47344, 15.73343], [-96.4735, 15.73461], [-96.47226, 15.73398], [-96.47092, 15.73397], [-96.47108, 15.73321], [-96.47158, 15.73337], [-96.47172, 15.73287], [-96.47261, 15.73316], [-96.47254, 15.73339]]]}}, {"id": "1609295", "type": "Feature", "properties": {"id": "1609295", "CVEGEO": "2032400010167003", "POBTOT": 171.0, "score_nse": 0.0, "NSE": "ND", "VIVTOT": 72.0, "GRAPROES": 10.45, "_ent": "20", "_mun": "324", "_loc": "0001"}, "geometry": {"type": "Polygon", "coordinates": [[[-96.469, 15.73866], [-96.46953, 15.7388], [-96.46954, 15.73892], [-96.46934, 15.73926], [-96.46883, 15.73955], [-96.46845, 15.73927], [-96.46718, 15.73906], [-96.46704, 15.73871], [-96.46714, 15.73845], [-96.46749, 15.73846], [-96.4675, 15.73865], [-96.46751, 15.73846], [-96.46789, 15.73847], [-96.46787, 15.73882], [-96.46792, 15.73847], [-96.46895, 15.73827], [-96.469, 15.73866]]]}}, {"id": "1609296", "type": "Feature", "properties": {"id": "1609296", "CVEGEO": "2032400010167002", "POBTOT": 89.0, "score_nse": 52.8495, "NSE": "C-", "VIVTOT": 38.0, "GRAPROES": 10.19, "_ent": "20", "_mun": "324", "_loc": "0001"}, "geometry": {"type": "Polygon", "coordinates": [[[-96.4679, 15.74105], [-96.46786, 15.74037], [-96.46735, 15.73962], [-96.46719, 15.73909], [-96.46844, 15.73929], [-96.46881, 15.73957], [-96.4679, 15.74105]]]}}, {"id": "1609297", "type": "Feature", "properties": {"id": "1609297", "CVEGEO": "2032400010152053", "POBTOT": 21.0, "score_nse": 0.0, "NSE": "ND", "VIVTOT": 7.0, "GRAPROES": 9.94, "_ent": "20", "_mun": "324", "_loc": "0001"}, "geometry": {"type": "Polygon", "coordinates": [[[-96.46614, 15.75641], [-96.46503, 15.75657], [-96.46487, 15.75615], [-96.46605, 15.75601], [-96.46614, 15.75641]]]}}, {"id": "1609298", "type": "Feature", "properties": {"id": "1609298", "CVEGEO": "2032400010152052", "POBTOT": 5.0, "score_nse": 0.0, "NSE": "ND", "VIVTOT": 2.0, "GRAPROES": 0.0, "_ent": "20", "_mun": "324", "_loc": "0001"}, "geometry": {"type": "Polygon", "coordinates": [[[-96.46523, 15.75782], [-96.46513, 15.75773], [-96.46519, 15.75696], [-96.46563, 15.75725], [-96.46523, 15.75782]]]}}, {"id": "1609300", "type": "Feature", "properties": {"id": "1609300", "CVEGEO": "2032400010152030", "POBTOT": 189.0, "score_nse": 47.7893, "NSE": "C-", "VIVTOT": 63.0, "GRAPROES": 9.2, "_ent": "20", "_mun": "324", "_loc": "0001"}, "geometry": {"type": "Polygon", "coordinates": [[[-96.46995, 15.7461], [-96.46907, 15.74592], [-96.46896, 15.7452], [-96.46917, 15.7452], [-96.46927, 15.74561], [-96.46919, 15.74518], [-96.46949, 15.74514], [-96.46955, 15.74533], [-96.46954, 15.74513], [-96.46896, 15.74518], [-96.46892, 15.74498], [-96.46852, 15.74485], [-96.46871, 15.74445], [-96.46902, 15.74443], [-96.46915, 15.74465], [-96.46989, 15.74498], [-96.46995, 15.7461]]]}}, {"id": "1609301", "type": "Feature", "properties": {"id": "1609301", "CVEGEO": "2032400010152017", "POBTOT": 120.0, "score_nse": 0.0, "NSE": "ND", "VIVTOT": 50.0, "GRAPROES": 10.21, "_ent": "20", "_mun": "324", "_loc": "0001"}, "geometry": {"type": "Polygon", "coordinates": [[[-96.46995, 15.74794], [-96.46958, 15.74763], [-96.46958, 15.74745], [-96.46966, 15.74718], [-96.46997, 15.74711], [-96.46967, 15.74707], [-96.47032, 15.74637], [-96.47069, 15.74624], [-96.471, 15.74703], [-96.471, 15.74776], [-96.46995, 15.74794]]]}}, {"id": "1609302", "type": "Feature", "properties": {"id": "1609302", "CVEGEO": "2032400010152016", "POBTOT": 70.0, "score_nse": 0.0, "NSE": "ND", "VIVTOT": 22.0, "GRAPROES": 9.88, "_ent": "20", "_mun": "324", "_loc": "0001"}, "geometry": {"type": "Polygon", "coordinates": [[[-96.46881, 15.7478], [-96.46865, 15.74696], [-96.46961, 15.7471], [-96.46953, 15.74763], [-96.46881, 15.7478]]]}}, {"id": "1609303", "type": "Feature", "properties": {"id": "1609303", "CVEGEO": "2032400010152015", "POBTOT": 83.0, "score_nse": 0.0, "NSE": "ND", "VIVTOT": 32.0, "GRAPROES": 9.05, "_ent": "20", "_mun": "324", "_loc": "0001"}, "geometry": {"type": "Polygon", "coordinates": [[[-96.47002, 15.74668], [-96.46962, 15.74707], [-96.46864, 15.74692], [-96.46847, 15.74655], [-96.46794, 15.7461], [-96.46894, 15.746], [-96.47002, 15.74668]]]}}, {"id": "1609304", "type": "Feature", "properties": {"id": "1609304", "CVEGEO": "2032400010133035", "POBTOT": 39.0, "score_nse": 0.0, "NSE": "ND", "VIVTOT": 10.0, "GRAPROES": 9.78, "_ent": "20", "_mun": "324", "_loc": "0001"}, "geometry": {"type": "Polygon", "coordinates": [[[-96.46456, 15.75302], [-96.464, 15.75228], [-96.46429, 15.75201], [-96.46445, 15.752], [-96.4647, 15.75301], [-96.46456, 15.75302]]]}}, {"id": "1609305", "type": "Feature", "properties": {"id": "1609305", "CVEGEO": "2032400010133032", "POBTOT": 85.0, "score_nse": 48.4118, "NSE": "C-", "VIVTOT": 17.0, "GRAPROES": 8.0, "_ent": "20", "_mun": "324", "_loc": "0001"}, "geometry": {"type": "Polygon", "coordinates": [[[-96.46187, 15.75232], [-96.46199, 15.75189], [-96.4619, 15.75156], [-96.46203, 15.75153], [-96.46187, 15.75145], [-96.46198, 15.7508], [-96.4623, 15.75031], [-96.463, 15.75024], [-96.46327, 15.75068], [-96.46307, 15.75085], [-96.46283, 15.75186], [-96.46262, 15.75211], [-96.46187, 15.75232]]]}}, {"id": "1609306", "type": "Feature", "properties": {"id": "1609306", "CVEGEO": "2032400010133031", "POBTOT": 38.0, "score_nse": 0.0, "NSE": "ND", "VIVTOT": 10.0, "GRAPROES": 6.32, "_ent": "20", "_mun": "324", "_loc": "0001"}, "geometry": {"type": "Polygon", "coordinates": [[[-96.46017, 15.7537], [-96.45988, 15.75267], [-96.46088, 15.75269], [-96.46038, 15.75313], [-96.46037, 15.75365], [-96.46005, 15.75392], [-96.46017, 15.7537]]]}}, {"id": "1609307", "type": "Feature", "properties": {"id": "1609307", "CVEGEO": "2032400010133030", "POBTOT": 188.0, "score_nse": 0.0, "NSE": "ND", "VIVTOT": 75.0, "GRAPROES": 9.54, "_ent": "20", "_mun": "324", "_loc": "0001"}, "geometry": {"type": "Polygon", "coordinates": [[[-96.46399, 15.75718], [-96.46246, 15.75643], [-96.46292, 15.75516], [-96.46402, 15.75478], [-96.46414, 15.75504], [-96.46404, 15.75477], [-96.46479, 15.75447], [-96.46464, 15.7559], [-96.46424, 15.75594], [-96.46464, 15.75593], [-96.46468, 15.75615], [-96.46383, 15.75618], [-96.46469, 15.75619], [-96.46467, 15.75652], [-96.46399, 15.75718]]]}}, {"id": "1609308", "type": "Feature", "properties": {"id": "1609308", "CVEGEO": "2032400010133013", "POBTOT": 3.0, "score_nse": 0.0, "NSE": "ND", "VIVTOT": 2.0, "GRAPROES": 0.0, "_ent": "20", "_mun": "324", "_loc": "0001"}, "geometry": {"type": "Polygon", "coordinates": [[[-96.46479, 15.75049], [-96.46469, 15.75015], [-96.46544, 15.7499], [-96.46479, 15.75049]]]}}, {"id": "1609309", "type": "Feature", "properties": {"id": "1609309", "CVEGEO": "2032400010133004", "POBTOT": 54.0, "score_nse": 52.9171, "NSE": "C-", "VIVTOT": 22.0, "GRAPROES": 9.93, "_ent": "20", "_mun": "324", "_loc": "0001"}, "geometry": {"type": "Polygon", "coordinates": [[[-96.46492, 15.74787], [-96.46457, 15.7476], [-96.46467, 15.74735], [-96.46484, 15.74738], [-96.46467, 15.74719], [-96.46481, 15.74691], [-96.46535, 15.74694], [-96.46492, 15.74787]]]}}, {"id": "1609310", "type": "Feature", "properties": {"id": "1609310", "CVEGEO": "2032400010133003", "POBTOT": 71.0, "score_nse": 52.278, "NSE": "C-", "VIVTOT": 20.0, "GRAPROES": 9.55, "_ent": "20", "_mun": "324", "_loc": "0001"}, "geometry": {"type": "Polygon", "coordinates": [[[-96.46462, 15.74751], [-96.46425, 15.74728], [-96.46453, 15.74678], [-96.46485, 15.7467], [-96.46462, 15.74751]]]}}, {"id": "1609311", "type": "Feature", "properties": {"id": "1609311", "CVEGEO": "2032400010133002", "POBTOT": 51.0, "score_nse": 0.0, "NSE": "ND", "VIVTOT": 22.0, "GRAPROES": 8.2, "_ent": "20", "_mun": "324", "_loc": "0001"}, "geometry": {"type": "Polygon", "coordinates": [[[-96.46459, 15.74777], [-96.4646, 15.74834], [-96.46448, 15.74866], [-96.46426, 15.74872], [-96.464, 15.74742], [-96.46425, 15.74737], [-96.46459, 15.74777]]]}}, {"id": "1609312", "type": "Feature", "properties": {"id": "1609312", "CVEGEO": "2032400010133001", "POBTOT": 116.0, "score_nse": 42.0963, "NSE": "C-", "VIVTOT": 47.0, "GRAPROES": 8.99, "_ent": "20", "_mun": "324", "_loc": "0001"}, "geometry": {"type": "Polygon", "coordinates": [[[-96.46431, 15.74976], [-96.46426, 15.74876], [-96.46451, 15.74869], [-96.46469, 15.74776], [-96.46508, 15.74848], [-96.46495, 15.74854], [-96.46509, 15.7485], [-96.46493, 15.74862], [-96.46491, 15.74877], [-96.46512, 15.74852], [-96.46537, 15.74853], [-96.46519, 15.74919], [-96.46506, 15.74918], [-96.46519, 15.74921], [-96.46513, 15.74946], [-96.46431, 15.74976]]]}}, {"id": "1609316", "type": "Feature", "properties": {"id": "1609316", "CVEGEO": "2032400010133025", "POBTOT": 14.0, "score_nse": 0.0, "NSE": "ND", "VIVTOT": 6.0, "GRAPROES": 6.91, "_ent": "20", "_mun": "324", "_loc": "0001"}, "geometry": {"type": "Polygon", "coordinates": [[[-96.46106, 15.7481], [-96.46109, 15.74757], [-96.46156, 15.74758], [-96.46179, 15.74783], [-96.46142, 15.7481], [-96.46106, 15.7481]]]}}, {"id": "1609327", "type": "Feature", "properties": {"id": "1609327", "CVEGEO": "2032400010167022", "POBTOT": 30.0, "score_nse": 56.9329, "NSE": "C", "VIVTOT": 9.0, "GRAPROES": 11.38, "_ent": "20", "_mun": "324", "_loc": "0001"}, "geometry": {"type": "Polygon", "coordinates": [[[-96.46792, 15.7454], [-96.46807, 15.74468], [-96.46857, 15.74455], [-96.46844, 15.74488], [-96.46792, 15.7454]]]}}, {"id": "1609343", "type": "Feature", "properties": {"id": "1609343", "CVEGEO": "2032400010186029", "POBTOT": 53.0, "score_nse": 0.0, "NSE": "ND", "VIVTOT": 16.0, "GRAPROES": 9.7, "_ent": "20", "_mun": "324", "_loc": "0001"}, "geometry": {"type": "Polygon", "coordinates": [[[-96.46834, 15.73379], [-96.46843, 15.73349], [-96.46883, 15.73349], [-96.46892, 15.73432], [-96.46793, 15.73436], [-96.46795, 15.73355], [-96.46839, 15.73349], [-96.46834, 15.73379]]]}}, {"id": "1609344", "type": "Feature", "properties": {"id": "1609344", "CVEGEO": "2032400010186015", "POBTOT": 129.0, "score_nse": 0.0, "NSE": "ND", "VIVTOT": 39.0, "GRAPROES": 8.71, "_ent": "20", "_mun": "324", "_loc": "0001"}, "geometry": {"type": "Polygon", "coordinates": [[[-96.4661, 15.73576], [-96.46624, 15.73578], [-96.46626, 15.7362], [-96.46623, 15.73661], [-96.4661, 15.73664], [-96.46623, 15.73665], [-96.46612, 15.73742], [-96.46555, 15.73719], [-96.4659, 15.73613], [-96.46575, 15.73637], [-96.46558, 15.73632], [-96.46575, 15.7364], [-96.46553, 15.73717], [-96.46479, 15.73674], [-96.46502, 15.73691], [-96.46468, 15.73689], [-96.46427, 15.7365], [-96.46439, 15.73618], [-96.46422, 15.73587], [-96.46447, 15.73499], [-96.46495, 15.73485], [-96.46486, 15.7342], [-96.46566, 15.73398], [-96.46574, 15.73441], [-96.46518, 15.73458], [-96.46575, 15.73447], [-96.46621, 15.73552], [-96.46624, 15.73575], [-96.4661, 15.73576]]]}}, {"id": "1609345", "type": "Feature", "properties": {"id": "1609345", "CVEGEO": "2032400010171027", "POBTOT": 22.0, "score_nse": 0.0, "NSE": "ND", "VIVTOT": 12.0, "GRAPROES": 9.55, "_ent": "20", "_mun": "324", "_loc": "0001"}, "geometry": {"type": "Polygon", "coordinates": [[[-96.46614, 15.74075], [-96.46629, 15.74079], [-96.46596, 15.74182], [-96.46571, 15.74163], [-96.46578, 15.74104], [-96.46614, 15.74075]]]}}, {"id": "1609346", "type": "Feature", "properties": {"id": "1609346", "CVEGEO": "2032400010171052", "POBTOT": 0.0, "score_nse": 10.0, "NSE": "E", "VIVTOT": 1.0, "GRAPROES": 0.0, "_ent": "20", "_mun": "324", "_loc": "0001"}, "geometry": {"type": "Polygon", "coordinates": [[[-96.46545, 15.74295], [-96.46541, 15.74315], [-96.46527, 15.74319], [-96.46532, 15.74302], [-96.46545, 15.74295]]]}}, {"id": "1609347", "type": "Feature", "properties": {"id": "1609347", "CVEGEO": "2032400010171046", "POBTOT": 56.0, "score_nse": 0.0, "NSE": "ND", "VIVTOT": 16.0, "GRAPROES": 7.47, "_ent": "20", "_mun": "324", "_loc": "0001"}, "geometry": {"type": "Polygon", "coordinates": [[[-96.46111, 15.74325], [-96.46103, 15.7423], [-96.46174, 15.74216], [-96.46145, 15.74263], [-96.46189, 15.74294], [-96.46111, 15.74325]]]}}, {"id": "1609348", "type": "Feature", "properties": {"id": "1609348", "CVEGEO": "2032400010171045", "POBTOT": 27.0, "score_nse": 0.0, "NSE": "ND", "VIVTOT": 8.0, "GRAPROES": 10.33, "_ent": "20", "_mun": "324", "_loc": "0001"}, "geometry": {"type": "Polygon", "coordinates": [[[-96.46078, 15.74598], [-96.46126, 15.7457], [-96.4612, 15.74505], [-96.462, 15.7453], [-96.46177, 15.74578], [-96.46142, 15.74604], [-96.46097, 15.74626], [-96.46078, 15.74598]]]}}, {"id": "1609349", "type": "Feature", "properties": {"id": "1609349", "CVEGEO": "2032400010171043", "POBTOT": 10.0, "score_nse": 0.0, "NSE": "ND", "VIVTOT": 6.0, "GRAPROES": 11.44, "_ent": "20", "_mun": "324", "_loc": "0001"}, "geometry": {"type": "Polygon", "coordinates": [[[-96.46575, 15.74116], [-96.46574, 15.74172], [-96.46556, 15.74247], [-96.46533, 15.74147], [-96.46575, 15.74116]]]}}, {"id": "1609350", "type": "Feature", "properties": {"id": "1609350", "CVEGEO": "2032400010171024", "POBTOT": 8.0, "score_nse": 0.0, "NSE": "ND", "VIVTOT": 1.0, "GRAPROES": 0.0, "_ent": "20", "_mun": "324", "_loc": "0001"}, "geometry": {"type": "Polygon", "coordinates": [[[-96.46474, 15.74552], [-96.46487, 15.74534], [-96.46486, 15.74552], [-96.46474, 15.74552]]]}}, {"id": "1609351", "type": "Feature", "properties": {"id": "1609351", "CVEGEO": "2032400010171023", "POBTOT": 9.0, "score_nse": 0.0, "NSE": "ND", "VIVTOT": 3.0, "GRAPROES": 0.0, "_ent": "20", "_mun": "324", "_loc": "0001"}, "geometry": {"type": "Polygon", "coordinates": [[[-96.46493, 15.74584], [-96.46494, 15.74509], [-96.46539, 15.74521], [-96.46575, 15.7455], [-96.46575, 15.74585], [-96.46543, 15.74596], [-96.46493, 15.74584]]]}}, {"id": "1609352", "type": "Feature", "properties": {"id": "1609352", "CVEGEO": "2032400010167038", "POBTOT": 52.0, "score_nse": 0.0, "NSE": "ND", "VIVTOT": 15.0, "GRAPROES": 8.78, "_ent": "20", "_mun": "324", "_loc": "0001"}, "geometry": {"type": "Polygon", "coordinates": [[[-96.47042, 15.74622], [-96.47114, 15.74578], [-96.47116, 15.74548], [-96.47155, 15.74578], [-96.47042, 15.74622]]]}}, {"id": "1609353", "type": "Feature", "properties": {"id": "1609353", "CVEGEO": "2032400010167037", "POBTOT": 13.0, "score_nse": 0.0, "NSE": "ND", "VIVTOT": 8.0, "GRAPROES": 10.75, "_ent": "20", "_mun": "324", "_loc": "0001"}, "geometry": {"type": "Polygon", "coordinates": [[[-96.47136, 15.74438], [-96.47009, 15.74401], [-96.47013, 15.74324], [-96.47153, 15.74358], [-96.47136, 15.74438]]]}}, {"id": "1609354", "type": "Feature", "properties": {"id": "1609354", "CVEGEO": "2032400010167006", "POBTOT": 25.0, "score_nse": 0.0, "NSE": "ND", "VIVTOT": 7.0, "GRAPROES": 10.14, "_ent": "20", "_mun": "324", "_loc": "0001"}, "geometry": {"type": "Polygon", "coordinates": [[[-96.46997, 15.74272], [-96.46922, 15.74128], [-96.46963, 15.74062], [-96.4704, 15.7405], [-96.47034, 15.74091], [-96.47043, 15.74048], [-96.47074, 15.74047], [-96.47044, 15.74195], [-96.46997, 15.74272]]]}}, {"id": "1609355", "type": "Feature", "properties": {"id": "1609355", "CVEGEO": "2032400010152047", "POBTOT": 123.0, "score_nse": 52.8034, "NSE": "C-", "VIVTOT": 37.0, "GRAPROES": 9.02, "_ent": "20", "_mun": "324", "_loc": "0001"}, "geometry": {"type": "Polygon", "coordinates": [[[-96.4717, 15.75255], [-96.47108, 15.7525], [-96.47109, 15.75226], [-96.47105, 15.7525], [-96.46967, 15.75247], [-96.46959, 15.75234], [-96.47051, 15.75222], [-96.47014, 15.7522], [-96.47008, 15.75194], [-96.47024, 15.75194], [-96.47023, 15.75174], [-96.4711, 15.75146], [-96.47134, 15.75107], [-96.4717, 15.75255]]]}}, {"id": "1609356", "type": "Feature", "properties": {"id": "1609356", "CVEGEO": "2032400010152044", "POBTOT": 111.0, "score_nse": 52.7427, "NSE": "C-", "VIVTOT": 33.0, "GRAPROES": 8.33, "_ent": "20", "_mun": "324", "_loc": "0001"}, "geometry": {"type": "Polygon", "coordinates": [[[-96.4686, 15.74699], [-96.46839, 15.74731], [-96.46815, 15.74701], [-96.46743, 15.74708], [-96.46735, 15.74646], [-96.46763, 15.74617], [-96.46789, 15.74613], [-96.46838, 15.7465], [-96.46823, 15.74655], [-96.46821, 15.74658], [-96.46839, 15.74652], [-96.4686, 15.74699]]]}}, {"id": "1609357", "type": "Feature", "properties": {"id": "1609357", "CVEGEO": "2032400010152011", "POBTOT": 23.0, "score_nse": 0.0, "NSE": "ND", "VIVTOT": 7.0, "GRAPROES": 11.56, "_ent": "20", "_mun": "324", "_loc": "0001"}, "geometry": {"type": "Polygon", "coordinates": [[[-96.466, 15.74699], [-96.4659, 15.74648], [-96.4665, 15.74621], [-96.46662, 15.74693], [-96.466, 15.74699]]]}}, {"id": "1609358", "type": "Feature", "properties": {"id": "1609358", "CVEGEO": "2032400010152009", "POBTOT": 116.0, "score_nse": 43.2311, "NSE": "C-", "VIVTOT": 49.0, "GRAPROES": 8.92, "_ent": "20", "_mun": "324", "_loc": "0001"}, "geometry": {"type": "Polygon", "coordinates": [[[-96.46783, 15.75045], [-96.46792, 15.75115], [-96.46667, 15.75101], [-96.46628, 15.75079], [-96.46675, 15.75094], [-96.46699, 15.75073], [-96.46696, 15.75051], [-96.46723, 15.75062], [-96.46652, 15.75023], [-96.46628, 15.74985], [-96.46646, 15.74911], [-96.4667, 15.74881], [-96.46672, 15.74935], [-96.46728, 15.74984], [-96.46737, 15.75028], [-96.46746, 15.75018], [-96.46783, 15.75045]]]}}, {"id": "1609360", "type": "Feature", "properties": {"id": "1609360", "CVEGEO": "2032400010133027", "POBTOT": 0.0, "score_nse": 0.0, "NSE": "ND", "VIVTOT": 0.0, "GRAPROES": 0.0, "_ent": "20", "_mun": "324", "_loc": "0001"}, "geometry": {"type": "Polygon", "coordinates": [[[-96.46538, 15.74674], [-96.46499, 15.74596], [-96.46575, 15.7459], [-96.46586, 15.74653], [-96.46538, 15.74674]]]}}, {"id": "1609361", "type": "Feature", "properties": {"id": "1609361", "CVEGEO": "2032400010133006", "POBTOT": 104.0, "score_nse": 0.0, "NSE": "ND", "VIVTOT": 33.0, "GRAPROES": 7.35, "_ent": "20", "_mun": "324", "_loc": "0001"}, "geometry": {"type": "Polygon", "coordinates": [[[-96.46512, 15.74954], [-96.46542, 15.74861], [-96.46603, 15.74871], [-96.46566, 15.7497], [-96.46549, 15.74927], [-96.46538, 15.7492], [-96.46564, 15.74972], [-96.46553, 15.74983], [-96.46465, 15.75012], [-96.46432, 15.75], [-96.46431, 15.74981], [-96.46512, 15.74954]]]}}, {"id": "1609362", "type": "Feature", "properties": {"id": "1609362", "CVEGEO": "2032400010133005", "POBTOT": 34.0, "score_nse": 0.0, "NSE": "ND", "VIVTOT": 20.0, "GRAPROES": 9.0, "_ent": "20", "_mun": "324", "_loc": "0001"}, "geometry": {"type": "Polygon", "coordinates": [[[-96.46518, 15.74849], [-96.46487, 15.74794], [-96.46521, 15.74749], [-96.4654, 15.7481], [-96.46536, 15.74849], [-96.46518, 15.74849]]]}}, {"id": "1609371", "type": "Feature", "properties": {"id": "1609371", "CVEGEO": "2032400010186028", "POBTOT": 0.0, "score_nse": 10.0, "NSE": "E", "VIVTOT": 1.0, "GRAPROES": 0.0, "_ent": "20", "_mun": "324", "_loc": "0001"}, "geometry": {"type": "Polygon", "coordinates": [[[-96.46787, 15.73506], [-96.46754, 15.73505], [-96.46754, 15.73487], [-96.46787, 15.73489], [-96.46787, 15.73506]]]}}, {"id": "1609372", "type": "Feature", "properties": {"id": "1609372", "CVEGEO": "2032400010171055", "POBTOT": 0.0, "score_nse": 0.0, "NSE": "ND", "VIVTOT": 0.0, "GRAPROES": 0.0, "_ent": "20", "_mun": "324", "_loc": "0001"}, "geometry": {"type": "Polygon", "coordinates": [[[-96.46502, 15.74438], [-96.46504, 15.74459], [-96.46498, 15.74459], [-96.46502, 15.74438]]]}}, {"id": "1609373", "type": "Feature", "properties": {"id": "1609373", "CVEGEO": "2032400010171021", "POBTOT": 84.0, "score_nse": 0.0, "NSE": "ND", "VIVTOT": 22.0, "GRAPROES": 8.68, "_ent": "20", "_mun": "324", "_loc": "0001"}, "geometry": {"type": "Polygon", "coordinates": [[[-96.46379, 15.73872], [-96.46438, 15.73735], [-96.46444, 15.73673], [-96.46566, 15.73729], [-96.46556, 15.73751], [-96.46458, 15.73781], [-96.46444, 15.73837], [-96.46388, 15.739], [-96.46379, 15.73872]]]}}, {"id": "1609374", "type": "Feature", "properties": {"id": "1609374", "CVEGEO": "2032400010171008", "POBTOT": 127.0, "score_nse": 49.8028, "NSE": "C-", "VIVTOT": 33.0, "GRAPROES": 9.87, "_ent": "20", "_mun": "324", "_loc": "0001"}, "geometry": {"type": "Polygon", "coordinates": [[[-96.46415, 15.74151], [-96.46455, 15.74161], [-96.46442, 15.74184], [-96.46453, 15.7425], [-96.46415, 15.74317], [-96.46374, 15.74305], [-96.4639, 15.74231], [-96.46413, 15.74205], [-96.46415, 15.74151]]]}}, {"id": "1609375", "type": "Feature", "properties": {"id": "1609375", "CVEGEO": "2032400010152065", "POBTOT": 3.0, "score_nse": 0.0, "NSE": "ND", "VIVTOT": 3.0, "GRAPROES": 0.0, "_ent": "20", "_mun": "324", "_loc": "0001"}, "geometry": {"type": "Polygon", "coordinates": [[[-96.46666, 15.74864], [-96.46644, 15.7484], [-96.46681, 15.74827], [-96.46697, 15.74801], [-96.46695, 15.74842], [-96.46666, 15.74864]]]}}, {"id": "1609376", "type": "Feature", "properties": {"id": "1609376", "CVEGEO": "2032400010152039", "POBTOT": 92.0, "score_nse": 52.3994, "NSE": "C-", "VIVTOT": 31.0, "GRAPROES": 9.29, "_ent": "20", "_mun": "324", "_loc": "0001"}, "geometry": {"type": "Polygon", "coordinates": [[[-96.4676, 15.75448], [-96.46693, 15.75431], [-96.46723, 15.75328], [-96.46779, 15.75341], [-96.46794, 15.75372], [-96.46777, 15.75426], [-96.4676, 15.75448]]]}}, {"id": "1609382", "type": "Feature", "properties": {"id": "1609382", "CVEGEO": "2032400010152048", "POBTOT": 35.0, "score_nse": 45.2583, "NSE": "C-", "VIVTOT": 24.0, "GRAPROES": 10.35, "_ent": "20", "_mun": "324", "_loc": "0001"}, "geometry": {"type": "Polygon", "coordinates": [[[-96.469, 15.74593], [-96.46876, 15.74597], [-96.46812, 15.74534], [-96.4685, 15.74489], [-96.4689, 15.74504], [-96.469, 15.74593]]]}}, {"id": "1609383", "type": "Feature", "properties": {"id": "1609383", "CVEGEO": "2032400010171022", "POBTOT": 7.0, "score_nse": 0.0, "NSE": "ND", "VIVTOT": 5.0, "GRAPROES": 12.86, "_ent": "20", "_mun": "324", "_loc": "0001"}, "geometry": {"type": "Polygon", "coordinates": [[[-96.46576, 15.74544], [-96.46531, 15.74513], [-96.46538, 15.74467], [-96.46572, 15.7447], [-96.46576, 15.74544]]]}}, {"id": "1609384", "type": "Feature", "properties": {"id": "1609384", "CVEGEO": "2032400010171013", "POBTOT": 129.0, "score_nse": 43.2413, "NSE": "C-", "VIVTOT": 60.0, "GRAPROES": 9.79, "_ent": "20", "_mun": "324", "_loc": "0001"}, "geometry": {"type": "Polygon", "coordinates": [[[-96.4631, 15.74429], [-96.46345, 15.74456], [-96.46404, 15.74463], [-96.46391, 15.74539], [-96.46332, 15.74584], [-96.46288, 15.74494], [-96.4631, 15.74429]]]}}, {"id": "1609385", "type": "Feature", "properties": {"id": "1609385", "CVEGEO": "2032400010133008", "POBTOT": 2.0, "score_nse": 0.0, "NSE": "ND", "VIVTOT": 1.0, "GRAPROES": 0.0, "_ent": "20", "_mun": "324", "_loc": "0001"}, "geometry": {"type": "Polygon", "coordinates": [[[-96.46418, 15.74727], [-96.46412, 15.7474], [-96.46404, 15.74738], [-96.46418, 15.74727]]]}}, {"id": "1609392", "type": "Feature", "properties": {"id": "1609392", "CVEGEO": "2032400010186016", "POBTOT": 56.0, "score_nse": 67.2133, "NSE": "C", "VIVTOT": 15.0, "GRAPROES": 12.54, "_ent": "20", "_mun": "324", "_loc": "0001"}, "geometry": {"type": "Polygon", "coordinates": [[[-96.46564, 15.7339], [-96.46488, 15.73414], [-96.46485, 15.73405], [-96.4649, 15.73376], [-96.46555, 15.73355], [-96.46564, 15.7339]]]}}, {"id": "1609393", "type": "Feature", "properties": {"id": "1609393", "CVEGEO": "2032400010167017", "POBTOT": 14.0, "score_nse": 0.0, "NSE": "ND", "VIVTOT": 4.0, "GRAPROES": 10.54, "_ent": "20", "_mun": "324", "_loc": "0001"}, "geometry": {"type": "Polygon", "coordinates": [[[-96.47035, 15.73291], [-96.47052, 15.73249], [-96.47116, 15.7327], [-96.47105, 15.73313], [-96.47035, 15.73291]]]}}, {"id": "1609394", "type": "Feature", "properties": {"id": "1609394", "CVEGEO": "2032400010167016", "POBTOT": 8.0, "score_nse": 0.0, "NSE": "ND", "VIVTOT": 4.0, "GRAPROES": 0.0, "_ent": "20", "_mun": "324", "_loc": "0001"}, "geometry": {"type": "Polygon", "coordinates": [[[-96.46576, 15.74465], [-96.46574, 15.74419], [-96.46651, 15.74446], [-96.46647, 15.74457], [-96.46576, 15.74465]]]}}, {"id": "1609395", "type": "Feature", "properties": {"id": "1609395", "CVEGEO": "2032400010152012", "POBTOT": 23.0, "score_nse": 0.0, "NSE": "ND", "VIVTOT": 9.0, "GRAPROES": 10.05, "_ent": "20", "_mun": "324", "_loc": "0001"}, "geometry": {"type": "Polygon", "coordinates": [[[-96.46669, 15.74694], [-96.46665, 15.74592], [-96.46695, 15.74593], [-96.46732, 15.74703], [-96.46669, 15.74694]]]}}, {"id": "1609396", "type": "Feature", "properties": {"id": "1609396", "CVEGEO": "2032400010133007", "POBTOT": 9.0, "score_nse": 0.0, "NSE": "ND", "VIVTOT": 3.0, "GRAPROES": 6.5, "_ent": "20", "_mun": "324", "_loc": "0001"}, "geometry": {"type": "Polygon", "coordinates": [[[-96.46398, 15.74986], [-96.46415, 15.74959], [-96.46419, 15.74947], [-96.46425, 15.74997], [-96.46398, 15.74986]]]}}, {"id": "1609501", "type": "Feature", "properties": {"id": "1609501", "CVEGEO": "2032400010171058", "POBTOT": 29.0, "score_nse": 0.0, "NSE": "ND", "VIVTOT": 9.0, "GRAPROES": 9.39, "_ent": "20", "_mun": "324", "_loc": "0001"}, "geometry": {"type": "Polygon", "coordinates": [[[-96.46455, 15.74234], [-96.46448, 15.74169], [-96.46532, 15.74134], [-96.46534, 15.74211], [-96.46455, 15.74234]]]}}, {"id": "1609502", "type": "Feature", "properties": {"id": "1609502", "CVEGEO": "2032400010152007", "POBTOT": 244.0, "score_nse": 0.0, "NSE": "ND", "VIVTOT": 74.0, "GRAPROES": 8.05, "_ent": "20", "_mun": "324", "_loc": "0001"}, "geometry": {"type": "Polygon", "coordinates": [[[-96.47057, 15.74966], [-96.47066, 15.74956], [-96.47089, 15.74972], [-96.4709, 15.75003], [-96.47038, 15.75044], [-96.46989, 15.75054], [-96.46917, 15.75041], [-96.4691, 15.74968], [-96.46947, 15.74945], [-96.46931, 15.74954], [-96.46886, 15.74785], [-96.46963, 15.74772], [-96.46981, 15.74789], [-96.47035, 15.74878], [-96.47008, 15.74892], [-96.4701, 15.74908], [-96.47009, 15.74893], [-96.47035, 15.7488], [-96.47048, 15.7494], [-96.4702, 15.74936], [-96.47002, 15.74989], [-96.47022, 15.74939], [-96.47049, 15.74942], [-96.47057, 15.74966]]]}}, {"id": "1609503", "type": "Feature", "properties": {"id": "1609503", "CVEGEO": "2032400010152006", "POBTOT": 148.0, "score_nse": 47.8749, "NSE": "C-", "VIVTOT": 63.0, "GRAPROES": 9.97, "_ent": "20", "_mun": "324", "_loc": "0001"}, "geometry": {"type": "Polygon", "coordinates": [[[-96.46873, 15.7479], [-96.46785, 15.74817], [-96.46742, 15.74811], [-96.46729, 15.748], [-96.46739, 15.74713], [-96.46814, 15.74777], [-96.46873, 15.7479]]]}}, {"id": "1609504", "type": "Feature", "properties": {"id": "1609504", "CVEGEO": "2032400010186039", "POBTOT": 11.0, "score_nse": 0.0, "NSE": "ND", "VIVTOT": 5.0, "GRAPROES": 13.67, "_ent": "20", "_mun": "324", "_loc": "0001"}, "geometry": {"type": "Polygon", "coordinates": [[[-96.46494, 15.73469], [-96.46489, 15.7349], [-96.46445, 15.73498], [-96.46434, 15.73559], [-96.46419, 15.73585], [-96.46401, 15.73577], [-96.4637, 15.73549], [-96.46366, 15.73484], [-96.46304, 15.7334], [-96.46333, 15.73363], [-96.46382, 15.73473], [-96.46471, 15.73482], [-96.46494, 15.73469]]]}}, {"id": "1609538", "type": "Feature", "properties": {"id": "1609538", "CVEGEO": "2032400010186040", "POBTOT": 1.0, "score_nse": 0.0, "NSE": "ND", "VIVTOT": 1.0, "GRAPROES": 0.0, "_ent": "20", "_mun": "324", "_loc": "0001"}, "geometry": {"type": "Polygon", "coordinates": [[[-96.46645, 15.73503], [-96.4666, 15.73542], [-96.46626, 15.73548], [-96.4661, 15.7351], [-96.46645, 15.73503]]]}}, {"id": "1609539", "type": "Feature", "properties": {"id": "1609539", "CVEGEO": "2032400010152027", "POBTOT": 71.0, "score_nse": 0.0, "NSE": "ND", "VIVTOT": 21.0, "GRAPROES": 8.61, "_ent": "20", "_mun": "324", "_loc": "0001"}, "geometry": {"type": "Polygon", "coordinates": [[[-96.47276, 15.75051], [-96.47236, 15.7503], [-96.47318, 15.74877], [-96.47315, 15.74933], [-96.47277, 15.74983], [-96.47303, 15.74967], [-96.47318, 15.74934], [-96.4733, 15.74863], [-96.47384, 15.74861], [-96.474, 15.74896], [-96.47374, 15.74893], [-96.47401, 15.749], [-96.47404, 15.74939], [-96.47391, 15.74974], [-96.47386, 15.74942], [-96.47376, 15.75012], [-96.47337, 15.75013], [-96.47276, 15.75051]]]}}, {"id": "1609540", "type": "Feature", "properties": {"id": "1609540", "CVEGEO": "2032400010152018", "POBTOT": 223.0, "score_nse": 0.0, "NSE": "ND", "VIVTOT": 69.0, "GRAPROES": 9.77, "_ent": "20", "_mun": "324", "_loc": "0001"}, "geometry": {"type": "Polygon", "coordinates": [[[-96.47024, 15.75067], [-96.4705, 15.75041], [-96.47153, 15.75069], [-96.47142, 15.75088], [-96.47104, 15.75079], [-96.47141, 15.7509], [-96.47108, 15.75143], [-96.4702, 15.75171], [-96.47021, 15.75191], [-96.47004, 15.75191], [-96.47011, 15.7522], [-96.46957, 15.75231], [-96.46898, 15.7514], [-96.4698, 15.75118], [-96.46895, 15.75138], [-96.46846, 15.75054], [-96.46959, 15.75045], [-96.4701, 15.75058], [-96.47013, 15.75085], [-96.47013, 15.75058], [-96.47024, 15.75067]]]}}, {"id": "1609541", "type": "Feature", "properties": {"id": "1609541", "CVEGEO": "2032400010186027", "POBTOT": 46.0, "score_nse": 0.0, "NSE": "ND", "VIVTOT": 13.0, "GRAPROES": 11.1, "_ent": "20", "_mun": "324", "_loc": "0001"}, "geometry": {"type": "Polygon", "coordinates": [[[-96.46744, 15.7334], [-96.46848, 15.73301], [-96.46894, 15.7329], [-96.46883, 15.73344], [-96.4679, 15.73352], [-96.46788, 15.73397], [-96.4676, 15.73399], [-96.46744, 15.7334]]]}}, {"id": "1609543", "type": "Feature", "properties": {"id": "1609543", "CVEGEO": "2032400010171038", "POBTOT": 154.0, "score_nse": 0.0, "NSE": "ND", "VIVTOT": 51.0, "GRAPROES": 8.99, "_ent": "20", "_mun": "324", "_loc": "0001"}, "geometry": {"type": "Polygon", "coordinates": [[[-96.46573, 15.74037], [-96.4656, 15.73977], [-96.46525, 15.73971], [-96.46528, 15.73905], [-96.46549, 15.73904], [-96.46548, 15.73917], [-96.46552, 15.73904], [-96.4663, 15.73914], [-96.46655, 15.73872], [-96.46647, 15.73807], [-96.46709, 15.73896], [-96.46721, 15.73941], [-96.46684, 15.73946], [-96.46718, 15.73945], [-96.46724, 15.74002], [-96.46674, 15.74022], [-96.46632, 15.74076], [-96.46573, 15.74037]]]}}, {"id": "1609544", "type": "Feature", "properties": {"id": "1609544", "CVEGEO": "2032400010171030", "POBTOT": 7.0, "score_nse": 0.0, "NSE": "ND", "VIVTOT": 5.0, "GRAPROES": 0.0, "_ent": "20", "_mun": "324", "_loc": "0001"}, "geometry": {"type": "Polygon", "coordinates": [[[-96.46088, 15.7463], [-96.4603, 15.74665], [-96.45991, 15.74634], [-96.46018, 15.7461], [-96.46076, 15.746], [-96.46088, 15.7463]]]}}, {"id": "1609545", "type": "Feature", "properties": {"id": "1609545", "CVEGEO": "2032400010171029", "POBTOT": 4.0, "score_nse": 0.0, "NSE": "ND", "VIVTOT": 3.0, "GRAPROES": 0.0, "_ent": "20", "_mun": "324", "_loc": "0001"}, "geometry": {"type": "Polygon", "coordinates": [[[-96.46474, 15.74554], [-96.46487, 15.74585], [-96.46457, 15.74588], [-96.46474, 15.74554]]]}}, {"id": "1609546", "type": "Feature", "properties": {"id": "1609546", "CVEGEO": "2032400010171025", "POBTOT": 192.0, "score_nse": 0.0, "NSE": "ND", "VIVTOT": 44.0, "GRAPROES": 8.16, "_ent": "20", "_mun": "324", "_loc": "0001"}, "geometry": {"type": "Polygon", "coordinates": [[[-96.46257, 15.74544], [-96.46241, 15.74614], [-96.4621, 15.74619], [-96.46168, 15.74669], [-96.46093, 15.74719], [-96.46041, 15.74782], [-96.46017, 15.74752], [-96.45882, 15.74701], [-96.4569, 15.74735], [-96.45718, 15.7468], [-96.45816, 15.7468], [-96.45855, 15.74646], [-96.45927, 15.74692], [-96.45987, 15.74709], [-96.4604, 15.74714], [-96.46098, 15.74687], [-96.46162, 15.74649], [-96.46225, 15.74601], [-96.46206, 15.746], [-96.4616, 15.74646], [-96.46025, 15.74712], [-96.45929, 15.74688], [-96.45857, 15.74643], [-96.4597, 15.74517], [-96.45997, 15.74386], [-96.46106, 15.7433], [-96.46113, 15.74418], [-96.46095, 15.74491], [-96.46115, 15.74503], [-96.46122, 15.74568], [-96.46003, 15.74613], [-96.45988, 15.74639], [-96.46039, 15.74668], [-96.46162, 15.74597], [-96.46213, 15.74532], [-96.46257, 15.74544]]]}}, {"id": "1609552", "type": "Feature", "properties": {"id": "1609552", "CVEGEO": "2032400010171012", "POBTOT": 0.0, "score_nse": 0.0, "NSE": "ND", "VIVTOT": 0.0, "GRAPROES": 0.0, "_ent": "20", "_mun": "324", "_loc": "0001"}, "geometry": {"type": "Polygon", "coordinates": [[[-96.46439, 15.74472], [-96.46413, 15.74492], [-96.4641, 15.74463], [-96.46439, 15.74472]]]}}, {"id": "1609553", "type": "Feature", "properties": {"id": "1609553", "CVEGEO": "2032400010167040", "POBTOT": 24.0, "score_nse": 51.2576, "NSE": "C-", "VIVTOT": 17.0, "GRAPROES": 12.67, "_ent": "20", "_mun": "324", "_loc": "0001"}, "geometry": {"type": "Polygon", "coordinates": [[[-96.46958, 15.73848], [-96.4701, 15.73797], [-96.4701, 15.73773], [-96.46989, 15.73752], [-96.46874, 15.73724], [-96.46883, 15.73687], [-96.46851, 15.73642], [-96.46971, 15.73586], [-96.47197, 15.73689], [-96.47113, 15.73894], [-96.46968, 15.73855], [-96.46958, 15.73874], [-96.46958, 15.73848]]]}}, {"id": "1609554", "type": "Feature", "properties": {"id": "1609554", "CVEGEO": "2032400010167024", "POBTOT": 82.0, "score_nse": 51.8306, "NSE": "C-", "VIVTOT": 28.0, "GRAPROES": 10.29, "_ent": "20", "_mun": "324", "_loc": "0001"}, "geometry": {"type": "Polygon", "coordinates": [[[-96.46718, 15.745], [-96.46731, 15.74499], [-96.46716, 15.74499], [-96.46715, 15.74541], [-96.46667, 15.74553], [-96.46669, 15.74493], [-96.46742, 15.74471], [-96.46786, 15.745], [-96.46782, 15.74573], [-96.46748, 15.7453], [-96.46746, 15.74543], [-96.46716, 15.74541], [-96.46718, 15.745]]]}}, {"id": "1609555", "type": "Feature", "properties": {"id": "1609555", "CVEGEO": "2032400010167023", "POBTOT": 0.0, "score_nse": 0.0, "NSE": "ND", "VIVTOT": 0.0, "GRAPROES": 0.0, "_ent": "20", "_mun": "324", "_loc": "0001"}, "geometry": {"type": "Polygon", "coordinates": [[[-96.46782, 15.74488], [-96.46799, 15.74473], [-96.46791, 15.74497], [-96.46782, 15.74488]]]}}, {"id": "1609556", "type": "Feature", "properties": {"id": "1609556", "CVEGEO": "2032400010167021", "POBTOT": 217.0, "score_nse": 0.0, "NSE": "ND", "VIVTOT": 80.0, "GRAPROES": 9.08, "_ent": "20", "_mun": "324", "_loc": "0001"}, "geometry": {"type": "Polygon", "coordinates": [[[-96.47, 15.74581], [-96.47033, 15.74578], [-96.47, 15.74577], [-96.47002, 15.7444], [-96.4707, 15.74448], [-96.47057, 15.74511], [-96.47041, 15.74517], [-96.47065, 15.74525], [-96.47073, 15.74444], [-96.47003, 15.74436], [-96.47008, 15.74407], [-96.47135, 15.74444], [-96.47112, 15.74576], [-96.47017, 15.74628], [-96.47001, 15.74614], [-96.47, 15.74581]]]}}, {"id": "1609557", "type": "Feature", "properties": {"id": "1609557", "CVEGEO": "2032400010167020", "POBTOT": 132.0, "score_nse": 47.3015, "NSE": "C-", "VIVTOT": 37.0, "GRAPROES": 7.72, "_ent": "20", "_mun": "324", "_loc": "0001"}, "geometry": {"type": "Polygon", "coordinates": [[[-96.47326, 15.7461], [-96.47265, 15.74594], [-96.47205, 15.74604], [-96.4712, 15.74544], [-96.47125, 15.74508], [-96.47165, 15.74505], [-96.47209, 15.7455], [-96.47235, 15.74546], [-96.47211, 15.74547], [-96.47177, 15.74504], [-96.47126, 15.74505], [-96.47147, 15.7449], [-96.47126, 15.745], [-96.47139, 15.74457], [-96.47177, 15.74462], [-96.4714, 15.74454], [-96.47157, 15.7436], [-96.47255, 15.74439], [-96.47329, 15.74524], [-96.47331, 15.74599], [-96.4734, 15.74535], [-96.47273, 15.74453], [-96.47357, 15.7449], [-96.47361, 15.74554], [-96.47326, 15.7461]]]}}, {"id": "1609558", "type": "Feature", "properties": {"id": "1609558", "CVEGEO": "2032400010152057", "POBTOT": 160.0, "score_nse": 36.4833, "NSE": "D+", "VIVTOT": 49.0, "GRAPROES": 5.4, "_ent": "20", "_mun": "324", "_loc": "0001"}, "geometry": {"type": "Polygon", "coordinates": [[[-96.47327, 15.74858], [-96.47238, 15.74815], [-96.47392, 15.74779], [-96.4734, 15.74785], [-96.47345, 15.74764], [-96.473, 15.7475], [-96.47296, 15.74721], [-96.47327, 15.74616], [-96.47369, 15.74704], [-96.47498, 15.74753], [-96.47505, 15.74814], [-96.47421, 15.74789], [-96.47344, 15.74824], [-96.47327, 15.74858]]]}}, {"id": "1609561", "type": "Feature", "properties": {"id": "1609561", "CVEGEO": "2032400010152056", "POBTOT": 37.0, "score_nse": 0.0, "NSE": "ND", "VIVTOT": 15.0, "GRAPROES": 8.35, "_ent": "20", "_mun": "324", "_loc": "0001"}, "geometry": {"type": "Polygon", "coordinates": [[[-96.47431, 15.74852], [-96.47356, 15.74858], [-96.4733, 15.74858], [-96.47347, 15.74826], [-96.47421, 15.74793], [-96.47504, 15.74817], [-96.47439, 15.74832], [-96.47431, 15.74852]]]}}, {"id": "1609562", "type": "Feature", "properties": {"id": "1609562", "CVEGEO": "2032400010152055", "POBTOT": 144.0, "score_nse": 54.5573, "NSE": "C-", "VIVTOT": 42.0, "GRAPROES": 8.62, "_ent": "20", "_mun": "324", "_loc": "0001"}, "geometry": {"type": "Polygon", "coordinates": [[[-96.4723, 15.74803], [-96.47217, 15.74782], [-96.47259, 15.74766], [-96.4723, 15.74774], [-96.47242, 15.74728], [-96.47226, 15.74774], [-96.47187, 15.74768], [-96.47223, 15.74611], [-96.47265, 15.74599], [-96.47324, 15.74615], [-96.47293, 15.74725], [-96.473, 15.74754], [-96.47336, 15.74762], [-96.47343, 15.7478], [-96.47306, 15.74801], [-96.4723, 15.74803]]]}}, {"id": "1609563", "type": "Feature", "properties": {"id": "1609563", "CVEGEO": "2032400010152040", "POBTOT": 202.0, "score_nse": 41.0337, "NSE": "D+", "VIVTOT": 56.0, "GRAPROES": 7.67, "_ent": "20", "_mun": "324", "_loc": "0001"}, "geometry": {"type": "Polygon", "coordinates": [[[-96.4649, 15.75391], [-96.46478, 15.75307], [-96.46623, 15.75257], [-96.46648, 15.75204], [-96.46638, 15.75138], [-96.46664, 15.75141], [-96.46709, 15.75227], [-96.46674, 15.75241], [-96.46711, 15.75229], [-96.46719, 15.7524], [-96.46663, 15.75346], [-96.46614, 15.75392], [-96.46575, 15.75382], [-96.4652, 15.75415], [-96.4649, 15.75391]]]}}, {"id": "1609564", "type": "Feature", "properties": {"id": "1609564", "CVEGEO": "2032400010152003", "POBTOT": 57.0, "score_nse": 41.436, "NSE": "D+", "VIVTOT": 25.0, "GRAPROES": 8.7, "_ent": "20", "_mun": "324", "_loc": "0001"}, "geometry": {"type": "Polygon", "coordinates": [[[-96.46554, 15.7499], [-96.46621, 15.74848], [-96.46642, 15.74841], [-96.46671, 15.74871], [-96.4664, 15.74909], [-96.46621, 15.74986], [-96.46641, 15.75022], [-96.4669, 15.75053], [-96.4669, 15.75075], [-96.4667, 15.75088], [-96.46645, 15.7508], [-96.46554, 15.7499]]]}}, {"id": "1609565", "type": "Feature", "properties": {"id": "1609565", "CVEGEO": "2032400010133039", "POBTOT": 235.0, "score_nse": 37.0882, "NSE": "D+", "VIVTOT": 74.0, "GRAPROES": 8.22, "_ent": "20", "_mun": "324", "_loc": "0001"}, "geometry": {"type": "Polygon", "coordinates": [[[-96.46298, 15.75018], [-96.46271, 15.74957], [-96.46252, 15.74948], [-96.46262, 15.74897], [-96.46299, 15.74879], [-96.46345, 15.74789], [-96.46356, 15.74792], [-96.46351, 15.74849], [-96.46363, 15.74887], [-96.46371, 15.74895], [-96.46355, 15.7482], [-96.46394, 15.74743], [-96.46421, 15.74872], [-96.46419, 15.74941], [-96.46395, 15.74991], [-96.46347, 15.75006], [-96.46342, 15.74959], [-96.46337, 15.74941], [-96.46325, 15.74926], [-96.46345, 15.75007], [-96.46298, 15.75018]]]}}, {"id": "1609566", "type": "Feature", "properties": {"id": "1609566", "CVEGEO": "2032400010133012", "POBTOT": 70.0, "score_nse": 0.0, "NSE": "ND", "VIVTOT": 44.0, "GRAPROES": 8.22, "_ent": "20", "_mun": "324", "_loc": "0001"}, "geometry": {"type": "Polygon", "coordinates": [[[-96.46605, 15.74869], [-96.46542, 15.74858], [-96.46544, 15.74803], [-96.46568, 15.74804], [-96.46567, 15.74767], [-96.46608, 15.74743], [-96.46613, 15.74789], [-96.46588, 15.74791], [-96.46585, 15.74803], [-96.46614, 15.74792], [-96.46617, 15.74839], [-96.46605, 15.74869]]]}}, {"id": "1609567", "type": "Feature", "properties": {"id": "1609567", "CVEGEO": "2032400010133011", "POBTOT": 55.0, "score_nse": 0.0, "NSE": "ND", "VIVTOT": 23.0, "GRAPROES": 9.42, "_ent": "20", "_mun": "324", "_loc": "0001"}, "geometry": {"type": "Polygon", "coordinates": [[[-96.46541, 15.74799], [-96.46525, 15.74753], [-96.46541, 15.74693], [-96.46572, 15.74709], [-96.4659, 15.74753], [-96.46553, 15.74766], [-96.46566, 15.74801], [-96.46541, 15.74799]]]}}, {"id": "1609569", "type": "Feature", "properties": {"id": "1609569", "CVEGEO": "2032400010133010", "POBTOT": 21.0, "score_nse": 0.0, "NSE": "ND", "VIVTOT": 7.0, "GRAPROES": 10.47, "_ent": "20", "_mun": "324", "_loc": "0001"}, "geometry": {"type": "Polygon", "coordinates": [[[-96.4652, 15.7466], [-96.4654, 15.74693], [-96.46483, 15.74689], [-96.46488, 15.74671], [-96.4652, 15.7466]]]}}, {"id": "1609570", "type": "Feature", "properties": {"id": "1609570", "CVEGEO": "2032400010133009", "POBTOT": 110.0, "score_nse": 47.0724, "NSE": "C-", "VIVTOT": 42.0, "GRAPROES": 9.27, "_ent": "20", "_mun": "324", "_loc": "0001"}, "geometry": {"type": "Polygon", "coordinates": [[[-96.46398, 15.74738], [-96.46348, 15.74643], [-96.46403, 15.74611], [-96.46408, 15.7459], [-96.46442, 15.74593], [-96.46444, 15.74634], [-96.46399, 15.74677], [-96.46435, 15.74703], [-96.46398, 15.74738]]]}}, {"id": "1609588", "type": "Feature", "properties": {"id": "1609588", "CVEGEO": "2032400010186033", "POBTOT": 15.0, "score_nse": 0.0, "NSE": "ND", "VIVTOT": 4.0, "GRAPROES": 8.15, "_ent": "20", "_mun": "324", "_loc": "0001"}, "geometry": {"type": "Polygon", "coordinates": [[[-96.46608, 15.73508], [-96.46581, 15.73449], [-96.46665, 15.73429], [-96.46676, 15.7349], [-96.46648, 15.73502], [-96.4664, 15.73484], [-96.46643, 15.735], [-96.46608, 15.73508]]]}}, {"id": "1609589", "type": "Feature", "properties": {"id": "1609589", "CVEGEO": "2032400010152035", "POBTOT": 241.0, "score_nse": 0.0, "NSE": "ND", "VIVTOT": 72.0, "GRAPROES": 7.66, "_ent": "20", "_mun": "324", "_loc": "0001"}, "geometry": {"type": "Polygon", "coordinates": [[[-96.47157, 15.75], [-96.47136, 15.75], [-96.47053, 15.74938], [-96.4704, 15.74877], [-96.47076, 15.74868], [-96.47099, 15.74873], [-96.47102, 15.74889], [-96.47103, 15.74874], [-96.47192, 15.7489], [-96.47196, 15.74905], [-96.47195, 15.7489], [-96.47275, 15.7485], [-96.4732, 15.74862], [-96.4728, 15.74952], [-96.47248, 15.74964], [-96.47205, 15.75032], [-96.47213, 15.7507], [-96.47157, 15.75061], [-96.47199, 15.75034], [-96.47153, 15.7505], [-96.4714, 15.75006], [-96.47157, 15.75]]]}}, {"id": "1609590", "type": "Feature", "properties": {"id": "1609590", "CVEGEO": "2032400010152031", "POBTOT": 128.0, "score_nse": 0.0, "NSE": "ND", "VIVTOT": 56.0, "GRAPROES": 8.99, "_ent": "20", "_mun": "324", "_loc": "0001"}, "geometry": {"type": "Polygon", "coordinates": [[[-96.47184, 15.74668], [-96.47197, 15.74672], [-96.47191, 15.74721], [-96.47168, 15.74794], [-96.47103, 15.74776], [-96.47103, 15.74703], [-96.47072, 15.74622], [-96.47117, 15.74599], [-96.47132, 15.7464], [-96.4712, 15.74597], [-96.47168, 15.74584], [-96.47217, 15.74612], [-96.47198, 15.74667], [-96.47184, 15.74668]]]}}, {"id": "1609591", "type": "Feature", "properties": {"id": "1609591", "CVEGEO": "2032400010186001", "POBTOT": 27.0, "score_nse": 69.42, "NSE": "C", "VIVTOT": 12.0, "GRAPROES": 14.06, "_ent": "20", "_mun": "324", "_loc": "0001"}, "geometry": {"type": "Polygon", "coordinates": [[[-96.46667, 15.73423], [-96.46632, 15.73433], [-96.46615, 15.73376], [-96.46653, 15.73365], [-96.46667, 15.73423]]]}}, {"id": "1609592", "type": "Feature", "properties": {"id": "1609592", "CVEGEO": "2032400010171056", "POBTOT": 14.0, "score_nse": 84.08, "NSE": "C+", "VIVTOT": 5.0, "GRAPROES": 13.9, "_ent": "20", "_mun": "324", "_loc": "0001"}, "geometry": {"type": "Polygon", "coordinates": [[[-96.46244, 15.74605], [-96.4626, 15.74546], [-96.46326, 15.74587], [-96.46284, 15.74635], [-96.46244, 15.74605]]]}}, {"id": "1609593", "type": "Feature", "properties": {"id": "1609593", "CVEGEO": "2032400010171054", "POBTOT": 18.0, "score_nse": 61.75, "NSE": "C", "VIVTOT": 12.0, "GRAPROES": 11.2, "_ent": "20", "_mun": "324", "_loc": "0001"}, "geometry": {"type": "Polygon", "coordinates": [[[-96.4654, 15.74355], [-96.46518, 15.74327], [-96.46567, 15.74331], [-96.46573, 15.74414], [-96.46544, 15.74409], [-96.4654, 15.74355]]]}}, {"id": "1609594", "type": "Feature", "properties": {"id": "1609594", "CVEGEO": "2032400010171053", "POBTOT": 26.0, "score_nse": 0.0, "NSE": "ND", "VIVTOT": 7.0, "GRAPROES": 11.36, "_ent": "20", "_mun": "324", "_loc": "0001"}, "geometry": {"type": "Polygon", "coordinates": [[[-96.46484, 15.74431], [-96.46479, 15.74373], [-96.46491, 15.74378], [-96.46515, 15.74328], [-96.46538, 15.74356], [-96.46544, 15.74403], [-96.4652, 15.74416], [-96.46507, 15.74404], [-96.46518, 15.74418], [-96.46509, 15.74437], [-96.46484, 15.74431]]]}}, {"id": "1609595", "type": "Feature", "properties": {"id": "1609595", "CVEGEO": "2032400010171042", "POBTOT": 0.0, "score_nse": 0.0, "NSE": "ND", "VIVTOT": 0.0, "GRAPROES": 0.0, "_ent": "20", "_mun": "324", "_loc": "0001"}, "geometry": {"type": "Polygon", "coordinates": [[[-96.46487, 15.74532], [-96.4648, 15.74513], [-96.46482, 15.74493], [-96.46487, 15.74532]]]}}, {"id": "1609596", "type": "Feature", "properties": {"id": "1609596", "CVEGEO": "2032400010171011", "POBTOT": 7.0, "score_nse": 0.0, "NSE": "ND", "VIVTOT": 3.0, "GRAPROES": 7.0, "_ent": "20", "_mun": "324", "_loc": "0001"}, "geometry": {"type": "Polygon", "coordinates": [[[-96.46489, 15.74492], [-96.46464, 15.74479], [-96.46449, 15.74472], [-96.46493, 15.74465], [-96.46489, 15.74492]]]}}, {"id": "1609597", "type": "Feature", "properties": {"id": "1609597", "CVEGEO": "2032400010171010", "POBTOT": 34.0, "score_nse": 76.068, "NSE": "C+", "VIVTOT": 10.0, "GRAPROES": 11.59, "_ent": "20", "_mun": "324", "_loc": "0001"}, "geometry": {"type": "Polygon", "coordinates": [[[-96.4651, 15.74459], [-96.46537, 15.74415], [-96.46569, 15.74419], [-96.46571, 15.74464], [-96.4651, 15.74459]]]}}, {"id": "1609598", "type": "Feature", "properties": {"id": "1609598", "CVEGEO": "2032400010171009", "POBTOT": 16.0, "score_nse": 0.0, "NSE": "ND", "VIVTOT": 7.0, "GRAPROES": 9.86, "_ent": "20", "_mun": "324", "_loc": "0001"}, "geometry": {"type": "Polygon", "coordinates": [[[-96.46612, 15.74235], [-96.46559, 15.74249], [-96.46576, 15.74175], [-96.46593, 15.74185], [-96.46586, 15.74222], [-96.46612, 15.74235]]]}}, {"id": "1609599", "type": "Feature", "properties": {"id": "1609599", "CVEGEO": "2032400010171002", "POBTOT": 38.0, "score_nse": 0.0, "NSE": "ND", "VIVTOT": 9.0, "GRAPROES": 9.19, "_ent": "20", "_mun": "324", "_loc": "0001"}, "geometry": {"type": "Polygon", "coordinates": [[[-96.46362, 15.74304], [-96.46412, 15.74322], [-96.46376, 15.74364], [-96.46362, 15.74304]]]}}, {"id": "1609600", "type": "Feature", "properties": {"id": "1609600", "CVEGEO": "2032400010171001", "POBTOT": 13.0, "score_nse": 0.0, "NSE": "ND", "VIVTOT": 5.0, "GRAPROES": 9.8, "_ent": "20", "_mun": "324", "_loc": "0001"}, "geometry": {"type": "Polygon", "coordinates": [[[-96.46415, 15.74323], [-96.46453, 15.74356], [-96.46386, 15.7439], [-96.46377, 15.74366], [-96.46415, 15.74323]]]}}, {"id": "1609601", "type": "Feature", "properties": {"id": "1609601", "CVEGEO": "2032400010167013", "POBTOT": 78.0, "score_nse": 49.8132, "NSE": "C-", "VIVTOT": 39.0, "GRAPROES": 10.56, "_ent": "20", "_mun": "324", "_loc": "0001"}, "geometry": {"type": "Polygon", "coordinates": [[[-96.46876, 15.7444], [-96.46918, 15.74384], [-96.47003, 15.74406], [-96.46987, 15.74487], [-96.46917, 15.74461], [-96.46905, 15.74438], [-96.46876, 15.7444]]]}}, {"id": "1609602", "type": "Feature", "properties": {"id": "1609602", "CVEGEO": "2032400010167012", "POBTOT": 32.0, "score_nse": 62.308, "NSE": "C", "VIVTOT": 18.0, "GRAPROES": 11.83, "_ent": "20", "_mun": "324", "_loc": "0001"}, "geometry": {"type": "Polygon", "coordinates": [[[-96.47003, 15.74401], [-96.46922, 15.7438], [-96.47008, 15.74265], [-96.47003, 15.74401]]]}}, {"id": "1609603", "type": "Feature", "properties": {"id": "1609603", "CVEGEO": "2032400010152029", "POBTOT": 91.0, "score_nse": 0.0, "NSE": "ND", "VIVTOT": 24.0, "GRAPROES": 7.41, "_ent": "20", "_mun": "324", "_loc": "0001"}, "geometry": {"type": "Polygon", "coordinates": [[[-96.46645, 15.75511], [-96.46526, 15.75419], [-96.46576, 15.75389], [-96.46597, 15.754], [-96.46628, 15.75393], [-96.46671, 15.75342], [-96.46704, 15.7535], [-96.4669, 15.75429], [-96.46645, 15.75511]]]}}, {"id": "1609604", "type": "Feature", "properties": {"id": "1609604", "CVEGEO": "2032400010152023", "POBTOT": 76.0, "score_nse": 47.3552, "NSE": "C-", "VIVTOT": 38.0, "GRAPROES": 9.52, "_ent": "20", "_mun": "324", "_loc": "0001"}, "geometry": {"type": "Polygon", "coordinates": [[[-96.47007, 15.74657], [-96.46955, 15.74641], [-96.46896, 15.74597], [-96.47034, 15.7463], [-96.47007, 15.74657]]]}}, {"id": "1609605", "type": "Feature", "properties": {"id": "1609605", "CVEGEO": "2032400010133033", "POBTOT": 183.0, "score_nse": 43.5922, "NSE": "C-", "VIVTOT": 49.0, "GRAPROES": 8.37, "_ent": "20", "_mun": "324", "_loc": "0001"}, "geometry": {"type": "Polygon", "coordinates": [[[-96.46471, 15.7544], [-96.46445, 15.7543], [-96.46467, 15.75421], [-96.46467, 15.75406], [-96.46443, 15.75429], [-96.46438, 15.75408], [-96.4644, 15.75429], [-96.46348, 15.75421], [-96.4628, 15.75373], [-96.46228, 15.75357], [-96.46227, 15.75311], [-96.46404, 15.75246], [-96.46442, 15.75298], [-96.46471, 15.75305], [-96.46484, 15.75404], [-96.46471, 15.7544]]]}}, {"id": "1609606", "type": "Feature", "properties": {"id": "1609606", "CVEGEO": "2032400010152008", "POBTOT": 19.0, "score_nse": 0.0, "NSE": "ND", "VIVTOT": 9.0, "GRAPROES": 9.0, "_ent": "20", "_mun": "324", "_loc": "0001"}, "geometry": {"type": "Polygon", "coordinates": [[[-96.46914, 15.75013], [-96.46912, 15.75042], [-96.46845, 15.7505], [-96.46834, 15.75019], [-96.46914, 15.75013]]]}}, {"id": "1609607", "type": "Feature", "properties": {"id": "1609607", "CVEGEO": "2032400010152004", "POBTOT": 60.0, "score_nse": 0.0, "NSE": "ND", "VIVTOT": 24.0, "GRAPROES": 10.42, "_ent": "20", "_mun": "324", "_loc": "0001"}, "geometry": {"type": "Polygon", "coordinates": [[[-96.46623, 15.7484], [-96.46604, 15.74707], [-96.46663, 15.74698], [-96.46668, 15.74724], [-96.46654, 15.74733], [-96.46669, 15.74727], [-96.46697, 15.74793], [-96.46678, 15.74823], [-96.4665, 15.74833], [-96.46648, 15.74807], [-96.46673, 15.748], [-96.46645, 15.74805], [-96.46647, 15.74834], [-96.46623, 15.7484]]]}}, {"id": "1609608", "type": "Feature", "properties": {"id": "1609608", "CVEGEO": "2032400010167014", "POBTOT": 0.0, "score_nse": 0.0, "NSE": "ND", "VIVTOT": 0.0, "GRAPROES": 0.0, "_ent": "20", "_mun": "324", "_loc": "0001"}, "geometry": {"type": "Polygon", "coordinates": [[[-96.46809, 15.74454], [-96.46811, 15.74355], [-96.46912, 15.74383], [-96.46863, 15.74446], [-96.46838, 15.74462], [-96.46809, 15.74454]]]}}, {"id": "1609627", "type": "Feature", "properties": {"id": "1609627", "CVEGEO": "2032400010167025", "POBTOT": 42.0, "score_nse": 0.0, "NSE": "ND", "VIVTOT": 17.0, "GRAPROES": 9.5, "_ent": "20", "_mun": "324", "_loc": "0001"}, "geometry": {"type": "Polygon", "coordinates": [[[-96.46582, 15.74545], [-96.46578, 15.7447], [-96.46633, 15.74464], [-96.46636, 15.74484], [-96.46635, 15.74464], [-96.46659, 15.74461], [-96.46661, 15.74537], [-96.46582, 15.74545]]]}}, {"id": "1609668", "type": "Feature", "properties": {"id": "1609668", "CVEGEO": "2032400010186037", "POBTOT": 56.0, "score_nse": 57.4489, "NSE": "C", "VIVTOT": 18.0, "GRAPROES": 9.23, "_ent": "20", "_mun": "324", "_loc": "0001"}, "geometry": {"type": "Polygon", "coordinates": [[[-96.46656, 15.73735], [-96.46694, 15.73804], [-96.46678, 15.7385], [-96.46627, 15.73781], [-96.46621, 15.73724], [-96.46656, 15.73735]]]}}, {"id": "1609669", "type": "Feature", "properties": {"id": "1609669", "CVEGEO": "2032400010186036", "POBTOT": 269.0, "score_nse": 0.0, "NSE": "ND", "VIVTOT": 88.0, "GRAPROES": 9.57, "_ent": "20", "_mun": "324", "_loc": "0001"}, "geometry": {"type": "Polygon", "coordinates": [[[-96.46726, 15.73535], [-96.46788, 15.73527], [-96.46829, 15.73575], [-96.4677, 15.73662], [-96.46733, 15.73639], [-96.46722, 15.73607], [-96.46761, 15.73601], [-96.46767, 15.73579], [-96.46731, 15.73563], [-96.46705, 15.73571], [-96.46734, 15.73567], [-96.46718, 15.73608], [-96.46728, 15.73637], [-96.46631, 15.73642], [-96.46629, 15.73568], [-96.46657, 15.73564], [-96.46629, 15.73565], [-96.46627, 15.73551], [-96.4669, 15.73541], [-96.46664, 15.73542], [-96.46651, 15.73507], [-96.4668, 15.7349], [-96.46669, 15.73428], [-96.46788, 15.73403], [-96.46787, 15.73487], [-96.46754, 15.73485], [-96.46755, 15.73473], [-96.46752, 15.73484], [-96.46713, 15.73482], [-96.46711, 15.73462], [-96.46709, 15.73504], [-96.46713, 15.73485], [-96.46752, 15.73487], [-96.46751, 15.73507], [-96.46787, 15.7351], [-96.46788, 15.73525], [-96.46726, 15.73524], [-96.46726, 15.73535]]]}}, {"id": "1609670", "type": "Feature", "properties": {"id": "1609670", "CVEGEO": "2032400010186032", "POBTOT": 63.0, "score_nse": 60.3475, "NSE": "C", "VIVTOT": 16.0, "GRAPROES": 10.23, "_ent": "20", "_mun": "324", "_loc": "0001"}, "geometry": {"type": "Polygon", "coordinates": [[[-96.46667, 15.73739], [-96.46742, 15.73761], [-96.46699, 15.73869], [-96.46681, 15.73853], [-96.46698, 15.73803], [-96.46664, 15.73763], [-96.46667, 15.73739]]]}}, {"id": "1609672", "type": "Feature", "properties": {"id": "1609672", "CVEGEO": "2032400010186031", "POBTOT": 74.0, "score_nse": 55.4969, "NSE": "C", "VIVTOT": 18.0, "GRAPROES": 9.73, "_ent": "20", "_mun": "324", "_loc": "0001"}, "geometry": {"type": "Polygon", "coordinates": [[[-96.46829, 15.73469], [-96.46873, 15.73469], [-96.46831, 15.73571], [-96.46795, 15.73541], [-96.46793, 15.73439], [-96.46836, 15.73437], [-96.46829, 15.73469]]]}}, {"id": "1609673", "type": "Feature", "properties": {"id": "1609673", "CVEGEO": "2032400010167011", "POBTOT": 0.0, "score_nse": 10.0, "NSE": "E", "VIVTOT": 2.0, "GRAPROES": 0.0, "_ent": "20", "_mun": "324", "_loc": "0001"}, "geometry": {"type": "Polygon", "coordinates": [[[-96.47079, 15.73392], [-96.46999, 15.73398], [-96.46996, 15.73371], [-96.47033, 15.73297], [-96.47103, 15.73319], [-96.47079, 15.73392]]]}}, {"id": "1609674", "type": "Feature", "properties": {"id": "1609674", "CVEGEO": "2032400010167010", "POBTOT": 96.0, "score_nse": 59.3477, "NSE": "C", "VIVTOT": 28.0, "GRAPROES": 10.74, "_ent": "20", "_mun": "324", "_loc": "0001"}, "geometry": {"type": "Polygon", "coordinates": [[[-96.46616, 15.74432], [-96.46574, 15.74386], [-96.46571, 15.7436], [-96.46611, 15.74359], [-96.46571, 15.74357], [-96.46589, 15.74286], [-96.46641, 15.74242], [-96.46719, 15.74255], [-96.46664, 15.74414], [-96.46631, 15.74405], [-96.46663, 15.74416], [-96.46652, 15.74441], [-96.46616, 15.74432]]]}}, {"id": "1609675", "type": "Feature", "properties": {"id": "1609675", "CVEGEO": "2032400010167009", "POBTOT": 35.0, "score_nse": 0.0, "NSE": "ND", "VIVTOT": 21.0, "GRAPROES": 11.63, "_ent": "20", "_mun": "324", "_loc": "0001"}, "geometry": {"type": "Polygon", "coordinates": [[[-96.46916, 15.74378], [-96.46817, 15.74351], [-96.46819, 15.74337], [-96.46814, 15.7435], [-96.46701, 15.74323], [-96.46723, 15.74259], [-96.46786, 15.74202], [-96.46833, 15.74243], [-96.4698, 15.74301], [-96.46916, 15.74378]]]}}, {"id": "1609676", "type": "Feature", "properties": {"id": "1609676", "CVEGEO": "2032400010167007", "POBTOT": 19.0, "score_nse": 0.0, "NSE": "ND", "VIVTOT": 9.0, "GRAPROES": 8.36, "_ent": "20", "_mun": "324", "_loc": "0001"}, "geometry": {"type": "Polygon", "coordinates": [[[-96.46801, 15.74174], [-96.46791, 15.7411], [-96.46832, 15.74028], [-96.46876, 15.74073], [-96.46801, 15.74174]]]}}, {"id": "1609677", "type": "Feature", "properties": {"id": "1609677", "CVEGEO": "2032400010152041", "POBTOT": 57.0, "score_nse": 0.0, "NSE": "ND", "VIVTOT": 14.0, "GRAPROES": 7.88, "_ent": "20", "_mun": "324", "_loc": "0001"}, "geometry": {"type": "Polygon", "coordinates": [[[-96.46746, 15.75641], [-96.46618, 15.75641], [-96.46609, 15.756], [-96.46627, 15.75551], [-96.46656, 15.75547], [-96.46672, 15.75587], [-96.4665, 15.75614], [-96.46674, 15.75589], [-96.46735, 15.75593], [-96.46746, 15.75641]]]}}, {"id": "1609678", "type": "Feature", "properties": {"id": "1609678", "CVEGEO": "2032400010152022", "POBTOT": 27.0, "score_nse": 0.0, "NSE": "ND", "VIVTOT": 16.0, "GRAPROES": 10.17, "_ent": "20", "_mun": "324", "_loc": "0001"}, "geometry": {"type": "Polygon", "coordinates": [[[-96.46713, 15.74613], [-96.46697, 15.74588], [-96.46666, 15.74588], [-96.46667, 15.74556], [-96.46738, 15.74544], [-96.46781, 15.74576], [-96.4678, 15.74607], [-96.46713, 15.74613]]]}}, {"id": "1609679", "type": "Feature", "properties": {"id": "1609679", "CVEGEO": "2032400010152021", "POBTOT": 13.0, "score_nse": 0.0, "NSE": "ND", "VIVTOT": 8.0, "GRAPROES": 8.67, "_ent": "20", "_mun": "324", "_loc": "0001"}, "geometry": {"type": "Polygon", "coordinates": [[[-96.46588, 15.74638], [-96.46581, 15.7455], [-96.46649, 15.74544], [-96.46661, 15.74573], [-96.46652, 15.74615], [-96.46588, 15.74638]]]}}, {"id": "1609680", "type": "Feature", "properties": {"id": "1609680", "CVEGEO": "2032400010133026", "POBTOT": 86.0, "score_nse": 58.2514, "NSE": "C", "VIVTOT": 33.0, "GRAPROES": 11.27, "_ent": "20", "_mun": "324", "_loc": "0001"}, "geometry": {"type": "Polygon", "coordinates": [[[-96.46401, 15.74609], [-96.46347, 15.74641], [-96.46327, 15.74609], [-96.46343, 15.74601], [-96.46328, 15.74606], [-96.46331, 15.74591], [-96.46367, 15.74569], [-96.46406, 15.74589], [-96.46401, 15.74609]]]}}, {"id": "1609681", "type": "Feature", "properties": {"id": "1609681", "CVEGEO": "2032400010133023", "POBTOT": 169.0, "score_nse": 0.0, "NSE": "ND", "VIVTOT": 47.0, "GRAPROES": 9.08, "_ent": "20", "_mun": "324", "_loc": "0001"}, "geometry": {"type": "Polygon", "coordinates": [[[-96.46244, 15.74946], [-96.46022, 15.74927], [-96.4595, 15.74887], [-96.4589, 15.74899], [-96.45829, 15.74886], [-96.45738, 15.74768], [-96.45689, 15.7474], [-96.45881, 15.74706], [-96.46015, 15.74755], [-96.46033, 15.74784], [-96.46092, 15.74817], [-96.46132, 15.74816], [-96.46175, 15.74806], [-96.46293, 15.74689], [-96.46361, 15.74671], [-96.46393, 15.7474], [-96.46357, 15.74789], [-96.46335, 15.7479], [-96.46297, 15.74877], [-96.46264, 15.74886], [-96.46244, 15.74946]]]}}, {"id": "1609694", "type": "Feature", "properties": {"id": "1609694", "CVEGEO": "2032400010167029", "POBTOT": 14.0, "score_nse": 0.0, "NSE": "ND", "VIVTOT": 5.0, "GRAPROES": 9.18, "_ent": "20", "_mun": "324", "_loc": "0001"}, "geometry": {"type": "Polygon", "coordinates": [[[-96.46873, 15.74145], [-96.46846, 15.7412], [-96.4686, 15.74101], [-96.46958, 15.74063], [-96.46917, 15.74135], [-96.46988, 15.74252], [-96.46983, 15.74296], [-96.46836, 15.74238], [-96.46789, 15.74198], [-96.46843, 15.74123], [-96.46873, 15.74145]]]}}, {"id": "1609695", "type": "Feature", "properties": {"id": "1609695", "CVEGEO": "2032400010167001", "POBTOT": 23.0, "score_nse": 56.1137, "NSE": "C", "VIVTOT": 7.0, "GRAPROES": 8.18, "_ent": "20", "_mun": "324", "_loc": "0001"}, "geometry": {"type": "Polygon", "coordinates": [[[-96.46852, 15.74022], [-96.46843, 15.74009], [-96.46868, 15.73973], [-96.46956, 15.73904], [-96.46937, 15.73987], [-96.46965, 15.74049], [-96.46879, 15.74071], [-96.46834, 15.74026], [-96.46841, 15.74012], [-96.46852, 15.74022]]]}}, {"id": "1609696", "type": "Feature", "properties": {"id": "1609696", "CVEGEO": "2032400010152064", "POBTOT": 81.0, "score_nse": 0.0, "NSE": "ND", "VIVTOT": 24.0, "GRAPROES": 7.41, "_ent": "20", "_mun": "324", "_loc": "0001"}, "geometry": {"type": "Polygon", "coordinates": [[[-96.47484, 15.74866], [-96.47456, 15.74873], [-96.47443, 15.74835], [-96.47506, 15.74821], [-96.47576, 15.74875], [-96.47583, 15.74916], [-96.47558, 15.74993], [-96.47644, 15.75084], [-96.47625, 15.75122], [-96.47578, 15.75121], [-96.47554, 15.75026], [-96.47459, 15.74877], [-96.47484, 15.74866]]]}}, {"id": "1609697", "type": "Feature", "properties": {"id": "1609697", "CVEGEO": "2032400010186038", "POBTOT": 7.0, "score_nse": 0.0, "NSE": "ND", "VIVTOT": 2.0, "GRAPROES": 0.0, "_ent": "20", "_mun": "324", "_loc": "0001"}, "geometry": {"type": "Polygon", "coordinates": [[[-96.46723, 15.73598], [-96.46732, 15.73578], [-96.46764, 15.73581], [-96.46755, 15.736], [-96.46723, 15.73598]]]}}, {"id": "1609698", "type": "Feature", "properties": {"id": "1609698", "CVEGEO": "2032400010171017", "POBTOT": 10.0, "score_nse": 0.0, "NSE": "ND", "VIVTOT": 2.0, "GRAPROES": 0.0, "_ent": "20", "_mun": "324", "_loc": "0001"}, "geometry": {"type": "Polygon", "coordinates": [[[-96.46494, 15.74503], [-96.46499, 15.74464], [-96.46533, 15.74466], [-96.46526, 15.74511], [-96.46494, 15.74503]]]}}, {"id": "1609713", "type": "Feature", "properties": {"id": "1609713", "CVEGEO": "2032400010152075", "POBTOT": 215.0, "score_nse": 43.4203, "NSE": "C-", "VIVTOT": 74.0, "GRAPROES": 7.47, "_ent": "20", "_mun": "324", "_loc": "0001"}, "geometry": {"type": "Polygon", "coordinates": [[[-96.47265, 15.74855], [-96.472, 15.74887], [-96.47076, 15.74865], [-96.47039, 15.74874], [-96.46998, 15.74799], [-96.47047, 15.7478], [-96.47055, 15.74826], [-96.47089, 15.74841], [-96.47058, 15.74823], [-96.47053, 15.7478], [-96.47104, 15.74782], [-96.4714, 15.74837], [-96.47119, 15.74788], [-96.47162, 15.74803], [-96.47198, 15.74768], [-96.47265, 15.74855]]]}}, {"id": "1609714", "type": "Feature", "properties": {"id": "1609714", "CVEGEO": "2032400010186023", "POBTOT": 39.0, "score_nse": 79.8036, "NSE": "C+", "VIVTOT": 11.0, "GRAPROES": 15.08, "_ent": "20", "_mun": "324", "_loc": "0001"}, "geometry": {"type": "Polygon", "coordinates": [[[-96.46755, 15.734], [-96.46716, 15.73409], [-96.467, 15.73351], [-96.46739, 15.73341], [-96.46755, 15.734]]]}}, {"id": "1609715", "type": "Feature", "properties": {"id": "1609715", "CVEGEO": "2032400010186014", "POBTOT": 95.0, "score_nse": 0.0, "NSE": "ND", "VIVTOT": 31.0, "GRAPROES": 10.41, "_ent": "20", "_mun": "324", "_loc": "0001"}, "geometry": {"type": "Polygon", "coordinates": [[[-96.46765, 15.7367], [-96.46759, 15.73697], [-96.46733, 15.73691], [-96.46758, 15.737], [-96.46743, 15.73758], [-96.46668, 15.73735], [-96.46675, 15.73708], [-96.46701, 15.73712], [-96.46675, 15.73705], [-96.46673, 15.73641], [-96.46734, 15.73643], [-96.46765, 15.7367]]]}}, {"id": "1609716", "type": "Feature", "properties": {"id": "1609716", "CVEGEO": "2032400010171037", "POBTOT": 101.0, "score_nse": 0.0, "NSE": "ND", "VIVTOT": 30.0, "GRAPROES": 7.63, "_ent": "20", "_mun": "324", "_loc": "0001"}, "geometry": {"type": "Polygon", "coordinates": [[[-96.46517, 15.7409], [-96.46366, 15.74038], [-96.46372, 15.74], [-96.4657, 15.74039], [-96.46609, 15.74071], [-96.46574, 15.74113], [-96.46536, 15.7413], [-96.46517, 15.7409]]]}}, {"id": "1609717", "type": "Feature", "properties": {"id": "1609717", "CVEGEO": "2032400010171036", "POBTOT": 51.0, "score_nse": 46.2189, "NSE": "C-", "VIVTOT": 19.0, "GRAPROES": 9.0, "_ent": "20", "_mun": "324", "_loc": "0001"}, "geometry": {"type": "Polygon", "coordinates": [[[-96.46357, 15.74176], [-96.46365, 15.74104], [-96.46357, 15.74149], [-96.46341, 15.74149], [-96.46367, 15.74044], [-96.46419, 15.74066], [-96.46411, 15.74197], [-96.46398, 15.74179], [-96.46357, 15.74176]]]}}, {"id": "1609718", "type": "Feature", "properties": {"id": "1609718", "CVEGEO": "2032400010171035", "POBTOT": 168.0, "score_nse": 0.0, "NSE": "ND", "VIVTOT": 48.0, "GRAPROES": 8.67, "_ent": "20", "_mun": "324", "_loc": "0001"}, "geometry": {"type": "Polygon", "coordinates": [[[-96.46317, 15.7428], [-96.46342, 15.74153], [-96.46356, 15.74152], [-96.46357, 15.74181], [-96.46396, 15.74183], [-96.46409, 15.74201], [-96.46386, 15.7423], [-96.46371, 15.74302], [-96.46317, 15.7428]]]}}, {"id": "1609719", "type": "Feature", "properties": {"id": "1609719", "CVEGEO": "2032400010171034", "POBTOT": 174.0, "score_nse": 43.28, "NSE": "C-", "VIVTOT": 50.0, "GRAPROES": 7.68, "_ent": "20", "_mun": "324", "_loc": "0001"}, "geometry": {"type": "Polygon", "coordinates": [[[-96.46099, 15.74813], [-96.46047, 15.74784], [-96.46096, 15.74722], [-96.46171, 15.74672], [-96.46213, 15.74622], [-96.4626, 15.74621], [-96.46284, 15.7464], [-96.46322, 15.7461], [-96.46348, 15.74652], [-96.46309, 15.74665], [-96.4635, 15.74654], [-96.46358, 15.74668], [-96.4629, 15.74685], [-96.46242, 15.74742], [-96.46248, 15.74707], [-96.46273, 15.74679], [-96.46255, 15.74693], [-96.46237, 15.7472], [-96.46172, 15.74754], [-96.46105, 15.74755], [-96.46099, 15.74813]]]}}, {"id": "1609721", "type": "Feature", "properties": {"id": "1609721", "CVEGEO": "2032400010171031", "POBTOT": 0.0, "score_nse": 0.0, "NSE": "ND", "VIVTOT": 0.0, "GRAPROES": 0.0, "_ent": "20", "_mun": "324", "_loc": "0001"}, "geometry": {"type": "Polygon", "coordinates": [[[-96.46728, 15.74002], [-96.46724, 15.73951], [-96.46757, 15.74001], [-96.46728, 15.74002]]]}}, {"id": "1609722", "type": "Feature", "properties": {"id": "1609722", "CVEGEO": "2032400010171020", "POBTOT": 0.0, "score_nse": 0.0, "NSE": "ND", "VIVTOT": 0.0, "GRAPROES": 0.0, "_ent": "20", "_mun": "324", "_loc": "0001"}, "geometry": {"type": "Polygon", "coordinates": [[[-96.46203, 15.74295], [-96.46149, 15.74263], [-96.46177, 15.74217], [-96.46259, 15.74258], [-96.46241, 15.74286], [-96.46203, 15.74295]]]}}, {"id": "1609723", "type": "Feature", "properties": {"id": "1609723", "CVEGEO": "2032400010171019", "POBTOT": 43.0, "score_nse": 0.0, "NSE": "ND", "VIVTOT": 25.0, "GRAPROES": 8.76, "_ent": "20", "_mun": "324", "_loc": "0001"}, "geometry": {"type": "Polygon", "coordinates": [[[-96.46372, 15.74566], [-96.46409, 15.74508], [-96.46447, 15.74588], [-96.46372, 15.74566]]]}}, {"id": "1609725", "type": "Feature", "properties": {"id": "1609725", "CVEGEO": "2032400010171006", "POBTOT": 52.0, "score_nse": 0.0, "NSE": "ND", "VIVTOT": 14.0, "GRAPROES": 9.71, "_ent": "20", "_mun": "324", "_loc": "0001"}, "geometry": {"type": "Polygon", "coordinates": [[[-96.46306, 15.74356], [-96.46299, 15.74277], [-96.46355, 15.74302], [-96.46372, 15.74369], [-96.46332, 15.74369], [-96.46306, 15.74356]]]}}, {"id": "1609726", "type": "Feature", "properties": {"id": "1609726", "CVEGEO": "2032400010171005", "POBTOT": 69.0, "score_nse": 0.0, "NSE": "ND", "VIVTOT": 23.0, "GRAPROES": 9.25, "_ent": "20", "_mun": "324", "_loc": "0001"}, "geometry": {"type": "Polygon", "coordinates": [[[-96.46303, 15.74425], [-96.46306, 15.74359], [-96.46373, 15.74372], [-96.464, 15.74451], [-96.46348, 15.74452], [-96.46341, 15.74435], [-96.46303, 15.74425]]]}}, {"id": "1609727", "type": "Feature", "properties": {"id": "1609727", "CVEGEO": "2032400010167033", "POBTOT": 23.0, "score_nse": 73.434, "NSE": "C+", "VIVTOT": 8.0, "GRAPROES": 14.0, "_ent": "20", "_mun": "324", "_loc": "0001"}, "geometry": {"type": "Polygon", "coordinates": [[[-96.46966, 15.73759], [-96.46971, 15.73798], [-96.46898, 15.73822], [-96.46872, 15.73728], [-96.46966, 15.73759]]]}}, {"id": "1609728", "type": "Feature", "properties": {"id": "1609728", "CVEGEO": "2032400010167032", "POBTOT": 27.0, "score_nse": 0.0, "NSE": "ND", "VIVTOT": 7.0, "GRAPROES": 10.65, "_ent": "20", "_mun": "324", "_loc": "0001"}, "geometry": {"type": "Polygon", "coordinates": [[[-96.47192, 15.73682], [-96.46993, 15.73598], [-96.46962, 15.73558], [-96.46858, 15.73517], [-96.46904, 15.73413], [-96.4706, 15.73394], [-96.47225, 15.73403], [-96.4735, 15.73467], [-96.47312, 15.73568], [-96.47192, 15.73682]]]}}, {"id": "1609729", "type": "Feature", "properties": {"id": "1609729", "CVEGEO": "2032400010167015", "POBTOT": 70.0, "score_nse": 50.662, "NSE": "C-", "VIVTOT": 40.0, "GRAPROES": 11.19, "_ent": "20", "_mun": "324", "_loc": "0001"}, "geometry": {"type": "Polygon", "coordinates": [[[-96.46726, 15.74427], [-96.46721, 15.74464], [-96.46669, 15.74487], [-96.46667, 15.74427], [-96.46699, 15.74329], [-96.46805, 15.74354], [-96.46803, 15.74463], [-96.4679, 15.74476], [-96.46779, 15.74486], [-96.46724, 15.74464], [-96.46726, 15.74427]]]}}, {"id": "1609730", "type": "Feature", "properties": {"id": "1609730", "CVEGEO": "2032400010167005", "POBTOT": 51.0, "score_nse": 0.0, "NSE": "ND", "VIVTOT": 20.0, "GRAPROES": 9.45, "_ent": "20", "_mun": "324", "_loc": "0001"}, "geometry": {"type": "Polygon", "coordinates": [[[-96.4697, 15.74049], [-96.46942, 15.73987], [-96.4697, 15.73861], [-96.47111, 15.73899], [-96.47061, 15.74023], [-96.4697, 15.74049]]]}}, {"id": "1609731", "type": "Feature", "properties": {"id": "1609731", "CVEGEO": "2032400010167004", "POBTOT": 207.0, "score_nse": 0.0, "NSE": "ND", "VIVTOT": 91.0, "GRAPROES": 11.2, "_ent": "20", "_mun": "324", "_loc": "0001"}, "geometry": {"type": "Polygon", "coordinates": [[[-96.46743, 15.738], [-96.46766, 15.73751], [-96.46726, 15.73812], [-96.46783, 15.73651], [-96.46807, 15.73626], [-96.46845, 15.73643], [-96.46879, 15.73704], [-96.46871, 15.73723], [-96.46784, 15.73703], [-96.46826, 15.73716], [-96.46795, 15.73789], [-96.46828, 15.73716], [-96.46857, 15.73723], [-96.46839, 15.73773], [-96.46869, 15.73726], [-96.46895, 15.73823], [-96.46825, 15.73842], [-96.46814, 15.73803], [-96.46823, 15.73842], [-96.46715, 15.73841], [-96.46741, 15.73802], [-96.46768, 15.73816], [-96.46743, 15.738]]]}}, {"id": "1609732", "type": "Feature", "properties": {"id": "1609732", "CVEGEO": "2032400010152051", "POBTOT": 12.0, "score_nse": 0.0, "NSE": "ND", "VIVTOT": 6.0, "GRAPROES": 10.3, "_ent": "20", "_mun": "324", "_loc": "0001"}, "geometry": {"type": "Polygon", "coordinates": [[[-96.46612, 15.75799], [-96.46548, 15.75756], [-96.46567, 15.75727], [-96.46633, 15.75772], [-96.46612, 15.75799]]]}}, {"id": "1609733", "type": "Feature", "properties": {"id": "1609733", "CVEGEO": "2032400010152050", "POBTOT": 85.0, "score_nse": 0.0, "NSE": "ND", "VIVTOT": 26.0, "GRAPROES": 8.27, "_ent": "20", "_mun": "324", "_loc": "0001"}, "geometry": {"type": "Polygon", "coordinates": [[[-96.46957, 15.75878], [-96.46924, 15.75937], [-96.46869, 15.75971], [-96.4676, 15.75972], [-96.4659, 15.75837], [-96.46613, 15.75806], [-96.46646, 15.75827], [-96.46616, 15.75802], [-96.46637, 15.75775], [-96.46669, 15.75796], [-96.4664, 15.7577], [-96.46661, 15.75741], [-96.46693, 15.75762], [-96.46664, 15.75738], [-96.46729, 15.75649], [-96.46759, 15.75641], [-96.4688, 15.75703], [-96.46919, 15.75772], [-96.46945, 15.75781], [-96.46957, 15.75878]]]}}, {"id": "1609734", "type": "Feature", "properties": {"id": "1609734", "CVEGEO": "2032400010152049", "POBTOT": 53.0, "score_nse": 0.0, "NSE": "ND", "VIVTOT": 15.0, "GRAPROES": 7.92, "_ent": "20", "_mun": "324", "_loc": "0001"}, "geometry": {"type": "Polygon", "coordinates": [[[-96.46672, 15.75339], [-96.46707, 15.75284], [-96.46724, 15.75241], [-96.46736, 15.7526], [-96.46724, 15.75319], [-96.46705, 15.75347], [-96.46672, 15.75339]]]}}, {"id": "1609736", "type": "Feature", "properties": {"id": "1609736", "CVEGEO": "2032400010152037", "POBTOT": 225.0, "score_nse": 0.0, "NSE": "ND", "VIVTOT": 75.0, "GRAPROES": 9.44, "_ent": "20", "_mun": "324", "_loc": "0001"}, "geometry": {"type": "Polygon", "coordinates": [[[-96.46475, 15.75296], [-96.46452, 15.75239], [-96.46453, 15.75184], [-96.46467, 15.75185], [-96.46478, 15.75219], [-96.46489, 15.75226], [-96.46508, 15.75226], [-96.4652, 15.75188], [-96.46504, 15.75221], [-96.4649, 15.7522], [-96.4647, 15.7518], [-96.46453, 15.75179], [-96.46468, 15.75094], [-96.46499, 15.75032], [-96.4656, 15.74996], [-96.46654, 15.75103], [-96.46662, 15.75136], [-96.46568, 15.75126], [-96.46633, 15.75138], [-96.46639, 15.75231], [-96.46606, 15.75263], [-96.46475, 15.75296]]]}}, {"id": "1609737", "type": "Feature", "properties": {"id": "1609737", "CVEGEO": "2032400010152034", "POBTOT": 20.0, "score_nse": 0.0, "NSE": "ND", "VIVTOT": 10.0, "GRAPROES": 8.82, "_ent": "20", "_mun": "324", "_loc": "0001"}, "geometry": {"type": "Polygon", "coordinates": [[[-96.46786, 15.74607], [-96.4681, 15.74536], [-96.46873, 15.74597], [-96.46786, 15.74607]]]}}, {"id": "1609738", "type": "Feature", "properties": {"id": "1609738", "CVEGEO": "2032400010152033", "POBTOT": 49.0, "score_nse": 0.0, "NSE": "ND", "VIVTOT": 9.0, "GRAPROES": 7.97, "_ent": "20", "_mun": "324", "_loc": "0001"}, "geometry": {"type": "Polygon", "coordinates": [[[-96.46589, 15.75689], [-96.46566, 15.7572], [-96.46516, 15.75687], [-96.46505, 15.75661], [-96.46641, 15.75641], [-96.46723, 15.75649], [-96.4666, 15.75735], [-96.46589, 15.75689]]]}}, {"id": "1609739", "type": "Feature", "properties": {"id": "1609739", "CVEGEO": "2032400010152013", "POBTOT": 5.0, "score_nse": 0.0, "NSE": "ND", "VIVTOT": 2.0, "GRAPROES": 0.0, "_ent": "20", "_mun": "324", "_loc": "0001"}, "geometry": {"type": "Polygon", "coordinates": [[[-96.46726, 15.74648], [-96.46718, 15.74621], [-96.46762, 15.74615], [-96.46726, 15.74648]]]}}, {"id": "1609740", "type": "Feature", "properties": {"id": "1609740", "CVEGEO": "2032400010152002", "POBTOT": 166.0, "score_nse": 55.348, "NSE": "C", "VIVTOT": 70.0, "GRAPROES": 10.05, "_ent": "20", "_mun": "324", "_loc": "0001"}, "geometry": {"type": "Polygon", "coordinates": [[[-96.46835, 15.75039], [-96.46741, 15.75011], [-96.46732, 15.74982], [-96.46673, 15.74926], [-96.46703, 15.74795], [-96.46781, 15.74839], [-96.46788, 15.74927], [-96.46754, 15.74936], [-96.46788, 15.74929], [-96.46835, 15.75039]]]}}, {"id": "1609741", "type": "Feature", "properties": {"id": "1609741", "CVEGEO": "2032400010152001", "POBTOT": 235.0, "score_nse": 0.0, "NSE": "ND", "VIVTOT": 69.0, "GRAPROES": 11.09, "_ent": "20", "_mun": "324", "_loc": "0001"}, "geometry": {"type": "Polygon", "coordinates": [[[-96.46829, 15.75006], [-96.46799, 15.74953], [-96.4678, 15.74823], [-96.46846, 15.7482], [-96.4684, 15.74864], [-96.4686, 15.74887], [-96.46844, 15.74864], [-96.4685, 15.7482], [-96.46821, 15.74812], [-96.46882, 15.74788], [-96.46926, 15.74955], [-96.4691, 15.74963], [-96.46904, 15.74916], [-96.46888, 15.74885], [-96.46913, 15.75008], [-96.46829, 15.75006]]]}}, {"id": "1609742", "type": "Feature", "properties": {"id": "1609742", "CVEGEO": "2032400010133044", "POBTOT": 13.0, "score_nse": 0.0, "NSE": "ND", "VIVTOT": 5.0, "GRAPROES": 0.0, "_ent": "20", "_mun": "324", "_loc": "0001"}, "geometry": {"type": "Polygon", "coordinates": [[[-96.45983, 15.75438], [-96.4604, 15.75366], [-96.46042, 15.75314], [-96.46092, 15.7527], [-96.46172, 15.75273], [-96.46221, 15.75309], [-96.46218, 15.75337], [-96.46155, 15.75288], [-96.46081, 15.75296], [-96.46048, 15.75419], [-96.46, 15.75443], [-96.45983, 15.75438]]]}}, {"id": "1609743", "type": "Feature", "properties": {"id": "1609743", "CVEGEO": "2032400010167018", "POBTOT": 10.0, "score_nse": 0.0, "NSE": "ND", "VIVTOT": 15.0, "GRAPROES": 15.88, "_ent": "20", "_mun": "324", "_loc": "0001"}, "geometry": {"type": "Polygon", "coordinates": [[[-96.47155, 15.73329], [-96.4711, 15.73315], [-96.47121, 15.73271], [-96.47167, 15.73285], [-96.47155, 15.73329]]]}}, {"id": "1609744", "type": "Feature", "properties": {"id": "1609744", "CVEGEO": "2032400010133028", "POBTOT": 68.0, "score_nse": 0.0, "NSE": "ND", "VIVTOT": 26.0, "GRAPROES": 7.71, "_ent": "20", "_mun": "324", "_loc": "0001"}, "geometry": {"type": "Polygon", "coordinates": [[[-96.46461, 15.75442], [-96.463, 15.75502], [-96.46266, 15.75374], [-96.46351, 15.75428], [-96.46461, 15.75442]]]}}, {"id": "1609745", "type": "Feature", "properties": {"id": "1609745", "CVEGEO": "2032400010133021", "POBTOT": 108.0, "score_nse": 0.0, "NSE": "ND", "VIVTOT": 35.0, "GRAPROES": 8.72, "_ent": "20", "_mun": "324", "_loc": "0001"}, "geometry": {"type": "Polygon", "coordinates": [[[-96.46398, 15.75246], [-96.46262, 15.75298], [-96.46288, 15.75278], [-96.46294, 15.75263], [-96.46227, 15.75309], [-96.46175, 15.75267], [-96.46214, 15.75225], [-96.4626, 15.75218], [-96.46262, 15.75235], [-96.46328, 15.75074], [-96.46398, 15.75246]]]}}, {"id": "1609748", "type": "Feature", "properties": {"id": "1609748", "CVEGEO": "2032400010133017", "POBTOT": 65.0, "score_nse": 47.1193, "NSE": "C-", "VIVTOT": 29.0, "GRAPROES": 10.49, "_ent": "20", "_mun": "324", "_loc": "0001"}, "geometry": {"type": "Polygon", "coordinates": [[[-96.46436, 15.747], [-96.46403, 15.74676], [-96.46436, 15.74639], [-96.46448, 15.74651], [-96.46445, 15.74593], [-96.46491, 15.74589], [-96.46517, 15.74653], [-96.46453, 15.74672], [-96.46436, 15.747]]]}}, {"id": "1609749", "type": "Feature", "properties": {"id": "1609749", "CVEGEO": "2032400010133014", "POBTOT": 131.0, "score_nse": 48.3533, "NSE": "C-", "VIVTOT": 39.0, "GRAPROES": 8.78, "_ent": "20", "_mun": "324", "_loc": "0001"}, "geometry": {"type": "Polygon", "coordinates": [[[-96.46396, 15.75217], [-96.46306, 15.75023], [-96.46398, 15.74996], [-96.46462, 15.75017], [-96.46476, 15.75055], [-96.46445, 15.75198], [-96.46396, 15.75217]]]}}, {"id": "1609750", "type": "Feature", "properties": {"id": "1609750", "CVEGEO": "2032400010152014", "POBTOT": 69.0, "score_nse": 53.1913, "NSE": "C-", "VIVTOT": 23.0, "GRAPROES": 10.09, "_ent": "20", "_mun": "324", "_loc": "0001"}, "geometry": {"type": "Polygon", "coordinates": [[[-96.4687, 15.74777], [-96.4682, 15.74772], [-96.46747, 15.7471], [-96.46813, 15.74702], [-96.4684, 15.74734], [-96.46861, 15.74703], [-96.4687, 15.74777]]]}}, {"id": "1609752", "type": "Feature", "properties": {"id": "1609752", "CVEGEO": "2032400010152005", "POBTOT": 7.0, "score_nse": 0.0, "NSE": "ND", "VIVTOT": 6.0, "GRAPROES": 9.57, "_ent": "20", "_mun": "324", "_loc": "0001"}, "geometry": {"type": "Polygon", "coordinates": [[[-96.4667, 15.74699], [-96.46734, 15.7471], [-96.46726, 15.74793], [-96.46703, 15.74789], [-96.46683, 15.74747], [-96.4667, 15.74699]]]}}, {"id": "1609759", "type": "Feature", "properties": {"id": "1609759", "CVEGEO": "2032400010186002", "POBTOT": 34.0, "score_nse": 61.0343, "NSE": "C", "VIVTOT": 14.0, "GRAPROES": 12.84, "_ent": "20", "_mun": "324", "_loc": "0001"}, "geometry": {"type": "Polygon", "coordinates": [[[-96.46609, 15.73378], [-96.46626, 15.73434], [-96.4658, 15.73444], [-96.4657, 15.73389], [-96.46609, 15.73378]]]}}, {"id": "1609760", "type": "Feature", "properties": {"id": "1609760", "CVEGEO": "2032400010186030", "POBTOT": 19.0, "score_nse": 0.0, "NSE": "ND", "VIVTOT": 6.0, "GRAPROES": 6.54, "_ent": "20", "_mun": "324", "_loc": "0001"}, "geometry": {"type": "Polygon", "coordinates": [[[-96.46888, 15.73442], [-96.46874, 15.73466], [-96.46834, 15.73461], [-96.46839, 15.73437], [-96.46888, 15.73442]]]}}, {"id": "1609764", "type": "Feature", "properties": {"id": "1609764", "CVEGEO": "2032400010186011", "POBTOT": 23.0, "score_nse": 72.484, "NSE": "C+", "VIVTOT": 10.0, "GRAPROES": 15.61, "_ent": "20", "_mun": "324", "_loc": "0001"}, "geometry": {"type": "Polygon", "coordinates": [[[-96.46711, 15.7341], [-96.46672, 15.73421], [-96.46658, 15.73364], [-96.46695, 15.73353], [-96.46711, 15.7341]]]}}, {"id": "1609767", "type": "Feature", "properties": {"id": "1609767", "CVEGEO": "2032400010133022", "POBTOT": 172.0, "score_nse": 33.3473, "NSE": "D+", "VIVTOT": 54.0, "GRAPROES": 6.76, "_ent": "20", "_mun": "324", "_loc": "0001"}, "geometry": {"type": "Polygon", "coordinates": [[[-96.46032, 15.75263], [-96.46043, 15.75222], [-96.45985, 15.75209], [-96.45967, 15.7518], [-96.45913, 15.75205], [-96.4589, 15.75135], [-96.45954, 15.75089], [-96.46043, 15.75084], [-96.46142, 15.75123], [-96.46192, 15.75084], [-96.46182, 15.75144], [-96.46149, 15.75156], [-96.46184, 15.75151], [-96.46194, 15.75189], [-96.46182, 15.75239], [-96.46141, 15.7521], [-96.46048, 15.75176], [-96.46176, 15.75239], [-96.46169, 15.7527], [-96.46032, 15.75263]]]}}, {"id": "1609773", "type": "Feature", "properties": {"id": "1609773", "CVEGEO": "2032400010171003", "POBTOT": 51.0, "score_nse": 0.0, "NSE": "ND", "VIVTOT": 17.0, "GRAPROES": 8.83, "_ent": "20", "_mun": "324", "_loc": "0001"}, "geometry": {"type": "Polygon", "coordinates": [[[-96.46455, 15.74237], [-96.46535, 15.74215], [-96.46556, 15.74251], [-96.46525, 15.74319], [-96.46471, 15.74333], [-96.46419, 15.74318], [-96.46455, 15.74237]]]}}, {"id": "1609774", "type": "Feature", "properties": {"id": "1609774", "CVEGEO": "2032400010171044", "POBTOT": 119.0, "score_nse": 0.0, "NSE": "ND", "VIVTOT": 27.0, "GRAPROES": 7.82, "_ent": "20", "_mun": "324", "_loc": "0001"}, "geometry": {"type": "Polygon", "coordinates": [[[-96.46546, 15.74008], [-96.46535, 15.74034], [-96.46375, 15.73997], [-96.46465, 15.73932], [-96.46388, 15.73968], [-96.46388, 15.73906], [-96.46427, 15.73875], [-96.46488, 15.73878], [-96.46499, 15.73899], [-96.46526, 15.73905], [-96.46528, 15.7395], [-96.46505, 15.73978], [-96.46558, 15.7398], [-96.46569, 15.74036], [-96.4654, 15.74036], [-96.46546, 15.74008]]]}}, {"id": "1609780", "type": "Feature", "properties": {"id": "1609780", "CVEGEO": "2032400010133019", "POBTOT": 5.0, "score_nse": 0.0, "NSE": "ND", "VIVTOT": 2.0, "GRAPROES": 0.0, "_ent": "20", "_mun": "324", "_loc": "0001"}, "geometry": {"type": "Polygon", "coordinates": [[[-96.46594, 15.74741], [-96.46544, 15.7469], [-96.46586, 15.74656], [-96.46607, 15.74738], [-96.46594, 15.74741]]]}}, {"id": "1609781", "type": "Feature", "properties": {"id": "1609781", "CVEGEO": "2032400010133046", "POBTOT": 15.0, "score_nse": 0.0, "NSE": "ND", "VIVTOT": 4.0, "GRAPROES": 8.55, "_ent": "20", "_mun": "324", "_loc": "0001"}, "geometry": {"type": "Polygon", "coordinates": [[[-96.46237, 15.74746], [-96.46172, 15.74803], [-96.46155, 15.74807], [-96.46182, 15.74785], [-96.46162, 15.74758], [-96.46241, 15.7472], [-96.46237, 15.74746]]]}}, {"id": "1609815", "type": "Feature", "properties": {"id": "1609815", "CVEGEO": "2032400010186010", "POBTOT": 74.0, "score_nse": 56.9447, "NSE": "C", "VIVTOT": 17.0, "GRAPROES": 9.96, "_ent": "20", "_mun": "324", "_loc": "0001"}, "geometry": {"type": "Polygon", "coordinates": [[[-96.46743, 15.73258], [-96.46686, 15.73274], [-96.46739, 15.73263], [-96.46754, 15.73332], [-96.46737, 15.73319], [-96.46749, 15.73333], [-96.4662, 15.73367], [-96.46593, 15.73285], [-96.46872, 15.73185], [-96.46899, 15.73283], [-96.46758, 15.7333], [-96.46743, 15.73258]]]}}, {"id": "1609816", "type": "Feature", "properties": {"id": "1609816", "CVEGEO": "2032400010186009", "POBTOT": 33.0, "score_nse": 79.3585, "NSE": "C+", "VIVTOT": 13.0, "GRAPROES": 14.96, "_ent": "20", "_mun": "324", "_loc": "0001"}, "geometry": {"type": "Polygon", "coordinates": [[[-96.46577, 15.73381], [-96.46555, 15.733], [-96.46587, 15.73288], [-96.46615, 15.73372], [-96.46577, 15.73381]]]}}, {"id": "1609817", "type": "Feature", "properties": {"id": "1609817", "CVEGEO": "2032400010186018", "POBTOT": 5.0, "score_nse": 0.0, "NSE": "ND", "VIVTOT": 2.0, "GRAPROES": 0.0, "_ent": "20", "_mun": "324", "_loc": "0001"}, "geometry": {"type": "Polygon", "coordinates": [[[-96.46553, 15.7335], [-96.4646, 15.73377], [-96.46439, 15.73339], [-96.46538, 15.73307], [-96.46553, 15.7335]]]}}, {"id": "1609821", "type": "Feature", "properties": {"id": "1609821", "CVEGEO": "2032400010167028", "POBTOT": 17.0, "score_nse": 0.0, "NSE": "ND", "VIVTOT": 4.0, "GRAPROES": 8.0, "_ent": "20", "_mun": "324", "_loc": "0001"}, "geometry": {"type": "Polygon", "coordinates": [[[-96.47419, 15.73228], [-96.47254, 15.73118], [-96.47123, 15.73091], [-96.4737, 15.72994], [-96.47439, 15.73035], [-96.47469, 15.7312], [-96.47448, 15.73197], [-96.47419, 15.73228]]]}}, {"id": "1609822", "type": "Feature", "properties": {"id": "1609822", "CVEGEO": "2032400010152074", "POBTOT": 19.0, "score_nse": 0.0, "NSE": "ND", "VIVTOT": 7.0, "GRAPROES": 6.54, "_ent": "20", "_mun": "324", "_loc": "0001"}, "geometry": {"type": "Polygon", "coordinates": [[[-96.47274, 15.75074], [-96.47308, 15.75087], [-96.47375, 15.75104], [-96.47256, 15.75094], [-96.47274, 15.75074]]]}}, {"id": "1609824", "type": "Feature", "properties": {"id": "1609824", "CVEGEO": "2032400010167034", "POBTOT": 37.0, "score_nse": 0.0, "NSE": "ND", "VIVTOT": 13.0, "GRAPROES": 8.45, "_ent": "20", "_mun": "324", "_loc": "0001"}, "geometry": {"type": "Polygon", "coordinates": [[[-96.46902, 15.73408], [-96.46889, 15.73316], [-96.46958, 15.73207], [-96.47017, 15.73183], [-96.471, 15.73181], [-96.47096, 15.73218], [-96.47053, 15.73216], [-96.46991, 15.7337], [-96.46994, 15.73398], [-96.46902, 15.73408]]]}}, {"id": "1609825", "type": "Feature", "properties": {"id": "1609825", "CVEGEO": "2032400010167008", "POBTOT": 10.0, "score_nse": 0.0, "NSE": "ND", "VIVTOT": 5.0, "GRAPROES": 12.4, "_ent": "20", "_mun": "324", "_loc": "0001"}, "geometry": {"type": "Polygon", "coordinates": [[[-96.47106, 15.73181], [-96.47152, 15.73182], [-96.47146, 15.73272], [-96.47054, 15.73243], [-96.47058, 15.7322], [-96.47101, 15.73221], [-96.47106, 15.73181]]]}}, {"id": "1609828", "type": "Feature", "properties": {"id": "1609828", "CVEGEO": "2032400010171050", "POBTOT": 71.0, "score_nse": 0.0, "NSE": "ND", "VIVTOT": 23.0, "GRAPROES": 8.74, "_ent": "20", "_mun": "324", "_loc": "0001"}, "geometry": {"type": "Polygon", "coordinates": [[[-96.46413, 15.7414], [-96.46423, 15.74067], [-96.46518, 15.74098], [-96.46532, 15.74131], [-96.4646, 15.74159], [-96.46466, 15.74141], [-96.46456, 15.74154], [-96.46413, 15.7414]]]}}, {"id": "1609829", "type": "Feature", "properties": {"id": "1609829", "CVEGEO": "2032400010167041", "POBTOT": 71.0, "score_nse": 0.0, "NSE": "ND", "VIVTOT": 29.0, "GRAPROES": 10.15, "_ent": "20", "_mun": "324", "_loc": "0001"}, "geometry": {"type": "Polygon", "coordinates": [[[-96.46967, 15.73756], [-96.46999, 15.73759], [-96.47008, 15.73796], [-96.4696, 15.73833], [-96.46955, 15.73877], [-96.46903, 15.73863], [-96.46899, 15.73831], [-96.46915, 15.7383], [-96.46899, 15.73826], [-96.46973, 15.738], [-96.46967, 15.73756]]]}}, {"id": "1609834", "type": "Feature", "properties": {"id": "1609834", "CVEGEO": "2032400010133042", "POBTOT": 177.0, "score_nse": 50.1362, "NSE": "C-", "VIVTOT": 53.0, "GRAPROES": 8.14, "_ent": "20", "_mun": "324", "_loc": "0001"}, "geometry": {"type": "Polygon", "coordinates": [[[-96.46168, 15.7551], [-96.46151, 15.75507], [-96.46118, 15.75518], [-96.46093, 15.75588], [-96.46056, 15.75588], [-96.46091, 15.75591], [-96.46067, 15.75625], [-96.46049, 15.75621], [-96.46021, 15.75548], [-96.46015, 15.75465], [-96.46046, 15.75453], [-96.46014, 15.75462], [-96.46006, 15.75444], [-96.4605, 15.75421], [-96.46069, 15.75319], [-96.46103, 15.7529], [-96.46165, 15.75296], [-96.46221, 15.75356], [-96.46166, 15.75365], [-96.46112, 15.75383], [-96.46162, 15.75372], [-96.4612, 15.75438], [-96.46165, 15.75394], [-96.46164, 15.7537], [-96.46187, 15.75368], [-96.4619, 15.75398], [-96.4619, 15.75368], [-96.46221, 15.75361], [-96.46248, 15.75481], [-96.46225, 15.75457], [-96.46203, 15.75457], [-96.46248, 15.75487], [-96.46254, 15.75461], [-96.46225, 15.75362], [-96.46261, 15.75372], [-96.46297, 15.75504], [-96.46241, 15.75641], [-96.46157, 15.75649], [-96.46072, 15.75627], [-96.46103, 15.75582], [-96.46119, 15.75526], [-96.4612, 15.7555], [-96.46126, 15.75557], [-96.46124, 15.75522], [-96.46168, 15.7551]]]}}, {"id": "1609835", "type": "Feature", "properties": {"id": "1609835", "CVEGEO": "2032400010171014", "POBTOT": 500.0, "score_nse": 0.0, "NSE": "ND", "VIVTOT": 168.0, "GRAPROES": 8.72, "_ent": "20", "_mun": "324", "_loc": "0001"}, "geometry": {"type": "Polygon", "coordinates": [[[-96.46199, 15.74326], [-96.46188, 15.74298], [-96.46236, 15.74291], [-96.46229, 15.74303], [-96.46236, 15.74319], [-96.46232, 15.74301], [-96.46262, 15.7426], [-96.46293, 15.74275], [-96.46299, 15.74335], [-96.46281, 15.74336], [-96.463, 15.74338], [-96.463, 15.74354], [-96.46286, 15.74355], [-96.463, 15.74358], [-96.46302, 15.74388], [-96.46272, 15.74384], [-96.46301, 15.74393], [-96.46298, 15.74424], [-96.46273, 15.7442], [-96.46229, 15.74449], [-96.4622, 15.74433], [-96.46197, 15.7442], [-96.46221, 15.74452], [-96.46265, 15.74439], [-96.46242, 15.74477], [-96.46164, 15.74482], [-96.46135, 15.74468], [-96.46163, 15.74486], [-96.46244, 15.7448], [-96.46275, 15.74424], [-96.46297, 15.74428], [-96.46283, 15.74495], [-96.46326, 15.74582], [-96.46245, 15.74531], [-96.46205, 15.74532], [-96.46185, 15.74512], [-96.461, 15.74496], [-96.46118, 15.74412], [-96.46111, 15.74329], [-96.46132, 15.74342], [-96.46118, 15.74326], [-96.46185, 15.74298], [-96.46199, 15.74326]]]}}, {"id": "1609849", "type": "Feature", "properties": {"id": "1609849", "CVEGEO": "2032400010152019", "POBTOT": 117.0, "score_nse": 0.0, "NSE": "ND", "VIVTOT": 22.0, "GRAPROES": 8.68, "_ent": "20", "_mun": "324", "_loc": "0001"}, "geometry": {"type": "Polygon", "coordinates": [[[-96.46473, 15.75607], [-96.46471, 15.75592], [-96.4653, 15.75585], [-96.4647, 15.75588], [-96.46477, 15.75493], [-96.46526, 15.75496], [-96.46523, 15.7554], [-96.46528, 15.75519], [-96.46556, 15.75521], [-96.46577, 15.75558], [-96.46622, 15.75551], [-96.4661, 15.75595], [-96.46473, 15.75607]]]}}, {"id": "1609850", "type": "Feature", "properties": {"id": "1609850", "CVEGEO": "2032400010152020", "POBTOT": 26.0, "score_nse": 0.0, "NSE": "ND", "VIVTOT": 7.0, "GRAPROES": 8.81, "_ent": "20", "_mun": "324", "_loc": "0001"}, "geometry": {"type": "Polygon", "coordinates": [[[-96.47234, 15.75033], [-96.47274, 15.75053], [-96.47251, 15.75094], [-96.47217, 15.75073], [-96.47234, 15.75033]]]}}, {"id": "1609854", "type": "Feature", "properties": {"id": "1609854", "CVEGEO": "2032400010152043", "POBTOT": 91.0, "score_nse": 50.1973, "NSE": "C-", "VIVTOT": 27.0, "GRAPROES": 8.69, "_ent": "20", "_mun": "324", "_loc": "0001"}, "geometry": {"type": "Polygon", "coordinates": [[[-96.46558, 15.75518], [-96.46527, 15.75516], [-96.4653, 15.75493], [-96.46477, 15.75489], [-96.4649, 15.75399], [-96.46641, 15.75515], [-96.46654, 15.75542], [-96.46577, 15.75556], [-96.46558, 15.75518]]]}}, {"id": "1609903", "type": "Feature", "properties": {"id": "1609903", "CVEGEO": "2032400010167026", "POBTOT": 111.0, "score_nse": 0.0, "NSE": "ND", "VIVTOT": 53.0, "GRAPROES": 10.1, "_ent": "20", "_mun": "324", "_loc": "0001"}, "geometry": {"type": "Polygon", "coordinates": [[[-96.47233, 15.73117], [-96.47414, 15.73233], [-96.47364, 15.73284], [-96.47344, 15.73336], [-96.47298, 15.73321], [-96.47302, 15.73307], [-96.47296, 15.7332], [-96.47149, 15.73273], [-96.47156, 15.73161], [-96.47248, 15.73162], [-96.47244, 15.73184], [-96.47225, 15.73188], [-96.47234, 15.73193], [-96.47249, 15.73183], [-96.4725, 15.73158], [-96.47153, 15.73158], [-96.47152, 15.73179], [-96.47032, 15.73178], [-96.47019, 15.73141], [-96.47124, 15.731], [-96.47233, 15.73117]]]}}, {"id": "1609911", "type": "Feature", "properties": {"id": "1609911", "CVEGEO": "2032400010152072", "POBTOT": 4.0, "score_nse": 0.0, "NSE": "ND", "VIVTOT": 1.0, "GRAPROES": 0.0, "_ent": "20", "_mun": "324", "_loc": "0001"}, "geometry": {"type": "Polygon", "coordinates": [[[-96.47806, 15.75147], [-96.47743, 15.75114], [-96.47742, 15.75069], [-96.47753, 15.75071], [-96.47806, 15.75147]]]}}, {"id": "1609912", "type": "Feature", "properties": {"id": "1609912", "CVEGEO": "2032400010152042", "POBTOT": 78.0, "score_nse": 0.0, "NSE": "ND", "VIVTOT": 21.0, "GRAPROES": 6.85, "_ent": "20", "_mun": "324", "_loc": "0001"}, "geometry": {"type": "Polygon", "coordinates": [[[-96.46538, 15.75796], [-96.46476, 15.75796], [-96.4645, 15.75833], [-96.46419, 15.75836], [-96.46394, 15.75774], [-96.46398, 15.75733], [-96.46472, 15.75656], [-96.46475, 15.75617], [-96.46517, 15.75703], [-96.46513, 15.7574], [-96.46509, 15.75753], [-96.46436, 15.75761], [-96.46508, 15.75757], [-96.4651, 15.75778], [-96.46538, 15.75796]]]}}, {"id": "1609915", "type": "Feature", "properties": {"id": "1609915", "CVEGEO": "2032400010152032", "POBTOT": 0.0, "score_nse": 0.0, "NSE": "ND", "VIVTOT": 0.0, "GRAPROES": 0.0, "_ent": "20", "_mun": "324", "_loc": "0001"}, "geometry": {"type": "Polygon", "coordinates": [[[-96.47738, 15.75069], [-96.4773, 15.75093], [-96.4763, 15.7512], [-96.47646, 15.75086], [-96.47676, 15.75086], [-96.47699, 15.75064], [-96.47738, 15.75069]]]}}, {"id": "1609937", "type": "Feature", "properties": {"id": "1609937", "CVEGEO": "2032400010059001", "POBTOT": 0.0, "score_nse": 0.0, "NSE": "ND", "VIVTOT": 0.0, "GRAPROES": 0.0, "_ent": "20", "_mun": "324", "_loc": "0001"}, "geometry": {"type": "Polygon", "coordinates": [[[-96.47271, 15.75901], [-96.47268, 15.7595], [-96.47244, 15.75899], [-96.47271, 15.75901]]]}}, {"id": "1609938", "type": "Feature", "properties": {"id": "1609938", "CVEGEO": "2032400010059002", "POBTOT": 1.0, "score_nse": 0.0, "NSE": "ND", "VIVTOT": 2.0, "GRAPROES": 0.0, "_ent": "20", "_mun": "324", "_loc": "0001"}, "geometry": {"type": "Polygon", "coordinates": [[[-96.4733, 15.75757], [-96.47281, 15.75822], [-96.47271, 15.75895], [-96.47241, 15.75891], [-96.47189, 15.75814], [-96.47273, 15.75768], [-96.4733, 15.75757]]]}}, {"id": "1609939", "type": "Feature", "properties": {"id": "1609939", "CVEGEO": "2032400010171059", "POBTOT": 51.0, "score_nse": 0.0, "NSE": "ND", "VIVTOT": 13.0, "GRAPROES": 7.85, "_ent": "20", "_mun": "324", "_loc": "0001"}, "geometry": {"type": "Polygon", "coordinates": [[[-96.46436, 15.73664], [-96.46437, 15.73734], [-96.46402, 15.73798], [-96.46382, 15.73683], [-96.46394, 15.7365], [-96.46436, 15.73664]]]}}, {"id": "1609948", "type": "Feature", "properties": {"id": "1609948", "CVEGEO": "2032400010171004", "POBTOT": 87.0, "score_nse": 44.6213, "NSE": "C-", "VIVTOT": 30.0, "GRAPROES": 8.74, "_ent": "20", "_mun": "324", "_loc": "0001"}, "geometry": {"type": "Polygon", "coordinates": [[[-96.46496, 15.74438], [-96.46493, 15.74458], [-96.46443, 15.74467], [-96.46406, 15.74456], [-96.46386, 15.74394], [-96.46446, 15.74368], [-96.46458, 15.74355], [-96.46443, 15.74331], [-96.46504, 15.7433], [-96.46467, 15.74403], [-96.46496, 15.74438]]]}}, {"id": "1609949", "type": "Feature", "properties": {"id": "1609949", "CVEGEO": "2032400010152028", "POBTOT": 490.0, "score_nse": 41.4408, "NSE": "D+", "VIVTOT": 143.0, "GRAPROES": 8.47, "_ent": "20", "_mun": "324", "_loc": "0001"}, "geometry": {"type": "Polygon", "coordinates": [[[-96.47113, 15.75752], [-96.47044, 15.75762], [-96.47036, 15.75728], [-96.47076, 15.75712], [-96.47035, 15.75725], [-96.47032, 15.75697], [-96.47067, 15.75673], [-96.47029, 15.75696], [-96.47042, 15.75762], [-96.4693, 15.75774], [-96.46907, 15.75737], [-96.46934, 15.75709], [-96.46905, 15.75733], [-96.4687, 15.75689], [-96.46781, 15.75651], [-96.46819, 15.75627], [-96.46779, 15.7565], [-96.46749, 15.75617], [-96.46775, 15.75599], [-96.46747, 15.75612], [-96.46737, 15.75588], [-96.46677, 15.75585], [-96.46654, 15.75523], [-96.46711, 15.75529], [-96.46651, 15.75517], [-96.46692, 15.75433], [-96.46759, 15.75451], [-96.46751, 15.75471], [-96.46762, 15.75452], [-96.46802, 15.75462], [-96.46791, 15.75479], [-96.46815, 15.75461], [-96.46762, 15.75449], [-96.46797, 15.75389], [-96.46785, 15.75341], [-96.46724, 15.75326], [-96.46739, 15.75258], [-96.46759, 15.75265], [-96.46729, 15.75241], [-96.46776, 15.75238], [-96.46802, 15.75274], [-96.46804, 15.75253], [-96.46774, 15.75234], [-96.46722, 15.75235], [-96.4666, 15.75105], [-96.46796, 15.7512], [-96.46792, 15.7504], [-96.46837, 15.75045], [-96.47032, 15.75352], [-96.47031, 15.75568], [-96.47113, 15.75752]]]}}, {"id": "1609966", "type": "Feature", "properties": {"id": "1609966", "CVEGEO": "2032400010186034", "POBTOT": 41.0, "score_nse": 0.0, "NSE": "ND", "VIVTOT": 10.0, "GRAPROES": 9.45, "_ent": "20", "_mun": "324", "_loc": "0001"}, "geometry": {"type": "Polygon", "coordinates": [[[-96.4667, 15.73688], [-96.46664, 15.73734], [-96.46622, 15.7372], [-96.46627, 15.73678], [-96.4667, 15.73688]]]}}, {"id": "1609967", "type": "Feature", "properties": {"id": "1609967", "CVEGEO": "2032400010186041", "POBTOT": 0.0, "score_nse": 0.0, "NSE": null, "VIVTOT": 0.0, "GRAPROES": 0.0, "_ent": "20", "_mun": "324", "_loc": "0001"}, "geometry": {"type": "Polygon", "coordinates": [[[-96.46669, 15.73642], [-96.4667, 15.73686], [-96.46627, 15.73676], [-96.46631, 15.73645], [-96.46669, 15.73642]]]}}, {"id": "1609973", "type": "Feature", "properties": {"id": "1609973", "CVEGEO": "2032400010152076", "POBTOT": 9.0, "score_nse": 0.0, "NSE": "ND", "VIVTOT": 3.0, "GRAPROES": 0.0, "_ent": "20", "_mun": "324", "_loc": "0001"}, "geometry": {"type": "Polygon", "coordinates": [[[-96.47213, 15.75657], [-96.47266, 15.75766], [-96.47186, 15.75811], [-96.47098, 15.75711], [-96.47135, 15.75694], [-96.4717, 15.75759], [-96.4714, 15.75692], [-96.47175, 15.75675], [-96.47205, 15.75736], [-96.47178, 15.75674], [-96.47213, 15.75657]]]}}, {"id": "1609974", "type": "Feature", "properties": {"id": "1609974", "CVEGEO": "2032400010167035", "POBTOT": 30.0, "score_nse": 0.0, "NSE": "ND", "VIVTOT": 10.0, "GRAPROES": 9.0, "_ent": "20", "_mun": "324", "_loc": "0001"}, "geometry": {"type": "Polygon", "coordinates": [[[-96.47025, 15.73179], [-96.46955, 15.73202], [-96.46941, 15.73176], [-96.46884, 15.73205], [-96.46878, 15.73185], [-96.4701, 15.73129], [-96.47025, 15.73179]]]}}, {"id": "1609975", "type": "Feature", "properties": {"id": "1609975", "CVEGEO": "2032400010167042", "POBTOT": 0.0, "score_nse": 0.0, "NSE": null, "VIVTOT": 0.0, "GRAPROES": 0.0, "_ent": "20", "_mun": "324", "_loc": "0001"}, "geometry": {"type": "Polygon", "coordinates": [[[-96.46951, 15.73203], [-96.46911, 15.73268], [-96.46903, 15.73278], [-96.46884, 15.73209], [-96.46941, 15.7318], [-96.46951, 15.73203]]]}}]}