{"type": "FeatureCollection", "features": [{"id": "2521565", "type": "Feature", "properties": {"id": "2521565", "CVEGEO": "320480001017A014", "POBTOT": 55.0, "score_nse": 44.1761, "NSE": "C-", "VIVTOT": 27.0, "GRAPROES": 9.3, "_ent": "32", "_mun": "048", "_loc": "0001"}, "geometry": {"type": "Polygon", "coordinates": [[[-103.29018, 21.77592], [-103.28936, 21.7757], [-103.28855, 21.77559], [-103.28972, 21.77535], [-103.29018, 21.77592]]]}}, {"id": "2521566", "type": "Feature", "properties": {"id": "2521566", "CVEGEO": "3204800010358011", "POBTOT": 17.0, "score_nse": 86.9, "NSE": "A/B", "VIVTOT": 5.0, "GRAPROES": 11.93, "_ent": "32", "_mun": "048", "_loc": "0001"}, "geometry": {"type": "Polygon", "coordinates": [[[-103.29554, 21.7892], [-103.29717, 21.79013], [-103.2969, 21.79077], [-103.29662, 21.79043], [-103.29565, 21.79009], [-103.29554, 21.7892]]]}}, {"id": "2521567", "type": "Feature", "properties": {"id": "2521567", "CVEGEO": "3204800010150014", "POBTOT": 81.0, "score_nse": 67.9917, "NSE": "C", "VIVTOT": 24.0, "GRAPROES": 10.66, "_ent": "32", "_mun": "048", "_loc": "0001"}, "geometry": {"type": "Polygon", "coordinates": [[[-103.2985, 21.78254], [-103.29946, 21.78268], [-103.29933, 21.78309], [-103.29837, 21.78295], [-103.2985, 21.78254]]]}}, {"id": "2521568", "type": "Feature", "properties": {"id": "2521568", "CVEGEO": "3204800010273024", "POBTOT": 19.0, "score_nse": 57.9702, "NSE": "C", "VIVTOT": 11.0, "GRAPROES": 11.71, "_ent": "32", "_mun": "048", "_loc": "0001"}, "geometry": {"type": "Polygon", "coordinates": [[[-103.30609, 21.7803], [-103.30551, 21.78012], [-103.3056, 21.77968], [-103.30618, 21.77984], [-103.30609, 21.7803]]]}}, {"id": "2521569", "type": "Feature", "properties": {"id": "2521569", "CVEGEO": "3204800010362021", "POBTOT": 31.0, "score_nse": 60.098, "NSE": "C", "VIVTOT": 12.0, "GRAPROES": 10.7, "_ent": "32", "_mun": "048", "_loc": "0001"}, "geometry": {"type": "Polygon", "coordinates": [[[-103.29661, 21.78545], [-103.29716, 21.78528], [-103.29745, 21.78533], [-103.29732, 21.78566], [-103.29661, 21.78545]]]}}, {"id": "2521570", "type": "Feature", "properties": {"id": "2521570", "CVEGEO": "3204800010343003", "POBTOT": 2.0, "score_nse": 0.0, "NSE": "ND", "VIVTOT": 1.0, "GRAPROES": 0.0, "_ent": "32", "_mun": "048", "_loc": "0001"}, "geometry": {"type": "Polygon", "coordinates": [[[-103.28213, 21.76854], [-103.28246, 21.76877], [-103.28248, 21.7692], [-103.28206, 21.76894], [-103.28213, 21.76854]]]}}, {"id": "2521571", "type": "Feature", "properties": {"id": "2521571", "CVEGEO": "3204800110095002", "POBTOT": 0.0, "score_nse": 0.0, "NSE": null, "VIVTOT": 0.0, "GRAPROES": 0.0, "_ent": "32", "_mun": "048", "_loc": "0011"}, "geometry": {"type": "Polygon", "coordinates": [[[-103.31255, 21.7159], [-103.31066, 21.71586], [-103.31075, 21.71464], [-103.31249, 21.71506], [-103.31255, 21.7159]]]}}, {"id": "2521572", "type": "Feature", "properties": {"id": "2521572", "CVEGEO": "3204800010339003", "POBTOT": 36.0, "score_nse": 0.0, "NSE": "ND", "VIVTOT": 16.0, "GRAPROES": 6.52, "_ent": "32", "_mun": "048", "_loc": "0001"}, "geometry": {"type": "Polygon", "coordinates": [[[-103.28982, 21.78499], [-103.28955, 21.7837], [-103.29038, 21.78393], [-103.29034, 21.78429], [-103.28995, 21.78426], [-103.29009, 21.78497], [-103.28982, 21.78499]]]}}, {"id": "2521573", "type": "Feature", "properties": {"id": "2521573", "CVEGEO": "3204800390019022", "POBTOT": 0.0, "score_nse": 0.0, "NSE": null, "VIVTOT": 0.0, "GRAPROES": 0.0, "_ent": "32", "_mun": "048", "_loc": "0039"}, "geometry": {"type": "Polygon", "coordinates": [[[-103.30216, 21.86653], [-103.30253, 21.86512], [-103.30352, 21.86522], [-103.30428, 21.86625], [-103.30216, 21.86653]]]}}, {"id": "2521574", "type": "Feature", "properties": {"id": "2521574", "CVEGEO": "3204800010165004", "POBTOT": 0.0, "score_nse": 0.0, "NSE": "ND", "VIVTOT": 0.0, "GRAPROES": 0.0, "_ent": "32", "_mun": "048", "_loc": "0001"}, "geometry": {"type": "Polygon", "coordinates": [[[-103.29227, 21.78448], [-103.29412, 21.7851], [-103.29347, 21.78681], [-103.29259, 21.7865], [-103.2924, 21.78602], [-103.29178, 21.78578], [-103.29227, 21.78448]]]}}, {"id": "2521575", "type": "Feature", "properties": {"id": "2521575", "CVEGEO": "3204800010131026", "POBTOT": 25.0, "score_nse": 0.0, "NSE": "ND", "VIVTOT": 7.0, "GRAPROES": 10.27, "_ent": "32", "_mun": "048", "_loc": "0001"}, "geometry": {"type": "Polygon", "coordinates": [[[-103.29729, 21.77913], [-103.29803, 21.7794], [-103.29795, 21.77973], [-103.29727, 21.77958], [-103.29729, 21.77913]]]}}, {"id": "2521576", "type": "Feature", "properties": {"id": "2521576", "CVEGEO": "3204800010288027", "POBTOT": 0.0, "score_nse": 0.0, "NSE": "ND", "VIVTOT": 0.0, "GRAPROES": 0.0, "_ent": "32", "_mun": "048", "_loc": "0001"}, "geometry": {"type": "Polygon", "coordinates": [[[-103.31239, 21.77266], [-103.31242, 21.77248], [-103.31264, 21.77253], [-103.31259, 21.77272], [-103.31239, 21.77266]]]}}, {"id": "2521577", "type": "Feature", "properties": {"id": "2521577", "CVEGEO": "3204800010292017", "POBTOT": 38.0, "score_nse": 58.48, "NSE": "C", "VIVTOT": 14.0, "GRAPROES": 10.43, "_ent": "32", "_mun": "048", "_loc": "0001"}, "geometry": {"type": "Polygon", "coordinates": [[[-103.30094, 21.77041], [-103.30385, 21.77106], [-103.30407, 21.7725], [-103.30362, 21.77248], [-103.30319, 21.77144], [-103.30256, 21.77101], [-103.30039, 21.77075], [-103.30042, 21.77042], [-103.30094, 21.77041]]]}}, {"id": "2521578", "type": "Feature", "properties": {"id": "2521578", "CVEGEO": "3204800050108001", "POBTOT": 0.0, "score_nse": 0.0, "NSE": null, "VIVTOT": 0.0, "GRAPROES": 0.0, "_ent": "32", "_mun": "048", "_loc": "0005"}, "geometry": {"type": "Polygon", "coordinates": [[[-103.15349, 21.70761], [-103.15329, 21.70824], [-103.15338, 21.70937], [-103.15256, 21.70944], [-103.15221, 21.70883], [-103.15267, 21.70861], [-103.15299, 21.70759], [-103.15349, 21.70761]]]}}, {"id": "2521579", "type": "Feature", "properties": {"id": "2521579", "CVEGEO": "3204800230019002", "POBTOT": 0.0, "score_nse": 0.0, "NSE": null, "VIVTOT": 0.0, "GRAPROES": 0.0, "_ent": "32", "_mun": "048", "_loc": "0023"}, "geometry": {"type": "Polygon", "coordinates": [[[-103.29015, 21.85192], [-103.28994, 21.8516], [-103.29153, 21.85158], [-103.29154, 21.85195], [-103.29015, 21.85192]]]}}, {"id": "2521580", "type": "Feature", "properties": {"id": "2521580", "CVEGEO": "3204800010362011", "POBTOT": 36.0, "score_nse": 58.0291, "NSE": "C", "VIVTOT": 11.0, "GRAPROES": 8.78, "_ent": "32", "_mun": "048", "_loc": "0001"}, "geometry": {"type": "Polygon", "coordinates": [[[-103.29903, 21.78442], [-103.29981, 21.78459], [-103.29981, 21.78462], [-103.29892, 21.78478], [-103.29903, 21.78442]]]}}, {"id": "2521581", "type": "Feature", "properties": {"id": "2521581", "CVEGEO": "3204800010127025", "POBTOT": 50.0, "score_nse": 0.0, "NSE": "ND", "VIVTOT": 25.0, "GRAPROES": 8.93, "_ent": "32", "_mun": "048", "_loc": "0001"}, "geometry": {"type": "Polygon", "coordinates": [[[-103.29981, 21.78191], [-103.29998, 21.78142], [-103.30094, 21.78159], [-103.3008, 21.78203], [-103.29981, 21.78191]]]}}, {"id": "2521582", "type": "Feature", "properties": {"id": "2521582", "CVEGEO": "3204800010305016", "POBTOT": 307.0, "score_nse": 52.5275, "NSE": "C-", "VIVTOT": 81.0, "GRAPROES": 9.76, "_ent": "32", "_mun": "048", "_loc": "0001"}, "geometry": {"type": "Polygon", "coordinates": [[[-103.28849, 21.77433], [-103.28591, 21.7712], [-103.28591, 21.77019], [-103.28627, 21.77018], [-103.28591, 21.77013], [-103.2859, 21.76963], [-103.29021, 21.7695], [-103.29146, 21.76985], [-103.2943, 21.77168], [-103.29341, 21.77411], [-103.29096, 21.77274], [-103.28988, 21.77266], [-103.28905, 21.77295], [-103.28849, 21.77433]]]}}, {"id": "2521583", "type": "Feature", "properties": {"id": "2521583", "CVEGEO": "3204800040108005", "POBTOT": 0.0, "score_nse": 0.0, "NSE": null, "VIVTOT": 0.0, "GRAPROES": 0.0, "_ent": "32", "_mun": "048", "_loc": "0004"}, "geometry": {"type": "Polygon", "coordinates": [[[-103.14085, 21.66704], [-103.14153, 21.66709], [-103.14158, 21.66733], [-103.14086, 21.66729], [-103.14085, 21.66704]]]}}, {"id": "2521584", "type": "Feature", "properties": {"id": "2521584", "CVEGEO": "3204800010362023", "POBTOT": 95.0, "score_nse": 59.1293, "NSE": "C", "VIVTOT": 30.0, "GRAPROES": 9.29, "_ent": "32", "_mun": "048", "_loc": "0001"}, "geometry": {"type": "Polygon", "coordinates": [[[-103.29714, 21.78433], [-103.29704, 21.78472], [-103.2968, 21.78468], [-103.29696, 21.78407], [-103.29781, 21.78421], [-103.29761, 21.78482], [-103.29714, 21.78474], [-103.29725, 21.78435], [-103.29714, 21.78433]]]}}, {"id": "2521585", "type": "Feature", "properties": {"id": "2521585", "CVEGEO": "3204800520076012", "POBTOT": 0.0, "score_nse": 0.0, "NSE": null, "VIVTOT": 0.0, "GRAPROES": 0.0, "_ent": "32", "_mun": "048", "_loc": "0052"}, "geometry": {"type": "Polygon", "coordinates": [[[-103.29696, 21.80243], [-103.29489, 21.80386], [-103.29447, 21.80368], [-103.29475, 21.80201], [-103.29696, 21.80243]]]}}, {"id": "2521586", "type": "Feature", "properties": {"id": "2521586", "CVEGEO": "3204800560042002", "POBTOT": 0.0, "score_nse": 0.0, "NSE": null, "VIVTOT": 0.0, "GRAPROES": 0.0, "_ent": "32", "_mun": "048", "_loc": "0056"}, "geometry": {"type": "Polygon", "coordinates": [[[-103.32001, 21.77774], [-103.32002, 21.77714], [-103.32069, 21.77724], [-103.32045, 21.77782], [-103.32001, 21.77774]]]}}, {"id": "2521587", "type": "Feature", "properties": {"id": "2521587", "CVEGEO": "3204800010273032", "POBTOT": 35.0, "score_nse": 55.9293, "NSE": "C", "VIVTOT": 19.0, "GRAPROES": 11.45, "_ent": "32", "_mun": "048", "_loc": "0001"}, "geometry": {"type": "Polygon", "coordinates": [[[-103.30615, 21.78066], [-103.30707, 21.78081], [-103.3068, 21.78171], [-103.30596, 21.78156], [-103.30615, 21.78066]]]}}, {"id": "2521588", "type": "Feature", "properties": {"id": "2521588", "CVEGEO": "3204800010165005", "POBTOT": 19.0, "score_nse": 0.0, "NSE": "ND", "VIVTOT": 15.0, "GRAPROES": 8.3, "_ent": "32", "_mun": "048", "_loc": "0001"}, "geometry": {"type": "Polygon", "coordinates": [[[-103.29038, 21.78446], [-103.29091, 21.78462], [-103.29079, 21.78501], [-103.29038, 21.78484], [-103.29038, 21.78446]]]}}, {"id": "2521589", "type": "Feature", "properties": {"id": "2521589", "CVEGEO": "3204800010131010", "POBTOT": 38.0, "score_nse": 0.0, "NSE": "ND", "VIVTOT": 13.0, "GRAPROES": 7.96, "_ent": "32", "_mun": "048", "_loc": "0001"}, "geometry": {"type": "Polygon", "coordinates": [[[-103.3004, 21.77836], [-103.30087, 21.77843], [-103.30079, 21.77873], [-103.30035, 21.77864], [-103.3004, 21.77836]]]}}, {"id": "2521590", "type": "Feature", "properties": {"id": "2521590", "CVEGEO": "3204800010358019", "POBTOT": 5.0, "score_nse": 0.0, "NSE": "ND", "VIVTOT": 2.0, "GRAPROES": 0.0, "_ent": "32", "_mun": "048", "_loc": "0001"}, "geometry": {"type": "Polygon", "coordinates": [[[-103.29803, 21.79321], [-103.29889, 21.7913], [-103.29876, 21.79383], [-103.29803, 21.79321]]]}}, {"id": "2521591", "type": "Feature", "properties": {"id": "2521591", "CVEGEO": "3204800520076013", "POBTOT": 0.0, "score_nse": 0.0, "NSE": null, "VIVTOT": 0.0, "GRAPROES": 0.0, "_ent": "32", "_mun": "048", "_loc": "0052"}, "geometry": {"type": "Polygon", "coordinates": [[[-103.29799, 21.80206], [-103.2972, 21.8022], [-103.29778, 21.80041], [-103.29713, 21.80022], [-103.29718, 21.79977], [-103.29753, 21.7998], [-103.29762, 21.79903], [-103.29869, 21.79904], [-103.29855, 21.80215], [-103.29799, 21.80206]]]}}, {"id": "2521592", "type": "Feature", "properties": {"id": "2521592", "CVEGEO": "3204800010131038", "POBTOT": 57.0, "score_nse": 65.452, "NSE": "C", "VIVTOT": 15.0, "GRAPROES": 9.34, "_ent": "32", "_mun": "048", "_loc": "0001"}, "geometry": {"type": "Polygon", "coordinates": [[[-103.30153, 21.77625], [-103.30206, 21.77631], [-103.302, 21.77661], [-103.30147, 21.77653], [-103.30153, 21.77625]]]}}, {"id": "2521593", "type": "Feature", "properties": {"id": "2521593", "CVEGEO": "3204800010305032", "POBTOT": 55.0, "score_nse": 59.5672, "NSE": "C", "VIVTOT": 19.0, "GRAPROES": 9.84, "_ent": "32", "_mun": "048", "_loc": "0001"}, "geometry": {"type": "Polygon", "coordinates": [[[-103.29137, 21.77311], [-103.29164, 21.77326], [-103.29153, 21.77383], [-103.29124, 21.77379], [-103.29137, 21.77311]]]}}, {"id": "2521594", "type": "Feature", "properties": {"id": "2521594", "CVEGEO": "3204800010150007", "POBTOT": 42.0, "score_nse": 42.3706, "NSE": "C-", "VIVTOT": 28.0, "GRAPROES": 8.34, "_ent": "32", "_mun": "048", "_loc": "0001"}, "geometry": {"type": "Polygon", "coordinates": [[[-103.3017, 21.78298], [-103.30246, 21.78316], [-103.30238, 21.78371], [-103.30158, 21.78353], [-103.3017, 21.78298]]]}}, {"id": "2521595", "type": "Feature", "properties": {"id": "2521595", "CVEGEO": "3204800010362008", "POBTOT": 36.0, "score_nse": 46.6892, "NSE": "C-", "VIVTOT": 13.0, "GRAPROES": 8.86, "_ent": "32", "_mun": "048", "_loc": "0001"}, "geometry": {"type": "Polygon", "coordinates": [[[-103.29822, 21.78589], [-103.29745, 21.78571], [-103.29755, 21.78536], [-103.29852, 21.78565], [-103.29838, 21.78606], [-103.29822, 21.78589]]]}}, {"id": "2521596", "type": "Feature", "properties": {"id": "2521596", "CVEGEO": "3204800010146010", "POBTOT": 16.0, "score_nse": 0.0, "NSE": "ND", "VIVTOT": 8.0, "GRAPROES": 9.38, "_ent": "32", "_mun": "048", "_loc": "0001"}, "geometry": {"type": "Polygon", "coordinates": [[[-103.30892, 21.77412], [-103.30951, 21.77428], [-103.30933, 21.77485], [-103.30922, 21.77468], [-103.30892, 21.77412]]]}}, {"id": "2521597", "type": "Feature", "properties": {"id": "2521597", "CVEGEO": "3204800010305046", "POBTOT": 3.0, "score_nse": 0.0, "NSE": "ND", "VIVTOT": 1.0, "GRAPROES": 0.0, "_ent": "32", "_mun": "048", "_loc": "0001"}, "geometry": {"type": "Polygon", "coordinates": [[[-103.29073, 21.76599], [-103.29193, 21.76603], [-103.29189, 21.76714], [-103.29071, 21.76658], [-103.29073, 21.76599]]]}}, {"id": "2521598", "type": "Feature", "properties": {"id": "2521598", "CVEGEO": "3204800010358014", "POBTOT": 9.0, "score_nse": 0.0, "NSE": "ND", "VIVTOT": 2.0, "GRAPROES": 0.0, "_ent": "32", "_mun": "048", "_loc": "0001"}, "geometry": {"type": "Polygon", "coordinates": [[[-103.29647, 21.79073], [-103.29576, 21.7905], [-103.29564, 21.79021], [-103.29659, 21.79052], [-103.29686, 21.79086], [-103.29678, 21.79105], [-103.29647, 21.79073]]]}}, {"id": "2521599", "type": "Feature", "properties": {"id": "2521599", "CVEGEO": "3204800390019034", "POBTOT": 0.0, "score_nse": 0.0, "NSE": null, "VIVTOT": 0.0, "GRAPROES": 0.0, "_ent": "32", "_mun": "048", "_loc": "0039"}, "geometry": {"type": "Polygon", "coordinates": [[[-103.30366, 21.86015], [-103.30365, 21.85982], [-103.30384, 21.85985], [-103.30366, 21.86015]]]}}, {"id": "2521600", "type": "Feature", "properties": {"id": "2521600", "CVEGEO": "3204800010146018", "POBTOT": 28.0, "score_nse": 70.3669, "NSE": "C+", "VIVTOT": 11.0, "GRAPROES": 11.26, "_ent": "32", "_mun": "048", "_loc": "0001"}, "geometry": {"type": "Polygon", "coordinates": [[[-103.3085, 21.77413], [-103.3088, 21.7742], [-103.30929, 21.775], [-103.30923, 21.77519], [-103.30828, 21.77491], [-103.3085, 21.77413]]]}}, {"id": "2521601", "type": "Feature", "properties": {"id": "2521601", "CVEGEO": "320480001031A005", "POBTOT": 42.0, "score_nse": 70.3834, "NSE": "C+", "VIVTOT": 14.0, "GRAPROES": 11.42, "_ent": "32", "_mun": "048", "_loc": "0001"}, "geometry": {"type": "Polygon", "coordinates": [[[-103.28767, 21.7735], [-103.28841, 21.77442], [-103.28826, 21.77474], [-103.28739, 21.77371], [-103.28767, 21.7735]]]}}, {"id": "2521602", "type": "Feature", "properties": {"id": "2521602", "CVEGEO": "3204800010269022", "POBTOT": 24.0, "score_nse": 61.02, "NSE": "C", "VIVTOT": 10.0, "GRAPROES": 11.06, "_ent": "32", "_mun": "048", "_loc": "0001"}, "geometry": {"type": "Polygon", "coordinates": [[[-103.31224, 21.78275], [-103.31263, 21.78302], [-103.31241, 21.78344], [-103.31204, 21.78316], [-103.31224, 21.78275]]]}}, {"id": "2521603", "type": "Feature", "properties": {"id": "2521603", "CVEGEO": "3204800010273034", "POBTOT": 0.0, "score_nse": 10.0, "NSE": "E", "VIVTOT": 2.0, "GRAPROES": 0.0, "_ent": "32", "_mun": "048", "_loc": "0001"}, "geometry": {"type": "Polygon", "coordinates": [[[-103.30543, 21.78032], [-103.30606, 21.78054], [-103.30605, 21.78058], [-103.30543, 21.78046], [-103.30543, 21.78032]]]}}, {"id": "2521604", "type": "Feature", "properties": {"id": "2521604", "CVEGEO": "3204800010127012", "POBTOT": 23.0, "score_nse": 0.0, "NSE": "ND", "VIVTOT": 14.0, "GRAPROES": 10.1, "_ent": "32", "_mun": "048", "_loc": "0001"}, "geometry": {"type": "Polygon", "coordinates": [[[-103.30155, 21.77986], [-103.30231, 21.77986], [-103.30225, 21.78008], [-103.30155, 21.77986]]]}}, {"id": "2521605", "type": "Feature", "properties": {"id": "2521605", "CVEGEO": "3204800010127038", "POBTOT": 174.0, "score_nse": 65.643, "NSE": "C", "VIVTOT": 53.0, "GRAPROES": 10.42, "_ent": "32", "_mun": "048", "_loc": "0001"}, "geometry": {"type": "Polygon", "coordinates": [[[-103.29628, 21.7821], [-103.29624, 21.78141], [-103.29576, 21.78142], [-103.29586, 21.78082], [-103.29755, 21.781], [-103.29747, 21.78136], [-103.29652, 21.78122], [-103.29745, 21.78145], [-103.29739, 21.78179], [-103.29654, 21.78168], [-103.29737, 21.78189], [-103.29731, 21.78226], [-103.29628, 21.7821]]]}}, {"id": "2521606", "type": "Feature", "properties": {"id": "2521606", "CVEGEO": "3204800010127032", "POBTOT": 26.0, "score_nse": 59.16, "NSE": "C", "VIVTOT": 15.0, "GRAPROES": 10.1, "_ent": "32", "_mun": "048", "_loc": "0001"}, "geometry": {"type": "Polygon", "coordinates": [[[-103.30426, 21.78219], [-103.30478, 21.78227], [-103.3047, 21.78251], [-103.30421, 21.78238], [-103.30426, 21.78219]]]}}, {"id": "2521607", "type": "Feature", "properties": {"id": "2521607", "CVEGEO": "3204800010150008", "POBTOT": 44.0, "score_nse": 59.3033, "NSE": "C", "VIVTOT": 24.0, "GRAPROES": 10.91, "_ent": "32", "_mun": "048", "_loc": "0001"}, "geometry": {"type": "Polygon", "coordinates": [[[-103.30237, 21.7838], [-103.30227, 21.78427], [-103.30144, 21.78408], [-103.30158, 21.78361], [-103.30237, 21.7838]]]}}, {"id": "2521608", "type": "Feature", "properties": {"id": "2521608", "CVEGEO": "3204800010199008", "POBTOT": 133.0, "score_nse": 53.7197, "NSE": "C-", "VIVTOT": 46.0, "GRAPROES": 9.0, "_ent": "32", "_mun": "048", "_loc": "0001"}, "geometry": {"type": "Polygon", "coordinates": [[[-103.30245, 21.78847], [-103.30131, 21.7894], [-103.30095, 21.78928], [-103.30202, 21.78821], [-103.30083, 21.78924], [-103.30047, 21.78912], [-103.30189, 21.78798], [-103.30212, 21.78826], [-103.30223, 21.78816], [-103.30196, 21.78791], [-103.30268, 21.78715], [-103.30272, 21.78685], [-103.30466, 21.7857], [-103.30399, 21.78819], [-103.30284, 21.79008], [-103.30141, 21.78943], [-103.30245, 21.78847]]]}}, {"id": "2521609", "type": "Feature", "properties": {"id": "2521609", "CVEGEO": "3204800500019003", "POBTOT": 0.0, "score_nse": 0.0, "NSE": null, "VIVTOT": 0.0, "GRAPROES": 0.0, "_ent": "32", "_mun": "048", "_loc": "0050"}, "geometry": {"type": "Polygon", "coordinates": [[[-103.30818, 21.87478], [-103.30781, 21.87495], [-103.30782, 21.87445], [-103.30867, 21.87431], [-103.30914, 21.87444], [-103.30913, 21.87477], [-103.30818, 21.87478]]]}}, {"id": "2521610", "type": "Feature", "properties": {"id": "2521610", "CVEGEO": "3204800010127014", "POBTOT": 32.0, "score_nse": 0.0, "NSE": "ND", "VIVTOT": 18.0, "GRAPROES": 10.4, "_ent": "32", "_mun": "048", "_loc": "0001"}, "geometry": {"type": "Polygon", "coordinates": [[[-103.30293, 21.78018], [-103.30349, 21.78029], [-103.30401, 21.78011], [-103.30381, 21.78111], [-103.30283, 21.78093], [-103.30293, 21.78018]]]}}, {"id": "2521611", "type": "Feature", "properties": {"id": "2521611", "CVEGEO": "3204800010358015", "POBTOT": 43.0, "score_nse": 0.0, "NSE": "ND", "VIVTOT": 12.0, "GRAPROES": 7.93, "_ent": "32", "_mun": "048", "_loc": "0001"}, "geometry": {"type": "Polygon", "coordinates": [[[-103.29353, 21.78694], [-103.29521, 21.78746], [-103.29523, 21.78798], [-103.2933, 21.7876], [-103.29353, 21.78694]]]}}, {"id": "2521612", "type": "Feature", "properties": {"id": "2521612", "CVEGEO": "3204800040108003", "POBTOT": 0.0, "score_nse": 0.0, "NSE": null, "VIVTOT": 0.0, "GRAPROES": 0.0, "_ent": "32", "_mun": "048", "_loc": "0004"}, "geometry": {"type": "Polygon", "coordinates": [[[-103.14002, 21.66654], [-103.14031, 21.66677], [-103.14065, 21.66693], [-103.14, 21.667], [-103.13971, 21.66665], [-103.14002, 21.66654]]]}}, {"id": "2521613", "type": "Feature", "properties": {"id": "2521613", "CVEGEO": "3204800010339009", "POBTOT": 0.0, "score_nse": 0.0, "NSE": "ND", "VIVTOT": 0.0, "GRAPROES": 0.0, "_ent": "32", "_mun": "048", "_loc": "0001"}, "geometry": {"type": "Polygon", "coordinates": [[[-103.28773, 21.78202], [-103.28777, 21.78237], [-103.28708, 21.7825], [-103.28721, 21.78206], [-103.28773, 21.78202]]]}}, {"id": "2521614", "type": "Feature", "properties": {"id": "2521614", "CVEGEO": "3204800010150015", "POBTOT": 48.0, "score_nse": 72.5103, "NSE": "C+", "VIVTOT": 23.0, "GRAPROES": 12.58, "_ent": "32", "_mun": "048", "_loc": "0001"}, "geometry": {"type": "Polygon", "coordinates": [[[-103.30256, 21.78317], [-103.30334, 21.78327], [-103.30318, 21.7839], [-103.30246, 21.78373], [-103.30256, 21.78317]]]}}, {"id": "2521615", "type": "Feature", "properties": {"id": "2521615", "CVEGEO": "3204800010288007", "POBTOT": 45.0, "score_nse": 0.0, "NSE": "ND", "VIVTOT": 16.0, "GRAPROES": 7.66, "_ent": "32", "_mun": "048", "_loc": "0001"}, "geometry": {"type": "Polygon", "coordinates": [[[-103.31339, 21.77408], [-103.31361, 21.77432], [-103.31305, 21.77524], [-103.31281, 21.77502], [-103.31339, 21.77408]]]}}, {"id": "2521616", "type": "Feature", "properties": {"id": "2521616", "CVEGEO": "3204800550076009", "POBTOT": 0.0, "score_nse": 0.0, "NSE": null, "VIVTOT": 0.0, "GRAPROES": 0.0, "_ent": "32", "_mun": "048", "_loc": "0055"}, "geometry": {"type": "Polygon", "coordinates": [[[-103.27347, 21.76172], [-103.27352, 21.76159], [-103.27371, 21.76165], [-103.27366, 21.76178], [-103.27347, 21.76172]]]}}, {"id": "2521617", "type": "Feature", "properties": {"id": "2521617", "CVEGEO": "3204800260038027", "POBTOT": 0.0, "score_nse": 0.0, "NSE": null, "VIVTOT": 0.0, "GRAPROES": 0.0, "_ent": "32", "_mun": "048", "_loc": "0026"}, "geometry": {"type": "Polygon", "coordinates": [[[-103.13536, 21.82947], [-103.13537, 21.82897], [-103.13553, 21.82885], [-103.13601, 21.82905], [-103.13592, 21.8293], [-103.13553, 21.82916], [-103.13559, 21.82949], [-103.13536, 21.82947]]]}}, {"id": "2521618", "type": "Feature", "properties": {"id": "2521618", "CVEGEO": "3204800010131006", "POBTOT": 9.0, "score_nse": 98.8, "NSE": "A/B", "VIVTOT": 3.0, "GRAPROES": 16.0, "_ent": "32", "_mun": "048", "_loc": "0001"}, "geometry": {"type": "Polygon", "coordinates": [[[-103.30418, 21.77466], [-103.30444, 21.77475], [-103.30419, 21.77537], [-103.30387, 21.77538], [-103.30418, 21.77466]]]}}, {"id": "2521619", "type": "Feature", "properties": {"id": "2521619", "CVEGEO": "3204800010273012", "POBTOT": 75.0, "score_nse": 61.817, "NSE": "C", "VIVTOT": 27.0, "GRAPROES": 10.64, "_ent": "32", "_mun": "048", "_loc": "0001"}, "geometry": {"type": "Polygon", "coordinates": [[[-103.30723, 21.7759], [-103.30777, 21.77602], [-103.30736, 21.77765], [-103.30685, 21.77756], [-103.30723, 21.7759]]]}}, {"id": "2521620", "type": "Feature", "properties": {"id": "2521620", "CVEGEO": "3204800010165030", "POBTOT": 54.0, "score_nse": 0.0, "NSE": "ND", "VIVTOT": 18.0, "GRAPROES": 7.91, "_ent": "32", "_mun": "048", "_loc": "0001"}, "geometry": {"type": "Polygon", "coordinates": [[[-103.28689, 21.78134], [-103.28545, 21.78105], [-103.2856, 21.78036], [-103.28729, 21.78069], [-103.28721, 21.7816], [-103.28689, 21.78158], [-103.28689, 21.78134]]]}}, {"id": "2521621", "type": "Feature", "properties": {"id": "2521621", "CVEGEO": "3204800010150019", "POBTOT": 76.0, "score_nse": 56.2604, "NSE": "C", "VIVTOT": 36.0, "GRAPROES": 8.95, "_ent": "32", "_mun": "048", "_loc": "0001"}, "geometry": {"type": "Polygon", "coordinates": [[[-103.29726, 21.78291], [-103.2982, 21.78304], [-103.29806, 21.78348], [-103.29715, 21.78334], [-103.29726, 21.78291]]]}}, {"id": "2521622", "type": "Feature", "properties": {"id": "2521622", "CVEGEO": "3204800010447003", "POBTOT": 95.0, "score_nse": 60.2326, "NSE": "C", "VIVTOT": 26.0, "GRAPROES": 11.0, "_ent": "32", "_mun": "048", "_loc": "0001"}, "geometry": {"type": "Polygon", "coordinates": [[[-103.28393, 21.77019], [-103.2845, 21.77045], [-103.28448, 21.77074], [-103.28385, 21.77046], [-103.28393, 21.77019]]]}}, {"id": "2521623", "type": "Feature", "properties": {"id": "2521623", "CVEGEO": "3204800010413006", "POBTOT": 23.0, "score_nse": 0.0, "NSE": "ND", "VIVTOT": 9.0, "GRAPROES": 8.73, "_ent": "32", "_mun": "048", "_loc": "0001"}, "geometry": {"type": "Polygon", "coordinates": [[[-103.28575, 21.78122], [-103.28606, 21.78127], [-103.28554, 21.78273], [-103.2853, 21.78243], [-103.28575, 21.78122]]]}}, {"id": "2521624", "type": "Feature", "properties": {"id": "2521624", "CVEGEO": "3204800400095005", "POBTOT": 0.0, "score_nse": 0.0, "NSE": null, "VIVTOT": 0.0, "GRAPROES": 0.0, "_ent": "32", "_mun": "048", "_loc": "0040"}, "geometry": {"type": "Polygon", "coordinates": [[[-103.27489, 21.73257], [-103.27495, 21.73239], [-103.27519, 21.73241], [-103.27536, 21.73246], [-103.27535, 21.73271], [-103.27489, 21.73257]]]}}, {"id": "2521625", "type": "Feature", "properties": {"id": "2521625", "CVEGEO": "3204800010131031", "POBTOT": 51.0, "score_nse": 51.6364, "NSE": "C-", "VIVTOT": 22.0, "GRAPROES": 9.35, "_ent": "32", "_mun": "048", "_loc": "0001"}, "geometry": {"type": "Polygon", "coordinates": [[[-103.29788, 21.78043], [-103.29967, 21.78031], [-103.29975, 21.78048], [-103.29797, 21.78063], [-103.29788, 21.78043]]]}}, {"id": "2521626", "type": "Feature", "properties": {"id": "2521626", "CVEGEO": "3204800010273026", "POBTOT": 36.0, "score_nse": 51.042, "NSE": "C-", "VIVTOT": 32.0, "GRAPROES": 11.7, "_ent": "32", "_mun": "048", "_loc": "0001"}, "geometry": {"type": "Polygon", "coordinates": [[[-103.30608, 21.7775], [-103.30668, 21.77762], [-103.30646, 21.77854], [-103.30587, 21.77843], [-103.30608, 21.7775]]]}}, {"id": "2521627", "type": "Feature", "properties": {"id": "2521627", "CVEGEO": "3204800010184001", "POBTOT": 10.0, "score_nse": 0.0, "NSE": "ND", "VIVTOT": 3.0, "GRAPROES": 0.0, "_ent": "32", "_mun": "048", "_loc": "0001"}, "geometry": {"type": "Polygon", "coordinates": [[[-103.31277, 21.78397], [-103.31668, 21.78578], [-103.31622, 21.78693], [-103.31284, 21.78461], [-103.31277, 21.78397]]]}}, {"id": "2521628", "type": "Feature", "properties": {"id": "2521628", "CVEGEO": "3204800140023003", "POBTOT": 0.0, "score_nse": 0.0, "NSE": null, "VIVTOT": 0.0, "GRAPROES": 0.0, "_ent": "32", "_mun": "048", "_loc": "0014"}, "geometry": {"type": "Polygon", "coordinates": [[[-103.26713, 21.90204], [-103.26768, 21.90198], [-103.26772, 21.90228], [-103.26717, 21.90234], [-103.26713, 21.90204]]]}}, {"id": "2521629", "type": "Feature", "properties": {"id": "2521629", "CVEGEO": "3204800010362012", "POBTOT": 21.0, "score_nse": 0.0, "NSE": "ND", "VIVTOT": 10.0, "GRAPROES": 9.27, "_ent": "32", "_mun": "048", "_loc": "0001"}, "geometry": {"type": "Polygon", "coordinates": [[[-103.29996, 21.78476], [-103.29986, 21.78505], [-103.29931, 21.78489], [-103.29931, 21.78489], [-103.29996, 21.78476]]]}}, {"id": "2521630", "type": "Feature", "properties": {"id": "2521630", "CVEGEO": "3204800010127026", "POBTOT": 91.0, "score_nse": 58.7967, "NSE": "C", "VIVTOT": 39.0, "GRAPROES": 10.03, "_ent": "32", "_mun": "048", "_loc": "0001"}, "geometry": {"type": "Polygon", "coordinates": [[[-103.29999, 21.78093], [-103.30106, 21.78117], [-103.30097, 21.78152], [-103.29998, 21.78134], [-103.29999, 21.78093]]]}}, {"id": "2521631", "type": "Feature", "properties": {"id": "2521631", "CVEGEO": "3204800390019013", "POBTOT": 0.0, "score_nse": 0.0, "NSE": null, "VIVTOT": 0.0, "GRAPROES": 0.0, "_ent": "32", "_mun": "048", "_loc": "0039"}, "geometry": {"type": "Polygon", "coordinates": [[[-103.30604, 21.86712], [-103.30538, 21.86694], [-103.30541, 21.86591], [-103.30522, 21.86475], [-103.30653, 21.86468], [-103.30665, 21.86589], [-103.30634, 21.86588], [-103.30606, 21.86602], [-103.3064, 21.86593], [-103.30688, 21.86604], [-103.30676, 21.86694], [-103.30624, 21.86694], [-103.30604, 21.86712]]]}}, {"id": "2521632", "type": "Feature", "properties": {"id": "2521632", "CVEGEO": "3204800010362007", "POBTOT": 210.0, "score_nse": 36.0117, "NSE": "D+", "VIVTOT": 89.0, "GRAPROES": 6.93, "_ent": "32", "_mun": "048", "_loc": "0001"}, "geometry": {"type": "Polygon", "coordinates": [[[-103.29789, 21.78674], [-103.29783, 21.78688], [-103.29722, 21.78653], [-103.29739, 21.7858], [-103.29813, 21.78593], [-103.29834, 21.78619], [-103.29808, 21.78698], [-103.29785, 21.78689], [-103.29789, 21.78674]]]}}, {"id": "2521633", "type": "Feature", "properties": {"id": "2521633", "CVEGEO": "3204800260038013", "POBTOT": 0.0, "score_nse": 0.0, "NSE": null, "VIVTOT": 0.0, "GRAPROES": 0.0, "_ent": "32", "_mun": "048", "_loc": "0026"}, "geometry": {"type": "Polygon", "coordinates": [[[-103.137, 21.83104], [-103.13806, 21.82982], [-103.13859, 21.83011], [-103.13826, 21.83044], [-103.138, 21.8303], [-103.13762, 21.83069], [-103.13849, 21.83141], [-103.13805, 21.832], [-103.13741, 21.83139], [-103.13767, 21.83119], [-103.13744, 21.83096], [-103.13722, 21.83122], [-103.137, 21.83104]]]}}, {"id": "2521634", "type": "Feature", "properties": {"id": "2521634", "CVEGEO": "3204800110095010", "POBTOT": 0.0, "score_nse": 0.0, "NSE": null, "VIVTOT": 0.0, "GRAPROES": 0.0, "_ent": "32", "_mun": "048", "_loc": "0011"}, "geometry": {"type": "Polygon", "coordinates": [[[-103.31441, 21.71618], [-103.3146, 21.71551], [-103.3148, 21.71553], [-103.31468, 21.71622], [-103.31441, 21.71618]]]}}, {"id": "2521635", "type": "Feature", "properties": {"id": "2521635", "CVEGEO": "3204800010199015", "POBTOT": 0.0, "score_nse": 10.0, "NSE": "E", "VIVTOT": 3.0, "GRAPROES": 0.0, "_ent": "32", "_mun": "048", "_loc": "0001"}, "geometry": {"type": "Polygon", "coordinates": [[[-103.29852, 21.79836], [-103.29639, 21.7978], [-103.29529, 21.79667], [-103.29547, 21.79625], [-103.29763, 21.79418], [-103.29789, 21.79356], [-103.29844, 21.79402], [-103.29873, 21.79457], [-103.29874, 21.79811], [-103.29855, 21.79806], [-103.29852, 21.79836]]]}}, {"id": "2521636", "type": "Feature", "properties": {"id": "2521636", "CVEGEO": "3204800010292007", "POBTOT": 72.0, "score_nse": 70.6926, "NSE": "C+", "VIVTOT": 26.0, "GRAPROES": 10.48, "_ent": "32", "_mun": "048", "_loc": "0001"}, "geometry": {"type": "Polygon", "coordinates": [[[-103.30488, 21.77242], [-103.30419, 21.77247], [-103.30389, 21.77107], [-103.30433, 21.77203], [-103.30434, 21.77179], [-103.3056, 21.77137], [-103.30521, 21.77037], [-103.3053, 21.77006], [-103.30564, 21.77008], [-103.30532, 21.76999], [-103.30542, 21.76967], [-103.30588, 21.76976], [-103.30621, 21.77088], [-103.30781, 21.77269], [-103.30766, 21.77335], [-103.30488, 21.77242]]]}}, {"id": "2521637", "type": "Feature", "properties": {"id": "2521637", "CVEGEO": "3204800010269036", "POBTOT": 66.0, "score_nse": 48.7617, "NSE": "C-", "VIVTOT": 35.0, "GRAPROES": 9.89, "_ent": "32", "_mun": "048", "_loc": "0001"}, "geometry": {"type": "Polygon", "coordinates": [[[-103.30544, 21.78381], [-103.30595, 21.78386], [-103.30616, 21.7834], [-103.30673, 21.78362], [-103.3056, 21.78429], [-103.30473, 21.78538], [-103.30472, 21.7852], [-103.30526, 21.78455], [-103.30544, 21.78381]]]}}, {"id": "2521638", "type": "Feature", "properties": {"id": "2521638", "CVEGEO": "3204800010305007", "POBTOT": 49.0, "score_nse": 66.176, "NSE": "C", "VIVTOT": 18.0, "GRAPROES": 10.2, "_ent": "32", "_mun": "048", "_loc": "0001"}, "geometry": {"type": "Polygon", "coordinates": [[[-103.29301, 21.77035], [-103.29316, 21.76932], [-103.2935, 21.76936], [-103.29346, 21.77083], [-103.29301, 21.77035]]]}}, {"id": "2521639", "type": "Feature", "properties": {"id": "2521639", "CVEGEO": "3204800010165028", "POBTOT": 32.0, "score_nse": 61.1445, "NSE": "C", "VIVTOT": 16.0, "GRAPROES": 9.95, "_ent": "32", "_mun": "048", "_loc": "0001"}, "geometry": {"type": "Polygon", "coordinates": [[[-103.29119, 21.78417], [-103.29185, 21.78436], [-103.29172, 21.78475], [-103.29105, 21.78456], [-103.29119, 21.78417]]]}}, {"id": "2521640", "type": "Feature", "properties": {"id": "2521640", "CVEGEO": "3204800010146011", "POBTOT": 28.0, "score_nse": 64.1891, "NSE": "C", "VIVTOT": 11.0, "GRAPROES": 13.94, "_ent": "32", "_mun": "048", "_loc": "0001"}, "geometry": {"type": "Polygon", "coordinates": [[[-103.30777, 21.77349], [-103.30843, 21.77364], [-103.30813, 21.77474], [-103.30752, 21.7746], [-103.30777, 21.77349]]]}}, {"id": "2521641", "type": "Feature", "properties": {"id": "2521641", "CVEGEO": "3204800010127045", "POBTOT": 30.0, "score_nse": 74.9527, "NSE": "C+", "VIVTOT": 11.0, "GRAPROES": 11.44, "_ent": "32", "_mun": "048", "_loc": "0001"}, "geometry": {"type": "Polygon", "coordinates": [[[-103.29748, 21.78191], [-103.29796, 21.78198], [-103.29782, 21.78233], [-103.29742, 21.78227], [-103.29748, 21.78191]]]}}, {"id": "2521642", "type": "Feature", "properties": {"id": "2521642", "CVEGEO": "3204800010273001", "POBTOT": 45.0, "score_nse": 0.0, "NSE": "ND", "VIVTOT": 23.0, "GRAPROES": 8.52, "_ent": "32", "_mun": "048", "_loc": "0001"}, "geometry": {"type": "Polygon", "coordinates": [[[-103.30855, 21.77801], [-103.30906, 21.77811], [-103.30884, 21.77899], [-103.30832, 21.7789], [-103.30855, 21.77801]]]}}, {"id": "2521643", "type": "Feature", "properties": {"id": "2521643", "CVEGEO": "3204800010199001", "POBTOT": 36.0, "score_nse": 0.0, "NSE": "ND", "VIVTOT": 13.0, "GRAPROES": 9.24, "_ent": "32", "_mun": "048", "_loc": "0001"}, "geometry": {"type": "Polygon", "coordinates": [[[-103.30042, 21.78818], [-103.30069, 21.78874], [-103.30041, 21.78904], [-103.30007, 21.78832], [-103.30042, 21.78818]]]}}, {"id": "2521644", "type": "Feature", "properties": {"id": "2521644", "CVEGEO": "3204800010165055", "POBTOT": 8.0, "score_nse": 0.0, "NSE": "ND", "VIVTOT": 8.0, "GRAPROES": 14.83, "_ent": "32", "_mun": "048", "_loc": "0001"}, "geometry": {"type": "Polygon", "coordinates": [[[-103.2943, 21.78193], [-103.29536, 21.78208], [-103.29534, 21.78251], [-103.2947, 21.78241], [-103.2943, 21.78193]]]}}, {"id": "2521645", "type": "Feature", "properties": {"id": "2521645", "CVEGEO": "3204800010305038", "POBTOT": 52.0, "score_nse": 51.3173, "NSE": "C-", "VIVTOT": 21.0, "GRAPROES": 8.07, "_ent": "32", "_mun": "048", "_loc": "0001"}, "geometry": {"type": "Polygon", "coordinates": [[[-103.28886, 21.77372], [-103.28937, 21.77404], [-103.28919, 21.77429], [-103.28874, 21.77401], [-103.28886, 21.77372]]]}}, {"id": "2521646", "type": "Feature", "properties": {"id": "2521646", "CVEGEO": "3204800010358001", "POBTOT": 78.0, "score_nse": 59.8113, "NSE": "C", "VIVTOT": 24.0, "GRAPROES": 9.98, "_ent": "32", "_mun": "048", "_loc": "0001"}, "geometry": {"type": "Polygon", "coordinates": [[[-103.29895, 21.79051], [-103.29679, 21.78983], [-103.29704, 21.7878], [-103.29907, 21.78837], [-103.29894, 21.78852], [-103.29889, 21.79008], [-103.29846, 21.79008], [-103.29891, 21.79015], [-103.29895, 21.79051]]]}}, {"id": "2521647", "type": "Feature", "properties": {"id": "2521647", "CVEGEO": "3204800260038024", "POBTOT": 0.0, "score_nse": 0.0, "NSE": null, "VIVTOT": 0.0, "GRAPROES": 0.0, "_ent": "32", "_mun": "048", "_loc": "0026"}, "geometry": {"type": "Polygon", "coordinates": [[[-103.13749, 21.83264], [-103.138, 21.83228], [-103.13844, 21.83275], [-103.13785, 21.8331], [-103.13749, 21.83264]]]}}, {"id": "2521648", "type": "Feature", "properties": {"id": "2521648", "CVEGEO": "3204800050108009", "POBTOT": 0.0, "score_nse": 0.0, "NSE": null, "VIVTOT": 0.0, "GRAPROES": 0.0, "_ent": "32", "_mun": "048", "_loc": "0005"}, "geometry": {"type": "Polygon", "coordinates": [[[-103.15407, 21.70776], [-103.15446, 21.70803], [-103.15407, 21.70826], [-103.15421, 21.70848], [-103.15397, 21.70858], [-103.15407, 21.70776]]]}}, {"id": "2521649", "type": "Feature", "properties": {"id": "2521649", "CVEGEO": "3204800500019006", "POBTOT": 0.0, "score_nse": 0.0, "NSE": null, "VIVTOT": 0.0, "GRAPROES": 0.0, "_ent": "32", "_mun": "048", "_loc": "0050"}, "geometry": {"type": "Polygon", "coordinates": [[[-103.31115, 21.87577], [-103.31031, 21.8756], [-103.31031, 21.87555], [-103.31118, 21.87549], [-103.31115, 21.87577]]]}}, {"id": "2521650", "type": "Feature", "properties": {"id": "2521650", "CVEGEO": "3204800010150022", "POBTOT": 26.0, "score_nse": 0.0, "NSE": "ND", "VIVTOT": 13.0, "GRAPROES": 9.14, "_ent": "32", "_mun": "048", "_loc": "0001"}, "geometry": {"type": "Polygon", "coordinates": [[[-103.30325, 21.78401], [-103.3037, 21.78412], [-103.3036, 21.78458], [-103.30314, 21.78447], [-103.30325, 21.78401]]]}}, {"id": "2521651", "type": "Feature", "properties": {"id": "2521651", "CVEGEO": "3204800010273016", "POBTOT": 78.0, "score_nse": 52.4117, "NSE": "C-", "VIVTOT": 39.0, "GRAPROES": 8.63, "_ent": "32", "_mun": "048", "_loc": "0001"}, "geometry": {"type": "Polygon", "coordinates": [[[-103.31083, 21.77665], [-103.30981, 21.77643], [-103.31006, 21.7753], [-103.31106, 21.77572], [-103.31105, 21.77623], [-103.31072, 21.7762], [-103.31106, 21.7763], [-103.31105, 21.77644], [-103.31083, 21.77665]]]}}, {"id": "2521652", "type": "Feature", "properties": {"id": "2521652", "CVEGEO": "3204800010269056", "POBTOT": 3.0, "score_nse": 0.0, "NSE": "ND", "VIVTOT": 2.0, "GRAPROES": 0.0, "_ent": "32", "_mun": "048", "_loc": "0001"}, "geometry": {"type": "Polygon", "coordinates": [[[-103.30649, 21.78381], [-103.30685, 21.78371], [-103.30651, 21.78386], [-103.30649, 21.78381]]]}}, {"id": "2521653", "type": "Feature", "properties": {"id": "2521653", "CVEGEO": "320480001017A006", "POBTOT": 16.0, "score_nse": 0.0, "NSE": "ND", "VIVTOT": 6.0, "GRAPROES": 11.64, "_ent": "32", "_mun": "048", "_loc": "0001"}, "geometry": {"type": "Polygon", "coordinates": [[[-103.29515, 21.77762], [-103.29555, 21.77765], [-103.29552, 21.77818], [-103.29513, 21.778], [-103.29515, 21.77762]]]}}, {"id": "2521654", "type": "Feature", "properties": {"id": "2521654", "CVEGEO": "3204800010269021", "POBTOT": 23.0, "score_nse": 0.0, "NSE": "ND", "VIVTOT": 8.0, "GRAPROES": 9.93, "_ent": "32", "_mun": "048", "_loc": "0001"}, "geometry": {"type": "Polygon", "coordinates": [[[-103.31259, 21.78203], [-103.31281, 21.78215], [-103.31292, 21.78253], [-103.31268, 21.78291], [-103.31229, 21.78264], [-103.31259, 21.78203]]]}}, {"id": "2521655", "type": "Feature", "properties": {"id": "2521655", "CVEGEO": "320480001017A009", "POBTOT": 1.0, "score_nse": 0.0, "NSE": "ND", "VIVTOT": 2.0, "GRAPROES": 0.0, "_ent": "32", "_mun": "048", "_loc": "0001"}, "geometry": {"type": "Polygon", "coordinates": [[[-103.29784, 21.77529], [-103.29665, 21.77367], [-103.29645, 21.77228], [-103.29673, 21.772], [-103.30025, 21.77042], [-103.29997, 21.77309], [-103.29986, 21.77304], [-103.29825, 21.77518], [-103.29784, 21.77529]]]}}, {"id": "2521656", "type": "Feature", "properties": {"id": "2521656", "CVEGEO": "3204800010127027", "POBTOT": 106.0, "score_nse": 48.8512, "NSE": "C-", "VIVTOT": 37.0, "GRAPROES": 8.51, "_ent": "32", "_mun": "048", "_loc": "0001"}, "geometry": {"type": "Polygon", "coordinates": [[[-103.30141, 21.77995], [-103.30113, 21.78103], [-103.30002, 21.78082], [-103.30002, 21.78064], [-103.30141, 21.77995]]]}}, {"id": "2521657", "type": "Feature", "properties": {"id": "2521657", "CVEGEO": "3204800010269002", "POBTOT": 73.0, "score_nse": 60.172, "NSE": "C", "VIVTOT": 28.0, "GRAPROES": 8.42, "_ent": "32", "_mun": "048", "_loc": "0001"}, "geometry": {"type": "Polygon", "coordinates": [[[-103.30885, 21.78248], [-103.30973, 21.7825], [-103.3095, 21.78395], [-103.30867, 21.78385], [-103.30885, 21.78248]]]}}, {"id": "2521658", "type": "Feature", "properties": {"id": "2521658", "CVEGEO": "3204800010184009", "POBTOT": 2.0, "score_nse": 0.0, "NSE": "ND", "VIVTOT": 1.0, "GRAPROES": 0.0, "_ent": "32", "_mun": "048", "_loc": "0001"}, "geometry": {"type": "Polygon", "coordinates": [[[-103.31072, 21.78087], [-103.31076, 21.78064], [-103.31125, 21.78076], [-103.31119, 21.78099], [-103.31072, 21.78087]]]}}, {"id": "2521659", "type": "Feature", "properties": {"id": "2521659", "CVEGEO": "3204800390019023", "POBTOT": 0.0, "score_nse": 0.0, "NSE": null, "VIVTOT": 0.0, "GRAPROES": 0.0, "_ent": "32", "_mun": "048", "_loc": "0039"}, "geometry": {"type": "Polygon", "coordinates": [[[-103.30168, 21.86271], [-103.3025, 21.8627], [-103.30264, 21.863], [-103.30265, 21.8636], [-103.30221, 21.86548], [-103.3019, 21.86544], [-103.30216, 21.86398], [-103.30183, 21.86395], [-103.30198, 21.86312], [-103.30168, 21.86271]]]}}, {"id": "2521660", "type": "Feature", "properties": {"id": "2521660", "CVEGEO": "3204800010428001", "POBTOT": 0.0, "score_nse": 10.0, "NSE": "E", "VIVTOT": 1.0, "GRAPROES": 0.0, "_ent": "32", "_mun": "048", "_loc": "0001"}, "geometry": {"type": "Polygon", "coordinates": [[[-103.28488, 21.78134], [-103.28509, 21.78143], [-103.28489, 21.78204], [-103.28486, 21.78203], [-103.28488, 21.78134]]]}}, {"id": "2521661", "type": "Feature", "properties": {"id": "2521661", "CVEGEO": "3204800510080002", "POBTOT": 0.0, "score_nse": 0.0, "NSE": null, "VIVTOT": 0.0, "GRAPROES": 0.0, "_ent": "32", "_mun": "048", "_loc": "0051"}, "geometry": {"type": "Polygon", "coordinates": [[[-103.10901, 21.8114], [-103.10884, 21.81187], [-103.10859, 21.81183], [-103.10801, 21.81231], [-103.10779, 21.81231], [-103.1078, 21.81193], [-103.10901, 21.8114]]]}}, {"id": "2521662", "type": "Feature", "properties": {"id": "2521662", "CVEGEO": "3204800010146028", "POBTOT": 6.0, "score_nse": 0.0, "NSE": "ND", "VIVTOT": 2.0, "GRAPROES": 0.0, "_ent": "32", "_mun": "048", "_loc": "0001"}, "geometry": {"type": "Polygon", "coordinates": [[[-103.30552, 21.77542], [-103.30585, 21.77435], [-103.30608, 21.77439], [-103.30583, 21.77547], [-103.30552, 21.77542]]]}}, {"id": "2521663", "type": "Feature", "properties": {"id": "2521663", "CVEGEO": "3204800390019008", "POBTOT": 0.0, "score_nse": 0.0, "NSE": null, "VIVTOT": 0.0, "GRAPROES": 0.0, "_ent": "32", "_mun": "048", "_loc": "0039"}, "geometry": {"type": "Polygon", "coordinates": [[[-103.30354, 21.86511], [-103.30321, 21.86462], [-103.30448, 21.86422], [-103.30453, 21.86503], [-103.30354, 21.86511]]]}}, {"id": "2521664", "type": "Feature", "properties": {"id": "2521664", "CVEGEO": "3204800400095002", "POBTOT": 0.0, "score_nse": 0.0, "NSE": null, "VIVTOT": 0.0, "GRAPROES": 0.0, "_ent": "32", "_mun": "048", "_loc": "0040"}, "geometry": {"type": "Polygon", "coordinates": [[[-103.27383, 21.73181], [-103.27341, 21.73215], [-103.27321, 21.73203], [-103.27322, 21.73173], [-103.27299, 21.7316], [-103.27297, 21.7313], [-103.27354, 21.73064], [-103.27441, 21.7311], [-103.2743, 21.73192], [-103.27383, 21.73181]]]}}, {"id": "2521665", "type": "Feature", "properties": {"id": "2521665", "CVEGEO": "3204800010273023", "POBTOT": 9.0, "score_nse": 0.0, "NSE": "ND", "VIVTOT": 3.0, "GRAPROES": 9.88, "_ent": "32", "_mun": "048", "_loc": "0001"}, "geometry": {"type": "Polygon", "coordinates": [[[-103.30668, 21.78036], [-103.30622, 21.78032], [-103.30632, 21.77989], [-103.30677, 21.78002], [-103.30668, 21.78036]]]}}, {"id": "2521666", "type": "Feature", "properties": {"id": "2521666", "CVEGEO": "3204800110095006", "POBTOT": 0.0, "score_nse": 0.0, "NSE": null, "VIVTOT": 0.0, "GRAPROES": 0.0, "_ent": "32", "_mun": "048", "_loc": "0011"}, "geometry": {"type": "Polygon", "coordinates": [[[-103.31298, 21.71698], [-103.31293, 21.71682], [-103.31343, 21.71693], [-103.31338, 21.71712], [-103.31298, 21.71698]]]}}, {"id": "2521667", "type": "Feature", "properties": {"id": "2521667", "CVEGEO": "3204800390019002", "POBTOT": 0.0, "score_nse": 0.0, "NSE": null, "VIVTOT": 0.0, "GRAPROES": 0.0, "_ent": "32", "_mun": "048", "_loc": "0039"}, "geometry": {"type": "Polygon", "coordinates": [[[-103.30375, 21.86436], [-103.30351, 21.86272], [-103.30409, 21.86263], [-103.30491, 21.86404], [-103.30455, 21.86413], [-103.30444, 21.8639], [-103.30451, 21.86415], [-103.30375, 21.86436]]]}}, {"id": "2521668", "type": "Feature", "properties": {"id": "2521668", "CVEGEO": "3204800010165013", "POBTOT": 0.0, "score_nse": 0.0, "NSE": "ND", "VIVTOT": 0.0, "GRAPROES": 0.0, "_ent": "32", "_mun": "048", "_loc": "0001"}, "geometry": {"type": "Polygon", "coordinates": [[[-103.29463, 21.78279], [-103.29492, 21.78318], [-103.29355, 21.78297], [-103.29374, 21.78289], [-103.29463, 21.78279]]]}}, {"id": "2521669", "type": "Feature", "properties": {"id": "2521669", "CVEGEO": "3204800010150012", "POBTOT": 34.0, "score_nse": 57.624, "NSE": "C", "VIVTOT": 16.0, "GRAPROES": 8.93, "_ent": "32", "_mun": "048", "_loc": "0001"}, "geometry": {"type": "Polygon", "coordinates": [[[-103.29816, 21.78361], [-103.29911, 21.78376], [-103.29894, 21.78429], [-103.29797, 21.78412], [-103.29816, 21.78361]]]}}, {"id": "2521670", "type": "Feature", "properties": {"id": "2521670", "CVEGEO": "3204800010127048", "POBTOT": 7.0, "score_nse": 0.0, "NSE": "ND", "VIVTOT": 4.0, "GRAPROES": 0.0, "_ent": "32", "_mun": "048", "_loc": "0001"}, "geometry": {"type": "Polygon", "coordinates": [[[-103.29576, 21.7815], [-103.29616, 21.78151], [-103.29619, 21.78208], [-103.29573, 21.78202], [-103.29576, 21.7815]]]}}, {"id": "2521671", "type": "Feature", "properties": {"id": "2521671", "CVEGEO": "320480001031A004", "POBTOT": 55.0, "score_nse": 72.1891, "NSE": "C+", "VIVTOT": 19.0, "GRAPROES": 12.67, "_ent": "32", "_mun": "048", "_loc": "0001"}, "geometry": {"type": "Polygon", "coordinates": [[[-103.28589, 21.77133], [-103.28669, 21.77232], [-103.28642, 21.77252], [-103.28561, 21.77153], [-103.28589, 21.77133]]]}}, {"id": "2521672", "type": "Feature", "properties": {"id": "2521672", "CVEGEO": "3204800010269026", "POBTOT": 35.0, "score_nse": 66.1385, "NSE": "C", "VIVTOT": 13.0, "GRAPROES": 10.0, "_ent": "32", "_mun": "048", "_loc": "0001"}, "geometry": {"type": "Polygon", "coordinates": [[[-103.30655, 21.78311], [-103.3072, 21.78328], [-103.30755, 21.78338], [-103.30693, 21.78356], [-103.3065, 21.78345], [-103.30655, 21.78311]]]}}, {"id": "2521673", "type": "Feature", "properties": {"id": "2521673", "CVEGEO": "3204800010199010", "POBTOT": 14.0, "score_nse": 0.0, "NSE": "ND", "VIVTOT": 3.0, "GRAPROES": 9.13, "_ent": "32", "_mun": "048", "_loc": "0001"}, "geometry": {"type": "Polygon", "coordinates": [[[-103.2993, 21.78935], [-103.29929, 21.78854], [-103.29946, 21.78828], [-103.29987, 21.78811], [-103.29988, 21.78829], [-103.29968, 21.78838], [-103.29961, 21.78901], [-103.2993, 21.78935]]]}}, {"id": "2521674", "type": "Feature", "properties": {"id": "2521674", "CVEGEO": "3204800110095018", "POBTOT": 0.0, "score_nse": 0.0, "NSE": null, "VIVTOT": 0.0, "GRAPROES": 0.0, "_ent": "32", "_mun": "048", "_loc": "0011"}, "geometry": {"type": "Polygon", "coordinates": [[[-103.31326, 21.71523], [-103.31337, 21.71486], [-103.31423, 21.71508], [-103.31475, 21.71337], [-103.31522, 21.71346], [-103.31453, 21.71538], [-103.31326, 21.71523]]]}}, {"id": "2521675", "type": "Feature", "properties": {"id": "2521675", "CVEGEO": "3204800110095012", "POBTOT": 0.0, "score_nse": 0.0, "NSE": null, "VIVTOT": 0.0, "GRAPROES": 0.0, "_ent": "32", "_mun": "048", "_loc": "0011"}, "geometry": {"type": "Polygon", "coordinates": [[[-103.31326, 21.71782], [-103.31317, 21.7185], [-103.31252, 21.71851], [-103.31263, 21.71713], [-103.31194, 21.71707], [-103.31202, 21.71605], [-103.31259, 21.71611], [-103.31326, 21.71782]]]}}, {"id": "2521676", "type": "Feature", "properties": {"id": "2521676", "CVEGEO": "3204800010131051", "POBTOT": 5.0, "score_nse": 0.0, "NSE": "ND", "VIVTOT": 3.0, "GRAPROES": 0.0, "_ent": "32", "_mun": "048", "_loc": "0001"}, "geometry": {"type": "Polygon", "coordinates": [[[-103.30501, 21.77544], [-103.30502, 21.77622], [-103.30473, 21.77615], [-103.30471, 21.77545], [-103.30501, 21.77544]]]}}, {"id": "2521677", "type": "Feature", "properties": {"id": "2521677", "CVEGEO": "3204800010146008", "POBTOT": 12.0, "score_nse": 0.0, "NSE": "ND", "VIVTOT": 7.0, "GRAPROES": 11.5, "_ent": "32", "_mun": "048", "_loc": "0001"}, "geometry": {"type": "Polygon", "coordinates": [[[-103.30972, 21.77388], [-103.3103, 21.77403], [-103.31022, 21.77431], [-103.30965, 21.77415], [-103.30972, 21.77388]]]}}, {"id": "2521678", "type": "Feature", "properties": {"id": "2521678", "CVEGEO": "3204800010362013", "POBTOT": 35.0, "score_nse": 0.0, "NSE": "ND", "VIVTOT": 20.0, "GRAPROES": 8.41, "_ent": "32", "_mun": "048", "_loc": "0001"}, "geometry": {"type": "Polygon", "coordinates": [[[-103.30008, 21.78473], [-103.30116, 21.78494], [-103.30106, 21.78539], [-103.29997, 21.78507], [-103.30008, 21.78473]]]}}, {"id": "2521679", "type": "Feature", "properties": {"id": "2521679", "CVEGEO": "3204800520076006", "POBTOT": 0.0, "score_nse": 0.0, "NSE": null, "VIVTOT": 0.0, "GRAPROES": 0.0, "_ent": "32", "_mun": "048", "_loc": "0052"}, "geometry": {"type": "Polygon", "coordinates": [[[-103.29253, 21.80589], [-103.29263, 21.80576], [-103.29297, 21.80587], [-103.29282, 21.80609], [-103.29253, 21.80589]]]}}, {"id": "2521680", "type": "Feature", "properties": {"id": "2521680", "CVEGEO": "3204800010358009", "POBTOT": 23.0, "score_nse": 95.748, "NSE": "A/B", "VIVTOT": 8.0, "GRAPROES": 13.45, "_ent": "32", "_mun": "048", "_loc": "0001"}, "geometry": {"type": "Polygon", "coordinates": [[[-103.29772, 21.79033], [-103.29814, 21.79049], [-103.2978, 21.79129], [-103.29738, 21.79114], [-103.29772, 21.79033]]]}}, {"id": "2521681", "type": "Feature", "properties": {"id": "2521681", "CVEGEO": "3204800010305044", "POBTOT": 0.0, "score_nse": 0.0, "NSE": "ND", "VIVTOT": 0.0, "GRAPROES": 0.0, "_ent": "32", "_mun": "048", "_loc": "0001"}, "geometry": {"type": "Polygon", "coordinates": [[[-103.29065, 21.76719], [-103.29157, 21.76751], [-103.29155, 21.76781], [-103.29059, 21.76748], [-103.29065, 21.76719]]]}}, {"id": "2521682", "type": "Feature", "properties": {"id": "2521682", "CVEGEO": "3204800010269029", "POBTOT": 56.0, "score_nse": 71.6329, "NSE": "C+", "VIVTOT": 17.0, "GRAPROES": 11.34, "_ent": "32", "_mun": "048", "_loc": "0001"}, "geometry": {"type": "Polygon", "coordinates": [[[-103.30755, 21.78109], [-103.30723, 21.78179], [-103.30691, 21.78171], [-103.30721, 21.78068], [-103.30809, 21.78075], [-103.30797, 21.78103], [-103.30808, 21.78105], [-103.30816, 21.78076], [-103.30839, 21.78079], [-103.30809, 21.78197], [-103.3073, 21.7818], [-103.30755, 21.78109]]]}}, {"id": "2521683", "type": "Feature", "properties": {"id": "2521683", "CVEGEO": "3204800110095004", "POBTOT": 0.0, "score_nse": 0.0, "NSE": null, "VIVTOT": 0.0, "GRAPROES": 0.0, "_ent": "32", "_mun": "048", "_loc": "0011"}, "geometry": {"type": "Polygon", "coordinates": [[[-103.31318, 21.71588], [-103.31324, 21.71529], [-103.31447, 21.71542], [-103.31434, 21.71605], [-103.31318, 21.71588]]]}}, {"id": "2521684", "type": "Feature", "properties": {"id": "2521684", "CVEGEO": "3204800010358017", "POBTOT": 18.0, "score_nse": 81.67, "NSE": "C+", "VIVTOT": 4.0, "GRAPROES": 11.36, "_ent": "32", "_mun": "048", "_loc": "0001"}, "geometry": {"type": "Polygon", "coordinates": [[[-103.2955, 21.78458], [-103.29561, 21.7846], [-103.29546, 21.78526], [-103.29541, 21.78523], [-103.2955, 21.78458]]]}}, {"id": "2521685", "type": "Feature", "properties": {"id": "2521685", "CVEGEO": "3204800010146032", "POBTOT": 21.0, "score_nse": 78.28, "NSE": "C+", "VIVTOT": 4.0, "GRAPROES": 8.69, "_ent": "32", "_mun": "048", "_loc": "0001"}, "geometry": {"type": "Polygon", "coordinates": [[[-103.306, 21.77378], [-103.30623, 21.77381], [-103.30611, 21.7743], [-103.30586, 21.77425], [-103.306, 21.77378]]]}}, {"id": "2521686", "type": "Feature", "properties": {"id": "2521686", "CVEGEO": "3204800010131037", "POBTOT": 22.0, "score_nse": 0.0, "NSE": "ND", "VIVTOT": 8.0, "GRAPROES": 9.67, "_ent": "32", "_mun": "048", "_loc": "0001"}, "geometry": {"type": "Polygon", "coordinates": [[[-103.29636, 21.77866], [-103.2967, 21.77884], [-103.29668, 21.77945], [-103.29632, 21.77939], [-103.29636, 21.77866]]]}}, {"id": "2521687", "type": "Feature", "properties": {"id": "2521687", "CVEGEO": "3204800010305045", "POBTOT": 0.0, "score_nse": 0.0, "NSE": "ND", "VIVTOT": 0.0, "GRAPROES": 0.0, "_ent": "32", "_mun": "048", "_loc": "0001"}, "geometry": {"type": "Polygon", "coordinates": [[[-103.29077, 21.76673], [-103.29189, 21.76721], [-103.29186, 21.76786], [-103.29164, 21.76784], [-103.29165, 21.76744], [-103.29066, 21.7671], [-103.29077, 21.76673]]]}}, {"id": "2521688", "type": "Feature", "properties": {"id": "2521688", "CVEGEO": "3204800510080007", "POBTOT": 0.0, "score_nse": 0.0, "NSE": null, "VIVTOT": 0.0, "GRAPROES": 0.0, "_ent": "32", "_mun": "048", "_loc": "0051"}, "geometry": {"type": "Polygon", "coordinates": [[[-103.11023, 21.81232], [-103.10998, 21.8122], [-103.10978, 21.8117], [-103.1099, 21.81159], [-103.11043, 21.81197], [-103.11023, 21.81232]]]}}, {"id": "2521689", "type": "Feature", "properties": {"id": "2521689", "CVEGEO": "3204800010269005", "POBTOT": 128.0, "score_nse": 46.0765, "NSE": "C-", "VIVTOT": 52.0, "GRAPROES": 7.51, "_ent": "32", "_mun": "048", "_loc": "0001"}, "geometry": {"type": "Polygon", "coordinates": [[[-103.31058, 21.78331], [-103.31037, 21.78407], [-103.31012, 21.78403], [-103.31031, 21.78334], [-103.31006, 21.78402], [-103.30987, 21.78399], [-103.31028, 21.78259], [-103.31137, 21.78288], [-103.31092, 21.78419], [-103.31047, 21.78409], [-103.31058, 21.78331]]]}}, {"id": "2521690", "type": "Feature", "properties": {"id": "2521690", "CVEGEO": "3204800010343002", "POBTOT": 0.0, "score_nse": 10.0, "NSE": "E", "VIVTOT": 5.0, "GRAPROES": 0.0, "_ent": "32", "_mun": "048", "_loc": "0001"}, "geometry": {"type": "Polygon", "coordinates": [[[-103.28534, 21.76767], [-103.2857, 21.76781], [-103.28502, 21.76919], [-103.28456, 21.76922], [-103.28534, 21.76767]]]}}, {"id": "2521691", "type": "Feature", "properties": {"id": "2521691", "CVEGEO": "3204800520076011", "POBTOT": 0.0, "score_nse": 0.0, "NSE": null, "VIVTOT": 0.0, "GRAPROES": 0.0, "_ent": "32", "_mun": "048", "_loc": "0052"}, "geometry": {"type": "Polygon", "coordinates": [[[-103.29523, 21.80434], [-103.29491, 21.8042], [-103.29501, 21.80402], [-103.29533, 21.80416], [-103.29523, 21.80434]]]}}, {"id": "2521692", "type": "Feature", "properties": {"id": "2521692", "CVEGEO": "3204800010131052", "POBTOT": 4.0, "score_nse": 0.0, "NSE": "ND", "VIVTOT": 3.0, "GRAPROES": 0.0, "_ent": "32", "_mun": "048", "_loc": "0001"}, "geometry": {"type": "Polygon", "coordinates": [[[-103.30453, 21.77482], [-103.30485, 21.77511], [-103.30512, 21.77535], [-103.30429, 21.77537], [-103.30453, 21.77482]]]}}, {"id": "2521693", "type": "Feature", "properties": {"id": "2521693", "CVEGEO": "3204800010127003", "POBTOT": 11.0, "score_nse": 0.0, "NSE": "ND", "VIVTOT": 13.0, "GRAPROES": 6.38, "_ent": "32", "_mun": "048", "_loc": "0001"}, "geometry": {"type": "Polygon", "coordinates": [[[-103.30379, 21.78122], [-103.30373, 21.78154], [-103.30277, 21.78134], [-103.30281, 21.78103], [-103.30379, 21.78122]]]}}, {"id": "2521694", "type": "Feature", "properties": {"id": "2521694", "CVEGEO": "3204800010288002", "POBTOT": 57.0, "score_nse": 70.2045, "NSE": "C+", "VIVTOT": 16.0, "GRAPROES": 10.26, "_ent": "32", "_mun": "048", "_loc": "0001"}, "geometry": {"type": "Polygon", "coordinates": [[[-103.3102, 21.77477], [-103.31044, 21.77434], [-103.31158, 21.77446], [-103.31143, 21.77471], [-103.31082, 21.77464], [-103.31138, 21.7748], [-103.3112, 21.77513], [-103.3102, 21.77477]]]}}, {"id": "2521695", "type": "Feature", "properties": {"id": "2521695", "CVEGEO": "3204800390019031", "POBTOT": 0.0, "score_nse": 0.0, "NSE": null, "VIVTOT": 0.0, "GRAPROES": 0.0, "_ent": "32", "_mun": "048", "_loc": "0039"}, "geometry": {"type": "Polygon", "coordinates": [[[-103.29967, 21.86077], [-103.29998, 21.86062], [-103.30038, 21.86096], [-103.29998, 21.8611], [-103.29967, 21.86077]]]}}, {"id": "2521696", "type": "Feature", "properties": {"id": "2521696", "CVEGEO": "3204800010292010", "POBTOT": 60.0, "score_nse": 68.138, "NSE": "C", "VIVTOT": 20.0, "GRAPROES": 10.65, "_ent": "32", "_mun": "048", "_loc": "0001"}, "geometry": {"type": "Polygon", "coordinates": [[[-103.30586, 21.76966], [-103.30389, 21.76915], [-103.30388, 21.76914], [-103.30421, 21.76908], [-103.30581, 21.76943], [-103.30586, 21.76966]]]}}, {"id": "2521697", "type": "Feature", "properties": {"id": "2521697", "CVEGEO": "3204800010127034", "POBTOT": 39.0, "score_nse": 61.5579, "NSE": "C", "VIVTOT": 23.0, "GRAPROES": 11.15, "_ent": "32", "_mun": "048", "_loc": "0001"}, "geometry": {"type": "Polygon", "coordinates": [[[-103.3041, 21.78277], [-103.30457, 21.78291], [-103.30446, 21.78332], [-103.30399, 21.78324], [-103.3041, 21.78277]]]}}, {"id": "2521698", "type": "Feature", "properties": {"id": "2521698", "CVEGEO": "320480001031A007", "POBTOT": 30.0, "score_nse": 68.2167, "NSE": "C", "VIVTOT": 12.0, "GRAPROES": 12.0, "_ent": "32", "_mun": "048", "_loc": "0001"}, "geometry": {"type": "Polygon", "coordinates": [[[-103.28695, 21.77403], [-103.28782, 21.77509], [-103.28737, 21.7751], [-103.28665, 21.77423], [-103.28695, 21.77403]]]}}, {"id": "2521699", "type": "Feature", "properties": {"id": "2521699", "CVEGEO": "3204800550076004", "POBTOT": 0.0, "score_nse": 0.0, "NSE": null, "VIVTOT": 0.0, "GRAPROES": 0.0, "_ent": "32", "_mun": "048", "_loc": "0055"}, "geometry": {"type": "Polygon", "coordinates": [[[-103.27269, 21.7618], [-103.27297, 21.76122], [-103.27347, 21.76147], [-103.2734, 21.76164], [-103.27318, 21.76158], [-103.273, 21.76192], [-103.27269, 21.7618]]]}}, {"id": "2521700", "type": "Feature", "properties": {"id": "2521700", "CVEGEO": "3204800010127013", "POBTOT": 88.0, "score_nse": 56.132, "NSE": "C", "VIVTOT": 28.0, "GRAPROES": 9.52, "_ent": "32", "_mun": "048", "_loc": "0001"}, "geometry": {"type": "Polygon", "coordinates": [[[-103.3024, 21.77997], [-103.30283, 21.78015], [-103.30274, 21.78092], [-103.30218, 21.78081], [-103.3024, 21.77997]]]}}, {"id": "2521701", "type": "Feature", "properties": {"id": "2521701", "CVEGEO": "3204800390019032", "POBTOT": 0.0, "score_nse": 0.0, "NSE": null, "VIVTOT": 0.0, "GRAPROES": 0.0, "_ent": "32", "_mun": "048", "_loc": "0039"}, "geometry": {"type": "Polygon", "coordinates": [[[-103.30047, 21.8609], [-103.30122, 21.86038], [-103.30111, 21.85994], [-103.30272, 21.86007], [-103.30286, 21.85951], [-103.3034, 21.85981], [-103.30333, 21.86038], [-103.30264, 21.86032], [-103.30187, 21.86053], [-103.30177, 21.86117], [-103.30121, 21.86149], [-103.30047, 21.8609]]]}}, {"id": "2521702", "type": "Feature", "properties": {"id": "2521702", "CVEGEO": "3204800010305010", "POBTOT": 18.0, "score_nse": 0.0, "NSE": "ND", "VIVTOT": 9.0, "GRAPROES": 10.5, "_ent": "32", "_mun": "048", "_loc": "0001"}, "geometry": {"type": "Polygon", "coordinates": [[[-103.29229, 21.76825], [-103.29279, 21.7683], [-103.29266, 21.76916], [-103.29226, 21.76911], [-103.29229, 21.76825]]]}}, {"id": "2521703", "type": "Feature", "properties": {"id": "2521703", "CVEGEO": "3204800260038012", "POBTOT": 0.0, "score_nse": 0.0, "NSE": null, "VIVTOT": 0.0, "GRAPROES": 0.0, "_ent": "32", "_mun": "048", "_loc": "0026"}, "geometry": {"type": "Polygon", "coordinates": [[[-103.13705, 21.8308], [-103.13634, 21.82974], [-103.13667, 21.82939], [-103.13733, 21.82927], [-103.13741, 21.83036], [-103.13705, 21.8308]]]}}, {"id": "2521704", "type": "Feature", "properties": {"id": "2521704", "CVEGEO": "3204800010288021", "POBTOT": 32.0, "score_nse": 47.4164, "NSE": "C-", "VIVTOT": 11.0, "GRAPROES": 8.53, "_ent": "32", "_mun": "048", "_loc": "0001"}, "geometry": {"type": "Polygon", "coordinates": [[[-103.31186, 21.77456], [-103.31235, 21.77486], [-103.31216, 21.77521], [-103.31162, 21.77496], [-103.31186, 21.77456]]]}}, {"id": "2521705", "type": "Feature", "properties": {"id": "2521705", "CVEGEO": "3204800140023001", "POBTOT": 0.0, "score_nse": 0.0, "NSE": null, "VIVTOT": 0.0, "GRAPROES": 0.0, "_ent": "32", "_mun": "048", "_loc": "0014"}, "geometry": {"type": "Polygon", "coordinates": [[[-103.26716, 21.90239], [-103.26769, 21.90234], [-103.26781, 21.90339], [-103.26725, 21.90323], [-103.26716, 21.90239]]]}}, {"id": "2521706", "type": "Feature", "properties": {"id": "2521706", "CVEGEO": "320480001017A018", "POBTOT": 25.0, "score_nse": 0.0, "NSE": "ND", "VIVTOT": 6.0, "GRAPROES": 9.38, "_ent": "32", "_mun": "048", "_loc": "0001"}, "geometry": {"type": "Polygon", "coordinates": [[[-103.29843, 21.77663], [-103.29858, 21.77679], [-103.29841, 21.77751], [-103.29827, 21.77719], [-103.29843, 21.77663]]]}}, {"id": "2521707", "type": "Feature", "properties": {"id": "2521707", "CVEGEO": "3204800010305041", "POBTOT": 4.0, "score_nse": 0.0, "NSE": "ND", "VIVTOT": 4.0, "GRAPROES": 4.5, "_ent": "32", "_mun": "048", "_loc": "0001"}, "geometry": {"type": "Polygon", "coordinates": [[[-103.29098, 21.76865], [-103.29115, 21.76817], [-103.29152, 21.76829], [-103.29135, 21.76879], [-103.29098, 21.76865]]]}}, {"id": "2521708", "type": "Feature", "properties": {"id": "2521708", "CVEGEO": "3204800010165053", "POBTOT": 0.0, "score_nse": 0.0, "NSE": "ND", "VIVTOT": 0.0, "GRAPROES": 0.0, "_ent": "32", "_mun": "048", "_loc": "0001"}, "geometry": {"type": "Polygon", "coordinates": [[[-103.2923, 21.78236], [-103.29253, 21.78236], [-103.29245, 21.78283], [-103.29229, 21.78293], [-103.2923, 21.78236]]]}}, {"id": "2521709", "type": "Feature", "properties": {"id": "2521709", "CVEGEO": "3204800010199006", "POBTOT": 26.0, "score_nse": 0.0, "NSE": "ND", "VIVTOT": 8.0, "GRAPROES": 10.33, "_ent": "32", "_mun": "048", "_loc": "0001"}, "geometry": {"type": "Polygon", "coordinates": [[[-103.30074, 21.78774], [-103.30082, 21.78791], [-103.30003, 21.78823], [-103.29996, 21.78807], [-103.30074, 21.78774]]]}}, {"id": "2521710", "type": "Feature", "properties": {"id": "2521710", "CVEGEO": "3204800010362010", "POBTOT": 42.0, "score_nse": 50.8491, "NSE": "C-", "VIVTOT": 19.0, "GRAPROES": 9.86, "_ent": "32", "_mun": "048", "_loc": "0001"}, "geometry": {"type": "Polygon", "coordinates": [[[-103.29793, 21.78423], [-103.2989, 21.7844], [-103.29878, 21.78481], [-103.29765, 21.78505], [-103.29793, 21.78423]]]}}, {"id": "2521711", "type": "Feature", "properties": {"id": "2521711", "CVEGEO": "3204800010358005", "POBTOT": 13.0, "score_nse": 62.8777, "NSE": "C", "VIVTOT": 7.0, "GRAPROES": 8.73, "_ent": "32", "_mun": "048", "_loc": "0001"}, "geometry": {"type": "Polygon", "coordinates": [[[-103.29724, 21.78739], [-103.29784, 21.78762], [-103.2977, 21.7879], [-103.2971, 21.78772], [-103.29724, 21.78739]]]}}, {"id": "2521712", "type": "Feature", "properties": {"id": "2521712", "CVEGEO": "3204800010127028", "POBTOT": 13.0, "score_nse": 0.0, "NSE": "ND", "VIVTOT": 13.0, "GRAPROES": 9.55, "_ent": "32", "_mun": "048", "_loc": "0001"}, "geometry": {"type": "Polygon", "coordinates": [[[-103.30529, 21.78042], [-103.30451, 21.78034], [-103.30455, 21.78004], [-103.30535, 21.7803], [-103.30529, 21.78042]]]}}, {"id": "2521713", "type": "Feature", "properties": {"id": "2521713", "CVEGEO": "3204800010362002", "POBTOT": 43.0, "score_nse": 59.2755, "NSE": "C", "VIVTOT": 23.0, "GRAPROES": 11.23, "_ent": "32", "_mun": "048", "_loc": "0001"}, "geometry": {"type": "Polygon", "coordinates": [[[-103.29857, 21.78642], [-103.29844, 21.78623], [-103.29863, 21.78568], [-103.29956, 21.78595], [-103.29933, 21.78665], [-103.29857, 21.78642]]]}}, {"id": "2521714", "type": "Feature", "properties": {"id": "2521714", "CVEGEO": "3204800190019004", "POBTOT": 0.0, "score_nse": 0.0, "NSE": null, "VIVTOT": 0.0, "GRAPROES": 0.0, "_ent": "32", "_mun": "048", "_loc": "0019"}, "geometry": {"type": "Polygon", "coordinates": [[[-103.28115, 21.84255], [-103.2821, 21.84232], [-103.2821, 21.84253], [-103.28215, 21.8423], [-103.2828, 21.84218], [-103.28288, 21.84249], [-103.28286, 21.84219], [-103.28352, 21.84202], [-103.28352, 21.84267], [-103.28146, 21.84305], [-103.28133, 21.84337], [-103.28107, 21.84336], [-103.28115, 21.84255]]]}}, {"id": "2521715", "type": "Feature", "properties": {"id": "2521715", "CVEGEO": "3204800010305024", "POBTOT": 63.0, "score_nse": 66.5781, "NSE": "C", "VIVTOT": 19.0, "GRAPROES": 9.11, "_ent": "32", "_mun": "048", "_loc": "0001"}, "geometry": {"type": "Polygon", "coordinates": [[[-103.29174, 21.77332], [-103.292, 21.77346], [-103.29192, 21.7739], [-103.29163, 21.77385], [-103.29174, 21.77332]]]}}, {"id": "2521716", "type": "Feature", "properties": {"id": "2521716", "CVEGEO": "3204800010165057", "POBTOT": 0.0, "score_nse": 10.0, "NSE": "E", "VIVTOT": 1.0, "GRAPROES": 0.0, "_ent": "32", "_mun": "048", "_loc": "0001"}, "geometry": {"type": "Polygon", "coordinates": [[[-103.28837, 21.78273], [-103.28836, 21.78301], [-103.28802, 21.78307], [-103.28798, 21.7828], [-103.28837, 21.78273]]]}}, {"id": "2521717", "type": "Feature", "properties": {"id": "2521717", "CVEGEO": "3204800110095009", "POBTOT": 0.0, "score_nse": 0.0, "NSE": null, "VIVTOT": 0.0, "GRAPROES": 0.0, "_ent": "32", "_mun": "048", "_loc": "0011"}, "geometry": {"type": "Polygon", "coordinates": [[[-103.31068, 21.71151], [-103.31063, 21.70963], [-103.31124, 21.70985], [-103.31069, 21.71397], [-103.30978, 21.71397], [-103.31068, 21.71151]]]}}, {"id": "2521718", "type": "Feature", "properties": {"id": "2521718", "CVEGEO": "3204800400095004", "POBTOT": 0.0, "score_nse": 0.0, "NSE": null, "VIVTOT": 0.0, "GRAPROES": 0.0, "_ent": "32", "_mun": "048", "_loc": "0040"}, "geometry": {"type": "Polygon", "coordinates": [[[-103.27569, 21.73283], [-103.27551, 21.73276], [-103.2756, 21.73247], [-103.27505, 21.73228], [-103.27517, 21.73209], [-103.27548, 21.73195], [-103.27607, 21.73233], [-103.27569, 21.73283]]]}}, {"id": "2521719", "type": "Feature", "properties": {"id": "2521719", "CVEGEO": "3204800010131044", "POBTOT": 32.0, "score_nse": 52.1, "NSE": "C-", "VIVTOT": 11.0, "GRAPROES": 7.19, "_ent": "32", "_mun": "048", "_loc": "0001"}, "geometry": {"type": "Polygon", "coordinates": [[[-103.29631, 21.77948], [-103.29668, 21.77955], [-103.29664, 21.78031], [-103.29628, 21.78022], [-103.29631, 21.77948]]]}}, {"id": "2521720", "type": "Feature", "properties": {"id": "2521720", "CVEGEO": "3204800010305039", "POBTOT": 103.0, "score_nse": 63.4484, "NSE": "C", "VIVTOT": 29.0, "GRAPROES": 9.9, "_ent": "32", "_mun": "048", "_loc": "0001"}, "geometry": {"type": "Polygon", "coordinates": [[[-103.28901, 21.77335], [-103.28969, 21.77376], [-103.28952, 21.77401], [-103.2889, 21.77363], [-103.28901, 21.77335]]]}}, {"id": "2521721", "type": "Feature", "properties": {"id": "2521721", "CVEGEO": "3204800390019001", "POBTOT": 0.0, "score_nse": 0.0, "NSE": null, "VIVTOT": 0.0, "GRAPROES": 0.0, "_ent": "32", "_mun": "048", "_loc": "0039"}, "geometry": {"type": "Polygon", "coordinates": [[[-103.30534, 21.86351], [-103.30641, 21.86348], [-103.30646, 21.86397], [-103.3051, 21.86399], [-103.30506, 21.86365], [-103.30534, 21.86351]]]}}, {"id": "2521722", "type": "Feature", "properties": {"id": "2521722", "CVEGEO": "3204800010146022", "POBTOT": 38.0, "score_nse": 61.4667, "NSE": "C", "VIVTOT": 12.0, "GRAPROES": 9.41, "_ent": "32", "_mun": "048", "_loc": "0001"}, "geometry": {"type": "Polygon", "coordinates": [[[-103.30632, 21.77381], [-103.30679, 21.77391], [-103.30667, 21.77442], [-103.3062, 21.77431], [-103.30632, 21.77381]]]}}, {"id": "2521723", "type": "Feature", "properties": {"id": "2521723", "CVEGEO": "3204800010269010", "POBTOT": 44.0, "score_nse": 58.3871, "NSE": "C", "VIVTOT": 23.0, "GRAPROES": 10.41, "_ent": "32", "_mun": "048", "_loc": "0001"}, "geometry": {"type": "Polygon", "coordinates": [[[-103.30889, 21.78087], [-103.30936, 21.78087], [-103.30896, 21.7824], [-103.30844, 21.78237], [-103.30889, 21.78087]]]}}, {"id": "2521724", "type": "Feature", "properties": {"id": "2521724", "CVEGEO": "3204800010381003", "POBTOT": 7.0, "score_nse": 0.0, "NSE": "ND", "VIVTOT": 1.0, "GRAPROES": 0.0, "_ent": "32", "_mun": "048", "_loc": "0001"}, "geometry": {"type": "Polygon", "coordinates": [[[-103.29471, 21.79286], [-103.29538, 21.7932], [-103.29517, 21.79349], [-103.29476, 21.79329], [-103.29471, 21.79286]]]}}, {"id": "2521725", "type": "Feature", "properties": {"id": "2521725", "CVEGEO": "3204800010127015", "POBTOT": 34.0, "score_nse": 55.6294, "NSE": "C", "VIVTOT": 23.0, "GRAPROES": 11.23, "_ent": "32", "_mun": "048", "_loc": "0001"}, "geometry": {"type": "Polygon", "coordinates": [[[-103.30412, 21.78028], [-103.3044, 21.78031], [-103.3043, 21.7812], [-103.30394, 21.78114], [-103.30412, 21.78028]]]}}, {"id": "2521726", "type": "Feature", "properties": {"id": "2521726", "CVEGEO": "3204800010199003", "POBTOT": 87.0, "score_nse": 0.0, "NSE": "ND", "VIVTOT": 29.0, "GRAPROES": 6.78, "_ent": "32", "_mun": "048", "_loc": "0001"}, "geometry": {"type": "Polygon", "coordinates": [[[-103.30238, 21.78728], [-103.30186, 21.78786], [-103.30115, 21.78837], [-103.30096, 21.78797], [-103.30238, 21.78728]]]}}, {"id": "2521727", "type": "Feature", "properties": {"id": "2521727", "CVEGEO": "3204800010165045", "POBTOT": 39.0, "score_nse": 68.4667, "NSE": "C", "VIVTOT": 12.0, "GRAPROES": 10.11, "_ent": "32", "_mun": "048", "_loc": "0001"}, "geometry": {"type": "Polygon", "coordinates": [[[-103.29291, 21.78341], [-103.29329, 21.78346], [-103.2932, 21.78416], [-103.29282, 21.7841], [-103.29291, 21.78341]]]}}, {"id": "2521728", "type": "Feature", "properties": {"id": "2521728", "CVEGEO": "3204800010358023", "POBTOT": 0.0, "score_nse": 10.0, "NSE": "E", "VIVTOT": 1.0, "GRAPROES": 0.0, "_ent": "32", "_mun": "048", "_loc": "0001"}, "geometry": {"type": "Polygon", "coordinates": [[[-103.29426, 21.78438], [-103.29463, 21.78442], [-103.2945, 21.785], [-103.29413, 21.78489], [-103.29426, 21.78438]]]}}, {"id": "2521729", "type": "Feature", "properties": {"id": "2521729", "CVEGEO": "3204800010199020", "POBTOT": 4.0, "score_nse": 0.0, "NSE": "ND", "VIVTOT": 1.0, "GRAPROES": 0.0, "_ent": "32", "_mun": "048", "_loc": "0001"}, "geometry": {"type": "Polygon", "coordinates": [[[-103.29526, 21.79353], [-103.29546, 21.79324], [-103.29602, 21.79377], [-103.29598, 21.79396], [-103.29526, 21.79353]]]}}, {"id": "2521730", "type": "Feature", "properties": {"id": "2521730", "CVEGEO": "3204800010305011", "POBTOT": 0.0, "score_nse": 0.0, "NSE": "ND", "VIVTOT": 0.0, "GRAPROES": 0.0, "_ent": "32", "_mun": "048", "_loc": "0001"}, "geometry": {"type": "Polygon", "coordinates": [[[-103.29233, 21.76772], [-103.29284, 21.76796], [-103.2928, 21.76821], [-103.2923, 21.76816], [-103.29233, 21.76772]]]}}, {"id": "2521731", "type": "Feature", "properties": {"id": "2521731", "CVEGEO": "3204800010273022", "POBTOT": 30.0, "score_nse": 57.168, "NSE": "C", "VIVTOT": 12.0, "GRAPROES": 9.5, "_ent": "32", "_mun": "048", "_loc": "0001"}, "geometry": {"type": "Polygon", "coordinates": [[[-103.30771, 21.78044], [-103.3068, 21.78036], [-103.30689, 21.78004], [-103.30777, 21.78029], [-103.30771, 21.78044]]]}}, {"id": "2521732", "type": "Feature", "properties": {"id": "2521732", "CVEGEO": "3204800110095008", "POBTOT": 0.0, "score_nse": 0.0, "NSE": null, "VIVTOT": 0.0, "GRAPROES": 0.0, "_ent": "32", "_mun": "048", "_loc": "0011"}, "geometry": {"type": "Polygon", "coordinates": [[[-103.30945, 21.71451], [-103.3096, 21.71443], [-103.31055, 21.71471], [-103.31043, 21.71587], [-103.3092, 21.71583], [-103.30949, 21.71506], [-103.30945, 21.71451]]]}}, {"id": "2521733", "type": "Feature", "properties": {"id": "2521733", "CVEGEO": "3204800200095005", "POBTOT": 0.0, "score_nse": 0.0, "NSE": null, "VIVTOT": 0.0, "GRAPROES": 0.0, "_ent": "32", "_mun": "048", "_loc": "0020"}, "geometry": {"type": "Polygon", "coordinates": [[[-103.21133, 21.72982], [-103.21193, 21.73004], [-103.21195, 21.73014], [-103.21132, 21.7301], [-103.21133, 21.72982]]]}}, {"id": "2521734", "type": "Feature", "properties": {"id": "2521734", "CVEGEO": "3204800010447004", "POBTOT": 0.0, "score_nse": 0.0, "NSE": "ND", "VIVTOT": 0.0, "GRAPROES": 0.0, "_ent": "32", "_mun": "048", "_loc": "0001"}, "geometry": {"type": "Polygon", "coordinates": [[[-103.28402, 21.77177], [-103.28432, 21.7712], [-103.28539, 21.77167], [-103.28519, 21.77232], [-103.28402, 21.77177]]]}}, {"id": "2521735", "type": "Feature", "properties": {"id": "2521735", "CVEGEO": "3204800010127009", "POBTOT": 41.0, "score_nse": 0.0, "NSE": "ND", "VIVTOT": 22.0, "GRAPROES": 10.03, "_ent": "32", "_mun": "048", "_loc": "0001"}, "geometry": {"type": "Polygon", "coordinates": [[[-103.30118, 21.78119], [-103.30193, 21.78134], [-103.30185, 21.78169], [-103.30106, 21.78154], [-103.30118, 21.78119]]]}}, {"id": "2521736", "type": "Feature", "properties": {"id": "2521736", "CVEGEO": "3204800390019021", "POBTOT": 0.0, "score_nse": 0.0, "NSE": null, "VIVTOT": 0.0, "GRAPROES": 0.0, "_ent": "32", "_mun": "048", "_loc": "0039"}, "geometry": {"type": "Polygon", "coordinates": [[[-103.30457, 21.86632], [-103.30477, 21.86532], [-103.30494, 21.86535], [-103.3052, 21.86618], [-103.30516, 21.86658], [-103.30457, 21.86632]]]}}, {"id": "2521737", "type": "Feature", "properties": {"id": "2521737", "CVEGEO": "3204800260038008", "POBTOT": 0.0, "score_nse": 0.0, "NSE": null, "VIVTOT": 0.0, "GRAPROES": 0.0, "_ent": "32", "_mun": "048", "_loc": "0026"}, "geometry": {"type": "Polygon", "coordinates": [[[-103.13611, 21.83216], [-103.13612, 21.83327], [-103.13569, 21.83315], [-103.13611, 21.83216]]]}}, {"id": "2521738", "type": "Feature", "properties": {"id": "2521738", "CVEGEO": "3204800010305009", "POBTOT": 25.0, "score_nse": 60.1847, "NSE": "C", "VIVTOT": 12.0, "GRAPROES": 10.94, "_ent": "32", "_mun": "048", "_loc": "0001"}, "geometry": {"type": "Polygon", "coordinates": [[[-103.29226, 21.76921], [-103.29265, 21.76925], [-103.29251, 21.77015], [-103.29223, 21.76996], [-103.29226, 21.76921]]]}}, {"id": "2521739", "type": "Feature", "properties": {"id": "2521739", "CVEGEO": "3204800010273029", "POBTOT": 4.0, "score_nse": 0.0, "NSE": "ND", "VIVTOT": 1.0, "GRAPROES": 0.0, "_ent": "32", "_mun": "048", "_loc": "0001"}, "geometry": {"type": "Polygon", "coordinates": [[[-103.31042, 21.77854], [-103.31074, 21.77916], [-103.31075, 21.77935], [-103.31026, 21.77926], [-103.31042, 21.77854]]]}}, {"id": "2521740", "type": "Feature", "properties": {"id": "2521740", "CVEGEO": "3204800010377001", "POBTOT": 11.0, "score_nse": 0.0, "NSE": "ND", "VIVTOT": 4.0, "GRAPROES": 9.14, "_ent": "32", "_mun": "048", "_loc": "0001"}, "geometry": {"type": "Polygon", "coordinates": [[[-103.28382, 21.76957], [-103.28576, 21.76964], [-103.28577, 21.77092], [-103.28568, 21.77094], [-103.28382, 21.76957]]]}}, {"id": "2521741", "type": "Feature", "properties": {"id": "2521741", "CVEGEO": "3204800010288006", "POBTOT": 51.0, "score_nse": 52.0175, "NSE": "C-", "VIVTOT": 16.0, "GRAPROES": 7.97, "_ent": "32", "_mun": "048", "_loc": "0001"}, "geometry": {"type": "Polygon", "coordinates": [[[-103.31281, 21.77332], [-103.31306, 21.77364], [-103.31243, 21.77464], [-103.3122, 21.77436], [-103.31281, 21.77332]]]}}, {"id": "2521742", "type": "Feature", "properties": {"id": "2521742", "CVEGEO": "3204800010409001", "POBTOT": 8.0, "score_nse": 0.0, "NSE": "ND", "VIVTOT": 3.0, "GRAPROES": 0.0, "_ent": "32", "_mun": "048", "_loc": "0001"}, "geometry": {"type": "Polygon", "coordinates": [[[-103.28633, 21.78494], [-103.28589, 21.78411], [-103.28677, 21.78397], [-103.28696, 21.78478], [-103.28633, 21.78494]]]}}, {"id": "2521743", "type": "Feature", "properties": {"id": "2521743", "CVEGEO": "3204800040108008", "POBTOT": 0.0, "score_nse": 0.0, "NSE": null, "VIVTOT": 0.0, "GRAPROES": 0.0, "_ent": "32", "_mun": "048", "_loc": "0004"}, "geometry": {"type": "Polygon", "coordinates": [[[-103.14104, 21.66678], [-103.14151, 21.66641], [-103.14183, 21.66675], [-103.14158, 21.66691], [-103.14104, 21.66678]]]}}, {"id": "2521744", "type": "Feature", "properties": {"id": "2521744", "CVEGEO": "3204800510080004", "POBTOT": 0.0, "score_nse": 0.0, "NSE": null, "VIVTOT": 0.0, "GRAPROES": 0.0, "_ent": "32", "_mun": "048", "_loc": "0051"}, "geometry": {"type": "Polygon", "coordinates": [[[-103.10919, 21.81112], [-103.10909, 21.81094], [-103.1092, 21.81096], [-103.10919, 21.81112]]]}}, {"id": "2521745", "type": "Feature", "properties": {"id": "2521745", "CVEGEO": "3204800110095022", "POBTOT": 0.0, "score_nse": 0.0, "NSE": null, "VIVTOT": 0.0, "GRAPROES": 0.0, "_ent": "32", "_mun": "048", "_loc": "0011"}, "geometry": {"type": "Polygon", "coordinates": [[[-103.30965, 21.71435], [-103.30973, 21.71406], [-103.31069, 21.71406], [-103.3106, 21.71457], [-103.30965, 21.71435]]]}}, {"id": "2521746", "type": "Feature", "properties": {"id": "2521746", "CVEGEO": "3204800010131014", "POBTOT": 52.0, "score_nse": 52.8018, "NSE": "C-", "VIVTOT": 18.0, "GRAPROES": 7.84, "_ent": "32", "_mun": "048", "_loc": "0001"}, "geometry": {"type": "Polygon", "coordinates": [[[-103.30341, 21.77798], [-103.30441, 21.77811], [-103.30433, 21.77855], [-103.30333, 21.77838], [-103.30341, 21.77798]]]}}, {"id": "2521747", "type": "Feature", "properties": {"id": "2521747", "CVEGEO": "3204800010362016", "POBTOT": 18.0, "score_nse": 0.0, "NSE": "ND", "VIVTOT": 14.0, "GRAPROES": 10.33, "_ent": "32", "_mun": "048", "_loc": "0001"}, "geometry": {"type": "Polygon", "coordinates": [[[-103.29997, 21.7877], [-103.29985, 21.78761], [-103.30056, 21.78659], [-103.30074, 21.78657], [-103.30071, 21.78744], [-103.29997, 21.7877]]]}}, {"id": "2521748", "type": "Feature", "properties": {"id": "2521748", "CVEGEO": "3204800010362009", "POBTOT": 68.0, "score_nse": 0.0, "NSE": "ND", "VIVTOT": 27.0, "GRAPROES": 8.94, "_ent": "32", "_mun": "048", "_loc": "0001"}, "geometry": {"type": "Polygon", "coordinates": [[[-103.29873, 21.785], [-103.29855, 21.78554], [-103.29757, 21.78526], [-103.29758, 21.78521], [-103.29873, 21.785]]]}}, {"id": "2521749", "type": "Feature", "properties": {"id": "2521749", "CVEGEO": "3204800010150026", "POBTOT": 54.0, "score_nse": 56.63, "NSE": "C", "VIVTOT": 20.0, "GRAPROES": 9.26, "_ent": "32", "_mun": "048", "_loc": "0001"}, "geometry": {"type": "Polygon", "coordinates": [[[-103.2963, 21.78221], [-103.29728, 21.78236], [-103.29716, 21.78278], [-103.2962, 21.78264], [-103.2963, 21.78221]]]}}, {"id": "2521750", "type": "Feature", "properties": {"id": "2521750", "CVEGEO": "3204800010432002", "POBTOT": 0.0, "score_nse": 0.0, "NSE": "ND", "VIVTOT": 0.0, "GRAPROES": 0.0, "_ent": "32", "_mun": "048", "_loc": "0001"}, "geometry": {"type": "Polygon", "coordinates": [[[-103.29081, 21.76402], [-103.29201, 21.76403], [-103.292, 21.76422], [-103.2908, 21.76421], [-103.29081, 21.76402]]]}}, {"id": "2521751", "type": "Feature", "properties": {"id": "2521751", "CVEGEO": "3204800010288008", "POBTOT": 23.0, "score_nse": 0.0, "NSE": "ND", "VIVTOT": 10.0, "GRAPROES": 6.53, "_ent": "32", "_mun": "048", "_loc": "0001"}, "geometry": {"type": "Polygon", "coordinates": [[[-103.31312, 21.7737], [-103.31336, 21.77397], [-103.31274, 21.77495], [-103.31249, 21.7747], [-103.31312, 21.7737]]]}}, {"id": "2521752", "type": "Feature", "properties": {"id": "2521752", "CVEGEO": "3204800010165011", "POBTOT": 31.0, "score_nse": 66.3284, "NSE": "C", "VIVTOT": 9.0, "GRAPROES": 8.63, "_ent": "32", "_mun": "048", "_loc": "0001"}, "geometry": {"type": "Polygon", "coordinates": [[[-103.29247, 21.78347], [-103.29282, 21.7834], [-103.29272, 21.78408], [-103.29237, 21.78403], [-103.29247, 21.78347]]]}}, {"id": "2521753", "type": "Feature", "properties": {"id": "2521753", "CVEGEO": "3204800010381001", "POBTOT": 0.0, "score_nse": 0.0, "NSE": "ND", "VIVTOT": 0.0, "GRAPROES": 0.0, "_ent": "32", "_mun": "048", "_loc": "0001"}, "geometry": {"type": "Polygon", "coordinates": [[[-103.29468, 21.79242], [-103.29548, 21.79303], [-103.29543, 21.79312], [-103.29468, 21.79277], [-103.29468, 21.79242]]]}}, {"id": "2521754", "type": "Feature", "properties": {"id": "2521754", "CVEGEO": "3204800010273021", "POBTOT": 15.0, "score_nse": 0.0, "NSE": "ND", "VIVTOT": 3.0, "GRAPROES": 9.18, "_ent": "32", "_mun": "048", "_loc": "0001"}, "geometry": {"type": "Polygon", "coordinates": [[[-103.30784, 21.78044], [-103.30848, 21.78048], [-103.30847, 21.78055], [-103.30784, 21.78044]]]}}, {"id": "2521755", "type": "Feature", "properties": {"id": "2521755", "CVEGEO": "3204800010273038", "POBTOT": 47.0, "score_nse": 49.289, "NSE": "C-", "VIVTOT": 31.0, "GRAPROES": 9.05, "_ent": "32", "_mun": "048", "_loc": "0001"}, "geometry": {"type": "Polygon", "coordinates": [[[-103.30489, 21.7823], [-103.30569, 21.78245], [-103.30563, 21.78272], [-103.30482, 21.78254], [-103.30489, 21.7823]]]}}, {"id": "2521756", "type": "Feature", "properties": {"id": "2521756", "CVEGEO": "3204800510080005", "POBTOT": 0.0, "score_nse": 0.0, "NSE": null, "VIVTOT": 0.0, "GRAPROES": 0.0, "_ent": "32", "_mun": "048", "_loc": "0051"}, "geometry": {"type": "Polygon", "coordinates": [[[-103.10989, 21.81098], [-103.10976, 21.8113], [-103.10929, 21.81112], [-103.10932, 21.81076], [-103.10989, 21.81098]]]}}, {"id": "2521757", "type": "Feature", "properties": {"id": "2521757", "CVEGEO": "3204800010150013", "POBTOT": 0.0, "score_nse": 0.0, "NSE": "ND", "VIVTOT": 0.0, "GRAPROES": 0.0, "_ent": "32", "_mun": "048", "_loc": "0001"}, "geometry": {"type": "Polygon", "coordinates": [[[-103.29833, 21.78306], [-103.29929, 21.7832], [-103.29915, 21.78364], [-103.29818, 21.78349], [-103.29833, 21.78306]]]}}, {"id": "2521758", "type": "Feature", "properties": {"id": "2521758", "CVEGEO": "3204800010131003", "POBTOT": 487.0, "score_nse": 60.7251, "NSE": "C", "VIVTOT": 183.0, "GRAPROES": 10.22, "_ent": "32", "_mun": "048", "_loc": "0001"}, "geometry": {"type": "Polygon", "coordinates": [[[-103.30411, 21.77794], [-103.3024, 21.77766], [-103.3023, 21.77738], [-103.30316, 21.77752], [-103.30318, 21.77741], [-103.30231, 21.77727], [-103.30237, 21.77686], [-103.30296, 21.77701], [-103.30306, 21.77716], [-103.30309, 21.77693], [-103.30238, 21.77677], [-103.30241, 21.77656], [-103.30223, 21.77695], [-103.30181, 21.7769], [-103.30221, 21.77703], [-103.30219, 21.7773], [-103.30128, 21.77729], [-103.30145, 21.7766], [-103.30167, 21.77663], [-103.30163, 21.7768], [-103.30174, 21.77664], [-103.30206, 21.77669], [-103.30231, 21.77624], [-103.30218, 21.77622], [-103.30227, 21.77579], [-103.30167, 21.77557], [-103.30156, 21.77556], [-103.30144, 21.77613], [-103.30115, 21.7761], [-103.30125, 21.77537], [-103.3011, 21.77532], [-103.30104, 21.77609], [-103.30034, 21.776], [-103.30033, 21.7761], [-103.30103, 21.77619], [-103.30095, 21.77674], [-103.30108, 21.77673], [-103.30113, 21.7762], [-103.30142, 21.77624], [-103.3012, 21.77728], [-103.30021, 21.77712], [-103.3003, 21.77676], [-103.30007, 21.77672], [-103.29986, 21.77769], [-103.29848, 21.77649], [-103.29798, 21.77561], [-103.29849, 21.77554], [-103.30004, 21.77355], [-103.30011, 21.77315], [-103.30049, 21.77329], [-103.30083, 21.77087], [-103.30266, 21.77115], [-103.30313, 21.77149], [-103.30352, 21.7725], [-103.30367, 21.77259], [-103.30481, 21.77253], [-103.30582, 21.77297], [-103.30764, 21.77348], [-103.30747, 21.77408], [-103.3072, 21.77404], [-103.30746, 21.77412], [-103.30737, 21.77457], [-103.30678, 21.77444], [-103.307, 21.77386], [-103.30587, 21.77368], [-103.30541, 21.77534], [-103.3044, 21.77459], [-103.30327, 21.77428], [-103.30322, 21.77438], [-103.30409, 21.77463], [-103.30373, 21.77547], [-103.30375, 21.77602], [-103.30513, 21.77634], [-103.30518, 21.77544], [-103.3058, 21.77558], [-103.30574, 21.77632], [-103.30591, 21.7756], [-103.30637, 21.77569], [-103.3061, 21.77694], [-103.30448, 21.77656], [-103.30446, 21.77667], [-103.30608, 21.77704], [-103.306, 21.77738], [-103.3044, 21.77702], [-103.30411, 21.77794]]]}}, {"id": "2521759", "type": "Feature", "properties": {"id": "2521759", "CVEGEO": "3204800010362006", "POBTOT": 33.0, "score_nse": 56.6892, "NSE": "C", "VIVTOT": 13.0, "GRAPROES": 10.12, "_ent": "32", "_mun": "048", "_loc": "0001"}, "geometry": {"type": "Polygon", "coordinates": [[[-103.29868, 21.78655], [-103.2993, 21.78674], [-103.29919, 21.78709], [-103.299, 21.78705], [-103.29868, 21.78655]]]}}, {"id": "2521760", "type": "Feature", "properties": {"id": "2521760", "CVEGEO": "3204800010165012", "POBTOT": 23.0, "score_nse": 0.0, "NSE": "ND", "VIVTOT": 7.0, "GRAPROES": 11.43, "_ent": "32", "_mun": "048", "_loc": "0001"}, "geometry": {"type": "Polygon", "coordinates": [[[-103.29345, 21.78306], [-103.29407, 21.78314], [-103.29403, 21.78346], [-103.2934, 21.78338], [-103.29345, 21.78306]]]}}, {"id": "2521761", "type": "Feature", "properties": {"id": "2521761", "CVEGEO": "3204800260038007", "POBTOT": 0.0, "score_nse": 0.0, "NSE": null, "VIVTOT": 0.0, "GRAPROES": 0.0, "_ent": "32", "_mun": "048", "_loc": "0026"}, "geometry": {"type": "Polygon", "coordinates": [[[-103.13627, 21.83309], [-103.13625, 21.83222], [-103.13644, 21.83191], [-103.13665, 21.8324], [-103.13627, 21.83309]]]}}, {"id": "2521762", "type": "Feature", "properties": {"id": "2521762", "CVEGEO": "3204800010199017", "POBTOT": 0.0, "score_nse": 0.0, "NSE": "ND", "VIVTOT": 0.0, "GRAPROES": 0.0, "_ent": "32", "_mun": "048", "_loc": "0001"}, "geometry": {"type": "Polygon", "coordinates": [[[-103.29564, 21.79257], [-103.29605, 21.79297], [-103.29585, 21.79338], [-103.29552, 21.79317], [-103.29564, 21.79257]]]}}, {"id": "2521763", "type": "Feature", "properties": {"id": "2521763", "CVEGEO": "3204800010305040", "POBTOT": 0.0, "score_nse": 10.0, "NSE": "E", "VIVTOT": 7.0, "GRAPROES": 0.0, "_ent": "32", "_mun": "048", "_loc": "0001"}, "geometry": {"type": "Polygon", "coordinates": [[[-103.28626, 21.76772], [-103.28669, 21.76771], [-103.2868, 21.76815], [-103.28632, 21.76817], [-103.28626, 21.76772]]]}}, {"id": "2521764", "type": "Feature", "properties": {"id": "2521764", "CVEGEO": "3204800010127043", "POBTOT": 38.0, "score_nse": 67.892, "NSE": "C", "VIVTOT": 15.0, "GRAPROES": 10.03, "_ent": "32", "_mun": "048", "_loc": "0001"}, "geometry": {"type": "Polygon", "coordinates": [[[-103.29766, 21.78101], [-103.29819, 21.78109], [-103.29813, 21.78146], [-103.29759, 21.78138], [-103.29766, 21.78101]]]}}, {"id": "2521765", "type": "Feature", "properties": {"id": "2521765", "CVEGEO": "3204800010165026", "POBTOT": 9.0, "score_nse": 0.0, "NSE": "ND", "VIVTOT": 4.0, "GRAPROES": 0.0, "_ent": "32", "_mun": "048", "_loc": "0001"}, "geometry": {"type": "Polygon", "coordinates": [[[-103.29074, 21.7855], [-103.29106, 21.78558], [-103.29112, 21.78531], [-103.29149, 21.78533], [-103.29121, 21.78603], [-103.29066, 21.78575], [-103.29074, 21.7855]]]}}, {"id": "2521766", "type": "Feature", "properties": {"id": "2521766", "CVEGEO": "3204800010273009", "POBTOT": 65.0, "score_nse": 54.1227, "NSE": "C-", "VIVTOT": 30.0, "GRAPROES": 9.02, "_ent": "32", "_mun": "048", "_loc": "0001"}, "geometry": {"type": "Polygon", "coordinates": [[[-103.30731, 21.7788], [-103.30821, 21.77897], [-103.30779, 21.78022], [-103.30692, 21.77997], [-103.30731, 21.7788]]]}}, {"id": "2521767", "type": "Feature", "properties": {"id": "2521767", "CVEGEO": "3204800500019008", "POBTOT": 0.0, "score_nse": 0.0, "NSE": null, "VIVTOT": 0.0, "GRAPROES": 0.0, "_ent": "32", "_mun": "048", "_loc": "0050"}, "geometry": {"type": "Polygon", "coordinates": [[[-103.30739, 21.87559], [-103.30736, 21.87546], [-103.30696, 21.87564], [-103.30687, 21.87517], [-103.30775, 21.87505], [-103.30775, 21.87554], [-103.30739, 21.87559]]]}}, {"id": "2521768", "type": "Feature", "properties": {"id": "2521768", "CVEGEO": "3204800010269008", "POBTOT": 26.0, "score_nse": 0.0, "NSE": "ND", "VIVTOT": 11.0, "GRAPROES": 8.82, "_ent": "32", "_mun": "048", "_loc": "0001"}, "geometry": {"type": "Polygon", "coordinates": [[[-103.30819, 21.78354], [-103.30813, 21.78369], [-103.30791, 21.78344], [-103.30821, 21.78333], [-103.30829, 21.78347], [-103.30841, 21.78246], [-103.30877, 21.78247], [-103.30858, 21.78383], [-103.30825, 21.78379], [-103.30819, 21.78354]]]}}, {"id": "2521769", "type": "Feature", "properties": {"id": "2521769", "CVEGEO": "3204800230019006", "POBTOT": 0.0, "score_nse": 0.0, "NSE": null, "VIVTOT": 0.0, "GRAPROES": 0.0, "_ent": "32", "_mun": "048", "_loc": "0023"}, "geometry": {"type": "Polygon", "coordinates": [[[-103.29078, 21.8528], [-103.2902, 21.85196], [-103.29155, 21.85202], [-103.29158, 21.8528], [-103.29078, 21.8528]]]}}, {"id": "2521770", "type": "Feature", "properties": {"id": "2521770", "CVEGEO": "3204800010127022", "POBTOT": 79.0, "score_nse": 64.5937, "NSE": "C", "VIVTOT": 38.0, "GRAPROES": 11.07, "_ent": "32", "_mun": "048", "_loc": "0001"}, "geometry": {"type": "Polygon", "coordinates": [[[-103.30183, 21.78227], [-103.30258, 21.78241], [-103.30249, 21.78301], [-103.30171, 21.78289], [-103.30183, 21.78227]]]}}, {"id": "2521771", "type": "Feature", "properties": {"id": "2521771", "CVEGEO": "3204800010288017", "POBTOT": 6.0, "score_nse": 0.0, "NSE": "ND", "VIVTOT": 3.0, "GRAPROES": 0.0, "_ent": "32", "_mun": "048", "_loc": "0001"}, "geometry": {"type": "Polygon", "coordinates": [[[-103.31219, 21.77538], [-103.3124, 21.77558], [-103.31211, 21.77612], [-103.31191, 21.77588], [-103.31219, 21.77538]]]}}, {"id": "2521772", "type": "Feature", "properties": {"id": "2521772", "CVEGEO": "3204800500019016", "POBTOT": 0.0, "score_nse": 0.0, "NSE": null, "VIVTOT": 0.0, "GRAPROES": 0.0, "_ent": "32", "_mun": "048", "_loc": "0050"}, "geometry": {"type": "Polygon", "coordinates": [[[-103.30598, 21.87529], [-103.30538, 21.87539], [-103.30549, 21.87508], [-103.30538, 21.87453], [-103.30552, 21.87444], [-103.30598, 21.87529]]]}}, {"id": "2521773", "type": "Feature", "properties": {"id": "2521773", "CVEGEO": "3204800010127046", "POBTOT": 14.0, "score_nse": 0.0, "NSE": "ND", "VIVTOT": 6.0, "GRAPROES": 7.0, "_ent": "32", "_mun": "048", "_loc": "0001"}, "geometry": {"type": "Polygon", "coordinates": [[[-103.29993, 21.78069], [-103.29994, 21.7808], [-103.29954, 21.78076], [-103.29954, 21.78073], [-103.29993, 21.78069]]]}}, {"id": "2521774", "type": "Feature", "properties": {"id": "2521774", "CVEGEO": "3204800520076003", "POBTOT": 0.0, "score_nse": 0.0, "NSE": null, "VIVTOT": 0.0, "GRAPROES": 0.0, "_ent": "32", "_mun": "048", "_loc": "0052"}, "geometry": {"type": "Polygon", "coordinates": [[[-103.29433, 21.80555], [-103.29361, 21.80542], [-103.29404, 21.80475], [-103.2944, 21.8048], [-103.29433, 21.80555]]]}}, {"id": "2521775", "type": "Feature", "properties": {"id": "2521775", "CVEGEO": "3204800010150001", "POBTOT": 57.0, "score_nse": 50.1277, "NSE": "C-", "VIVTOT": 24.0, "GRAPROES": 9.38, "_ent": "32", "_mun": "048", "_loc": "0001"}, "geometry": {"type": "Polygon", "coordinates": [[[-103.30049, 21.78336], [-103.30145, 21.78358], [-103.30134, 21.78406], [-103.30034, 21.78383], [-103.30049, 21.78336]]]}}, {"id": "2521776", "type": "Feature", "properties": {"id": "2521776", "CVEGEO": "3204800010288022", "POBTOT": 4.0, "score_nse": 0.0, "NSE": "ND", "VIVTOT": 1.0, "GRAPROES": 0.0, "_ent": "32", "_mun": "048", "_loc": "0001"}, "geometry": {"type": "Polygon", "coordinates": [[[-103.31202, 21.77429], [-103.3124, 21.77475], [-103.31239, 21.77478], [-103.31191, 21.77448], [-103.31202, 21.77429]]]}}, {"id": "2521777", "type": "Feature", "properties": {"id": "2521777", "CVEGEO": "3204800010165031", "POBTOT": 32.0, "score_nse": 0.0, "NSE": "ND", "VIVTOT": 9.0, "GRAPROES": 7.91, "_ent": "32", "_mun": "048", "_loc": "0001"}, "geometry": {"type": "Polygon", "coordinates": [[[-103.28738, 21.78071], [-103.28772, 21.78079], [-103.28766, 21.78154], [-103.28731, 21.78161], [-103.28738, 21.78071]]]}}, {"id": "2521778", "type": "Feature", "properties": {"id": "2521778", "CVEGEO": "3204800010146031", "POBTOT": 37.0, "score_nse": 68.1669, "NSE": "C", "VIVTOT": 11.0, "GRAPROES": 10.36, "_ent": "32", "_mun": "048", "_loc": "0001"}, "geometry": {"type": "Polygon", "coordinates": [[[-103.30916, 21.77198], [-103.31013, 21.77221], [-103.31004, 21.77252], [-103.30908, 21.7723], [-103.30916, 21.77198]]]}}, {"id": "2521779", "type": "Feature", "properties": {"id": "2521779", "CVEGEO": "3204800040108007", "POBTOT": 0.0, "score_nse": 0.0, "NSE": null, "VIVTOT": 0.0, "GRAPROES": 0.0, "_ent": "32", "_mun": "048", "_loc": "0004"}, "geometry": {"type": "Polygon", "coordinates": [[[-103.14068, 21.66644], [-103.14049, 21.66645], [-103.14051, 21.6662], [-103.14119, 21.6661], [-103.14129, 21.66647], [-103.1408, 21.66668], [-103.14068, 21.66644]]]}}, {"id": "2521780", "type": "Feature", "properties": {"id": "2521780", "CVEGEO": "3204800010288023", "POBTOT": 38.0, "score_nse": 68.94, "NSE": "C", "VIVTOT": 10.0, "GRAPROES": 9.63, "_ent": "32", "_mun": "048", "_loc": "0001"}, "geometry": {"type": "Polygon", "coordinates": [[[-103.31254, 21.773], [-103.31277, 21.77324], [-103.31214, 21.77428], [-103.31192, 21.77407], [-103.31254, 21.773]]]}}, {"id": "2521781", "type": "Feature", "properties": {"id": "2521781", "CVEGEO": "320480001017A019", "POBTOT": 2.0, "score_nse": 0.0, "NSE": "ND", "VIVTOT": 3.0, "GRAPROES": 0.0, "_ent": "32", "_mun": "048", "_loc": "0001"}, "geometry": {"type": "Polygon", "coordinates": [[[-103.29867, 21.77687], [-103.29895, 21.77716], [-103.29881, 21.77773], [-103.29848, 21.77766], [-103.29867, 21.77687]]]}}, {"id": "2521782", "type": "Feature", "properties": {"id": "2521782", "CVEGEO": "3204800420076002", "POBTOT": 0.0, "score_nse": 0.0, "NSE": null, "VIVTOT": 0.0, "GRAPROES": 0.0, "_ent": "32", "_mun": "048", "_loc": "0042"}, "geometry": {"type": "Polygon", "coordinates": [[[-103.27205, 21.79551], [-103.27221, 21.79552], [-103.27209, 21.79623], [-103.27187, 21.79618], [-103.27205, 21.79551]]]}}, {"id": "2521783", "type": "Feature", "properties": {"id": "2521783", "CVEGEO": "3204800010127023", "POBTOT": 43.0, "score_nse": 59.6898, "NSE": "C", "VIVTOT": 22.0, "GRAPROES": 10.51, "_ent": "32", "_mun": "048", "_loc": "0001"}, "geometry": {"type": "Polygon", "coordinates": [[[-103.30088, 21.78212], [-103.30172, 21.78225], [-103.30159, 21.78287], [-103.30068, 21.78274], [-103.30088, 21.78212]]]}}, {"id": "2521784", "type": "Feature", "properties": {"id": "2521784", "CVEGEO": "3204800010146015", "POBTOT": 52.0, "score_nse": 65.5263, "NSE": "C", "VIVTOT": 19.0, "GRAPROES": 10.15, "_ent": "32", "_mun": "048", "_loc": "0001"}, "geometry": {"type": "Polygon", "coordinates": [[[-103.31019, 21.77485], [-103.31102, 21.77513], [-103.31129, 21.77543], [-103.31115, 21.77552], [-103.3101, 21.77516], [-103.31019, 21.77485]]]}}, {"id": "2521785", "type": "Feature", "properties": {"id": "2521785", "CVEGEO": "3204800010199002", "POBTOT": 27.0, "score_nse": 74.9547, "NSE": "C+", "VIVTOT": 9.0, "GRAPROES": 10.32, "_ent": "32", "_mun": "048", "_loc": "0001"}, "geometry": {"type": "Polygon", "coordinates": [[[-103.30087, 21.788], [-103.30107, 21.78844], [-103.30076, 21.78867], [-103.30052, 21.78815], [-103.30087, 21.788]]]}}, {"id": "2521786", "type": "Feature", "properties": {"id": "2521786", "CVEGEO": "3204800260038010", "POBTOT": 0.0, "score_nse": 0.0, "NSE": null, "VIVTOT": 0.0, "GRAPROES": 0.0, "_ent": "32", "_mun": "048", "_loc": "0026"}, "geometry": {"type": "Polygon", "coordinates": [[[-103.1355, 21.83048], [-103.13537, 21.83071], [-103.13508, 21.83061], [-103.13499, 21.8303], [-103.1352, 21.83003], [-103.1355, 21.83048]]]}}, {"id": "2521787", "type": "Feature", "properties": {"id": "2521787", "CVEGEO": "3204800010273033", "POBTOT": 20.0, "score_nse": 54.7716, "NSE": "C-", "VIVTOT": 18.0, "GRAPROES": 13.93, "_ent": "32", "_mun": "048", "_loc": "0001"}, "geometry": {"type": "Polygon", "coordinates": [[[-103.30517, 21.7814], [-103.30537, 21.78053], [-103.30602, 21.78064], [-103.30576, 21.78153], [-103.30517, 21.7814]]]}}, {"id": "2521788", "type": "Feature", "properties": {"id": "2521788", "CVEGEO": "3204800010273030", "POBTOT": 0.0, "score_nse": 0.0, "NSE": "ND", "VIVTOT": 0.0, "GRAPROES": 0.0, "_ent": "32", "_mun": "048", "_loc": "0001"}, "geometry": {"type": "Polygon", "coordinates": [[[-103.31028, 21.77936], [-103.31073, 21.77944], [-103.31021, 21.7807], [-103.30992, 21.78062], [-103.31028, 21.77936]]]}}, {"id": "2521789", "type": "Feature", "properties": {"id": "2521789", "CVEGEO": "3204800010288020", "POBTOT": 16.0, "score_nse": 0.0, "NSE": "ND", "VIVTOT": 5.0, "GRAPROES": 9.2, "_ent": "32", "_mun": "048", "_loc": "0001"}, "geometry": {"type": "Polygon", "coordinates": [[[-103.3116, 21.77502], [-103.31214, 21.77529], [-103.31181, 21.77584], [-103.3114, 21.77535], [-103.3116, 21.77502]]]}}, {"id": "2521790", "type": "Feature", "properties": {"id": "2521790", "CVEGEO": "3204800010358022", "POBTOT": 7.0, "score_nse": 0.0, "NSE": "ND", "VIVTOT": 2.0, "GRAPROES": 0.0, "_ent": "32", "_mun": "048", "_loc": "0001"}, "geometry": {"type": "Polygon", "coordinates": [[[-103.29383, 21.78434], [-103.29415, 21.78437], [-103.29404, 21.78486], [-103.29366, 21.78474], [-103.29383, 21.78434]]]}}, {"id": "2521791", "type": "Feature", "properties": {"id": "2521791", "CVEGEO": "3204800010131001", "POBTOT": 145.0, "score_nse": 50.9504, "NSE": "C-", "VIVTOT": 51.0, "GRAPROES": 8.2, "_ent": "32", "_mun": "048", "_loc": "0001"}, "geometry": {"type": "Polygon", "coordinates": [[[-103.30119, 21.77772], [-103.30193, 21.77786], [-103.30121, 21.77765], [-103.30126, 21.77739], [-103.3022, 21.77739], [-103.30234, 21.77771], [-103.30331, 21.77798], [-103.30325, 21.77837], [-103.30113, 21.778], [-103.30119, 21.77772]]]}}, {"id": "2521792", "type": "Feature", "properties": {"id": "2521792", "CVEGEO": "3204800010358021", "POBTOT": 11.0, "score_nse": 0.0, "NSE": "ND", "VIVTOT": 3.0, "GRAPROES": 12.5, "_ent": "32", "_mun": "048", "_loc": "0001"}, "geometry": {"type": "Polygon", "coordinates": [[[-103.29579, 21.79066], [-103.29607, 21.79072], [-103.29629, 21.79135], [-103.29669, 21.79172], [-103.2966, 21.79195], [-103.29606, 21.79142], [-103.29579, 21.79066]]]}}, {"id": "2521793", "type": "Feature", "properties": {"id": "2521793", "CVEGEO": "3204800010269037", "POBTOT": 9.0, "score_nse": 0.0, "NSE": "ND", "VIVTOT": 6.0, "GRAPROES": 10.5, "_ent": "32", "_mun": "048", "_loc": "0001"}, "geometry": {"type": "Polygon", "coordinates": [[[-103.30556, 21.78322], [-103.30608, 21.78337], [-103.30591, 21.78376], [-103.30547, 21.78364], [-103.30556, 21.78322]]]}}, {"id": "2521794", "type": "Feature", "properties": {"id": "2521794", "CVEGEO": "3204800010292018", "POBTOT": 0.0, "score_nse": 0.0, "NSE": "ND", "VIVTOT": 0.0, "GRAPROES": 0.0, "_ent": "32", "_mun": "048", "_loc": "0001"}, "geometry": {"type": "Polygon", "coordinates": [[[-103.30387, 21.77097], [-103.30053, 21.77031], [-103.30374, 21.76912], [-103.30387, 21.77097]]]}}, {"id": "2521795", "type": "Feature", "properties": {"id": "2521795", "CVEGEO": "320480001017A021", "POBTOT": 15.0, "score_nse": 0.0, "NSE": "ND", "VIVTOT": 5.0, "GRAPROES": 13.22, "_ent": "32", "_mun": "048", "_loc": "0001"}, "geometry": {"type": "Polygon", "coordinates": [[[-103.29942, 21.7776], [-103.29982, 21.77789], [-103.29979, 21.77803], [-103.29934, 21.77787], [-103.29942, 21.7776]]]}}, {"id": "2521796", "type": "Feature", "properties": {"id": "2521796", "CVEGEO": "3204800510080001", "POBTOT": 0.0, "score_nse": 0.0, "NSE": null, "VIVTOT": 0.0, "GRAPROES": 0.0, "_ent": "32", "_mun": "048", "_loc": "0051"}, "geometry": {"type": "Polygon", "coordinates": [[[-103.10909, 21.81121], [-103.10942, 21.8113], [-103.10893, 21.8113], [-103.10909, 21.81121]]]}}, {"id": "2521797", "type": "Feature", "properties": {"id": "2521797", "CVEGEO": "3204800010273042", "POBTOT": 10.0, "score_nse": 61.832, "NSE": "C", "VIVTOT": 9.0, "GRAPROES": 12.25, "_ent": "32", "_mun": "048", "_loc": "0001"}, "geometry": {"type": "Polygon", "coordinates": [[[-103.3048, 21.7826], [-103.30493, 21.78263], [-103.3049, 21.78286], [-103.30508, 21.78298], [-103.30472, 21.78286], [-103.3048, 21.7826]]]}}, {"id": "2521798", "type": "Feature", "properties": {"id": "2521798", "CVEGEO": "3204800230019007", "POBTOT": 0.0, "score_nse": 0.0, "NSE": null, "VIVTOT": 0.0, "GRAPROES": 0.0, "_ent": "32", "_mun": "048", "_loc": "0023"}, "geometry": {"type": "Polygon", "coordinates": [[[-103.29462, 21.84944], [-103.29468, 21.84998], [-103.29456, 21.85015], [-103.29438, 21.85007], [-103.29433, 21.84946], [-103.29462, 21.84944]]]}}, {"id": "2521799", "type": "Feature", "properties": {"id": "2521799", "CVEGEO": "3204800010165027", "POBTOT": 14.0, "score_nse": 0.0, "NSE": "ND", "VIVTOT": 7.0, "GRAPROES": 9.75, "_ent": "32", "_mun": "048", "_loc": "0001"}, "geometry": {"type": "Polygon", "coordinates": [[[-103.29096, 21.78506], [-103.29103, 21.78467], [-103.29166, 21.78484], [-103.29152, 21.78522], [-103.29096, 21.78506]]]}}, {"id": "2521800", "type": "Feature", "properties": {"id": "2521800", "CVEGEO": "320480001017A017", "POBTOT": 16.0, "score_nse": 55.55, "NSE": "C", "VIVTOT": 8.0, "GRAPROES": 9.54, "_ent": "32", "_mun": "048", "_loc": "0001"}, "geometry": {"type": "Polygon", "coordinates": [[[-103.29009, 21.77648], [-103.28843, 21.77606], [-103.29043, 21.77636], [-103.29009, 21.77648]]]}}, {"id": "2521801", "type": "Feature", "properties": {"id": "2521801", "CVEGEO": "3204800010292006", "POBTOT": 14.0, "score_nse": 55.4467, "NSE": "C", "VIVTOT": 9.0, "GRAPROES": 10.45, "_ent": "32", "_mun": "048", "_loc": "0001"}, "geometry": {"type": "Polygon", "coordinates": [[[-103.30512, 21.77044], [-103.30547, 21.77131], [-103.30514, 21.77141], [-103.30476, 21.77045], [-103.30512, 21.77044]]]}}, {"id": "2521802", "type": "Feature", "properties": {"id": "2521802", "CVEGEO": "3204800010273020", "POBTOT": 65.0, "score_nse": 67.4169, "NSE": "C", "VIVTOT": 18.0, "GRAPROES": 10.88, "_ent": "32", "_mun": "048", "_loc": "0001"}, "geometry": {"type": "Polygon", "coordinates": [[[-103.30925, 21.77916], [-103.30962, 21.77923], [-103.30934, 21.7805], [-103.30896, 21.78043], [-103.30925, 21.77916]]]}}, {"id": "2521803", "type": "Feature", "properties": {"id": "2521803", "CVEGEO": "3204800010127017", "POBTOT": 17.0, "score_nse": 75.688, "NSE": "C+", "VIVTOT": 8.0, "GRAPROES": 13.83, "_ent": "32", "_mun": "048", "_loc": "0001"}, "geometry": {"type": "Polygon", "coordinates": [[[-103.30383, 21.7817], [-103.30419, 21.78177], [-103.30413, 21.78209], [-103.30374, 21.78202], [-103.30383, 21.7817]]]}}, {"id": "2521804", "type": "Feature", "properties": {"id": "2521804", "CVEGEO": "3204800260038002", "POBTOT": 0.0, "score_nse": 0.0, "NSE": null, "VIVTOT": 0.0, "GRAPROES": 0.0, "_ent": "32", "_mun": "048", "_loc": "0026"}, "geometry": {"type": "Polygon", "coordinates": [[[-103.13619, 21.83215], [-103.13559, 21.83157], [-103.13647, 21.8317], [-103.13619, 21.83215]]]}}, {"id": "2521805", "type": "Feature", "properties": {"id": "2521805", "CVEGEO": "3204800010127036", "POBTOT": 106.0, "score_nse": 59.7336, "NSE": "C", "VIVTOT": 41.0, "GRAPROES": 9.96, "_ent": "32", "_mun": "048", "_loc": "0001"}, "geometry": {"type": "Polygon", "coordinates": [[[-103.29977, 21.7819], [-103.29819, 21.78167], [-103.29829, 21.78111], [-103.29986, 21.78139], [-103.29977, 21.7819]]]}}, {"id": "2521806", "type": "Feature", "properties": {"id": "2521806", "CVEGEO": "3204800110095021", "POBTOT": 0.0, "score_nse": 0.0, "NSE": null, "VIVTOT": 0.0, "GRAPROES": 0.0, "_ent": "32", "_mun": "048", "_loc": "0011"}, "geometry": {"type": "Polygon", "coordinates": [[[-103.31283, 21.71663], [-103.31271, 21.71598], [-103.31306, 21.716], [-103.313, 21.71665], [-103.31283, 21.71663]]]}}, {"id": "2521807", "type": "Feature", "properties": {"id": "2521807", "CVEGEO": "3204800010358004", "POBTOT": 16.0, "score_nse": 81.53, "NSE": "C+", "VIVTOT": 4.0, "GRAPROES": 11.69, "_ent": "32", "_mun": "048", "_loc": "0001"}, "geometry": {"type": "Polygon", "coordinates": [[[-103.29642, 21.78712], [-103.29717, 21.78735], [-103.29703, 21.7877], [-103.29625, 21.78746], [-103.29642, 21.78712]]]}}, {"id": "2521808", "type": "Feature", "properties": {"id": "2521808", "CVEGEO": "3204800110095013", "POBTOT": 0.0, "score_nse": 0.0, "NSE": null, "VIVTOT": 0.0, "GRAPROES": 0.0, "_ent": "32", "_mun": "048", "_loc": "0011"}, "geometry": {"type": "Polygon", "coordinates": [[[-103.30864, 21.71647], [-103.30888, 21.71594], [-103.31046, 21.71596], [-103.31041, 21.71822], [-103.3096, 21.71792], [-103.30904, 21.71707], [-103.30831, 21.71705], [-103.30846, 21.71648], [-103.30864, 21.71647]]]}}, {"id": "2521809", "type": "Feature", "properties": {"id": "2521809", "CVEGEO": "3204800010305036", "POBTOT": 68.0, "score_nse": 56.0106, "NSE": "C", "VIVTOT": 23.0, "GRAPROES": 9.87, "_ent": "32", "_mun": "048", "_loc": "0001"}, "geometry": {"type": "Polygon", "coordinates": [[[-103.29008, 21.77324], [-103.29039, 21.77329], [-103.29027, 21.77394], [-103.28998, 21.77378], [-103.29008, 21.77324]]]}}, {"id": "2521810", "type": "Feature", "properties": {"id": "2521810", "CVEGEO": "3204800010358018", "POBTOT": 115.0, "score_nse": 54.9377, "NSE": "C-", "VIVTOT": 35.0, "GRAPROES": 8.72, "_ent": "32", "_mun": "048", "_loc": "0001"}, "geometry": {"type": "Polygon", "coordinates": [[[-103.29569, 21.78462], [-103.29613, 21.78469], [-103.29601, 21.78519], [-103.29622, 21.78471], [-103.29665, 21.78478], [-103.29653, 21.78523], [-103.29554, 21.7853], [-103.29569, 21.78462]]]}}, {"id": "2521811", "type": "Feature", "properties": {"id": "2521811", "CVEGEO": "3204800390019017", "POBTOT": 0.0, "score_nse": 0.0, "NSE": null, "VIVTOT": 0.0, "GRAPROES": 0.0, "_ent": "32", "_mun": "048", "_loc": "0039"}, "geometry": {"type": "Polygon", "coordinates": [[[-103.30328, 21.86217], [-103.30399, 21.8621], [-103.30405, 21.86253], [-103.30317, 21.86263], [-103.30328, 21.86217]]]}}, {"id": "2521812", "type": "Feature", "properties": {"id": "2521812", "CVEGEO": "3204800040108001", "POBTOT": 0.0, "score_nse": 0.0, "NSE": null, "VIVTOT": 0.0, "GRAPROES": 0.0, "_ent": "32", "_mun": "048", "_loc": "0004"}, "geometry": {"type": "Polygon", "coordinates": [[[-103.14021, 21.66737], [-103.14078, 21.66737], [-103.14089, 21.6676], [-103.14093, 21.66735], [-103.14172, 21.66737], [-103.14136, 21.66773], [-103.14017, 21.66782], [-103.14021, 21.66737]]]}}, {"id": "2521813", "type": "Feature", "properties": {"id": "2521813", "CVEGEO": "3204800010292003", "POBTOT": 23.0, "score_nse": 75.7329, "NSE": "C+", "VIVTOT": 9.0, "GRAPROES": 13.58, "_ent": "32", "_mun": "048", "_loc": "0001"}, "geometry": {"type": "Polygon", "coordinates": [[[-103.30383, 21.76966], [-103.30436, 21.7698], [-103.30418, 21.77038], [-103.30395, 21.77039], [-103.30383, 21.76966]]]}}, {"id": "2521814", "type": "Feature", "properties": {"id": "2521814", "CVEGEO": "3204800010165021", "POBTOT": 0.0, "score_nse": 0.0, "NSE": "ND", "VIVTOT": 0.0, "GRAPROES": 0.0, "_ent": "32", "_mun": "048", "_loc": "0001"}, "geometry": {"type": "Polygon", "coordinates": [[[-103.29195, 21.78439], [-103.29219, 21.78445], [-103.29184, 21.78538], [-103.29161, 21.7853], [-103.29195, 21.78439]]]}}, {"id": "2521815", "type": "Feature", "properties": {"id": "2521815", "CVEGEO": "3204800040108004", "POBTOT": 0.0, "score_nse": 0.0, "NSE": null, "VIVTOT": 0.0, "GRAPROES": 0.0, "_ent": "32", "_mun": "048", "_loc": "0004"}, "geometry": {"type": "Polygon", "coordinates": [[[-103.14044, 21.66712], [-103.14065, 21.66716], [-103.14077, 21.66702], [-103.14075, 21.66729], [-103.14044, 21.66712]]]}}, {"id": "2521816", "type": "Feature", "properties": {"id": "2521816", "CVEGEO": "3204800010269032", "POBTOT": 90.0, "score_nse": 64.0786, "NSE": "C", "VIVTOT": 31.0, "GRAPROES": 10.07, "_ent": "32", "_mun": "048", "_loc": "0001"}, "geometry": {"type": "Polygon", "coordinates": [[[-103.31168, 21.78445], [-103.31263, 21.78467], [-103.31238, 21.78576], [-103.31144, 21.78556], [-103.31168, 21.78445]]]}}, {"id": "2521817", "type": "Feature", "properties": {"id": "2521817", "CVEGEO": "3204800090038002", "POBTOT": 0.0, "score_nse": 0.0, "NSE": null, "VIVTOT": 0.0, "GRAPROES": 0.0, "_ent": "32", "_mun": "048", "_loc": "0009"}, "geometry": {"type": "Polygon", "coordinates": [[[-103.14331, 21.8227], [-103.14356, 21.82233], [-103.14395, 21.82235], [-103.14365, 21.82288], [-103.14331, 21.8227]]]}}, {"id": "2521818", "type": "Feature", "properties": {"id": "2521818", "CVEGEO": "3204800400095007", "POBTOT": 0.0, "score_nse": 0.0, "NSE": null, "VIVTOT": 0.0, "GRAPROES": 0.0, "_ent": "32", "_mun": "048", "_loc": "0040"}, "geometry": {"type": "Polygon", "coordinates": [[[-103.2767, 21.73258], [-103.27603, 21.73209], [-103.27624, 21.73183], [-103.27651, 21.73196], [-103.27666, 21.73183], [-103.27645, 21.73164], [-103.27665, 21.73145], [-103.27726, 21.73202], [-103.2767, 21.73258]]]}}, {"id": "2521819", "type": "Feature", "properties": {"id": "2521819", "CVEGEO": "3204800230019003", "POBTOT": 0.0, "score_nse": 0.0, "NSE": null, "VIVTOT": 0.0, "GRAPROES": 0.0, "_ent": "32", "_mun": "048", "_loc": "0023"}, "geometry": {"type": "Polygon", "coordinates": [[[-103.29318, 21.85073], [-103.29412, 21.85011], [-103.29453, 21.85024], [-103.2935, 21.85087], [-103.2927, 21.85108], [-103.29279, 21.85078], [-103.29318, 21.85073]]]}}, {"id": "2521820", "type": "Feature", "properties": {"id": "2521820", "CVEGEO": "3204800010127019", "POBTOT": 16.0, "score_nse": 45.035, "NSE": "C-", "VIVTOT": 16.0, "GRAPROES": 10.73, "_ent": "32", "_mun": "048", "_loc": "0001"}, "geometry": {"type": "Polygon", "coordinates": [[[-103.30389, 21.7826], [-103.30362, 21.78251], [-103.30367, 21.78231], [-103.30406, 21.78241], [-103.30389, 21.7826]]]}}, {"id": "2521821", "type": "Feature", "properties": {"id": "2521821", "CVEGEO": "3204800010288018", "POBTOT": 4.0, "score_nse": 0.0, "NSE": "ND", "VIVTOT": 1.0, "GRAPROES": 0.0, "_ent": "32", "_mun": "048", "_loc": "0001"}, "geometry": {"type": "Polygon", "coordinates": [[[-103.31246, 21.77482], [-103.31268, 21.77503], [-103.31244, 21.77551], [-103.31222, 21.77531], [-103.31246, 21.77482]]]}}, {"id": "2521822", "type": "Feature", "properties": {"id": "2521822", "CVEGEO": "3204800010358024", "POBTOT": 7.0, "score_nse": 0.0, "NSE": "ND", "VIVTOT": 2.0, "GRAPROES": 0.0, "_ent": "32", "_mun": "048", "_loc": "0001"}, "geometry": {"type": "Polygon", "coordinates": [[[-103.29475, 21.78444], [-103.29525, 21.78465], [-103.29513, 21.78521], [-103.2946, 21.78506], [-103.29475, 21.78444]]]}}, {"id": "2521823", "type": "Feature", "properties": {"id": "2521823", "CVEGEO": "320480001031A012", "POBTOT": 29.0, "score_nse": 0.0, "NSE": "ND", "VIVTOT": 11.0, "GRAPROES": 7.0, "_ent": "32", "_mun": "048", "_loc": "0001"}, "geometry": {"type": "Polygon", "coordinates": [[[-103.28659, 21.77428], [-103.28696, 21.77476], [-103.28725, 21.77508], [-103.28677, 21.7751], [-103.28637, 21.77458], [-103.28659, 21.77428]]]}}, {"id": "2521824", "type": "Feature", "properties": {"id": "2521824", "CVEGEO": "3204800050108006", "POBTOT": 0.0, "score_nse": 0.0, "NSE": null, "VIVTOT": 0.0, "GRAPROES": 0.0, "_ent": "32", "_mun": "048", "_loc": "0005"}, "geometry": {"type": "Polygon", "coordinates": [[[-103.15396, 21.70743], [-103.15354, 21.70734], [-103.15374, 21.70665], [-103.15396, 21.70688], [-103.15396, 21.70743]]]}}, {"id": "2521825", "type": "Feature", "properties": {"id": "2521825", "CVEGEO": "3204800010150032", "POBTOT": 33.0, "score_nse": 63.2505, "NSE": "C", "VIVTOT": 13.0, "GRAPROES": 11.09, "_ent": "32", "_mun": "048", "_loc": "0001"}, "geometry": {"type": "Polygon", "coordinates": [[[-103.29573, 21.78213], [-103.29621, 21.7822], [-103.29611, 21.78263], [-103.29572, 21.78257], [-103.29573, 21.78213]]]}}, {"id": "2521826", "type": "Feature", "properties": {"id": "2521826", "CVEGEO": "3204800010150005", "POBTOT": 70.0, "score_nse": 55.2367, "NSE": "C", "VIVTOT": 22.0, "GRAPROES": 8.51, "_ent": "32", "_mun": "048", "_loc": "0001"}, "geometry": {"type": "Polygon", "coordinates": [[[-103.29959, 21.7827], [-103.30055, 21.78284], [-103.30042, 21.78324], [-103.29945, 21.78311], [-103.29959, 21.7827]]]}}, {"id": "2521827", "type": "Feature", "properties": {"id": "2521827", "CVEGEO": "3204800010150021", "POBTOT": 27.0, "score_nse": 0.0, "NSE": "ND", "VIVTOT": 14.0, "GRAPROES": 11.52, "_ent": "32", "_mun": "048", "_loc": "0001"}, "geometry": {"type": "Polygon", "coordinates": [[[-103.30343, 21.78328], [-103.30386, 21.78334], [-103.30372, 21.78403], [-103.30327, 21.78393], [-103.30343, 21.78328]]]}}, {"id": "2521828", "type": "Feature", "properties": {"id": "2521828", "CVEGEO": "3204800010184005", "POBTOT": 11.0, "score_nse": 0.0, "NSE": "ND", "VIVTOT": 3.0, "GRAPROES": 3.89, "_ent": "32", "_mun": "048", "_loc": "0001"}, "geometry": {"type": "Polygon", "coordinates": [[[-103.31228, 21.78631], [-103.31271, 21.78468], [-103.31536, 21.7865], [-103.3149, 21.78751], [-103.31303, 21.78764], [-103.31293, 21.78797], [-103.31193, 21.78783], [-103.31188, 21.78706], [-103.31164, 21.78667], [-103.31228, 21.78631]]]}}, {"id": "2521829", "type": "Feature", "properties": {"id": "2521829", "CVEGEO": "3204800420076001", "POBTOT": 0.0, "score_nse": 0.0, "NSE": null, "VIVTOT": 0.0, "GRAPROES": 0.0, "_ent": "32", "_mun": "048", "_loc": "0042"}, "geometry": {"type": "Polygon", "coordinates": [[[-103.27219, 21.79624], [-103.27233, 21.79555], [-103.27252, 21.79559], [-103.27242, 21.7963], [-103.27219, 21.79624]]]}}, {"id": "2521830", "type": "Feature", "properties": {"id": "2521830", "CVEGEO": "3204800010273014", "POBTOT": 59.0, "score_nse": 56.9405, "NSE": "C", "VIVTOT": 31.0, "GRAPROES": 10.06, "_ent": "32", "_mun": "048", "_loc": "0001"}, "geometry": {"type": "Polygon", "coordinates": [[[-103.30825, 21.77501], [-103.3092, 21.77529], [-103.30892, 21.77622], [-103.30798, 21.776], [-103.30825, 21.77501]]]}}, {"id": "2521831", "type": "Feature", "properties": {"id": "2521831", "CVEGEO": "3204800010165040", "POBTOT": 0.0, "score_nse": 0.0, "NSE": "ND", "VIVTOT": 0.0, "GRAPROES": 0.0, "_ent": "32", "_mun": "048", "_loc": "0001"}, "geometry": {"type": "Polygon", "coordinates": [[[-103.29307, 21.78166], [-103.29298, 21.78222], [-103.29267, 21.78224], [-103.29277, 21.78167], [-103.29307, 21.78166]]]}}, {"id": "2521832", "type": "Feature", "properties": {"id": "2521832", "CVEGEO": "3204800260038025", "POBTOT": 0.0, "score_nse": 0.0, "NSE": null, "VIVTOT": 0.0, "GRAPROES": 0.0, "_ent": "32", "_mun": "048", "_loc": "0026"}, "geometry": {"type": "Polygon", "coordinates": [[[-103.1365, 21.83434], [-103.13634, 21.83393], [-103.13635, 21.8333], [-103.1369, 21.83365], [-103.1365, 21.83434]]]}}, {"id": "2521833", "type": "Feature", "properties": {"id": "2521833", "CVEGEO": "320480001031A003", "POBTOT": 44.0, "score_nse": 76.0019, "NSE": "C+", "VIVTOT": 21.0, "GRAPROES": 13.67, "_ent": "32", "_mun": "048", "_loc": "0001"}, "geometry": {"type": "Polygon", "coordinates": [[[-103.28552, 21.7716], [-103.28633, 21.77258], [-103.28606, 21.77279], [-103.28541, 21.772], [-103.28552, 21.7716]]]}}, {"id": "2521834", "type": "Feature", "properties": {"id": "2521834", "CVEGEO": "3204800010362027", "POBTOT": 78.0, "score_nse": 55.0446, "NSE": "C", "VIVTOT": 28.0, "GRAPROES": 8.3, "_ent": "32", "_mun": "048", "_loc": "0001"}, "geometry": {"type": "Polygon", "coordinates": [[[-103.30012, 21.78647], [-103.30058, 21.78635], [-103.29983, 21.78747], [-103.29928, 21.78708], [-103.29941, 21.78677], [-103.29967, 21.78684], [-103.30012, 21.78647]]]}}, {"id": "2521835", "type": "Feature", "properties": {"id": "2521835", "CVEGEO": "3204800010273041", "POBTOT": 6.0, "score_nse": 0.0, "NSE": "ND", "VIVTOT": 4.0, "GRAPROES": 0.0, "_ent": "32", "_mun": "048", "_loc": "0001"}, "geometry": {"type": "Polygon", "coordinates": [[[-103.30502, 21.78266], [-103.30557, 21.78281], [-103.30551, 21.78312], [-103.30496, 21.78284], [-103.30502, 21.78266]]]}}, {"id": "2521836", "type": "Feature", "properties": {"id": "2521836", "CVEGEO": "3204800110095011", "POBTOT": 0.0, "score_nse": 0.0, "NSE": null, "VIVTOT": 0.0, "GRAPROES": 0.0, "_ent": "32", "_mun": "048", "_loc": "0011"}, "geometry": {"type": "Polygon", "coordinates": [[[-103.31314, 21.71924], [-103.31331, 21.71784], [-103.31346, 21.71754], [-103.31368, 21.71759], [-103.31339, 21.71828], [-103.31349, 21.7183], [-103.31339, 21.71915], [-103.31352, 21.7193], [-103.31314, 21.71924]]]}}, {"id": "2521837", "type": "Feature", "properties": {"id": "2521837", "CVEGEO": "320480001031A008", "POBTOT": 52.0, "score_nse": 57.1128, "NSE": "C", "VIVTOT": 19.0, "GRAPROES": 10.43, "_ent": "32", "_mun": "048", "_loc": "0001"}, "geometry": {"type": "Polygon", "coordinates": [[[-103.28603, 21.77291], [-103.28684, 21.77389], [-103.28655, 21.7741], [-103.28574, 21.77311], [-103.28603, 21.77291]]]}}, {"id": "2521838", "type": "Feature", "properties": {"id": "2521838", "CVEGEO": "3204800010165056", "POBTOT": 0.0, "score_nse": 0.0, "NSE": "ND", "VIVTOT": 0.0, "GRAPROES": 0.0, "_ent": "32", "_mun": "048", "_loc": "0001"}, "geometry": {"type": "Polygon", "coordinates": [[[-103.29048, 21.78394], [-103.29106, 21.78413], [-103.29092, 21.78454], [-103.29042, 21.78437], [-103.29048, 21.78394]]]}}, {"id": "2521839", "type": "Feature", "properties": {"id": "2521839", "CVEGEO": "3204800010447006", "POBTOT": 11.0, "score_nse": 0.0, "NSE": "ND", "VIVTOT": 5.0, "GRAPROES": 10.38, "_ent": "32", "_mun": "048", "_loc": "0001"}, "geometry": {"type": "Polygon", "coordinates": [[[-103.28386, 21.7717], [-103.28401, 21.77143], [-103.28414, 21.77149], [-103.28401, 21.77177], [-103.28386, 21.7717]]]}}, {"id": "2521840", "type": "Feature", "properties": {"id": "2521840", "CVEGEO": "3204800010131054", "POBTOT": 33.0, "score_nse": 0.0, "NSE": "ND", "VIVTOT": 13.0, "GRAPROES": 8.21, "_ent": "32", "_mun": "048", "_loc": "0001"}, "geometry": {"type": "Polygon", "coordinates": [[[-103.30165, 21.77574], [-103.30215, 21.77585], [-103.30208, 21.7762], [-103.30155, 21.77615], [-103.30165, 21.77574]]]}}, {"id": "2521841", "type": "Feature", "properties": {"id": "2521841", "CVEGEO": "3204800390019029", "POBTOT": 0.0, "score_nse": 0.0, "NSE": null, "VIVTOT": 0.0, "GRAPROES": 0.0, "_ent": "32", "_mun": "048", "_loc": "0039"}, "geometry": {"type": "Polygon", "coordinates": [[[-103.30189, 21.86258], [-103.30191, 21.86211], [-103.30241, 21.86254], [-103.30235, 21.86258], [-103.30189, 21.86258]]]}}, {"id": "2521842", "type": "Feature", "properties": {"id": "2521842", "CVEGEO": "3204800010305033", "POBTOT": 56.0, "score_nse": 63.0669, "NSE": "C", "VIVTOT": 19.0, "GRAPROES": 9.49, "_ent": "32", "_mun": "048", "_loc": "0001"}, "geometry": {"type": "Polygon", "coordinates": [[[-103.29122, 21.77388], [-103.29151, 21.77393], [-103.29141, 21.77446], [-103.29113, 21.77436], [-103.29122, 21.77388]]]}}, {"id": "2521843", "type": "Feature", "properties": {"id": "2521843", "CVEGEO": "3204800390019005", "POBTOT": 0.0, "score_nse": 0.0, "NSE": null, "VIVTOT": 0.0, "GRAPROES": 0.0, "_ent": "32", "_mun": "048", "_loc": "0039"}, "geometry": {"type": "Polygon", "coordinates": [[[-103.30652, 21.86351], [-103.30802, 21.86351], [-103.30793, 21.86445], [-103.3066, 21.86461], [-103.30652, 21.86351]]]}}, {"id": "2521844", "type": "Feature", "properties": {"id": "2521844", "CVEGEO": "3204800500019018", "POBTOT": 0.0, "score_nse": 0.0, "NSE": null, "VIVTOT": 0.0, "GRAPROES": 0.0, "_ent": "32", "_mun": "048", "_loc": "0050"}, "geometry": {"type": "Polygon", "coordinates": [[[-103.31329, 21.87617], [-103.31273, 21.87612], [-103.31257, 21.87575], [-103.31331, 21.87586], [-103.31329, 21.87617]]]}}, {"id": "2521845", "type": "Feature", "properties": {"id": "2521845", "CVEGEO": "3204800010131043", "POBTOT": 137.0, "score_nse": 58.9632, "NSE": "C", "VIVTOT": 69.0, "GRAPROES": 9.31, "_ent": "32", "_mun": "048", "_loc": "0001"}, "geometry": {"type": "Polygon", "coordinates": [[[-103.30432, 21.77923], [-103.30455, 21.77804], [-103.3042, 21.77797], [-103.30444, 21.77712], [-103.30598, 21.77748], [-103.30577, 21.77842], [-103.30503, 21.7783], [-103.30505, 21.77808], [-103.30534, 21.77812], [-103.30532, 21.77786], [-103.30528, 21.77804], [-103.30497, 21.77794], [-103.30489, 21.77854], [-103.30452, 21.77851], [-103.30488, 21.77861], [-103.30479, 21.77935], [-103.30432, 21.77923]]]}}, {"id": "2521846", "type": "Feature", "properties": {"id": "2521846", "CVEGEO": "320480001017A012", "POBTOT": 65.0, "score_nse": 56.1644, "NSE": "C", "VIVTOT": 19.0, "GRAPROES": 8.21, "_ent": "32", "_mun": "048", "_loc": "0001"}, "geometry": {"type": "Polygon", "coordinates": [[[-103.29079, 21.77643], [-103.28975, 21.77522], [-103.2899, 21.77505], [-103.29038, 21.77531], [-103.29124, 21.77536], [-103.29253, 21.77499], [-103.29386, 21.77518], [-103.29465, 21.77547], [-103.29569, 21.77515], [-103.29556, 21.77756], [-103.29391, 21.77742], [-103.29329, 21.77702], [-103.29257, 21.77698], [-103.29079, 21.77643]]]}}, {"id": "2521847", "type": "Feature", "properties": {"id": "2521847", "CVEGEO": "3204800010305017", "POBTOT": 21.0, "score_nse": 0.0, "NSE": "ND", "VIVTOT": 7.0, "GRAPROES": 9.64, "_ent": "32", "_mun": "048", "_loc": "0001"}, "geometry": {"type": "Polygon", "coordinates": [[[-103.29083, 21.76919], [-103.29095, 21.76874], [-103.29132, 21.76889], [-103.29111, 21.7693], [-103.29083, 21.76919]]]}}, {"id": "2521848", "type": "Feature", "properties": {"id": "2521848", "CVEGEO": "3204800010362001", "POBTOT": 43.0, "score_nse": 45.9302, "NSE": "C-", "VIVTOT": 18.0, "GRAPROES": 7.32, "_ent": "32", "_mun": "048", "_loc": "0001"}, "geometry": {"type": "Polygon", "coordinates": [[[-103.29967, 21.78599], [-103.30042, 21.78621], [-103.29965, 21.78675], [-103.29944, 21.78669], [-103.29967, 21.78599]]]}}, {"id": "2521849", "type": "Feature", "properties": {"id": "2521849", "CVEGEO": "3204800010269051", "POBTOT": 24.0, "score_nse": 60.6425, "NSE": "C", "VIVTOT": 11.0, "GRAPROES": 9.78, "_ent": "32", "_mun": "048", "_loc": "0001"}, "geometry": {"type": "Polygon", "coordinates": [[[-103.31106, 21.78175], [-103.31184, 21.78207], [-103.31185, 21.78209], [-103.31166, 21.78226], [-103.31095, 21.78206], [-103.31106, 21.78175]]]}}, {"id": "2521850", "type": "Feature", "properties": {"id": "2521850", "CVEGEO": "3204800010358006", "POBTOT": 38.0, "score_nse": 57.7215, "NSE": "C", "VIVTOT": 19.0, "GRAPROES": 10.1, "_ent": "32", "_mun": "048", "_loc": "0001"}, "geometry": {"type": "Polygon", "coordinates": [[[-103.29795, 21.78762], [-103.29859, 21.7877], [-103.29844, 21.7881], [-103.2978, 21.78793], [-103.29795, 21.78762]]]}}, {"id": "2521851", "type": "Feature", "properties": {"id": "2521851", "CVEGEO": "3204800110095017", "POBTOT": 0.0, "score_nse": 0.0, "NSE": null, "VIVTOT": 0.0, "GRAPROES": 0.0, "_ent": "32", "_mun": "048", "_loc": "0011"}, "geometry": {"type": "Polygon", "coordinates": [[[-103.30889, 21.70861], [-103.30891, 21.70842], [-103.3113, 21.7087], [-103.3113, 21.709], [-103.31051, 21.70904], [-103.30889, 21.70861]]]}}, {"id": "2521852", "type": "Feature", "properties": {"id": "2521852", "CVEGEO": "3204800010432004", "POBTOT": 0.0, "score_nse": 0.0, "NSE": "ND", "VIVTOT": 0.0, "GRAPROES": 0.0, "_ent": "32", "_mun": "048", "_loc": "0001"}, "geometry": {"type": "Polygon", "coordinates": [[[-103.29152, 21.7632], [-103.29204, 21.76321], [-103.29201, 21.76397], [-103.29145, 21.76399], [-103.29152, 21.7632]]]}}, {"id": "2521853", "type": "Feature", "properties": {"id": "2521853", "CVEGEO": "3204800010269052", "POBTOT": 30.0, "score_nse": 68.5867, "NSE": "C", "VIVTOT": 9.0, "GRAPROES": 10.71, "_ent": "32", "_mun": "048", "_loc": "0001"}, "geometry": {"type": "Polygon", "coordinates": [[[-103.31219, 21.7819], [-103.31248, 21.782], [-103.3122, 21.78258], [-103.31178, 21.78229], [-103.31219, 21.7819]]]}}, {"id": "2521854", "type": "Feature", "properties": {"id": "2521854", "CVEGEO": "3204800390019007", "POBTOT": 0.0, "score_nse": 0.0, "NSE": null, "VIVTOT": 0.0, "GRAPROES": 0.0, "_ent": "32", "_mun": "048", "_loc": "0039"}, "geometry": {"type": "Polygon", "coordinates": [[[-103.30455, 21.86421], [-103.30502, 21.86411], [-103.30512, 21.86461], [-103.30497, 21.86528], [-103.3046, 21.86513], [-103.30455, 21.86421]]]}}, {"id": "2521855", "type": "Feature", "properties": {"id": "2521855", "CVEGEO": "3204800010131019", "POBTOT": 75.0, "score_nse": 45.7931, "NSE": "C-", "VIVTOT": 28.0, "GRAPROES": 7.4, "_ent": "32", "_mun": "048", "_loc": "0001"}, "geometry": {"type": "Polygon", "coordinates": [[[-103.29987, 21.77822], [-103.30024, 21.77869], [-103.29998, 21.78], [-103.29951, 21.77986], [-103.29987, 21.77822]]]}}, {"id": "2521856", "type": "Feature", "properties": {"id": "2521856", "CVEGEO": "3204800510080009", "POBTOT": 0.0, "score_nse": 0.0, "NSE": null, "VIVTOT": 0.0, "GRAPROES": 0.0, "_ent": "32", "_mun": "048", "_loc": "0051"}, "geometry": {"type": "Polygon", "coordinates": [[[-103.10983, 21.81251], [-103.10944, 21.81258], [-103.10921, 21.81205], [-103.10938, 21.81202], [-103.10983, 21.81251]]]}}, {"id": "2521857", "type": "Feature", "properties": {"id": "2521857", "CVEGEO": "3204800010305031", "POBTOT": 78.0, "score_nse": 61.3862, "NSE": "C", "VIVTOT": 26.0, "GRAPROES": 9.23, "_ent": "32", "_mun": "048", "_loc": "0001"}, "geometry": {"type": "Polygon", "coordinates": [[[-103.29101, 21.77291], [-103.29127, 21.77306], [-103.29114, 21.77376], [-103.29085, 21.77372], [-103.29101, 21.77291]]]}}, {"id": "2521858", "type": "Feature", "properties": {"id": "2521858", "CVEGEO": "3204800010131032", "POBTOT": 67.0, "score_nse": 53.012, "NSE": "C-", "VIVTOT": 20.0, "GRAPROES": 9.35, "_ent": "32", "_mun": "048", "_loc": "0001"}, "geometry": {"type": "Polygon", "coordinates": [[[-103.29727, 21.77968], [-103.29793, 21.77982], [-103.29776, 21.78052], [-103.29723, 21.78044], [-103.29727, 21.77968]]]}}, {"id": "2521859", "type": "Feature", "properties": {"id": "2521859", "CVEGEO": "3204800010127006", "POBTOT": 18.0, "score_nse": 62.96, "NSE": "C", "VIVTOT": 10.0, "GRAPROES": 13.08, "_ent": "32", "_mun": "048", "_loc": "0001"}, "geometry": {"type": "Polygon", "coordinates": [[[-103.30273, 21.78192], [-103.30318, 21.782], [-103.3031, 21.7824], [-103.30269, 21.78232], [-103.30273, 21.78192]]]}}, {"id": "2521860", "type": "Feature", "properties": {"id": "2521860", "CVEGEO": "3204800010305037", "POBTOT": 47.0, "score_nse": 0.0, "NSE": "ND", "VIVTOT": 15.0, "GRAPROES": 9.9, "_ent": "32", "_mun": "048", "_loc": "0001"}, "geometry": {"type": "Polygon", "coordinates": [[[-103.2887, 21.77411], [-103.28908, 21.77432], [-103.2889, 21.77458], [-103.28859, 21.77439], [-103.2887, 21.77411]]]}}, {"id": "2521861", "type": "Feature", "properties": {"id": "2521861", "CVEGEO": "3204800010165018", "POBTOT": 8.0, "score_nse": 0.0, "NSE": "ND", "VIVTOT": 5.0, "GRAPROES": 13.0, "_ent": "32", "_mun": "048", "_loc": "0001"}, "geometry": {"type": "Polygon", "coordinates": [[[-103.29335, 21.78305], [-103.2933, 21.78337], [-103.29278, 21.78329], [-103.29316, 21.78311], [-103.29335, 21.78305]]]}}, {"id": "2521862", "type": "Feature", "properties": {"id": "2521862", "CVEGEO": "3204800010288009", "POBTOT": 39.0, "score_nse": 60.0091, "NSE": "C", "VIVTOT": 11.0, "GRAPROES": 7.83, "_ent": "32", "_mun": "048", "_loc": "0001"}, "geometry": {"type": "Polygon", "coordinates": [[[-103.31291, 21.77611], [-103.31229, 21.77599], [-103.31275, 21.7751], [-103.31321, 21.77553], [-103.31291, 21.77611]]]}}, {"id": "2521863", "type": "Feature", "properties": {"id": "2521863", "CVEGEO": "3204800390019009", "POBTOT": 0.0, "score_nse": 0.0, "NSE": null, "VIVTOT": 0.0, "GRAPROES": 0.0, "_ent": "32", "_mun": "048", "_loc": "0039"}, "geometry": {"type": "Polygon", "coordinates": [[[-103.30309, 21.86276], [-103.30345, 21.86275], [-103.30342, 21.86347], [-103.30369, 21.86438], [-103.30316, 21.86457], [-103.30285, 21.86404], [-103.30309, 21.86276]]]}}, {"id": "2521864", "type": "Feature", "properties": {"id": "2521864", "CVEGEO": "3204800110095016", "POBTOT": 0.0, "score_nse": 0.0, "NSE": null, "VIVTOT": 0.0, "GRAPROES": 0.0, "_ent": "32", "_mun": "048", "_loc": "0011"}, "geometry": {"type": "Polygon", "coordinates": [[[-103.31106, 21.70912], [-103.31129, 21.70913], [-103.31124, 21.70972], [-103.31076, 21.70945], [-103.31106, 21.70912]]]}}, {"id": "2521865", "type": "Feature", "properties": {"id": "2521865", "CVEGEO": "3204800010269011", "POBTOT": 58.0, "score_nse": 59.4855, "NSE": "C", "VIVTOT": 22.0, "GRAPROES": 8.83, "_ent": "32", "_mun": "048", "_loc": "0001"}, "geometry": {"type": "Polygon", "coordinates": [[[-103.30945, 21.78088], [-103.30998, 21.78099], [-103.30974, 21.7824], [-103.30905, 21.7824], [-103.30945, 21.78088]]]}}, {"id": "2521866", "type": "Feature", "properties": {"id": "2521866", "CVEGEO": "3204800010273003", "POBTOT": 109.0, "score_nse": 0.0, "NSE": "ND", "VIVTOT": 59.0, "GRAPROES": 10.02, "_ent": "32", "_mun": "048", "_loc": "0001"}, "geometry": {"type": "Polygon", "coordinates": [[[-103.30797, 21.77607], [-103.30843, 21.77616], [-103.30839, 21.77635], [-103.30846, 21.77617], [-103.3089, 21.77627], [-103.30849, 21.7779], [-103.30756, 21.7777], [-103.30797, 21.77607]]]}}, {"id": "2521867", "type": "Feature", "properties": {"id": "2521867", "CVEGEO": "3204800230019004", "POBTOT": 0.0, "score_nse": 0.0, "NSE": null, "VIVTOT": 0.0, "GRAPROES": 0.0, "_ent": "32", "_mun": "048", "_loc": "0023"}, "geometry": {"type": "Polygon", "coordinates": [[[-103.29177, 21.85382], [-103.29149, 21.85379], [-103.29084, 21.85287], [-103.29167, 21.85286], [-103.29164, 21.85202], [-103.29252, 21.85203], [-103.29382, 21.85131], [-103.29388, 21.85219], [-103.29388, 21.85128], [-103.29446, 21.85097], [-103.29451, 21.85167], [-103.29454, 21.8504], [-103.29481, 21.85045], [-103.29466, 21.85028], [-103.29478, 21.8499], [-103.29469, 21.84883], [-103.29727, 21.84878], [-103.29728, 21.84916], [-103.29736, 21.84878], [-103.29846, 21.84876], [-103.2986, 21.84943], [-103.29851, 21.8482], [-103.29912, 21.84815], [-103.2992, 21.84973], [-103.29534, 21.85006], [-103.29509, 21.85046], [-103.29498, 21.8516], [-103.2946, 21.85224], [-103.29454, 21.85298], [-103.29182, 21.85329], [-103.29177, 21.85382]]]}}, {"id": "2521868", "type": "Feature", "properties": {"id": "2521868", "CVEGEO": "3204800010292009", "POBTOT": 56.0, "score_nse": 82.936, "NSE": "C+", "VIVTOT": 20.0, "GRAPROES": 12.79, "_ent": "32", "_mun": "048", "_loc": "0001"}, "geometry": {"type": "Polygon", "coordinates": [[[-103.30384, 21.76923], [-103.30448, 21.76941], [-103.30438, 21.76972], [-103.30381, 21.76956], [-103.30384, 21.76923]]]}}, {"id": "2521869", "type": "Feature", "properties": {"id": "2521869", "CVEGEO": "3204800010150030", "POBTOT": 12.0, "score_nse": 0.0, "NSE": "ND", "VIVTOT": 5.0, "GRAPROES": 8.44, "_ent": "32", "_mun": "048", "_loc": "0001"}, "geometry": {"type": "Polygon", "coordinates": [[[-103.29566, 21.78375], [-103.2957, 21.78324], [-103.29594, 21.78328], [-103.29581, 21.78377], [-103.29566, 21.78375]]]}}, {"id": "2521870", "type": "Feature", "properties": {"id": "2521870", "CVEGEO": "3204800010150011", "POBTOT": 17.0, "score_nse": 0.0, "NSE": "ND", "VIVTOT": 12.0, "GRAPROES": 11.75, "_ent": "32", "_mun": "048", "_loc": "0001"}, "geometry": {"type": "Polygon", "coordinates": [[[-103.30125, 21.78449], [-103.30118, 21.78483], [-103.30047, 21.78466], [-103.30047, 21.78465], [-103.30125, 21.78449]]]}}, {"id": "2521871", "type": "Feature", "properties": {"id": "2521871", "CVEGEO": "3204800010165050", "POBTOT": 0.0, "score_nse": 0.0, "NSE": "ND", "VIVTOT": 0.0, "GRAPROES": 0.0, "_ent": "32", "_mun": "048", "_loc": "0001"}, "geometry": {"type": "Polygon", "coordinates": [[[-103.29418, 21.78315], [-103.29496, 21.78328], [-103.29502, 21.78362], [-103.29413, 21.78347], [-103.29418, 21.78315]]]}}, {"id": "2521872", "type": "Feature", "properties": {"id": "2521872", "CVEGEO": "3204800010273037", "POBTOT": 0.0, "score_nse": 0.0, "NSE": "ND", "VIVTOT": 0.0, "GRAPROES": 0.0, "_ent": "32", "_mun": "048", "_loc": "0001"}, "geometry": {"type": "Polygon", "coordinates": [[[-103.30583, 21.78228], [-103.30659, 21.78244], [-103.30646, 21.78295], [-103.30573, 21.78275], [-103.30583, 21.78228]]]}}, {"id": "2521873", "type": "Feature", "properties": {"id": "2521873", "CVEGEO": "3204800010273017", "POBTOT": 5.0, "score_nse": 0.0, "NSE": "ND", "VIVTOT": 2.0, "GRAPROES": 0.0, "_ent": "32", "_mun": "048", "_loc": "0001"}, "geometry": {"type": "Polygon", "coordinates": [[[-103.31091, 21.77664], [-103.31104, 21.77654], [-103.31107, 21.77656], [-103.31103, 21.77672], [-103.31091, 21.77664]]]}}, {"id": "2521874", "type": "Feature", "properties": {"id": "2521874", "CVEGEO": "3204800010305002", "POBTOT": 3.0, "score_nse": 0.0, "NSE": "ND", "VIVTOT": 1.0, "GRAPROES": 0.0, "_ent": "32", "_mun": "048", "_loc": "0001"}, "geometry": {"type": "Polygon", "coordinates": [[[-103.29293, 21.768], [-103.29324, 21.76814], [-103.29308, 21.76922], [-103.29276, 21.76916], [-103.29293, 21.768]]]}}, {"id": "2521875", "type": "Feature", "properties": {"id": "2521875", "CVEGEO": "3204800010273019", "POBTOT": 82.0, "score_nse": 52.6175, "NSE": "C-", "VIVTOT": 32.0, "GRAPROES": 7.97, "_ent": "32", "_mun": "048", "_loc": "0001"}, "geometry": {"type": "Polygon", "coordinates": [[[-103.30944, 21.7782], [-103.31036, 21.77838], [-103.31016, 21.77924], [-103.30926, 21.77907], [-103.30944, 21.7782]]]}}, {"id": "2521876", "type": "Feature", "properties": {"id": "2521876", "CVEGEO": "3204800010292004", "POBTOT": 51.0, "score_nse": 80.3267, "NSE": "C+", "VIVTOT": 12.0, "GRAPROES": 10.43, "_ent": "32", "_mun": "048", "_loc": "0001"}, "geometry": {"type": "Polygon", "coordinates": [[[-103.30458, 21.76943], [-103.30491, 21.76953], [-103.30464, 21.77036], [-103.30428, 21.77037], [-103.30458, 21.76943]]]}}, {"id": "2521877", "type": "Feature", "properties": {"id": "2521877", "CVEGEO": "3204800230019012", "POBTOT": 0.0, "score_nse": 0.0, "NSE": null, "VIVTOT": 0.0, "GRAPROES": 0.0, "_ent": "32", "_mun": "048", "_loc": "0023"}, "geometry": {"type": "Polygon", "coordinates": [[[-103.30075, 21.84738], [-103.2995, 21.84743], [-103.29937, 21.84807], [-103.29846, 21.84811], [-103.2982, 21.84707], [-103.29829, 21.84573], [-103.30034, 21.84559], [-103.30075, 21.84738]]]}}, {"id": "2521878", "type": "Feature", "properties": {"id": "2521878", "CVEGEO": "3204800010273015", "POBTOT": 62.0, "score_nse": 0.0, "NSE": "ND", "VIVTOT": 31.0, "GRAPROES": 7.37, "_ent": "32", "_mun": "048", "_loc": "0001"}, "geometry": {"type": "Polygon", "coordinates": [[[-103.30929, 21.77532], [-103.30993, 21.77552], [-103.30973, 21.77641], [-103.30902, 21.77623], [-103.30929, 21.77532]]]}}, {"id": "2521879", "type": "Feature", "properties": {"id": "2521879", "CVEGEO": "320480001031A009", "POBTOT": 40.0, "score_nse": 65.8933, "NSE": "C", "VIVTOT": 9.0, "GRAPROES": 10.78, "_ent": "32", "_mun": "048", "_loc": "0001"}, "geometry": {"type": "Polygon", "coordinates": [[[-103.28548, 21.77223], [-103.28597, 21.77283], [-103.28568, 21.77304], [-103.28527, 21.77254], [-103.28548, 21.77223]]]}}, {"id": "2521880", "type": "Feature", "properties": {"id": "2521880", "CVEGEO": "3204800010131022", "POBTOT": 33.0, "score_nse": 0.0, "NSE": "ND", "VIVTOT": 15.0, "GRAPROES": 8.46, "_ent": "32", "_mun": "048", "_loc": "0001"}, "geometry": {"type": "Polygon", "coordinates": [[[-103.30431, 21.77931], [-103.30478, 21.77941], [-103.30474, 21.77982], [-103.30421, 21.77972], [-103.30431, 21.77931]]]}}, {"id": "2521881", "type": "Feature", "properties": {"id": "2521881", "CVEGEO": "3204800010127021", "POBTOT": 56.0, "score_nse": 0.0, "NSE": "ND", "VIVTOT": 26.0, "GRAPROES": 11.97, "_ent": "32", "_mun": "048", "_loc": "0001"}, "geometry": {"type": "Polygon", "coordinates": [[[-103.30268, 21.78238], [-103.30351, 21.78259], [-103.30338, 21.78313], [-103.30258, 21.78302], [-103.30268, 21.78238]]]}}, {"id": "2521882", "type": "Feature", "properties": {"id": "2521882", "CVEGEO": "3204800500019007", "POBTOT": 0.0, "score_nse": 0.0, "NSE": null, "VIVTOT": 0.0, "GRAPROES": 0.0, "_ent": "32", "_mun": "048", "_loc": "0050"}, "geometry": {"type": "Polygon", "coordinates": [[[-103.30722, 21.87637], [-103.30698, 21.87571], [-103.30873, 21.87548], [-103.3102, 21.87556], [-103.30975, 21.87588], [-103.30968, 21.87613], [-103.30917, 21.87614], [-103.30927, 21.8757], [-103.30887, 21.87565], [-103.30886, 21.87581], [-103.30859, 21.8758], [-103.30851, 21.87602], [-103.30806, 21.87597], [-103.30806, 21.87629], [-103.30722, 21.87637]]]}}, {"id": "2521883", "type": "Feature", "properties": {"id": "2521883", "CVEGEO": "3204800390019028", "POBTOT": 0.0, "score_nse": 0.0, "NSE": null, "VIVTOT": 0.0, "GRAPROES": 0.0, "_ent": "32", "_mun": "048", "_loc": "0039"}, "geometry": {"type": "Polygon", "coordinates": [[[-103.30456, 21.86794], [-103.30288, 21.86727], [-103.30279, 21.8669], [-103.30301, 21.86655], [-103.30431, 21.86634], [-103.3043, 21.86656], [-103.30446, 21.8668], [-103.30438, 21.8671], [-103.30453, 21.86679], [-103.30436, 21.86635], [-103.30509, 21.86666], [-103.30456, 21.86794]]]}}, {"id": "2521884", "type": "Feature", "properties": {"id": "2521884", "CVEGEO": "3204800040108002", "POBTOT": 0.0, "score_nse": 0.0, "NSE": null, "VIVTOT": 0.0, "GRAPROES": 0.0, "_ent": "32", "_mun": "048", "_loc": "0004"}, "geometry": {"type": "Polygon", "coordinates": [[[-103.13952, 21.6665], [-103.13995, 21.66704], [-103.14026, 21.66712], [-103.14011, 21.66781], [-103.13966, 21.66754], [-103.13939, 21.66656], [-103.13952, 21.6665]]]}}, {"id": "2521885", "type": "Feature", "properties": {"id": "2521885", "CVEGEO": "3204800420076004", "POBTOT": 0.0, "score_nse": 0.0, "NSE": null, "VIVTOT": 0.0, "GRAPROES": 0.0, "_ent": "32", "_mun": "048", "_loc": "0042"}, "geometry": {"type": "Polygon", "coordinates": [[[-103.27207, 21.79544], [-103.27232, 21.79438], [-103.27316, 21.79456], [-103.27286, 21.79561], [-103.27207, 21.79544]]]}}, {"id": "2521886", "type": "Feature", "properties": {"id": "2521886", "CVEGEO": "3204800010273011", "POBTOT": 40.0, "score_nse": 56.567, "NSE": "C", "VIVTOT": 24.0, "GRAPROES": 10.88, "_ent": "32", "_mun": "048", "_loc": "0001"}, "geometry": {"type": "Polygon", "coordinates": [[[-103.30683, 21.77764], [-103.30733, 21.77774], [-103.3071, 21.77867], [-103.30662, 21.77857], [-103.30683, 21.77764]]]}}, {"id": "2521887", "type": "Feature", "properties": {"id": "2521887", "CVEGEO": "3204800010131016", "POBTOT": 72.0, "score_nse": 42.7092, "NSE": "C-", "VIVTOT": 26.0, "GRAPROES": 8.19, "_ent": "32", "_mun": "048", "_loc": "0001"}, "geometry": {"type": "Polygon", "coordinates": [[[-103.30312, 21.77942], [-103.30335, 21.77942], [-103.30313, 21.77937], [-103.30321, 21.77901], [-103.30419, 21.77927], [-103.30408, 21.7798], [-103.30361, 21.77983], [-103.3036, 21.7796], [-103.30344, 21.77957], [-103.30345, 21.7799], [-103.30305, 21.77984], [-103.30312, 21.77942]]]}}, {"id": "2521888", "type": "Feature", "properties": {"id": "2521888", "CVEGEO": "3204800010150029", "POBTOT": 35.0, "score_nse": 56.3964, "NSE": "C", "VIVTOT": 22.0, "GRAPROES": 11.63, "_ent": "32", "_mun": "048", "_loc": "0001"}, "geometry": {"type": "Polygon", "coordinates": [[[-103.30367, 21.7847], [-103.30403, 21.78478], [-103.30379, 21.78562], [-103.30343, 21.78594], [-103.30367, 21.7847]]]}}, {"id": "2521889", "type": "Feature", "properties": {"id": "2521889", "CVEGEO": "3204800520076004", "POBTOT": 0.0, "score_nse": 0.0, "NSE": null, "VIVTOT": 0.0, "GRAPROES": 0.0, "_ent": "32", "_mun": "048", "_loc": "0052"}, "geometry": {"type": "Polygon", "coordinates": [[[-103.29791, 21.80534], [-103.29784, 21.80432], [-103.29708, 21.8041], [-103.29711, 21.80384], [-103.29779, 21.80379], [-103.2977, 21.80224], [-103.29787, 21.80222], [-103.2986, 21.80232], [-103.29847, 21.80543], [-103.29791, 21.80534]]]}}, {"id": "2521890", "type": "Feature", "properties": {"id": "2521890", "CVEGEO": "3204800010146020", "POBTOT": 19.0, "score_nse": 0.0, "NSE": "ND", "VIVTOT": 10.0, "GRAPROES": 10.8, "_ent": "32", "_mun": "048", "_loc": "0001"}, "geometry": {"type": "Polygon", "coordinates": [[[-103.30935, 21.77118], [-103.31036, 21.77141], [-103.31029, 21.77171], [-103.30928, 21.77149], [-103.30935, 21.77118]]]}}, {"id": "2521891", "type": "Feature", "properties": {"id": "2521891", "CVEGEO": "3204800010288025", "POBTOT": 3.0, "score_nse": 0.0, "NSE": "ND", "VIVTOT": 4.0, "GRAPROES": 0.0, "_ent": "32", "_mun": "048", "_loc": "0001"}, "geometry": {"type": "Polygon", "coordinates": [[[-103.31187, 21.77415], [-103.31198, 21.77424], [-103.31186, 21.77445], [-103.31173, 21.7744], [-103.31187, 21.77415]]]}}, {"id": "2521892", "type": "Feature", "properties": {"id": "2521892", "CVEGEO": "3204800290080002", "POBTOT": 0.0, "score_nse": 0.0, "NSE": null, "VIVTOT": 0.0, "GRAPROES": 0.0, "_ent": "32", "_mun": "048", "_loc": "0029"}, "geometry": {"type": "Polygon", "coordinates": [[[-103.15918, 21.77761], [-103.15956, 21.7772], [-103.15978, 21.7774], [-103.1595, 21.77785], [-103.15918, 21.77761]]]}}, {"id": "2521893", "type": "Feature", "properties": {"id": "2521893", "CVEGEO": "3204800260038005", "POBTOT": 0.0, "score_nse": 0.0, "NSE": null, "VIVTOT": 0.0, "GRAPROES": 0.0, "_ent": "32", "_mun": "048", "_loc": "0026"}, "geometry": {"type": "Polygon", "coordinates": [[[-103.13697, 21.83095], [-103.13679, 21.83102], [-103.13649, 21.83064], [-103.13627, 21.83012], [-103.13642, 21.82994], [-103.13697, 21.83095]]]}}, {"id": "2521894", "type": "Feature", "properties": {"id": "2521894", "CVEGEO": "3204800010432005", "POBTOT": 3.0, "score_nse": 0.0, "NSE": "ND", "VIVTOT": 2.0, "GRAPROES": 0.0, "_ent": "32", "_mun": "048", "_loc": "0001"}, "geometry": {"type": "Polygon", "coordinates": [[[-103.29195, 21.76569], [-103.29193, 21.76596], [-103.29073, 21.76593], [-103.29074, 21.7657], [-103.29195, 21.76569]]]}}, {"id": "2521895", "type": "Feature", "properties": {"id": "2521895", "CVEGEO": "3204800390019011", "POBTOT": 0.0, "score_nse": 0.0, "NSE": null, "VIVTOT": 0.0, "GRAPROES": 0.0, "_ent": "32", "_mun": "048", "_loc": "0039"}, "geometry": {"type": "Polygon", "coordinates": [[[-103.30713, 21.86276], [-103.3075, 21.86216], [-103.308, 21.86342], [-103.30705, 21.86342], [-103.30713, 21.86276]]]}}, {"id": "2521896", "type": "Feature", "properties": {"id": "2521896", "CVEGEO": "3204800390019033", "POBTOT": 0.0, "score_nse": 0.0, "NSE": null, "VIVTOT": 0.0, "GRAPROES": 0.0, "_ent": "32", "_mun": "048", "_loc": "0039"}, "geometry": {"type": "Polygon", "coordinates": [[[-103.30345, 21.86105], [-103.30353, 21.86065], [-103.30451, 21.86073], [-103.30458, 21.86085], [-103.30456, 21.86104], [-103.30345, 21.86105]]]}}, {"id": "2521897", "type": "Feature", "properties": {"id": "2521897", "CVEGEO": "3204800010343005", "POBTOT": 8.0, "score_nse": 0.0, "NSE": "ND", "VIVTOT": 6.0, "GRAPROES": 0.0, "_ent": "32", "_mun": "048", "_loc": "0001"}, "geometry": {"type": "Polygon", "coordinates": [[[-103.28282, 21.76806], [-103.28362, 21.76857], [-103.28346, 21.76889], [-103.28268, 21.76841], [-103.28282, 21.76806]]]}}, {"id": "2521898", "type": "Feature", "properties": {"id": "2521898", "CVEGEO": "3204800010269049", "POBTOT": 53.0, "score_nse": 53.1313, "NSE": "C-", "VIVTOT": 24.0, "GRAPROES": 10.73, "_ent": "32", "_mun": "048", "_loc": "0001"}, "geometry": {"type": "Polygon", "coordinates": [[[-103.30983, 21.78241], [-103.31007, 21.78105], [-103.31214, 21.7816], [-103.31193, 21.782], [-103.31038, 21.78134], [-103.31022, 21.78199], [-103.31084, 21.78215], [-103.31081, 21.78264], [-103.30983, 21.78241]]]}}, {"id": "2521899", "type": "Feature", "properties": {"id": "2521899", "CVEGEO": "3204800010269012", "POBTOT": 39.0, "score_nse": 61.2762, "NSE": "C", "VIVTOT": 21.0, "GRAPROES": 11.0, "_ent": "32", "_mun": "048", "_loc": "0001"}, "geometry": {"type": "Polygon", "coordinates": [[[-103.31089, 21.78266], [-103.31095, 21.78218], [-103.31215, 21.78268], [-103.31196, 21.78311], [-103.31089, 21.78266]]]}}, {"id": "2521900", "type": "Feature", "properties": {"id": "2521900", "CVEGEO": "3204800260038023", "POBTOT": 0.0, "score_nse": 0.0, "NSE": null, "VIVTOT": 0.0, "GRAPROES": 0.0, "_ent": "32", "_mun": "048", "_loc": "0026"}, "geometry": {"type": "Polygon", "coordinates": [[[-103.13829, 21.83231], [-103.13798, 21.8321], [-103.13843, 21.83156], [-103.13862, 21.83171], [-103.13829, 21.83231]]]}}, {"id": "2521901", "type": "Feature", "properties": {"id": "2521901", "CVEGEO": "3204800010305003", "POBTOT": 57.0, "score_nse": 62.96, "NSE": "C", "VIVTOT": 25.0, "GRAPROES": 10.64, "_ent": "32", "_mun": "048", "_loc": "0001"}, "geometry": {"type": "Polygon", "coordinates": [[[-103.29409, 21.7703], [-103.29406, 21.77052], [-103.29368, 21.77048], [-103.29372, 21.77003], [-103.29351, 21.77], [-103.29354, 21.76983], [-103.29432, 21.76983], [-103.29355, 21.76974], [-103.2936, 21.76937], [-103.29438, 21.76938], [-103.29362, 21.76929], [-103.29366, 21.76896], [-103.29442, 21.76897], [-103.29368, 21.76887], [-103.29375, 21.76838], [-103.29446, 21.76864], [-103.29231, 21.76764], [-103.29231, 21.76744], [-103.29213, 21.76989], [-103.29198, 21.76979], [-103.29208, 21.7673], [-103.29585, 21.76893], [-103.29545, 21.7717], [-103.29431, 21.77132], [-103.29445, 21.77035], [-103.29409, 21.7703]]]}}, {"id": "2521902", "type": "Feature", "properties": {"id": "2521902", "CVEGEO": "3204800010273039", "POBTOT": 14.0, "score_nse": 0.0, "NSE": "ND", "VIVTOT": 13.0, "GRAPROES": 12.5, "_ent": "32", "_mun": "048", "_loc": "0001"}, "geometry": {"type": "Polygon", "coordinates": [[[-103.30499, 21.78195], [-103.30577, 21.78209], [-103.30571, 21.78238], [-103.3049, 21.78224], [-103.30499, 21.78195]]]}}, {"id": "2521903", "type": "Feature", "properties": {"id": "2521903", "CVEGEO": "3204800010305029", "POBTOT": 37.0, "score_nse": 57.32, "NSE": "C", "VIVTOT": 14.0, "GRAPROES": 10.15, "_ent": "32", "_mun": "048", "_loc": "0001"}, "geometry": {"type": "Polygon", "coordinates": [[[-103.29017, 21.77277], [-103.29049, 21.7728], [-103.29041, 21.7732], [-103.2901, 21.77314], [-103.29017, 21.77277]]]}}, {"id": "2521904", "type": "Feature", "properties": {"id": "2521904", "CVEGEO": "3204800010165019", "POBTOT": 0.0, "score_nse": 0.0, "NSE": "ND", "VIVTOT": 0.0, "GRAPROES": 0.0, "_ent": "32", "_mun": "048", "_loc": "0001"}, "geometry": {"type": "Polygon", "coordinates": [[[-103.29307, 21.78269], [-103.29351, 21.78263], [-103.29366, 21.78284], [-103.29299, 21.78306], [-103.29307, 21.78269]]]}}, {"id": "2521905", "type": "Feature", "properties": {"id": "2521905", "CVEGEO": "3204800010131046", "POBTOT": 35.0, "score_nse": 0.0, "NSE": "ND", "VIVTOT": 10.0, "GRAPROES": 9.63, "_ent": "32", "_mun": "048", "_loc": "0001"}, "geometry": {"type": "Polygon", "coordinates": [[[-103.29592, 21.77844], [-103.29626, 21.77861], [-103.29623, 21.77937], [-103.29584, 21.77929], [-103.29592, 21.77844]]]}}, {"id": "2521906", "type": "Feature", "properties": {"id": "2521906", "CVEGEO": "3204800500019014", "POBTOT": 0.0, "score_nse": 0.0, "NSE": null, "VIVTOT": 0.0, "GRAPROES": 0.0, "_ent": "32", "_mun": "048", "_loc": "0050"}, "geometry": {"type": "Polygon", "coordinates": [[[-103.31301, 21.8757], [-103.31214, 21.87567], [-103.31215, 21.87538], [-103.31291, 21.87538], [-103.31304, 21.87552], [-103.31301, 21.8757]]]}}, {"id": "2521907", "type": "Feature", "properties": {"id": "2521907", "CVEGEO": "3204800010273013", "POBTOT": 72.0, "score_nse": 59.488, "NSE": "C", "VIVTOT": 25.0, "GRAPROES": 11.07, "_ent": "32", "_mun": "048", "_loc": "0001"}, "geometry": {"type": "Polygon", "coordinates": [[[-103.3075, 21.77469], [-103.30808, 21.77481], [-103.3078, 21.77588], [-103.30725, 21.77577], [-103.3075, 21.77469]]]}}, {"id": "2521908", "type": "Feature", "properties": {"id": "2521908", "CVEGEO": "3204800010269027", "POBTOT": 8.0, "score_nse": 66.3978, "NSE": "C", "VIVTOT": 9.0, "GRAPROES": 14.13, "_ent": "32", "_mun": "048", "_loc": "0001"}, "geometry": {"type": "Polygon", "coordinates": [[[-103.30716, 21.7825], [-103.30712, 21.78313], [-103.30657, 21.78302], [-103.3067, 21.78244], [-103.30716, 21.7825]]]}}, {"id": "2521909", "type": "Feature", "properties": {"id": "2521909", "CVEGEO": "3204800010131033", "POBTOT": 30.0, "score_nse": 60.579, "NSE": "C", "VIVTOT": 8.0, "GRAPROES": 9.21, "_ent": "32", "_mun": "048", "_loc": "0001"}, "geometry": {"type": "Polygon", "coordinates": [[[-103.29679, 21.7789], [-103.2972, 21.77908], [-103.29717, 21.77956], [-103.29678, 21.77948], [-103.29679, 21.7789]]]}}, {"id": "2521910", "type": "Feature", "properties": {"id": "2521910", "CVEGEO": "3204800010269054", "POBTOT": 10.0, "score_nse": 0.0, "NSE": "ND", "VIVTOT": 3.0, "GRAPROES": 8.71, "_ent": "32", "_mun": "048", "_loc": "0001"}, "geometry": {"type": "Polygon", "coordinates": [[[-103.31167, 21.78656], [-103.31183, 21.78605], [-103.31227, 21.78616], [-103.31167, 21.78656]]]}}, {"id": "2521911", "type": "Feature", "properties": {"id": "2521911", "CVEGEO": "3204800010131049", "POBTOT": 22.0, "score_nse": 94.5253, "NSE": "A/B", "VIVTOT": 6.0, "GRAPROES": 14.08, "_ent": "32", "_mun": "048", "_loc": "0001"}, "geometry": {"type": "Polygon", "coordinates": [[[-103.30416, 21.77547], [-103.30418, 21.77602], [-103.30385, 21.77594], [-103.30384, 21.77547], [-103.30416, 21.77547]]]}}, {"id": "2521912", "type": "Feature", "properties": {"id": "2521912", "CVEGEO": "3204800010165010", "POBTOT": 26.0, "score_nse": 0.0, "NSE": "ND", "VIVTOT": 10.0, "GRAPROES": 9.37, "_ent": "32", "_mun": "048", "_loc": "0001"}, "geometry": {"type": "Polygon", "coordinates": [[[-103.29237, 21.78412], [-103.29271, 21.78417], [-103.29266, 21.78445], [-103.29233, 21.78436], [-103.29237, 21.78412]]]}}, {"id": "2521913", "type": "Feature", "properties": {"id": "2521913", "CVEGEO": "3204800290080001", "POBTOT": 0.0, "score_nse": 0.0, "NSE": null, "VIVTOT": 0.0, "GRAPROES": 0.0, "_ent": "32", "_mun": "048", "_loc": "0029"}, "geometry": {"type": "Polygon", "coordinates": [[[-103.15812, 21.77662], [-103.15897, 21.77573], [-103.15985, 21.77698], [-103.15903, 21.77732], [-103.15824, 21.77801], [-103.15752, 21.77751], [-103.15839, 21.77682], [-103.15812, 21.77662]]]}}, {"id": "2521914", "type": "Feature", "properties": {"id": "2521914", "CVEGEO": "320480001031A015", "POBTOT": 3.0, "score_nse": 0.0, "NSE": "ND", "VIVTOT": 1.0, "GRAPROES": 0.0, "_ent": "32", "_mun": "048", "_loc": "0001"}, "geometry": {"type": "Polygon", "coordinates": [[[-103.28591, 21.77366], [-103.28601, 21.77357], [-103.28615, 21.77374], [-103.28604, 21.77381], [-103.28591, 21.77366]]]}}, {"id": "2521915", "type": "Feature", "properties": {"id": "2521915", "CVEGEO": "3204800010305023", "POBTOT": 0.0, "score_nse": 0.0, "NSE": "ND", "VIVTOT": 0.0, "GRAPROES": 0.0, "_ent": "32", "_mun": "048", "_loc": "0001"}, "geometry": {"type": "Polygon", "coordinates": [[[-103.29179, 21.76965], [-103.29117, 21.76936], [-103.2914, 21.76894], [-103.2918, 21.7691], [-103.29179, 21.76965]]]}}, {"id": "2521916", "type": "Feature", "properties": {"id": "2521916", "CVEGEO": "3204800010131007", "POBTOT": 107.0, "score_nse": 46.5002, "NSE": "C-", "VIVTOT": 48.0, "GRAPROES": 8.06, "_ent": "32", "_mun": "048", "_loc": "0001"}, "geometry": {"type": "Polygon", "coordinates": [[[-103.30213, 21.77894], [-103.30209, 21.77923], [-103.30093, 21.77879], [-103.30109, 21.77811], [-103.30322, 21.77845], [-103.30314, 21.7789], [-103.30241, 21.77878], [-103.30313, 21.77898], [-103.30295, 21.7798], [-103.30211, 21.77927], [-103.30213, 21.77894]]]}}, {"id": "2521917", "type": "Feature", "properties": {"id": "2521917", "CVEGEO": "3204800010413001", "POBTOT": 86.0, "score_nse": 50.4117, "NSE": "C-", "VIVTOT": 24.0, "GRAPROES": 8.63, "_ent": "32", "_mun": "048", "_loc": "0001"}, "geometry": {"type": "Polygon", "coordinates": [[[-103.2856, 21.78281], [-103.28614, 21.78128], [-103.28682, 21.7814], [-103.28679, 21.78157], [-103.28643, 21.78151], [-103.28584, 21.78311], [-103.2856, 21.78281]]]}}, {"id": "2521918", "type": "Feature", "properties": {"id": "2521918", "CVEGEO": "3204800010199005", "POBTOT": 23.0, "score_nse": 0.0, "NSE": "ND", "VIVTOT": 6.0, "GRAPROES": 8.29, "_ent": "32", "_mun": "048", "_loc": "0001"}, "geometry": {"type": "Polygon", "coordinates": [[[-103.29998, 21.78836], [-103.30012, 21.78866], [-103.30032, 21.7891], [-103.2997, 21.78896], [-103.29977, 21.78844], [-103.29998, 21.78836]]]}}, {"id": "2521919", "type": "Feature", "properties": {"id": "2521919", "CVEGEO": "3204800260038019", "POBTOT": 0.0, "score_nse": 0.0, "NSE": null, "VIVTOT": 0.0, "GRAPROES": 0.0, "_ent": "32", "_mun": "048", "_loc": "0026"}, "geometry": {"type": "Polygon", "coordinates": [[[-103.13631, 21.82969], [-103.13597, 21.8293], [-103.1361, 21.82892], [-103.13669, 21.82935], [-103.13631, 21.82969]]]}}, {"id": "2521920", "type": "Feature", "properties": {"id": "2521920", "CVEGEO": "3204800010199018", "POBTOT": 0.0, "score_nse": 0.0, "NSE": "ND", "VIVTOT": 0.0, "GRAPROES": 0.0, "_ent": "32", "_mun": "048", "_loc": "0001"}, "geometry": {"type": "Polygon", "coordinates": [[[-103.2957, 21.792], [-103.29625, 21.79256], [-103.2961, 21.79287], [-103.29566, 21.79246], [-103.2957, 21.792]]]}}, {"id": "2521921", "type": "Feature", "properties": {"id": "2521921", "CVEGEO": "3204800010269043", "POBTOT": 37.0, "score_nse": 61.1403, "NSE": "C", "VIVTOT": 26.0, "GRAPROES": 12.66, "_ent": "32", "_mun": "048", "_loc": "0001"}, "geometry": {"type": "Polygon", "coordinates": [[[-103.30469, 21.78295], [-103.30549, 21.7832], [-103.3054, 21.78362], [-103.30455, 21.78339], [-103.30469, 21.78295]]]}}, {"id": "2521922", "type": "Feature", "properties": {"id": "2521922", "CVEGEO": "3204800010131040", "POBTOT": 43.0, "score_nse": 0.0, "NSE": "ND", "VIVTOT": 13.0, "GRAPROES": 8.07, "_ent": "32", "_mun": "048", "_loc": "0001"}, "geometry": {"type": "Polygon", "coordinates": [[[-103.29677, 21.77957], [-103.29717, 21.77966], [-103.29714, 21.78041], [-103.29675, 21.78033], [-103.29677, 21.77957]]]}}, {"id": "2521923", "type": "Feature", "properties": {"id": "2521923", "CVEGEO": "3204800010273002", "POBTOT": 78.0, "score_nse": 65.3506, "NSE": "C", "VIVTOT": 28.0, "GRAPROES": 10.21, "_ent": "32", "_mun": "048", "_loc": "0001"}, "geometry": {"type": "Polygon", "coordinates": [[[-103.30764, 21.7778], [-103.30847, 21.77798], [-103.30824, 21.77889], [-103.30734, 21.77872], [-103.30764, 21.7778]]]}}, {"id": "2521924", "type": "Feature", "properties": {"id": "2521924", "CVEGEO": "3204800390019014", "POBTOT": 0.0, "score_nse": 0.0, "NSE": null, "VIVTOT": 0.0, "GRAPROES": 0.0, "_ent": "32", "_mun": "048", "_loc": "0039"}, "geometry": {"type": "Polygon", "coordinates": [[[-103.30511, 21.8648], [-103.30525, 21.86527], [-103.30512, 21.8653], [-103.30508, 21.86508], [-103.30511, 21.8648]]]}}, {"id": "2521925", "type": "Feature", "properties": {"id": "2521925", "CVEGEO": "3204800390019015", "POBTOT": 0.0, "score_nse": 0.0, "NSE": null, "VIVTOT": 0.0, "GRAPROES": 0.0, "_ent": "32", "_mun": "048", "_loc": "0039"}, "geometry": {"type": "Polygon", "coordinates": [[[-103.30432, 21.86509], [-103.30472, 21.86529], [-103.30447, 21.86627], [-103.30358, 21.86517], [-103.30432, 21.86509]]]}}, {"id": "2521926", "type": "Feature", "properties": {"id": "2521926", "CVEGEO": "3204800010269031", "POBTOT": 9.0, "score_nse": 0.0, "NSE": "ND", "VIVTOT": 5.0, "GRAPROES": 0.0, "_ent": "32", "_mun": "048", "_loc": "0001"}, "geometry": {"type": "Polygon", "coordinates": [[[-103.31273, 21.78307], [-103.31293, 21.78323], [-103.31267, 21.78381], [-103.31247, 21.78356], [-103.31273, 21.78307]]]}}, {"id": "2521927", "type": "Feature", "properties": {"id": "2521927", "CVEGEO": "3204800560042001", "POBTOT": 0.0, "score_nse": 0.0, "NSE": null, "VIVTOT": 0.0, "GRAPROES": 0.0, "_ent": "32", "_mun": "048", "_loc": "0056"}, "geometry": {"type": "Polygon", "coordinates": [[[-103.32187, 21.77793], [-103.32181, 21.77743], [-103.32135, 21.77738], [-103.3211, 21.77708], [-103.32078, 21.77704], [-103.32085, 21.77676], [-103.32113, 21.77685], [-103.32202, 21.77743], [-103.32163, 21.77701], [-103.32088, 21.77674], [-103.32103, 21.77665], [-103.32087, 21.77663], [-103.32089, 21.77632], [-103.32121, 21.77636], [-103.32121, 21.77652], [-103.32166, 21.77651], [-103.32185, 21.77688], [-103.32247, 21.77713], [-103.32229, 21.77755], [-103.32248, 21.7778], [-103.32222, 21.77773], [-103.32214, 21.77792], [-103.32187, 21.77793]]]}}, {"id": "2521928", "type": "Feature", "properties": {"id": "2521928", "CVEGEO": "3204800010381002", "POBTOT": 0.0, "score_nse": 0.0, "NSE": "ND", "VIVTOT": 0.0, "GRAPROES": 0.0, "_ent": "32", "_mun": "048", "_loc": "0001"}, "geometry": {"type": "Polygon", "coordinates": [[[-103.29474, 21.79235], [-103.29479, 21.79221], [-103.29531, 21.79257], [-103.29546, 21.79174], [-103.29561, 21.79191], [-103.2955, 21.79293], [-103.29474, 21.79235]]]}}, {"id": "2521929", "type": "Feature", "properties": {"id": "2521929", "CVEGEO": "3204800010269006", "POBTOT": 39.0, "score_nse": 0.0, "NSE": "ND", "VIVTOT": 18.0, "GRAPROES": 7.97, "_ent": "32", "_mun": "048", "_loc": "0001"}, "geometry": {"type": "Polygon", "coordinates": [[[-103.31016, 21.78518], [-103.30963, 21.78484], [-103.30985, 21.78406], [-103.31034, 21.78416], [-103.31016, 21.78518]]]}}, {"id": "2521930", "type": "Feature", "properties": {"id": "2521930", "CVEGEO": "3204800010150006", "POBTOT": 82.0, "score_nse": 57.263, "NSE": "C", "VIVTOT": 32.0, "GRAPROES": 10.35, "_ent": "32", "_mun": "048", "_loc": "0001"}, "geometry": {"type": "Polygon", "coordinates": [[[-103.30065, 21.78282], [-103.30157, 21.78297], [-103.30146, 21.7835], [-103.3005, 21.78328], [-103.30065, 21.78282]]]}}, {"id": "2521931", "type": "Feature", "properties": {"id": "2521931", "CVEGEO": "320480001017A015", "POBTOT": 16.0, "score_nse": 0.0, "NSE": "ND", "VIVTOT": 5.0, "GRAPROES": 9.0, "_ent": "32", "_mun": "048", "_loc": "0001"}, "geometry": {"type": "Polygon", "coordinates": [[[-103.29003, 21.7763], [-103.28842, 21.77593], [-103.28851, 21.77566], [-103.29027, 21.77604], [-103.29038, 21.77619], [-103.29003, 21.7763]]]}}, {"id": "2521932", "type": "Feature", "properties": {"id": "2521932", "CVEGEO": "3204800010362015", "POBTOT": 63.0, "score_nse": 52.5973, "NSE": "C-", "VIVTOT": 30.0, "GRAPROES": 9.88, "_ent": "32", "_mun": "048", "_loc": "0001"}, "geometry": {"type": "Polygon", "coordinates": [[[-103.30113, 21.78552], [-103.30188, 21.78574], [-103.30189, 21.78576], [-103.30102, 21.78616], [-103.30113, 21.78552]]]}}, {"id": "2521933", "type": "Feature", "properties": {"id": "2521933", "CVEGEO": "3204800010165006", "POBTOT": 61.0, "score_nse": 0.0, "NSE": "ND", "VIVTOT": 18.0, "GRAPROES": 7.23, "_ent": "32", "_mun": "048", "_loc": "0001"}, "geometry": {"type": "Polygon", "coordinates": [[[-103.28924, 21.78332], [-103.28808, 21.78349], [-103.28803, 21.78317], [-103.28864, 21.78306], [-103.28847, 21.78299], [-103.2885, 21.78182], [-103.28908, 21.78185], [-103.28909, 21.78175], [-103.2884, 21.78172], [-103.28837, 21.78263], [-103.28797, 21.7827], [-103.28774, 21.78161], [-103.28903, 21.78135], [-103.28912, 21.78029], [-103.28937, 21.78026], [-103.29059, 21.78093], [-103.29133, 21.78083], [-103.29231, 21.78123], [-103.29218, 21.78306], [-103.29243, 21.78294], [-103.29237, 21.78342], [-103.29183, 21.78355], [-103.28924, 21.78332]]]}}, {"id": "2521934", "type": "Feature", "properties": {"id": "2521934", "CVEGEO": "3204800190019002", "POBTOT": 0.0, "score_nse": 0.0, "NSE": null, "VIVTOT": 0.0, "GRAPROES": 0.0, "_ent": "32", "_mun": "048", "_loc": "0019"}, "geometry": {"type": "Polygon", "coordinates": [[[-103.27899, 21.84293], [-103.27985, 21.84283], [-103.28, 21.84305], [-103.27948, 21.84307], [-103.27949, 21.84353], [-103.27903, 21.84367], [-103.27899, 21.84293]]]}}, {"id": "2521935", "type": "Feature", "properties": {"id": "2521935", "CVEGEO": "3204800010273027", "POBTOT": 63.0, "score_nse": 60.66, "NSE": "C", "VIVTOT": 25.0, "GRAPROES": 9.98, "_ent": "32", "_mun": "048", "_loc": "0001"}, "geometry": {"type": "Polygon", "coordinates": [[[-103.30648, 21.77573], [-103.30708, 21.77586], [-103.30669, 21.77753], [-103.3061, 21.77741], [-103.30648, 21.77573]]]}}, {"id": "2521936", "type": "Feature", "properties": {"id": "2521936", "CVEGEO": "3204800260038004", "POBTOT": 0.0, "score_nse": 0.0, "NSE": null, "VIVTOT": 0.0, "GRAPROES": 0.0, "_ent": "32", "_mun": "048", "_loc": "0026"}, "geometry": {"type": "Polygon", "coordinates": [[[-103.13633, 21.83099], [-103.13573, 21.83056], [-103.1362, 21.83016], [-103.13656, 21.83084], [-103.13633, 21.83099]]]}}, {"id": "2521937", "type": "Feature", "properties": {"id": "2521937", "CVEGEO": "3204800200095001", "POBTOT": 0.0, "score_nse": 0.0, "NSE": null, "VIVTOT": 0.0, "GRAPROES": 0.0, "_ent": "32", "_mun": "048", "_loc": "0020"}, "geometry": {"type": "Polygon", "coordinates": [[[-103.21338, 21.73054], [-103.21361, 21.73081], [-103.21355, 21.73116], [-103.21282, 21.73072], [-103.21338, 21.73054]]]}}, {"id": "2521938", "type": "Feature", "properties": {"id": "2521938", "CVEGEO": "3204800010269023", "POBTOT": 47.0, "score_nse": 62.0747, "NSE": "C", "VIVTOT": 15.0, "GRAPROES": 10.63, "_ent": "32", "_mun": "048", "_loc": "0001"}, "geometry": {"type": "Polygon", "coordinates": [[[-103.31103, 21.7842], [-103.31122, 21.78348], [-103.31146, 21.78291], [-103.31192, 21.78321], [-103.31161, 21.78433], [-103.31103, 21.7842]]]}}, {"id": "2521939", "type": "Feature", "properties": {"id": "2521939", "CVEGEO": "320480001031A001", "POBTOT": 62.0, "score_nse": 82.4347, "NSE": "C+", "VIVTOT": 19.0, "GRAPROES": 12.5, "_ent": "32", "_mun": "048", "_loc": "0001"}, "geometry": {"type": "Polygon", "coordinates": [[[-103.28675, 21.77239], [-103.28756, 21.77338], [-103.28729, 21.77358], [-103.28648, 21.77259], [-103.28675, 21.77239]]]}}, {"id": "2521940", "type": "Feature", "properties": {"id": "2521940", "CVEGEO": "3204800010362022", "POBTOT": 31.0, "score_nse": 63.2686, "NSE": "C", "VIVTOT": 14.0, "GRAPROES": 12.04, "_ent": "32", "_mun": "048", "_loc": "0001"}, "geometry": {"type": "Polygon", "coordinates": [[[-103.29677, 21.7848], [-103.29758, 21.78493], [-103.29753, 21.78506], [-103.29666, 21.7852], [-103.29677, 21.7848]]]}}, {"id": "2521941", "type": "Feature", "properties": {"id": "2521941", "CVEGEO": "3204800010305014", "POBTOT": 14.0, "score_nse": 0.0, "NSE": "ND", "VIVTOT": 5.0, "GRAPROES": 10.67, "_ent": "32", "_mun": "048", "_loc": "0001"}, "geometry": {"type": "Polygon", "coordinates": [[[-103.28708, 21.76882], [-103.28737, 21.7688], [-103.28791, 21.76755], [-103.28785, 21.76638], [-103.28991, 21.76682], [-103.29051, 21.76733], [-103.29048, 21.76795], [-103.29105, 21.76814], [-103.29088, 21.76862], [-103.29042, 21.76844], [-103.29085, 21.76868], [-103.29063, 21.76917], [-103.28718, 21.76923], [-103.28708, 21.76882]]]}}, {"id": "2521942", "type": "Feature", "properties": {"id": "2521942", "CVEGEO": "3204800010127024", "POBTOT": 164.0, "score_nse": 0.0, "NSE": "ND", "VIVTOT": 68.0, "GRAPROES": 9.88, "_ent": "32", "_mun": "048", "_loc": "0001"}, "geometry": {"type": "Polygon", "coordinates": [[[-103.29965, 21.7823], [-103.29951, 21.78256], [-103.29792, 21.78234], [-103.29815, 21.78177], [-103.30077, 21.78212], [-103.30058, 21.78272], [-103.29962, 21.78258], [-103.29965, 21.7823]]]}}, {"id": "2521943", "type": "Feature", "properties": {"id": "2521943", "CVEGEO": "3204800010273004", "POBTOT": 101.0, "score_nse": 52.6789, "NSE": "C-", "VIVTOT": 42.0, "GRAPROES": 8.9, "_ent": "32", "_mun": "048", "_loc": "0001"}, "geometry": {"type": "Polygon", "coordinates": [[[-103.309, 21.7763], [-103.30947, 21.77641], [-103.30908, 21.77803], [-103.30857, 21.77795], [-103.309, 21.7763]]]}}, {"id": "2521944", "type": "Feature", "properties": {"id": "2521944", "CVEGEO": "3204800110095015", "POBTOT": 0.0, "score_nse": 0.0, "NSE": null, "VIVTOT": 0.0, "GRAPROES": 0.0, "_ent": "32", "_mun": "048", "_loc": "0011"}, "geometry": {"type": "Polygon", "coordinates": [[[-103.30988, 21.71272], [-103.30935, 21.71398], [-103.30815, 21.71317], [-103.30886, 21.71221], [-103.30942, 21.71239], [-103.30924, 21.71297], [-103.30951, 21.71234], [-103.30939, 21.71231], [-103.30944, 21.71174], [-103.30972, 21.7123], [-103.30946, 21.71153], [-103.3098, 21.71156], [-103.31012, 21.71098], [-103.31061, 21.7111], [-103.31061, 21.71146], [-103.30962, 21.71413], [-103.30941, 21.71401], [-103.30988, 21.71272]]]}}, {"id": "2521945", "type": "Feature", "properties": {"id": "2521945", "CVEGEO": "3204800010273007", "POBTOT": 42.0, "score_nse": 63.88, "NSE": "C", "VIVTOT": 17.0, "GRAPROES": 10.0, "_ent": "32", "_mun": "048", "_loc": "0001"}, "geometry": {"type": "Polygon", "coordinates": [[[-103.30856, 21.78041], [-103.30889, 21.77909], [-103.30916, 21.77914], [-103.30885, 21.78047], [-103.30856, 21.78041]]]}}, {"id": "2521946", "type": "Feature", "properties": {"id": "2521946", "CVEGEO": "3204800010150009", "POBTOT": 9.0, "score_nse": 0.0, "NSE": "ND", "VIVTOT": 6.0, "GRAPROES": 11.5, "_ent": "32", "_mun": "048", "_loc": "0001"}, "geometry": {"type": "Polygon", "coordinates": [[[-103.30141, 21.78418], [-103.3017, 21.78424], [-103.3017, 21.78427], [-103.30139, 21.78433], [-103.30141, 21.78418]]]}}, {"id": "2521947", "type": "Feature", "properties": {"id": "2521947", "CVEGEO": "3204800140023007", "POBTOT": 0.0, "score_nse": 0.0, "NSE": null, "VIVTOT": 0.0, "GRAPROES": 0.0, "_ent": "32", "_mun": "048", "_loc": "0014"}, "geometry": {"type": "Polygon", "coordinates": [[[-103.26846, 21.90359], [-103.26867, 21.90358], [-103.26865, 21.90401], [-103.26845, 21.90402], [-103.26846, 21.90359]]]}}, {"id": "2521948", "type": "Feature", "properties": {"id": "2521948", "CVEGEO": "3204800010339008", "POBTOT": 7.0, "score_nse": 0.0, "NSE": "ND", "VIVTOT": 8.0, "GRAPROES": 8.67, "_ent": "32", "_mun": "048", "_loc": "0001"}, "geometry": {"type": "Polygon", "coordinates": [[[-103.28778, 21.78246], [-103.28782, 21.78273], [-103.28695, 21.7829], [-103.28704, 21.7826], [-103.28778, 21.78246]]]}}, {"id": "2521949", "type": "Feature", "properties": {"id": "2521949", "CVEGEO": "3204800010447001", "POBTOT": 59.0, "score_nse": 48.8407, "NSE": "C-", "VIVTOT": 24.0, "GRAPROES": 8.95, "_ent": "32", "_mun": "048", "_loc": "0001"}, "geometry": {"type": "Polygon", "coordinates": [[[-103.28382, 21.77055], [-103.28442, 21.77087], [-103.28432, 21.7711], [-103.28374, 21.77082], [-103.28382, 21.77055]]]}}, {"id": "2521950", "type": "Feature", "properties": {"id": "2521950", "CVEGEO": "3204800010362018", "POBTOT": 38.0, "score_nse": 55.8867, "NSE": "C", "VIVTOT": 12.0, "GRAPROES": 7.87, "_ent": "32", "_mun": "048", "_loc": "0001"}, "geometry": {"type": "Polygon", "coordinates": [[[-103.29741, 21.78681], [-103.29806, 21.78707], [-103.29791, 21.78754], [-103.29728, 21.78731], [-103.29741, 21.78681]]]}}, {"id": "2521951", "type": "Feature", "properties": {"id": "2521951", "CVEGEO": "3204800010150002", "POBTOT": 42.0, "score_nse": 58.5106, "NSE": "C", "VIVTOT": 17.0, "GRAPROES": 8.58, "_ent": "32", "_mun": "048", "_loc": "0001"}, "geometry": {"type": "Polygon", "coordinates": [[[-103.30032, 21.78394], [-103.30132, 21.78417], [-103.30127, 21.78433], [-103.30014, 21.78455], [-103.30032, 21.78394]]]}}, {"id": "2521952", "type": "Feature", "properties": {"id": "2521952", "CVEGEO": "3204800010269024", "POBTOT": 24.0, "score_nse": 0.0, "NSE": "ND", "VIVTOT": 15.0, "GRAPROES": 8.2, "_ent": "32", "_mun": "048", "_loc": "0001"}, "geometry": {"type": "Polygon", "coordinates": [[[-103.31101, 21.7843], [-103.3116, 21.78444], [-103.31136, 21.78555], [-103.31077, 21.78541], [-103.31101, 21.7843]]]}}, {"id": "2521953", "type": "Feature", "properties": {"id": "2521953", "CVEGEO": "3204800010165024", "POBTOT": 13.0, "score_nse": 0.0, "NSE": "ND", "VIVTOT": 3.0, "GRAPROES": 7.5, "_ent": "32", "_mun": "048", "_loc": "0001"}, "geometry": {"type": "Polygon", "coordinates": [[[-103.29212, 21.78701], [-103.29246, 21.78654], [-103.29339, 21.7869], [-103.29311, 21.78753], [-103.29212, 21.78701]]]}}, {"id": "2521954", "type": "Feature", "properties": {"id": "2521954", "CVEGEO": "3204800010273036", "POBTOT": 31.0, "score_nse": 66.8595, "NSE": "C", "VIVTOT": 16.0, "GRAPROES": 12.9, "_ent": "32", "_mun": "048", "_loc": "0001"}, "geometry": {"type": "Polygon", "coordinates": [[[-103.30512, 21.78148], [-103.30574, 21.78161], [-103.30564, 21.78194], [-103.30503, 21.78181], [-103.30512, 21.78148]]]}}, {"id": "2521955", "type": "Feature", "properties": {"id": "2521955", "CVEGEO": "3204800390019003", "POBTOT": 0.0, "score_nse": 0.0, "NSE": null, "VIVTOT": 0.0, "GRAPROES": 0.0, "_ent": "32", "_mun": "048", "_loc": "0039"}, "geometry": {"type": "Polygon", "coordinates": [[[-103.30486, 21.86362], [-103.30427, 21.8626], [-103.30645, 21.86269], [-103.30639, 21.86344], [-103.3053, 21.86341], [-103.30486, 21.86362]]]}}, {"id": "2521956", "type": "Feature", "properties": {"id": "2521956", "CVEGEO": "3204800390019030", "POBTOT": 0.0, "score_nse": 0.0, "NSE": null, "VIVTOT": 0.0, "GRAPROES": 0.0, "_ent": "32", "_mun": "048", "_loc": "0039"}, "geometry": {"type": "Polygon", "coordinates": [[[-103.29998, 21.86115], [-103.30043, 21.86098], [-103.30104, 21.86149], [-103.30056, 21.86176], [-103.29998, 21.86115]]]}}, {"id": "2521957", "type": "Feature", "properties": {"id": "2521957", "CVEGEO": "3204800010362024", "POBTOT": 142.0, "score_nse": 46.2816, "NSE": "C-", "VIVTOT": 72.0, "GRAPROES": 8.93, "_ent": "32", "_mun": "048", "_loc": "0001"}, "geometry": {"type": "Polygon", "coordinates": [[[-103.30079, 21.78743], [-103.30083, 21.78645], [-103.30114, 21.78691], [-103.30195, 21.78652], [-103.30167, 21.78596], [-103.30202, 21.78578], [-103.30201, 21.78586], [-103.30259, 21.78599], [-103.3021, 21.78582], [-103.30221, 21.7852], [-103.30282, 21.78535], [-103.30279, 21.78595], [-103.30312, 21.78457], [-103.30358, 21.78467], [-103.30331, 21.78596], [-103.30178, 21.78704], [-103.30079, 21.78743]]]}}, {"id": "2521958", "type": "Feature", "properties": {"id": "2521958", "CVEGEO": "3204800010343009", "POBTOT": 3.0, "score_nse": 0.0, "NSE": "ND", "VIVTOT": 3.0, "GRAPROES": 0.0, "_ent": "32", "_mun": "048", "_loc": "0001"}, "geometry": {"type": "Polygon", "coordinates": [[[-103.28439, 21.76726], [-103.28477, 21.76742], [-103.28395, 21.7691], [-103.28356, 21.76896], [-103.28439, 21.76726]]]}}, {"id": "2521959", "type": "Feature", "properties": {"id": "2521959", "CVEGEO": "3204800390019006", "POBTOT": 0.0, "score_nse": 0.0, "NSE": null, "VIVTOT": 0.0, "GRAPROES": 0.0, "_ent": "32", "_mun": "048", "_loc": "0039"}, "geometry": {"type": "Polygon", "coordinates": [[[-103.30513, 21.86411], [-103.30646, 21.86403], [-103.30653, 21.86459], [-103.30521, 21.86467], [-103.30513, 21.86411]]]}}, {"id": "2521960", "type": "Feature", "properties": {"id": "2521960", "CVEGEO": "3204800290080003", "POBTOT": 0.0, "score_nse": 0.0, "NSE": null, "VIVTOT": 0.0, "GRAPROES": 0.0, "_ent": "32", "_mun": "048", "_loc": "0029"}, "geometry": {"type": "Polygon", "coordinates": [[[-103.1573, 21.77746], [-103.1574, 21.77729], [-103.15756, 21.77739], [-103.15747, 21.77753], [-103.1573, 21.77746]]]}}, {"id": "2521961", "type": "Feature", "properties": {"id": "2521961", "CVEGEO": "3204800010150004", "POBTOT": 32.0, "score_nse": 57.0467, "NSE": "C", "VIVTOT": 19.0, "GRAPROES": 9.11, "_ent": "32", "_mun": "048", "_loc": "0001"}, "geometry": {"type": "Polygon", "coordinates": [[[-103.29926, 21.78366], [-103.29941, 21.78321], [-103.30037, 21.78336], [-103.30024, 21.78381], [-103.29926, 21.78366]]]}}, {"id": "2521962", "type": "Feature", "properties": {"id": "2521962", "CVEGEO": "3204800010358010", "POBTOT": 43.0, "score_nse": 57.476, "NSE": "C", "VIVTOT": 20.0, "GRAPROES": 12.47, "_ent": "32", "_mun": "048", "_loc": "0001"}, "geometry": {"type": "Polygon", "coordinates": [[[-103.29727, 21.79017], [-103.29764, 21.7903], [-103.29729, 21.79109], [-103.29702, 21.79078], [-103.29727, 21.79017]]]}}, {"id": "2521963", "type": "Feature", "properties": {"id": "2521963", "CVEGEO": "3204800010127008", "POBTOT": 71.0, "score_nse": 56.6475, "NSE": "C", "VIVTOT": 34.0, "GRAPROES": 10.98, "_ent": "32", "_mun": "048", "_loc": "0001"}, "geometry": {"type": "Polygon", "coordinates": [[[-103.30172, 21.78215], [-103.3009, 21.78205], [-103.30103, 21.78161], [-103.30182, 21.78175], [-103.30172, 21.78215]]]}}, {"id": "2521964", "type": "Feature", "properties": {"id": "2521964", "CVEGEO": "3204800010305019", "POBTOT": 8.0, "score_nse": 0.0, "NSE": "ND", "VIVTOT": 3.0, "GRAPROES": 0.0, "_ent": "32", "_mun": "048", "_loc": "0001"}, "geometry": {"type": "Polygon", "coordinates": [[[-103.2942, 21.77125], [-103.29361, 21.7709], [-103.29366, 21.77059], [-103.2943, 21.77066], [-103.2942, 21.77125]]]}}, {"id": "2521965", "type": "Feature", "properties": {"id": "2521965", "CVEGEO": "3204800010146001", "POBTOT": 29.0, "score_nse": 75.4377, "NSE": "C+", "VIVTOT": 14.0, "GRAPROES": 11.81, "_ent": "32", "_mun": "048", "_loc": "0001"}, "geometry": {"type": "Polygon", "coordinates": [[[-103.30905, 21.77238], [-103.31001, 21.77261], [-103.30956, 21.77408], [-103.30866, 21.77387], [-103.30905, 21.77238]]]}}, {"id": "2521966", "type": "Feature", "properties": {"id": "2521966", "CVEGEO": "3204800390019025", "POBTOT": 0.0, "score_nse": 0.0, "NSE": null, "VIVTOT": 0.0, "GRAPROES": 0.0, "_ent": "32", "_mun": "048", "_loc": "0039"}, "geometry": {"type": "Polygon", "coordinates": [[[-103.30243, 21.86244], [-103.30267, 21.86061], [-103.30319, 21.86069], [-103.30291, 21.86261], [-103.30243, 21.86244]]]}}, {"id": "2521967", "type": "Feature", "properties": {"id": "2521967", "CVEGEO": "3204800390019018", "POBTOT": 0.0, "score_nse": 0.0, "NSE": null, "VIVTOT": 0.0, "GRAPROES": 0.0, "_ent": "32", "_mun": "048", "_loc": "0039"}, "geometry": {"type": "Polygon", "coordinates": [[[-103.30816, 21.86117], [-103.30916, 21.86115], [-103.30941, 21.86197], [-103.30935, 21.8632], [-103.30803, 21.86335], [-103.30728, 21.86148], [-103.30816, 21.86117]]]}}, {"id": "2521968", "type": "Feature", "properties": {"id": "2521968", "CVEGEO": "3204800010269033", "POBTOT": 45.0, "score_nse": 49.7202, "NSE": "C-", "VIVTOT": 19.0, "GRAPROES": 9.21, "_ent": "32", "_mun": "048", "_loc": "0001"}, "geometry": {"type": "Polygon", "coordinates": [[[-103.31122, 21.78632], [-103.31033, 21.78538], [-103.31237, 21.78583], [-103.3123, 21.7861], [-103.31131, 21.78587], [-103.31122, 21.78632]]]}}, {"id": "2521969", "type": "Feature", "properties": {"id": "2521969", "CVEGEO": "3204800010146005", "POBTOT": 97.0, "score_nse": 58.0783, "NSE": "C", "VIVTOT": 35.0, "GRAPROES": 9.55, "_ent": "32", "_mun": "048", "_loc": "0001"}, "geometry": {"type": "Polygon", "coordinates": [[[-103.31079, 21.77232], [-103.31025, 21.77214], [-103.31035, 21.77183], [-103.31085, 21.77195], [-103.31038, 21.77174], [-103.31047, 21.77143], [-103.31076, 21.77142], [-103.30938, 21.77109], [-103.30944, 21.77085], [-103.31072, 21.77114], [-103.31109, 21.77157], [-103.31173, 21.77193], [-103.31223, 21.77283], [-103.31167, 21.77376], [-103.30986, 21.77344], [-103.30995, 21.77315], [-103.3105, 21.77321], [-103.30998, 21.77307], [-103.31011, 21.77263], [-103.31068, 21.77267], [-103.31012, 21.77255], [-103.31022, 21.77223], [-103.31079, 21.77232]]]}}, {"id": "2521970", "type": "Feature", "properties": {"id": "2521970", "CVEGEO": "3204800010343001", "POBTOT": 12.0, "score_nse": 0.0, "NSE": "ND", "VIVTOT": 5.0, "GRAPROES": 10.25, "_ent": "32", "_mun": "048", "_loc": "0001"}, "geometry": {"type": "Polygon", "coordinates": [[[-103.28488, 21.76746], [-103.28523, 21.76762], [-103.28444, 21.76921], [-103.28404, 21.76916], [-103.28488, 21.76746]]]}}, {"id": "2521971", "type": "Feature", "properties": {"id": "2521971", "CVEGEO": "320480001031A013", "POBTOT": 41.0, "score_nse": 48.8295, "NSE": "C-", "VIVTOT": 13.0, "GRAPROES": 8.43, "_ent": "32", "_mun": "048", "_loc": "0001"}, "geometry": {"type": "Polygon", "coordinates": [[[-103.28886, 21.7747], [-103.2892, 21.77496], [-103.28952, 21.7752], [-103.28862, 21.7753], [-103.28886, 21.7747]]]}}, {"id": "2521972", "type": "Feature", "properties": {"id": "2521972", "CVEGEO": "320480001017A016", "POBTOT": 5.0, "score_nse": 0.0, "NSE": "ND", "VIVTOT": 1.0, "GRAPROES": 0.0, "_ent": "32", "_mun": "048", "_loc": "0001"}, "geometry": {"type": "Polygon", "coordinates": [[[-103.28667, 21.77533], [-103.28811, 21.77533], [-103.28851, 21.77547], [-103.28834, 21.7759], [-103.28667, 21.77533]]]}}, {"id": "2521973", "type": "Feature", "properties": {"id": "2521973", "CVEGEO": "3204800010358002", "POBTOT": 0.0, "score_nse": 0.0, "NSE": "ND", "VIVTOT": 0.0, "GRAPROES": 0.0, "_ent": "32", "_mun": "048", "_loc": "0001"}, "geometry": {"type": "Polygon", "coordinates": [[[-103.29632, 21.78807], [-103.29687, 21.78822], [-103.29668, 21.78916], [-103.29634, 21.78851], [-103.29632, 21.78807]]]}}, {"id": "2521974", "type": "Feature", "properties": {"id": "2521974", "CVEGEO": "3204800010131011", "POBTOT": 17.0, "score_nse": 0.0, "NSE": "ND", "VIVTOT": 5.0, "GRAPROES": 8.7, "_ent": "32", "_mun": "048", "_loc": "0001"}, "geometry": {"type": "Polygon", "coordinates": [[[-103.30002, 21.77828], [-103.30032, 21.77829], [-103.30027, 21.77861], [-103.30022, 21.77861], [-103.30002, 21.77828]]]}}, {"id": "2521975", "type": "Feature", "properties": {"id": "2521975", "CVEGEO": "3204800050108007", "POBTOT": 0.0, "score_nse": 0.0, "NSE": null, "VIVTOT": 0.0, "GRAPROES": 0.0, "_ent": "32", "_mun": "048", "_loc": "0005"}, "geometry": {"type": "Polygon", "coordinates": [[[-103.15363, 21.70762], [-103.15402, 21.70767], [-103.15389, 21.7086], [-103.15347, 21.70906], [-103.15337, 21.70824], [-103.15363, 21.70762]]]}}, {"id": "2521976", "type": "Feature", "properties": {"id": "2521976", "CVEGEO": "3204800510080011", "POBTOT": 0.0, "score_nse": 0.0, "NSE": null, "VIVTOT": 0.0, "GRAPROES": 0.0, "_ent": "32", "_mun": "048", "_loc": "0051"}, "geometry": {"type": "Polygon", "coordinates": [[[-103.11039, 21.81358], [-103.1101, 21.81349], [-103.10946, 21.81274], [-103.10994, 21.8125], [-103.11025, 21.81268], [-103.11048, 21.8131], [-103.11039, 21.81358]]]}}, {"id": "2521977", "type": "Feature", "properties": {"id": "2521977", "CVEGEO": "3204800010269025", "POBTOT": 20.0, "score_nse": 0.0, "NSE": "ND", "VIVTOT": 10.0, "GRAPROES": 9.25, "_ent": "32", "_mun": "048", "_loc": "0001"}, "geometry": {"type": "Polygon", "coordinates": [[[-103.30778, 21.78386], [-103.30694, 21.78362], [-103.30761, 21.7834], [-103.30804, 21.78371], [-103.30778, 21.78386]]]}}, {"id": "2521978", "type": "Feature", "properties": {"id": "2521978", "CVEGEO": "3204800010127029", "POBTOT": 35.0, "score_nse": 52.7536, "NSE": "C-", "VIVTOT": 23.0, "GRAPROES": 11.48, "_ent": "32", "_mun": "048", "_loc": "0001"}, "geometry": {"type": "Polygon", "coordinates": [[[-103.3045, 21.78044], [-103.30527, 21.78051], [-103.30505, 21.78137], [-103.30439, 21.78122], [-103.3045, 21.78044]]]}}, {"id": "2521979", "type": "Feature", "properties": {"id": "2521979", "CVEGEO": "3204800010127001", "POBTOT": 47.0, "score_nse": 54.0463, "NSE": "C-", "VIVTOT": 28.0, "GRAPROES": 10.66, "_ent": "32", "_mun": "048", "_loc": "0001"}, "geometry": {"type": "Polygon", "coordinates": [[[-103.30201, 21.78135], [-103.30267, 21.78148], [-103.30263, 21.78183], [-103.30194, 21.78171], [-103.30201, 21.78135]]]}}, {"id": "2521980", "type": "Feature", "properties": {"id": "2521980", "CVEGEO": "3204800010269030", "POBTOT": 4.0, "score_nse": 0.0, "NSE": "ND", "VIVTOT": 2.0, "GRAPROES": 0.0, "_ent": "32", "_mun": "048", "_loc": "0001"}, "geometry": {"type": "Polygon", "coordinates": [[[-103.31293, 21.78267], [-103.31298, 21.78292], [-103.31294, 21.7831], [-103.31277, 21.78298], [-103.31293, 21.78267]]]}}, {"id": "2521981", "type": "Feature", "properties": {"id": "2521981", "CVEGEO": "3204800010146026", "POBTOT": 53.0, "score_nse": 73.6828, "NSE": "C+", "VIVTOT": 13.0, "GRAPROES": 9.11, "_ent": "32", "_mun": "048", "_loc": "0001"}, "geometry": {"type": "Polygon", "coordinates": [[[-103.30677, 21.77455], [-103.30734, 21.77467], [-103.30709, 21.77573], [-103.3065, 21.77562], [-103.30677, 21.77455]]]}}, {"id": "2521982", "type": "Feature", "properties": {"id": "2521982", "CVEGEO": "3204800010165032", "POBTOT": 60.0, "score_nse": 0.0, "NSE": "ND", "VIVTOT": 17.0, "GRAPROES": 8.05, "_ent": "32", "_mun": "048", "_loc": "0001"}, "geometry": {"type": "Polygon", "coordinates": [[[-103.28815, 21.78047], [-103.28808, 21.78145], [-103.28776, 21.78152], [-103.28784, 21.78055], [-103.28815, 21.78047]]]}}, {"id": "2521983", "type": "Feature", "properties": {"id": "2521983", "CVEGEO": "3204800010343008", "POBTOT": 9.0, "score_nse": 0.0, "NSE": "ND", "VIVTOT": 3.0, "GRAPROES": 0.0, "_ent": "32", "_mun": "048", "_loc": "0001"}, "geometry": {"type": "Polygon", "coordinates": [[[-103.28116, 21.76796], [-103.28157, 21.76817], [-103.28152, 21.76858], [-103.28112, 21.76831], [-103.28116, 21.76796]]]}}, {"id": "2521984", "type": "Feature", "properties": {"id": "2521984", "CVEGEO": "3204800010305028", "POBTOT": 97.0, "score_nse": 58.3526, "NSE": "C", "VIVTOT": 35.0, "GRAPROES": 9.73, "_ent": "32", "_mun": "048", "_loc": "0001"}, "geometry": {"type": "Polygon", "coordinates": [[[-103.28905, 21.77325], [-103.28946, 21.77284], [-103.29006, 21.77276], [-103.29, 21.7731], [-103.28956, 21.77315], [-103.28929, 21.77339], [-103.28905, 21.77325]]]}}, {"id": "2521985", "type": "Feature", "properties": {"id": "2521985", "CVEGEO": "320480001017A013", "POBTOT": 399.0, "score_nse": 0.0, "NSE": "ND", "VIVTOT": 141.0, "GRAPROES": 8.87, "_ent": "32", "_mun": "048", "_loc": "0001"}, "geometry": {"type": "Polygon", "coordinates": [[[-103.29917, 21.77974], [-103.29932, 21.77901], [-103.29914, 21.77973], [-103.2978, 21.77922], [-103.29781, 21.77902], [-103.298, 21.77902], [-103.29781, 21.77893], [-103.29782, 21.77853], [-103.29815, 21.77846], [-103.29782, 21.77846], [-103.29783, 21.77824], [-103.2977, 21.77918], [-103.2973, 21.77903], [-103.29733, 21.77811], [-103.2972, 21.77898], [-103.2968, 21.77878], [-103.29696, 21.77861], [-103.29681, 21.77856], [-103.29684, 21.77765], [-103.29724, 21.77759], [-103.29684, 21.77756], [-103.29684, 21.77713], [-103.2967, 21.77874], [-103.29636, 21.77857], [-103.29643, 21.77716], [-103.29628, 21.77853], [-103.29588, 21.77833], [-103.29602, 21.77507], [-103.29684, 21.77483], [-103.29718, 21.77527], [-103.29791, 21.77577], [-103.29834, 21.77654], [-103.29816, 21.77719], [-103.29835, 21.77763], [-103.29815, 21.77759], [-103.2992, 21.77793], [-103.299, 21.77856], [-103.29933, 21.77792], [-103.29979, 21.77807], [-103.2994, 21.77982], [-103.29917, 21.77974]]]}}, {"id": "2521986", "type": "Feature", "properties": {"id": "2521986", "CVEGEO": "3204800190019003", "POBTOT": 0.0, "score_nse": 0.0, "NSE": null, "VIVTOT": 0.0, "GRAPROES": 0.0, "_ent": "32", "_mun": "048", "_loc": "0019"}, "geometry": {"type": "Polygon", "coordinates": [[[-103.27895, 21.84266], [-103.27923, 21.84264], [-103.27926, 21.84286], [-103.27895, 21.84291], [-103.27895, 21.84266]]]}}, {"id": "2521987", "type": "Feature", "properties": {"id": "2521987", "CVEGEO": "3204800510080008", "POBTOT": 0.0, "score_nse": 0.0, "NSE": null, "VIVTOT": 0.0, "GRAPROES": 0.0, "_ent": "32", "_mun": "048", "_loc": "0051"}, "geometry": {"type": "Polygon", "coordinates": [[[-103.10974, 21.81173], [-103.1099, 21.81225], [-103.10981, 21.81232], [-103.10951, 21.812], [-103.10974, 21.81173]]]}}, {"id": "2521988", "type": "Feature", "properties": {"id": "2521988", "CVEGEO": "3204800010269007", "POBTOT": 55.0, "score_nse": 47.804, "NSE": "C-", "VIVTOT": 25.0, "GRAPROES": 8.83, "_ent": "32", "_mun": "048", "_loc": "0001"}, "geometry": {"type": "Polygon", "coordinates": [[[-103.30807, 21.78374], [-103.3098, 21.78406], [-103.30958, 21.78487], [-103.30875, 21.78415], [-103.3079, 21.78394], [-103.30807, 21.78374]]]}}, {"id": "2521989", "type": "Feature", "properties": {"id": "2521989", "CVEGEO": "3204800010362025", "POBTOT": 39.0, "score_nse": 0.0, "NSE": "ND", "VIVTOT": 14.0, "GRAPROES": 6.77, "_ent": "32", "_mun": "048", "_loc": "0001"}, "geometry": {"type": "Polygon", "coordinates": [[[-103.30161, 21.78599], [-103.30183, 21.78649], [-103.30147, 21.78666], [-103.30126, 21.78615], [-103.30161, 21.78599]]]}}, {"id": "2521990", "type": "Feature", "properties": {"id": "2521990", "CVEGEO": "3204800010305001", "POBTOT": 2.0, "score_nse": 0.0, "NSE": "ND", "VIVTOT": 1.0, "GRAPROES": 0.0, "_ent": "32", "_mun": "048", "_loc": "0001"}, "geometry": {"type": "Polygon", "coordinates": [[[-103.29333, 21.76819], [-103.29365, 21.76833], [-103.2935, 21.76927], [-103.29318, 21.76923], [-103.29333, 21.76819]]]}}, {"id": "2521991", "type": "Feature", "properties": {"id": "2521991", "CVEGEO": "3204800010127041", "POBTOT": 8.0, "score_nse": 0.0, "NSE": "ND", "VIVTOT": 4.0, "GRAPROES": 0.0, "_ent": "32", "_mun": "048", "_loc": "0001"}, "geometry": {"type": "Polygon", "coordinates": [[[-103.30414, 21.78021], [-103.30445, 21.78003], [-103.30441, 21.78024], [-103.30414, 21.78021]]]}}, {"id": "2521992", "type": "Feature", "properties": {"id": "2521992", "CVEGEO": "3204800500019004", "POBTOT": 0.0, "score_nse": 0.0, "NSE": null, "VIVTOT": 0.0, "GRAPROES": 0.0, "_ent": "32", "_mun": "048", "_loc": "0050"}, "geometry": {"type": "Polygon", "coordinates": [[[-103.30917, 21.87478], [-103.30919, 21.87413], [-103.31009, 21.87426], [-103.31216, 21.87406], [-103.31208, 21.87425], [-103.3114, 21.8744], [-103.3108, 21.87475], [-103.30917, 21.87478]]]}}, {"id": "2521993", "type": "Feature", "properties": {"id": "2521993", "CVEGEO": "3204800010273008", "POBTOT": 69.0, "score_nse": 53.3952, "NSE": "C-", "VIVTOT": 32.0, "GRAPROES": 9.81, "_ent": "32", "_mun": "048", "_loc": "0001"}, "geometry": {"type": "Polygon", "coordinates": [[[-103.3083, 21.77898], [-103.30881, 21.77908], [-103.30851, 21.78038], [-103.3079, 21.78026], [-103.3083, 21.77898]]]}}, {"id": "2521994", "type": "Feature", "properties": {"id": "2521994", "CVEGEO": "3204800010165033", "POBTOT": 52.0, "score_nse": 0.0, "NSE": "ND", "VIVTOT": 12.0, "GRAPROES": 7.93, "_ent": "32", "_mun": "048", "_loc": "0001"}, "geometry": {"type": "Polygon", "coordinates": [[[-103.28827, 21.78025], [-103.28859, 21.78029], [-103.28851, 21.78135], [-103.28817, 21.78143], [-103.28827, 21.78025]]]}}, {"id": "2521995", "type": "Feature", "properties": {"id": "2521995", "CVEGEO": "3204800010150017", "POBTOT": 57.0, "score_nse": 52.6969, "NSE": "C-", "VIVTOT": 26.0, "GRAPROES": 8.66, "_ent": "32", "_mun": "048", "_loc": "0001"}, "geometry": {"type": "Polygon", "coordinates": [[[-103.30235, 21.7844], [-103.30302, 21.78455], [-103.30285, 21.78524], [-103.30223, 21.78509], [-103.30235, 21.7844]]]}}, {"id": "2521996", "type": "Feature", "properties": {"id": "2521996", "CVEGEO": "3204800010150018", "POBTOT": 53.0, "score_nse": 63.3268, "NSE": "C", "VIVTOT": 17.0, "GRAPROES": 9.95, "_ent": "32", "_mun": "048", "_loc": "0001"}, "geometry": {"type": "Polygon", "coordinates": [[[-103.29712, 21.78345], [-103.29802, 21.78359], [-103.29785, 21.7841], [-103.29699, 21.78396], [-103.29712, 21.78345]]]}}, {"id": "2521997", "type": "Feature", "properties": {"id": "2521997", "CVEGEO": "3204800010305035", "POBTOT": 65.0, "score_nse": 61.472, "NSE": "C", "VIVTOT": 20.0, "GRAPROES": 9.57, "_ent": "32", "_mun": "048", "_loc": "0001"}, "geometry": {"type": "Polygon", "coordinates": [[[-103.29047, 21.77346], [-103.29079, 21.77351], [-103.29066, 21.77415], [-103.29037, 21.77399], [-103.29047, 21.77346]]]}}, {"id": "2521998", "type": "Feature", "properties": {"id": "2521998", "CVEGEO": "3204800010199016", "POBTOT": 2.0, "score_nse": 0.0, "NSE": "ND", "VIVTOT": 5.0, "GRAPROES": 0.0, "_ent": "32", "_mun": "048", "_loc": "0001"}, "geometry": {"type": "Polygon", "coordinates": [[[-103.2942, 21.7956], [-103.29446, 21.79509], [-103.29551, 21.79563], [-103.29561, 21.79553], [-103.29454, 21.79498], [-103.29458, 21.79449], [-103.29501, 21.79368], [-103.29711, 21.79447], [-103.29524, 21.79634], [-103.29428, 21.79589], [-103.2942, 21.7956]]]}}, {"id": "2521999", "type": "Feature", "properties": {"id": "2521999", "CVEGEO": "3204800010127020", "POBTOT": 32.0, "score_nse": 53.3495, "NSE": "C-", "VIVTOT": 22.0, "GRAPROES": 10.86, "_ent": "32", "_mun": "048", "_loc": "0001"}, "geometry": {"type": "Polygon", "coordinates": [[[-103.3036, 21.78262], [-103.30398, 21.78274], [-103.30388, 21.78322], [-103.30347, 21.78314], [-103.3036, 21.78262]]]}}, {"id": "2522000", "type": "Feature", "properties": {"id": "2522000", "CVEGEO": "3204800010273006", "POBTOT": 61.0, "score_nse": 66.7027, "NSE": "C", "VIVTOT": 18.0, "GRAPROES": 10.53, "_ent": "32", "_mun": "048", "_loc": "0001"}, "geometry": {"type": "Polygon", "coordinates": [[[-103.30914, 21.77813], [-103.30937, 21.77818], [-103.30918, 21.77907], [-103.30891, 21.77901], [-103.30914, 21.77813]]]}}, {"id": "2522001", "type": "Feature", "properties": {"id": "2522001", "CVEGEO": "3204800010273025", "POBTOT": 38.0, "score_nse": 62.2027, "NSE": "C", "VIVTOT": 24.0, "GRAPROES": 11.31, "_ent": "32", "_mun": "048", "_loc": "0001"}, "geometry": {"type": "Polygon", "coordinates": [[[-103.30585, 21.77851], [-103.30646, 21.77864], [-103.3062, 21.77976], [-103.30562, 21.77959], [-103.30585, 21.77851]]]}}, {"id": "2522002", "type": "Feature", "properties": {"id": "2522002", "CVEGEO": "3204800050108005", "POBTOT": 0.0, "score_nse": 0.0, "NSE": null, "VIVTOT": 0.0, "GRAPROES": 0.0, "_ent": "32", "_mun": "048", "_loc": "0005"}, "geometry": {"type": "Polygon", "coordinates": [[[-103.15324, 21.70691], [-103.15352, 21.70696], [-103.15342, 21.70747], [-103.15315, 21.70738], [-103.15324, 21.70691]]]}}, {"id": "2522003", "type": "Feature", "properties": {"id": "2522003", "CVEGEO": "3204800010273040", "POBTOT": 6.0, "score_nse": 0.0, "NSE": "ND", "VIVTOT": 4.0, "GRAPROES": 0.0, "_ent": "32", "_mun": "048", "_loc": "0001"}, "geometry": {"type": "Polygon", "coordinates": [[[-103.30565, 21.78284], [-103.30648, 21.78308], [-103.30638, 21.78339], [-103.30558, 21.78315], [-103.30565, 21.78284]]]}}, {"id": "2522004", "type": "Feature", "properties": {"id": "2522004", "CVEGEO": "3204800010273005", "POBTOT": 58.0, "score_nse": 44.608, "NSE": "C-", "VIVTOT": 30.0, "GRAPROES": 9.38, "_ent": "32", "_mun": "048", "_loc": "0001"}, "geometry": {"type": "Polygon", "coordinates": [[[-103.30972, 21.77647], [-103.30939, 21.77809], [-103.30916, 21.77804], [-103.30955, 21.77643], [-103.30972, 21.77647]]]}}, {"id": "2522005", "type": "Feature", "properties": {"id": "2522005", "CVEGEO": "3204800010362005", "POBTOT": 78.0, "score_nse": 48.5533, "NSE": "C-", "VIVTOT": 30.0, "GRAPROES": 7.92, "_ent": "32", "_mun": "048", "_loc": "0001"}, "geometry": {"type": "Polygon", "coordinates": [[[-103.29845, 21.78637], [-103.29899, 21.78717], [-103.29927, 21.78717], [-103.2998, 21.78752], [-103.29959, 21.7878], [-103.29801, 21.78754], [-103.29845, 21.78637]]]}}, {"id": "2522006", "type": "Feature", "properties": {"id": "2522006", "CVEGEO": "3204800230019011", "POBTOT": 0.0, "score_nse": 0.0, "NSE": null, "VIVTOT": 0.0, "GRAPROES": 0.0, "_ent": "32", "_mun": "048", "_loc": "0023"}, "geometry": {"type": "Polygon", "coordinates": [[[-103.30036, 21.84553], [-103.29929, 21.84568], [-103.29921, 21.84526], [-103.29921, 21.84566], [-103.2988, 21.84566], [-103.29875, 21.84457], [-103.29874, 21.84564], [-103.29823, 21.84564], [-103.29837, 21.84316], [-103.29988, 21.84341], [-103.30036, 21.84553]]]}}, {"id": "2522007", "type": "Feature", "properties": {"id": "2522007", "CVEGEO": "3204800390019019", "POBTOT": 0.0, "score_nse": 0.0, "NSE": null, "VIVTOT": 0.0, "GRAPROES": 0.0, "_ent": "32", "_mun": "048", "_loc": "0039"}, "geometry": {"type": "Polygon", "coordinates": [[[-103.30688, 21.86694], [-103.307, 21.86603], [-103.30766, 21.86614], [-103.30754, 21.86695], [-103.30688, 21.86694]]]}}, {"id": "2522008", "type": "Feature", "properties": {"id": "2522008", "CVEGEO": "3204800110095001", "POBTOT": 0.0, "score_nse": 0.0, "NSE": null, "VIVTOT": 0.0, "GRAPROES": 0.0, "_ent": "32", "_mun": "048", "_loc": "0011"}, "geometry": {"type": "Polygon", "coordinates": [[[-103.31264, 21.71586], [-103.31258, 21.71506], [-103.31315, 21.71522], [-103.31309, 21.71589], [-103.31264, 21.71586]]]}}, {"id": "2522009", "type": "Feature", "properties": {"id": "2522009", "CVEGEO": "3204800260038021", "POBTOT": 0.0, "score_nse": 0.0, "NSE": null, "VIVTOT": 0.0, "GRAPROES": 0.0, "_ent": "32", "_mun": "048", "_loc": "0026"}, "geometry": {"type": "Polygon", "coordinates": [[[-103.13746, 21.83026], [-103.13747, 21.82923], [-103.13792, 21.82924], [-103.13802, 21.82979], [-103.13746, 21.83026]]]}}, {"id": "2522010", "type": "Feature", "properties": {"id": "2522010", "CVEGEO": "3204800010292016", "POBTOT": 6.0, "score_nse": 0.0, "NSE": "ND", "VIVTOT": 4.0, "GRAPROES": 0.0, "_ent": "32", "_mun": "048", "_loc": "0001"}, "geometry": {"type": "Polygon", "coordinates": [[[-103.30023, 21.77205], [-103.30037, 21.77083], [-103.3008, 21.77086], [-103.30063, 21.77214], [-103.30023, 21.77205]]]}}, {"id": "2522011", "type": "Feature", "properties": {"id": "2522011", "CVEGEO": "3204800010362020", "POBTOT": 85.0, "score_nse": 0.0, "NSE": "ND", "VIVTOT": 31.0, "GRAPROES": 7.65, "_ent": "32", "_mun": "048", "_loc": "0001"}, "geometry": {"type": "Polygon", "coordinates": [[[-103.29662, 21.78588], [-103.29657, 21.78553], [-103.29709, 21.78565], [-103.297, 21.78606], [-103.29713, 21.78569], [-103.29728, 21.78575], [-103.29713, 21.7864], [-103.29662, 21.78588]]]}}, {"id": "2522012", "type": "Feature", "properties": {"id": "2522012", "CVEGEO": "3204800010150003", "POBTOT": 57.0, "score_nse": 48.5626, "NSE": "C-", "VIVTOT": 23.0, "GRAPROES": 9.15, "_ent": "32", "_mun": "048", "_loc": "0001"}, "geometry": {"type": "Polygon", "coordinates": [[[-103.29923, 21.78377], [-103.30021, 21.78393], [-103.30002, 21.78454], [-103.29907, 21.7843], [-103.29923, 21.78377]]]}}, {"id": "2522013", "type": "Feature", "properties": {"id": "2522013", "CVEGEO": "3204800010358007", "POBTOT": 35.0, "score_nse": 78.5887, "NSE": "C+", "VIVTOT": 12.0, "GRAPROES": 11.92, "_ent": "32", "_mun": "048", "_loc": "0001"}, "geometry": {"type": "Polygon", "coordinates": [[[-103.29869, 21.78771], [-103.29907, 21.78777], [-103.29892, 21.78822], [-103.29854, 21.78812], [-103.29869, 21.78771]]]}}, {"id": "2522014", "type": "Feature", "properties": {"id": "2522014", "CVEGEO": "3204800010131025", "POBTOT": 152.0, "score_nse": 50.0265, "NSE": "C-", "VIVTOT": 55.0, "GRAPROES": 8.22, "_ent": "32", "_mun": "048", "_loc": "0001"}, "geometry": {"type": "Polygon", "coordinates": [[[-103.29811, 21.77943], [-103.29897, 21.77974], [-103.2988, 21.78006], [-103.29899, 21.77974], [-103.29933, 21.77988], [-103.29961, 21.78024], [-103.2979, 21.78034], [-103.29811, 21.77943]]]}}, {"id": "2522015", "type": "Feature", "properties": {"id": "2522015", "CVEGEO": "3204800010292005", "POBTOT": 23.0, "score_nse": 88.704, "NSE": "A/B", "VIVTOT": 8.0, "GRAPROES": 13.76, "_ent": "32", "_mun": "048", "_loc": "0001"}, "geometry": {"type": "Polygon", "coordinates": [[[-103.305, 21.76955], [-103.30534, 21.76965], [-103.30512, 21.77034], [-103.30475, 21.77036], [-103.305, 21.76955]]]}}, {"id": "2522016", "type": "Feature", "properties": {"id": "2522016", "CVEGEO": "3204800010269045", "POBTOT": 41.0, "score_nse": 51.5695, "NSE": "C-", "VIVTOT": 16.0, "GRAPROES": 9.25, "_ent": "32", "_mun": "048", "_loc": "0001"}, "geometry": {"type": "Polygon", "coordinates": [[[-103.31199, 21.78328], [-103.31264, 21.78389], [-103.31272, 21.78435], [-103.31184, 21.78372], [-103.31199, 21.78328]]]}}, {"id": "2522017", "type": "Feature", "properties": {"id": "2522017", "CVEGEO": "3204800190019001", "POBTOT": 0.0, "score_nse": 0.0, "NSE": null, "VIVTOT": 0.0, "GRAPROES": 0.0, "_ent": "32", "_mun": "048", "_loc": "0019"}, "geometry": {"type": "Polygon", "coordinates": [[[-103.28084, 21.84237], [-103.28104, 21.84236], [-103.28095, 21.84392], [-103.27996, 21.84274], [-103.28086, 21.84255], [-103.28084, 21.84237]]]}}, {"id": "2522018", "type": "Feature", "properties": {"id": "2522018", "CVEGEO": "3204800010305034", "POBTOT": 67.0, "score_nse": 68.7846, "NSE": "C", "VIVTOT": 19.0, "GRAPROES": 9.61, "_ent": "32", "_mun": "048", "_loc": "0001"}, "geometry": {"type": "Polygon", "coordinates": [[[-103.29083, 21.77381], [-103.29112, 21.77386], [-103.29104, 21.77429], [-103.29075, 21.77425], [-103.29083, 21.77381]]]}}, {"id": "2522019", "type": "Feature", "properties": {"id": "2522019", "CVEGEO": "3204800500019009", "POBTOT": 0.0, "score_nse": 0.0, "NSE": null, "VIVTOT": 0.0, "GRAPROES": 0.0, "_ent": "32", "_mun": "048", "_loc": "0050"}, "geometry": {"type": "Polygon", "coordinates": [[[-103.30688, 21.87509], [-103.30679, 21.87447], [-103.30778, 21.87452], [-103.30776, 21.87496], [-103.30688, 21.87509]]]}}, {"id": "2522020", "type": "Feature", "properties": {"id": "2522020", "CVEGEO": "3204800010131045", "POBTOT": 33.0, "score_nse": 52.4063, "NSE": "C-", "VIVTOT": 14.0, "GRAPROES": 10.83, "_ent": "32", "_mun": "048", "_loc": "0001"}, "geometry": {"type": "Polygon", "coordinates": [[[-103.29584, 21.77938], [-103.29622, 21.77945], [-103.29618, 21.7802], [-103.29584, 21.78012], [-103.29584, 21.77938]]]}}, {"id": "2522021", "type": "Feature", "properties": {"id": "2522021", "CVEGEO": "3204800010292001", "POBTOT": 125.0, "score_nse": 68.9593, "NSE": "C", "VIVTOT": 41.0, "GRAPROES": 10.82, "_ent": "32", "_mun": "048", "_loc": "0001"}, "geometry": {"type": "Polygon", "coordinates": [[[-103.30465, 21.77045], [-103.30504, 21.77146], [-103.30473, 21.77156], [-103.30429, 21.77046], [-103.30465, 21.77045]]]}}, {"id": "2522022", "type": "Feature", "properties": {"id": "2522022", "CVEGEO": "3204800010146016", "POBTOT": 25.0, "score_nse": 53.082, "NSE": "C-", "VIVTOT": 12.0, "GRAPROES": 10.25, "_ent": "32", "_mun": "048", "_loc": "0001"}, "geometry": {"type": "Polygon", "coordinates": [[[-103.30949, 21.77466], [-103.31007, 21.77481], [-103.30999, 21.77512], [-103.30942, 21.77492], [-103.30949, 21.77466]]]}}, {"id": "2522023", "type": "Feature", "properties": {"id": "2522023", "CVEGEO": "3204800010165034", "POBTOT": 20.0, "score_nse": 0.0, "NSE": "ND", "VIVTOT": 8.0, "GRAPROES": 6.57, "_ent": "32", "_mun": "048", "_loc": "0001"}, "geometry": {"type": "Polygon", "coordinates": [[[-103.2887, 21.78028], [-103.28903, 21.78028], [-103.28895, 21.78127], [-103.28861, 21.78133], [-103.2887, 21.78028]]]}}, {"id": "2522024", "type": "Feature", "properties": {"id": "2522024", "CVEGEO": "3204800010269040", "POBTOT": 32.0, "score_nse": 0.0, "NSE": "ND", "VIVTOT": 24.0, "GRAPROES": 9.85, "_ent": "32", "_mun": "048", "_loc": "0001"}, "geometry": {"type": "Polygon", "coordinates": [[[-103.30388, 21.78581], [-103.30414, 21.7848], [-103.30486, 21.78496], [-103.30465, 21.78542], [-103.30388, 21.78581]]]}}, {"id": "2522025", "type": "Feature", "properties": {"id": "2522025", "CVEGEO": "3204800010273018", "POBTOT": 89.0, "score_nse": 0.0, "NSE": "ND", "VIVTOT": 35.0, "GRAPROES": 9.31, "_ent": "32", "_mun": "048", "_loc": "0001"}, "geometry": {"type": "Polygon", "coordinates": [[[-103.30955, 21.7777], [-103.31007, 21.77769], [-103.30956, 21.77766], [-103.30979, 21.77649], [-103.31098, 21.77678], [-103.31056, 21.77834], [-103.30946, 21.77811], [-103.30955, 21.7777]]]}}, {"id": "2522026", "type": "Feature", "properties": {"id": "2522026", "CVEGEO": "3204800260038009", "POBTOT": 0.0, "score_nse": 0.0, "NSE": null, "VIVTOT": 0.0, "GRAPROES": 0.0, "_ent": "32", "_mun": "048", "_loc": "0026"}, "geometry": {"type": "Polygon", "coordinates": [[[-103.13474, 21.8327], [-103.13476, 21.83285], [-103.13455, 21.83272], [-103.1345, 21.83199], [-103.13482, 21.83119], [-103.13446, 21.83098], [-103.13486, 21.83063], [-103.13527, 21.8308], [-103.13511, 21.831], [-103.135, 21.83262], [-103.13474, 21.8327]]]}}, {"id": "2522027", "type": "Feature", "properties": {"id": "2522027", "CVEGEO": "3204800010127016", "POBTOT": 5.0, "score_nse": 0.0, "NSE": "ND", "VIVTOT": 4.0, "GRAPROES": 0.0, "_ent": "32", "_mun": "048", "_loc": "0001"}, "geometry": {"type": "Polygon", "coordinates": [[[-103.30428, 21.78132], [-103.30421, 21.78165], [-103.30384, 21.78156], [-103.30391, 21.78125], [-103.30428, 21.78132]]]}}, {"id": "2522028", "type": "Feature", "properties": {"id": "2522028", "CVEGEO": "320480001017A010", "POBTOT": 23.0, "score_nse": 0.0, "NSE": "ND", "VIVTOT": 10.0, "GRAPROES": 8.63, "_ent": "32", "_mun": "048", "_loc": "0001"}, "geometry": {"type": "Polygon", "coordinates": [[[-103.29679, 21.77458], [-103.29597, 21.77494], [-103.29605, 21.77345], [-103.29632, 21.77253], [-103.29653, 21.77284], [-103.2966, 21.77399], [-103.29769, 21.77534], [-103.29736, 21.77521], [-103.29679, 21.77458]]]}}, {"id": "2522029", "type": "Feature", "properties": {"id": "2522029", "CVEGEO": "3204800010131050", "POBTOT": 0.0, "score_nse": 10.0, "NSE": "E", "VIVTOT": 5.0, "GRAPROES": 0.0, "_ent": "32", "_mun": "048", "_loc": "0001"}, "geometry": {"type": "Polygon", "coordinates": [[[-103.30462, 21.77545], [-103.30463, 21.77613], [-103.30428, 21.77605], [-103.30426, 21.77546], [-103.30462, 21.77545]]]}}, {"id": "2522030", "type": "Feature", "properties": {"id": "2522030", "CVEGEO": "3204800510080006", "POBTOT": 0.0, "score_nse": 0.0, "NSE": null, "VIVTOT": 0.0, "GRAPROES": 0.0, "_ent": "32", "_mun": "048", "_loc": "0051"}, "geometry": {"type": "Polygon", "coordinates": [[[-103.11053, 21.81242], [-103.11051, 21.81196], [-103.10984, 21.81149], [-103.10998, 21.81139], [-103.1104, 21.81129], [-103.11093, 21.81144], [-103.11075, 21.8122], [-103.11087, 21.81229], [-103.11072, 21.81253], [-103.11053, 21.81242]]]}}, {"id": "2522031", "type": "Feature", "properties": {"id": "2522031", "CVEGEO": "3204800010127004", "POBTOT": 40.0, "score_nse": 59.36, "NSE": "C", "VIVTOT": 20.0, "GRAPROES": 11.73, "_ent": "32", "_mun": "048", "_loc": "0001"}, "geometry": {"type": "Polygon", "coordinates": [[[-103.30277, 21.7815], [-103.3037, 21.78168], [-103.30364, 21.782], [-103.30274, 21.78184], [-103.30277, 21.7815]]]}}, {"id": "2522032", "type": "Feature", "properties": {"id": "2522032", "CVEGEO": "3204800010396001", "POBTOT": 0.0, "score_nse": 10.0, "NSE": "E", "VIVTOT": 1.0, "GRAPROES": 0.0, "_ent": "32", "_mun": "048", "_loc": "0001"}, "geometry": {"type": "Polygon", "coordinates": [[[-103.28856, 21.7854], [-103.28859, 21.78558], [-103.28829, 21.78563], [-103.28826, 21.78545], [-103.28856, 21.7854]]]}}, {"id": "2522033", "type": "Feature", "properties": {"id": "2522033", "CVEGEO": "3204800010292002", "POBTOT": 126.0, "score_nse": 74.8422, "NSE": "C+", "VIVTOT": 41.0, "GRAPROES": 12.49, "_ent": "32", "_mun": "048", "_loc": "0001"}, "geometry": {"type": "Polygon", "coordinates": [[[-103.30418, 21.77047], [-103.30463, 21.77159], [-103.3043, 21.7717], [-103.30394, 21.77061], [-103.30394, 21.77048], [-103.30418, 21.77047]]]}}, {"id": "2522034", "type": "Feature", "properties": {"id": "2522034", "CVEGEO": "3204800010150024", "POBTOT": 91.0, "score_nse": 58.0577, "NSE": "C", "VIVTOT": 38.0, "GRAPROES": 9.63, "_ent": "32", "_mun": "048", "_loc": "0001"}, "geometry": {"type": "Polygon", "coordinates": [[[-103.29603, 21.78329], [-103.29699, 21.78344], [-103.29687, 21.78392], [-103.29592, 21.78377], [-103.29603, 21.78329]]]}}, {"id": "2522035", "type": "Feature", "properties": {"id": "2522035", "CVEGEO": "3204800010343010", "POBTOT": 7.0, "score_nse": 0.0, "NSE": "ND", "VIVTOT": 1.0, "GRAPROES": 0.0, "_ent": "32", "_mun": "048", "_loc": "0001"}, "geometry": {"type": "Polygon", "coordinates": [[[-103.28581, 21.76786], [-103.286, 21.76794], [-103.28537, 21.76919], [-103.28516, 21.7692], [-103.28581, 21.76786]]]}}, {"id": "2522036", "type": "Feature", "properties": {"id": "2522036", "CVEGEO": "3204800010131030", "POBTOT": 44.0, "score_nse": 49.788, "NSE": "C-", "VIVTOT": 20.0, "GRAPROES": 9.18, "_ent": "32", "_mun": "048", "_loc": "0001"}, "geometry": {"type": "Polygon", "coordinates": [[[-103.3049, 21.77946], [-103.30551, 21.77965], [-103.3054, 21.78012], [-103.30479, 21.77993], [-103.3049, 21.77946]]]}}, {"id": "2522037", "type": "Feature", "properties": {"id": "2522037", "CVEGEO": "3204800010269041", "POBTOT": 53.0, "score_nse": 56.4711, "NSE": "C", "VIVTOT": 28.0, "GRAPROES": 9.52, "_ent": "32", "_mun": "048", "_loc": "0001"}, "geometry": {"type": "Polygon", "coordinates": [[[-103.3043, 21.78426], [-103.30519, 21.78448], [-103.30516, 21.7846], [-103.30495, 21.78489], [-103.30415, 21.78472], [-103.3043, 21.78426]]]}}, {"id": "2522038", "type": "Feature", "properties": {"id": "2522038", "CVEGEO": "320480001031A006", "POBTOT": 58.0, "score_nse": 74.3524, "NSE": "C+", "VIVTOT": 18.0, "GRAPROES": 12.18, "_ent": "32", "_mun": "048", "_loc": "0001"}, "geometry": {"type": "Polygon", "coordinates": [[[-103.2873, 21.77377], [-103.28816, 21.77483], [-103.28789, 21.77504], [-103.28703, 21.77397], [-103.2873, 21.77377]]]}}, {"id": "2522039", "type": "Feature", "properties": {"id": "2522039", "CVEGEO": "3204800010305042", "POBTOT": 0.0, "score_nse": 0.0, "NSE": "ND", "VIVTOT": 0.0, "GRAPROES": 0.0, "_ent": "32", "_mun": "048", "_loc": "0001"}, "geometry": {"type": "Polygon", "coordinates": [[[-103.29163, 21.76793], [-103.29186, 21.76794], [-103.29181, 21.76898], [-103.29146, 21.76883], [-103.29163, 21.76793]]]}}, {"id": "2522040", "type": "Feature", "properties": {"id": "2522040", "CVEGEO": "3204800200095012", "POBTOT": 0.0, "score_nse": 0.0, "NSE": null, "VIVTOT": 0.0, "GRAPROES": 0.0, "_ent": "32", "_mun": "048", "_loc": "0020"}, "geometry": {"type": "Polygon", "coordinates": [[[-103.21104, 21.73002], [-103.21124, 21.73025], [-103.21089, 21.73052], [-103.21071, 21.73022], [-103.21104, 21.73002]]]}}, {"id": "2522041", "type": "Feature", "properties": {"id": "2522041", "CVEGEO": "3204800260038003", "POBTOT": 0.0, "score_nse": 0.0, "NSE": null, "VIVTOT": 0.0, "GRAPROES": 0.0, "_ent": "32", "_mun": "048", "_loc": "0026"}, "geometry": {"type": "Polygon", "coordinates": [[[-103.1357, 21.83151], [-103.13517, 21.83138], [-103.13518, 21.83099], [-103.13563, 21.83057], [-103.13624, 21.83102], [-103.1357, 21.83151]]]}}, {"id": "2522042", "type": "Feature", "properties": {"id": "2522042", "CVEGEO": "3204800260038001", "POBTOT": 0.0, "score_nse": 0.0, "NSE": null, "VIVTOT": 0.0, "GRAPROES": 0.0, "_ent": "32", "_mun": "048", "_loc": "0026"}, "geometry": {"type": "Polygon", "coordinates": [[[-103.13684, 21.83116], [-103.13651, 21.83164], [-103.13578, 21.8315], [-103.13659, 21.83087], [-103.13684, 21.83116]]]}}, {"id": "2522043", "type": "Feature", "properties": {"id": "2522043", "CVEGEO": "3204800200095004", "POBTOT": 0.0, "score_nse": 0.0, "NSE": null, "VIVTOT": 0.0, "GRAPROES": 0.0, "_ent": "32", "_mun": "048", "_loc": "0020"}, "geometry": {"type": "Polygon", "coordinates": [[[-103.21131, 21.73016], [-103.21163, 21.73025], [-103.21136, 21.73039], [-103.21131, 21.73016]]]}}, {"id": "2522044", "type": "Feature", "properties": {"id": "2522044", "CVEGEO": "3204800010146007", "POBTOT": 12.0, "score_nse": 0.0, "NSE": "ND", "VIVTOT": 8.0, "GRAPROES": 8.55, "_ent": "32", "_mun": "048", "_loc": "0001"}, "geometry": {"type": "Polygon", "coordinates": [[[-103.30983, 21.77352], [-103.3104, 21.77367], [-103.31031, 21.77395], [-103.30975, 21.7738], [-103.30983, 21.77352]]]}}, {"id": "2522045", "type": "Feature", "properties": {"id": "2522045", "CVEGEO": "3204800010305025", "POBTOT": 59.0, "score_nse": 0.0, "NSE": "ND", "VIVTOT": 17.0, "GRAPROES": 9.85, "_ent": "32", "_mun": "048", "_loc": "0001"}, "geometry": {"type": "Polygon", "coordinates": [[[-103.29161, 21.77395], [-103.2919, 21.77399], [-103.29179, 21.77453], [-103.29151, 21.77448], [-103.29161, 21.77395]]]}}, {"id": "2522046", "type": "Feature", "properties": {"id": "2522046", "CVEGEO": "3204800010288024", "POBTOT": 80.0, "score_nse": 61.256, "NSE": "C", "VIVTOT": 25.0, "GRAPROES": 11.21, "_ent": "32", "_mun": "048", "_loc": "0001"}, "geometry": {"type": "Polygon", "coordinates": [[[-103.31048, 21.77373], [-103.31171, 21.77387], [-103.31234, 21.77286], [-103.31247, 21.77294], [-103.31183, 21.77403], [-103.31084, 21.77389], [-103.31176, 21.77411], [-103.31164, 21.77437], [-103.31035, 21.7742], [-103.31048, 21.77373]]]}}, {"id": "2522047", "type": "Feature", "properties": {"id": "2522047", "CVEGEO": "3204800010165016", "POBTOT": 112.0, "score_nse": 52.469, "NSE": "C-", "VIVTOT": 48.0, "GRAPROES": 9.35, "_ent": "32", "_mun": "048", "_loc": "0001"}, "geometry": {"type": "Polygon", "coordinates": [[[-103.29221, 21.78433], [-103.28938, 21.78343], [-103.29203, 21.78371], [-103.29238, 21.78352], [-103.29228, 21.784], [-103.29112, 21.78383], [-103.29225, 21.7841], [-103.29221, 21.78433]]]}}, {"id": "2522048", "type": "Feature", "properties": {"id": "2522048", "CVEGEO": "3204800010127007", "POBTOT": 41.0, "score_nse": 71.2353, "NSE": "C+", "VIVTOT": 17.0, "GRAPROES": 13.13, "_ent": "32", "_mun": "048", "_loc": "0001"}, "geometry": {"type": "Polygon", "coordinates": [[[-103.30192, 21.78178], [-103.30262, 21.7819], [-103.30259, 21.7823], [-103.30185, 21.78217], [-103.30192, 21.78178]]]}}, {"id": "2522049", "type": "Feature", "properties": {"id": "2522049", "CVEGEO": "3204800500019001", "POBTOT": 0.0, "score_nse": 0.0, "NSE": null, "VIVTOT": 0.0, "GRAPROES": 0.0, "_ent": "32", "_mun": "048", "_loc": "0050"}, "geometry": {"type": "Polygon", "coordinates": [[[-103.30875, 21.87541], [-103.30887, 21.87485], [-103.31027, 21.87485], [-103.31021, 21.87548], [-103.30875, 21.87541]]]}}, {"id": "2522050", "type": "Feature", "properties": {"id": "2522050", "CVEGEO": "3204800110095005", "POBTOT": 0.0, "score_nse": 0.0, "NSE": null, "VIVTOT": 0.0, "GRAPROES": 0.0, "_ent": "32", "_mun": "048", "_loc": "0011"}, "geometry": {"type": "Polygon", "coordinates": [[[-103.3135, 21.71691], [-103.31363, 21.716], [-103.31425, 21.71613], [-103.31372, 21.71696], [-103.3135, 21.71691]]]}}, {"id": "2522051", "type": "Feature", "properties": {"id": "2522051", "CVEGEO": "3204800200095002", "POBTOT": 0.0, "score_nse": 0.0, "NSE": null, "VIVTOT": 0.0, "GRAPROES": 0.0, "_ent": "32", "_mun": "048", "_loc": "0020"}, "geometry": {"type": "Polygon", "coordinates": [[[-103.21254, 21.73059], [-103.21254, 21.73021], [-103.21298, 21.73022], [-103.21285, 21.73064], [-103.21254, 21.73059]]]}}, {"id": "2522052", "type": "Feature", "properties": {"id": "2522052", "CVEGEO": "3204800010269020", "POBTOT": 38.0, "score_nse": 57.7246, "NSE": "C", "VIVTOT": 13.0, "GRAPROES": 9.93, "_ent": "32", "_mun": "048", "_loc": "0001"}, "geometry": {"type": "Polygon", "coordinates": [[[-103.30818, 21.78199], [-103.30849, 21.7808], [-103.30876, 21.78085], [-103.30843, 21.78205], [-103.30818, 21.78199]]]}}, {"id": "2522053", "type": "Feature", "properties": {"id": "2522053", "CVEGEO": "3204800010358016", "POBTOT": 30.0, "score_nse": 41.0338, "NSE": "D+", "VIVTOT": 26.0, "GRAPROES": 9.04, "_ent": "32", "_mun": "048", "_loc": "0001"}, "geometry": {"type": "Polygon", "coordinates": [[[-103.29387, 21.78679], [-103.29383, 21.78693], [-103.29358, 21.78684], [-103.29423, 21.78513], [-103.29517, 21.78534], [-103.29516, 21.78559], [-103.29462, 21.78591], [-103.29462, 21.78629], [-103.29483, 21.78669], [-103.29519, 21.78687], [-103.29522, 21.78736], [-103.29388, 21.78694], [-103.29387, 21.78679]]]}}, {"id": "2522054", "type": "Feature", "properties": {"id": "2522054", "CVEGEO": "320480001017A011", "POBTOT": 16.0, "score_nse": 0.0, "NSE": "ND", "VIVTOT": 10.0, "GRAPROES": 6.18, "_ent": "32", "_mun": "048", "_loc": "0001"}, "geometry": {"type": "Polygon", "coordinates": [[[-103.29414, 21.77753], [-103.29506, 21.77761], [-103.29504, 21.77795], [-103.29414, 21.77753]]]}}, {"id": "2522055", "type": "Feature", "properties": {"id": "2522055", "CVEGEO": "3204800520076007", "POBTOT": 0.0, "score_nse": 0.0, "NSE": null, "VIVTOT": 0.0, "GRAPROES": 0.0, "_ent": "32", "_mun": "048", "_loc": "0052"}, "geometry": {"type": "Polygon", "coordinates": [[[-103.29465, 21.80418], [-103.29347, 21.80366], [-103.29356, 21.80325], [-103.29474, 21.80396], [-103.29465, 21.80418]]]}}, {"id": "2522056", "type": "Feature", "properties": {"id": "2522056", "CVEGEO": "3204800010339006", "POBTOT": 22.0, "score_nse": 0.0, "NSE": "ND", "VIVTOT": 10.0, "GRAPROES": 8.19, "_ent": "32", "_mun": "048", "_loc": "0001"}, "geometry": {"type": "Polygon", "coordinates": [[[-103.28852, 21.78365], [-103.28884, 21.78524], [-103.28823, 21.78534], [-103.28791, 21.78375], [-103.28852, 21.78365]]]}}, {"id": "2522057", "type": "Feature", "properties": {"id": "2522057", "CVEGEO": "320480001031A002", "POBTOT": 56.0, "score_nse": 77.5355, "NSE": "C+", "VIVTOT": 16.0, "GRAPROES": 12.92, "_ent": "32", "_mun": "048", "_loc": "0001"}, "geometry": {"type": "Polygon", "coordinates": [[[-103.28639, 21.77266], [-103.2872, 21.77364], [-103.28691, 21.77384], [-103.28612, 21.77286], [-103.28639, 21.77266]]]}}, {"id": "2522058", "type": "Feature", "properties": {"id": "2522058", "CVEGEO": "3204800010131018", "POBTOT": 85.0, "score_nse": 47.3315, "NSE": "C-", "VIVTOT": 33.0, "GRAPROES": 8.27, "_ent": "32", "_mun": "048", "_loc": "0001"}, "geometry": {"type": "Polygon", "coordinates": [[[-103.30034, 21.77873], [-103.30081, 21.77887], [-103.30059, 21.77982], [-103.30014, 21.78015], [-103.30034, 21.77873]]]}}, {"id": "2522059", "type": "Feature", "properties": {"id": "2522059", "CVEGEO": "3204800260038017", "POBTOT": 0.0, "score_nse": 0.0, "NSE": null, "VIVTOT": 0.0, "GRAPROES": 0.0, "_ent": "32", "_mun": "048", "_loc": "0026"}, "geometry": {"type": "Polygon", "coordinates": [[[-103.13529, 21.83012], [-103.13547, 21.82952], [-103.13571, 21.82961], [-103.13547, 21.83035], [-103.13529, 21.83012]]]}}, {"id": "2522060", "type": "Feature", "properties": {"id": "2522060", "CVEGEO": "3204800010358013", "POBTOT": 20.0, "score_nse": 0.0, "NSE": "ND", "VIVTOT": 6.0, "GRAPROES": 10.73, "_ent": "32", "_mun": "048", "_loc": "0001"}, "geometry": {"type": "Polygon", "coordinates": [[[-103.2962, 21.79074], [-103.29643, 21.79081], [-103.29687, 21.79136], [-103.29675, 21.79165], [-103.29637, 21.79129], [-103.2962, 21.79074]]]}}, {"id": "2522061", "type": "Feature", "properties": {"id": "2522061", "CVEGEO": "3204800010269042", "POBTOT": 32.0, "score_nse": 55.9661, "NSE": "C", "VIVTOT": 19.0, "GRAPROES": 10.52, "_ent": "32", "_mun": "048", "_loc": "0001"}, "geometry": {"type": "Polygon", "coordinates": [[[-103.30453, 21.78347], [-103.30538, 21.78371], [-103.30522, 21.78438], [-103.30432, 21.78417], [-103.30453, 21.78347]]]}}, {"id": "2522062", "type": "Feature", "properties": {"id": "2522062", "CVEGEO": "3204800010305043", "POBTOT": 0.0, "score_nse": 0.0, "NSE": "ND", "VIVTOT": 0.0, "GRAPROES": 0.0, "_ent": "32", "_mun": "048", "_loc": "0001"}, "geometry": {"type": "Polygon", "coordinates": [[[-103.2906, 21.76757], [-103.29155, 21.7679], [-103.29153, 21.7682], [-103.29059, 21.76788], [-103.2906, 21.76757]]]}}, {"id": "2522063", "type": "Feature", "properties": {"id": "2522063", "CVEGEO": "3204800010447005", "POBTOT": 48.0, "score_nse": 49.588, "NSE": "C-", "VIVTOT": 20.0, "GRAPROES": 9.48, "_ent": "32", "_mun": "048", "_loc": "0001"}, "geometry": {"type": "Polygon", "coordinates": [[[-103.28362, 21.77118], [-103.28371, 21.77091], [-103.2843, 21.77118], [-103.28419, 21.77143], [-103.28362, 21.77118]]]}}, {"id": "2522064", "type": "Feature", "properties": {"id": "2522064", "CVEGEO": "3204800010199004", "POBTOT": 19.0, "score_nse": 0.0, "NSE": "ND", "VIVTOT": 9.0, "GRAPROES": 9.09, "_ent": "32", "_mun": "048", "_loc": "0001"}, "geometry": {"type": "Polygon", "coordinates": [[[-103.29675, 21.79423], [-103.29594, 21.79345], [-103.29644, 21.7924], [-103.29776, 21.79339], [-103.29752, 21.79384], [-103.29703, 21.79361], [-103.29685, 21.79379], [-103.29732, 21.79416], [-103.29714, 21.79435], [-103.29675, 21.79423]]]}}, {"id": "2522065", "type": "Feature", "properties": {"id": "2522065", "CVEGEO": "3204800010150025", "POBTOT": 58.0, "score_nse": 58.2333, "NSE": "C", "VIVTOT": 24.0, "GRAPROES": 9.56, "_ent": "32", "_mun": "048", "_loc": "0001"}, "geometry": {"type": "Polygon", "coordinates": [[[-103.29616, 21.78275], [-103.29713, 21.78289], [-103.29703, 21.78333], [-103.29606, 21.78318], [-103.29616, 21.78275]]]}}, {"id": "2522066", "type": "Feature", "properties": {"id": "2522066", "CVEGEO": "3204800010165044", "POBTOT": 0.0, "score_nse": 10.0, "NSE": "E", "VIVTOT": 1.0, "GRAPROES": 0.0, "_ent": "32", "_mun": "048", "_loc": "0001"}, "geometry": {"type": "Polygon", "coordinates": [[[-103.2929, 21.78276], [-103.29288, 21.78315], [-103.29249, 21.78333], [-103.29255, 21.78294], [-103.2929, 21.78276]]]}}, {"id": "2522067", "type": "Feature", "properties": {"id": "2522067", "CVEGEO": "3204800010150031", "POBTOT": 26.0, "score_nse": 81.526, "NSE": "C+", "VIVTOT": 8.0, "GRAPROES": 11.88, "_ent": "32", "_mun": "048", "_loc": "0001"}, "geometry": {"type": "Polygon", "coordinates": [[[-103.29571, 21.78268], [-103.29608, 21.78273], [-103.29597, 21.78316], [-103.29569, 21.78313], [-103.29571, 21.78268]]]}}, {"id": "2522068", "type": "Feature", "properties": {"id": "2522068", "CVEGEO": "3204800010305026", "POBTOT": 19.0, "score_nse": 61.2876, "NSE": "C", "VIVTOT": 9.0, "GRAPROES": 10.0, "_ent": "32", "_mun": "048", "_loc": "0001"}, "geometry": {"type": "Polygon", "coordinates": [[[-103.28995, 21.77491], [-103.28964, 21.77516], [-103.28892, 21.77459], [-103.28982, 21.77385], [-103.29138, 21.77461], [-103.29133, 21.77475], [-103.29141, 21.77461], [-103.29189, 21.77467], [-103.29211, 21.77351], [-103.29345, 21.77427], [-103.2944, 21.77169], [-103.29611, 21.77227], [-103.29579, 21.77304], [-103.29566, 21.77465], [-103.29402, 21.77391], [-103.29396, 21.77404], [-103.29447, 21.77426], [-103.29418, 21.77483], [-103.29429, 21.77488], [-103.29457, 21.77431], [-103.29566, 21.77474], [-103.29565, 21.77503], [-103.29423, 21.7751], [-103.29319, 21.77488], [-103.29323, 21.77478], [-103.2924, 21.77473], [-103.29238, 21.77488], [-103.29138, 21.77525], [-103.29049, 21.77519], [-103.28995, 21.77491]]]}}, {"id": "2522069", "type": "Feature", "properties": {"id": "2522069", "CVEGEO": "3204800010269050", "POBTOT": 23.0, "score_nse": 79.908, "NSE": "C+", "VIVTOT": 8.0, "GRAPROES": 13.22, "_ent": "32", "_mun": "048", "_loc": "0001"}, "geometry": {"type": "Polygon", "coordinates": [[[-103.31046, 21.78148], [-103.31096, 21.78171], [-103.31085, 21.78203], [-103.31037, 21.78191], [-103.31046, 21.78148]]]}}, {"id": "2522070", "type": "Feature", "properties": {"id": "2522070", "CVEGEO": "3204800010413003", "POBTOT": 72.0, "score_nse": 0.0, "NSE": "ND", "VIVTOT": 21.0, "GRAPROES": 7.67, "_ent": "32", "_mun": "048", "_loc": "0001"}, "geometry": {"type": "Polygon", "coordinates": [[[-103.2865, 21.78164], [-103.28767, 21.78164], [-103.2877, 21.78192], [-103.28713, 21.78195], [-103.28664, 21.78353], [-103.28669, 21.78376], [-103.28588, 21.78389], [-103.2859, 21.78327], [-103.2865, 21.78164]]]}}, {"id": "2522071", "type": "Feature", "properties": {"id": "2522071", "CVEGEO": "3204800140023006", "POBTOT": 0.0, "score_nse": 0.0, "NSE": null, "VIVTOT": 0.0, "GRAPROES": 0.0, "_ent": "32", "_mun": "048", "_loc": "0014"}, "geometry": {"type": "Polygon", "coordinates": [[[-103.26871, 21.90358], [-103.26905, 21.90353], [-103.26886, 21.9041], [-103.26872, 21.90405], [-103.26871, 21.90358]]]}}, {"id": "2522072", "type": "Feature", "properties": {"id": "2522072", "CVEGEO": "3204800010358026", "POBTOT": 107.0, "score_nse": 56.5745, "NSE": "C", "VIVTOT": 32.0, "GRAPROES": 9.22, "_ent": "32", "_mun": "048", "_loc": "0001"}, "geometry": {"type": "Polygon", "coordinates": [[[-103.29588, 21.78389], [-103.29684, 21.78405], [-103.29668, 21.78467], [-103.29573, 21.78451], [-103.29588, 21.78389]]]}}, {"id": "2522073", "type": "Feature", "properties": {"id": "2522073", "CVEGEO": "3204800010288001", "POBTOT": 13.0, "score_nse": 0.0, "NSE": "ND", "VIVTOT": 4.0, "GRAPROES": 12.11, "_ent": "32", "_mun": "048", "_loc": "0001"}, "geometry": {"type": "Polygon", "coordinates": [[[-103.31169, 21.77448], [-103.31182, 21.77453], [-103.31135, 21.77532], [-103.31126, 21.77521], [-103.31169, 21.77448]]]}}, {"id": "2522074", "type": "Feature", "properties": {"id": "2522074", "CVEGEO": "3204800010339005", "POBTOT": 4.0, "score_nse": 0.0, "NSE": "ND", "VIVTOT": 2.0, "GRAPROES": 0.0, "_ent": "32", "_mun": "048", "_loc": "0001"}, "geometry": {"type": "Polygon", "coordinates": [[[-103.28789, 21.7832], [-103.28794, 21.78353], [-103.2868, 21.78374], [-103.28679, 21.78341], [-103.28789, 21.7832]]]}}, {"id": "2522075", "type": "Feature", "properties": {"id": "2522075", "CVEGEO": "3204800260038018", "POBTOT": 0.0, "score_nse": 0.0, "NSE": null, "VIVTOT": 0.0, "GRAPROES": 0.0, "_ent": "32", "_mun": "048", "_loc": "0026"}, "geometry": {"type": "Polygon", "coordinates": [[[-103.13621, 21.82995], [-103.13564, 21.82951], [-103.13564, 21.82929], [-103.13608, 21.82948], [-103.13635, 21.82982], [-103.13621, 21.82995]]]}}, {"id": "2522076", "type": "Feature", "properties": {"id": "2522076", "CVEGEO": "3204800010273028", "POBTOT": 27.0, "score_nse": 0.0, "NSE": "ND", "VIVTOT": 14.0, "GRAPROES": 9.1, "_ent": "32", "_mun": "048", "_loc": "0001"}, "geometry": {"type": "Polygon", "coordinates": [[[-103.30939, 21.77506], [-103.30998, 21.77526], [-103.30995, 21.77541], [-103.30932, 21.77522], [-103.30939, 21.77506]]]}}, {"id": "2522077", "type": "Feature", "properties": {"id": "2522077", "CVEGEO": "3204800010199007", "POBTOT": 22.0, "score_nse": 0.0, "NSE": "ND", "VIVTOT": 7.0, "GRAPROES": 9.8, "_ent": "32", "_mun": "048", "_loc": "0001"}, "geometry": {"type": "Polygon", "coordinates": [[[-103.30288, 21.78651], [-103.30262, 21.78703], [-103.30091, 21.78788], [-103.30083, 21.78771], [-103.30202, 21.78719], [-103.30288, 21.78651]]]}}, {"id": "2522078", "type": "Feature", "properties": {"id": "2522078", "CVEGEO": "3204800010131024", "POBTOT": 10.0, "score_nse": 0.0, "NSE": "ND", "VIVTOT": 5.0, "GRAPROES": 4.5, "_ent": "32", "_mun": "048", "_loc": "0001"}, "geometry": {"type": "Polygon", "coordinates": [[[-103.29955, 21.77998], [-103.29991, 21.78009], [-103.30003, 21.78025], [-103.29983, 21.78037], [-103.29955, 21.77998]]]}}, {"id": "2522079", "type": "Feature", "properties": {"id": "2522079", "CVEGEO": "3204800010273035", "POBTOT": 13.0, "score_nse": 85.04, "NSE": "A/B", "VIVTOT": 5.0, "GRAPROES": 14.17, "_ent": "32", "_mun": "048", "_loc": "0001"}, "geometry": {"type": "Polygon", "coordinates": [[[-103.30593, 21.78164], [-103.30675, 21.7818], [-103.30661, 21.78232], [-103.30581, 21.78216], [-103.30593, 21.78164]]]}}, {"id": "2522080", "type": "Feature", "properties": {"id": "2522080", "CVEGEO": "3204800010362019", "POBTOT": 36.0, "score_nse": 61.3811, "NSE": "C", "VIVTOT": 7.0, "GRAPROES": 6.79, "_ent": "32", "_mun": "048", "_loc": "0001"}, "geometry": {"type": "Polygon", "coordinates": [[[-103.29681, 21.78634], [-103.29642, 21.78634], [-103.29649, 21.78591], [-103.29669, 21.78597], [-103.29681, 21.78634]]]}}, {"id": "2522081", "type": "Feature", "properties": {"id": "2522081", "CVEGEO": "3204800010165049", "POBTOT": 0.0, "score_nse": 0.0, "NSE": "ND", "VIVTOT": 0.0, "GRAPROES": 0.0, "_ent": "32", "_mun": "048", "_loc": "0001"}, "geometry": {"type": "Polygon", "coordinates": [[[-103.29477, 21.78253], [-103.29534, 21.78262], [-103.29531, 21.78349], [-103.29515, 21.78304], [-103.29477, 21.78253]]]}}, {"id": "2522082", "type": "Feature", "properties": {"id": "2522082", "CVEGEO": "3204800010165001", "POBTOT": 32.0, "score_nse": 0.0, "NSE": "ND", "VIVTOT": 7.0, "GRAPROES": 8.19, "_ent": "32", "_mun": "048", "_loc": "0001"}, "geometry": {"type": "Polygon", "coordinates": [[[-103.29328, 21.78426], [-103.29372, 21.78433], [-103.29357, 21.78472], [-103.29323, 21.78462], [-103.29328, 21.78426]]]}}, {"id": "2522083", "type": "Feature", "properties": {"id": "2522083", "CVEGEO": "3204800390019012", "POBTOT": 0.0, "score_nse": 0.0, "NSE": null, "VIVTOT": 0.0, "GRAPROES": 0.0, "_ent": "32", "_mun": "048", "_loc": "0039"}, "geometry": {"type": "Polygon", "coordinates": [[[-103.30664, 21.86467], [-103.30794, 21.86454], [-103.30774, 21.86601], [-103.30672, 21.86593], [-103.30664, 21.86467]]]}}, {"id": "2522084", "type": "Feature", "properties": {"id": "2522084", "CVEGEO": "3204800010165038", "POBTOT": 0.0, "score_nse": 0.0, "NSE": "ND", "VIVTOT": 0.0, "GRAPROES": 0.0, "_ent": "32", "_mun": "048", "_loc": "0001"}, "geometry": {"type": "Polygon", "coordinates": [[[-103.29262, 21.7817], [-103.29254, 21.78224], [-103.2923, 21.78224], [-103.29231, 21.78177], [-103.29262, 21.7817]]]}}, {"id": "2522085", "type": "Feature", "properties": {"id": "2522085", "CVEGEO": "3204800540042012", "POBTOT": 0.0, "score_nse": 0.0, "NSE": null, "VIVTOT": 0.0, "GRAPROES": 0.0, "_ent": "32", "_mun": "048", "_loc": "0054"}, "geometry": {"type": "Polygon", "coordinates": [[[-103.31971, 21.78865], [-103.31875, 21.7885], [-103.31876, 21.78829], [-103.31971, 21.78865]]]}}, {"id": "2522086", "type": "Feature", "properties": {"id": "2522086", "CVEGEO": "3204800520076009", "POBTOT": 0.0, "score_nse": 0.0, "NSE": null, "VIVTOT": 0.0, "GRAPROES": 0.0, "_ent": "32", "_mun": "048", "_loc": "0052"}, "geometry": {"type": "Polygon", "coordinates": [[[-103.29343, 21.80549], [-103.293, 21.80553], [-103.29313, 21.80514], [-103.29299, 21.80496], [-103.29316, 21.80473], [-103.2933, 21.80459], [-103.29364, 21.8047], [-103.29395, 21.80425], [-103.29414, 21.80436], [-103.29343, 21.80549]]]}}, {"id": "2522087", "type": "Feature", "properties": {"id": "2522087", "CVEGEO": "3204800010269001", "POBTOT": 39.0, "score_nse": 0.0, "NSE": "ND", "VIVTOT": 26.0, "GRAPROES": 6.87, "_ent": "32", "_mun": "048", "_loc": "0001"}, "geometry": {"type": "Polygon", "coordinates": [[[-103.30982, 21.78249], [-103.31024, 21.78258], [-103.30982, 21.78399], [-103.30955, 21.78395], [-103.30982, 21.78249]]]}}, {"id": "2522088", "type": "Feature", "properties": {"id": "2522088", "CVEGEO": "3204800500019010", "POBTOT": 0.0, "score_nse": 0.0, "NSE": null, "VIVTOT": 0.0, "GRAPROES": 0.0, "_ent": "32", "_mun": "048", "_loc": "0050"}, "geometry": {"type": "Polygon", "coordinates": [[[-103.31132, 21.87546], [-103.31135, 21.87528], [-103.31213, 21.87538], [-103.31211, 21.87565], [-103.31132, 21.87546]]]}}, {"id": "2522089", "type": "Feature", "properties": {"id": "2522089", "CVEGEO": "3204800010269046", "POBTOT": 31.0, "score_nse": 69.7236, "NSE": "C", "VIVTOT": 11.0, "GRAPROES": 10.8, "_ent": "32", "_mun": "048", "_loc": "0001"}, "geometry": {"type": "Polygon", "coordinates": [[[-103.31182, 21.78381], [-103.31269, 21.78441], [-103.31265, 21.78456], [-103.31171, 21.78435], [-103.31182, 21.78381]]]}}, {"id": "2522090", "type": "Feature", "properties": {"id": "2522090", "CVEGEO": "3204800010165039", "POBTOT": 0.0, "score_nse": 0.0, "NSE": "ND", "VIVTOT": 0.0, "GRAPROES": 0.0, "_ent": "32", "_mun": "048", "_loc": "0001"}, "geometry": {"type": "Polygon", "coordinates": [[[-103.29295, 21.78234], [-103.29294, 21.78248], [-103.29258, 21.78276], [-103.29264, 21.78236], [-103.29295, 21.78234]]]}}, {"id": "2522091", "type": "Feature", "properties": {"id": "2522091", "CVEGEO": "3204800010131015", "POBTOT": 32.0, "score_nse": 0.0, "NSE": "ND", "VIVTOT": 18.0, "GRAPROES": 8.65, "_ent": "32", "_mun": "048", "_loc": "0001"}, "geometry": {"type": "Polygon", "coordinates": [[[-103.30331, 21.77847], [-103.30431, 21.77864], [-103.3042, 21.77919], [-103.30322, 21.77893], [-103.30331, 21.77847]]]}}, {"id": "2522092", "type": "Feature", "properties": {"id": "2522092", "CVEGEO": "3204800010127018", "POBTOT": 12.0, "score_nse": 0.0, "NSE": "ND", "VIVTOT": 6.0, "GRAPROES": 15.27, "_ent": "32", "_mun": "048", "_loc": "0001"}, "geometry": {"type": "Polygon", "coordinates": [[[-103.30372, 21.7821], [-103.30411, 21.78218], [-103.30407, 21.78235], [-103.30368, 21.78227], [-103.30372, 21.7821]]]}}, {"id": "2522093", "type": "Feature", "properties": {"id": "2522093", "CVEGEO": "3204800010305030", "POBTOT": 67.0, "score_nse": 59.7297, "NSE": "C", "VIVTOT": 21.0, "GRAPROES": 10.51, "_ent": "32", "_mun": "048", "_loc": "0001"}, "geometry": {"type": "Polygon", "coordinates": [[[-103.2906, 21.77282], [-103.29091, 21.77284], [-103.2908, 21.77341], [-103.29049, 21.77336], [-103.2906, 21.77282]]]}}, {"id": "2522094", "type": "Feature", "properties": {"id": "2522094", "CVEGEO": "3204800010165054", "POBTOT": 0.0, "score_nse": 0.0, "NSE": "ND", "VIVTOT": 0.0, "GRAPROES": 0.0, "_ent": "32", "_mun": "048", "_loc": "0001"}, "geometry": {"type": "Polygon", "coordinates": [[[-103.29383, 21.78275], [-103.29386, 21.78189], [-103.29424, 21.78212], [-103.29463, 21.78266], [-103.29383, 21.78275]]]}}, {"id": "2522095", "type": "Feature", "properties": {"id": "2522095", "CVEGEO": "3204800010165051", "POBTOT": 0.0, "score_nse": 0.0, "NSE": "ND", "VIVTOT": 0.0, "GRAPROES": 0.0, "_ent": "32", "_mun": "048", "_loc": "0001"}, "geometry": {"type": "Polygon", "coordinates": [[[-103.29523, 21.78413], [-103.29518, 21.78439], [-103.29433, 21.78428], [-103.29458, 21.78394], [-103.29523, 21.78413]]]}}, {"id": "2522096", "type": "Feature", "properties": {"id": "2522096", "CVEGEO": "3204800390019026", "POBTOT": 0.0, "score_nse": 0.0, "NSE": null, "VIVTOT": 0.0, "GRAPROES": 0.0, "_ent": "32", "_mun": "048", "_loc": "0039"}, "geometry": {"type": "Polygon", "coordinates": [[[-103.30346, 21.86115], [-103.30442, 21.86107], [-103.30399, 21.86203], [-103.30326, 21.86209], [-103.30346, 21.86115]]]}}, {"id": "2522097", "type": "Feature", "properties": {"id": "2522097", "CVEGEO": "3204800010127005", "POBTOT": 0.0, "score_nse": 0.0, "NSE": "ND", "VIVTOT": 0.0, "GRAPROES": 0.0, "_ent": "32", "_mun": "048", "_loc": "0001"}, "geometry": {"type": "Polygon", "coordinates": [[[-103.30359, 21.78244], [-103.30317, 21.7824], [-103.30326, 21.78203], [-103.30366, 21.78216], [-103.30359, 21.78244]]]}}, {"id": "2522098", "type": "Feature", "properties": {"id": "2522098", "CVEGEO": "3204800010362003", "POBTOT": 56.0, "score_nse": 57.96, "NSE": "C", "VIVTOT": 20.0, "GRAPROES": 9.43, "_ent": "32", "_mun": "048", "_loc": "0001"}, "geometry": {"type": "Polygon", "coordinates": [[[-103.29886, 21.78496], [-103.29982, 21.78515], [-103.29959, 21.78585], [-103.29866, 21.78557], [-103.29886, 21.78496]]]}}, {"id": "2522099", "type": "Feature", "properties": {"id": "2522099", "CVEGEO": "3204800010377002", "POBTOT": 0.0, "score_nse": 0.0, "NSE": "ND", "VIVTOT": 0.0, "GRAPROES": 0.0, "_ent": "32", "_mun": "048", "_loc": "0001"}, "geometry": {"type": "Polygon", "coordinates": [[[-103.28463, 21.77034], [-103.28396, 21.7701], [-103.28403, 21.76989], [-103.28463, 21.77034]]]}}, {"id": "2522100", "type": "Feature", "properties": {"id": "2522100", "CVEGEO": "320480001031A010", "POBTOT": 32.0, "score_nse": 0.0, "NSE": "ND", "VIVTOT": 9.0, "GRAPROES": 9.15, "_ent": "32", "_mun": "048", "_loc": "0001"}, "geometry": {"type": "Polygon", "coordinates": [[[-103.28853, 21.77526], [-103.28819, 21.7751], [-103.2885, 21.77446], [-103.28878, 21.77464], [-103.28853, 21.77526]]]}}, {"id": "2522101", "type": "Feature", "properties": {"id": "2522101", "CVEGEO": "3204800010146012", "POBTOT": 21.0, "score_nse": 0.0, "NSE": "ND", "VIVTOT": 10.0, "GRAPROES": 11.36, "_ent": "32", "_mun": "048", "_loc": "0001"}, "geometry": {"type": "Polygon", "coordinates": [[[-103.30926, 21.77158], [-103.31025, 21.77181], [-103.31017, 21.77212], [-103.30918, 21.77189], [-103.30926, 21.77158]]]}}, {"id": "2522102", "type": "Feature", "properties": {"id": "2522102", "CVEGEO": "3204800010362026", "POBTOT": 28.0, "score_nse": 0.0, "NSE": "ND", "VIVTOT": 14.0, "GRAPROES": 9.0, "_ent": "32", "_mun": "048", "_loc": "0001"}, "geometry": {"type": "Polygon", "coordinates": [[[-103.30118, 21.78618], [-103.30138, 21.7867], [-103.30116, 21.78681], [-103.30088, 21.78632], [-103.30118, 21.78618]]]}}, {"id": "2522103", "type": "Feature", "properties": {"id": "2522103", "CVEGEO": "3204800400095001", "POBTOT": 0.0, "score_nse": 0.0, "NSE": null, "VIVTOT": 0.0, "GRAPROES": 0.0, "_ent": "32", "_mun": "048", "_loc": "0040"}, "geometry": {"type": "Polygon", "coordinates": [[[-103.27442, 21.73234], [-103.27455, 21.73115], [-103.27535, 21.73154], [-103.27552, 21.73184], [-103.27493, 21.73212], [-103.27476, 21.73238], [-103.27442, 21.73234]]]}}, {"id": "2522104", "type": "Feature", "properties": {"id": "2522104", "CVEGEO": "3204800110095007", "POBTOT": 0.0, "score_nse": 0.0, "NSE": null, "VIVTOT": 0.0, "GRAPROES": 0.0, "_ent": "32", "_mun": "048", "_loc": "0011"}, "geometry": {"type": "Polygon", "coordinates": [[[-103.31247, 21.71597], [-103.31255, 21.71605], [-103.31238, 21.71602], [-103.31247, 21.71597]]]}}, {"id": "2522105", "type": "Feature", "properties": {"id": "2522105", "CVEGEO": "3204800390019016", "POBTOT": 0.0, "score_nse": 0.0, "NSE": null, "VIVTOT": 0.0, "GRAPROES": 0.0, "_ent": "32", "_mun": "048", "_loc": "0039"}, "geometry": {"type": "Polygon", "coordinates": [[[-103.30257, 21.86505], [-103.30278, 21.86413], [-103.30345, 21.86513], [-103.30257, 21.86505]]]}}, {"id": "2522106", "type": "Feature", "properties": {"id": "2522106", "CVEGEO": "3204800040108011", "POBTOT": 0.0, "score_nse": 0.0, "NSE": null, "VIVTOT": 0.0, "GRAPROES": 0.0, "_ent": "32", "_mun": "048", "_loc": "0004"}, "geometry": {"type": "Polygon", "coordinates": [[[-103.1394, 21.66737], [-103.13953, 21.66776], [-103.14013, 21.66815], [-103.13961, 21.66858], [-103.13918, 21.66839], [-103.13929, 21.668], [-103.13916, 21.66802], [-103.13907, 21.66756], [-103.1394, 21.66737]]]}}, {"id": "2522107", "type": "Feature", "properties": {"id": "2522107", "CVEGEO": "3204800110095020", "POBTOT": 0.0, "score_nse": 0.0, "NSE": null, "VIVTOT": 0.0, "GRAPROES": 0.0, "_ent": "32", "_mun": "048", "_loc": "0011"}, "geometry": {"type": "Polygon", "coordinates": [[[-103.31308, 21.71681], [-103.31312, 21.71628], [-103.31352, 21.7163], [-103.31343, 21.7169], [-103.31308, 21.71681]]]}}, {"id": "2522108", "type": "Feature", "properties": {"id": "2522108", "CVEGEO": "3204800010269055", "POBTOT": 19.0, "score_nse": 0.0, "NSE": "ND", "VIVTOT": 5.0, "GRAPROES": 5.25, "_ent": "32", "_mun": "048", "_loc": "0001"}, "geometry": {"type": "Polygon", "coordinates": [[[-103.31134, 21.78594], [-103.31175, 21.78602], [-103.31159, 21.78661], [-103.31125, 21.78636], [-103.31134, 21.78594]]]}}, {"id": "2522109", "type": "Feature", "properties": {"id": "2522109", "CVEGEO": "3204800010146027", "POBTOT": 47.0, "score_nse": 61.9663, "NSE": "C", "VIVTOT": 14.0, "GRAPROES": 9.23, "_ent": "32", "_mun": "048", "_loc": "0001"}, "geometry": {"type": "Polygon", "coordinates": [[[-103.30618, 21.77442], [-103.30665, 21.7745], [-103.3064, 21.77559], [-103.30592, 21.77549], [-103.30618, 21.77442]]]}}, {"id": "2522110", "type": "Feature", "properties": {"id": "2522110", "CVEGEO": "3204800010127010", "POBTOT": 40.0, "score_nse": 50.6891, "NSE": "C-", "VIVTOT": 22.0, "GRAPROES": 8.64, "_ent": "32", "_mun": "048", "_loc": "0001"}, "geometry": {"type": "Polygon", "coordinates": [[[-103.30134, 21.7806], [-103.30207, 21.78084], [-103.30198, 21.78118], [-103.30121, 21.78105], [-103.30134, 21.7806]]]}}, {"id": "2522111", "type": "Feature", "properties": {"id": "2522111", "CVEGEO": "3204800230019001", "POBTOT": 0.0, "score_nse": 0.0, "NSE": null, "VIVTOT": 0.0, "GRAPROES": 0.0, "_ent": "32", "_mun": "048", "_loc": "0023"}, "geometry": {"type": "Polygon", "coordinates": [[[-103.29246, 21.85198], [-103.2916, 21.85196], [-103.29159, 21.85159], [-103.29221, 21.85158], [-103.29239, 21.85135], [-103.29247, 21.85155], [-103.2926, 21.85121], [-103.29348, 21.85098], [-103.29449, 21.85046], [-103.29448, 21.85086], [-103.29246, 21.85198]]]}}, {"id": "2522112", "type": "Feature", "properties": {"id": "2522112", "CVEGEO": "3204800390019024", "POBTOT": 0.0, "score_nse": 0.0, "NSE": null, "VIVTOT": 0.0, "GRAPROES": 0.0, "_ent": "32", "_mun": "048", "_loc": "0039"}, "geometry": {"type": "Polygon", "coordinates": [[[-103.3026, 21.86269], [-103.30291, 21.86268], [-103.30278, 21.86296], [-103.30273, 21.86295], [-103.3026, 21.86269]]]}}, {"id": "2522113", "type": "Feature", "properties": {"id": "2522113", "CVEGEO": "3204800200095014", "POBTOT": 0.0, "score_nse": 0.0, "NSE": null, "VIVTOT": 0.0, "GRAPROES": 0.0, "_ent": "32", "_mun": "048", "_loc": "0020"}, "geometry": {"type": "Polygon", "coordinates": [[[-103.21118, 21.72842], [-103.21134, 21.72849], [-103.21107, 21.72849], [-103.21118, 21.72842]]]}}, {"id": "2522114", "type": "Feature", "properties": {"id": "2522114", "CVEGEO": "3204800200095006", "POBTOT": 0.0, "score_nse": 0.0, "NSE": null, "VIVTOT": 0.0, "GRAPROES": 0.0, "_ent": "32", "_mun": "048", "_loc": "0020"}, "geometry": {"type": "Polygon", "coordinates": [[[-103.2115, 21.72881], [-103.21175, 21.72909], [-103.21217, 21.72993], [-103.21135, 21.72972], [-103.21089, 21.72919], [-103.2115, 21.72881]]]}}, {"id": "2522115", "type": "Feature", "properties": {"id": "2522115", "CVEGEO": "3204800010273010", "POBTOT": 53.0, "score_nse": 58.7652, "NSE": "C", "VIVTOT": 27.0, "GRAPROES": 8.82, "_ent": "32", "_mun": "048", "_loc": "0001"}, "geometry": {"type": "Polygon", "coordinates": [[[-103.3066, 21.77866], [-103.30707, 21.77876], [-103.30679, 21.77993], [-103.30635, 21.7798], [-103.3066, 21.77866]]]}}, {"id": "2522116", "type": "Feature", "properties": {"id": "2522116", "CVEGEO": "3204800010358003", "POBTOT": 11.0, "score_nse": 0.0, "NSE": "ND", "VIVTOT": 4.0, "GRAPROES": 8.5, "_ent": "32", "_mun": "048", "_loc": "0001"}, "geometry": {"type": "Polygon", "coordinates": [[[-103.29621, 21.78756], [-103.29695, 21.78778], [-103.29687, 21.78812], [-103.29631, 21.78797], [-103.29621, 21.78756]]]}}, {"id": "2522117", "type": "Feature", "properties": {"id": "2522117", "CVEGEO": "3204800540042011", "POBTOT": 0.0, "score_nse": 0.0, "NSE": null, "VIVTOT": 0.0, "GRAPROES": 0.0, "_ent": "32", "_mun": "048", "_loc": "0054"}, "geometry": {"type": "Polygon", "coordinates": [[[-103.31813, 21.78839], [-103.31816, 21.78813], [-103.31869, 21.78826], [-103.31864, 21.78848], [-103.31813, 21.78839]]]}}, {"id": "2522118", "type": "Feature", "properties": {"id": "2522118", "CVEGEO": "3204800010127033", "POBTOT": 22.0, "score_nse": 56.1297, "NSE": "C", "VIVTOT": 14.0, "GRAPROES": 10.41, "_ent": "32", "_mun": "048", "_loc": "0001"}, "geometry": {"type": "Polygon", "coordinates": [[[-103.3042, 21.78244], [-103.30467, 21.78257], [-103.30461, 21.78281], [-103.30412, 21.78267], [-103.3042, 21.78244]]]}}, {"id": "2522119", "type": "Feature", "properties": {"id": "2522119", "CVEGEO": "3204800010358027", "POBTOT": 0.0, "score_nse": 0.0, "NSE": "ND", "VIVTOT": 0.0, "GRAPROES": 0.0, "_ent": "32", "_mun": "048", "_loc": "0001"}, "geometry": {"type": "Polygon", "coordinates": [[[-103.29487, 21.78665], [-103.29468, 21.78593], [-103.29516, 21.78565], [-103.29519, 21.78681], [-103.29487, 21.78665]]]}}, {"id": "2522120", "type": "Feature", "properties": {"id": "2522120", "CVEGEO": "3204800500019005", "POBTOT": 0.0, "score_nse": 0.0, "NSE": null, "VIVTOT": 0.0, "GRAPROES": 0.0, "_ent": "32", "_mun": "048", "_loc": "0050"}, "geometry": {"type": "Polygon", "coordinates": [[[-103.31033, 21.87548], [-103.31034, 21.87486], [-103.31071, 21.87485], [-103.31138, 21.8745], [-103.31122, 21.87543], [-103.31033, 21.87548]]]}}, {"id": "2522121", "type": "Feature", "properties": {"id": "2522121", "CVEGEO": "3204800010288019", "POBTOT": 8.0, "score_nse": 0.0, "NSE": "ND", "VIVTOT": 4.0, "GRAPROES": 13.43, "_ent": "32", "_mun": "048", "_loc": "0001"}, "geometry": {"type": "Polygon", "coordinates": [[[-103.31113, 21.77645], [-103.31116, 21.77559], [-103.31136, 21.77564], [-103.31136, 21.77648], [-103.31113, 21.77645]]]}}, {"id": "2522122", "type": "Feature", "properties": {"id": "2522122", "CVEGEO": "3204800010146009", "POBTOT": 17.0, "score_nse": 72.14, "NSE": "C+", "VIVTOT": 7.0, "GRAPROES": 11.25, "_ent": "32", "_mun": "048", "_loc": "0001"}, "geometry": {"type": "Polygon", "coordinates": [[[-103.30959, 21.7743], [-103.31017, 21.77446], [-103.3101, 21.77474], [-103.30951, 21.77459], [-103.30959, 21.7743]]]}}, {"id": "2522123", "type": "Feature", "properties": {"id": "2522123", "CVEGEO": "3204800010324003", "POBTOT": 18.0, "score_nse": 0.0, "NSE": "ND", "VIVTOT": 6.0, "GRAPROES": 6.79, "_ent": "32", "_mun": "048", "_loc": "0001"}, "geometry": {"type": "Polygon", "coordinates": [[[-103.2973, 21.77004], [-103.29743, 21.76963], [-103.29818, 21.76998], [-103.29813, 21.77015], [-103.2973, 21.77004]]]}}, {"id": "2522124", "type": "Feature", "properties": {"id": "2522124", "CVEGEO": "3204800010150016", "POBTOT": 29.0, "score_nse": 46.5358, "NSE": "C-", "VIVTOT": 17.0, "GRAPROES": 7.09, "_ent": "32", "_mun": "048", "_loc": "0001"}, "geometry": {"type": "Polygon", "coordinates": [[[-103.30245, 21.78382], [-103.30316, 21.78399], [-103.30304, 21.78445], [-103.30237, 21.78429], [-103.30245, 21.78382]]]}}, {"id": "2522125", "type": "Feature", "properties": {"id": "2522125", "CVEGEO": "3204800260038015", "POBTOT": 0.0, "score_nse": 0.0, "NSE": null, "VIVTOT": 0.0, "GRAPROES": 0.0, "_ent": "32", "_mun": "048", "_loc": "0026"}, "geometry": {"type": "Polygon", "coordinates": [[[-103.13735, 21.83257], [-103.13657, 21.83333], [-103.13634, 21.83319], [-103.13668, 21.83239], [-103.13648, 21.83184], [-103.13657, 21.8317], [-103.13735, 21.83257]]]}}, {"id": "2522126", "type": "Feature", "properties": {"id": "2522126", "CVEGEO": "3204800010150028", "POBTOT": 24.0, "score_nse": 53.0308, "NSE": "C-", "VIVTOT": 13.0, "GRAPROES": 9.5, "_ent": "32", "_mun": "048", "_loc": "0001"}, "geometry": {"type": "Polygon", "coordinates": [[[-103.30379, 21.78414], [-103.30419, 21.78423], [-103.30405, 21.78469], [-103.30369, 21.7846], [-103.30379, 21.78414]]]}}, {"id": "2522127", "type": "Feature", "properties": {"id": "2522127", "CVEGEO": "3204800010165009", "POBTOT": 15.0, "score_nse": 0.0, "NSE": "ND", "VIVTOT": 9.0, "GRAPROES": 6.4, "_ent": "32", "_mun": "048", "_loc": "0001"}, "geometry": {"type": "Polygon", "coordinates": [[[-103.29281, 21.78419], [-103.29319, 21.78425], [-103.29314, 21.7846], [-103.29277, 21.78449], [-103.29281, 21.78419]]]}}, {"id": "2522128", "type": "Feature", "properties": {"id": "2522128", "CVEGEO": "3204800010413004", "POBTOT": 35.0, "score_nse": 0.0, "NSE": "ND", "VIVTOT": 12.0, "GRAPROES": 8.33, "_ent": "32", "_mun": "048", "_loc": "0001"}, "geometry": {"type": "Polygon", "coordinates": [[[-103.28503, 21.78225], [-103.2858, 21.78321], [-103.2858, 21.78348], [-103.2849, 21.78234], [-103.28503, 21.78225]]]}}, {"id": "2522129", "type": "Feature", "properties": {"id": "2522129", "CVEGEO": "3204800010358025", "POBTOT": 11.0, "score_nse": 0.0, "NSE": "ND", "VIVTOT": 7.0, "GRAPROES": 7.64, "_ent": "32", "_mun": "048", "_loc": "0001"}, "geometry": {"type": "Polygon", "coordinates": [[[-103.29564, 21.78386], [-103.29579, 21.78388], [-103.29563, 21.78449], [-103.29552, 21.78447], [-103.29564, 21.78386]]]}}, {"id": "2522130", "type": "Feature", "properties": {"id": "2522130", "CVEGEO": "3204800010131029", "POBTOT": 71.0, "score_nse": 49.9457, "NSE": "C-", "VIVTOT": 47.0, "GRAPROES": 9.36, "_ent": "32", "_mun": "048", "_loc": "0001"}, "geometry": {"type": "Polygon", "coordinates": [[[-103.30507, 21.77839], [-103.30576, 21.7785], [-103.30554, 21.77956], [-103.3049, 21.77938], [-103.30507, 21.77839]]]}}, {"id": "2522131", "type": "Feature", "properties": {"id": "2522131", "CVEGEO": "3204800010305008", "POBTOT": 46.0, "score_nse": 64.816, "NSE": "C", "VIVTOT": 20.0, "GRAPROES": 12.42, "_ent": "32", "_mun": "048", "_loc": "0001"}, "geometry": {"type": "Polygon", "coordinates": [[[-103.29274, 21.76926], [-103.29307, 21.76931], [-103.2929, 21.77041], [-103.2926, 21.77021], [-103.29274, 21.76926]]]}}, {"id": "2522132", "type": "Feature", "properties": {"id": "2522132", "CVEGEO": "3204800010413005", "POBTOT": 20.0, "score_nse": 41.0667, "NSE": "D+", "VIVTOT": 6.0, "GRAPROES": 7.7, "_ent": "32", "_mun": "048", "_loc": "0001"}, "geometry": {"type": "Polygon", "coordinates": [[[-103.28529, 21.78029], [-103.28549, 21.78034], [-103.28524, 21.78112], [-103.28502, 21.78106], [-103.28529, 21.78029]]]}}, {"id": "2522133", "type": "Feature", "properties": {"id": "2522133", "CVEGEO": "3204800260038006", "POBTOT": 0.0, "score_nse": 0.0, "NSE": null, "VIVTOT": 0.0, "GRAPROES": 0.0, "_ent": "32", "_mun": "048", "_loc": "0026"}, "geometry": {"type": "Polygon", "coordinates": [[[-103.13797, 21.83222], [-103.13741, 21.83254], [-103.13761, 21.83239], [-103.13748, 21.83223], [-103.13731, 21.83235], [-103.1366, 21.83161], [-103.13697, 21.83109], [-103.13797, 21.83222]]]}}, {"id": "2522134", "type": "Feature", "properties": {"id": "2522134", "CVEGEO": "3204800010131002", "POBTOT": 46.0, "score_nse": 62.8613, "NSE": "C", "VIVTOT": 15.0, "GRAPROES": 8.83, "_ent": "32", "_mun": "048", "_loc": "0001"}, "geometry": {"type": "Polygon", "coordinates": [[[-103.30017, 21.77721], [-103.30115, 21.77739], [-103.30101, 21.77798], [-103.29999, 21.77773], [-103.30017, 21.77721]]]}}, {"id": "2522135", "type": "Feature", "properties": {"id": "2522135", "CVEGEO": "3204800500019002", "POBTOT": 0.0, "score_nse": 0.0, "NSE": null, "VIVTOT": 0.0, "GRAPROES": 0.0, "_ent": "32", "_mun": "048", "_loc": "0050"}, "geometry": {"type": "Polygon", "coordinates": [[[-103.30779, 21.87555], [-103.30779, 21.87505], [-103.30826, 21.87486], [-103.3088, 21.87486], [-103.30871, 21.87542], [-103.30779, 21.87555]]]}}, {"id": "2522136", "type": "Feature", "properties": {"id": "2522136", "CVEGEO": "3204800010273031", "POBTOT": 21.0, "score_nse": 64.6857, "NSE": "C", "VIVTOT": 7.0, "GRAPROES": 11.54, "_ent": "32", "_mun": "048", "_loc": "0001"}, "geometry": {"type": "Polygon", "coordinates": [[[-103.30944, 21.78052], [-103.30972, 21.77925], [-103.31014, 21.77933], [-103.30981, 21.78059], [-103.30944, 21.78052]]]}}, {"id": "2522137", "type": "Feature", "properties": {"id": "2522137", "CVEGEO": "3204800010269015", "POBTOT": 81.0, "score_nse": 54.4217, "NSE": "C-", "VIVTOT": 29.0, "GRAPROES": 8.49, "_ent": "32", "_mun": "048", "_loc": "0001"}, "geometry": {"type": "Polygon", "coordinates": [[[-103.31046, 21.78418], [-103.31092, 21.78428], [-103.31067, 21.78539], [-103.31024, 21.78529], [-103.31046, 21.78418]]]}}, {"id": "2522138", "type": "Feature", "properties": {"id": "2522138", "CVEGEO": "3204800010150027", "POBTOT": 24.0, "score_nse": 64.3771, "NSE": "C", "VIVTOT": 11.0, "GRAPROES": 12.42, "_ent": "32", "_mun": "048", "_loc": "0001"}, "geometry": {"type": "Polygon", "coordinates": [[[-103.30395, 21.78335], [-103.30442, 21.78343], [-103.30421, 21.78414], [-103.3038, 21.78404], [-103.30395, 21.78335]]]}}, {"id": "2522139", "type": "Feature", "properties": {"id": "2522139", "CVEGEO": "3204800010358008", "POBTOT": 6.0, "score_nse": 0.0, "NSE": "ND", "VIVTOT": 2.0, "GRAPROES": 0.0, "_ent": "32", "_mun": "048", "_loc": "0001"}, "geometry": {"type": "Polygon", "coordinates": [[[-103.29917, 21.78776], [-103.29953, 21.78786], [-103.29917, 21.7883], [-103.299, 21.78826], [-103.29917, 21.78776]]]}}, {"id": "2522140", "type": "Feature", "properties": {"id": "2522140", "CVEGEO": "3204800010127031", "POBTOT": 10.0, "score_nse": 59.26, "NSE": "C", "VIVTOT": 10.0, "GRAPROES": 14.43, "_ent": "32", "_mun": "048", "_loc": "0001"}, "geometry": {"type": "Polygon", "coordinates": [[[-103.30428, 21.78212], [-103.30436, 21.78181], [-103.30487, 21.78192], [-103.30479, 21.78222], [-103.30428, 21.78212]]]}}, {"id": "2522141", "type": "Feature", "properties": {"id": "2522141", "CVEGEO": "3204800010165037", "POBTOT": 54.0, "score_nse": 39.8578, "NSE": "D+", "VIVTOT": 18.0, "GRAPROES": 7.44, "_ent": "32", "_mun": "048", "_loc": "0001"}, "geometry": {"type": "Polygon", "coordinates": [[[-103.2877, 21.78069], [-103.28544, 21.78024], [-103.28539, 21.78007], [-103.28764, 21.78052], [-103.28818, 21.78018], [-103.28816, 21.78037], [-103.28776, 21.78048], [-103.2877, 21.78069]]]}}, {"id": "2522142", "type": "Feature", "properties": {"id": "2522142", "CVEGEO": "3204800010447002", "POBTOT": 49.0, "score_nse": 48.8624, "NSE": "C-", "VIVTOT": 17.0, "GRAPROES": 7.69, "_ent": "32", "_mun": "048", "_loc": "0001"}, "geometry": {"type": "Polygon", "coordinates": [[[-103.28384, 21.76979], [-103.28393, 21.76984], [-103.2835, 21.77122], [-103.28341, 21.77117], [-103.28384, 21.76979]]]}}, {"id": "2522143", "type": "Feature", "properties": {"id": "2522143", "CVEGEO": "3204800390019004", "POBTOT": 0.0, "score_nse": 0.0, "NSE": null, "VIVTOT": 0.0, "GRAPROES": 0.0, "_ent": "32", "_mun": "048", "_loc": "0039"}, "geometry": {"type": "Polygon", "coordinates": [[[-103.30647, 21.8634], [-103.30657, 21.86274], [-103.30705, 21.86277], [-103.30694, 21.86342], [-103.30647, 21.8634]]]}}, {"id": "2522144", "type": "Feature", "properties": {"id": "2522144", "CVEGEO": "3204800010413002", "POBTOT": 39.0, "score_nse": 54.8323, "NSE": "C-", "VIVTOT": 13.0, "GRAPROES": 9.85, "_ent": "32", "_mun": "048", "_loc": "0001"}, "geometry": {"type": "Polygon", "coordinates": [[[-103.28532, 21.78113], [-103.28564, 21.78121], [-103.28522, 21.78237], [-103.28497, 21.78209], [-103.28532, 21.78113]]]}}, {"id": "2522145", "type": "Feature", "properties": {"id": "2522145", "CVEGEO": "3204800420076014", "POBTOT": 0.0, "score_nse": 0.0, "NSE": null, "VIVTOT": 0.0, "GRAPROES": 0.0, "_ent": "32", "_mun": "048", "_loc": "0042"}, "geometry": {"type": "Polygon", "coordinates": [[[-103.27248, 21.79632], [-103.27262, 21.79561], [-103.27285, 21.79566], [-103.27273, 21.79638], [-103.27248, 21.79632]]]}}, {"id": "2522146", "type": "Feature", "properties": {"id": "2522146", "CVEGEO": "3204800010150010", "POBTOT": 75.0, "score_nse": 58.356, "NSE": "C", "VIVTOT": 30.0, "GRAPROES": 10.23, "_ent": "32", "_mun": "048", "_loc": "0001"}, "geometry": {"type": "Polygon", "coordinates": [[[-103.30136, 21.78447], [-103.30227, 21.78438], [-103.30214, 21.78507], [-103.30128, 21.78485], [-103.30136, 21.78447]]]}}, {"id": "2522147", "type": "Feature", "properties": {"id": "2522147", "CVEGEO": "3204800010324002", "POBTOT": 4.0, "score_nse": 0.0, "NSE": "ND", "VIVTOT": 2.0, "GRAPROES": 0.0, "_ent": "32", "_mun": "048", "_loc": "0001"}, "geometry": {"type": "Polygon", "coordinates": [[[-103.29728, 21.7701], [-103.29815, 21.77022], [-103.29823, 21.76998], [-103.29963, 21.77054], [-103.29708, 21.77157], [-103.29728, 21.7701]]]}}, {"id": "2522148", "type": "Feature", "properties": {"id": "2522148", "CVEGEO": "3204800010127002", "POBTOT": 41.0, "score_nse": 66.5135, "NSE": "C", "VIVTOT": 11.0, "GRAPROES": 9.73, "_ent": "32", "_mun": "048", "_loc": "0001"}, "geometry": {"type": "Polygon", "coordinates": [[[-103.30213, 21.78089], [-103.30273, 21.78101], [-103.30269, 21.78133], [-103.30205, 21.78121], [-103.30213, 21.78089]]]}}, {"id": "2522149", "type": "Feature", "properties": {"id": "2522149", "CVEGEO": "3204800010127037", "POBTOT": 98.0, "score_nse": 50.2053, "NSE": "C-", "VIVTOT": 27.0, "GRAPROES": 8.37, "_ent": "32", "_mun": "048", "_loc": "0001"}, "geometry": {"type": "Polygon", "coordinates": [[[-103.29937, 21.78084], [-103.29992, 21.78092], [-103.29987, 21.78132], [-103.29831, 21.78103], [-103.29937, 21.78084]]]}}, {"id": "2522150", "type": "Feature", "properties": {"id": "2522150", "CVEGEO": "3204800010127047", "POBTOT": 6.0, "score_nse": 0.0, "NSE": "ND", "VIVTOT": 2.0, "GRAPROES": 0.0, "_ent": "32", "_mun": "048", "_loc": "0001"}, "geometry": {"type": "Polygon", "coordinates": [[[-103.29823, 21.78089], [-103.29821, 21.781], [-103.29793, 21.78096], [-103.29794, 21.7809], [-103.29823, 21.78089]]]}}, {"id": "2522151", "type": "Feature", "properties": {"id": "2522151", "CVEGEO": "3204800260038011", "POBTOT": 0.0, "score_nse": 0.0, "NSE": null, "VIVTOT": 0.0, "GRAPROES": 0.0, "_ent": "32", "_mun": "048", "_loc": "0026"}, "geometry": {"type": "Polygon", "coordinates": [[[-103.13613, 21.83013], [-103.13565, 21.83055], [-103.13552, 21.83042], [-103.1358, 21.82974], [-103.13613, 21.83013]]]}}, {"id": "2522152", "type": "Feature", "properties": {"id": "2522152", "CVEGEO": "3204800010127030", "POBTOT": 14.0, "score_nse": 0.0, "NSE": "ND", "VIVTOT": 5.0, "GRAPROES": 11.0, "_ent": "32", "_mun": "048", "_loc": "0001"}, "geometry": {"type": "Polygon", "coordinates": [[[-103.30447, 21.78135], [-103.30502, 21.78146], [-103.30492, 21.78179], [-103.30439, 21.78168], [-103.30447, 21.78135]]]}}, {"id": "2522153", "type": "Feature", "properties": {"id": "2522153", "CVEGEO": "3204800010362004", "POBTOT": 110.0, "score_nse": 52.2502, "NSE": "C-", "VIVTOT": 45.0, "GRAPROES": 9.8, "_ent": "32", "_mun": "048", "_loc": "0001"}, "geometry": {"type": "Polygon", "coordinates": [[[-103.29993, 21.78518], [-103.30104, 21.78549], [-103.30088, 21.78623], [-103.30066, 21.78629], [-103.29971, 21.78588], [-103.29993, 21.78518]]]}}, {"id": "2522154", "type": "Feature", "properties": {"id": "2522154", "CVEGEO": "3204800010269028", "POBTOT": 16.0, "score_nse": 56.8187, "NSE": "C", "VIVTOT": 15.0, "GRAPROES": 13.31, "_ent": "32", "_mun": "048", "_loc": "0001"}, "geometry": {"type": "Polygon", "coordinates": [[[-103.30685, 21.78182], [-103.30806, 21.7821], [-103.30801, 21.78233], [-103.30672, 21.78234], [-103.30685, 21.78182]]]}}, {"id": "2522155", "type": "Feature", "properties": {"id": "2522155", "CVEGEO": "3204800010339007", "POBTOT": 0.0, "score_nse": 10.0, "NSE": "E", "VIVTOT": 1.0, "GRAPROES": 0.0, "_ent": "32", "_mun": "048", "_loc": "0001"}, "geometry": {"type": "Polygon", "coordinates": [[[-103.28784, 21.78283], [-103.28787, 21.7831], [-103.28682, 21.7833], [-103.28691, 21.78301], [-103.28784, 21.78283]]]}}, {"id": "2522156", "type": "Feature", "properties": {"id": "2522156", "CVEGEO": "3204800010292015", "POBTOT": 3.0, "score_nse": 0.0, "NSE": "ND", "VIVTOT": 2.0, "GRAPROES": 0.0, "_ent": "32", "_mun": "048", "_loc": "0001"}, "geometry": {"type": "Polygon", "coordinates": [[[-103.30023, 21.77212], [-103.30062, 21.7722], [-103.30049, 21.7731], [-103.30013, 21.77298], [-103.30023, 21.77212]]]}}, {"id": "2522157", "type": "Feature", "properties": {"id": "2522157", "CVEGEO": "3204800400095010", "POBTOT": 0.0, "score_nse": 0.0, "NSE": null, "VIVTOT": 0.0, "GRAPROES": 0.0, "_ent": "32", "_mun": "048", "_loc": "0040"}, "geometry": {"type": "Polygon", "coordinates": [[[-103.27317, 21.73252], [-103.273, 21.73233], [-103.27254, 21.7324], [-103.27239, 21.73202], [-103.27282, 21.73195], [-103.27333, 21.73243], [-103.27317, 21.73252]]]}}, {"id": "2522158", "type": "Feature", "properties": {"id": "2522158", "CVEGEO": "3204800010362014", "POBTOT": 59.0, "score_nse": 59.424, "NSE": "C", "VIVTOT": 25.0, "GRAPROES": 11.13, "_ent": "32", "_mun": "048", "_loc": "0001"}, "geometry": {"type": "Polygon", "coordinates": [[[-103.30126, 21.78496], [-103.30213, 21.78518], [-103.30203, 21.78567], [-103.30116, 21.78542], [-103.30126, 21.78496]]]}}, {"id": "2522159", "type": "Feature", "properties": {"id": "2522159", "CVEGEO": "3204800010127011", "POBTOT": 113.0, "score_nse": 59.388, "NSE": "C", "VIVTOT": 40.0, "GRAPROES": 9.54, "_ent": "32", "_mun": "048", "_loc": "0001"}, "geometry": {"type": "Polygon", "coordinates": [[[-103.30136, 21.78054], [-103.30154, 21.77994], [-103.30176, 21.78001], [-103.30172, 21.78037], [-103.30183, 21.77999], [-103.30225, 21.78012], [-103.30208, 21.78078], [-103.30136, 21.78054]]]}}, {"id": "2522160", "type": "Feature", "properties": {"id": "2522160", "CVEGEO": "3204800200095013", "POBTOT": 0.0, "score_nse": 0.0, "NSE": null, "VIVTOT": 0.0, "GRAPROES": 0.0, "_ent": "32", "_mun": "048", "_loc": "0020"}, "geometry": {"type": "Polygon", "coordinates": [[[-103.21098, 21.72848], [-103.21141, 21.72873], [-103.21085, 21.72913], [-103.21058, 21.72887], [-103.21098, 21.72848]]]}}, {"id": "2522161", "type": "Feature", "properties": {"id": "2522161", "CVEGEO": "3204800010131047", "POBTOT": 43.0, "score_nse": 50.932, "NSE": "C-", "VIVTOT": 16.0, "GRAPROES": 9.58, "_ent": "32", "_mun": "048", "_loc": "0001"}, "geometry": {"type": "Polygon", "coordinates": [[[-103.29994, 21.77789], [-103.30098, 21.77809], [-103.30092, 21.77834], [-103.29989, 21.77812], [-103.29994, 21.77789]]]}}, {"id": "2522162", "type": "Feature", "properties": {"id": "2522162", "CVEGEO": "3204800010150020", "POBTOT": 78.0, "score_nse": 63.6105, "NSE": "C", "VIVTOT": 26.0, "GRAPROES": 9.16, "_ent": "32", "_mun": "048", "_loc": "0001"}, "geometry": {"type": "Polygon", "coordinates": [[[-103.29741, 21.78238], [-103.29838, 21.78252], [-103.29824, 21.78293], [-103.29729, 21.78279], [-103.29741, 21.78238]]]}}, {"id": "2522163", "type": "Feature", "properties": {"id": "2522163", "CVEGEO": "3204800010127044", "POBTOT": 17.0, "score_nse": 59.36, "NSE": "C", "VIVTOT": 10.0, "GRAPROES": 12.41, "_ent": "32", "_mun": "048", "_loc": "0001"}, "geometry": {"type": "Polygon", "coordinates": [[[-103.29759, 21.78147], [-103.29812, 21.78154], [-103.298, 21.78189], [-103.2975, 21.78182], [-103.29759, 21.78147]]]}}, {"id": "2522164", "type": "Feature", "properties": {"id": "2522164", "CVEGEO": "3204800010269019", "POBTOT": 8.0, "score_nse": 0.0, "NSE": "ND", "VIVTOT": 4.0, "GRAPROES": 13.5, "_ent": "32", "_mun": "048", "_loc": "0001"}, "geometry": {"type": "Polygon", "coordinates": [[[-103.30838, 21.78217], [-103.30834, 21.78237], [-103.30808, 21.78234], [-103.30814, 21.78212], [-103.30838, 21.78217]]]}}, {"id": "2522165", "type": "Feature", "properties": {"id": "2522165", "CVEGEO": "320480001017A020", "POBTOT": 14.0, "score_nse": 0.0, "NSE": "ND", "VIVTOT": 4.0, "GRAPROES": 11.63, "_ent": "32", "_mun": "048", "_loc": "0001"}, "geometry": {"type": "Polygon", "coordinates": [[[-103.29904, 21.77724], [-103.29932, 21.77751], [-103.29923, 21.77783], [-103.29892, 21.77776], [-103.29904, 21.77724]]]}}, {"id": "2522166", "type": "Feature", "properties": {"id": "2522166", "CVEGEO": "3204800140023004", "POBTOT": 0.0, "score_nse": 0.0, "NSE": null, "VIVTOT": 0.0, "GRAPROES": 0.0, "_ent": "32", "_mun": "048", "_loc": "0014"}, "geometry": {"type": "Polygon", "coordinates": [[[-103.26787, 21.90343], [-103.26761, 21.90126], [-103.26806, 21.90115], [-103.26802, 21.90089], [-103.26846, 21.90083], [-103.26871, 21.90102], [-103.26875, 21.90224], [-103.26932, 21.90222], [-103.26938, 21.90318], [-103.26878, 21.90346], [-103.26787, 21.90343]]]}}, {"id": "2522167", "type": "Feature", "properties": {"id": "2522167", "CVEGEO": "3204800560042003", "POBTOT": 0.0, "score_nse": 0.0, "NSE": null, "VIVTOT": 0.0, "GRAPROES": 0.0, "_ent": "32", "_mun": "048", "_loc": "0056"}, "geometry": {"type": "Polygon", "coordinates": [[[-103.32002, 21.77706], [-103.32007, 21.77648], [-103.32078, 21.77656], [-103.32067, 21.77715], [-103.32002, 21.77706]]]}}, {"id": "2522168", "type": "Feature", "properties": {"id": "2522168", "CVEGEO": "3204800010165025", "POBTOT": 18.0, "score_nse": 0.0, "NSE": "ND", "VIVTOT": 5.0, "GRAPROES": 7.19, "_ent": "32", "_mun": "048", "_loc": "0001"}, "geometry": {"type": "Polygon", "coordinates": [[[-103.29159, 21.78536], [-103.29182, 21.78544], [-103.29163, 21.78593], [-103.2914, 21.78587], [-103.29159, 21.78536]]]}}, {"id": "2522169", "type": "Feature", "properties": {"id": "2522169", "CVEGEO": "3204800010199019", "POBTOT": 0.0, "score_nse": 0.0, "NSE": "ND", "VIVTOT": 0.0, "GRAPROES": 0.0, "_ent": "32", "_mun": "048", "_loc": "0001"}, "geometry": {"type": "Polygon", "coordinates": [[[-103.29563, 21.79134], [-103.29643, 21.79218], [-103.29629, 21.79247], [-103.29545, 21.79155], [-103.29563, 21.79134]]]}}, {"id": "2522170", "type": "Feature", "properties": {"id": "2522170", "CVEGEO": "3204800010165007", "POBTOT": 32.0, "score_nse": 63.656, "NSE": "C", "VIVTOT": 14.0, "GRAPROES": 12.04, "_ent": "32", "_mun": "048", "_loc": "0001"}, "geometry": {"type": "Polygon", "coordinates": [[[-103.2934, 21.78347], [-103.29401, 21.78358], [-103.29398, 21.78387], [-103.29366, 21.78422], [-103.29329, 21.78417], [-103.2934, 21.78347]]]}}, {"id": "2522171", "type": "Feature", "properties": {"id": "2522171", "CVEGEO": "3204800010305027", "POBTOT": 0.0, "score_nse": 0.0, "NSE": "ND", "VIVTOT": 0.0, "GRAPROES": 0.0, "_ent": "32", "_mun": "048", "_loc": "0001"}, "geometry": {"type": "Polygon", "coordinates": [[[-103.28992, 21.77311], [-103.28981, 21.77373], [-103.28931, 21.77347], [-103.28946, 21.77324], [-103.28992, 21.77311]]]}}, {"id": "2522172", "type": "Feature", "properties": {"id": "2522172", "CVEGEO": "3204800010432001", "POBTOT": 0.0, "score_nse": 0.0, "NSE": "ND", "VIVTOT": 0.0, "GRAPROES": 0.0, "_ent": "32", "_mun": "048", "_loc": "0001"}, "geometry": {"type": "Polygon", "coordinates": [[[-103.2908, 21.7643], [-103.292, 21.76431], [-103.29195, 21.7655], [-103.29075, 21.76549], [-103.2908, 21.7643]]]}}, {"id": "2522173", "type": "Feature", "properties": {"id": "2522173", "CVEGEO": "3204800540042008", "POBTOT": 0.0, "score_nse": 0.0, "NSE": null, "VIVTOT": 0.0, "GRAPROES": 0.0, "_ent": "32", "_mun": "048", "_loc": "0054"}, "geometry": {"type": "Polygon", "coordinates": [[[-103.31974, 21.78953], [-103.32013, 21.78894], [-103.32051, 21.78902], [-103.32, 21.78972], [-103.31974, 21.78953]]]}}, {"id": "2522174", "type": "Feature", "properties": {"id": "2522174", "CVEGEO": "3204800540042003", "POBTOT": 0.0, "score_nse": 0.0, "NSE": null, "VIVTOT": 0.0, "GRAPROES": 0.0, "_ent": "32", "_mun": "048", "_loc": "0054"}, "geometry": {"type": "Polygon", "coordinates": [[[-103.31768, 21.7879], [-103.31744, 21.78803], [-103.31745, 21.78788], [-103.31768, 21.7879]]]}}, {"id": "2522175", "type": "Feature", "properties": {"id": "2522175", "CVEGEO": "3204800540042009", "POBTOT": 0.0, "score_nse": 0.0, "NSE": null, "VIVTOT": 0.0, "GRAPROES": 0.0, "_ent": "32", "_mun": "048", "_loc": "0054"}, "geometry": {"type": "Polygon", "coordinates": [[[-103.32042, 21.78998], [-103.32006, 21.78977], [-103.32059, 21.78905], [-103.32078, 21.78913], [-103.32042, 21.78998]]]}}, {"id": "2522176", "type": "Feature", "properties": {"id": "2522176", "CVEGEO": "3204800540042010", "POBTOT": 0.0, "score_nse": 0.0, "NSE": null, "VIVTOT": 0.0, "GRAPROES": 0.0, "_ent": "32", "_mun": "048", "_loc": "0054"}, "geometry": {"type": "Polygon", "coordinates": [[[-103.31793, 21.78831], [-103.31798, 21.78805], [-103.31812, 21.78811], [-103.31808, 21.78836], [-103.31793, 21.78831]]]}}, {"id": "2522177", "type": "Feature", "properties": {"id": "2522177", "CVEGEO": "3204800010199009", "POBTOT": 5.0, "score_nse": 0.0, "NSE": "ND", "VIVTOT": 2.0, "GRAPROES": 0.0, "_ent": "32", "_mun": "048", "_loc": "0001"}, "geometry": {"type": "Polygon", "coordinates": [[[-103.29969, 21.78906], [-103.30071, 21.78928], [-103.30235, 21.78994], [-103.30175, 21.79073], [-103.29936, 21.79002], [-103.2994, 21.78948], [-103.29969, 21.78906]]]}}, {"id": "2522178", "type": "Feature", "properties": {"id": "2522178", "CVEGEO": "3204800010199021", "POBTOT": 0.0, "score_nse": 0.0, "NSE": "ND", "VIVTOT": 0.0, "GRAPROES": 0.0, "_ent": "32", "_mun": "048", "_loc": "0001"}, "geometry": {"type": "Polygon", "coordinates": [[[-103.29971, 21.79197], [-103.2996, 21.7939], [-103.29906, 21.79389], [-103.29907, 21.79189], [-103.29971, 21.79197]]]}}, {"id": "2522179", "type": "Feature", "properties": {"id": "2522179", "CVEGEO": "3204800010358012", "POBTOT": 64.0, "score_nse": 62.0089, "NSE": "C", "VIVTOT": 18.0, "GRAPROES": 10.11, "_ent": "32", "_mun": "048", "_loc": "0001"}, "geometry": {"type": "Polygon", "coordinates": [[[-103.29535, 21.78711], [-103.29532, 21.78551], [-103.29648, 21.78546], [-103.29628, 21.78594], [-103.29627, 21.78659], [-103.2964, 21.78643], [-103.29675, 21.78644], [-103.29699, 21.78662], [-103.29713, 21.78724], [-103.29639, 21.78701], [-103.29616, 21.78743], [-103.29535, 21.78711]]]}}, {"id": "2522180", "type": "Feature", "properties": {"id": "2522180", "CVEGEO": "3204800010358028", "POBTOT": 13.0, "score_nse": 0.0, "NSE": "ND", "VIVTOT": 4.0, "GRAPROES": 11.2, "_ent": "32", "_mun": "048", "_loc": "0001"}, "geometry": {"type": "Polygon", "coordinates": [[[-103.29535, 21.78722], [-103.2961, 21.78747], [-103.29623, 21.78859], [-103.29665, 21.78934], [-103.29658, 21.78976], [-103.29553, 21.78892], [-103.29535, 21.78722]]]}}, {"id": "2522181", "type": "Feature", "properties": {"id": "2522181", "CVEGEO": "3204800540042013", "POBTOT": 0.0, "score_nse": 0.0, "NSE": null, "VIVTOT": 0.0, "GRAPROES": 0.0, "_ent": "32", "_mun": "048", "_loc": "0054"}, "geometry": {"type": "Polygon", "coordinates": [[[-103.32094, 21.78998], [-103.32051, 21.78997], [-103.32087, 21.7892], [-103.3212, 21.78946], [-103.32094, 21.78998]]]}}, {"id": "2522182", "type": "Feature", "properties": {"id": "2522182", "CVEGEO": "3204800010165058", "POBTOT": 41.0, "score_nse": 56.036, "NSE": "C", "VIVTOT": 10.0, "GRAPROES": 9.03, "_ent": "32", "_mun": "048", "_loc": "0001"}, "geometry": {"type": "Polygon", "coordinates": [[[-103.29263, 21.78125], [-103.2913, 21.7807], [-103.29046, 21.78078], [-103.28929, 21.78011], [-103.28872, 21.78009], [-103.28873, 21.77993], [-103.28846, 21.78009], [-103.28639, 21.77968], [-103.28501, 21.77879], [-103.28537, 21.77876], [-103.28688, 21.77916], [-103.28728, 21.77877], [-103.28843, 21.77963], [-103.28931, 21.77975], [-103.28934, 21.7796], [-103.29046, 21.77965], [-103.29071, 21.77977], [-103.29071, 21.78029], [-103.29092, 21.7805], [-103.2913, 21.78038], [-103.29236, 21.78057], [-103.29269, 21.78091], [-103.29263, 21.78125]]]}}, {"id": "2522183", "type": "Feature", "properties": {"id": "2522183", "CVEGEO": "3204800010165003", "POBTOT": 12.0, "score_nse": 0.0, "NSE": "ND", "VIVTOT": 2.0, "GRAPROES": 0.0, "_ent": "32", "_mun": "048", "_loc": "0001"}, "geometry": {"type": "Polygon", "coordinates": [[[-103.29478, 21.78167], [-103.29474, 21.78187], [-103.29452, 21.78185], [-103.29327, 21.78145], [-103.29499, 21.78106], [-103.29537, 21.78165], [-103.29537, 21.78198], [-103.29489, 21.7819], [-103.29492, 21.78169], [-103.29478, 21.78167]]]}}, {"id": "2522184", "type": "Feature", "properties": {"id": "2522184", "CVEGEO": "3204800540042007", "POBTOT": 0.0, "score_nse": 0.0, "NSE": null, "VIVTOT": 0.0, "GRAPROES": 0.0, "_ent": "32", "_mun": "048", "_loc": "0054"}, "geometry": {"type": "Polygon", "coordinates": [[[-103.31741, 21.78803], [-103.31676, 21.78807], [-103.31677, 21.78822], [-103.31645, 21.78824], [-103.31646, 21.78746], [-103.31668, 21.78742], [-103.31673, 21.78759], [-103.31697, 21.78751], [-103.31695, 21.78769], [-103.31741, 21.78791], [-103.31741, 21.78803]]]}}, {"id": "2522185", "type": "Feature", "properties": {"id": "2522185", "CVEGEO": "3204800540042006", "POBTOT": 0.0, "score_nse": 0.0, "NSE": null, "VIVTOT": 0.0, "GRAPROES": 0.0, "_ent": "32", "_mun": "048", "_loc": "0054"}, "geometry": {"type": "Polygon", "coordinates": [[[-103.31674, 21.7895], [-103.31684, 21.78896], [-103.31658, 21.78888], [-103.31648, 21.78832], [-103.31737, 21.78813], [-103.31719, 21.78962], [-103.31674, 21.7895]]]}}, {"id": "2522186", "type": "Feature", "properties": {"id": "2522186", "CVEGEO": "3204800540042004", "POBTOT": 0.0, "score_nse": 0.0, "NSE": null, "VIVTOT": 0.0, "GRAPROES": 0.0, "_ent": "32", "_mun": "048", "_loc": "0054"}, "geometry": {"type": "Polygon", "coordinates": [[[-103.31916, 21.78928], [-103.31868, 21.7894], [-103.31881, 21.78856], [-103.32006, 21.78892], [-103.31965, 21.7895], [-103.31916, 21.78928]]]}}, {"id": "2522187", "type": "Feature", "properties": {"id": "2522187", "CVEGEO": "3204800540042001", "POBTOT": 0.0, "score_nse": 0.0, "NSE": null, "VIVTOT": 0.0, "GRAPROES": 0.0, "_ent": "32", "_mun": "048", "_loc": "0054"}, "geometry": {"type": "Polygon", "coordinates": [[[-103.31873, 21.78856], [-103.31856, 21.78947], [-103.31806, 21.7896], [-103.31822, 21.78844], [-103.31873, 21.78856]]]}}, {"id": "2522188", "type": "Feature", "properties": {"id": "2522188", "CVEGEO": "3204800540042002", "POBTOT": 0.0, "score_nse": 0.0, "NSE": null, "VIVTOT": 0.0, "GRAPROES": 0.0, "_ent": "32", "_mun": "048", "_loc": "0054"}, "geometry": {"type": "Polygon", "coordinates": [[[-103.31797, 21.78963], [-103.3173, 21.7896], [-103.31744, 21.78807], [-103.31782, 21.788], [-103.31792, 21.78802], [-103.31786, 21.78834], [-103.31813, 21.78844], [-103.31797, 21.78963]]]}}, {"id": "2522189", "type": "Feature", "properties": {"id": "2522189", "CVEGEO": "3204801090076007", "POBTOT": 0.0, "score_nse": 0.0, "NSE": null, "VIVTOT": 0.0, "GRAPROES": 0.0, "_ent": "32", "_mun": "048", "_loc": "0109"}, "geometry": {"type": "Polygon", "coordinates": [[[-103.26839, 21.78559], [-103.26841, 21.78475], [-103.26873, 21.78475], [-103.2687, 21.7856], [-103.26839, 21.78559]]]}}, {"id": "2522190", "type": "Feature", "properties": {"id": "2522190", "CVEGEO": "3204801090076017", "POBTOT": 0.0, "score_nse": 0.0, "NSE": null, "VIVTOT": 0.0, "GRAPROES": 0.0, "_ent": "32", "_mun": "048", "_loc": "0109"}, "geometry": {"type": "Polygon", "coordinates": [[[-103.26952, 21.7857], [-103.26984, 21.7857], [-103.2698, 21.78657], [-103.26951, 21.78658], [-103.26952, 21.7857]]]}}, {"id": "2522191", "type": "Feature", "properties": {"id": "2522191", "CVEGEO": "3204801090076013", "POBTOT": 0.0, "score_nse": 0.0, "NSE": null, "VIVTOT": 0.0, "GRAPROES": 0.0, "_ent": "32", "_mun": "048", "_loc": "0109"}, "geometry": {"type": "Polygon", "coordinates": [[[-103.26991, 21.78398], [-103.27002, 21.78306], [-103.27034, 21.78307], [-103.27023, 21.78397], [-103.26991, 21.78398]]]}}, {"id": "2522192", "type": "Feature", "properties": {"id": "2522192", "CVEGEO": "3204801090076028", "POBTOT": 0.0, "score_nse": 0.0, "NSE": null, "VIVTOT": 0.0, "GRAPROES": 0.0, "_ent": "32", "_mun": "048", "_loc": "0109"}, "geometry": {"type": "Polygon", "coordinates": [[[-103.27044, 21.78305], [-103.27053, 21.78212], [-103.27084, 21.78217], [-103.27073, 21.78305], [-103.27044, 21.78305]]]}}, {"id": "2522193", "type": "Feature", "properties": {"id": "2522193", "CVEGEO": "3204801090076020", "POBTOT": 0.0, "score_nse": 0.0, "NSE": null, "VIVTOT": 0.0, "GRAPROES": 0.0, "_ent": "32", "_mun": "048", "_loc": "0109"}, "geometry": {"type": "Polygon", "coordinates": [[[-103.26836, 21.78651], [-103.26839, 21.78564], [-103.26869, 21.78565], [-103.26868, 21.78653], [-103.26836, 21.78651]]]}}, {"id": "2522194", "type": "Feature", "properties": {"id": "2522194", "CVEGEO": "3204801090076032", "POBTOT": 0.0, "score_nse": 0.0, "NSE": null, "VIVTOT": 0.0, "GRAPROES": 0.0, "_ent": "32", "_mun": "048", "_loc": "0109"}, "geometry": {"type": "Polygon", "coordinates": [[[-103.27079, 21.78307], [-103.27081, 21.78273], [-103.27112, 21.78279], [-103.27106, 21.78308], [-103.27079, 21.78307]]]}}, {"id": "2522195", "type": "Feature", "properties": {"id": "2522195", "CVEGEO": "3204801090076014", "POBTOT": 0.0, "score_nse": 0.0, "NSE": null, "VIVTOT": 0.0, "GRAPROES": 0.0, "_ent": "32", "_mun": "048", "_loc": "0109"}, "geometry": {"type": "Polygon", "coordinates": [[[-103.26992, 21.78475], [-103.26993, 21.78403], [-103.27026, 21.78405], [-103.27024, 21.78474], [-103.26992, 21.78475]]]}}, {"id": "2522196", "type": "Feature", "properties": {"id": "2522196", "CVEGEO": "3204801090076031", "POBTOT": 0.0, "score_nse": 0.0, "NSE": null, "VIVTOT": 0.0, "GRAPROES": 0.0, "_ent": "32", "_mun": "048", "_loc": "0109"}, "geometry": {"type": "Polygon", "coordinates": [[[-103.27083, 21.78268], [-103.27086, 21.78236], [-103.27116, 21.7824], [-103.27111, 21.78275], [-103.27083, 21.78268]]]}}, {"id": "2522197", "type": "Feature", "properties": {"id": "2522197", "CVEGEO": "3204801090076029", "POBTOT": 0.0, "score_nse": 0.0, "NSE": null, "VIVTOT": 0.0, "GRAPROES": 0.0, "_ent": "32", "_mun": "048", "_loc": "0109"}, "geometry": {"type": "Polygon", "coordinates": [[[-103.27031, 21.784], [-103.2704, 21.78307], [-103.27074, 21.78312], [-103.27059, 21.78402], [-103.27031, 21.784]]]}}, {"id": "2522198", "type": "Feature", "properties": {"id": "2522198", "CVEGEO": "3204801090076005", "POBTOT": 0.0, "score_nse": 0.0, "NSE": null, "VIVTOT": 0.0, "GRAPROES": 0.0, "_ent": "32", "_mun": "048", "_loc": "0109"}, "geometry": {"type": "Polygon", "coordinates": [[[-103.26954, 21.78476], [-103.26956, 21.78401], [-103.26988, 21.78403], [-103.26987, 21.78475], [-103.26954, 21.78476]]]}}, {"id": "2522199", "type": "Feature", "properties": {"id": "2522199", "CVEGEO": "3204801090076006", "POBTOT": 0.0, "score_nse": 0.0, "NSE": null, "VIVTOT": 0.0, "GRAPROES": 0.0, "_ent": "32", "_mun": "048", "_loc": "0109"}, "geometry": {"type": "Polygon", "coordinates": [[[-103.26951, 21.78567], [-103.26953, 21.78479], [-103.26986, 21.78481], [-103.26985, 21.78566], [-103.26951, 21.78567]]]}}, {"id": "2522200", "type": "Feature", "properties": {"id": "2522200", "CVEGEO": "3204801090076034", "POBTOT": 0.0, "score_nse": 0.0, "NSE": null, "VIVTOT": 0.0, "GRAPROES": 0.0, "_ent": "32", "_mun": "048", "_loc": "0109"}, "geometry": {"type": "Polygon", "coordinates": [[[-103.27071, 21.78372], [-103.27074, 21.78342], [-103.27105, 21.78346], [-103.271, 21.78374], [-103.27071, 21.78372]]]}}, {"id": "2522201", "type": "Feature", "properties": {"id": "2522201", "CVEGEO": "3204801090076011", "POBTOT": 0.0, "score_nse": 0.0, "NSE": null, "VIVTOT": 0.0, "GRAPROES": 0.0, "_ent": "32", "_mun": "048", "_loc": "0109"}, "geometry": {"type": "Polygon", "coordinates": [[[-103.26918, 21.78386], [-103.2693, 21.783], [-103.26965, 21.78303], [-103.26953, 21.78388], [-103.26918, 21.78386]]]}}, {"id": "2522202", "type": "Feature", "properties": {"id": "2522202", "CVEGEO": "3204801090076010", "POBTOT": 0.0, "score_nse": 0.0, "NSE": null, "VIVTOT": 0.0, "GRAPROES": 0.0, "_ent": "32", "_mun": "048", "_loc": "0109"}, "geometry": {"type": "Polygon", "coordinates": [[[-103.26882, 21.78385], [-103.26893, 21.7829], [-103.26926, 21.78299], [-103.26914, 21.78386], [-103.26882, 21.78385]]]}}, {"id": "2522203", "type": "Feature", "properties": {"id": "2522203", "CVEGEO": "3204801090076033", "POBTOT": 0.0, "score_nse": 0.0, "NSE": null, "VIVTOT": 0.0, "GRAPROES": 0.0, "_ent": "32", "_mun": "048", "_loc": "0109"}, "geometry": {"type": "Polygon", "coordinates": [[[-103.27076, 21.78338], [-103.2708, 21.78311], [-103.27107, 21.78314], [-103.27103, 21.78341], [-103.27076, 21.78338]]]}}, {"id": "2522204", "type": "Feature", "properties": {"id": "2522204", "CVEGEO": "3204801090076009", "POBTOT": 0.0, "score_nse": 0.0, "NSE": null, "VIVTOT": 0.0, "GRAPROES": 0.0, "_ent": "32", "_mun": "048", "_loc": "0109"}, "geometry": {"type": "Polygon", "coordinates": [[[-103.26828, 21.78356], [-103.26849, 21.78169], [-103.26895, 21.78178], [-103.26872, 21.78381], [-103.26805, 21.78375], [-103.26808, 21.78356], [-103.26828, 21.78356]]]}}, {"id": "2522205", "type": "Feature", "properties": {"id": "2522205", "CVEGEO": "3204801090076025", "POBTOT": 0.0, "score_nse": 0.0, "NSE": null, "VIVTOT": 0.0, "GRAPROES": 0.0, "_ent": "32", "_mun": "048", "_loc": "0109"}, "geometry": {"type": "Polygon", "coordinates": [[[-103.26931, 21.78297], [-103.26939, 21.78192], [-103.26974, 21.78198], [-103.26966, 21.78298], [-103.26931, 21.78297]]]}}, {"id": "2522206", "type": "Feature", "properties": {"id": "2522206", "CVEGEO": "3204801090076021", "POBTOT": 0.0, "score_nse": 0.0, "NSE": null, "VIVTOT": 0.0, "GRAPROES": 0.0, "_ent": "32", "_mun": "048", "_loc": "0109"}, "geometry": {"type": "Polygon", "coordinates": [[[-103.26818, 21.78467], [-103.26819, 21.78385], [-103.26837, 21.78385], [-103.26834, 21.78467], [-103.26818, 21.78467]]]}}, {"id": "2522207", "type": "Feature", "properties": {"id": "2522207", "CVEGEO": "3204801090076016", "POBTOT": 0.0, "score_nse": 0.0, "NSE": null, "VIVTOT": 0.0, "GRAPROES": 0.0, "_ent": "32", "_mun": "048", "_loc": "0109"}, "geometry": {"type": "Polygon", "coordinates": [[[-103.26986, 21.78655], [-103.26988, 21.7857], [-103.2702, 21.7857], [-103.27019, 21.78656], [-103.26986, 21.78655]]]}}, {"id": "2522208", "type": "Feature", "properties": {"id": "2522208", "CVEGEO": "3204801090076002", "POBTOT": 0.0, "score_nse": 0.0, "NSE": null, "VIVTOT": 0.0, "GRAPROES": 0.0, "_ent": "32", "_mun": "048", "_loc": "0109"}, "geometry": {"type": "Polygon", "coordinates": [[[-103.26879, 21.78566], [-103.26881, 21.78478], [-103.26914, 21.7848], [-103.26911, 21.78566], [-103.26879, 21.78566]]]}}, {"id": "2522209", "type": "Feature", "properties": {"id": "2522209", "CVEGEO": "3204801090076037", "POBTOT": 0.0, "score_nse": 0.0, "NSE": null, "VIVTOT": 0.0, "GRAPROES": 0.0, "_ent": "32", "_mun": "048", "_loc": "0109"}, "geometry": {"type": "Polygon", "coordinates": [[[-103.26815, 21.78565], [-103.26833, 21.78564], [-103.26832, 21.78653], [-103.26815, 21.78654], [-103.26815, 21.78565]]]}}, {"id": "2522210", "type": "Feature", "properties": {"id": "2522210", "CVEGEO": "3204801090076024", "POBTOT": 0.0, "score_nse": 0.0, "NSE": null, "VIVTOT": 0.0, "GRAPROES": 0.0, "_ent": "32", "_mun": "048", "_loc": "0109"}, "geometry": {"type": "Polygon", "coordinates": [[[-103.26891, 21.78283], [-103.26909, 21.78185], [-103.26936, 21.78189], [-103.26926, 21.78294], [-103.26891, 21.78283]]]}}, {"id": "2522211", "type": "Feature", "properties": {"id": "2522211", "CVEGEO": "3204801090076012", "POBTOT": 0.0, "score_nse": 0.0, "NSE": null, "VIVTOT": 0.0, "GRAPROES": 0.0, "_ent": "32", "_mun": "048", "_loc": "0109"}, "geometry": {"type": "Polygon", "coordinates": [[[-103.2696, 21.78394], [-103.26969, 21.78301], [-103.26996, 21.78305], [-103.26987, 21.78398], [-103.2696, 21.78394]]]}}, {"id": "2522212", "type": "Feature", "properties": {"id": "2522212", "CVEGEO": "3204801090076004", "POBTOT": 0.0, "score_nse": 0.0, "NSE": null, "VIVTOT": 0.0, "GRAPROES": 0.0, "_ent": "32", "_mun": "048", "_loc": "0109"}, "geometry": {"type": "Polygon", "coordinates": [[[-103.26917, 21.78476], [-103.26919, 21.78396], [-103.26952, 21.78397], [-103.2695, 21.78475], [-103.26917, 21.78476]]]}}, {"id": "2522213", "type": "Feature", "properties": {"id": "2522213", "CVEGEO": "3204801090076001", "POBTOT": 0.0, "score_nse": 0.0, "NSE": null, "VIVTOT": 0.0, "GRAPROES": 0.0, "_ent": "32", "_mun": "048", "_loc": "0109"}, "geometry": {"type": "Polygon", "coordinates": [[[-103.26916, 21.78566], [-103.26918, 21.78481], [-103.26949, 21.7848], [-103.26948, 21.78566], [-103.26916, 21.78566]]]}}, {"id": "2522214", "type": "Feature", "properties": {"id": "2522214", "CVEGEO": "3204801090076038", "POBTOT": 0.0, "score_nse": 0.0, "NSE": null, "VIVTOT": 0.0, "GRAPROES": 0.0, "_ent": "32", "_mun": "048", "_loc": "0109"}, "geometry": {"type": "Polygon", "coordinates": [[[-103.26818, 21.78476], [-103.26836, 21.78476], [-103.26833, 21.7856], [-103.26817, 21.78559], [-103.26818, 21.78476]]]}}, {"id": "2522215", "type": "Feature", "properties": {"id": "2522215", "CVEGEO": "3204801090076018", "POBTOT": 0.0, "score_nse": 0.0, "NSE": null, "VIVTOT": 0.0, "GRAPROES": 0.0, "_ent": "32", "_mun": "048", "_loc": "0109"}, "geometry": {"type": "Polygon", "coordinates": [[[-103.26915, 21.7857], [-103.26947, 21.7857], [-103.26946, 21.78659], [-103.26914, 21.78659], [-103.26915, 21.7857]]]}}, {"id": "2522216", "type": "Feature", "properties": {"id": "2522216", "CVEGEO": "3204801090076003", "POBTOT": 0.0, "score_nse": 0.0, "NSE": null, "VIVTOT": 0.0, "GRAPROES": 0.0, "_ent": "32", "_mun": "048", "_loc": "0109"}, "geometry": {"type": "Polygon", "coordinates": [[[-103.26881, 21.78475], [-103.26884, 21.78395], [-103.26916, 21.78396], [-103.26912, 21.78474], [-103.26881, 21.78475]]]}}, {"id": "2522217", "type": "Feature", "properties": {"id": "2522217", "CVEGEO": "3204801090076036", "POBTOT": 0.0, "score_nse": 0.0, "NSE": null, "VIVTOT": 0.0, "GRAPROES": 0.0, "_ent": "32", "_mun": "048", "_loc": "0109"}, "geometry": {"type": "Polygon", "coordinates": [[[-103.27022, 21.78654], [-103.2703, 21.78409], [-103.27099, 21.78413], [-103.2712, 21.78228], [-103.2734, 21.7827], [-103.27314, 21.78529], [-103.27167, 21.78514], [-103.27132, 21.78657], [-103.27022, 21.78654]]]}}, {"id": "2522218", "type": "Feature", "properties": {"id": "2522218", "CVEGEO": "3204801090076035", "POBTOT": 0.0, "score_nse": 0.0, "NSE": null, "VIVTOT": 0.0, "GRAPROES": 0.0, "_ent": "32", "_mun": "048", "_loc": "0109"}, "geometry": {"type": "Polygon", "coordinates": [[[-103.27064, 21.78405], [-103.2707, 21.78376], [-103.271, 21.78379], [-103.27097, 21.78408], [-103.27064, 21.78405]]]}}, {"id": "2522219", "type": "Feature", "properties": {"id": "2522219", "CVEGEO": "3204801090076026", "POBTOT": 0.0, "score_nse": 0.0, "NSE": null, "VIVTOT": 0.0, "GRAPROES": 0.0, "_ent": "32", "_mun": "048", "_loc": "0109"}, "geometry": {"type": "Polygon", "coordinates": [[[-103.2697, 21.78297], [-103.26977, 21.78199], [-103.27011, 21.78203], [-103.26999, 21.78301], [-103.2697, 21.78297]]]}}, {"id": "2522220", "type": "Feature", "properties": {"id": "2522220", "CVEGEO": "3204801090076027", "POBTOT": 0.0, "score_nse": 0.0, "NSE": null, "VIVTOT": 0.0, "GRAPROES": 0.0, "_ent": "32", "_mun": "048", "_loc": "0109"}, "geometry": {"type": "Polygon", "coordinates": [[[-103.27005, 21.783], [-103.27015, 21.78206], [-103.27047, 21.78209], [-103.27036, 21.78303], [-103.27005, 21.783]]]}}, {"id": "2522221", "type": "Feature", "properties": {"id": "2522221", "CVEGEO": "3204801090076008", "POBTOT": 0.0, "score_nse": 0.0, "NSE": null, "VIVTOT": 0.0, "GRAPROES": 0.0, "_ent": "32", "_mun": "048", "_loc": "0109"}, "geometry": {"type": "Polygon", "coordinates": [[[-103.26843, 21.78387], [-103.26874, 21.78387], [-103.26873, 21.78469], [-103.26841, 21.78468], [-103.26843, 21.78387]]]}}, {"id": "2522222", "type": "Feature", "properties": {"id": "2522222", "CVEGEO": "3204801090076015", "POBTOT": 0.0, "score_nse": 0.0, "NSE": null, "VIVTOT": 0.0, "GRAPROES": 0.0, "_ent": "32", "_mun": "048", "_loc": "0109"}, "geometry": {"type": "Polygon", "coordinates": [[[-103.2699, 21.78566], [-103.26991, 21.78479], [-103.27023, 21.7848], [-103.2702, 21.78566], [-103.2699, 21.78566]]]}}, {"id": "2522223", "type": "Feature", "properties": {"id": "2522223", "CVEGEO": "3204801090076019", "POBTOT": 0.0, "score_nse": 0.0, "NSE": null, "VIVTOT": 0.0, "GRAPROES": 0.0, "_ent": "32", "_mun": "048", "_loc": "0109"}, "geometry": {"type": "Polygon", "coordinates": [[[-103.26873, 21.78655], [-103.26874, 21.78569], [-103.26905, 21.7857], [-103.26903, 21.78658], [-103.26873, 21.78655]]]}}, {"id": "2522224", "type": "Feature", "properties": {"id": "2522224", "CVEGEO": "3204801160076001", "POBTOT": 0.0, "score_nse": 0.0, "NSE": null, "VIVTOT": 0.0, "GRAPROES": 0.0, "_ent": "32", "_mun": "048", "_loc": "0116"}, "geometry": {"type": "Polygon", "coordinates": [[[-103.30334, 21.75701], [-103.3036, 21.75629], [-103.30391, 21.75639], [-103.3036, 21.75712], [-103.30334, 21.75701]]]}}, {"id": "2522225", "type": "Feature", "properties": {"id": "2522225", "CVEGEO": "3204801160076002", "POBTOT": 0.0, "score_nse": 0.0, "NSE": null, "VIVTOT": 0.0, "GRAPROES": 0.0, "_ent": "32", "_mun": "048", "_loc": "0116"}, "geometry": {"type": "Polygon", "coordinates": [[[-103.30294, 21.75689], [-103.30321, 21.75618], [-103.3035, 21.75628], [-103.3034, 21.75681], [-103.30321, 21.75698], [-103.30294, 21.75689]]]}}, {"id": "2522226", "type": "Feature", "properties": {"id": "2522226", "CVEGEO": "3204801160076008", "POBTOT": 0.0, "score_nse": 0.0, "NSE": null, "VIVTOT": 0.0, "GRAPROES": 0.0, "_ent": "32", "_mun": "048", "_loc": "0116"}, "geometry": {"type": "Polygon", "coordinates": [[[-103.30291, 21.7574], [-103.30321, 21.7571], [-103.3035, 21.75721], [-103.30329, 21.75789], [-103.30287, 21.75785], [-103.30291, 21.7574]]]}}, {"id": "2522227", "type": "Feature", "properties": {"id": "2522227", "CVEGEO": "3204801160076003", "POBTOT": 0.0, "score_nse": 0.0, "NSE": null, "VIVTOT": 0.0, "GRAPROES": 0.0, "_ent": "32", "_mun": "048", "_loc": "0116"}, "geometry": {"type": "Polygon", "coordinates": [[[-103.30322, 21.75607], [-103.30338, 21.75554], [-103.30368, 21.75564], [-103.30353, 21.75617], [-103.30322, 21.75607]]]}}, {"id": "2522228", "type": "Feature", "properties": {"id": "2522228", "CVEGEO": "3204801160076004", "POBTOT": 0.0, "score_nse": 0.0, "NSE": null, "VIVTOT": 0.0, "GRAPROES": 0.0, "_ent": "32", "_mun": "048", "_loc": "0116"}, "geometry": {"type": "Polygon", "coordinates": [[[-103.30362, 21.75622], [-103.30375, 21.75568], [-103.30404, 21.75578], [-103.3039, 21.75631], [-103.30362, 21.75622]]]}}, {"id": "2522229", "type": "Feature", "properties": {"id": "2522229", "CVEGEO": "3204801160076009", "POBTOT": 0.0, "score_nse": 0.0, "NSE": null, "VIVTOT": 0.0, "GRAPROES": 0.0, "_ent": "32", "_mun": "048", "_loc": "0116"}, "geometry": {"type": "Polygon", "coordinates": [[[-103.3028, 21.75616], [-103.30313, 21.75615], [-103.30291, 21.75676], [-103.3028, 21.75616]]]}}, {"id": "2522230", "type": "Feature", "properties": {"id": "2522230", "CVEGEO": "3204801160076010", "POBTOT": 0.0, "score_nse": 0.0, "NSE": null, "VIVTOT": 0.0, "GRAPROES": 0.0, "_ent": "32", "_mun": "048", "_loc": "0116"}, "geometry": {"type": "Polygon", "coordinates": [[[-103.30286, 21.75593], [-103.303, 21.75541], [-103.3033, 21.7555], [-103.30314, 21.75602], [-103.30286, 21.75593]]]}}, {"id": "2522231", "type": "Feature", "properties": {"id": "2522231", "CVEGEO": "3204801160076005", "POBTOT": 0.0, "score_nse": 0.0, "NSE": null, "VIVTOT": 0.0, "GRAPROES": 0.0, "_ent": "32", "_mun": "048", "_loc": "0116"}, "geometry": {"type": "Polygon", "coordinates": [[[-103.30395, 21.75674], [-103.30414, 21.75583], [-103.30443, 21.75593], [-103.30424, 21.75683], [-103.30395, 21.75674]]]}}, {"id": "2522232", "type": "Feature", "properties": {"id": "2522232", "CVEGEO": "3204801160076006", "POBTOT": 0.0, "score_nse": 0.0, "NSE": null, "VIVTOT": 0.0, "GRAPROES": 0.0, "_ent": "32", "_mun": "048", "_loc": "0116"}, "geometry": {"type": "Polygon", "coordinates": [[[-103.30377, 21.75796], [-103.30382, 21.75732], [-103.30413, 21.75742], [-103.30407, 21.75798], [-103.30377, 21.75796]]]}}, {"id": "2522233", "type": "Feature", "properties": {"id": "2522233", "CVEGEO": "3204801160076007", "POBTOT": 0.0, "score_nse": 0.0, "NSE": null, "VIVTOT": 0.0, "GRAPROES": 0.0, "_ent": "32", "_mun": "048", "_loc": "0116"}, "geometry": {"type": "Polygon", "coordinates": [[[-103.30337, 21.7579], [-103.30358, 21.75725], [-103.30375, 21.7573], [-103.30369, 21.75793], [-103.30337, 21.7579]]]}}, {"id": "2522234", "type": "Feature", "properties": {"id": "2522234", "CVEGEO": "3204801180076003", "POBTOT": 0.0, "score_nse": 0.0, "NSE": null, "VIVTOT": 0.0, "GRAPROES": 0.0, "_ent": "32", "_mun": "048", "_loc": "0118"}, "geometry": {"type": "Polygon", "coordinates": [[[-103.30312, 21.76502], [-103.30319, 21.76489], [-103.30449, 21.76551], [-103.30441, 21.76566], [-103.30312, 21.76502]]]}}, {"id": "2522235", "type": "Feature", "properties": {"id": "2522235", "CVEGEO": "3204801180076002", "POBTOT": 0.0, "score_nse": 0.0, "NSE": null, "VIVTOT": 0.0, "GRAPROES": 0.0, "_ent": "32", "_mun": "048", "_loc": "0118"}, "geometry": {"type": "Polygon", "coordinates": [[[-103.30343, 21.76443], [-103.30349, 21.76432], [-103.30489, 21.765], [-103.3048, 21.76514], [-103.30343, 21.76443]]]}}, {"id": "2522236", "type": "Feature", "properties": {"id": "2522236", "CVEGEO": "3204801180076001", "POBTOT": 0.0, "score_nse": 0.0, "NSE": null, "VIVTOT": 0.0, "GRAPROES": 0.0, "_ent": "32", "_mun": "048", "_loc": "0118"}, "geometry": {"type": "Polygon", "coordinates": [[[-103.30324, 21.76479], [-103.30338, 21.76453], [-103.30468, 21.76517], [-103.30454, 21.76542], [-103.30324, 21.76479]]]}}, {"id": "2522237", "type": "Feature", "properties": {"id": "2522237", "CVEGEO": "3204800050108008", "POBTOT": 0.0, "score_nse": 0.0, "NSE": null, "VIVTOT": 0.0, "GRAPROES": 0.0, "_ent": "32", "_mun": "048", "_loc": "0005"}, "geometry": {"type": "Polygon", "coordinates": [[[-103.15172, 21.70861], [-103.15227, 21.70952], [-103.15182, 21.71018], [-103.15163, 21.71008], [-103.15141, 21.70953], [-103.15127, 21.70867], [-103.15178, 21.70848], [-103.15172, 21.70861]]]}}, {"id": "2522238", "type": "Feature", "properties": {"id": "2522238", "CVEGEO": "3204800050108010", "POBTOT": 0.0, "score_nse": 0.0, "NSE": null, "VIVTOT": 0.0, "GRAPROES": 0.0, "_ent": "32", "_mun": "048", "_loc": "0005"}, "geometry": {"type": "Polygon", "coordinates": [[[-103.1535, 21.70675], [-103.15348, 21.70686], [-103.15324, 21.70685], [-103.15324, 21.70677], [-103.1535, 21.70675]]]}}, {"id": "2522239", "type": "Feature", "properties": {"id": "2522239", "CVEGEO": "3204800050108004", "POBTOT": 0.0, "score_nse": 0.0, "NSE": null, "VIVTOT": 0.0, "GRAPROES": 0.0, "_ent": "32", "_mun": "048", "_loc": "0005"}, "geometry": {"type": "Polygon", "coordinates": [[[-103.15258, 21.70717], [-103.1521, 21.70719], [-103.15247, 21.70643], [-103.1536, 21.7066], [-103.15314, 21.70675], [-103.1531, 21.70736], [-103.15279, 21.70739], [-103.15258, 21.70717]]]}}, {"id": "2522240", "type": "Feature", "properties": {"id": "2522240", "CVEGEO": "3204800050108002", "POBTOT": 0.0, "score_nse": 0.0, "NSE": null, "VIVTOT": 0.0, "GRAPROES": 0.0, "_ent": "32", "_mun": "048", "_loc": "0005"}, "geometry": {"type": "Polygon", "coordinates": [[[-103.152, 21.70748], [-103.15286, 21.70763], [-103.15259, 21.7086], [-103.15206, 21.70873], [-103.15196, 21.70796], [-103.152, 21.70748]]]}}, {"id": "2522241", "type": "Feature", "properties": {"id": "2522241", "CVEGEO": "3204800200095011", "POBTOT": 0.0, "score_nse": 0.0, "NSE": null, "VIVTOT": 0.0, "GRAPROES": 0.0, "_ent": "32", "_mun": "048", "_loc": "0020"}, "geometry": {"type": "Polygon", "coordinates": [[[-103.21222, 21.73055], [-103.21273, 21.73085], [-103.21273, 21.73191], [-103.21292, 21.73222], [-103.2127, 21.7324], [-103.21213, 21.73215], [-103.21191, 21.73187], [-103.21206, 21.73125], [-103.21197, 21.73061], [-103.21222, 21.73055]]]}}, {"id": "2522242", "type": "Feature", "properties": {"id": "2522242", "CVEGEO": "3204800200095010", "POBTOT": 0.0, "score_nse": 0.0, "NSE": null, "VIVTOT": 0.0, "GRAPROES": 0.0, "_ent": "32", "_mun": "048", "_loc": "0020"}, "geometry": {"type": "Polygon", "coordinates": [[[-103.2128, 21.73081], [-103.21371, 21.73131], [-103.21391, 21.7318], [-103.21384, 21.73197], [-103.21324, 21.73222], [-103.2129, 21.73208], [-103.2128, 21.73081]]]}}, {"id": "2522243", "type": "Feature", "properties": {"id": "2522243", "CVEGEO": "3204800200095003", "POBTOT": 0.0, "score_nse": 0.0, "NSE": null, "VIVTOT": 0.0, "GRAPROES": 0.0, "_ent": "32", "_mun": "048", "_loc": "0020"}, "geometry": {"type": "Polygon", "coordinates": [[[-103.21207, 21.7302], [-103.21215, 21.73051], [-103.2119, 21.73057], [-103.21184, 21.73083], [-103.21168, 21.73022], [-103.21207, 21.7302]]]}}, {"id": "2522244", "type": "Feature", "properties": {"id": "2522244", "CVEGEO": "3204800200095016", "POBTOT": 0.0, "score_nse": 0.0, "NSE": null, "VIVTOT": 0.0, "GRAPROES": 0.0, "_ent": "32", "_mun": "048", "_loc": "0020"}, "geometry": {"type": "Polygon", "coordinates": [[[-103.21197, 21.72934], [-103.21178, 21.72898], [-103.21209, 21.72895], [-103.21203, 21.72915], [-103.21197, 21.72934]]]}}, {"id": "2522245", "type": "Feature", "properties": {"id": "2522245", "CVEGEO": "3204800200095007", "POBTOT": 0.0, "score_nse": 0.0, "NSE": null, "VIVTOT": 0.0, "GRAPROES": 0.0, "_ent": "32", "_mun": "048", "_loc": "0020"}, "geometry": {"type": "Polygon", "coordinates": [[[-103.21261, 21.72959], [-103.21284, 21.72962], [-103.2128, 21.72944], [-103.21253, 21.7295], [-103.21246, 21.73003], [-103.21228, 21.73003], [-103.21199, 21.72935], [-103.21211, 21.72895], [-103.21238, 21.72892], [-103.21181, 21.72894], [-103.21174, 21.72818], [-103.21278, 21.72867], [-103.21339, 21.72971], [-103.2134, 21.73009], [-103.21257, 21.73016], [-103.21261, 21.72959]]]}}, {"id": "2522246", "type": "Feature", "properties": {"id": "2522246", "CVEGEO": "3204800200095017", "POBTOT": 0.0, "score_nse": 0.0, "NSE": null, "VIVTOT": 0.0, "GRAPROES": 0.0, "_ent": "32", "_mun": "048", "_loc": "0020"}, "geometry": {"type": "Polygon", "coordinates": [[[-103.21379, 21.7325], [-103.2133, 21.73225], [-103.21388, 21.73199], [-103.21379, 21.7325]]]}}, {"id": "2522247", "type": "Feature", "properties": {"id": "2522247", "CVEGEO": "3204800040108006", "POBTOT": 0.0, "score_nse": 0.0, "NSE": null, "VIVTOT": 0.0, "GRAPROES": 0.0, "_ent": "32", "_mun": "048", "_loc": "0004"}, "geometry": {"type": "Polygon", "coordinates": [[[-103.1411, 21.66841], [-103.14068, 21.6684], [-103.14032, 21.66806], [-103.14042, 21.66792], [-103.14105, 21.6679], [-103.1411, 21.66841]]]}}, {"id": "2522248", "type": "Feature", "properties": {"id": "2522248", "CVEGEO": "3204800500019015", "POBTOT": 0.0, "score_nse": 0.0, "NSE": null, "VIVTOT": 0.0, "GRAPROES": 0.0, "_ent": "32", "_mun": "048", "_loc": "0050"}, "geometry": {"type": "Polygon", "coordinates": [[[-103.31131, 21.87552], [-103.31254, 21.87576], [-103.3126, 21.87592], [-103.31233, 21.87602], [-103.31129, 21.8757], [-103.31131, 21.87552]]]}}, {"id": "2522249", "type": "Feature", "properties": {"id": "2522249", "CVEGEO": "3204800500019012", "POBTOT": 0.0, "score_nse": 0.0, "NSE": null, "VIVTOT": 0.0, "GRAPROES": 0.0, "_ent": "32", "_mun": "048", "_loc": "0050"}, "geometry": {"type": "Polygon", "coordinates": [[[-103.30628, 21.87527], [-103.30597, 21.87514], [-103.3057, 21.87451], [-103.30616, 21.87477], [-103.30571, 21.87441], [-103.30579, 21.8743], [-103.30672, 21.87449], [-103.30682, 21.87511], [-103.30628, 21.87527]]]}}, {"id": "2522250", "type": "Feature", "properties": {"id": "2522250", "CVEGEO": "3204800550076002", "POBTOT": 0.0, "score_nse": 0.0, "NSE": null, "VIVTOT": 0.0, "GRAPROES": 0.0, "_ent": "32", "_mun": "048", "_loc": "0055"}, "geometry": {"type": "Polygon", "coordinates": [[[-103.27123, 21.7629], [-103.27021, 21.76225], [-103.27072, 21.76029], [-103.27112, 21.76046], [-103.27097, 21.76091], [-103.27108, 21.76093], [-103.2712, 21.76049], [-103.27146, 21.7606], [-103.27122, 21.76131], [-103.27153, 21.76062], [-103.27288, 21.76114], [-103.27247, 21.76203], [-103.27115, 21.76215], [-103.27244, 21.76214], [-103.27212, 21.76279], [-103.27161, 21.76265], [-103.2721, 21.76284], [-103.27196, 21.76308], [-103.27123, 21.7629]]]}}, {"id": "2522251", "type": "Feature", "properties": {"id": "2522251", "CVEGEO": "3204800400095009", "POBTOT": 0.0, "score_nse": 0.0, "NSE": null, "VIVTOT": 0.0, "GRAPROES": 0.0, "_ent": "32", "_mun": "048", "_loc": "0040"}, "geometry": {"type": "Polygon", "coordinates": [[[-103.27325, 21.73281], [-103.2741, 21.73298], [-103.27425, 21.73336], [-103.27437, 21.73462], [-103.27412, 21.73465], [-103.27423, 21.73496], [-103.2738, 21.73509], [-103.2726, 21.73485], [-103.27265, 21.73413], [-103.27293, 21.73385], [-103.27325, 21.73281]]]}}, {"id": "2522252", "type": "Feature", "properties": {"id": "2522252", "CVEGEO": "3204800400095008", "POBTOT": 0.0, "score_nse": 0.0, "NSE": null, "VIVTOT": 0.0, "GRAPROES": 0.0, "_ent": "32", "_mun": "048", "_loc": "0040"}, "geometry": {"type": "Polygon", "coordinates": [[[-103.27447, 21.73522], [-103.27394, 21.73517], [-103.27385, 21.73516], [-103.27394, 21.73504], [-103.27448, 21.7351], [-103.27447, 21.73522]]]}}, {"id": "2522253", "type": "Feature", "properties": {"id": "2522253", "CVEGEO": "320480001017A008", "POBTOT": 159.0, "score_nse": 46.1098, "NSE": "C-", "VIVTOT": 65.0, "GRAPROES": 8.5, "_ent": "32", "_mun": "048", "_loc": "0001"}, "geometry": {"type": "Polygon", "coordinates": [[[-103.29348, 21.77897], [-103.29333, 21.77816], [-103.2926, 21.77767], [-103.29188, 21.77774], [-103.29056, 21.77752], [-103.29041, 21.77789], [-103.28983, 21.77781], [-103.28992, 21.77748], [-103.28918, 21.77738], [-103.28879, 21.77756], [-103.28807, 21.77689], [-103.28749, 21.77598], [-103.28646, 21.77551], [-103.28644, 21.77537], [-103.28835, 21.77596], [-103.28831, 21.77611], [-103.29013, 21.77657], [-103.29057, 21.77644], [-103.29046, 21.77735], [-103.29072, 21.77655], [-103.29229, 21.77709], [-103.29325, 21.77721], [-103.29553, 21.77828], [-103.2955, 21.77862], [-103.29295, 21.77751], [-103.29313, 21.77768], [-103.29311, 21.7779], [-103.2932, 21.77773], [-103.29359, 21.77789], [-103.29356, 21.77825], [-103.29366, 21.77792], [-103.29402, 21.77808], [-103.29398, 21.77854], [-103.2941, 21.77819], [-103.29549, 21.77874], [-103.29549, 21.7789], [-103.29514, 21.77889], [-103.29516, 21.77909], [-103.29548, 21.77911], [-103.29545, 21.77987], [-103.29348, 21.77897]]]}}, {"id": "2522254", "type": "Feature", "properties": {"id": "2522254", "CVEGEO": "3204800010273043", "POBTOT": 4.0, "score_nse": 0.0, "NSE": "ND", "VIVTOT": 1.0, "GRAPROES": 0.0, "_ent": "32", "_mun": "048", "_loc": "0001"}, "geometry": {"type": "Polygon", "coordinates": [[[-103.31053, 21.78077], [-103.31033, 21.78073], [-103.31081, 21.77945], [-103.31099, 21.77948], [-103.31053, 21.78077]]]}}, {"id": "2522255", "type": "Feature", "properties": {"id": "2522255", "CVEGEO": "3204800010146002", "POBTOT": 37.0, "score_nse": 66.8514, "NSE": "C", "VIVTOT": 13.0, "GRAPROES": 11.29, "_ent": "32", "_mun": "048", "_loc": "0001"}, "geometry": {"type": "Polygon", "coordinates": [[[-103.30796, 21.77269], [-103.3073, 21.77199], [-103.30862, 21.77256], [-103.30836, 21.77356], [-103.30779, 21.77337], [-103.30796, 21.77269]]]}}, {"id": "2522256", "type": "Feature", "properties": {"id": "2522256", "CVEGEO": "3204800010146004", "POBTOT": 8.0, "score_nse": 0.0, "NSE": "ND", "VIVTOT": 3.0, "GRAPROES": 0.0, "_ent": "32", "_mun": "048", "_loc": "0001"}, "geometry": {"type": "Polygon", "coordinates": [[[-103.30724, 21.77191], [-103.30632, 21.77069], [-103.30601, 21.76954], [-103.30718, 21.76971], [-103.30917, 21.77065], [-103.30875, 21.77247], [-103.30724, 21.77191]]]}}, {"id": "2522257", "type": "Feature", "properties": {"id": "2522257", "CVEGEO": "3204800010324001", "POBTOT": 5.0, "score_nse": 0.0, "NSE": "ND", "VIVTOT": 1.0, "GRAPROES": 0.0, "_ent": "32", "_mun": "048", "_loc": "0001"}, "geometry": {"type": "Polygon", "coordinates": [[[-103.29596, 21.76896], [-103.29718, 21.76953], [-103.29695, 21.77154], [-103.29686, 21.77161], [-103.29654, 21.77127], [-103.29679, 21.77166], [-103.29631, 21.77202], [-103.29557, 21.77174], [-103.29596, 21.76896]]]}}, {"id": "2522258", "type": "Feature", "properties": {"id": "2522258", "CVEGEO": "3204800010358020", "POBTOT": 19.0, "score_nse": 48.8105, "NSE": "C-", "VIVTOT": 13.0, "GRAPROES": 10.77, "_ent": "32", "_mun": "048", "_loc": "0001"}, "geometry": {"type": "Polygon", "coordinates": [[[-103.29698, 21.79138], [-103.29684, 21.79113], [-103.29696, 21.79086], [-103.29722, 21.79117], [-103.29782, 21.79141], [-103.29826, 21.7904], [-103.29896, 21.79062], [-103.29792, 21.79312], [-103.29698, 21.79229], [-103.29739, 21.79143], [-103.29728, 21.79139], [-103.2969, 21.79221], [-103.29667, 21.79201], [-103.29698, 21.79138]]]}}, {"id": "2522259", "type": "Feature", "properties": {"id": "2522259", "CVEGEO": "3204801200076001", "POBTOT": 0.0, "score_nse": 0.0, "NSE": null, "VIVTOT": 0.0, "GRAPROES": 0.0, "_ent": "32", "_mun": "048", "_loc": "0120"}, "geometry": {"type": "Polygon", "coordinates": [[[-103.30615, 21.76077], [-103.30606, 21.75913], [-103.30633, 21.75929], [-103.30642, 21.76075], [-103.30615, 21.76077]]]}}, {"id": "2522260", "type": "Feature", "properties": {"id": "2522260", "CVEGEO": "3204801200076003", "POBTOT": 0.0, "score_nse": 0.0, "NSE": null, "VIVTOT": 0.0, "GRAPROES": 0.0, "_ent": "32", "_mun": "048", "_loc": "0120"}, "geometry": {"type": "Polygon", "coordinates": [[[-103.30578, 21.7586], [-103.30624, 21.75753], [-103.30646, 21.75762], [-103.30602, 21.75869], [-103.30578, 21.7586]]]}}, {"id": "2522261", "type": "Feature", "properties": {"id": "2522261", "CVEGEO": "3204801200076005", "POBTOT": 0.0, "score_nse": 0.0, "NSE": null, "VIVTOT": 0.0, "GRAPROES": 0.0, "_ent": "32", "_mun": "048", "_loc": "0120"}, "geometry": {"type": "Polygon", "coordinates": [[[-103.30645, 21.75893], [-103.30692, 21.75779], [-103.30715, 21.75787], [-103.30669, 21.75901], [-103.30645, 21.75893]]]}}, {"id": "2522262", "type": "Feature", "properties": {"id": "2522262", "CVEGEO": "3204801200076002", "POBTOT": 0.0, "score_nse": 0.0, "NSE": null, "VIVTOT": 0.0, "GRAPROES": 0.0, "_ent": "32", "_mun": "048", "_loc": "0120"}, "geometry": {"type": "Polygon", "coordinates": [[[-103.3058, 21.76036], [-103.30567, 21.75895], [-103.30581, 21.75895], [-103.30594, 21.75902], [-103.306, 21.76044], [-103.3058, 21.76036]]]}}, {"id": "2522263", "type": "Feature", "properties": {"id": "2522263", "CVEGEO": "3204801200076004", "POBTOT": 0.0, "score_nse": 0.0, "NSE": null, "VIVTOT": 0.0, "GRAPROES": 0.0, "_ent": "32", "_mun": "048", "_loc": "0120"}, "geometry": {"type": "Polygon", "coordinates": [[[-103.30611, 21.75879], [-103.30657, 21.75765], [-103.30682, 21.75775], [-103.30638, 21.75889], [-103.30611, 21.75879]]]}}, {"id": "2522264", "type": "Feature", "properties": {"id": "2522264", "CVEGEO": "3204800050108003", "POBTOT": 0.0, "score_nse": 0.0, "NSE": null, "VIVTOT": 0.0, "GRAPROES": 0.0, "_ent": "32", "_mun": "048", "_loc": "0005"}, "geometry": {"type": "Polygon", "coordinates": [[[-103.15121, 21.70864], [-103.15096, 21.70774], [-103.15167, 21.70748], [-103.1519, 21.70762], [-103.15189, 21.70826], [-103.15121, 21.70864]]]}}, {"id": "2522265", "type": "Feature", "properties": {"id": "2522265", "CVEGEO": "3204800200095015", "POBTOT": 0.0, "score_nse": 0.0, "NSE": null, "VIVTOT": 0.0, "GRAPROES": 0.0, "_ent": "32", "_mun": "048", "_loc": "0020"}, "geometry": {"type": "Polygon", "coordinates": [[[-103.21344, 21.73238], [-103.21435, 21.73306], [-103.2143, 21.73338], [-103.21388, 21.73306], [-103.21313, 21.73281], [-103.21272, 21.73245], [-103.21295, 21.73224], [-103.21344, 21.73238]]]}}, {"id": "2522266", "type": "Feature", "properties": {"id": "2522266", "CVEGEO": "3204800520076010", "POBTOT": 0.0, "score_nse": 0.0, "NSE": null, "VIVTOT": 0.0, "GRAPROES": 0.0, "_ent": "32", "_mun": "048", "_loc": "0052"}, "geometry": {"type": "Polygon", "coordinates": [[[-103.29359, 21.80657], [-103.29412, 21.8059], [-103.29438, 21.80591], [-103.29433, 21.8063], [-103.29359, 21.80657]]]}}, {"id": "2522267", "type": "Feature", "properties": {"id": "2522267", "CVEGEO": "3204800520076001", "POBTOT": 0.0, "score_nse": 0.0, "NSE": null, "VIVTOT": 0.0, "GRAPROES": 0.0, "_ent": "32", "_mun": "048", "_loc": "0052"}, "geometry": {"type": "Polygon", "coordinates": [[[-103.29481, 21.80638], [-103.29441, 21.8063], [-103.29453, 21.80488], [-103.29489, 21.80492], [-103.29513, 21.80574], [-103.29493, 21.80573], [-103.29481, 21.80638]]]}}, {"id": "2522268", "type": "Feature", "properties": {"id": "2522268", "CVEGEO": "3204800520076002", "POBTOT": 0.0, "score_nse": 0.0, "NSE": null, "VIVTOT": 0.0, "GRAPROES": 0.0, "_ent": "32", "_mun": "048", "_loc": "0052"}, "geometry": {"type": "Polygon", "coordinates": [[[-103.2929, 21.80612], [-103.2935, 21.80547], [-103.29405, 21.80558], [-103.29399, 21.80598], [-103.29361, 21.8064], [-103.29337, 21.80643], [-103.2929, 21.80612]]]}}, {"id": "2522269", "type": "Feature", "properties": {"id": "2522269", "CVEGEO": "3204800500019011", "POBTOT": 0.0, "score_nse": 0.0, "NSE": null, "VIVTOT": 0.0, "GRAPROES": 0.0, "_ent": "32", "_mun": "048", "_loc": "0050"}, "geometry": {"type": "Polygon", "coordinates": [[[-103.30663, 21.87635], [-103.30613, 21.87595], [-103.30608, 21.87555], [-103.30546, 21.87543], [-103.30682, 21.87517], [-103.30704, 21.87634], [-103.30663, 21.87635]]]}}, {"id": "2522270", "type": "Feature", "properties": {"id": "2522270", "CVEGEO": "3204800400095006", "POBTOT": 0.0, "score_nse": 0.0, "NSE": null, "VIVTOT": 0.0, "GRAPROES": 0.0, "_ent": "32", "_mun": "048", "_loc": "0040"}, "geometry": {"type": "Polygon", "coordinates": [[[-103.27431, 21.73494], [-103.27431, 21.73474], [-103.27463, 21.73476], [-103.27464, 21.73463], [-103.27446, 21.73462], [-103.2744, 21.73417], [-103.27472, 21.73451], [-103.27567, 21.73461], [-103.27545, 21.73562], [-103.27496, 21.73557], [-103.27483, 21.73526], [-103.27431, 21.73494]]]}}, {"id": "2522271", "type": "Feature", "properties": {"id": "2522271", "CVEGEO": "3204800460080007", "POBTOT": 0.0, "score_nse": 0.0, "NSE": null, "VIVTOT": 0.0, "GRAPROES": 0.0, "_ent": "32", "_mun": "048", "_loc": "0046"}, "geometry": {"type": "Polygon", "coordinates": [[[-103.09193, 21.80645], [-103.09251, 21.80584], [-103.09289, 21.80634], [-103.09199, 21.80668], [-103.09193, 21.80645]]]}}, {"id": "2522272", "type": "Feature", "properties": {"id": "2522272", "CVEGEO": "3204800460080008", "POBTOT": 0.0, "score_nse": 0.0, "NSE": null, "VIVTOT": 0.0, "GRAPROES": 0.0, "_ent": "32", "_mun": "048", "_loc": "0046"}, "geometry": {"type": "Polygon", "coordinates": [[[-103.09147, 21.80643], [-103.09145, 21.80608], [-103.09192, 21.80587], [-103.09167, 21.80622], [-103.09177, 21.80616], [-103.0921, 21.80554], [-103.09214, 21.80619], [-103.09147, 21.80643]]]}}, {"id": "2522273", "type": "Feature", "properties": {"id": "2522273", "CVEGEO": "3204800460080002", "POBTOT": 0.0, "score_nse": 0.0, "NSE": null, "VIVTOT": 0.0, "GRAPROES": 0.0, "_ent": "32", "_mun": "048", "_loc": "0046"}, "geometry": {"type": "Polygon", "coordinates": [[[-103.09174, 21.80467], [-103.09203, 21.80369], [-103.09216, 21.80373], [-103.09211, 21.8039], [-103.09235, 21.80401], [-103.09221, 21.80461], [-103.09199, 21.80436], [-103.09215, 21.80465], [-103.09204, 21.80537], [-103.09186, 21.80516], [-103.09196, 21.80473], [-103.09174, 21.80467]]]}}, {"id": "2522274", "type": "Feature", "properties": {"id": "2522274", "CVEGEO": "3204800460080001", "POBTOT": 0.0, "score_nse": 0.0, "NSE": null, "VIVTOT": 0.0, "GRAPROES": 0.0, "_ent": "32", "_mun": "048", "_loc": "0046"}, "geometry": {"type": "Polygon", "coordinates": [[[-103.09218, 21.80487], [-103.09231, 21.8045], [-103.09244, 21.80473], [-103.09228, 21.80509], [-103.09239, 21.80576], [-103.09226, 21.80578], [-103.09218, 21.80487]]]}}, {"id": "2522275", "type": "Feature", "properties": {"id": "2522275", "CVEGEO": "3204800460080004", "POBTOT": 0.0, "score_nse": 0.0, "NSE": null, "VIVTOT": 0.0, "GRAPROES": 0.0, "_ent": "32", "_mun": "048", "_loc": "0046"}, "geometry": {"type": "Polygon", "coordinates": [[[-103.0934, 21.8052], [-103.09319, 21.80472], [-103.09414, 21.80454], [-103.09424, 21.80488], [-103.09424, 21.80468], [-103.09441, 21.80477], [-103.09434, 21.80457], [-103.09461, 21.80452], [-103.09457, 21.80495], [-103.09431, 21.80518], [-103.09389, 21.80508], [-103.09391, 21.80492], [-103.0934, 21.8052]]]}}, {"id": "2522276", "type": "Feature", "properties": {"id": "2522276", "CVEGEO": "3204800460080011", "POBTOT": 0.0, "score_nse": 0.0, "NSE": null, "VIVTOT": 0.0, "GRAPROES": 0.0, "_ent": "32", "_mun": "048", "_loc": "0046"}, "geometry": {"type": "Polygon", "coordinates": [[[-103.0947, 21.80421], [-103.09451, 21.80427], [-103.09439, 21.80408], [-103.09476, 21.80383], [-103.0944, 21.80397], [-103.0942, 21.8036], [-103.09449, 21.80341], [-103.09505, 21.80407], [-103.09456, 21.80449], [-103.0947, 21.80421]]]}}, {"id": "2522277", "type": "Feature", "properties": {"id": "2522277", "CVEGEO": "3204800460080010", "POBTOT": 0.0, "score_nse": 0.0, "NSE": null, "VIVTOT": 0.0, "GRAPROES": 0.0, "_ent": "32", "_mun": "048", "_loc": "0046"}, "geometry": {"type": "Polygon", "coordinates": [[[-103.09097, 21.80596], [-103.09148, 21.80543], [-103.09167, 21.80558], [-103.09142, 21.80585], [-103.09097, 21.80596]]]}}, {"id": "2522278", "type": "Feature", "properties": {"id": "2522278", "CVEGEO": "3204800460080009", "POBTOT": 0.0, "score_nse": 0.0, "NSE": null, "VIVTOT": 0.0, "GRAPROES": 0.0, "_ent": "32", "_mun": "048", "_loc": "0046"}, "geometry": {"type": "Polygon", "coordinates": [[[-103.09143, 21.80592], [-103.0919, 21.80551], [-103.09203, 21.80554], [-103.09165, 21.80596], [-103.09143, 21.80592]]]}}, {"id": "2522279", "type": "Feature", "properties": {"id": "2522279", "CVEGEO": "3204800010184004", "POBTOT": 106.0, "score_nse": 0.0, "NSE": "ND", "VIVTOT": 33.0, "GRAPROES": 7.44, "_ent": "32", "_mun": "048", "_loc": "0001"}, "geometry": {"type": "Polygon", "coordinates": [[[-103.31315, 21.78378], [-103.31304, 21.78399], [-103.3128, 21.7839], [-103.31304, 21.7833], [-103.31436, 21.78385], [-103.31437, 21.78372], [-103.31308, 21.7832], [-103.31313, 21.78284], [-103.31406, 21.78313], [-103.31305, 21.78272], [-103.31295, 21.7823], [-103.31397, 21.78253], [-103.31293, 21.78225], [-103.31279, 21.78205], [-103.31218, 21.78186], [-103.31224, 21.78162], [-103.31474, 21.7823], [-103.31449, 21.78466], [-103.31307, 21.784], [-103.31315, 21.78378]]]}}, {"id": "2522280", "type": "Feature", "properties": {"id": "2522280", "CVEGEO": "3204800010339002", "POBTOT": 4.0, "score_nse": 0.0, "NSE": "ND", "VIVTOT": 2.0, "GRAPROES": 0.0, "_ent": "32", "_mun": "048", "_loc": "0001"}, "geometry": {"type": "Polygon", "coordinates": [[[-103.28863, 21.78361], [-103.28943, 21.78367], [-103.28961, 21.78454], [-103.28884, 21.78461], [-103.28863, 21.78361]]]}}, {"id": "2522281", "type": "Feature", "properties": {"id": "2522281", "CVEGEO": "3204800010269017", "POBTOT": 49.0, "score_nse": 61.9665, "NSE": "C", "VIVTOT": 22.0, "GRAPROES": 11.05, "_ent": "32", "_mun": "048", "_loc": "0001"}, "geometry": {"type": "Polygon", "coordinates": [[[-103.30786, 21.78336], [-103.3076, 21.78312], [-103.30719, 21.78315], [-103.30726, 21.78253], [-103.30755, 21.78239], [-103.30834, 21.78247], [-103.30823, 21.78325], [-103.30786, 21.78336]]]}}, {"id": "2522282", "type": "Feature", "properties": {"id": "2522282", "CVEGEO": "3204800010339010", "POBTOT": 31.0, "score_nse": 0.0, "NSE": "ND", "VIVTOT": 10.0, "GRAPROES": 8.0, "_ent": "32", "_mun": "048", "_loc": "0001"}, "geometry": {"type": "Polygon", "coordinates": [[[-103.28962, 21.78459], [-103.28971, 21.785], [-103.28892, 21.78507], [-103.28885, 21.78466], [-103.28962, 21.78459]]]}}, {"id": "2522283", "type": "Feature", "properties": {"id": "2522283", "CVEGEO": "3204801090076039", "POBTOT": 0.0, "score_nse": 0.0, "NSE": null, "VIVTOT": 0.0, "GRAPROES": 0.0, "_ent": "32", "_mun": "048", "_loc": "0109"}, "geometry": {"type": "Polygon", "coordinates": [[[-103.27116, 21.78237], [-103.27086, 21.78235], [-103.27088, 21.78212], [-103.27118, 21.78218], [-103.27116, 21.78237]]]}}, {"id": "2522284", "type": "Feature", "properties": {"id": "2522284", "CVEGEO": "3204800540042014", "POBTOT": 0.0, "score_nse": 0.0, "NSE": null, "VIVTOT": 0.0, "GRAPROES": 0.0, "_ent": "32", "_mun": "048", "_loc": "0054"}, "geometry": {"type": "Polygon", "coordinates": [[[-103.3213, 21.78939], [-103.32232, 21.78986], [-103.32226, 21.78997], [-103.32104, 21.79001], [-103.3213, 21.78939]]]}}, {"id": "2522285", "type": "Feature", "properties": {"id": "2522285", "CVEGEO": "3204800140023002", "POBTOT": 0.0, "score_nse": 0.0, "NSE": null, "VIVTOT": 0.0, "GRAPROES": 0.0, "_ent": "32", "_mun": "048", "_loc": "0014"}, "geometry": {"type": "Polygon", "coordinates": [[[-103.26715, 21.90326], [-103.2667, 21.90316], [-103.26651, 21.90161], [-103.26699, 21.90162], [-103.26715, 21.90326]]]}}, {"id": "2522286", "type": "Feature", "properties": {"id": "2522286", "CVEGEO": "3204800140023008", "POBTOT": 0.0, "score_nse": 0.0, "NSE": null, "VIVTOT": 0.0, "GRAPROES": 0.0, "_ent": "32", "_mun": "048", "_loc": "0014"}, "geometry": {"type": "Polygon", "coordinates": [[[-103.26665, 21.90315], [-103.26615, 21.90311], [-103.26612, 21.90285], [-103.26661, 21.90285], [-103.26665, 21.90315]]]}}, {"id": "2522287", "type": "Feature", "properties": {"id": "2522287", "CVEGEO": "3204800420076015", "POBTOT": 0.0, "score_nse": 0.0, "NSE": null, "VIVTOT": 0.0, "GRAPROES": 0.0, "_ent": "32", "_mun": "048", "_loc": "0042"}, "geometry": {"type": "Polygon", "coordinates": [[[-103.2767, 21.79792], [-103.27705, 21.79807], [-103.27656, 21.79907], [-103.2762, 21.79893], [-103.2767, 21.79792]]]}}, {"id": "2522288", "type": "Feature", "properties": {"id": "2522288", "CVEGEO": "3204800420076016", "POBTOT": 0.0, "score_nse": 0.0, "NSE": null, "VIVTOT": 0.0, "GRAPROES": 0.0, "_ent": "32", "_mun": "048", "_loc": "0042"}, "geometry": {"type": "Polygon", "coordinates": [[[-103.27662, 21.79789], [-103.27613, 21.7989], [-103.27577, 21.79875], [-103.27623, 21.79774], [-103.27662, 21.79789]]]}}, {"id": "2522289", "type": "Feature", "properties": {"id": "2522289", "CVEGEO": "3204800010131017", "POBTOT": 66.0, "score_nse": 48.4963, "NSE": "C-", "VIVTOT": 28.0, "GRAPROES": 8.34, "_ent": "32", "_mun": "048", "_loc": "0001"}, "geometry": {"type": "Polygon", "coordinates": [[[-103.30075, 21.77967], [-103.30093, 21.77888], [-103.30223, 21.77943], [-103.30165, 21.77944], [-103.30075, 21.77967]]]}}, {"id": "2522290", "type": "Feature", "properties": {"id": "2522290", "CVEGEO": "3204800010165008", "POBTOT": 14.0, "score_nse": 88.64, "NSE": "A/B", "VIVTOT": 5.0, "GRAPROES": 14.18, "_ent": "32", "_mun": "048", "_loc": "0001"}, "geometry": {"type": "Polygon", "coordinates": [[[-103.29516, 21.78401], [-103.29459, 21.78388], [-103.29463, 21.78363], [-103.29514, 21.78372], [-103.29516, 21.78401]]]}}, {"id": "2522291", "type": "Feature", "properties": {"id": "2522291", "CVEGEO": "3204800010165041", "POBTOT": 12.0, "score_nse": 0.0, "NSE": "ND", "VIVTOT": 4.0, "GRAPROES": 7.89, "_ent": "32", "_mun": "048", "_loc": "0001"}, "geometry": {"type": "Polygon", "coordinates": [[[-103.29325, 21.78195], [-103.29338, 21.78171], [-103.29376, 21.78192], [-103.29363, 21.78214], [-103.29325, 21.78195]]]}}, {"id": "2522292", "type": "Feature", "properties": {"id": "2522292", "CVEGEO": "3204800010165059", "POBTOT": 0.0, "score_nse": 0.0, "NSE": null, "VIVTOT": 0.0, "GRAPROES": 0.0, "_ent": "32", "_mun": "048", "_loc": "0001"}, "geometry": {"type": "Polygon", "coordinates": [[[-103.29408, 21.78395], [-103.29413, 21.78354], [-103.29456, 21.7836], [-103.29421, 21.78428], [-103.29376, 21.78423], [-103.29408, 21.78395]]]}}, {"id": "2522293", "type": "Feature", "properties": {"id": "2522293", "CVEGEO": "3204800010288003", "POBTOT": 0.0, "score_nse": 0.0, "NSE": null, "VIVTOT": 0.0, "GRAPROES": 0.0, "_ent": "32", "_mun": "048", "_loc": "0001"}, "geometry": {"type": "Polygon", "coordinates": [[[-103.31299, 21.77616], [-103.3133, 21.77555], [-103.31348, 21.77565], [-103.31318, 21.77626], [-103.31299, 21.77616]]]}}, {"id": "2522294", "type": "Feature", "properties": {"id": "2522294", "CVEGEO": "3204800010288004", "POBTOT": 0.0, "score_nse": 0.0, "NSE": null, "VIVTOT": 0.0, "GRAPROES": 0.0, "_ent": "32", "_mun": "048", "_loc": "0001"}, "geometry": {"type": "Polygon", "coordinates": [[[-103.31181, 21.77647], [-103.31181, 21.77604], [-103.31201, 21.77633], [-103.31181, 21.77647]]]}}, {"id": "2522295", "type": "Feature", "properties": {"id": "2522295", "CVEGEO": "3204800010288013", "POBTOT": 25.0, "score_nse": 0.0, "NSE": "ND", "VIVTOT": 12.0, "GRAPROES": 6.0, "_ent": "32", "_mun": "048", "_loc": "0001"}, "geometry": {"type": "Polygon", "coordinates": [[[-103.31393, 21.77495], [-103.31353, 21.77563], [-103.3131, 21.77532], [-103.31359, 21.77446], [-103.31373, 21.77476], [-103.31414, 21.7748], [-103.31539, 21.77644], [-103.31556, 21.7769], [-103.31321, 21.77629], [-103.31393, 21.77495]]]}}, {"id": "2522296", "type": "Feature", "properties": {"id": "2522296", "CVEGEO": "3204800010288026", "POBTOT": 0.0, "score_nse": 10.0, "NSE": "E", "VIVTOT": 2.0, "GRAPROES": 0.0, "_ent": "32", "_mun": "048", "_loc": "0001"}, "geometry": {"type": "Polygon", "coordinates": [[[-103.31142, 21.77566], [-103.31173, 21.77593], [-103.31174, 21.7765], [-103.31142, 21.77649], [-103.31142, 21.77566]]]}}, {"id": "2522297", "type": "Feature", "properties": {"id": "2522297", "CVEGEO": "3204800010305047", "POBTOT": 6.0, "score_nse": 0.0, "NSE": "ND", "VIVTOT": 5.0, "GRAPROES": 0.0, "_ent": "32", "_mun": "048", "_loc": "0001"}, "geometry": {"type": "Polygon", "coordinates": [[[-103.28587, 21.76884], [-103.28698, 21.76879], [-103.28708, 21.76925], [-103.28597, 21.76931], [-103.28587, 21.76884]]]}}, {"id": "2522298", "type": "Feature", "properties": {"id": "2522298", "CVEGEO": "3204800010343004", "POBTOT": 0.0, "score_nse": 0.0, "NSE": "ND", "VIVTOT": 0.0, "GRAPROES": 0.0, "_ent": "32", "_mun": "048", "_loc": "0001"}, "geometry": {"type": "Polygon", "coordinates": [[[-103.28212, 21.76804], [-103.28173, 21.7664], [-103.28193, 21.76588], [-103.28345, 21.76644], [-103.28366, 21.76595], [-103.28471, 21.76637], [-103.28368, 21.76847], [-103.28278, 21.76789], [-103.28261, 21.76835], [-103.28212, 21.76804]]]}}, {"id": "2522299", "type": "Feature", "properties": {"id": "2522299", "CVEGEO": "3204800010343007", "POBTOT": 17.0, "score_nse": 0.0, "NSE": "ND", "VIVTOT": 5.0, "GRAPROES": 7.55, "_ent": "32", "_mun": "048", "_loc": "0001"}, "geometry": {"type": "Polygon", "coordinates": [[[-103.28164, 21.76867], [-103.28168, 21.76824], [-103.28207, 21.76843], [-103.282, 21.7689], [-103.28164, 21.76867]]]}}, {"id": "2522300", "type": "Feature", "properties": {"id": "2522300", "CVEGEO": "3204800010343011", "POBTOT": 0.0, "score_nse": 0.0, "NSE": null, "VIVTOT": 0.0, "GRAPROES": 0.0, "_ent": "32", "_mun": "048", "_loc": "0001"}, "geometry": {"type": "Polygon", "coordinates": [[[-103.28148, 21.76947], [-103.28161, 21.76873], [-103.28199, 21.76901], [-103.28191, 21.76975], [-103.28148, 21.76947]]]}}, {"id": "2522301", "type": "Feature", "properties": {"id": "2522301", "CVEGEO": "3204800010409002", "POBTOT": 0.0, "score_nse": 0.0, "NSE": null, "VIVTOT": 0.0, "GRAPROES": 0.0, "_ent": "32", "_mun": "048", "_loc": "0001"}, "geometry": {"type": "Polygon", "coordinates": [[[-103.28477, 21.78431], [-103.28524, 21.78422], [-103.28519, 21.78483], [-103.28466, 21.78471], [-103.28477, 21.78431]]]}}, {"id": "2522302", "type": "Feature", "properties": {"id": "2522302", "CVEGEO": "3204800010447007", "POBTOT": 0.0, "score_nse": 0.0, "NSE": null, "VIVTOT": 0.0, "GRAPROES": 0.0, "_ent": "32", "_mun": "048", "_loc": "0001"}, "geometry": {"type": "Polygon", "coordinates": [[[-103.28565, 21.77106], [-103.28584, 21.77126], [-103.28553, 21.77149], [-103.28565, 21.77106]]]}}, {"id": "2522303", "type": "Feature", "properties": {"id": "2522303", "CVEGEO": "3204800010184002", "POBTOT": 24.0, "score_nse": 0.0, "NSE": "ND", "VIVTOT": 5.0, "GRAPROES": 10.13, "_ent": "32", "_mun": "048", "_loc": "0001"}, "geometry": {"type": "Polygon", "coordinates": [[[-103.31641, 21.78686], [-103.31701, 21.78508], [-103.31699, 21.78435], [-103.31532, 21.7823], [-103.31435, 21.78175], [-103.31136, 21.78106], [-103.31144, 21.78072], [-103.31071, 21.78057], [-103.3106, 21.7808], [-103.3111, 21.77934], [-103.31068, 21.77827], [-103.3108, 21.77762], [-103.31161, 21.77778], [-103.3108, 21.77755], [-103.31115, 21.77655], [-103.3119, 21.77656], [-103.31224, 21.77609], [-103.31535, 21.77691], [-103.31528, 21.77737], [-103.31541, 21.77692], [-103.3157, 21.77698], [-103.31692, 21.77782], [-103.31733, 21.77836], [-103.31792, 21.77989], [-103.31792, 21.78124], [-103.31744, 21.78261], [-103.31729, 21.78488], [-103.31641, 21.78686]]]}}, {"id": "2522304", "type": "Feature", "properties": {"id": "2522304", "CVEGEO": "3204800050108011", "POBTOT": 0.0, "score_nse": 0.0, "NSE": null, "VIVTOT": 0.0, "GRAPROES": 0.0, "_ent": "32", "_mun": "048", "_loc": "0005"}, "geometry": {"type": "Polygon", "coordinates": [[[-103.15383, 21.71041], [-103.1535, 21.71053], [-103.1532, 21.71042], [-103.15276, 21.71006], [-103.15256, 21.70947], [-103.15339, 21.7094], [-103.15383, 21.71041]]]}}, {"id": "2522305", "type": "Feature", "properties": {"id": "2522305", "CVEGEO": "3204800110095023", "POBTOT": 0.0, "score_nse": 0.0, "NSE": null, "VIVTOT": 0.0, "GRAPROES": 0.0, "_ent": "32", "_mun": "048", "_loc": "0011"}, "geometry": {"type": "Polygon", "coordinates": [[[-103.30916, 21.71582], [-103.30859, 21.71577], [-103.30522, 21.7148], [-103.3063, 21.71446], [-103.30682, 21.71445], [-103.30819, 21.71479], [-103.30942, 21.71452], [-103.30945, 21.71503], [-103.30916, 21.71582]]]}}, {"id": "2522306", "type": "Feature", "properties": {"id": "2522306", "CVEGEO": "3204800110095024", "POBTOT": 0.0, "score_nse": 0.0, "NSE": null, "VIVTOT": 0.0, "GRAPROES": 0.0, "_ent": "32", "_mun": "048", "_loc": "0011"}, "geometry": {"type": "Polygon", "coordinates": [[[-103.30878, 21.71592], [-103.30852, 21.71641], [-103.30709, 21.71626], [-103.30728, 21.71543], [-103.30878, 21.71592]]]}}, {"id": "2522307", "type": "Feature", "properties": {"id": "2522307", "CVEGEO": "3204800110095025", "POBTOT": 0.0, "score_nse": 0.0, "NSE": null, "VIVTOT": 0.0, "GRAPROES": 0.0, "_ent": "32", "_mun": "048", "_loc": "0011"}, "geometry": {"type": "Polygon", "coordinates": [[[-103.30839, 21.71652], [-103.30822, 21.7172], [-103.30784, 21.71724], [-103.30745, 21.717], [-103.30722, 21.71636], [-103.30839, 21.71652]]]}}, {"id": "2522308", "type": "Feature", "properties": {"id": "2522308", "CVEGEO": "3204800110095026", "POBTOT": 0.0, "score_nse": 0.0, "NSE": null, "VIVTOT": 0.0, "GRAPROES": 0.0, "_ent": "32", "_mun": "048", "_loc": "0011"}, "geometry": {"type": "Polygon", "coordinates": [[[-103.30703, 21.71623], [-103.30597, 21.71669], [-103.30466, 21.71679], [-103.30418, 21.71621], [-103.30409, 21.71572], [-103.30463, 21.71516], [-103.30526, 21.7149], [-103.30722, 21.71542], [-103.30703, 21.71623]]]}}, {"id": "2522309", "type": "Feature", "properties": {"id": "2522309", "CVEGEO": "3204800110095027", "POBTOT": 0.0, "score_nse": 0.0, "NSE": null, "VIVTOT": 0.0, "GRAPROES": 0.0, "_ent": "32", "_mun": "048", "_loc": "0011"}, "geometry": {"type": "Polygon", "coordinates": [[[-103.30707, 21.71633], [-103.3074, 21.7173], [-103.30784, 21.71756], [-103.30756, 21.71787], [-103.30575, 21.71719], [-103.3046, 21.71733], [-103.3044, 21.71721], [-103.30444, 21.71684], [-103.30592, 21.71678], [-103.30707, 21.71633]]]}}, {"id": "2522310", "type": "Feature", "properties": {"id": "2522310", "CVEGEO": "3204800110095028", "POBTOT": 0.0, "score_nse": 0.0, "NSE": null, "VIVTOT": 0.0, "GRAPROES": 0.0, "_ent": "32", "_mun": "048", "_loc": "0011"}, "geometry": {"type": "Polygon", "coordinates": [[[-103.30434, 21.71669], [-103.30445, 21.71736], [-103.30589, 21.71728], [-103.3069, 21.71769], [-103.30685, 21.7179], [-103.30637, 21.71814], [-103.30618, 21.71782], [-103.30626, 21.71823], [-103.30536, 21.7187], [-103.30309, 21.71908], [-103.30323, 21.71677], [-103.30434, 21.71669]]]}}, {"id": "2522311", "type": "Feature", "properties": {"id": "2522311", "CVEGEO": "3204800110095029", "POBTOT": 0.0, "score_nse": 0.0, "NSE": null, "VIVTOT": 0.0, "GRAPROES": 0.0, "_ent": "32", "_mun": "048", "_loc": "0011"}, "geometry": {"type": "Polygon", "coordinates": [[[-103.30309, 21.71916], [-103.30409, 21.71909], [-103.30417, 21.71968], [-103.30355, 21.71976], [-103.30351, 21.72022], [-103.30305, 21.72024], [-103.30309, 21.71916]]]}}, {"id": "2522312", "type": "Feature", "properties": {"id": "2522312", "CVEGEO": "3204800110095030", "POBTOT": 0.0, "score_nse": 0.0, "NSE": null, "VIVTOT": 0.0, "GRAPROES": 0.0, "_ent": "32", "_mun": "048", "_loc": "0011"}, "geometry": {"type": "Polygon", "coordinates": [[[-103.30301, 21.71977], [-103.30126, 21.71958], [-103.30116, 21.71934], [-103.30143, 21.71886], [-103.30211, 21.71837], [-103.30254, 21.71738], [-103.30287, 21.71707], [-103.30314, 21.71709], [-103.30301, 21.71917], [-103.30218, 21.7191], [-103.30301, 21.71922], [-103.30301, 21.71977]]]}}, {"id": "2522313", "type": "Feature", "properties": {"id": "2522313", "CVEGEO": "3204800110095031", "POBTOT": 0.0, "score_nse": 0.0, "NSE": null, "VIVTOT": 0.0, "GRAPROES": 0.0, "_ent": "32", "_mun": "048", "_loc": "0011"}, "geometry": {"type": "Polygon", "coordinates": [[[-103.30384, 21.71591], [-103.30394, 21.71634], [-103.30384, 21.7166], [-103.30311, 21.71673], [-103.30323, 21.71601], [-103.30384, 21.71591]]]}}, {"id": "2522314", "type": "Feature", "properties": {"id": "2522314", "CVEGEO": "3204800110095032", "POBTOT": 0.0, "score_nse": 0.0, "NSE": null, "VIVTOT": 0.0, "GRAPROES": 0.0, "_ent": "32", "_mun": "048", "_loc": "0011"}, "geometry": {"type": "Polygon", "coordinates": [[[-103.30389, 21.71587], [-103.30266, 21.7157], [-103.30268, 21.71558], [-103.30379, 21.71495], [-103.30414, 21.71539], [-103.30389, 21.71587]]]}}, {"id": "2522315", "type": "Feature", "properties": {"id": "2522315", "CVEGEO": "3204800110095033", "POBTOT": 0.0, "score_nse": 0.0, "NSE": null, "VIVTOT": 0.0, "GRAPROES": 0.0, "_ent": "32", "_mun": "048", "_loc": "0011"}, "geometry": {"type": "Polygon", "coordinates": [[[-103.305, 21.71481], [-103.30426, 21.71532], [-103.30394, 21.71514], [-103.30385, 21.71482], [-103.30333, 21.71519], [-103.30302, 21.71522], [-103.30255, 21.7149], [-103.30263, 21.71373], [-103.30343, 21.71388], [-103.305, 21.71481]]]}}, {"id": "2522316", "type": "Feature", "properties": {"id": "2522316", "CVEGEO": "3204800190019005", "POBTOT": 0.0, "score_nse": 0.0, "NSE": null, "VIVTOT": 0.0, "GRAPROES": 0.0, "_ent": "32", "_mun": "048", "_loc": "0019"}, "geometry": {"type": "Polygon", "coordinates": [[[-103.27892, 21.84403], [-103.27811, 21.84407], [-103.278, 21.84309], [-103.27884, 21.84302], [-103.27892, 21.84403]]]}}, {"id": "2522317", "type": "Feature", "properties": {"id": "2522317", "CVEGEO": "3204800190019006", "POBTOT": 0.0, "score_nse": 0.0, "NSE": null, "VIVTOT": 0.0, "GRAPROES": 0.0, "_ent": "32", "_mun": "048", "_loc": "0019"}, "geometry": {"type": "Polygon", "coordinates": [[[-103.27877, 21.84296], [-103.27814, 21.84299], [-103.27808, 21.84277], [-103.27875, 21.84263], [-103.27877, 21.84296]]]}}, {"id": "2522318", "type": "Feature", "properties": {"id": "2522318", "CVEGEO": "3204800190019007", "POBTOT": 0.0, "score_nse": 0.0, "NSE": null, "VIVTOT": 0.0, "GRAPROES": 0.0, "_ent": "32", "_mun": "048", "_loc": "0019"}, "geometry": {"type": "Polygon", "coordinates": [[[-103.27807, 21.843], [-103.27703, 21.8434], [-103.27695, 21.84293], [-103.27792, 21.84258], [-103.27807, 21.843]]]}}, {"id": "2522319", "type": "Feature", "properties": {"id": "2522319", "CVEGEO": "3204800200095008", "POBTOT": 0.0, "score_nse": 0.0, "NSE": null, "VIVTOT": 0.0, "GRAPROES": 0.0, "_ent": "32", "_mun": "048", "_loc": "0020"}, "geometry": {"type": "Polygon", "coordinates": [[[-103.21393, 21.73195], [-103.21377, 21.73134], [-103.21489, 21.73127], [-103.21484, 21.73175], [-103.21513, 21.73216], [-103.21498, 21.73229], [-103.21484, 21.73348], [-103.21458, 21.73354], [-103.21441, 21.7333], [-103.21448, 21.73288], [-103.21419, 21.73288], [-103.21387, 21.7325], [-103.21393, 21.73195]]]}}, {"id": "2522320", "type": "Feature", "properties": {"id": "2522320", "CVEGEO": "3204800200095018", "POBTOT": 0.0, "score_nse": 0.0, "NSE": null, "VIVTOT": 0.0, "GRAPROES": 0.0, "_ent": "32", "_mun": "048", "_loc": "0020"}, "geometry": {"type": "Polygon", "coordinates": [[[-103.21377, 21.73127], [-103.21367, 21.7308], [-103.21399, 21.73066], [-103.2157, 21.73095], [-103.21563, 21.73107], [-103.21377, 21.73127]]]}}, {"id": "2522321", "type": "Feature", "properties": {"id": "2522321", "CVEGEO": "3204800200095019", "POBTOT": 0.0, "score_nse": 0.0, "NSE": null, "VIVTOT": 0.0, "GRAPROES": 0.0, "_ent": "32", "_mun": "048", "_loc": "0020"}, "geometry": {"type": "Polygon", "coordinates": [[[-103.2113, 21.72975], [-103.21079, 21.73012], [-103.2104, 21.73015], [-103.21016, 21.72983], [-103.2109, 21.72932], [-103.2113, 21.72975]]]}}, {"id": "2522322", "type": "Feature", "properties": {"id": "2522322", "CVEGEO": "3204800200095020", "POBTOT": 0.0, "score_nse": 0.0, "NSE": null, "VIVTOT": 0.0, "GRAPROES": 0.0, "_ent": "32", "_mun": "048", "_loc": "0020"}, "geometry": {"type": "Polygon", "coordinates": [[[-103.21088, 21.7293], [-103.21013, 21.72982], [-103.20967, 21.72929], [-103.21038, 21.72881], [-103.21088, 21.7293]]]}}, {"id": "2522323", "type": "Feature", "properties": {"id": "2522323", "CVEGEO": "3204800260038026", "POBTOT": 0.0, "score_nse": 0.0, "NSE": null, "VIVTOT": 0.0, "GRAPROES": 0.0, "_ent": "32", "_mun": "048", "_loc": "0026"}, "geometry": {"type": "Polygon", "coordinates": [[[-103.13629, 21.83413], [-103.13588, 21.83413], [-103.13626, 21.83325], [-103.13626, 21.83389], [-103.13629, 21.83413]]]}}, {"id": "2522324", "type": "Feature", "properties": {"id": "2522324", "CVEGEO": "3204800390019010", "POBTOT": 0.0, "score_nse": 0.0, "NSE": null, "VIVTOT": 0.0, "GRAPROES": 0.0, "_ent": "32", "_mun": "048", "_loc": "0039"}, "geometry": {"type": "Polygon", "coordinates": [[[-103.30621, 21.86178], [-103.30612, 21.86256], [-103.30489, 21.86248], [-103.30488, 21.86177], [-103.30483, 21.86247], [-103.30427, 21.86246], [-103.30419, 21.86187], [-103.30477, 21.86091], [-103.30525, 21.86097], [-103.30478, 21.86087], [-103.3047, 21.86072], [-103.30517, 21.8601], [-103.30595, 21.86009], [-103.30925, 21.86077], [-103.30925, 21.8611], [-103.30826, 21.86107], [-103.30727, 21.8614], [-103.30739, 21.86212], [-103.30707, 21.86273], [-103.3062, 21.86259], [-103.30621, 21.86178]]]}}, {"id": "2522325", "type": "Feature", "properties": {"id": "2522325", "CVEGEO": "3204800390019027", "POBTOT": 0.0, "score_nse": 0.0, "NSE": null, "VIVTOT": 0.0, "GRAPROES": 0.0, "_ent": "32", "_mun": "048", "_loc": "0039"}, "geometry": {"type": "Polygon", "coordinates": [[[-103.30799, 21.86723], [-103.30811, 21.86697], [-103.30764, 21.86694], [-103.30784, 21.86593], [-103.30798, 21.86589], [-103.30785, 21.86587], [-103.30795, 21.86533], [-103.30826, 21.86526], [-103.30808, 21.8667], [-103.30845, 21.86674], [-103.3084, 21.86728], [-103.30799, 21.86723]]]}}, {"id": "2522326", "type": "Feature", "properties": {"id": "2522326", "CVEGEO": "3204800390019035", "POBTOT": 0.0, "score_nse": 0.0, "NSE": null, "VIVTOT": 0.0, "GRAPROES": 0.0, "_ent": "32", "_mun": "048", "_loc": "0039"}, "geometry": {"type": "Polygon", "coordinates": [[[-103.3073, 21.86909], [-103.30753, 21.86794], [-103.30837, 21.86811], [-103.30818, 21.86922], [-103.3073, 21.86909]]]}}, {"id": "2522327", "type": "Feature", "properties": {"id": "2522327", "CVEGEO": "3204800390019036", "POBTOT": 0.0, "score_nse": 0.0, "NSE": null, "VIVTOT": 0.0, "GRAPROES": 0.0, "_ent": "32", "_mun": "048", "_loc": "0039"}, "geometry": {"type": "Polygon", "coordinates": [[[-103.30837, 21.86805], [-103.30752, 21.86787], [-103.30764, 21.86702], [-103.30796, 21.86704], [-103.30794, 21.86725], [-103.30859, 21.86738], [-103.30837, 21.86805]]]}}, {"id": "2522328", "type": "Feature", "properties": {"id": "2522328", "CVEGEO": "3204800400095011", "POBTOT": 0.0, "score_nse": 0.0, "NSE": null, "VIVTOT": 0.0, "GRAPROES": 0.0, "_ent": "32", "_mun": "048", "_loc": "0040"}, "geometry": {"type": "Polygon", "coordinates": [[[-103.27221, 21.73157], [-103.27211, 21.73181], [-103.27174, 21.73177], [-103.27096, 21.73237], [-103.27062, 21.73127], [-103.27221, 21.73157]]]}}, {"id": "2522329", "type": "Feature", "properties": {"id": "2522329", "CVEGEO": "3204800400095012", "POBTOT": 0.0, "score_nse": 0.0, "NSE": null, "VIVTOT": 0.0, "GRAPROES": 0.0, "_ent": "32", "_mun": "048", "_loc": "0040"}, "geometry": {"type": "Polygon", "coordinates": [[[-103.26931, 21.73113], [-103.27034, 21.73132], [-103.2681, 21.73292], [-103.26705, 21.73292], [-103.26706, 21.73236], [-103.26804, 21.73182], [-103.26818, 21.73199], [-103.2681, 21.73178], [-103.26865, 21.7316], [-103.26931, 21.73113]]]}}, {"id": "2522330", "type": "Feature", "properties": {"id": "2522330", "CVEGEO": "3204800400095013", "POBTOT": 0.0, "score_nse": 0.0, "NSE": null, "VIVTOT": 0.0, "GRAPROES": 0.0, "_ent": "32", "_mun": "048", "_loc": "0040"}, "geometry": {"type": "Polygon", "coordinates": [[[-103.26823, 21.73162], [-103.26692, 21.73245], [-103.26643, 21.73238], [-103.26665, 21.7315], [-103.26741, 21.73139], [-103.26823, 21.73162]]]}}, {"id": "2522331", "type": "Feature", "properties": {"id": "2522331", "CVEGEO": "3204800420076017", "POBTOT": 0.0, "score_nse": 0.0, "NSE": null, "VIVTOT": 0.0, "GRAPROES": 0.0, "_ent": "32", "_mun": "048", "_loc": "0042"}, "geometry": {"type": "Polygon", "coordinates": [[[-103.27617, 21.79775], [-103.27573, 21.79872], [-103.27543, 21.79859], [-103.2758, 21.7976], [-103.27617, 21.79775]]]}}, {"id": "2522332", "type": "Feature", "properties": {"id": "2522332", "CVEGEO": "3204800420076018", "POBTOT": 0.0, "score_nse": 0.0, "NSE": null, "VIVTOT": 0.0, "GRAPROES": 0.0, "_ent": "32", "_mun": "048", "_loc": "0042"}, "geometry": {"type": "Polygon", "coordinates": [[[-103.27752, 21.79826], [-103.27714, 21.79928], [-103.27669, 21.79909], [-103.27711, 21.7981], [-103.27752, 21.79826]]]}}, {"id": "2522333", "type": "Feature", "properties": {"id": "2522333", "CVEGEO": "3204800420076019", "POBTOT": 0.0, "score_nse": 0.0, "NSE": null, "VIVTOT": 0.0, "GRAPROES": 0.0, "_ent": "32", "_mun": "048", "_loc": "0042"}, "geometry": {"type": "Polygon", "coordinates": [[[-103.27256, 21.79766], [-103.27198, 21.79806], [-103.27117, 21.79891], [-103.27158, 21.79727], [-103.27256, 21.79766]]]}}, {"id": "2522334", "type": "Feature", "properties": {"id": "2522334", "CVEGEO": "3204800500019013", "POBTOT": 0.0, "score_nse": 0.0, "NSE": null, "VIVTOT": 0.0, "GRAPROES": 0.0, "_ent": "32", "_mun": "048", "_loc": "0050"}, "geometry": {"type": "Polygon", "coordinates": [[[-103.31318, 21.87532], [-103.31136, 21.87522], [-103.31149, 21.87448], [-103.31225, 21.87445], [-103.31274, 21.87475], [-103.31266, 21.87497], [-103.31318, 21.87532]]]}}, {"id": "2522335", "type": "Feature", "properties": {"id": "2522335", "CVEGEO": "3204800500019020", "POBTOT": 0.0, "score_nse": 0.0, "NSE": null, "VIVTOT": 0.0, "GRAPROES": 0.0, "_ent": "32", "_mun": "048", "_loc": "0050"}, "geometry": {"type": "Polygon", "coordinates": [[[-103.31438, 21.87648], [-103.3131, 21.8757], [-103.31309, 21.87544], [-103.31381, 21.87564], [-103.31437, 21.87617], [-103.31438, 21.87648]]]}}, {"id": "2522336", "type": "Feature", "properties": {"id": "2522336", "CVEGEO": "3204800510080013", "POBTOT": 0.0, "score_nse": 0.0, "NSE": null, "VIVTOT": 0.0, "GRAPROES": 0.0, "_ent": "32", "_mun": "048", "_loc": "0051"}, "geometry": {"type": "Polygon", "coordinates": [[[-103.10984, 21.81153], [-103.10944, 21.81183], [-103.10942, 21.81182], [-103.10974, 21.8115], [-103.10984, 21.81153]]]}}, {"id": "2522337", "type": "Feature", "properties": {"id": "2522337", "CVEGEO": "3204800560042004", "POBTOT": 0.0, "score_nse": 0.0, "NSE": null, "VIVTOT": 0.0, "GRAPROES": 0.0, "_ent": "32", "_mun": "048", "_loc": "0056"}, "geometry": {"type": "Polygon", "coordinates": [[[-103.32109, 21.77585], [-103.32113, 21.77538], [-103.32131, 21.7754], [-103.32119, 21.77568], [-103.32109, 21.77585]]]}}, {"id": "2522338", "type": "Feature", "properties": {"id": "2522338", "CVEGEO": "3204800560042005", "POBTOT": 0.0, "score_nse": 0.0, "NSE": null, "VIVTOT": 0.0, "GRAPROES": 0.0, "_ent": "32", "_mun": "048", "_loc": "0056"}, "geometry": {"type": "Polygon", "coordinates": [[[-103.32132, 21.77531], [-103.32114, 21.77528], [-103.32125, 21.77478], [-103.32163, 21.77482], [-103.32132, 21.77531]]]}}, {"id": "2522339", "type": "Feature", "properties": {"id": "2522339", "CVEGEO": "3204800560042006", "POBTOT": 0.0, "score_nse": 0.0, "NSE": null, "VIVTOT": 0.0, "GRAPROES": 0.0, "_ent": "32", "_mun": "048", "_loc": "0056"}, "geometry": {"type": "Polygon", "coordinates": [[[-103.32126, 21.77566], [-103.32135, 21.77539], [-103.32242, 21.77554], [-103.32137, 21.77533], [-103.32147, 21.77505], [-103.32268, 21.77527], [-103.32256, 21.77586], [-103.32126, 21.77566]]]}}, {"id": "2522340", "type": "Feature", "properties": {"id": "2522340", "CVEGEO": "3204801190076001", "POBTOT": 0.0, "score_nse": 0.0, "NSE": null, "VIVTOT": 0.0, "GRAPROES": 0.0, "_ent": "32", "_mun": "048", "_loc": "0119"}, "geometry": {"type": "Polygon", "coordinates": [[[-103.28566, 21.77534], [-103.28554, 21.7757], [-103.2825, 21.77507], [-103.28262, 21.7747], [-103.28566, 21.77534]]]}}, {"id": "2522341", "type": "Feature", "properties": {"id": "2522341", "CVEGEO": "3204801190076002", "POBTOT": 0.0, "score_nse": 0.0, "NSE": null, "VIVTOT": 0.0, "GRAPROES": 0.0, "_ent": "32", "_mun": "048", "_loc": "0119"}, "geometry": {"type": "Polygon", "coordinates": [[[-103.28575, 21.775], [-103.28568, 21.77528], [-103.28264, 21.77462], [-103.28287, 21.77391], [-103.28447, 21.77473], [-103.28575, 21.775]]]}}, {"id": "2522342", "type": "Feature", "properties": {"id": "2522342", "CVEGEO": "3204801190076003", "POBTOT": 0.0, "score_nse": 0.0, "NSE": null, "VIVTOT": 0.0, "GRAPROES": 0.0, "_ent": "32", "_mun": "048", "_loc": "0119"}, "geometry": {"type": "Polygon", "coordinates": [[[-103.28552, 21.77577], [-103.28543, 21.77616], [-103.28238, 21.77551], [-103.28248, 21.77514], [-103.28552, 21.77577]]]}}, {"id": "2522343", "type": "Feature", "properties": {"id": "2522343", "CVEGEO": "3204801190076004", "POBTOT": 0.0, "score_nse": 0.0, "NSE": null, "VIVTOT": 0.0, "GRAPROES": 0.0, "_ent": "32", "_mun": "048", "_loc": "0119"}, "geometry": {"type": "Polygon", "coordinates": [[[-103.2854, 21.77622], [-103.28492, 21.77838], [-103.28458, 21.7783], [-103.28506, 21.77641], [-103.28227, 21.77583], [-103.28236, 21.77556], [-103.2854, 21.77622]]]}}, {"id": "2522344", "type": "Feature", "properties": {"id": "2522344", "CVEGEO": "3204801190076005", "POBTOT": 0.0, "score_nse": 0.0, "NSE": null, "VIVTOT": 0.0, "GRAPROES": 0.0, "_ent": "32", "_mun": "048", "_loc": "0119"}, "geometry": {"type": "Polygon", "coordinates": [[[-103.28558, 21.77712], [-103.28547, 21.77763], [-103.28568, 21.77768], [-103.28549, 21.77851], [-103.28506, 21.77839], [-103.2853, 21.77706], [-103.28558, 21.77712]]]}}, {"id": "2522345", "type": "Feature", "properties": {"id": "2522345", "CVEGEO": "3204801230076001", "POBTOT": 0.0, "score_nse": 0.0, "NSE": null, "VIVTOT": 0.0, "GRAPROES": 0.0, "_ent": "32", "_mun": "048", "_loc": "0123"}, "geometry": {"type": "Polygon", "coordinates": [[[-103.26691, 21.78539], [-103.26576, 21.78526], [-103.26577, 21.78445], [-103.26694, 21.78456], [-103.26691, 21.78539]]]}}, {"id": "2522346", "type": "Feature", "properties": {"id": "2522346", "CVEGEO": "3204801230076006", "POBTOT": 0.0, "score_nse": 0.0, "NSE": null, "VIVTOT": 0.0, "GRAPROES": 0.0, "_ent": "32", "_mun": "048", "_loc": "0123"}, "geometry": {"type": "Polygon", "coordinates": [[[-103.26689, 21.78592], [-103.26574, 21.78578], [-103.26575, 21.78536], [-103.26691, 21.78548], [-103.26689, 21.78592]]]}}, {"id": "2522347", "type": "Feature", "properties": {"id": "2522347", "CVEGEO": "3204801230076007", "POBTOT": 0.0, "score_nse": 0.0, "NSE": null, "VIVTOT": 0.0, "GRAPROES": 0.0, "_ent": "32", "_mun": "048", "_loc": "0123"}, "geometry": {"type": "Polygon", "coordinates": [[[-103.26566, 21.78434], [-103.26452, 21.78415], [-103.26465, 21.78332], [-103.26569, 21.78358], [-103.26566, 21.78434]]]}}, {"id": "2522348", "type": "Feature", "properties": {"id": "2522348", "CVEGEO": "3204801230076008", "POBTOT": 0.0, "score_nse": 0.0, "NSE": null, "VIVTOT": 0.0, "GRAPROES": 0.0, "_ent": "32", "_mun": "048", "_loc": "0123"}, "geometry": {"type": "Polygon", "coordinates": [[[-103.26696, 21.78405], [-103.2658, 21.78393], [-103.2658, 21.78359], [-103.26697, 21.7837], [-103.26696, 21.78405]]]}}, {"id": "2522349", "type": "Feature", "properties": {"id": "2522349", "CVEGEO": "3204801230076003", "POBTOT": 0.0, "score_nse": 0.0, "NSE": null, "VIVTOT": 0.0, "GRAPROES": 0.0, "_ent": "32", "_mun": "048", "_loc": "0123"}, "geometry": {"type": "Polygon", "coordinates": [[[-103.26817, 21.78427], [-103.26815, 21.78465], [-103.26705, 21.78451], [-103.26706, 21.78414], [-103.26817, 21.78427]]]}}, {"id": "2522350", "type": "Feature", "properties": {"id": "2522350", "CVEGEO": "3204801230076004", "POBTOT": 0.0, "score_nse": 0.0, "NSE": null, "VIVTOT": 0.0, "GRAPROES": 0.0, "_ent": "32", "_mun": "048", "_loc": "0123"}, "geometry": {"type": "Polygon", "coordinates": [[[-103.26816, 21.78472], [-103.26812, 21.78554], [-103.26702, 21.78541], [-103.26704, 21.7846], [-103.26816, 21.78472]]]}}, {"id": "2522351", "type": "Feature", "properties": {"id": "2522351", "CVEGEO": "3204801230076005", "POBTOT": 0.0, "score_nse": 0.0, "NSE": null, "VIVTOT": 0.0, "GRAPROES": 0.0, "_ent": "32", "_mun": "048", "_loc": "0123"}, "geometry": {"type": "Polygon", "coordinates": [[[-103.26812, 21.78563], [-103.26812, 21.78607], [-103.26699, 21.78594], [-103.26701, 21.78551], [-103.26812, 21.78563]]]}}, {"id": "2522352", "type": "Feature", "properties": {"id": "2522352", "CVEGEO": "3204801230076009", "POBTOT": 0.0, "score_nse": 0.0, "NSE": null, "VIVTOT": 0.0, "GRAPROES": 0.0, "_ent": "32", "_mun": "048", "_loc": "0123"}, "geometry": {"type": "Polygon", "coordinates": [[[-103.26817, 21.78383], [-103.26817, 21.78418], [-103.26706, 21.78408], [-103.26707, 21.78372], [-103.26817, 21.78383]]]}}, {"id": "2522353", "type": "Feature", "properties": {"id": "2522353", "CVEGEO": "3204801230076010", "POBTOT": 0.0, "score_nse": 0.0, "NSE": null, "VIVTOT": 0.0, "GRAPROES": 0.0, "_ent": "32", "_mun": "048", "_loc": "0123"}, "geometry": {"type": "Polygon", "coordinates": [[[-103.26812, 21.78613], [-103.26811, 21.78655], [-103.26698, 21.78656], [-103.26699, 21.78603], [-103.26812, 21.78613]]]}}, {"id": "2522354", "type": "Feature", "properties": {"id": "2522354", "CVEGEO": "3204801230076002", "POBTOT": 0.0, "score_nse": 0.0, "NSE": null, "VIVTOT": 0.0, "GRAPROES": 0.0, "_ent": "32", "_mun": "048", "_loc": "0123"}, "geometry": {"type": "Polygon", "coordinates": [[[-103.26689, 21.78601], [-103.26688, 21.78654], [-103.26569, 21.78657], [-103.26574, 21.78587], [-103.26689, 21.78601]]]}}, {"id": "2522355", "type": "Feature", "properties": {"id": "2522355", "CVEGEO": "3204800110095019", "POBTOT": 0.0, "score_nse": 0.0, "NSE": null, "VIVTOT": 0.0, "GRAPROES": 0.0, "_ent": "32", "_mun": "048", "_loc": "0011"}, "geometry": {"type": "Polygon", "coordinates": [[[-103.31053, 21.71827], [-103.31063, 21.71599], [-103.31196, 21.71605], [-103.31188, 21.71694], [-103.31134, 21.71706], [-103.31128, 21.71666], [-103.31127, 21.71728], [-103.31084, 21.71825], [-103.31053, 21.71827]]]}}, {"id": "2522356", "type": "Feature", "properties": {"id": "2522356", "CVEGEO": "3204800040108009", "POBTOT": 0.0, "score_nse": 0.0, "NSE": null, "VIVTOT": 0.0, "GRAPROES": 0.0, "_ent": "32", "_mun": "048", "_loc": "0004"}, "geometry": {"type": "Polygon", "coordinates": [[[-103.14117, 21.66843], [-103.14118, 21.66858], [-103.14071, 21.66884], [-103.1403, 21.66872], [-103.14047, 21.66834], [-103.14074, 21.66855], [-103.14117, 21.66843]]]}}, {"id": "2522357", "type": "Feature", "properties": {"id": "2522357", "CVEGEO": "3204800040108012", "POBTOT": 0.0, "score_nse": 0.0, "NSE": null, "VIVTOT": 0.0, "GRAPROES": 0.0, "_ent": "32", "_mun": "048", "_loc": "0004"}, "geometry": {"type": "Polygon", "coordinates": [[[-103.1402, 21.66872], [-103.13975, 21.66858], [-103.14017, 21.66817], [-103.14041, 21.66833], [-103.1402, 21.66872]]]}}]}