{"type": "FeatureCollection", "features": [{"id": "1438660", "type": "Feature", "properties": {"id": "1438660", "CVEGEO": "1901801051262034", "POBTOT": 299.0, "score_nse": 63.4177, "NSE": "C", "VIVTOT": 98.0, "GRAPROES": 10.02, "_ent": "19", "_mun": "018", "_loc": "0105"}, "geometry": {"type": "Polygon", "coordinates": [[[-100.4401, 25.80491], [-100.44022, 25.8052], [-100.43788, 25.80554], [-100.43783, 25.80525], [-100.4401, 25.80491]]]}}, {"id": "1438768", "type": "Feature", "properties": {"id": "1438768", "CVEGEO": "1901801051351001", "POBTOT": 54.0, "score_nse": 0.0, "NSE": "ND", "VIVTOT": 27.0, "GRAPROES": 7.97, "_ent": "19", "_mun": "018", "_loc": "0105"}, "geometry": {"type": "Polygon", "coordinates": [[[-100.44528, 25.80372], [-100.44513, 25.80378], [-100.44444, 25.80219], [-100.4446, 25.80216], [-100.44528, 25.80372]]]}}, {"id": "1438769", "type": "Feature", "properties": {"id": "1438769", "CVEGEO": "1901801051351002", "POBTOT": 56.0, "score_nse": 0.0, "NSE": "ND", "VIVTOT": 30.0, "GRAPROES": 8.83, "_ent": "19", "_mun": "018", "_loc": "0105"}, "geometry": {"type": "Polygon", "coordinates": [[[-100.44505, 25.80381], [-100.44477, 25.80391], [-100.44441, 25.80307], [-100.44469, 25.80298], [-100.44505, 25.80381]]]}}, {"id": "1438770", "type": "Feature", "properties": {"id": "1438770", "CVEGEO": "1901801051351007", "POBTOT": 47.0, "score_nse": 46.4537, "NSE": "C-", "VIVTOT": 23.0, "GRAPROES": 9.19, "_ent": "19", "_mun": "018", "_loc": "0105"}, "geometry": {"type": "Polygon", "coordinates": [[[-100.44464, 25.80289], [-100.44437, 25.80298], [-100.44404, 25.80225], [-100.44434, 25.80221], [-100.44464, 25.80289]]]}}, {"id": "1438771", "type": "Feature", "properties": {"id": "1438771", "CVEGEO": "1901801051351008", "POBTOT": 50.0, "score_nse": 48.0717, "NSE": "C-", "VIVTOT": 26.0, "GRAPROES": 8.97, "_ent": "19", "_mun": "018", "_loc": "0105"}, "geometry": {"type": "Polygon", "coordinates": [[[-100.44428, 25.80302], [-100.44399, 25.80313], [-100.44364, 25.80232], [-100.44395, 25.80227], [-100.44428, 25.80302]]]}}, {"id": "1438772", "type": "Feature", "properties": {"id": "1438772", "CVEGEO": "1901801051351009", "POBTOT": 60.0, "score_nse": 57.6237, "NSE": "C", "VIVTOT": 31.0, "GRAPROES": 8.85, "_ent": "19", "_mun": "018", "_loc": "0105"}, "geometry": {"type": "Polygon", "coordinates": [[[-100.44392, 25.80316], [-100.44362, 25.80326], [-100.44323, 25.80237], [-100.44356, 25.80233], [-100.44392, 25.80316]]]}}, {"id": "1438773", "type": "Feature", "properties": {"id": "1438773", "CVEGEO": "1901801051262012", "POBTOT": 110.0, "score_nse": 0.0, "NSE": "ND", "VIVTOT": 36.0, "GRAPROES": 10.13, "_ent": "19", "_mun": "018", "_loc": "0105"}, "geometry": {"type": "Polygon", "coordinates": [[[-100.44113, 25.80382], [-100.44083, 25.80387], [-100.44035, 25.80277], [-100.44067, 25.80271], [-100.44113, 25.80382]]]}}, {"id": "1438774", "type": "Feature", "properties": {"id": "1438774", "CVEGEO": "1901801051262011", "POBTOT": 49.0, "score_nse": 58.7606, "NSE": "C", "VIVTOT": 38.0, "GRAPROES": 10.41, "_ent": "19", "_mun": "018", "_loc": "0105"}, "geometry": {"type": "Polygon", "coordinates": [[[-100.44155, 25.80375], [-100.44123, 25.8038], [-100.44075, 25.8027], [-100.44107, 25.80266], [-100.44155, 25.80375]]]}}, {"id": "1438775", "type": "Feature", "properties": {"id": "1438775", "CVEGEO": "1901801051262010", "POBTOT": 114.0, "score_nse": 58.1827, "NSE": "C", "VIVTOT": 37.0, "GRAPROES": 8.93, "_ent": "19", "_mun": "018", "_loc": "0105"}, "geometry": {"type": "Polygon", "coordinates": [[[-100.44196, 25.80371], [-100.44163, 25.80374], [-100.44115, 25.80264], [-100.44148, 25.80258], [-100.44196, 25.80371]]]}}, {"id": "1438776", "type": "Feature", "properties": {"id": "1438776", "CVEGEO": "1901801051262009", "POBTOT": 59.0, "score_nse": 0.0, "NSE": "ND", "VIVTOT": 38.0, "GRAPROES": 9.91, "_ent": "19", "_mun": "018", "_loc": "0105"}, "geometry": {"type": "Polygon", "coordinates": [[[-100.44238, 25.80363], [-100.44205, 25.80369], [-100.44156, 25.80257], [-100.44188, 25.80252], [-100.44238, 25.80363]]]}}, {"id": "1438777", "type": "Feature", "properties": {"id": "1438777", "CVEGEO": "1901801051262007", "POBTOT": 0.0, "score_nse": 0.0, "NSE": "ND", "VIVTOT": 0.0, "GRAPROES": 0.0, "_ent": "19", "_mun": "018", "_loc": "0105"}, "geometry": {"type": "Polygon", "coordinates": [[[-100.44092, 25.80528], [-100.44075, 25.80534], [-100.43969, 25.80288], [-100.43984, 25.80284], [-100.44092, 25.80528]]]}}, {"id": "1438778", "type": "Feature", "properties": {"id": "1438778", "CVEGEO": "1901801051262006", "POBTOT": 112.0, "score_nse": 0.0, "NSE": "ND", "VIVTOT": 43.0, "GRAPROES": 9.21, "_ent": "19", "_mun": "018", "_loc": "0105"}, "geometry": {"type": "Polygon", "coordinates": [[[-100.44129, 25.80515], [-100.44099, 25.80526], [-100.44045, 25.804], [-100.44076, 25.80396], [-100.44129, 25.80515]]]}}, {"id": "1438779", "type": "Feature", "properties": {"id": "1438779", "CVEGEO": "1901801051262005", "POBTOT": 118.0, "score_nse": 54.408, "NSE": "C-", "VIVTOT": 40.0, "GRAPROES": 9.32, "_ent": "19", "_mun": "018", "_loc": "0105"}, "geometry": {"type": "Polygon", "coordinates": [[[-100.44166, 25.80501], [-100.44138, 25.80511], [-100.44085, 25.80394], [-100.44119, 25.80389], [-100.44166, 25.80501]]]}}, {"id": "1438780", "type": "Feature", "properties": {"id": "1438780", "CVEGEO": "1901801051154006", "POBTOT": 78.0, "score_nse": 46.3771, "NSE": "C-", "VIVTOT": 36.0, "GRAPROES": 8.5, "_ent": "19", "_mun": "018", "_loc": "0105"}, "geometry": {"type": "Polygon", "coordinates": [[[-100.42825, 25.80745], [-100.42817, 25.80728], [-100.43022, 25.80655], [-100.43028, 25.80669], [-100.42825, 25.80745]]]}}, {"id": "1438781", "type": "Feature", "properties": {"id": "1438781", "CVEGEO": "1901801051154005", "POBTOT": 199.0, "score_nse": 55.5879, "NSE": "C", "VIVTOT": 72.0, "GRAPROES": 9.65, "_ent": "19", "_mun": "018", "_loc": "0105"}, "geometry": {"type": "Polygon", "coordinates": [[[-100.4284, 25.80778], [-100.42828, 25.80751], [-100.43032, 25.80677], [-100.43044, 25.80704], [-100.4284, 25.80778]]]}}, {"id": "1438782", "type": "Feature", "properties": {"id": "1438782", "CVEGEO": "1901801051154004", "POBTOT": 27.0, "score_nse": 0.0, "NSE": "ND", "VIVTOT": 8.0, "GRAPROES": 8.44, "_ent": "19", "_mun": "018", "_loc": "0105"}, "geometry": {"type": "Polygon", "coordinates": [[[-100.42646, 25.80839], [-100.42638, 25.80812], [-100.42782, 25.80758], [-100.42807, 25.80812], [-100.42646, 25.80839]]]}}, {"id": "1438783", "type": "Feature", "properties": {"id": "1438783", "CVEGEO": "1901801051154003", "POBTOT": 22.0, "score_nse": 47.2778, "NSE": "C-", "VIVTOT": 13.0, "GRAPROES": 10.69, "_ent": "19", "_mun": "018", "_loc": "0105"}, "geometry": {"type": "Polygon", "coordinates": [[[-100.42823, 25.80804], [-100.42793, 25.80737], [-100.42809, 25.80731], [-100.4284, 25.80801], [-100.42823, 25.80804]]]}}, {"id": "1438784", "type": "Feature", "properties": {"id": "1438784", "CVEGEO": "1901801051154002", "POBTOT": 89.0, "score_nse": 56.7998, "NSE": "C", "VIVTOT": 32.0, "GRAPROES": 8.69, "_ent": "19", "_mun": "018", "_loc": "0105"}, "geometry": {"type": "Polygon", "coordinates": [[[-100.43008, 25.80726], [-100.43026, 25.80769], [-100.42849, 25.808], [-100.42843, 25.80786], [-100.43008, 25.80726]]]}}, {"id": "1438785", "type": "Feature", "properties": {"id": "1438785", "CVEGEO": "1901801051154001", "POBTOT": 34.0, "score_nse": 50.2886, "NSE": "C-", "VIVTOT": 13.0, "GRAPROES": 8.57, "_ent": "19", "_mun": "018", "_loc": "0105"}, "geometry": {"type": "Polygon", "coordinates": [[[-100.43035, 25.80767], [-100.43015, 25.80723], [-100.43047, 25.80712], [-100.43069, 25.80761], [-100.43035, 25.80767]]]}}, {"id": "1438786", "type": "Feature", "properties": {"id": "1438786", "CVEGEO": "1901801051027020", "POBTOT": 41.0, "score_nse": 52.7851, "NSE": "C-", "VIVTOT": 14.0, "GRAPROES": 8.96, "_ent": "19", "_mun": "018", "_loc": "0105"}, "geometry": {"type": "Polygon", "coordinates": [[[-100.43006, 25.80584], [-100.43021, 25.8058], [-100.43061, 25.80671], [-100.43046, 25.80674], [-100.43006, 25.80584]]]}}, {"id": "1438787", "type": "Feature", "properties": {"id": "1438787", "CVEGEO": "1901801051027019", "POBTOT": 104.0, "score_nse": 57.092, "NSE": "C", "VIVTOT": 40.0, "GRAPROES": 9.89, "_ent": "19", "_mun": "018", "_loc": "0105"}, "geometry": {"type": "Polygon", "coordinates": [[[-100.43307, 25.80719], [-100.43083, 25.80756], [-100.43049, 25.80679], [-100.43064, 25.80677], [-100.43093, 25.80742], [-100.43304, 25.80706], [-100.43307, 25.80719]]]}}, {"id": "1438788", "type": "Feature", "properties": {"id": "1438788", "CVEGEO": "1901801051027018", "POBTOT": 182.0, "score_nse": 56.286, "NSE": "C", "VIVTOT": 61.0, "GRAPROES": 9.86, "_ent": "19", "_mun": "018", "_loc": "0105"}, "geometry": {"type": "Polygon", "coordinates": [[[-100.43104, 25.80482], [-100.43003, 25.80519], [-100.42991, 25.80494], [-100.43094, 25.80457], [-100.43212, 25.80439], [-100.43222, 25.80464], [-100.43104, 25.80482]]]}}, {"id": "1438789", "type": "Feature", "properties": {"id": "1438789", "CVEGEO": "1901801051027017", "POBTOT": 138.0, "score_nse": 61.39, "NSE": "C", "VIVTOT": 49.0, "GRAPROES": 10.42, "_ent": "19", "_mun": "018", "_loc": "0105"}, "geometry": {"type": "Polygon", "coordinates": [[[-100.43224, 25.80437], [-100.43408, 25.80408], [-100.43419, 25.80435], [-100.43236, 25.80463], [-100.43224, 25.80437]]]}}, {"id": "1438790", "type": "Feature", "properties": {"id": "1438790", "CVEGEO": "1901801051027016", "POBTOT": 171.0, "score_nse": 54.086, "NSE": "C-", "VIVTOT": 61.0, "GRAPROES": 10.2, "_ent": "19", "_mun": "018", "_loc": "0105"}, "geometry": {"type": "Polygon", "coordinates": [[[-100.43006, 25.80526], [-100.43107, 25.80489], [-100.43226, 25.80471], [-100.43238, 25.80498], [-100.431, 25.8052], [-100.43018, 25.80551], [-100.43006, 25.80526]]]}}, {"id": "1438791", "type": "Feature", "properties": {"id": "1438791", "CVEGEO": "1901801051027015", "POBTOT": 130.0, "score_nse": 0.0, "NSE": "ND", "VIVTOT": 45.0, "GRAPROES": 10.49, "_ent": "19", "_mun": "018", "_loc": "0105"}, "geometry": {"type": "Polygon", "coordinates": [[[-100.43238, 25.80469], [-100.43422, 25.80441], [-100.4343, 25.80459], [-100.43251, 25.80496], [-100.43238, 25.80469]]]}}, {"id": "1438792", "type": "Feature", "properties": {"id": "1438792", "CVEGEO": "1901801051027014", "POBTOT": 132.0, "score_nse": 58.6671, "NSE": "C", "VIVTOT": 46.0, "GRAPROES": 10.74, "_ent": "19", "_mun": "018", "_loc": "0105"}, "geometry": {"type": "Polygon", "coordinates": [[[-100.43022, 25.80558], [-100.43214, 25.8051], [-100.43225, 25.80539], [-100.43028, 25.80572], [-100.43022, 25.80558]]]}}, {"id": "1438793", "type": "Feature", "properties": {"id": "1438793", "CVEGEO": "1901801051027013", "POBTOT": 129.0, "score_nse": 60.7269, "NSE": "C", "VIVTOT": 52.0, "GRAPROES": 10.33, "_ent": "19", "_mun": "018", "_loc": "0105"}, "geometry": {"type": "Polygon", "coordinates": [[[-100.43031, 25.80579], [-100.43228, 25.80545], [-100.43239, 25.80572], [-100.43042, 25.80604], [-100.43031, 25.80579]]]}}, {"id": "1438794", "type": "Feature", "properties": {"id": "1438794", "CVEGEO": "1901801051012005", "POBTOT": 293.0, "score_nse": 43.2064, "NSE": "C-", "VIVTOT": 112.0, "GRAPROES": 8.43, "_ent": "19", "_mun": "018", "_loc": "0105"}, "geometry": {"type": "Polygon", "coordinates": [[[-100.44236, 25.80142], [-100.44041, 25.80211], [-100.44029, 25.80182], [-100.44226, 25.80112], [-100.44236, 25.80142]]]}}, {"id": "1438795", "type": "Feature", "properties": {"id": "1438795", "CVEGEO": "1901801051012004", "POBTOT": 0.0, "score_nse": 0.0, "NSE": "ND", "VIVTOT": 0.0, "GRAPROES": 0.0, "_ent": "19", "_mun": "018", "_loc": "0105"}, "geometry": {"type": "Polygon", "coordinates": [[[-100.43997, 25.80236], [-100.43963, 25.8024], [-100.43948, 25.80211], [-100.43981, 25.80198], [-100.43997, 25.80236]]]}}, {"id": "1438796", "type": "Feature", "properties": {"id": "1438796", "CVEGEO": "1901801051012003", "POBTOT": 70.0, "score_nse": 47.5065, "NSE": "C-", "VIVTOT": 26.0, "GRAPROES": 9.22, "_ent": "19", "_mun": "018", "_loc": "0105"}, "geometry": {"type": "Polygon", "coordinates": [[[-100.4404, 25.80231], [-100.44006, 25.80235], [-100.43989, 25.80196], [-100.4402, 25.80185], [-100.4404, 25.80231]]]}}, {"id": "1438797", "type": "Feature", "properties": {"id": "1438797", "CVEGEO": "1901801051012002", "POBTOT": 0.0, "score_nse": 0.0, "NSE": "ND", "VIVTOT": 0.0, "GRAPROES": 0.0, "_ent": "19", "_mun": "018", "_loc": "0105"}, "geometry": {"type": "Polygon", "coordinates": [[[-100.4416, 25.80177], [-100.44163, 25.80195], [-100.44082, 25.80204], [-100.4416, 25.80177]]]}}, {"id": "1438798", "type": "Feature", "properties": {"id": "1438798", "CVEGEO": "1901801051012001", "POBTOT": 162.0, "score_nse": 45.7354, "NSE": "C-", "VIVTOT": 66.0, "GRAPROES": 8.51, "_ent": "19", "_mun": "018", "_loc": "0105"}, "geometry": {"type": "Polygon", "coordinates": [[[-100.44283, 25.80202], [-100.44048, 25.8023], [-100.44043, 25.80217], [-100.44172, 25.80202], [-100.44168, 25.80174], [-100.44246, 25.80145], [-100.44234, 25.80109], [-100.44249, 25.80104], [-100.44283, 25.80202]]]}}, {"id": "1438799", "type": "Feature", "properties": {"id": "1438799", "CVEGEO": "1901801050902011", "POBTOT": 149.0, "score_nse": 59.1553, "NSE": "C", "VIVTOT": 48.0, "GRAPROES": 9.57, "_ent": "19", "_mun": "018", "_loc": "0105"}, "geometry": {"type": "Polygon", "coordinates": [[[-100.43251, 25.79494], [-100.43264, 25.79521], [-100.43127, 25.79571], [-100.43114, 25.79544], [-100.43251, 25.79494]]]}}, {"id": "1438800", "type": "Feature", "properties": {"id": "1438800", "CVEGEO": "1901801050724007", "POBTOT": 216.0, "score_nse": 52.4286, "NSE": "C-", "VIVTOT": 88.0, "GRAPROES": 10.19, "_ent": "19", "_mun": "018", "_loc": "0105"}, "geometry": {"type": "Polygon", "coordinates": [[[-100.43385, 25.79653], [-100.43168, 25.79733], [-100.43125, 25.79636], [-100.43143, 25.7963], [-100.43181, 25.79716], [-100.43181, 25.79697], [-100.43386, 25.79622], [-100.43424, 25.79713], [-100.43411, 25.79717], [-100.43385, 25.79653]]]}}, {"id": "1438801", "type": "Feature", "properties": {"id": "1438801", "CVEGEO": "1901801050620039", "POBTOT": 142.0, "score_nse": 53.6579, "NSE": "C-", "VIVTOT": 46.0, "GRAPROES": 9.26, "_ent": "19", "_mun": "018", "_loc": "0105"}, "geometry": {"type": "Polygon", "coordinates": [[[-100.43034, 25.79528], [-100.42874, 25.79586], [-100.42863, 25.79562], [-100.43023, 25.79503], [-100.43034, 25.79528]]]}}, {"id": "1438802", "type": "Feature", "properties": {"id": "1438802", "CVEGEO": "1901801050620026", "POBTOT": 121.0, "score_nse": 54.1229, "NSE": "C-", "VIVTOT": 49.0, "GRAPROES": 9.6, "_ent": "19", "_mun": "018", "_loc": "0105"}, "geometry": {"type": "Polygon", "coordinates": [[[-100.42946, 25.79793], [-100.43123, 25.79727], [-100.43135, 25.79752], [-100.42957, 25.79817], [-100.42946, 25.79793]]]}}, {"id": "1438803", "type": "Feature", "properties": {"id": "1438803", "CVEGEO": "1901801050616042", "POBTOT": 194.0, "score_nse": 60.924, "NSE": "C", "VIVTOT": 67.0, "GRAPROES": 10.13, "_ent": "19", "_mun": "018", "_loc": "0105"}, "geometry": {"type": "Polygon", "coordinates": [[[-100.4649, 25.78357], [-100.46316, 25.78332], [-100.46323, 25.78303], [-100.46445, 25.7833], [-100.46459, 25.78286], [-100.46335, 25.78259], [-100.46353, 25.78233], [-100.46488, 25.78277], [-100.46513, 25.78321], [-100.46509, 25.78348], [-100.4649, 25.78357]]]}}, {"id": "1438804", "type": "Feature", "properties": {"id": "1438804", "CVEGEO": "1901801050616041", "POBTOT": 65.0, "score_nse": 66.8137, "NSE": "C", "VIVTOT": 23.0, "GRAPROES": 11.33, "_ent": "19", "_mun": "018", "_loc": "0105"}, "geometry": {"type": "Polygon", "coordinates": [[[-100.46768, 25.78362], [-100.46722, 25.78424], [-100.46689, 25.78415], [-100.46734, 25.78354], [-100.46768, 25.78362]]]}}, {"id": "1438805", "type": "Feature", "properties": {"id": "1438805", "CVEGEO": "1901801050616021", "POBTOT": 56.0, "score_nse": 54.1865, "NSE": "C-", "VIVTOT": 31.0, "GRAPROES": 10.28, "_ent": "19", "_mun": "018", "_loc": "0105"}, "geometry": {"type": "Polygon", "coordinates": [[[-100.46579, 25.7876], [-100.46555, 25.7878], [-100.46479, 25.78709], [-100.46504, 25.78687], [-100.46579, 25.7876]]]}}, {"id": "1438806", "type": "Feature", "properties": {"id": "1438806", "CVEGEO": "1901801050616007", "POBTOT": 108.0, "score_nse": 47.908, "NSE": "C-", "VIVTOT": 67.0, "GRAPROES": 10.15, "_ent": "19", "_mun": "018", "_loc": "0105"}, "geometry": {"type": "Polygon", "coordinates": [[[-100.46312, 25.7899], [-100.4625, 25.78935], [-100.46125, 25.78913], [-100.4613, 25.78884], [-100.46266, 25.78908], [-100.46335, 25.78972], [-100.46312, 25.7899]]]}}, {"id": "1438807", "type": "Feature", "properties": {"id": "1438807", "CVEGEO": "1901801050160034", "POBTOT": 72.0, "score_nse": 69.9798, "NSE": "C", "VIVTOT": 34.0, "GRAPROES": 13.16, "_ent": "19", "_mun": "018", "_loc": "0105"}, "geometry": {"type": "Polygon", "coordinates": [[[-100.45633, 25.78381], [-100.45637, 25.78354], [-100.45747, 25.78371], [-100.45743, 25.78397], [-100.45633, 25.78381]]]}}, {"id": "1438808", "type": "Feature", "properties": {"id": "1438808", "CVEGEO": "1901801050160033", "POBTOT": 94.0, "score_nse": 72.1379, "NSE": "C+", "VIVTOT": 34.0, "GRAPROES": 13.0, "_ent": "19", "_mun": "018", "_loc": "0105"}, "geometry": {"type": "Polygon", "coordinates": [[[-100.45627, 25.78416], [-100.45632, 25.78388], [-100.45742, 25.78405], [-100.45737, 25.78432], [-100.45627, 25.78416]]]}}, {"id": "1438809", "type": "Feature", "properties": {"id": "1438809", "CVEGEO": "1901801050160032", "POBTOT": 0.0, "score_nse": 0.0, "NSE": "ND", "VIVTOT": 0.0, "GRAPROES": 0.0, "_ent": "19", "_mun": "018", "_loc": "0105"}, "geometry": {"type": "Polygon", "coordinates": [[[-100.45798, 25.78344], [-100.45778, 25.78391], [-100.45782, 25.78437], [-100.45746, 25.78432], [-100.45762, 25.78338], [-100.45798, 25.78344]]]}}, {"id": "1438810", "type": "Feature", "properties": {"id": "1438810", "CVEGEO": "1901801050160031", "POBTOT": 129.0, "score_nse": 80.192, "NSE": "C+", "VIVTOT": 50.0, "GRAPROES": 13.16, "_ent": "19", "_mun": "018", "_loc": "0105"}, "geometry": {"type": "Polygon", "coordinates": [[[-100.45779, 25.78447], [-100.45774, 25.78472], [-100.45621, 25.7845], [-100.45625, 25.78423], [-100.45779, 25.78447]]]}}, {"id": "1438811", "type": "Feature", "properties": {"id": "1438811", "CVEGEO": "1901801050160030", "POBTOT": 271.0, "score_nse": 0.0, "NSE": "ND", "VIVTOT": 102.0, "GRAPROES": 12.87, "_ent": "19", "_mun": "018", "_loc": "0105"}, "geometry": {"type": "Polygon", "coordinates": [[[-100.45882, 25.78141], [-100.45913, 25.78181], [-100.45879, 25.78373], [-100.45856, 25.7839], [-100.45805, 25.78381], [-100.45809, 25.78362], [-100.45845, 25.78368], [-100.45863, 25.78273], [-100.45648, 25.78241], [-100.45604, 25.78497], [-100.45589, 25.78495], [-100.45658, 25.78076], [-100.45882, 25.78141]]]}}, {"id": "1438812", "type": "Feature", "properties": {"id": "1438812", "CVEGEO": "1901801050160029", "POBTOT": 138.0, "score_nse": 74.992, "NSE": "C+", "VIVTOT": 50.0, "GRAPROES": 12.98, "_ent": "19", "_mun": "018", "_loc": "0105"}, "geometry": {"type": "Polygon", "coordinates": [[[-100.45772, 25.78481], [-100.45767, 25.78508], [-100.45615, 25.78485], [-100.45619, 25.78459], [-100.45772, 25.78481]]]}}, {"id": "1438813", "type": "Feature", "properties": {"id": "1438813", "CVEGEO": "1901801050160028", "POBTOT": 73.0, "score_nse": 77.0551, "NSE": "C+", "VIVTOT": 26.0, "GRAPROES": 12.23, "_ent": "19", "_mun": "018", "_loc": "0105"}, "geometry": {"type": "Polygon", "coordinates": [[[-100.45823, 25.78436], [-100.45809, 25.78513], [-100.45783, 25.78509], [-100.45797, 25.78432], [-100.45823, 25.78436]]]}}, {"id": "1438814", "type": "Feature", "properties": {"id": "1438814", "CVEGEO": "1901801050160027", "POBTOT": 130.0, "score_nse": 72.9267, "NSE": "C+", "VIVTOT": 48.0, "GRAPROES": 12.28, "_ent": "19", "_mun": "018", "_loc": "0105"}, "geometry": {"type": "Polygon", "coordinates": [[[-100.4585, 25.78542], [-100.45611, 25.78505], [-100.45613, 25.78493], [-100.45816, 25.78524], [-100.45833, 25.78428], [-100.45798, 25.78423], [-100.45802, 25.78403], [-100.4585, 25.78411], [-100.45867, 25.78437], [-100.4585, 25.78542]]]}}, {"id": "1438815", "type": "Feature", "properties": {"id": "1438815", "CVEGEO": "1901801050160026", "POBTOT": 137.0, "score_nse": 75.808, "NSE": "C+", "VIVTOT": 50.0, "GRAPROES": 13.01, "_ent": "19", "_mun": "018", "_loc": "0105"}, "geometry": {"type": "Polygon", "coordinates": [[[-100.45761, 25.78552], [-100.45757, 25.78578], [-100.456, 25.78554], [-100.45605, 25.78529], [-100.45761, 25.78552]]]}}, {"id": "1438912", "type": "Feature", "properties": {"id": "1438912", "CVEGEO": "1901801051351003", "POBTOT": 77.0, "score_nse": 61.5175, "NSE": "C", "VIVTOT": 27.0, "GRAPROES": 10.16, "_ent": "19", "_mun": "018", "_loc": "0105"}, "geometry": {"type": "Polygon", "coordinates": [[[-100.44469, 25.80394], [-100.44441, 25.80404], [-100.44403, 25.80322], [-100.44433, 25.80311], [-100.44469, 25.80394]]]}}, {"id": "1438913", "type": "Feature", "properties": {"id": "1438913", "CVEGEO": "1901801051351004", "POBTOT": 68.0, "score_nse": 54.7417, "NSE": "C-", "VIVTOT": 28.0, "GRAPROES": 9.32, "_ent": "19", "_mun": "018", "_loc": "0105"}, "geometry": {"type": "Polygon", "coordinates": [[[-100.44433, 25.80407], [-100.44404, 25.80417], [-100.44366, 25.80335], [-100.44395, 25.80325], [-100.44433, 25.80407]]]}}, {"id": "1438914", "type": "Feature", "properties": {"id": "1438914", "CVEGEO": "1901801051351010", "POBTOT": 79.0, "score_nse": 56.5257, "NSE": "C", "VIVTOT": 31.0, "GRAPROES": 8.54, "_ent": "19", "_mun": "018", "_loc": "0105"}, "geometry": {"type": "Polygon", "coordinates": [[[-100.44353, 25.80329], [-100.44326, 25.80339], [-100.44283, 25.80244], [-100.44313, 25.80239], [-100.44353, 25.80329]]]}}, {"id": "1438915", "type": "Feature", "properties": {"id": "1438915", "CVEGEO": "1901801051262004", "POBTOT": 113.0, "score_nse": 62.3501, "NSE": "C", "VIVTOT": 38.0, "GRAPROES": 9.15, "_ent": "19", "_mun": "018", "_loc": "0105"}, "geometry": {"type": "Polygon", "coordinates": [[[-100.44204, 25.80486], [-100.44174, 25.80498], [-100.44126, 25.80387], [-100.44158, 25.80383], [-100.44204, 25.80486]]]}}, {"id": "1438916", "type": "Feature", "properties": {"id": "1438916", "CVEGEO": "1901801051262003", "POBTOT": 98.0, "score_nse": 57.4566, "NSE": "C", "VIVTOT": 35.0, "GRAPROES": 9.39, "_ent": "19", "_mun": "018", "_loc": "0105"}, "geometry": {"type": "Polygon", "coordinates": [[[-100.44241, 25.80472], [-100.44209, 25.80482], [-100.44166, 25.8038], [-100.44199, 25.80377], [-100.44241, 25.80472]]]}}, {"id": "1438917", "type": "Feature", "properties": {"id": "1438917", "CVEGEO": "1901801051116004", "POBTOT": 51.0, "score_nse": 55.2758, "NSE": "C", "VIVTOT": 19.0, "GRAPROES": 9.66, "_ent": "19", "_mun": "018", "_loc": "0105"}, "geometry": {"type": "Polygon", "coordinates": [[[-100.4379, 25.80268], [-100.43765, 25.80211], [-100.43792, 25.80201], [-100.43819, 25.80262], [-100.4379, 25.80268]]]}}, {"id": "1438918", "type": "Feature", "properties": {"id": "1438918", "CVEGEO": "1901801051116003", "POBTOT": 75.0, "score_nse": 51.7389, "NSE": "C-", "VIVTOT": 21.0, "GRAPROES": 10.18, "_ent": "19", "_mun": "018", "_loc": "0105"}, "geometry": {"type": "Polygon", "coordinates": [[[-100.43827, 25.8026], [-100.438, 25.80199], [-100.4383, 25.80187], [-100.43861, 25.80255], [-100.43827, 25.8026]]]}}, {"id": "1438919", "type": "Feature", "properties": {"id": "1438919", "CVEGEO": "1901801051116002", "POBTOT": 82.0, "score_nse": 51.28, "NSE": "C-", "VIVTOT": 25.0, "GRAPROES": 9.24, "_ent": "19", "_mun": "018", "_loc": "0105"}, "geometry": {"type": "Polygon", "coordinates": [[[-100.43902, 25.8025], [-100.43868, 25.80254], [-100.43836, 25.80185], [-100.43868, 25.80174], [-100.43902, 25.8025]]]}}, {"id": "1438920", "type": "Feature", "properties": {"id": "1438920", "CVEGEO": "1901801051116001", "POBTOT": 48.0, "score_nse": 54.9429, "NSE": "C-", "VIVTOT": 14.0, "GRAPROES": 9.7, "_ent": "19", "_mun": "018", "_loc": "0105"}, "geometry": {"type": "Polygon", "coordinates": [[[-100.43929, 25.80246], [-100.43909, 25.80249], [-100.43874, 25.80172], [-100.43892, 25.80165], [-100.43929, 25.80246]]]}}, {"id": "1438921", "type": "Feature", "properties": {"id": "1438921", "CVEGEO": "1901801051027023", "POBTOT": 0.0, "score_nse": 10.0, "NSE": "E", "VIVTOT": 2.0, "GRAPROES": 0.0, "_ent": "19", "_mun": "018", "_loc": "0105"}, "geometry": {"type": "Polygon", "coordinates": [[[-100.43399, 25.80315], [-100.43405, 25.80328], [-100.43354, 25.80358], [-100.42934, 25.80432], [-100.42881, 25.80314], [-100.43059, 25.80249], [-100.43104, 25.80347], [-100.43261, 25.80323], [-100.43279, 25.80363], [-100.43399, 25.80315]]]}}, {"id": "1438922", "type": "Feature", "properties": {"id": "1438922", "CVEGEO": "1901801051027021", "POBTOT": 16.0, "score_nse": 0.0, "NSE": "ND", "VIVTOT": 11.0, "GRAPROES": 9.58, "_ent": "19", "_mun": "018", "_loc": "0105"}, "geometry": {"type": "Polygon", "coordinates": [[[-100.42969, 25.80502], [-100.42983, 25.80497], [-100.43018, 25.80574], [-100.43003, 25.80577], [-100.42969, 25.80502]]]}}, {"id": "1438923", "type": "Feature", "properties": {"id": "1438923", "CVEGEO": "1901801050902008", "POBTOT": 28.0, "score_nse": 59.8293, "NSE": "C", "VIVTOT": 15.0, "GRAPROES": 10.37, "_ent": "19", "_mun": "018", "_loc": "0105"}, "geometry": {"type": "Polygon", "coordinates": [[[-100.43303, 25.79515], [-100.43364, 25.79493], [-100.43371, 25.79524], [-100.43315, 25.79543], [-100.43303, 25.79515]]]}}, {"id": "1438924", "type": "Feature", "properties": {"id": "1438924", "CVEGEO": "1901801050902006", "POBTOT": 33.0, "score_nse": 48.698, "NSE": "C-", "VIVTOT": 12.0, "GRAPROES": 9.05, "_ent": "19", "_mun": "018", "_loc": "0105"}, "geometry": {"type": "Polygon", "coordinates": [[[-100.43374, 25.79543], [-100.43377, 25.79575], [-100.43337, 25.79591], [-100.43324, 25.79563], [-100.43374, 25.79543]]]}}, {"id": "1438925", "type": "Feature", "properties": {"id": "1438925", "CVEGEO": "1901801050902004", "POBTOT": 150.0, "score_nse": 53.4622, "NSE": "C-", "VIVTOT": 58.0, "GRAPROES": 9.37, "_ent": "19", "_mun": "018", "_loc": "0105"}, "geometry": {"type": "Polygon", "coordinates": [[[-100.43332, 25.79601], [-100.43345, 25.79629], [-100.43179, 25.7969], [-100.43166, 25.79661], [-100.43332, 25.79601]]]}}, {"id": "1438926", "type": "Feature", "properties": {"id": "1438926", "CVEGEO": "1901801050902003", "POBTOT": 33.0, "score_nse": 0.0, "NSE": "ND", "VIVTOT": 10.0, "GRAPROES": 10.16, "_ent": "19", "_mun": "018", "_loc": "0105"}, "geometry": {"type": "Polygon", "coordinates": [[[-100.4334, 25.79597], [-100.43378, 25.79583], [-100.43384, 25.79614], [-100.43353, 25.79626], [-100.4334, 25.79597]]]}}, {"id": "1438927", "type": "Feature", "properties": {"id": "1438927", "CVEGEO": "1901801050620036", "POBTOT": 138.0, "score_nse": 56.2736, "NSE": "C", "VIVTOT": 46.0, "GRAPROES": 9.66, "_ent": "19", "_mun": "018", "_loc": "0105"}, "geometry": {"type": "Polygon", "coordinates": [[[-100.43048, 25.7956], [-100.42889, 25.79618], [-100.42878, 25.79593], [-100.43037, 25.79535], [-100.43048, 25.7956]]]}}, {"id": "1438928", "type": "Feature", "properties": {"id": "1438928", "CVEGEO": "1901801050616031", "POBTOT": 499.0, "score_nse": 63.9762, "NSE": "C", "VIVTOT": 177.0, "GRAPROES": 10.74, "_ent": "19", "_mun": "018", "_loc": "0105"}, "geometry": {"type": "Polygon", "coordinates": [[[-100.46639, 25.78492], [-100.4667, 25.78451], [-100.4654, 25.78422], [-100.46549, 25.78393], [-100.46719, 25.78428], [-100.46564, 25.78622], [-100.46535, 25.78595], [-100.46419, 25.78571], [-100.46405, 25.78582], [-100.46382, 25.78561], [-100.46278, 25.78538], [-100.463, 25.78418], [-100.46639, 25.78492]]]}}, {"id": "1438929", "type": "Feature", "properties": {"id": "1438929", "CVEGEO": "1901801050616028", "POBTOT": 84.0, "score_nse": 0.0, "NSE": "ND", "VIVTOT": 31.0, "GRAPROES": 10.76, "_ent": "19", "_mun": "018", "_loc": "0105"}, "geometry": {"type": "Polygon", "coordinates": [[[-100.46264, 25.78557], [-100.4626, 25.78587], [-100.46156, 25.78571], [-100.46161, 25.78542], [-100.46264, 25.78557]]]}}, {"id": "1438930", "type": "Feature", "properties": {"id": "1438930", "CVEGEO": "1901801050160025", "POBTOT": 102.0, "score_nse": 69.684, "NSE": "C", "VIVTOT": 50.0, "GRAPROES": 12.59, "_ent": "19", "_mun": "018", "_loc": "0105"}, "geometry": {"type": "Polygon", "coordinates": [[[-100.45756, 25.78586], [-100.45751, 25.78613], [-100.45595, 25.78589], [-100.456, 25.78563], [-100.45756, 25.78586]]]}}, {"id": "1438931", "type": "Feature", "properties": {"id": "1438931", "CVEGEO": "1901801050160024", "POBTOT": 70.0, "score_nse": 76.9311, "NSE": "C+", "VIVTOT": 26.0, "GRAPROES": 12.39, "_ent": "19", "_mun": "018", "_loc": "0105"}, "geometry": {"type": "Polygon", "coordinates": [[[-100.45788, 25.78637], [-100.4576, 25.78633], [-100.45775, 25.78554], [-100.45803, 25.78558], [-100.45788, 25.78637]]]}}, {"id": "1438932", "type": "Feature", "properties": {"id": "1438932", "CVEGEO": "1901801050160023", "POBTOT": 80.0, "score_nse": 76.4398, "NSE": "C+", "VIVTOT": 34.0, "GRAPROES": 13.13, "_ent": "19", "_mun": "018", "_loc": "0105"}, "geometry": {"type": "Polygon", "coordinates": [[[-100.45589, 25.78623], [-100.45594, 25.78597], [-100.45705, 25.78614], [-100.457, 25.7864], [-100.45589, 25.78623]]]}}, {"id": "1438933", "type": "Feature", "properties": {"id": "1438933", "CVEGEO": "1901801050160022", "POBTOT": 99.0, "score_nse": 78.6169, "NSE": "C+", "VIVTOT": 34.0, "GRAPROES": 13.09, "_ent": "19", "_mun": "018", "_loc": "0105"}, "geometry": {"type": "Polygon", "coordinates": [[[-100.45582, 25.78658], [-100.45587, 25.78633], [-100.45697, 25.7865], [-100.45693, 25.78675], [-100.45582, 25.78658]]]}}, {"id": "1438934", "type": "Feature", "properties": {"id": "1438934", "CVEGEO": "1901801050160021", "POBTOT": 90.0, "score_nse": 71.4847, "NSE": "C+", "VIVTOT": 34.0, "GRAPROES": 12.33, "_ent": "19", "_mun": "018", "_loc": "0105"}, "geometry": {"type": "Polygon", "coordinates": [[[-100.45576, 25.78694], [-100.45581, 25.78668], [-100.45692, 25.78684], [-100.45687, 25.7871], [-100.45576, 25.78694]]]}}, {"id": "1438935", "type": "Feature", "properties": {"id": "1438935", "CVEGEO": "1901801050160020", "POBTOT": 0.0, "score_nse": 0.0, "NSE": "ND", "VIVTOT": 0.0, "GRAPROES": 0.0, "_ent": "19", "_mun": "018", "_loc": "0105"}, "geometry": {"type": "Polygon", "coordinates": [[[-100.45713, 25.78617], [-100.45749, 25.78622], [-100.45727, 25.78667], [-100.45731, 25.78714], [-100.45696, 25.78709], [-100.45713, 25.78617]]]}}, {"id": "1438936", "type": "Feature", "properties": {"id": "1438936", "CVEGEO": "1901801050160019", "POBTOT": 109.0, "score_nse": 0.0, "NSE": "ND", "VIVTOT": 50.0, "GRAPROES": 12.6, "_ent": "19", "_mun": "018", "_loc": "0105"}, "geometry": {"type": "Polygon", "coordinates": [[[-100.45569, 25.78736], [-100.45722, 25.78759], [-100.45718, 25.78785], [-100.45564, 25.78762], [-100.45569, 25.78736]]]}}, {"id": "1439256", "type": "Feature", "properties": {"id": "1439256", "CVEGEO": "1901801051262022", "POBTOT": 249.0, "score_nse": 60.1675, "NSE": "C", "VIVTOT": 94.0, "GRAPROES": 10.68, "_ent": "19", "_mun": "018", "_loc": "0105"}, "geometry": {"type": "Polygon", "coordinates": [[[-100.44009, 25.80485], [-100.43779, 25.80517], [-100.43775, 25.80491], [-100.43997, 25.80458], [-100.44009, 25.80485]]]}}, {"id": "1439306", "type": "Feature", "properties": {"id": "1439306", "CVEGEO": "1901801051027011", "POBTOT": 127.0, "score_nse": 55.1674, "NSE": "C", "VIVTOT": 54.0, "GRAPROES": 10.0, "_ent": "19", "_mun": "018", "_loc": "0105"}, "geometry": {"type": "Polygon", "coordinates": [[[-100.43045, 25.80611], [-100.43242, 25.80578], [-100.43251, 25.80604], [-100.43056, 25.80637], [-100.43045, 25.80611]]]}}, {"id": "1439329", "type": "Feature", "properties": {"id": "1439329", "CVEGEO": "1901801051027001", "POBTOT": 113.0, "score_nse": 53.0063, "NSE": "C-", "VIVTOT": 35.0, "GRAPROES": 9.3, "_ent": "19", "_mun": "018", "_loc": "0105"}, "geometry": {"type": "Polygon", "coordinates": [[[-100.43579, 25.80673], [-100.43319, 25.80718], [-100.43316, 25.80704], [-100.43573, 25.80661], [-100.43579, 25.80673]]]}}, {"id": "1439407", "type": "Feature", "properties": {"id": "1439407", "CVEGEO": "1901801051154014", "POBTOT": 179.0, "score_nse": 42.8483, "NSE": "C-", "VIVTOT": 103.0, "GRAPROES": 8.29, "_ent": "19", "_mun": "018", "_loc": "0105"}, "geometry": {"type": "Polygon", "coordinates": [[[-100.42546, 25.80671], [-100.42532, 25.80643], [-100.42698, 25.80584], [-100.42709, 25.80611], [-100.42546, 25.80671]]]}}, {"id": "1439408", "type": "Feature", "properties": {"id": "1439408", "CVEGEO": "1901801051154013", "POBTOT": 181.0, "score_nse": 44.8964, "NSE": "C-", "VIVTOT": 90.0, "GRAPROES": 9.2, "_ent": "19", "_mun": "018", "_loc": "0105"}, "geometry": {"type": "Polygon", "coordinates": [[[-100.42589, 25.80697], [-100.42575, 25.80669], [-100.42713, 25.80618], [-100.42726, 25.80646], [-100.42589, 25.80697]]]}}, {"id": "1439409", "type": "Feature", "properties": {"id": "1439409", "CVEGEO": "1901801051027002", "POBTOT": 136.0, "score_nse": 49.3083, "NSE": "C-", "VIVTOT": 65.0, "GRAPROES": 9.64, "_ent": "19", "_mun": "018", "_loc": "0105"}, "geometry": {"type": "Polygon", "coordinates": [[[-100.43309, 25.80671], [-100.43542, 25.80631], [-100.43553, 25.80655], [-100.43314, 25.80696], [-100.43309, 25.80671]]]}}, {"id": "1439410", "type": "Feature", "properties": {"id": "1439410", "CVEGEO": "1901801050616002", "POBTOT": 29.0, "score_nse": 0.0, "NSE": "ND", "VIVTOT": 20.0, "GRAPROES": 10.59, "_ent": "19", "_mun": "018", "_loc": "0105"}, "geometry": {"type": "Polygon", "coordinates": [[[-100.46091, 25.79082], [-100.46212, 25.79064], [-100.46224, 25.79077], [-100.4609, 25.79098], [-100.46091, 25.79082]]]}}, {"id": "1439411", "type": "Feature", "properties": {"id": "1439411", "CVEGEO": "1901801050160039", "POBTOT": 143.0, "score_nse": 76.14, "NSE": "C+", "VIVTOT": 50.0, "GRAPROES": 11.7, "_ent": "19", "_mun": "018", "_loc": "0105"}, "geometry": {"type": "Polygon", "coordinates": [[[-100.45574, 25.78702], [-100.45729, 25.78725], [-100.45724, 25.78752], [-100.45569, 25.78728], [-100.45574, 25.78702]]]}}, {"id": "1439412", "type": "Feature", "properties": {"id": "1439412", "CVEGEO": "1901801050160038", "POBTOT": 114.0, "score_nse": 0.0, "NSE": "ND", "VIVTOT": 50.0, "GRAPROES": 12.51, "_ent": "19", "_mun": "018", "_loc": "0105"}, "geometry": {"type": "Polygon", "coordinates": [[[-100.45811, 25.78273], [-100.45807, 25.78298], [-100.45652, 25.78276], [-100.45657, 25.7825], [-100.45811, 25.78273]]]}}, {"id": "1439438", "type": "Feature", "properties": {"id": "1439438", "CVEGEO": "1901801051262013", "POBTOT": 109.0, "score_nse": 56.6606, "NSE": "C", "VIVTOT": 38.0, "GRAPROES": 9.28, "_ent": "19", "_mun": "018", "_loc": "0105"}, "geometry": {"type": "Polygon", "coordinates": [[[-100.44074, 25.80389], [-100.44041, 25.80393], [-100.43993, 25.80282], [-100.44025, 25.80278], [-100.44074, 25.80389]]]}}, {"id": "1439475", "type": "Feature", "properties": {"id": "1439475", "CVEGEO": "1901801050160016", "POBTOT": 96.0, "score_nse": 76.11, "NSE": "C+", "VIVTOT": 40.0, "GRAPROES": 13.25, "_ent": "19", "_mun": "018", "_loc": "0105"}, "geometry": {"type": "Polygon", "coordinates": [[[-100.45773, 25.78713], [-100.45751, 25.78826], [-100.45725, 25.78822], [-100.45745, 25.78709], [-100.45773, 25.78713]]]}}, {"id": "1439514", "type": "Feature", "properties": {"id": "1439514", "CVEGEO": "1901801051351005", "POBTOT": 86.0, "score_nse": 53.6937, "NSE": "C-", "VIVTOT": 28.0, "GRAPROES": 9.17, "_ent": "19", "_mun": "018", "_loc": "0105"}, "geometry": {"type": "Polygon", "coordinates": [[[-100.44396, 25.80421], [-100.44366, 25.80431], [-100.44329, 25.80349], [-100.44357, 25.80339], [-100.44396, 25.80421]]]}}, {"id": "1439515", "type": "Feature", "properties": {"id": "1439515", "CVEGEO": "1901801051351011", "POBTOT": 76.0, "score_nse": 59.8578, "NSE": "C", "VIVTOT": 36.0, "GRAPROES": 10.0, "_ent": "19", "_mun": "018", "_loc": "0105"}, "geometry": {"type": "Polygon", "coordinates": [[[-100.44317, 25.80343], [-100.4429, 25.80352], [-100.44242, 25.80249], [-100.44271, 25.80245], [-100.44317, 25.80343]]]}}, {"id": "1439516", "type": "Feature", "properties": {"id": "1439516", "CVEGEO": "1901801051351006", "POBTOT": 51.0, "score_nse": 50.7987, "NSE": "C-", "VIVTOT": 30.0, "GRAPROES": 8.41, "_ent": "19", "_mun": "018", "_loc": "0105"}, "geometry": {"type": "Polygon", "coordinates": [[[-100.44358, 25.80434], [-100.4433, 25.80444], [-100.44292, 25.80362], [-100.44319, 25.80352], [-100.44358, 25.80434]]]}}, {"id": "1439517", "type": "Feature", "properties": {"id": "1439517", "CVEGEO": "1901801051262001", "POBTOT": 71.0, "score_nse": 57.7471, "NSE": "C", "VIVTOT": 26.0, "GRAPROES": 8.78, "_ent": "19", "_mun": "018", "_loc": "0105"}, "geometry": {"type": "Polygon", "coordinates": [[[-100.44321, 25.80447], [-100.44288, 25.80458], [-100.44198, 25.80252], [-100.44231, 25.80249], [-100.44321, 25.80447]]]}}, {"id": "1439518", "type": "Feature", "properties": {"id": "1439518", "CVEGEO": "1901801051262002", "POBTOT": 84.0, "score_nse": 57.1457, "NSE": "C", "VIVTOT": 33.0, "GRAPROES": 8.63, "_ent": "19", "_mun": "018", "_loc": "0105"}, "geometry": {"type": "Polygon", "coordinates": [[[-100.4428, 25.8046], [-100.4425, 25.80469], [-100.44209, 25.80376], [-100.4424, 25.80371], [-100.4428, 25.8046]]]}}, {"id": "1439519", "type": "Feature", "properties": {"id": "1439519", "CVEGEO": "1901801051116007", "POBTOT": 134.0, "score_nse": 57.6415, "NSE": "C", "VIVTOT": 38.0, "GRAPROES": 8.67, "_ent": "19", "_mun": "018", "_loc": "0105"}, "geometry": {"type": "Polygon", "coordinates": [[[-100.43424, 25.80314], [-100.43886, 25.80145], [-100.43892, 25.80157], [-100.43687, 25.8023], [-100.43713, 25.80284], [-100.43465, 25.80339], [-100.43424, 25.80314]]]}}, {"id": "1439520", "type": "Feature", "properties": {"id": "1439520", "CVEGEO": "1901801051116006", "POBTOT": 49.0, "score_nse": 57.028, "NSE": "C", "VIVTOT": 13.0, "GRAPROES": 9.33, "_ent": "19", "_mun": "018", "_loc": "0105"}, "geometry": {"type": "Polygon", "coordinates": [[[-100.43744, 25.80276], [-100.43717, 25.80283], [-100.43693, 25.80234], [-100.43723, 25.80225], [-100.43744, 25.80276]]]}}, {"id": "1439521", "type": "Feature", "properties": {"id": "1439521", "CVEGEO": "1901801051116005", "POBTOT": 34.0, "score_nse": 0.0, "NSE": "ND", "VIVTOT": 17.0, "GRAPROES": 10.23, "_ent": "19", "_mun": "018", "_loc": "0105"}, "geometry": {"type": "Polygon", "coordinates": [[[-100.43751, 25.80275], [-100.43729, 25.80223], [-100.43758, 25.80214], [-100.43781, 25.80269], [-100.43751, 25.80275]]]}}, {"id": "1439522", "type": "Feature", "properties": {"id": "1439522", "CVEGEO": "1901801051027012", "POBTOT": 89.0, "score_nse": 52.9044, "NSE": "C-", "VIVTOT": 38.0, "GRAPROES": 10.48, "_ent": "19", "_mun": "018", "_loc": "0105"}, "geometry": {"type": "Polygon", "coordinates": [[[-100.4345, 25.80486], [-100.43298, 25.80532], [-100.43277, 25.8053], [-100.43252, 25.80502], [-100.43442, 25.80465], [-100.43408, 25.80401], [-100.43221, 25.80431], [-100.43214, 25.80416], [-100.43439, 25.80386], [-100.43473, 25.8046], [-100.4345, 25.80486]]]}}, {"id": "1439523", "type": "Feature", "properties": {"id": "1439523", "CVEGEO": "1901801051027010", "POBTOT": 32.0, "score_nse": 48.1, "NSE": "C-", "VIVTOT": 14.0, "GRAPROES": 10.19, "_ent": "19", "_mun": "018", "_loc": "0105"}, "geometry": {"type": "Polygon", "coordinates": [[[-100.43262, 25.80602], [-100.43222, 25.80509], [-100.43241, 25.80505], [-100.43272, 25.80537], [-100.43281, 25.80599], [-100.43262, 25.80602]]]}}, {"id": "1439524", "type": "Feature", "properties": {"id": "1439524", "CVEGEO": "1901801051027009", "POBTOT": 15.0, "score_nse": 0.0, "NSE": "ND", "VIVTOT": 5.0, "GRAPROES": 11.56, "_ent": "19", "_mun": "018", "_loc": "0105"}, "geometry": {"type": "Polygon", "coordinates": [[[-100.43292, 25.80597], [-100.43303, 25.80541], [-100.43335, 25.8052], [-100.43477, 25.80501], [-100.43497, 25.80504], [-100.43506, 25.80526], [-100.43334, 25.80555], [-100.43335, 25.80589], [-100.43292, 25.80597]]]}}, {"id": "1439525", "type": "Feature", "properties": {"id": "1439525", "CVEGEO": "1901801051027008", "POBTOT": 122.0, "score_nse": 56.1313, "NSE": "C", "VIVTOT": 44.0, "GRAPROES": 9.67, "_ent": "19", "_mun": "018", "_loc": "0105"}, "geometry": {"type": "Polygon", "coordinates": [[[-100.43339, 25.80563], [-100.43499, 25.80536], [-100.4351, 25.80559], [-100.43344, 25.80589], [-100.43339, 25.80563]]]}}, {"id": "1439526", "type": "Feature", "properties": {"id": "1439526", "CVEGEO": "1901801051027007", "POBTOT": 166.0, "score_nse": 55.8753, "NSE": "C", "VIVTOT": 60.0, "GRAPROES": 10.1, "_ent": "19", "_mun": "018", "_loc": "0105"}, "geometry": {"type": "Polygon", "coordinates": [[[-100.43059, 25.80643], [-100.43282, 25.80607], [-100.43288, 25.80632], [-100.4307, 25.8067], [-100.43059, 25.80643]]]}}, {"id": "1439527", "type": "Feature", "properties": {"id": "1439527", "CVEGEO": "1901801051027006", "POBTOT": 165.0, "score_nse": 57.8902, "NSE": "C", "VIVTOT": 58.0, "GRAPROES": 9.59, "_ent": "19", "_mun": "018", "_loc": "0105"}, "geometry": {"type": "Polygon", "coordinates": [[[-100.43293, 25.80604], [-100.43514, 25.80566], [-100.43525, 25.80593], [-100.433, 25.8063], [-100.43293, 25.80604]]]}}, {"id": "1439528", "type": "Feature", "properties": {"id": "1439528", "CVEGEO": "1901801051027005", "POBTOT": 151.0, "score_nse": 56.4156, "NSE": "C", "VIVTOT": 58.0, "GRAPROES": 9.98, "_ent": "19", "_mun": "018", "_loc": "0105"}, "geometry": {"type": "Polygon", "coordinates": [[[-100.43073, 25.80676], [-100.43289, 25.80639], [-100.43296, 25.80666], [-100.43085, 25.80701], [-100.43073, 25.80676]]]}}, {"id": "1439529", "type": "Feature", "properties": {"id": "1439529", "CVEGEO": "1901801051027004", "POBTOT": 171.0, "score_nse": 51.6994, "NSE": "C-", "VIVTOT": 62.0, "GRAPROES": 9.65, "_ent": "19", "_mun": "018", "_loc": "0105"}, "geometry": {"type": "Polygon", "coordinates": [[[-100.43302, 25.80637], [-100.43527, 25.80599], [-100.43539, 25.80625], [-100.43308, 25.80664], [-100.43302, 25.80637]]]}}, {"id": "1439530", "type": "Feature", "properties": {"id": "1439530", "CVEGEO": "1901801051027003", "POBTOT": 147.0, "score_nse": 54.699, "NSE": "C-", "VIVTOT": 56.0, "GRAPROES": 9.83, "_ent": "19", "_mun": "018", "_loc": "0105"}, "geometry": {"type": "Polygon", "coordinates": [[[-100.43088, 25.80708], [-100.43298, 25.80672], [-100.43302, 25.80697], [-100.43097, 25.80732], [-100.43088, 25.80708]]]}}, {"id": "1439531", "type": "Feature", "properties": {"id": "1439531", "CVEGEO": "1901801050832001", "POBTOT": 424.0, "score_nse": 0.0, "NSE": "ND", "VIVTOT": 176.0, "GRAPROES": 9.4, "_ent": "19", "_mun": "018", "_loc": "0105"}, "geometry": {"type": "Polygon", "coordinates": [[[-100.43928, 25.80208], [-100.43903, 25.80151], [-100.43917, 25.80146], [-100.43931, 25.80175], [-100.44357, 25.80025], [-100.44297, 25.79893], [-100.4431, 25.79887], [-100.44376, 25.80034], [-100.44242, 25.8008], [-100.44247, 25.80096], [-100.43928, 25.80208]]]}}, {"id": "1439532", "type": "Feature", "properties": {"id": "1439532", "CVEGEO": "1901801050724010", "POBTOT": 71.0, "score_nse": 0.0, "NSE": "ND", "VIVTOT": 22.0, "GRAPROES": 9.37, "_ent": "19", "_mun": "018", "_loc": "0105"}, "geometry": {"type": "Polygon", "coordinates": [[[-100.43484, 25.7997], [-100.4345, 25.79892], [-100.43477, 25.79882], [-100.43511, 25.7996], [-100.43484, 25.7997]]]}}, {"id": "1439533", "type": "Feature", "properties": {"id": "1439533", "CVEGEO": "1901801050616046", "POBTOT": 104.0, "score_nse": 66.0842, "NSE": "C", "VIVTOT": 34.0, "GRAPROES": 10.49, "_ent": "19", "_mun": "018", "_loc": "0105"}, "geometry": {"type": "Polygon", "coordinates": [[[-100.46316, 25.78291], [-100.46212, 25.78268], [-100.46216, 25.78242], [-100.46324, 25.78267], [-100.46316, 25.78291]]]}}, {"id": "1439534", "type": "Feature", "properties": {"id": "1439534", "CVEGEO": "1901801050616034", "POBTOT": 92.0, "score_nse": 57.1649, "NSE": "C", "VIVTOT": 44.0, "GRAPROES": 10.62, "_ent": "19", "_mun": "018", "_loc": "0105"}, "geometry": {"type": "Polygon", "coordinates": [[[-100.46823, 25.78538], [-100.46804, 25.78561], [-100.46687, 25.78488], [-100.46704, 25.78464], [-100.46823, 25.78538]]]}}, {"id": "1439535", "type": "Feature", "properties": {"id": "1439535", "CVEGEO": "1901801050160037", "POBTOT": 57.0, "score_nse": 77.8917, "NSE": "C+", "VIVTOT": 26.0, "GRAPROES": 13.56, "_ent": "19", "_mun": "018", "_loc": "0105"}, "geometry": {"type": "Polygon", "coordinates": [[[-100.45825, 25.78274], [-100.45852, 25.78279], [-100.45838, 25.78357], [-100.4581, 25.78353], [-100.45825, 25.78274]]]}}, {"id": "1439536", "type": "Feature", "properties": {"id": "1439536", "CVEGEO": "1901801050160036", "POBTOT": 131.0, "score_nse": 76.38, "NSE": "C+", "VIVTOT": 50.0, "GRAPROES": 13.27, "_ent": "19", "_mun": "018", "_loc": "0105"}, "geometry": {"type": "Polygon", "coordinates": [[[-100.45806, 25.78307], [-100.45802, 25.78333], [-100.45646, 25.7831], [-100.45651, 25.78284], [-100.45806, 25.78307]]]}}, {"id": "1439537", "type": "Feature", "properties": {"id": "1439537", "CVEGEO": "1901801050160035", "POBTOT": 84.0, "score_nse": 73.3654, "NSE": "C+", "VIVTOT": 34.0, "GRAPROES": 12.79, "_ent": "19", "_mun": "018", "_loc": "0105"}, "geometry": {"type": "Polygon", "coordinates": [[[-100.4564, 25.78346], [-100.45644, 25.78321], [-100.45753, 25.78337], [-100.45749, 25.78362], [-100.4564, 25.78346]]]}}, {"id": "1439538", "type": "Feature", "properties": {"id": "1439538", "CVEGEO": "1901801050160017", "POBTOT": 128.0, "score_nse": 0.0, "NSE": "ND", "VIVTOT": 50.0, "GRAPROES": 12.37, "_ent": "19", "_mun": "018", "_loc": "0105"}, "geometry": {"type": "Polygon", "coordinates": [[[-100.45561, 25.78772], [-100.45716, 25.78794], [-100.45711, 25.7882], [-100.45557, 25.78796], [-100.45561, 25.78772]]]}}, {"id": "1440119", "type": "Feature", "properties": {"id": "1440119", "CVEGEO": "1901801051262033", "POBTOT": 258.0, "score_nse": 56.2729, "NSE": "C", "VIVTOT": 98.0, "GRAPROES": 10.49, "_ent": "19", "_mun": "018", "_loc": "0105"}, "geometry": {"type": "Polygon", "coordinates": [[[-100.44024, 25.80528], [-100.44033, 25.80552], [-100.43796, 25.80585], [-100.43789, 25.80561], [-100.44024, 25.80528]]]}}, {"id": "1440120", "type": "Feature", "properties": {"id": "1440120", "CVEGEO": "1901801051262031", "POBTOT": 242.0, "score_nse": 55.2368, "NSE": "C", "VIVTOT": 101.0, "GRAPROES": 10.35, "_ent": "19", "_mun": "018", "_loc": "0105"}, "geometry": {"type": "Polygon", "coordinates": [[[-100.4404, 25.80562], [-100.4405, 25.80587], [-100.43807, 25.8062], [-100.43803, 25.80596], [-100.4404, 25.80562]]]}}, {"id": "1440121", "type": "Feature", "properties": {"id": "1440121", "CVEGEO": "1901801051262030", "POBTOT": 247.0, "score_nse": 0.0, "NSE": "ND", "VIVTOT": 124.0, "GRAPROES": 10.52, "_ent": "19", "_mun": "018", "_loc": "0105"}, "geometry": {"type": "Polygon", "coordinates": [[[-100.44028, 25.80455], [-100.44091, 25.80599], [-100.43592, 25.80671], [-100.43586, 25.80658], [-100.44059, 25.80592], [-100.44005, 25.80459], [-100.44028, 25.80455]]]}}, {"id": "1440122", "type": "Feature", "properties": {"id": "1440122", "CVEGEO": "190180105139A011", "POBTOT": 0.0, "score_nse": 0.0, "NSE": "ND", "VIVTOT": 0.0, "GRAPROES": 0.0, "_ent": "19", "_mun": "018", "_loc": "0105"}, "geometry": {"type": "Polygon", "coordinates": [[[-100.47021, 25.77494], [-100.46991, 25.77661], [-100.46806, 25.77629], [-100.46837, 25.77464], [-100.47021, 25.77494]]]}}, {"id": "1440123", "type": "Feature", "properties": {"id": "1440123", "CVEGEO": "190180105139A009", "POBTOT": 118.0, "score_nse": 0.0, "NSE": "ND", "VIVTOT": 50.0, "GRAPROES": 12.46, "_ent": "19", "_mun": "018", "_loc": "0105"}, "geometry": {"type": "Polygon", "coordinates": [[[-100.46838, 25.77702], [-100.46827, 25.77767], [-100.46805, 25.77763], [-100.46821, 25.7768], [-100.46956, 25.77701], [-100.46952, 25.77731], [-100.46838, 25.77702]]]}}, {"id": "1440124", "type": "Feature", "properties": {"id": "1440124", "CVEGEO": "190180105139A008", "POBTOT": 85.0, "score_nse": 0.0, "NSE": "ND", "VIVTOT": 36.0, "GRAPROES": 13.43, "_ent": "19", "_mun": "018", "_loc": "0105"}, "geometry": {"type": "Polygon", "coordinates": [[[-100.46948, 25.77737], [-100.46943, 25.77768], [-100.46836, 25.77749], [-100.46842, 25.77719], [-100.46948, 25.77737]]]}}, {"id": "1440125", "type": "Feature", "properties": {"id": "1440125", "CVEGEO": "190180105139A007", "POBTOT": 66.0, "score_nse": 80.092, "NSE": "C+", "VIVTOT": 20.0, "GRAPROES": 12.03, "_ent": "19", "_mun": "018", "_loc": "0105"}, "geometry": {"type": "Polygon", "coordinates": [[[-100.46942, 25.77776], [-100.46937, 25.77806], [-100.4683, 25.77788], [-100.46836, 25.77757], [-100.46942, 25.77776]]]}}, {"id": "1440126", "type": "Feature", "properties": {"id": "1440126", "CVEGEO": "190180105139A006", "POBTOT": 90.0, "score_nse": 77.7029, "NSE": "C+", "VIVTOT": 35.0, "GRAPROES": 12.98, "_ent": "19", "_mun": "018", "_loc": "0105"}, "geometry": {"type": "Polygon", "coordinates": [[[-100.46935, 25.77812], [-100.4693, 25.77844], [-100.46822, 25.77825], [-100.46828, 25.77795], [-100.46935, 25.77812]]]}}, {"id": "1440127", "type": "Feature", "properties": {"id": "1440127", "CVEGEO": "190180105139A005", "POBTOT": 96.0, "score_nse": 79.2229, "NSE": "C+", "VIVTOT": 35.0, "GRAPROES": 13.28, "_ent": "19", "_mun": "018", "_loc": "0105"}, "geometry": {"type": "Polygon", "coordinates": [[[-100.46928, 25.77851], [-100.46922, 25.77883], [-100.46815, 25.77865], [-100.46822, 25.77832], [-100.46928, 25.77851]]]}}, {"id": "1440128", "type": "Feature", "properties": {"id": "1440128", "CVEGEO": "190180105139A002", "POBTOT": 0.0, "score_nse": 0.0, "NSE": "ND", "VIVTOT": 0.0, "GRAPROES": 0.0, "_ent": "19", "_mun": "018", "_loc": "0105"}, "geometry": {"type": "Polygon", "coordinates": [[[-100.46686, 25.78261], [-100.46719, 25.78091], [-100.46748, 25.78218], [-100.46729, 25.78267], [-100.46686, 25.78261]]]}}, {"id": "1440151", "type": "Feature", "properties": {"id": "1440151", "CVEGEO": "1901801050902013", "POBTOT": 77.0, "score_nse": 0.0, "NSE": "ND", "VIVTOT": 27.0, "GRAPROES": 9.16, "_ent": "19", "_mun": "018", "_loc": "0105"}, "geometry": {"type": "Polygon", "coordinates": [[[-100.43066, 25.79496], [-100.43128, 25.79474], [-100.43105, 25.79418], [-100.43013, 25.79381], [-100.43012, 25.79366], [-100.43192, 25.79462], [-100.43069, 25.79507], [-100.43066, 25.79496]]]}}, {"id": "1440152", "type": "Feature", "properties": {"id": "1440152", "CVEGEO": "1901801050724037", "POBTOT": 119.0, "score_nse": 50.0965, "NSE": "C-", "VIVTOT": 57.0, "GRAPROES": 9.43, "_ent": "19", "_mun": "018", "_loc": "0105"}, "geometry": {"type": "Polygon", "coordinates": [[[-100.44152, 25.79611], [-100.4417, 25.79632], [-100.43973, 25.79701], [-100.43963, 25.79677], [-100.44152, 25.79611]]]}}, {"id": "1440153", "type": "Feature", "properties": {"id": "1440153", "CVEGEO": "1901801050724018", "POBTOT": 159.0, "score_nse": 58.867, "NSE": "C", "VIVTOT": 58.0, "GRAPROES": 9.69, "_ent": "19", "_mun": "018", "_loc": "0105"}, "geometry": {"type": "Polygon", "coordinates": [[[-100.43968, 25.79711], [-100.43978, 25.79736], [-100.43777, 25.79807], [-100.43767, 25.79782], [-100.43968, 25.79711]]]}}, {"id": "1440154", "type": "Feature", "properties": {"id": "1440154", "CVEGEO": "1901801050620027", "POBTOT": 104.0, "score_nse": 46.68, "NSE": "C-", "VIVTOT": 50.0, "GRAPROES": 9.13, "_ent": "19", "_mun": "018", "_loc": "0105"}, "geometry": {"type": "Polygon", "coordinates": [[[-100.42943, 25.79786], [-100.42932, 25.7976], [-100.43109, 25.79695], [-100.4312, 25.7972], [-100.42943, 25.79786]]]}}, {"id": "1440155", "type": "Feature", "properties": {"id": "1440155", "CVEGEO": "1901801050620018", "POBTOT": 113.0, "score_nse": 0.0, "NSE": "ND", "VIVTOT": 52.0, "GRAPROES": 9.81, "_ent": "19", "_mun": "018", "_loc": "0105"}, "geometry": {"type": "Polygon", "coordinates": [[[-100.42803, 25.80064], [-100.42985, 25.79998], [-100.42996, 25.80023], [-100.42814, 25.80088], [-100.42803, 25.80064]]]}}, {"id": "1440156", "type": "Feature", "properties": {"id": "1440156", "CVEGEO": "1901801050616016", "POBTOT": 60.0, "score_nse": 53.8496, "NSE": "C-", "VIVTOT": 27.0, "GRAPROES": 10.36, "_ent": "19", "_mun": "018", "_loc": "0105"}, "geometry": {"type": "Polygon", "coordinates": [[[-100.46434, 25.78733], [-100.46409, 25.78754], [-100.46346, 25.78695], [-100.46371, 25.78674], [-100.46434, 25.78733]]]}}, {"id": "1440157", "type": "Feature", "properties": {"id": "1440157", "CVEGEO": "1901801050616014", "POBTOT": 259.0, "score_nse": 59.6604, "NSE": "C", "VIVTOT": 92.0, "GRAPROES": 9.87, "_ent": "19", "_mun": "018", "_loc": "0105"}, "geometry": {"type": "Polygon", "coordinates": [[[-100.461, 25.78755], [-100.46198, 25.78203], [-100.46293, 25.78216], [-100.46324, 25.78253], [-100.46203, 25.78224], [-100.46192, 25.78271], [-100.46204, 25.78274], [-100.46177, 25.78351], [-100.46189, 25.78352], [-100.46184, 25.78384], [-100.46172, 25.78382], [-100.46162, 25.78497], [-100.46149, 25.78502], [-100.46162, 25.78504], [-100.46142, 25.78539], [-100.46154, 25.78542], [-100.4615, 25.78573], [-100.46136, 25.7857], [-100.46148, 25.78582], [-100.46128, 25.78616], [-100.46141, 25.78618], [-100.46134, 25.78652], [-100.46128, 25.78684], [-100.46113, 25.78689], [-100.46126, 25.78692], [-100.4611, 25.78726], [-100.46117, 25.78757], [-100.461, 25.78755]]]}}, {"id": "1440158", "type": "Feature", "properties": {"id": "1440158", "CVEGEO": "1901801050368003", "POBTOT": 102.0, "score_nse": 0.0, "NSE": "ND", "VIVTOT": 32.0, "GRAPROES": 10.54, "_ent": "19", "_mun": "018", "_loc": "0105"}, "geometry": {"type": "Polygon", "coordinates": [[[-100.42253, 25.79452], [-100.42268, 25.79476], [-100.42156, 25.79518], [-100.42144, 25.79493], [-100.42253, 25.79452]]]}}, {"id": "1440159", "type": "Feature", "properties": {"id": "1440159", "CVEGEO": "1901801050353014", "POBTOT": 135.0, "score_nse": 0.0, "NSE": "ND", "VIVTOT": 43.0, "GRAPROES": 8.01, "_ent": "19", "_mun": "018", "_loc": "0105"}, "geometry": {"type": "Polygon", "coordinates": [[[-100.42483, 25.79154], [-100.42372, 25.79177], [-100.4236, 25.7915], [-100.42482, 25.79122], [-100.42529, 25.79137], [-100.42525, 25.79163], [-100.42483, 25.79154]]]}}, {"id": "1440160", "type": "Feature", "properties": {"id": "1440160", "CVEGEO": "1901801050160006", "POBTOT": 0.0, "score_nse": 0.0, "NSE": "ND", "VIVTOT": 0.0, "GRAPROES": 0.0, "_ent": "19", "_mun": "018", "_loc": "0105"}, "geometry": {"type": "Polygon", "coordinates": [[[-100.43487, 25.78985], [-100.43558, 25.78931], [-100.43628, 25.78909], [-100.43648, 25.78916], [-100.4374, 25.79126], [-100.43829, 25.79218], [-100.4376, 25.79277], [-100.43664, 25.79305], [-100.43433, 25.79269], [-100.43487, 25.78985]]]}}, {"id": "1440161", "type": "Feature", "properties": {"id": "1440161", "CVEGEO": "1901801050160005", "POBTOT": 0.0, "score_nse": 0.0, "NSE": "ND", "VIVTOT": 0.0, "GRAPROES": 0.0, "_ent": "19", "_mun": "018", "_loc": "0105"}, "geometry": {"type": "Polygon", "coordinates": [[[-100.43661, 25.78901], [-100.43868, 25.78821], [-100.43985, 25.79079], [-100.43835, 25.79214], [-100.43748, 25.79121], [-100.43659, 25.78914], [-100.43661, 25.78901]]]}}, {"id": "1440186", "type": "Feature", "properties": {"id": "1440186", "CVEGEO": "1901801050620045", "POBTOT": 0.0, "score_nse": 0.0, "NSE": "ND", "VIVTOT": 0.0, "GRAPROES": 0.0, "_ent": "19", "_mun": "018", "_loc": "0105"}, "geometry": {"type": "Polygon", "coordinates": [[[-100.43296, 25.79827], [-100.43274, 25.79779], [-100.43312, 25.79764], [-100.43335, 25.79811], [-100.43296, 25.79827]]]}}, {"id": "1440187", "type": "Feature", "properties": {"id": "1440187", "CVEGEO": "1901801050616044", "POBTOT": 73.0, "score_nse": 70.373, "NSE": "C+", "VIVTOT": 23.0, "GRAPROES": 10.96, "_ent": "19", "_mun": "018", "_loc": "0105"}, "geometry": {"type": "Polygon", "coordinates": [[[-100.46679, 25.78344], [-100.46661, 25.78371], [-100.46592, 25.78354], [-100.46601, 25.78325], [-100.46679, 25.78344]]]}}, {"id": "1440197", "type": "Feature", "properties": {"id": "1440197", "CVEGEO": "1901801050620013", "POBTOT": 107.0, "score_nse": 0.0, "NSE": "ND", "VIVTOT": 40.0, "GRAPROES": 9.96, "_ent": "19", "_mun": "018", "_loc": "0105"}, "geometry": {"type": "Polygon", "coordinates": [[[-100.43063, 25.80044], [-100.43212, 25.7999], [-100.43223, 25.80016], [-100.43075, 25.80068], [-100.43063, 25.80044]]]}}, {"id": "1440372", "type": "Feature", "properties": {"id": "1440372", "CVEGEO": "1901801050724038", "POBTOT": 103.0, "score_nse": 52.0266, "NSE": "C-", "VIVTOT": 41.0, "GRAPROES": 10.13, "_ent": "19", "_mun": "018", "_loc": "0105"}, "geometry": {"type": "Polygon", "coordinates": [[[-100.43832, 25.796], [-100.43678, 25.79582], [-100.43668, 25.79556], [-100.43837, 25.79574], [-100.43832, 25.796]]]}}, {"id": "1440378", "type": "Feature", "properties": {"id": "1440378", "CVEGEO": "1901801050832004", "POBTOT": 161.0, "score_nse": 0.0, "NSE": "ND", "VIVTOT": 58.0, "GRAPROES": 10.31, "_ent": "19", "_mun": "018", "_loc": "0105"}, "geometry": {"type": "Polygon", "coordinates": [[[-100.44122, 25.80036], [-100.44324, 25.79963], [-100.44337, 25.7999], [-100.44135, 25.80061], [-100.44122, 25.80036]]]}}, {"id": "1440486", "type": "Feature", "properties": {"id": "1440486", "CVEGEO": "1901801050902009", "POBTOT": 154.0, "score_nse": 54.7338, "NSE": "C-", "VIVTOT": 58.0, "GRAPROES": 9.33, "_ent": "19", "_mun": "018", "_loc": "0105"}, "geometry": {"type": "Polygon", "coordinates": [[[-100.43295, 25.79519], [-100.43307, 25.79546], [-100.43142, 25.79607], [-100.4313, 25.79579], [-100.43295, 25.79519]]]}}, {"id": "1440487", "type": "Feature", "properties": {"id": "1440487", "CVEGEO": "1901801050902007", "POBTOT": 154.0, "score_nse": 53.5396, "NSE": "C-", "VIVTOT": 56.0, "GRAPROES": 9.37, "_ent": "19", "_mun": "018", "_loc": "0105"}, "geometry": {"type": "Polygon", "coordinates": [[[-100.43317, 25.79566], [-100.43331, 25.79596], [-100.43163, 25.79655], [-100.43151, 25.79627], [-100.43317, 25.79566]]]}}, {"id": "1440488", "type": "Feature", "properties": {"id": "1440488", "CVEGEO": "1901801050902005", "POBTOT": 46.0, "score_nse": 60.9462, "NSE": "C", "VIVTOT": 18.0, "GRAPROES": 9.77, "_ent": "19", "_mun": "018", "_loc": "0105"}, "geometry": {"type": "Polygon", "coordinates": [[[-100.43069, 25.79507], [-100.43085, 25.79502], [-100.43133, 25.7961], [-100.43116, 25.79615], [-100.43069, 25.79507]]]}}, {"id": "1440489", "type": "Feature", "properties": {"id": "1440489", "CVEGEO": "1901801050724017", "POBTOT": 134.0, "score_nse": 49.1394, "NSE": "C-", "VIVTOT": 57.0, "GRAPROES": 9.32, "_ent": "19", "_mun": "018", "_loc": "0105"}, "geometry": {"type": "Polygon", "coordinates": [[[-100.43991, 25.7974], [-100.44191, 25.79669], [-100.44202, 25.79693], [-100.44002, 25.79764], [-100.43991, 25.7974]]]}}, {"id": "1440490", "type": "Feature", "properties": {"id": "1440490", "CVEGEO": "1901801050724015", "POBTOT": 154.0, "score_nse": 51.0338, "NSE": "C-", "VIVTOT": 58.0, "GRAPROES": 9.1, "_ent": "19", "_mun": "018", "_loc": "0105"}, "geometry": {"type": "Polygon", "coordinates": [[[-100.43779, 25.79813], [-100.43981, 25.79743], [-100.43992, 25.79768], [-100.43791, 25.79837], [-100.43779, 25.79813]]]}}, {"id": "1440491", "type": "Feature", "properties": {"id": "1440491", "CVEGEO": "1901801050724014", "POBTOT": 66.0, "score_nse": 55.4055, "NSE": "C", "VIVTOT": 26.0, "GRAPROES": 10.1, "_ent": "19", "_mun": "018", "_loc": "0105"}, "geometry": {"type": "Polygon", "coordinates": [[[-100.43302, 25.79938], [-100.43263, 25.79852], [-100.43288, 25.79842], [-100.43328, 25.79929], [-100.43302, 25.79938]]]}}, {"id": "1440492", "type": "Feature", "properties": {"id": "1440492", "CVEGEO": "1901801050724013", "POBTOT": 129.0, "score_nse": 56.4286, "NSE": "C", "VIVTOT": 38.0, "GRAPROES": 9.77, "_ent": "19", "_mun": "018", "_loc": "0105"}, "geometry": {"type": "Polygon", "coordinates": [[[-100.43328, 25.799], [-100.43463, 25.79851], [-100.43474, 25.79875], [-100.43339, 25.79925], [-100.43328, 25.799]]]}}, {"id": "1440493", "type": "Feature", "properties": {"id": "1440493", "CVEGEO": "1901801050724012", "POBTOT": 134.0, "score_nse": 52.1831, "NSE": "C-", "VIVTOT": 45.0, "GRAPROES": 9.96, "_ent": "19", "_mun": "018", "_loc": "0105"}, "geometry": {"type": "Polygon", "coordinates": [[[-100.4397, 25.79809], [-100.43817, 25.79866], [-100.43795, 25.79845], [-100.4396, 25.79786], [-100.4397, 25.79809]]]}}, {"id": "1440494", "type": "Feature", "properties": {"id": "1440494", "CVEGEO": "1901801050724011", "POBTOT": 333.0, "score_nse": 52.145, "NSE": "C-", "VIVTOT": 133.0, "GRAPROES": 9.44, "_ent": "19", "_mun": "018", "_loc": "0105"}, "geometry": {"type": "Polygon", "coordinates": [[[-100.44028, 25.79777], [-100.44012, 25.7977], [-100.44212, 25.79698], [-100.44171, 25.79606], [-100.43664, 25.7955], [-100.43702, 25.79655], [-100.43751, 25.79667], [-100.43719, 25.79693], [-100.43795, 25.79863], [-100.43815, 25.79872], [-100.43981, 25.79815], [-100.43969, 25.79788], [-100.43985, 25.79779], [-100.44007, 25.79813], [-100.43996, 25.7984], [-100.43824, 25.79897], [-100.43779, 25.79879], [-100.43627, 25.7953], [-100.44183, 25.79591], [-100.44234, 25.79704], [-100.44028, 25.79777]]]}}, {"id": "1440495", "type": "Feature", "properties": {"id": "1440495", "CVEGEO": "1901801050620048", "POBTOT": 103.0, "score_nse": 52.6618, "NSE": "C-", "VIVTOT": 39.0, "GRAPROES": 10.49, "_ent": "19", "_mun": "018", "_loc": "0105"}, "geometry": {"type": "Polygon", "coordinates": [[[-100.43232, 25.79718], [-100.43378, 25.79664], [-100.4339, 25.79688], [-100.43243, 25.79742], [-100.43232, 25.79718]]]}}, {"id": "1440496", "type": "Feature", "properties": {"id": "1440496", "CVEGEO": "1901801050620047", "POBTOT": 114.0, "score_nse": 55.188, "NSE": "C", "VIVTOT": 40.0, "GRAPROES": 10.18, "_ent": "19", "_mun": "018", "_loc": "0105"}, "geometry": {"type": "Polygon", "coordinates": [[[-100.43263, 25.7977], [-100.43247, 25.79748], [-100.43393, 25.79694], [-100.43404, 25.79719], [-100.43263, 25.7977]]]}}, {"id": "1440497", "type": "Feature", "properties": {"id": "1440497", "CVEGEO": "1901801050620046", "POBTOT": 30.0, "score_nse": 62.0849, "NSE": "C", "VIVTOT": 13.0, "GRAPROES": 11.05, "_ent": "19", "_mun": "018", "_loc": "0105"}, "geometry": {"type": "Polygon", "coordinates": [[[-100.43265, 25.79798], [-100.4322, 25.79815], [-100.43201, 25.79806], [-100.43172, 25.7974], [-100.43187, 25.79735], [-100.43212, 25.79792], [-100.43254, 25.79779], [-100.43265, 25.79798]]]}}, {"id": "1440498", "type": "Feature", "properties": {"id": "1440498", "CVEGEO": "1901801050620035", "POBTOT": 138.0, "score_nse": 54.8717, "NSE": "C-", "VIVTOT": 52.0, "GRAPROES": 10.24, "_ent": "19", "_mun": "018", "_loc": "0105"}, "geometry": {"type": "Polygon", "coordinates": [[[-100.42654, 25.79707], [-100.42643, 25.79681], [-100.42822, 25.79616], [-100.42834, 25.79642], [-100.42654, 25.79707]]]}}, {"id": "1440499", "type": "Feature", "properties": {"id": "1440499", "CVEGEO": "1901801050620034", "POBTOT": 137.0, "score_nse": 61.2943, "NSE": "C", "VIVTOT": 46.0, "GRAPROES": 9.86, "_ent": "19", "_mun": "018", "_loc": "0105"}, "geometry": {"type": "Polygon", "coordinates": [[[-100.43064, 25.79592], [-100.42903, 25.79651], [-100.42892, 25.79625], [-100.43052, 25.79567], [-100.43064, 25.79592]]]}}, {"id": "1440500", "type": "Feature", "properties": {"id": "1440500", "CVEGEO": "1901801050620033", "POBTOT": 167.0, "score_nse": 59.3965, "NSE": "C", "VIVTOT": 52.0, "GRAPROES": 9.58, "_ent": "19", "_mun": "018", "_loc": "0105"}, "geometry": {"type": "Polygon", "coordinates": [[[-100.42668, 25.79741], [-100.42656, 25.79714], [-100.42837, 25.79649], [-100.42849, 25.79675], [-100.42668, 25.79741]]]}}, {"id": "1440501", "type": "Feature", "properties": {"id": "1440501", "CVEGEO": "1901801050620012", "POBTOT": 179.0, "score_nse": 56.3805, "NSE": "C", "VIVTOT": 64.0, "GRAPROES": 9.5, "_ent": "19", "_mun": "018", "_loc": "0105"}, "geometry": {"type": "Polygon", "coordinates": [[[-100.43066, 25.8008], [-100.43078, 25.80106], [-100.42857, 25.80186], [-100.42845, 25.8016], [-100.43066, 25.8008]]]}}, {"id": "1440502", "type": "Feature", "properties": {"id": "1440502", "CVEGEO": "1901801050620011", "POBTOT": 84.0, "score_nse": 55.0277, "NSE": "C", "VIVTOT": 41.0, "GRAPROES": 10.19, "_ent": "19", "_mun": "018", "_loc": "0105"}, "geometry": {"type": "Polygon", "coordinates": [[[-100.43089, 25.80101], [-100.43078, 25.80076], [-100.43225, 25.80023], [-100.43236, 25.80047], [-100.43089, 25.80101]]]}}, {"id": "1440503", "type": "Feature", "properties": {"id": "1440503", "CVEGEO": "1901801050620009", "POBTOT": 80.0, "score_nse": 52.521, "NSE": "C-", "VIVTOT": 40.0, "GRAPROES": 10.37, "_ent": "19", "_mun": "018", "_loc": "0105"}, "geometry": {"type": "Polygon", "coordinates": [[[-100.43092, 25.80108], [-100.43239, 25.80054], [-100.4325, 25.80079], [-100.43104, 25.80134], [-100.43092, 25.80108]]]}}, {"id": "1440504", "type": "Feature", "properties": {"id": "1440504", "CVEGEO": "1901801050620008", "POBTOT": 180.0, "score_nse": 60.1469, "NSE": "C", "VIVTOT": 64.0, "GRAPROES": 10.52, "_ent": "19", "_mun": "018", "_loc": "0105"}, "geometry": {"type": "Polygon", "coordinates": [[[-100.42891, 25.80246], [-100.42874, 25.80224], [-100.43095, 25.80144], [-100.43107, 25.80168], [-100.42891, 25.80246]]]}}, {"id": "1440505", "type": "Feature", "properties": {"id": "1440505", "CVEGEO": "1901801050616055", "POBTOT": 101.0, "score_nse": 64.7573, "NSE": "C", "VIVTOT": 30.0, "GRAPROES": 9.56, "_ent": "19", "_mun": "018", "_loc": "0105"}, "geometry": {"type": "Polygon", "coordinates": [[[-100.46314, 25.78302], [-100.46307, 25.78331], [-100.46205, 25.78306], [-100.46211, 25.78276], [-100.46314, 25.78302]]]}}, {"id": "1440506", "type": "Feature", "properties": {"id": "1440506", "CVEGEO": "1901801050616054", "POBTOT": 145.0, "score_nse": 0.0, "NSE": "ND", "VIVTOT": 56.0, "GRAPROES": 9.94, "_ent": "19", "_mun": "018", "_loc": "0105"}, "geometry": {"type": "Polygon", "coordinates": [[[-100.46302, 25.7841], [-100.46313, 25.78341], [-100.46474, 25.78378], [-100.46461, 25.78406], [-100.46326, 25.78378], [-100.46332, 25.78416], [-100.46302, 25.7841]]]}}, {"id": "1440507", "type": "Feature", "properties": {"id": "1440507", "CVEGEO": "1901801050616032", "POBTOT": 88.0, "score_nse": 55.6107, "NSE": "C", "VIVTOT": 30.0, "GRAPROES": 10.16, "_ent": "19", "_mun": "018", "_loc": "0105"}, "geometry": {"type": "Polygon", "coordinates": [[[-100.46271, 25.78512], [-100.46169, 25.78497], [-100.46176, 25.78468], [-100.46278, 25.78484], [-100.46271, 25.78512]]]}}, {"id": "1440508", "type": "Feature", "properties": {"id": "1440508", "CVEGEO": "1901801050616030", "POBTOT": 103.0, "score_nse": 58.6772, "NSE": "C", "VIVTOT": 37.0, "GRAPROES": 9.98, "_ent": "19", "_mun": "018", "_loc": "0105"}, "geometry": {"type": "Polygon", "coordinates": [[[-100.46708, 25.78646], [-100.46673, 25.78675], [-100.46597, 25.78604], [-100.46611, 25.78588], [-100.46708, 25.78646]]]}}, {"id": "1440509", "type": "Feature", "properties": {"id": "1440509", "CVEGEO": "1901801050616029", "POBTOT": 52.0, "score_nse": 59.4938, "NSE": "C", "VIVTOT": 18.0, "GRAPROES": 9.85, "_ent": "19", "_mun": "018", "_loc": "0105"}, "geometry": {"type": "Polygon", "coordinates": [[[-100.46529, 25.7865], [-100.4647, 25.78592], [-100.4647, 25.7859], [-100.46526, 25.78601], [-100.46554, 25.78629], [-100.46529, 25.7865]]]}}, {"id": "1440510", "type": "Feature", "properties": {"id": "1440510", "CVEGEO": "1901801050616027", "POBTOT": 36.0, "score_nse": 59.89, "NSE": "C", "VIVTOT": 16.0, "GRAPROES": 10.79, "_ent": "19", "_mun": "018", "_loc": "0105"}, "geometry": {"type": "Polygon", "coordinates": [[[-100.46314, 25.78559], [-100.46376, 25.78566], [-100.46398, 25.78587], [-100.46373, 25.78608], [-100.46314, 25.78559]]]}}, {"id": "1440511", "type": "Feature", "properties": {"id": "1440511", "CVEGEO": "1901801050368030", "POBTOT": 110.0, "score_nse": 57.8805, "NSE": "C", "VIVTOT": 37.0, "GRAPROES": 9.88, "_ent": "19", "_mun": "018", "_loc": "0105"}, "geometry": {"type": "Polygon", "coordinates": [[[-100.41845, 25.79091], [-100.41882, 25.79092], [-100.41919, 25.7918], [-100.41891, 25.79191], [-100.41845, 25.79091]]]}}, {"id": "1440512", "type": "Feature", "properties": {"id": "1440512", "CVEGEO": "1901801050368029", "POBTOT": 43.0, "score_nse": 58.4347, "NSE": "C", "VIVTOT": 15.0, "GRAPROES": 10.0, "_ent": "19", "_mun": "018", "_loc": "0105"}, "geometry": {"type": "Polygon", "coordinates": [[[-100.41989, 25.79147], [-100.4193, 25.79176], [-100.41911, 25.79139], [-100.41989, 25.79147]]]}}, {"id": "1440513", "type": "Feature", "properties": {"id": "1440513", "CVEGEO": "1901801050368028", "POBTOT": 152.0, "score_nse": 58.6264, "NSE": "C", "VIVTOT": 46.0, "GRAPROES": 9.24, "_ent": "19", "_mun": "018", "_loc": "0105"}, "geometry": {"type": "Polygon", "coordinates": [[[-100.41893, 25.79095], [-100.42058, 25.79112], [-100.42064, 25.79126], [-100.42026, 25.79139], [-100.41905, 25.79126], [-100.41893, 25.79095]]]}}, {"id": "1440514", "type": "Feature", "properties": {"id": "1440514", "CVEGEO": "1901801050368027", "POBTOT": 179.0, "score_nse": 55.9466, "NSE": "C", "VIVTOT": 61.0, "GRAPROES": 9.4, "_ent": "19", "_mun": "018", "_loc": "0105"}, "geometry": {"type": "Polygon", "coordinates": [[[-100.42068, 25.79134], [-100.4208, 25.79161], [-100.41905, 25.79227], [-100.41893, 25.792], [-100.42068, 25.79134]]]}}, {"id": "1440515", "type": "Feature", "properties": {"id": "1440515", "CVEGEO": "1901801050368025", "POBTOT": 219.0, "score_nse": 0.0, "NSE": "ND", "VIVTOT": 61.0, "GRAPROES": 9.71, "_ent": "19", "_mun": "018", "_loc": "0105"}, "geometry": {"type": "Polygon", "coordinates": [[[-100.41908, 25.79234], [-100.42084, 25.79169], [-100.42097, 25.79196], [-100.41922, 25.79261], [-100.41908, 25.79234]]]}}, {"id": "1440516", "type": "Feature", "properties": {"id": "1440516", "CVEGEO": "1901801050353013", "POBTOT": 176.0, "score_nse": 63.3259, "NSE": "C", "VIVTOT": 56.0, "GRAPROES": 9.83, "_ent": "19", "_mun": "018", "_loc": "0105"}, "geometry": {"type": "Polygon", "coordinates": [[[-100.42182, 25.79255], [-100.42366, 25.79187], [-100.42376, 25.79211], [-100.42193, 25.79278], [-100.42182, 25.79255]]]}}, {"id": "1440517", "type": "Feature", "properties": {"id": "1440517", "CVEGEO": "1901801050353012", "POBTOT": 121.0, "score_nse": 55.336, "NSE": "C", "VIVTOT": 36.0, "GRAPROES": 8.13, "_ent": "19", "_mun": "018", "_loc": "0105"}, "geometry": {"type": "Polygon", "coordinates": [[[-100.42375, 25.79186], [-100.42483, 25.79164], [-100.42521, 25.79175], [-100.42516, 25.79203], [-100.42483, 25.79193], [-100.42388, 25.79214], [-100.42375, 25.79186]]]}}, {"id": "1440518", "type": "Feature", "properties": {"id": "1440518", "CVEGEO": "1901801050353011", "POBTOT": 168.0, "score_nse": 61.531, "NSE": "C", "VIVTOT": 51.0, "GRAPROES": 9.77, "_ent": "19", "_mun": "018", "_loc": "0105"}, "geometry": {"type": "Polygon", "coordinates": [[[-100.42195, 25.79287], [-100.42371, 25.79223], [-100.42382, 25.79247], [-100.42208, 25.79313], [-100.42195, 25.79287]]]}}, {"id": "1440519", "type": "Feature", "properties": {"id": "1440519", "CVEGEO": "1901801050353010", "POBTOT": 103.0, "score_nse": 63.4554, "NSE": "C", "VIVTOT": 28.0, "GRAPROES": 9.8, "_ent": "19", "_mun": "018", "_loc": "0105"}, "geometry": {"type": "Polygon", "coordinates": [[[-100.42392, 25.79221], [-100.42481, 25.79202], [-100.42514, 25.79211], [-100.42506, 25.79241], [-100.42405, 25.79252], [-100.42392, 25.79221]]]}}, {"id": "1440520", "type": "Feature", "properties": {"id": "1440520", "CVEGEO": "1901801050353009", "POBTOT": 211.0, "score_nse": 66.5298, "NSE": "C", "VIVTOT": 55.0, "GRAPROES": 10.07, "_ent": "19", "_mun": "018", "_loc": "0105"}, "geometry": {"type": "Polygon", "coordinates": [[[-100.42212, 25.79318], [-100.42393, 25.7925], [-100.42404, 25.79277], [-100.42225, 25.79343], [-100.42212, 25.79318]]]}}, {"id": "1440521", "type": "Feature", "properties": {"id": "1440521", "CVEGEO": "1901801050353008", "POBTOT": 70.0, "score_nse": 0.0, "NSE": "ND", "VIVTOT": 21.0, "GRAPROES": 8.55, "_ent": "19", "_mun": "018", "_loc": "0105"}, "geometry": {"type": "Polygon", "coordinates": [[[-100.4242, 25.79285], [-100.42408, 25.79258], [-100.42481, 25.79241], [-100.42506, 25.79252], [-100.42496, 25.79279], [-100.4242, 25.79285]]]}}, {"id": "1440522", "type": "Feature", "properties": {"id": "1440522", "CVEGEO": "1901801050353007", "POBTOT": 149.0, "score_nse": 61.2518, "NSE": "C", "VIVTOT": 52.0, "GRAPROES": 9.9, "_ent": "19", "_mun": "018", "_loc": "0105"}, "geometry": {"type": "Polygon", "coordinates": [[[-100.42226, 25.79354], [-100.42396, 25.79288], [-100.4241, 25.79309], [-100.4224, 25.79375], [-100.42226, 25.79354]]]}}, {"id": "1440523", "type": "Feature", "properties": {"id": "1440523", "CVEGEO": "1901801050160001", "POBTOT": 0.0, "score_nse": 0.0, "NSE": "ND", "VIVTOT": 0.0, "GRAPROES": 0.0, "_ent": "19", "_mun": "018", "_loc": "0105"}, "geometry": {"type": "Polygon", "coordinates": [[[-100.43953, 25.78942], [-100.44012, 25.7891], [-100.44155, 25.78721], [-100.44199, 25.78685], [-100.44598, 25.78534], [-100.44606, 25.7851], [-100.44465, 25.78184], [-100.44578, 25.78145], [-100.44645, 25.78284], [-100.44586, 25.78142], [-100.45056, 25.77986], [-100.45142, 25.77985], [-100.45649, 25.78074], [-100.45428, 25.79308], [-100.45076, 25.79255], [-100.45149, 25.79219], [-100.45306, 25.78921], [-100.44636, 25.78821], [-100.44567, 25.78822], [-100.44193, 25.78956], [-100.44163, 25.78994], [-100.44141, 25.79108], [-100.44063, 25.79096], [-100.44002, 25.79067], [-100.43953, 25.78942]]]}}, {"id": "1440742", "type": "Feature", "properties": {"id": "1440742", "CVEGEO": "1901801050616048", "POBTOT": 53.0, "score_nse": 59.0316, "NSE": "C", "VIVTOT": 22.0, "GRAPROES": 10.29, "_ent": "19", "_mun": "018", "_loc": "0105"}, "geometry": {"type": "Polygon", "coordinates": [[[-100.46133, 25.78683], [-100.4614, 25.78652], [-100.46222, 25.78667], [-100.46192, 25.78692], [-100.46133, 25.78683]]]}}, {"id": "1440743", "type": "Feature", "properties": {"id": "1440743", "CVEGEO": "1901801050616045", "POBTOT": 78.0, "score_nse": 0.0, "NSE": "ND", "VIVTOT": 36.0, "GRAPROES": 10.33, "_ent": "19", "_mun": "018", "_loc": "0105"}, "geometry": {"type": "Polygon", "coordinates": [[[-100.46334, 25.78266], [-100.46449, 25.7829], [-100.46439, 25.78319], [-100.46326, 25.78295], [-100.46334, 25.78266]]]}}, {"id": "1440744", "type": "Feature", "properties": {"id": "1440744", "CVEGEO": "1901801050616036", "POBTOT": 97.0, "score_nse": 69.8189, "NSE": "C", "VIVTOT": 35.0, "GRAPROES": 11.53, "_ent": "19", "_mun": "018", "_loc": "0105"}, "geometry": {"type": "Polygon", "coordinates": [[[-100.46647, 25.78454], [-100.46629, 25.78482], [-100.46528, 25.78459], [-100.46536, 25.78429], [-100.46647, 25.78454]]]}}, {"id": "1440745", "type": "Feature", "properties": {"id": "1440745", "CVEGEO": "1901801050616035", "POBTOT": 100.0, "score_nse": 68.42, "NSE": "C", "VIVTOT": 30.0, "GRAPROES": 10.81, "_ent": "19", "_mun": "018", "_loc": "0105"}, "geometry": {"type": "Polygon", "coordinates": [[[-100.46287, 25.78436], [-100.46184, 25.78419], [-100.46189, 25.78394], [-100.4629, 25.7841], [-100.46287, 25.78436]]]}}, {"id": "1440746", "type": "Feature", "properties": {"id": "1440746", "CVEGEO": "1901801050616033", "POBTOT": 106.0, "score_nse": 56.8817, "NSE": "C", "VIVTOT": 38.0, "GRAPROES": 10.49, "_ent": "19", "_mun": "018", "_loc": "0105"}, "geometry": {"type": "Polygon", "coordinates": [[[-100.46768, 25.78594], [-100.46747, 25.78619], [-100.46639, 25.78551], [-100.46657, 25.78526], [-100.46768, 25.78594]]]}}, {"id": "1440747", "type": "Feature", "properties": {"id": "1440747", "CVEGEO": "1901801050616017", "POBTOT": 199.0, "score_nse": 60.4588, "NSE": "C", "VIVTOT": 71.0, "GRAPROES": 9.89, "_ent": "19", "_mun": "018", "_loc": "0105"}, "geometry": {"type": "Polygon", "coordinates": [[[-100.46379, 25.78779], [-100.46312, 25.78715], [-100.46288, 25.78747], [-100.46265, 25.78724], [-100.46294, 25.78699], [-100.46246, 25.78656], [-100.46261, 25.78624], [-100.46404, 25.78759], [-100.46379, 25.78779]]]}}, {"id": "1440748", "type": "Feature", "properties": {"id": "1440748", "CVEGEO": "1901801050620056", "POBTOT": 116.0, "score_nse": 56.4899, "NSE": "C", "VIVTOT": 46.0, "GRAPROES": 9.84, "_ent": "19", "_mun": "018", "_loc": "0105"}, "geometry": {"type": "Polygon", "coordinates": [[[-100.43047, 25.79496], [-100.4315, 25.79728], [-100.43172, 25.79777], [-100.43156, 25.79782], [-100.43032, 25.79502], [-100.43047, 25.79496]]]}}, {"id": "1440749", "type": "Feature", "properties": {"id": "1440749", "CVEGEO": "1901801050616015", "POBTOT": 111.0, "score_nse": 61.7407, "NSE": "C", "VIVTOT": 34.0, "GRAPROES": 9.31, "_ent": "19", "_mun": "018", "_loc": "0105"}, "geometry": {"type": "Polygon", "coordinates": [[[-100.46519, 25.78812], [-100.46495, 25.78833], [-100.46417, 25.78759], [-100.46442, 25.78739], [-100.46519, 25.78812]]]}}, {"id": "1440750", "type": "Feature", "properties": {"id": "1440750", "CVEGEO": "1901801050616013", "POBTOT": 142.0, "score_nse": 60.5341, "NSE": "C", "VIVTOT": 61.0, "GRAPROES": 11.1, "_ent": "19", "_mun": "018", "_loc": "0105"}, "geometry": {"type": "Polygon", "coordinates": [[[-100.46156, 25.78762], [-100.46163, 25.78733], [-100.46234, 25.7875], [-100.46188, 25.78708], [-100.46212, 25.78687], [-100.46311, 25.78782], [-100.46156, 25.78762]]]}}, {"id": "1440751", "type": "Feature", "properties": {"id": "1440751", "CVEGEO": "1901801050616012", "POBTOT": 63.0, "score_nse": 58.2145, "NSE": "C", "VIVTOT": 22.0, "GRAPROES": 9.33, "_ent": "19", "_mun": "018", "_loc": "0105"}, "geometry": {"type": "Polygon", "coordinates": [[[-100.46373, 25.78786], [-100.46332, 25.7879], [-100.46294, 25.78755], [-100.46319, 25.78735], [-100.46373, 25.78786]]]}}, {"id": "1440752", "type": "Feature", "properties": {"id": "1440752", "CVEGEO": "1901801050616011", "POBTOT": 101.0, "score_nse": 0.0, "NSE": "ND", "VIVTOT": 33.0, "GRAPROES": 9.66, "_ent": "19", "_mun": "018", "_loc": "0105"}, "geometry": {"type": "Polygon", "coordinates": [[[-100.4638, 25.78791], [-100.46458, 25.78866], [-100.46434, 25.78886], [-100.46356, 25.78811], [-100.4638, 25.78791]]]}}, {"id": "1440753", "type": "Feature", "properties": {"id": "1440753", "CVEGEO": "1901801050616010", "POBTOT": 72.0, "score_nse": 56.9582, "NSE": "C", "VIVTOT": 32.0, "GRAPROES": 10.43, "_ent": "19", "_mun": "018", "_loc": "0105"}, "geometry": {"type": "Polygon", "coordinates": [[[-100.46258, 25.78829], [-100.46234, 25.78855], [-100.46139, 25.78841], [-100.46145, 25.78811], [-100.46258, 25.78829]]]}}, {"id": "1440754", "type": "Feature", "properties": {"id": "1440754", "CVEGEO": "1901801050616009", "POBTOT": 205.0, "score_nse": 50.0784, "NSE": "C-", "VIVTOT": 115.0, "GRAPROES": 10.08, "_ent": "19", "_mun": "018", "_loc": "0105"}, "geometry": {"type": "Polygon", "coordinates": [[[-100.46133, 25.78873], [-100.46138, 25.7885], [-100.46227, 25.78871], [-100.46287, 25.7882], [-100.46149, 25.78801], [-100.46155, 25.7877], [-100.46349, 25.78804], [-100.46247, 25.78891], [-100.46133, 25.78873]]]}}, {"id": "1440755", "type": "Feature", "properties": {"id": "1440755", "CVEGEO": "1901801050616003", "POBTOT": 54.0, "score_nse": 55.0097, "NSE": "C", "VIVTOT": 23.0, "GRAPROES": 9.92, "_ent": "19", "_mun": "018", "_loc": "0105"}, "geometry": {"type": "Polygon", "coordinates": [[[-100.46097, 25.79074], [-100.46103, 25.79035], [-100.46196, 25.79058], [-100.46097, 25.79074]]]}}, {"id": "1440756", "type": "Feature", "properties": {"id": "1440756", "CVEGEO": "1901801050368011", "POBTOT": 159.0, "score_nse": 59.9289, "NSE": "C", "VIVTOT": 44.0, "GRAPROES": 9.34, "_ent": "19", "_mun": "018", "_loc": "0105"}, "geometry": {"type": "Polygon", "coordinates": [[[-100.41987, 25.79369], [-100.42017, 25.79358], [-100.4207, 25.79472], [-100.42039, 25.79484], [-100.41987, 25.79369]]]}}, {"id": "1440757", "type": "Feature", "properties": {"id": "1440757", "CVEGEO": "1901801050368010", "POBTOT": 141.0, "score_nse": 63.4979, "NSE": "C", "VIVTOT": 42.0, "GRAPROES": 9.61, "_ent": "19", "_mun": "018", "_loc": "0105"}, "geometry": {"type": "Polygon", "coordinates": [[[-100.42024, 25.79354], [-100.42057, 25.79342], [-100.42109, 25.79458], [-100.42077, 25.7947], [-100.42024, 25.79354]]]}}, {"id": "1440758", "type": "Feature", "properties": {"id": "1440758", "CVEGEO": "1901801050368009", "POBTOT": 121.0, "score_nse": 66.085, "NSE": "C", "VIVTOT": 32.0, "GRAPROES": 10.01, "_ent": "19", "_mun": "018", "_loc": "0105"}, "geometry": {"type": "Polygon", "coordinates": [[[-100.42116, 25.79428], [-100.42229, 25.79387], [-100.4224, 25.79412], [-100.42127, 25.79453], [-100.42116, 25.79428]]]}}, {"id": "1440759", "type": "Feature", "properties": {"id": "1440759", "CVEGEO": "1901801050368008", "POBTOT": 149.0, "score_nse": 65.7081, "NSE": "C", "VIVTOT": 33.0, "GRAPROES": 9.68, "_ent": "19", "_mun": "018", "_loc": "0105"}, "geometry": {"type": "Polygon", "coordinates": [[[-100.42243, 25.79418], [-100.42255, 25.79445], [-100.42141, 25.79486], [-100.42129, 25.79461], [-100.42243, 25.79418]]]}}, {"id": "1440760", "type": "Feature", "properties": {"id": "1440760", "CVEGEO": "1901801050368005", "POBTOT": 155.0, "score_nse": 65.239, "NSE": "C", "VIVTOT": 43.0, "GRAPROES": 9.46, "_ent": "19", "_mun": "018", "_loc": "0105"}, "geometry": {"type": "Polygon", "coordinates": [[[-100.42045, 25.79495], [-100.42074, 25.79484], [-100.42125, 25.79596], [-100.42096, 25.79613], [-100.42045, 25.79495]]]}}, {"id": "1440761", "type": "Feature", "properties": {"id": "1440761", "CVEGEO": "1901801050368004", "POBTOT": 137.0, "score_nse": 64.486, "NSE": "C", "VIVTOT": 40.0, "GRAPROES": 10.07, "_ent": "19", "_mun": "018", "_loc": "0105"}, "geometry": {"type": "Polygon", "coordinates": [[[-100.42082, 25.7948], [-100.42113, 25.79469], [-100.42162, 25.79575], [-100.42132, 25.79592], [-100.42082, 25.7948]]]}}, {"id": "1440762", "type": "Feature", "properties": {"id": "1440762", "CVEGEO": "1901801050353006", "POBTOT": 45.0, "score_nse": 50.346, "NSE": "C-", "VIVTOT": 16.0, "GRAPROES": 8.44, "_ent": "19", "_mun": "018", "_loc": "0105"}, "geometry": {"type": "Polygon", "coordinates": [[[-100.42425, 25.79297], [-100.42476, 25.79283], [-100.42496, 25.7929], [-100.42485, 25.79313], [-100.42437, 25.79323], [-100.42425, 25.79297]]]}}, {"id": "1440763", "type": "Feature", "properties": {"id": "1440763", "CVEGEO": "1901801050353005", "POBTOT": 14.0, "score_nse": 0.0, "NSE": "ND", "VIVTOT": 4.0, "GRAPROES": 9.46, "_ent": "19", "_mun": "018", "_loc": "0105"}, "geometry": {"type": "Polygon", "coordinates": [[[-100.42444, 25.79331], [-100.42483, 25.79325], [-100.42454, 25.79361], [-100.42444, 25.79331]]]}}, {"id": "1440764", "type": "Feature", "properties": {"id": "1440764", "CVEGEO": "1901801050353004", "POBTOT": 107.0, "score_nse": 70.8466, "NSE": "C+", "VIVTOT": 28.0, "GRAPROES": 10.19, "_ent": "19", "_mun": "018", "_loc": "0105"}, "geometry": {"type": "Polygon", "coordinates": [[[-100.42461, 25.79393], [-100.42325, 25.79539], [-100.42295, 25.7951], [-100.4224, 25.79385], [-100.42423, 25.79315], [-100.42461, 25.79393]]]}}, {"id": "1440765", "type": "Feature", "properties": {"id": "1440765", "CVEGEO": "1901801050300003", "POBTOT": 0.0, "score_nse": 0.0, "NSE": "ND", "VIVTOT": 0.0, "GRAPROES": 0.0, "_ent": "19", "_mun": "018", "_loc": "0105"}, "geometry": {"type": "Polygon", "coordinates": [[[-100.45613, 25.77775], [-100.45538, 25.77873], [-100.45534, 25.77909], [-100.45563, 25.77984], [-100.45625, 25.78039], [-100.45185, 25.77935], [-100.45613, 25.77775]]]}}, {"id": "1440766", "type": "Feature", "properties": {"id": "1440766", "CVEGEO": "1901801050300002", "POBTOT": 0.0, "score_nse": 0.0, "NSE": "ND", "VIVTOT": 0.0, "GRAPROES": 0.0, "_ent": "19", "_mun": "018", "_loc": "0105"}, "geometry": {"type": "Polygon", "coordinates": [[[-100.45769, 25.78063], [-100.45784, 25.77985], [-100.4615, 25.78073], [-100.46144, 25.7815], [-100.45769, 25.78063]]]}}, {"id": "1440842", "type": "Feature", "properties": {"id": "1440842", "CVEGEO": "1901801050902014", "POBTOT": 74.0, "score_nse": 0.0, "NSE": "ND", "VIVTOT": 28.0, "GRAPROES": 7.96, "_ent": "19", "_mun": "018", "_loc": "0105"}, "geometry": {"type": "Polygon", "coordinates": [[[-100.43101, 25.79427], [-100.43119, 25.79466], [-100.43086, 25.79476], [-100.43054, 25.79407], [-100.43101, 25.79427]]]}}, {"id": "1440843", "type": "Feature", "properties": {"id": "1440843", "CVEGEO": "1901801050902015", "POBTOT": 76.0, "score_nse": 54.845, "NSE": "C-", "VIVTOT": 23.0, "GRAPROES": 8.69, "_ent": "19", "_mun": "018", "_loc": "0105"}, "geometry": {"type": "Polygon", "coordinates": [[[-100.43075, 25.79479], [-100.4306, 25.79482], [-100.43021, 25.79398], [-100.4304, 25.79405], [-100.43075, 25.79479]]]}}, {"id": "1440844", "type": "Feature", "properties": {"id": "1440844", "CVEGEO": "1901801050902012", "POBTOT": 0.0, "score_nse": 0.0, "NSE": "ND", "VIVTOT": 0.0, "GRAPROES": 0.0, "_ent": "19", "_mun": "018", "_loc": "0105"}, "geometry": {"type": "Polygon", "coordinates": [[[-100.4366, 25.79629], [-100.43427, 25.79717], [-100.43386, 25.79619], [-100.43362, 25.79475], [-100.43585, 25.7947], [-100.4366, 25.79629]]]}}, {"id": "1440845", "type": "Feature", "properties": {"id": "1440845", "CVEGEO": "1901801050832015", "POBTOT": 136.0, "score_nse": 51.8152, "NSE": "C-", "VIVTOT": 47.0, "GRAPROES": 9.23, "_ent": "19", "_mun": "018", "_loc": "0105"}, "geometry": {"type": "Polygon", "coordinates": [[[-100.43841, 25.79954], [-100.44006, 25.79895], [-100.44018, 25.7992], [-100.43852, 25.79978], [-100.43841, 25.79954]]]}}, {"id": "1440846", "type": "Feature", "properties": {"id": "1440846", "CVEGEO": "1901801050832014", "POBTOT": 124.0, "score_nse": 56.3827, "NSE": "C", "VIVTOT": 42.0, "GRAPROES": 10.61, "_ent": "19", "_mun": "018", "_loc": "0105"}, "geometry": {"type": "Polygon", "coordinates": [[[-100.43856, 25.79985], [-100.44004, 25.79933], [-100.44014, 25.79958], [-100.43866, 25.80009], [-100.43856, 25.79985]]]}}, {"id": "1440847", "type": "Feature", "properties": {"id": "1440847", "CVEGEO": "1901801050832013", "POBTOT": 37.0, "score_nse": 54.7813, "NSE": "C-", "VIVTOT": 12.0, "GRAPROES": 8.9, "_ent": "19", "_mun": "018", "_loc": "0105"}, "geometry": {"type": "Polygon", "coordinates": [[[-100.43834, 25.79957], [-100.43873, 25.80045], [-100.43857, 25.80051], [-100.43817, 25.79963], [-100.43834, 25.79957]]]}}, {"id": "1440848", "type": "Feature", "properties": {"id": "1440848", "CVEGEO": "1901801050832012", "POBTOT": 103.0, "score_nse": 0.0, "NSE": "ND", "VIVTOT": 42.0, "GRAPROES": 10.03, "_ent": "19", "_mun": "018", "_loc": "0105"}, "geometry": {"type": "Polygon", "coordinates": [[[-100.4387, 25.80017], [-100.44018, 25.79965], [-100.44028, 25.79989], [-100.4388, 25.80041], [-100.4387, 25.80017]]]}}, {"id": "1440849", "type": "Feature", "properties": {"id": "1440849", "CVEGEO": "1901801050832011", "POBTOT": 110.0, "score_nse": 52.4267, "NSE": "C-", "VIVTOT": 42.0, "GRAPROES": 9.59, "_ent": "19", "_mun": "018", "_loc": "0105"}, "geometry": {"type": "Polygon", "coordinates": [[[-100.43883, 25.80048], [-100.44031, 25.79996], [-100.44042, 25.80021], [-100.43894, 25.80073], [-100.43883, 25.80048]]]}}, {"id": "1440850", "type": "Feature", "properties": {"id": "1440850", "CVEGEO": "1901801050832010", "POBTOT": 0.0, "score_nse": 0.0, "NSE": "ND", "VIVTOT": 0.0, "GRAPROES": 0.0, "_ent": "19", "_mun": "018", "_loc": "0105"}, "geometry": {"type": "Polygon", "coordinates": [[[-100.44058, 25.79917], [-100.44094, 25.80001], [-100.44049, 25.80016], [-100.44012, 25.79932], [-100.44058, 25.79917]]]}}, {"id": "1440851", "type": "Feature", "properties": {"id": "1440851", "CVEGEO": "1901801050832009", "POBTOT": 146.0, "score_nse": 56.024, "NSE": "C", "VIVTOT": 55.0, "GRAPROES": 9.86, "_ent": "19", "_mun": "018", "_loc": "0105"}, "geometry": {"type": "Polygon", "coordinates": [[[-100.44096, 25.79974], [-100.44294, 25.79904], [-100.44305, 25.79927], [-100.44105, 25.79999], [-100.44096, 25.79974]]]}}, {"id": "1440852", "type": "Feature", "properties": {"id": "1440852", "CVEGEO": "1901801050832008", "POBTOT": 147.0, "score_nse": 57.3265, "NSE": "C", "VIVTOT": 57.0, "GRAPROES": 9.67, "_ent": "19", "_mun": "018", "_loc": "0105"}, "geometry": {"type": "Polygon", "coordinates": [[[-100.43897, 25.80079], [-100.44097, 25.8001], [-100.44108, 25.80033], [-100.43909, 25.80103], [-100.43897, 25.80079]]]}}, {"id": "1440853", "type": "Feature", "properties": {"id": "1440853", "CVEGEO": "1901801050832007", "POBTOT": 155.0, "score_nse": 58.4448, "NSE": "C", "VIVTOT": 58.0, "GRAPROES": 10.52, "_ent": "19", "_mun": "018", "_loc": "0105"}, "geometry": {"type": "Polygon", "coordinates": [[[-100.44108, 25.80005], [-100.44308, 25.79935], [-100.44318, 25.79958], [-100.44119, 25.8003], [-100.44108, 25.80005]]]}}, {"id": "1440854", "type": "Feature", "properties": {"id": "1440854", "CVEGEO": "1901801050724036", "POBTOT": 90.0, "score_nse": 54.2114, "NSE": "C-", "VIVTOT": 37.0, "GRAPROES": 10.15, "_ent": "19", "_mun": "018", "_loc": "0105"}, "geometry": {"type": "Polygon", "coordinates": [[[-100.43683, 25.79596], [-100.43831, 25.79607], [-100.43828, 25.79634], [-100.43693, 25.79618], [-100.43683, 25.79596]]]}}, {"id": "1440855", "type": "Feature", "properties": {"id": "1440855", "CVEGEO": "1901801050724034", "POBTOT": 0.0, "score_nse": 0.0, "NSE": "ND", "VIVTOT": 0.0, "GRAPROES": 0.0, "_ent": "19", "_mun": "018", "_loc": "0105"}, "geometry": {"type": "Polygon", "coordinates": [[[-100.43848, 25.79575], [-100.43955, 25.79587], [-100.4396, 25.79594], [-100.43842, 25.79639], [-100.43848, 25.79575]]]}}, {"id": "1440856", "type": "Feature", "properties": {"id": "1440856", "CVEGEO": "1901801050724033", "POBTOT": 72.0, "score_nse": 60.3713, "NSE": "C", "VIVTOT": 23.0, "GRAPROES": 10.29, "_ent": "19", "_mun": "018", "_loc": "0105"}, "geometry": {"type": "Polygon", "coordinates": [[[-100.43819, 25.79646], [-100.43778, 25.79662], [-100.43712, 25.79654], [-100.43699, 25.7963], [-100.43819, 25.79646]]]}}, {"id": "1440857", "type": "Feature", "properties": {"id": "1440857", "CVEGEO": "1901801050724029", "POBTOT": 42.0, "score_nse": 0.0, "NSE": "ND", "VIVTOT": 19.0, "GRAPROES": 10.58, "_ent": "19", "_mun": "018", "_loc": "0105"}, "geometry": {"type": "Polygon", "coordinates": [[[-100.43938, 25.79621], [-100.43996, 25.79592], [-100.44043, 25.79602], [-100.43949, 25.79638], [-100.43938, 25.79621]]]}}, {"id": "1440858", "type": "Feature", "properties": {"id": "1440858", "CVEGEO": "1901801050724028", "POBTOT": 141.0, "score_nse": 53.3586, "NSE": "C-", "VIVTOT": 56.0, "GRAPROES": 9.23, "_ent": "19", "_mun": "018", "_loc": "0105"}, "geometry": {"type": "Polygon", "coordinates": [[[-100.43916, 25.7962], [-100.43936, 25.79642], [-100.43736, 25.79712], [-100.43725, 25.79688], [-100.43916, 25.7962]]]}}, {"id": "1440859", "type": "Feature", "properties": {"id": "1440859", "CVEGEO": "1901801050724027", "POBTOT": 95.0, "score_nse": 0.0, "NSE": "ND", "VIVTOT": 40.0, "GRAPROES": 10.28, "_ent": "19", "_mun": "018", "_loc": "0105"}, "geometry": {"type": "Polygon", "coordinates": [[[-100.44075, 25.79601], [-100.44121, 25.79612], [-100.4396, 25.7967], [-100.43949, 25.79646], [-100.44075, 25.79601]]]}}, {"id": "1440860", "type": "Feature", "properties": {"id": "1440860", "CVEGEO": "1901801050724025", "POBTOT": 173.0, "score_nse": 58.2043, "NSE": "C", "VIVTOT": 58.0, "GRAPROES": 9.63, "_ent": "19", "_mun": "018", "_loc": "0105"}, "geometry": {"type": "Polygon", "coordinates": [[[-100.43939, 25.79649], [-100.4395, 25.79674], [-100.43749, 25.79745], [-100.43739, 25.79719], [-100.43939, 25.79649]]]}}, {"id": "1440861", "type": "Feature", "properties": {"id": "1440861", "CVEGEO": "1901801050724020", "POBTOT": 133.0, "score_nse": 0.0, "NSE": "ND", "VIVTOT": 58.0, "GRAPROES": 9.74, "_ent": "19", "_mun": "018", "_loc": "0105"}, "geometry": {"type": "Polygon", "coordinates": [[[-100.43753, 25.79751], [-100.43954, 25.7968], [-100.43965, 25.79705], [-100.43763, 25.79777], [-100.43753, 25.79751]]]}}, {"id": "1440862", "type": "Feature", "properties": {"id": "1440862", "CVEGEO": "1901801050724006", "POBTOT": 43.0, "score_nse": 53.5743, "NSE": "C-", "VIVTOT": 14.0, "GRAPROES": 10.04, "_ent": "19", "_mun": "018", "_loc": "0105"}, "geometry": {"type": "Polygon", "coordinates": [[[-100.4382, 25.80041], [-100.43792, 25.7998], [-100.43755, 25.79992], [-100.43739, 25.79936], [-100.43794, 25.79935], [-100.43837, 25.80036], [-100.4382, 25.80041]]]}}, {"id": "1440863", "type": "Feature", "properties": {"id": "1440863", "CVEGEO": "1901801050724005", "POBTOT": 119.0, "score_nse": 59.6333, "NSE": "C", "VIVTOT": 44.0, "GRAPROES": 10.55, "_ent": "19", "_mun": "018", "_loc": "0105"}, "geometry": {"type": "Polygon", "coordinates": [[[-100.43581, 25.80064], [-100.43743, 25.80005], [-100.43754, 25.80029], [-100.43592, 25.80089], [-100.43581, 25.80064]]]}}, {"id": "1440864", "type": "Feature", "properties": {"id": "1440864", "CVEGEO": "1901801050724004", "POBTOT": 0.0, "score_nse": 0.0, "NSE": "ND", "VIVTOT": 0.0, "GRAPROES": 0.0, "_ent": "19", "_mun": "018", "_loc": "0105"}, "geometry": {"type": "Polygon", "coordinates": [[[-100.43754, 25.80003], [-100.4379, 25.7999], [-100.43813, 25.80043], [-100.43777, 25.80055], [-100.43754, 25.80003]]]}}, {"id": "1440865", "type": "Feature", "properties": {"id": "1440865", "CVEGEO": "1901801050724003", "POBTOT": 129.0, "score_nse": 58.1049, "NSE": "C", "VIVTOT": 46.0, "GRAPROES": 10.41, "_ent": "19", "_mun": "018", "_loc": "0105"}, "geometry": {"type": "Polygon", "coordinates": [[[-100.43595, 25.80095], [-100.43756, 25.80036], [-100.43768, 25.80061], [-100.43606, 25.8012], [-100.43595, 25.80095]]]}}, {"id": "1440866", "type": "Feature", "properties": {"id": "1440866", "CVEGEO": "1901801050724002", "POBTOT": 0.0, "score_nse": 0.0, "NSE": "ND", "VIVTOT": 0.0, "GRAPROES": 0.0, "_ent": "19", "_mun": "018", "_loc": "0105"}, "geometry": {"type": "Polygon", "coordinates": [[[-100.43375, 25.80196], [-100.43332, 25.80104], [-100.43338, 25.80083], [-100.43508, 25.8002], [-100.43551, 25.80137], [-100.43375, 25.80196]]]}}, {"id": "1440867", "type": "Feature", "properties": {"id": "1440867", "CVEGEO": "1901801050724001", "POBTOT": 215.0, "score_nse": 57.4104, "NSE": "C", "VIVTOT": 68.0, "GRAPROES": 9.81, "_ent": "19", "_mun": "018", "_loc": "0105"}, "geometry": {"type": "Polygon", "coordinates": [[[-100.4338, 25.80209], [-100.4356, 25.80141], [-100.43525, 25.80015], [-100.43701, 25.79952], [-100.43736, 25.79999], [-100.43557, 25.80065], [-100.43574, 25.80068], [-100.436, 25.80131], [-100.43837, 25.80044], [-100.43843, 25.80054], [-100.43386, 25.80224], [-100.4338, 25.80209]]]}}, {"id": "1440868", "type": "Feature", "properties": {"id": "1440868", "CVEGEO": "1901801050620044", "POBTOT": 48.0, "score_nse": 58.8417, "NSE": "C", "VIVTOT": 24.0, "GRAPROES": 12.0, "_ent": "19", "_mun": "018", "_loc": "0105"}, "geometry": {"type": "Polygon", "coordinates": [[[-100.43319, 25.79758], [-100.43405, 25.79728], [-100.43418, 25.79753], [-100.43331, 25.79784], [-100.43319, 25.79758]]]}}, {"id": "1440869", "type": "Feature", "properties": {"id": "1440869", "CVEGEO": "1901801050620043", "POBTOT": 54.0, "score_nse": 54.6109, "NSE": "C-", "VIVTOT": 22.0, "GRAPROES": 10.73, "_ent": "19", "_mun": "018", "_loc": "0105"}, "geometry": {"type": "Polygon", "coordinates": [[[-100.43335, 25.79789], [-100.43421, 25.79757], [-100.43432, 25.79781], [-100.43346, 25.79812], [-100.43335, 25.79789]]]}}, {"id": "1440870", "type": "Feature", "properties": {"id": "1440870", "CVEGEO": "1901801050620042", "POBTOT": 107.0, "score_nse": 62.6451, "NSE": "C", "VIVTOT": 38.0, "GRAPROES": 11.28, "_ent": "19", "_mun": "018", "_loc": "0105"}, "geometry": {"type": "Polygon", "coordinates": [[[-100.433, 25.79839], [-100.43434, 25.79789], [-100.43445, 25.79813], [-100.4331, 25.79862], [-100.433, 25.79839]]]}}, {"id": "1440871", "type": "Feature", "properties": {"id": "1440871", "CVEGEO": "1901801050620041", "POBTOT": 89.0, "score_nse": 51.9646, "NSE": "C-", "VIVTOT": 37.0, "GRAPROES": 10.4, "_ent": "19", "_mun": "018", "_loc": "0105"}, "geometry": {"type": "Polygon", "coordinates": [[[-100.43313, 25.79869], [-100.43449, 25.7982], [-100.4346, 25.79844], [-100.43324, 25.79894], [-100.43313, 25.79869]]]}}, {"id": "1440872", "type": "Feature", "properties": {"id": "1440872", "CVEGEO": "1901801050620038", "POBTOT": 151.0, "score_nse": 62.856, "NSE": "C", "VIVTOT": 50.0, "GRAPROES": 10.02, "_ent": "19", "_mun": "018", "_loc": "0105"}, "geometry": {"type": "Polygon", "coordinates": [[[-100.42627, 25.79648], [-100.42807, 25.79582], [-100.42819, 25.79608], [-100.42638, 25.79674], [-100.42627, 25.79648]]]}}, {"id": "1440873", "type": "Feature", "properties": {"id": "1440873", "CVEGEO": "1901801050620037", "POBTOT": 40.0, "score_nse": 58.288, "NSE": "C", "VIVTOT": 15.0, "GRAPROES": 9.31, "_ent": "19", "_mun": "018", "_loc": "0105"}, "geometry": {"type": "Polygon", "coordinates": [[[-100.4262, 25.79651], [-100.4266, 25.79743], [-100.42632, 25.79753], [-100.42591, 25.79662], [-100.4262, 25.79651]]]}}, {"id": "1440874", "type": "Feature", "properties": {"id": "1440874", "CVEGEO": "1901801050620029", "POBTOT": 140.0, "score_nse": 53.4629, "NSE": "C-", "VIVTOT": 49.0, "GRAPROES": 9.36, "_ent": "19", "_mun": "018", "_loc": "0105"}, "geometry": {"type": "Polygon", "coordinates": [[[-100.42922, 25.79718], [-100.42903, 25.79696], [-100.4308, 25.79631], [-100.43091, 25.79656], [-100.42922, 25.79718]]]}}, {"id": "1440875", "type": "Feature", "properties": {"id": "1440875", "CVEGEO": "1901801050620025", "POBTOT": 146.0, "score_nse": 0.0, "NSE": "ND", "VIVTOT": 48.0, "GRAPROES": 9.79, "_ent": "19", "_mun": "018", "_loc": "0105"}, "geometry": {"type": "Polygon", "coordinates": [[[-100.43138, 25.7976], [-100.43149, 25.79784], [-100.4298, 25.79846], [-100.42964, 25.79824], [-100.43138, 25.7976]]]}}, {"id": "1440876", "type": "Feature", "properties": {"id": "1440876", "CVEGEO": "1901801050620024", "POBTOT": 68.0, "score_nse": 57.788, "NSE": "C", "VIVTOT": 25.0, "GRAPROES": 9.31, "_ent": "19", "_mun": "018", "_loc": "0105"}, "geometry": {"type": "Polygon", "coordinates": [[[-100.42983, 25.79855], [-100.43175, 25.79783], [-100.43188, 25.7981], [-100.43165, 25.79835], [-100.43024, 25.79886], [-100.42998, 25.79883], [-100.42983, 25.79855]]]}}, {"id": "1440877", "type": "Feature", "properties": {"id": "1440877", "CVEGEO": "1901801050620023", "POBTOT": 113.0, "score_nse": 61.0297, "NSE": "C", "VIVTOT": 35.0, "GRAPROES": 9.88, "_ent": "19", "_mun": "018", "_loc": "0105"}, "geometry": {"type": "Polygon", "coordinates": [[[-100.42737, 25.79981], [-100.4263, 25.79761], [-100.42663, 25.79749], [-100.42679, 25.79785], [-100.42894, 25.79707], [-100.42972, 25.79895], [-100.42737, 25.79981]]]}}, {"id": "1440878", "type": "Feature", "properties": {"id": "1440878", "CVEGEO": "1901801050620022", "POBTOT": 45.0, "score_nse": 60.4703, "NSE": "C", "VIVTOT": 14.0, "GRAPROES": 9.82, "_ent": "19", "_mun": "018", "_loc": "0105"}, "geometry": {"type": "Polygon", "coordinates": [[[-100.42765, 25.80042], [-100.42781, 25.80036], [-100.42819, 25.80123], [-100.42803, 25.80129], [-100.42765, 25.80042]]]}}, {"id": "1440879", "type": "Feature", "properties": {"id": "1440879", "CVEGEO": "1901801050620021", "POBTOT": 75.0, "score_nse": 53.2649, "NSE": "C-", "VIVTOT": 28.0, "GRAPROES": 9.65, "_ent": "19", "_mun": "018", "_loc": "0105"}, "geometry": {"type": "Polygon", "coordinates": [[[-100.43062, 25.79933], [-100.43167, 25.79895], [-100.4318, 25.7992], [-100.43072, 25.79958], [-100.43062, 25.79933]]]}}, {"id": "1440880", "type": "Feature", "properties": {"id": "1440880", "CVEGEO": "1901801050620020", "POBTOT": 155.0, "score_nse": 58.8732, "NSE": "C", "VIVTOT": 52.0, "GRAPROES": 9.54, "_ent": "19", "_mun": "018", "_loc": "0105"}, "geometry": {"type": "Polygon", "coordinates": [[[-100.42982, 25.79991], [-100.42799, 25.80058], [-100.42788, 25.80033], [-100.4297, 25.79965], [-100.42982, 25.79991]]]}}, {"id": "1440881", "type": "Feature", "properties": {"id": "1440881", "CVEGEO": "1901801050620019", "POBTOT": 104.0, "score_nse": 53.34, "NSE": "C-", "VIVTOT": 40.0, "GRAPROES": 9.54, "_ent": "19", "_mun": "018", "_loc": "0105"}, "geometry": {"type": "Polygon", "coordinates": [[[-100.43045, 25.80005], [-100.43039, 25.79979], [-100.43183, 25.79927], [-100.43193, 25.79951], [-100.43045, 25.80005]]]}}, {"id": "1440882", "type": "Feature", "properties": {"id": "1440882", "CVEGEO": "1901801050620010", "POBTOT": 161.0, "score_nse": 55.7196, "NSE": "C", "VIVTOT": 62.0, "GRAPROES": 9.85, "_ent": "19", "_mun": "018", "_loc": "0105"}, "geometry": {"type": "Polygon", "coordinates": [[[-100.42869, 25.80217], [-100.42859, 25.80192], [-100.43081, 25.80112], [-100.43092, 25.80136], [-100.42869, 25.80217]]]}}, {"id": "1440883", "type": "Feature", "properties": {"id": "1440883", "CVEGEO": "1901801050620007", "POBTOT": 82.0, "score_nse": 45.6682, "NSE": "C-", "VIVTOT": 42.0, "GRAPROES": 9.53, "_ent": "19", "_mun": "018", "_loc": "0105"}, "geometry": {"type": "Polygon", "coordinates": [[[-100.43254, 25.80087], [-100.43266, 25.80111], [-100.43117, 25.80165], [-100.43106, 25.8014], [-100.43254, 25.80087]]]}}, {"id": "1440884", "type": "Feature", "properties": {"id": "1440884", "CVEGEO": "1901801050620006", "POBTOT": 140.0, "score_nse": 53.7849, "NSE": "C-", "VIVTOT": 63.0, "GRAPROES": 10.13, "_ent": "19", "_mun": "018", "_loc": "0105"}, "geometry": {"type": "Polygon", "coordinates": [[[-100.4312, 25.802], [-100.42899, 25.80281], [-100.42888, 25.80256], [-100.43109, 25.80175], [-100.4312, 25.802]]]}}, {"id": "1440885", "type": "Feature", "properties": {"id": "1440885", "CVEGEO": "1901801050620005", "POBTOT": 95.0, "score_nse": 55.5008, "NSE": "C", "VIVTOT": 41.0, "GRAPROES": 10.43, "_ent": "19", "_mun": "018", "_loc": "0105"}, "geometry": {"type": "Polygon", "coordinates": [[[-100.43121, 25.80173], [-100.43268, 25.80119], [-100.43279, 25.80143], [-100.43132, 25.80196], [-100.43121, 25.80173]]]}}, {"id": "1440886", "type": "Feature", "properties": {"id": "1440886", "CVEGEO": "1901801050620004", "POBTOT": 69.0, "score_nse": 56.1935, "NSE": "C", "VIVTOT": 29.0, "GRAPROES": 10.84, "_ent": "19", "_mun": "018", "_loc": "0105"}, "geometry": {"type": "Polygon", "coordinates": [[[-100.43076, 25.80226], [-100.43108, 25.80225], [-100.43149, 25.80316], [-100.43117, 25.80322], [-100.43076, 25.80226]]]}}, {"id": "1440887", "type": "Feature", "properties": {"id": "1440887", "CVEGEO": "1901801050620003", "POBTOT": 88.0, "score_nse": 54.9618, "NSE": "C-", "VIVTOT": 32.0, "GRAPROES": 9.61, "_ent": "19", "_mun": "018", "_loc": "0105"}, "geometry": {"type": "Polygon", "coordinates": [[[-100.43113, 25.80212], [-100.4314, 25.80202], [-100.43189, 25.80311], [-100.43157, 25.80315], [-100.43113, 25.80212]]]}}, {"id": "1440888", "type": "Feature", "properties": {"id": "1440888", "CVEGEO": "1901801050620002", "POBTOT": 89.0, "score_nse": 52.952, "NSE": "C-", "VIVTOT": 34.0, "GRAPROES": 9.5, "_ent": "19", "_mun": "018", "_loc": "0105"}, "geometry": {"type": "Polygon", "coordinates": [[[-100.43176, 25.80189], [-100.43228, 25.80304], [-100.43197, 25.8031], [-100.43148, 25.80198], [-100.43176, 25.80189]]]}}, {"id": "1440889", "type": "Feature", "properties": {"id": "1440889", "CVEGEO": "1901801050620001", "POBTOT": 56.0, "score_nse": 55.8383, "NSE": "C", "VIVTOT": 21.0, "GRAPROES": 9.72, "_ent": "19", "_mun": "018", "_loc": "0105"}, "geometry": {"type": "Polygon", "coordinates": [[[-100.43023, 25.79912], [-100.43178, 25.79857], [-100.43188, 25.7988], [-100.43051, 25.79929], [-100.43063, 25.79959], [-100.43038, 25.7997], [-100.43023, 25.79912]]]}}, {"id": "1440890", "type": "Feature", "properties": {"id": "1440890", "CVEGEO": "1901801050616056", "POBTOT": 20.0, "score_nse": 80.748, "NSE": "C+", "VIVTOT": 6.0, "GRAPROES": 10.54, "_ent": "19", "_mun": "018", "_loc": "0105"}, "geometry": {"type": "Polygon", "coordinates": [[[-100.46124, 25.78758], [-100.46126, 25.7873], [-100.46154, 25.78732], [-100.46146, 25.7876], [-100.46124, 25.78758]]]}}, {"id": "1440891", "type": "Feature", "properties": {"id": "1440891", "CVEGEO": "1901801050616043", "POBTOT": 68.0, "score_nse": 0.0, "NSE": "ND", "VIVTOT": 26.0, "GRAPROES": 10.58, "_ent": "19", "_mun": "018", "_loc": "0105"}, "geometry": {"type": "Polygon", "coordinates": [[[-100.46299, 25.78363], [-100.46196, 25.78346], [-100.46203, 25.78316], [-100.46304, 25.78338], [-100.46299, 25.78363]]]}}, {"id": "1440892", "type": "Feature", "properties": {"id": "1440892", "CVEGEO": "1901801050616040", "POBTOT": 71.0, "score_nse": 65.1451, "NSE": "C", "VIVTOT": 28.0, "GRAPROES": 11.32, "_ent": "19", "_mun": "018", "_loc": "0105"}, "geometry": {"type": "Polygon", "coordinates": [[[-100.46848, 25.78394], [-100.46795, 25.78461], [-100.46768, 25.78445], [-100.4682, 25.78376], [-100.46848, 25.78394]]]}}, {"id": "1440893", "type": "Feature", "properties": {"id": "1440893", "CVEGEO": "1901801050616039", "POBTOT": 71.0, "score_nse": 62.224, "NSE": "C", "VIVTOT": 24.0, "GRAPROES": 10.11, "_ent": "19", "_mun": "018", "_loc": "0105"}, "geometry": {"type": "Polygon", "coordinates": [[[-100.46837, 25.78489], [-100.46885, 25.78428], [-100.46905, 25.78448], [-100.46862, 25.78504], [-100.46837, 25.78489]]]}}, {"id": "1440894", "type": "Feature", "properties": {"id": "1440894", "CVEGEO": "1901801050616038", "POBTOT": 81.0, "score_nse": 58.9152, "NSE": "C", "VIVTOT": 37.0, "GRAPROES": 10.96, "_ent": "19", "_mun": "018", "_loc": "0105"}, "geometry": {"type": "Polygon", "coordinates": [[[-100.46342, 25.78418], [-100.46348, 25.78389], [-100.46465, 25.78413], [-100.46457, 25.78442], [-100.46342, 25.78418]]]}}, {"id": "1440895", "type": "Feature", "properties": {"id": "1440895", "CVEGEO": "1901801050616037", "POBTOT": 55.0, "score_nse": 65.642, "NSE": "C", "VIVTOT": 16.0, "GRAPROES": 10.43, "_ent": "19", "_mun": "018", "_loc": "0105"}, "geometry": {"type": "Polygon", "coordinates": [[[-100.46527, 25.78427], [-100.46517, 25.78459], [-100.46463, 25.78446], [-100.46471, 25.78415], [-100.46527, 25.78427]]]}}, {"id": "1440896", "type": "Feature", "properties": {"id": "1440896", "CVEGEO": "1901801050616024", "POBTOT": 78.0, "score_nse": 54.9131, "NSE": "C-", "VIVTOT": 28.0, "GRAPROES": 10.35, "_ent": "19", "_mun": "018", "_loc": "0105"}, "geometry": {"type": "Polygon", "coordinates": [[[-100.46433, 25.78622], [-100.46496, 25.78681], [-100.46471, 25.78702], [-100.46408, 25.78642], [-100.46433, 25.78622]]]}}, {"id": "1440897", "type": "Feature", "properties": {"id": "1440897", "CVEGEO": "1901801050616023", "POBTOT": 76.0, "score_nse": 0.0, "NSE": "ND", "VIVTOT": 25.0, "GRAPROES": 10.89, "_ent": "19", "_mun": "018", "_loc": "0105"}, "geometry": {"type": "Polygon", "coordinates": [[[-100.46269, 25.78579], [-100.46338, 25.78641], [-100.46312, 25.78661], [-100.46262, 25.78617], [-100.46269, 25.78579]]]}}, {"id": "1440898", "type": "Feature", "properties": {"id": "1440898", "CVEGEO": "1901801050616022", "POBTOT": 252.0, "score_nse": 61.6515, "NSE": "C", "VIVTOT": 89.0, "GRAPROES": 10.14, "_ent": "19", "_mun": "018", "_loc": "0105"}, "geometry": {"type": "Polygon", "coordinates": [[[-100.46318, 25.78667], [-100.46355, 25.78646], [-100.46272, 25.7857], [-100.4628, 25.78545], [-100.46305, 25.78553], [-100.46464, 25.78707], [-100.4644, 25.78728], [-100.46365, 25.78657], [-100.46342, 25.78689], [-100.46318, 25.78667]]]}}, {"id": "1440899", "type": "Feature", "properties": {"id": "1440899", "CVEGEO": "1901801050616020", "POBTOT": 83.0, "score_nse": 60.4493, "NSE": "C", "VIVTOT": 30.0, "GRAPROES": 10.18, "_ent": "19", "_mun": "018", "_loc": "0105"}, "geometry": {"type": "Polygon", "coordinates": [[[-100.46142, 25.78646], [-100.46148, 25.78616], [-100.46248, 25.78633], [-100.46231, 25.78661], [-100.46142, 25.78646]]]}}, {"id": "1440900", "type": "Feature", "properties": {"id": "1440900", "CVEGEO": "1901801050616019", "POBTOT": 25.0, "score_nse": 63.4147, "NSE": "C", "VIVTOT": 9.0, "GRAPROES": 11.0, "_ent": "19", "_mun": "018", "_loc": "0105"}, "geometry": {"type": "Polygon", "coordinates": [[[-100.46177, 25.78699], [-100.46158, 25.78726], [-100.46127, 25.78722], [-100.46134, 25.78692], [-100.46177, 25.78699]]]}}, {"id": "1440901", "type": "Feature", "properties": {"id": "1440901", "CVEGEO": "1901801050616018", "POBTOT": 50.0, "score_nse": 58.9906, "NSE": "C", "VIVTOT": 17.0, "GRAPROES": 10.03, "_ent": "19", "_mun": "018", "_loc": "0105"}, "geometry": {"type": "Polygon", "coordinates": [[[-100.46244, 25.78664], [-100.46283, 25.78701], [-100.4626, 25.7872], [-100.46221, 25.78684], [-100.46244, 25.78664]]]}}, {"id": "1440902", "type": "Feature", "properties": {"id": "1440902", "CVEGEO": "1901801050616006", "POBTOT": 137.0, "score_nse": 59.7953, "NSE": "C", "VIVTOT": 56.0, "GRAPROES": 9.93, "_ent": "19", "_mun": "018", "_loc": "0105"}, "geometry": {"type": "Polygon", "coordinates": [[[-100.46211, 25.79003], [-100.46111, 25.78988], [-100.46115, 25.78961], [-100.46225, 25.78977], [-100.46273, 25.79023], [-100.46251, 25.7904], [-100.46211, 25.79003]]]}}, {"id": "1440903", "type": "Feature", "properties": {"id": "1440903", "CVEGEO": "1901801050616005", "POBTOT": 0.0, "score_nse": 0.0, "NSE": "ND", "VIVTOT": 0.0, "GRAPROES": 0.0, "_ent": "19", "_mun": "018", "_loc": "0105"}, "geometry": {"type": "Polygon", "coordinates": [[[-100.46034, 25.79105], [-100.46099, 25.78762], [-100.46145, 25.78768], [-100.46081, 25.79099], [-100.46034, 25.79105]]]}}, {"id": "1440904", "type": "Feature", "properties": {"id": "1440904", "CVEGEO": "1901801050368022", "POBTOT": 76.0, "score_nse": 60.5852, "NSE": "C", "VIVTOT": 23.0, "GRAPROES": 9.77, "_ent": "19", "_mun": "018", "_loc": "0105"}, "geometry": {"type": "Polygon", "coordinates": [[[-100.42036, 25.7926], [-100.42023, 25.79233], [-100.42099, 25.79204], [-100.42112, 25.79231], [-100.42036, 25.7926]]]}}, {"id": "1440905", "type": "Feature", "properties": {"id": "1440905", "CVEGEO": "1901801050368021", "POBTOT": 126.0, "score_nse": 67.566, "NSE": "C", "VIVTOT": 36.0, "GRAPROES": 9.72, "_ent": "19", "_mun": "018", "_loc": "0105"}, "geometry": {"type": "Polygon", "coordinates": [[[-100.42121, 25.79228], [-100.42115, 25.79215], [-100.42069, 25.79113], [-100.42106, 25.79113], [-100.42153, 25.79216], [-100.42121, 25.79228]]]}}, {"id": "1440906", "type": "Feature", "properties": {"id": "1440906", "CVEGEO": "1901801050368020", "POBTOT": 97.0, "score_nse": 62.3022, "NSE": "C", "VIVTOT": 26.0, "GRAPROES": 10.86, "_ent": "19", "_mun": "018", "_loc": "0105"}, "geometry": {"type": "Polygon", "coordinates": [[[-100.41955, 25.79298], [-100.42031, 25.79271], [-100.42043, 25.79298], [-100.41967, 25.79327], [-100.41955, 25.79298]]]}}, {"id": "1440907", "type": "Feature", "properties": {"id": "1440907", "CVEGEO": "1901801050368019", "POBTOT": 110.0, "score_nse": 60.2019, "NSE": "C", "VIVTOT": 33.0, "GRAPROES": 9.19, "_ent": "19", "_mun": "018", "_loc": "0105"}, "geometry": {"type": "Polygon", "coordinates": [[[-100.42155, 25.79224], [-100.42168, 25.7925], [-100.42051, 25.79294], [-100.42039, 25.79268], [-100.42155, 25.79224]]]}}, {"id": "1440908", "type": "Feature", "properties": {"id": "1440908", "CVEGEO": "1901801050368017", "POBTOT": 111.0, "score_nse": 64.6692, "NSE": "C", "VIVTOT": 32.0, "GRAPROES": 9.96, "_ent": "19", "_mun": "018", "_loc": "0105"}, "geometry": {"type": "Polygon", "coordinates": [[[-100.42171, 25.79258], [-100.42182, 25.79283], [-100.4207, 25.79324], [-100.42059, 25.793], [-100.42171, 25.79258]]]}}, {"id": "1440909", "type": "Feature", "properties": {"id": "1440909", "CVEGEO": "1901801050368016", "POBTOT": 100.0, "score_nse": 61.4961, "NSE": "C", "VIVTOT": 31.0, "GRAPROES": 9.76, "_ent": "19", "_mun": "018", "_loc": "0105"}, "geometry": {"type": "Polygon", "coordinates": [[[-100.42181, 25.79292], [-100.42197, 25.79315], [-100.42084, 25.79357], [-100.42073, 25.79332], [-100.42181, 25.79292]]]}}, {"id": "1440910", "type": "Feature", "properties": {"id": "1440910", "CVEGEO": "1901801050368015", "POBTOT": 99.0, "score_nse": 59.3645, "NSE": "C", "VIVTOT": 32.0, "GRAPROES": 9.76, "_ent": "19", "_mun": "018", "_loc": "0105"}, "geometry": {"type": "Polygon", "coordinates": [[[-100.42088, 25.79364], [-100.42199, 25.79321], [-100.42211, 25.79347], [-100.42098, 25.79389], [-100.42088, 25.79364]]]}}, {"id": "1440911", "type": "Feature", "properties": {"id": "1440911", "CVEGEO": "1901801050368014", "POBTOT": 115.0, "score_nse": 66.0726, "NSE": "C", "VIVTOT": 31.0, "GRAPROES": 10.04, "_ent": "19", "_mun": "018", "_loc": "0105"}, "geometry": {"type": "Polygon", "coordinates": [[[-100.42214, 25.79354], [-100.42226, 25.7938], [-100.42114, 25.79421], [-100.42102, 25.79396], [-100.42214, 25.79354]]]}}, {"id": "1440912", "type": "Feature", "properties": {"id": "1440912", "CVEGEO": "1901801050368001", "POBTOT": 56.0, "score_nse": 57.0675, "NSE": "C", "VIVTOT": 16.0, "GRAPROES": 8.39, "_ent": "19", "_mun": "018", "_loc": "0105"}, "geometry": {"type": "Polygon", "coordinates": [[[-100.42306, 25.79557], [-100.42208, 25.7962], [-100.42159, 25.79528], [-100.42272, 25.79485], [-100.42306, 25.79557]]]}}, {"id": "1440913", "type": "Feature", "properties": {"id": "1440913", "CVEGEO": "1901801050353020", "POBTOT": 18.0, "score_nse": 0.0, "NSE": "ND", "VIVTOT": 5.0, "GRAPROES": 10.08, "_ent": "19", "_mun": "018", "_loc": "0105"}, "geometry": {"type": "Polygon", "coordinates": [[[-100.42627, 25.79103], [-100.42571, 25.79093], [-100.4257, 25.79049], [-100.42589, 25.79019], [-100.42763, 25.79116], [-100.42726, 25.79157], [-100.42627, 25.79103]]]}}, {"id": "1440914", "type": "Feature", "properties": {"id": "1440914", "CVEGEO": "1901801050353019", "POBTOT": 0.0, "score_nse": 0.0, "NSE": "ND", "VIVTOT": 0.0, "GRAPROES": 0.0, "_ent": "19", "_mun": "018", "_loc": "0105"}, "geometry": {"type": "Polygon", "coordinates": [[[-100.42119, 25.79114], [-100.42252, 25.79117], [-100.42319, 25.79118], [-100.42149, 25.79182], [-100.42119, 25.79114]]]}}, {"id": "1440915", "type": "Feature", "properties": {"id": "1440915", "CVEGEO": "1901801050353018", "POBTOT": 171.0, "score_nse": 64.3968, "NSE": "C", "VIVTOT": 52.0, "GRAPROES": 9.92, "_ent": "19", "_mun": "018", "_loc": "0105"}, "geometry": {"type": "Polygon", "coordinates": [[[-100.42154, 25.7919], [-100.42315, 25.79131], [-100.4234, 25.79131], [-100.42347, 25.79147], [-100.42164, 25.79215], [-100.42154, 25.7919]]]}}, {"id": "1440916", "type": "Feature", "properties": {"id": "1440916", "CVEGEO": "1901801050353017", "POBTOT": 151.0, "score_nse": 55.4778, "NSE": "C", "VIVTOT": 39.0, "GRAPROES": 8.0, "_ent": "19", "_mun": "018", "_loc": "0105"}, "geometry": {"type": "Polygon", "coordinates": [[[-100.42346, 25.79114], [-100.42495, 25.79095], [-100.42538, 25.79098], [-100.4253, 25.79126], [-100.42482, 25.79112], [-100.42357, 25.79144], [-100.42346, 25.79114]]]}}, {"id": "1440917", "type": "Feature", "properties": {"id": "1440917", "CVEGEO": "1901801050353016", "POBTOT": 84.0, "score_nse": 0.0, "NSE": "ND", "VIVTOT": 18.0, "GRAPROES": 8.25, "_ent": "19", "_mun": "018", "_loc": "0105"}, "geometry": {"type": "Polygon", "coordinates": [[[-100.42677, 25.79136], [-100.42612, 25.792], [-100.42632, 25.79112], [-100.42677, 25.79136]]]}}, {"id": "1440918", "type": "Feature", "properties": {"id": "1440918", "CVEGEO": "1901801050353015", "POBTOT": 184.0, "score_nse": 64.1288, "NSE": "C", "VIVTOT": 51.0, "GRAPROES": 9.85, "_ent": "19", "_mun": "018", "_loc": "0105"}, "geometry": {"type": "Polygon", "coordinates": [[[-100.42168, 25.79221], [-100.42342, 25.79158], [-100.42351, 25.79183], [-100.42179, 25.79246], [-100.42168, 25.79221]]]}}, {"id": "1440919", "type": "Feature", "properties": {"id": "1440919", "CVEGEO": "1901801050353003", "POBTOT": 0.0, "score_nse": 0.0, "NSE": "ND", "VIVTOT": 0.0, "GRAPROES": 0.0, "_ent": "19", "_mun": "018", "_loc": "0105"}, "geometry": {"type": "Polygon", "coordinates": [[[-100.42601, 25.79295], [-100.42482, 25.79426], [-100.42459, 25.79369], [-100.42496, 25.79317], [-100.42551, 25.79098], [-100.42623, 25.79111], [-100.42584, 25.79283], [-100.42601, 25.79295]]]}}, {"id": "1440920", "type": "Feature", "properties": {"id": "1440920", "CVEGEO": "1901801050353002", "POBTOT": 88.0, "score_nse": 53.0321, "NSE": "C-", "VIVTOT": 27.0, "GRAPROES": 8.78, "_ent": "19", "_mun": "018", "_loc": "0105"}, "geometry": {"type": "Polygon", "coordinates": [[[-100.42686, 25.79141], [-100.42719, 25.79166], [-100.42605, 25.79291], [-100.42596, 25.79286], [-100.42603, 25.79232], [-100.42686, 25.79141]]]}}, {"id": "1440921", "type": "Feature", "properties": {"id": "1440921", "CVEGEO": "1901801050353001", "POBTOT": 172.0, "score_nse": 52.1002, "NSE": "C-", "VIVTOT": 59.0, "GRAPROES": 8.8, "_ent": "19", "_mun": "018", "_loc": "0105"}, "geometry": {"type": "Polygon", "coordinates": [[[-100.42741, 25.79181], [-100.42917, 25.79334], [-100.42998, 25.79367], [-100.43043, 25.79485], [-100.42853, 25.79556], [-100.42847, 25.79543], [-100.42804, 25.79558], [-100.4281, 25.79572], [-100.42584, 25.79657], [-100.42495, 25.79449], [-100.42741, 25.79181]]]}}, {"id": "1440922", "type": "Feature", "properties": {"id": "1440922", "CVEGEO": "1901801050300008", "POBTOT": 0.0, "score_nse": 0.0, "NSE": "ND", "VIVTOT": 0.0, "GRAPROES": 0.0, "_ent": "19", "_mun": "018", "_loc": "0105"}, "geometry": {"type": "Polygon", "coordinates": [[[-100.45834, 25.77988], [-100.45783, 25.77977], [-100.45767, 25.78065], [-100.45641, 25.78033], [-100.45552, 25.77951], [-100.45541, 25.77912], [-100.45554, 25.77856], [-100.45626, 25.77777], [-100.45965, 25.77654], [-100.45861, 25.77702], [-100.45834, 25.77988]]]}}, {"id": "1440923", "type": "Feature", "properties": {"id": "1440923", "CVEGEO": "1901801050300007", "POBTOT": 0.0, "score_nse": 0.0, "NSE": "ND", "VIVTOT": 0.0, "GRAPROES": 0.0, "_ent": "19", "_mun": "018", "_loc": "0105"}, "geometry": {"type": "Polygon", "coordinates": [[[-100.45945, 25.78012], [-100.45845, 25.7799], [-100.45868, 25.77707], [-100.45978, 25.77668], [-100.45945, 25.78012]]]}}, {"id": "1440924", "type": "Feature", "properties": {"id": "1440924", "CVEGEO": "1901801050300006", "POBTOT": 0.0, "score_nse": 0.0, "NSE": "ND", "VIVTOT": 0.0, "GRAPROES": 0.0, "_ent": "19", "_mun": "018", "_loc": "0105"}, "geometry": {"type": "Polygon", "coordinates": [[[-100.45992, 25.77663], [-100.46088, 25.77629], [-100.46045, 25.78033], [-100.4596, 25.78015], [-100.45992, 25.77663]]]}}, {"id": "1440925", "type": "Feature", "properties": {"id": "1440925", "CVEGEO": "1901801050300005", "POBTOT": 0.0, "score_nse": 0.0, "NSE": "ND", "VIVTOT": 0.0, "GRAPROES": 0.0, "_ent": "19", "_mun": "018", "_loc": "0105"}, "geometry": {"type": "Polygon", "coordinates": [[[-100.46194, 25.77595], [-100.46152, 25.78053], [-100.46149, 25.78056], [-100.4606, 25.78032], [-100.46099, 25.77625], [-100.46194, 25.77595]]]}}, {"id": "1440926", "type": "Feature", "properties": {"id": "1440926", "CVEGEO": "1901801050160013", "POBTOT": 0.0, "score_nse": 0.0, "NSE": "ND", "VIVTOT": 0.0, "GRAPROES": 0.0, "_ent": "19", "_mun": "018", "_loc": "0105"}, "geometry": {"type": "Polygon", "coordinates": [[[-100.42928, 25.79206], [-100.42815, 25.79113], [-100.42965, 25.78954], [-100.43092, 25.79019], [-100.42928, 25.79206]]]}}, {"id": "1440927", "type": "Feature", "properties": {"id": "1440927", "CVEGEO": "1901801050160012", "POBTOT": 0.0, "score_nse": 0.0, "NSE": "ND", "VIVTOT": 0.0, "GRAPROES": 0.0, "_ent": "19", "_mun": "018", "_loc": "0105"}, "geometry": {"type": "Polygon", "coordinates": [[[-100.43107, 25.79022], [-100.43462, 25.79054], [-100.43401, 25.7937], [-100.43248, 25.79383], [-100.43162, 25.79368], [-100.42939, 25.79215], [-100.43107, 25.79022]]]}}, {"id": "1440928", "type": "Feature", "properties": {"id": "1440928", "CVEGEO": "1901801050160011", "POBTOT": 0.0, "score_nse": 0.0, "NSE": "ND", "VIVTOT": 0.0, "GRAPROES": 0.0, "_ent": "19", "_mun": "018", "_loc": "0105"}, "geometry": {"type": "Polygon", "coordinates": [[[-100.43426, 25.79293], [-100.43445, 25.79281], [-100.43666, 25.79314], [-100.43734, 25.793], [-100.43997, 25.79087], [-100.44056, 25.79114], [-100.44846, 25.79231], [-100.44926, 25.79255], [-100.44892, 25.79448], [-100.44935, 25.79254], [-100.45075, 25.79262], [-100.45889, 25.79386], [-100.45614, 25.79631], [-100.44932, 25.79643], [-100.44618, 25.79598], [-100.44402, 25.79528], [-100.43745, 25.79395], [-100.43567, 25.79372], [-100.43411, 25.79373], [-100.43426, 25.79293]]]}}, {"id": "1440929", "type": "Feature", "properties": {"id": "1440929", "CVEGEO": "1901801050160010", "POBTOT": 3.0, "score_nse": 0.0, "NSE": "ND", "VIVTOT": 2.0, "GRAPROES": 0.0, "_ent": "19", "_mun": "018", "_loc": "0105"}, "geometry": {"type": "Polygon", "coordinates": [[[-100.43936, 25.78376], [-100.44456, 25.78187], [-100.44561, 25.78425], [-100.44038, 25.7861], [-100.43936, 25.78376]]]}}, {"id": "1440930", "type": "Feature", "properties": {"id": "1440930", "CVEGEO": "1901801050160009", "POBTOT": 0.0, "score_nse": 0.0, "NSE": "ND", "VIVTOT": 0.0, "GRAPROES": 0.0, "_ent": "19", "_mun": "018", "_loc": "0105"}, "geometry": {"type": "Polygon", "coordinates": [[[-100.43714, 25.78471], [-100.43864, 25.78814], [-100.43515, 25.78939], [-100.43479, 25.78979], [-100.43463, 25.79047], [-100.43172, 25.79029], [-100.43098, 25.7901], [-100.42974, 25.78947], [-100.43137, 25.78767], [-100.43257, 25.78671], [-100.4347, 25.78556], [-100.43714, 25.78471]]]}}, {"id": "1440971", "type": "Feature", "properties": {"id": "1440971", "CVEGEO": "1901801050300001", "POBTOT": 0.0, "score_nse": 0.0, "NSE": "ND", "VIVTOT": 0.0, "GRAPROES": 0.0, "_ent": "19", "_mun": "018", "_loc": "0105"}, "geometry": {"type": "Polygon", "coordinates": [[[-100.46532, 25.78156], [-100.4652, 25.78237], [-100.46158, 25.78153], [-100.46163, 25.78074], [-100.46532, 25.78156]]]}}, {"id": "1440972", "type": "Feature", "properties": {"id": "1440972", "CVEGEO": "1901801050160008", "POBTOT": 0.0, "score_nse": 0.0, "NSE": "ND", "VIVTOT": 0.0, "GRAPROES": 0.0, "_ent": "19", "_mun": "018", "_loc": "0105"}, "geometry": {"type": "Polygon", "coordinates": [[[-100.43931, 25.78392], [-100.44061, 25.78688], [-100.4412, 25.78747], [-100.44008, 25.78895], [-100.43939, 25.78929], [-100.4374, 25.78462], [-100.43931, 25.78392]]]}}, {"id": "1440973", "type": "Feature", "properties": {"id": "1440973", "CVEGEO": "1901801050160007", "POBTOT": 0.0, "score_nse": 0.0, "NSE": "ND", "VIVTOT": 0.0, "GRAPROES": 0.0, "_ent": "19", "_mun": "018", "_loc": "0105"}, "geometry": {"type": "Polygon", "coordinates": [[[-100.44087, 25.78709], [-100.44041, 25.78619], [-100.44565, 25.78433], [-100.44599, 25.78511], [-100.44585, 25.78534], [-100.44198, 25.78673], [-100.44128, 25.78739], [-100.44087, 25.78709]]]}}, {"id": "1440974", "type": "Feature", "properties": {"id": "1440974", "CVEGEO": "1901801050160004", "POBTOT": 0.0, "score_nse": 0.0, "NSE": "ND", "VIVTOT": 0.0, "GRAPROES": 0.0, "_ent": "19", "_mun": "018", "_loc": "0105"}, "geometry": {"type": "Polygon", "coordinates": [[[-100.44932, 25.79213], [-100.4415, 25.79109], [-100.44171, 25.78996], [-100.4421, 25.78955], [-100.44395, 25.78889], [-100.44446, 25.78956], [-100.44965, 25.79034], [-100.44932, 25.79213]]]}}, {"id": "1440975", "type": "Feature", "properties": {"id": "1440975", "CVEGEO": "1901801050160003", "POBTOT": 0.0, "score_nse": 0.0, "NSE": "ND", "VIVTOT": 0.0, "GRAPROES": 0.0, "_ent": "19", "_mun": "018", "_loc": "0105"}, "geometry": {"type": "Polygon", "coordinates": [[[-100.44992, 25.78882], [-100.44966, 25.79026], [-100.4445, 25.78949], [-100.44404, 25.78886], [-100.4457, 25.78829], [-100.44636, 25.78828], [-100.44992, 25.78882]]]}}, {"id": "1440976", "type": "Feature", "properties": {"id": "1440976", "CVEGEO": "1901801050160002", "POBTOT": 0.0, "score_nse": 0.0, "NSE": "ND", "VIVTOT": 0.0, "GRAPROES": 0.0, "_ent": "19", "_mun": "018", "_loc": "0105"}, "geometry": {"type": "Polygon", "coordinates": [[[-100.44945, 25.79206], [-100.45003, 25.78885], [-100.45286, 25.78933], [-100.45143, 25.79213], [-100.45082, 25.79245], [-100.44986, 25.7923], [-100.44945, 25.79206]]]}}, {"id": "1441314", "type": "Feature", "properties": {"id": "1441314", "CVEGEO": "1901801050902001", "POBTOT": 0.0, "score_nse": 0.0, "NSE": "ND", "VIVTOT": 0.0, "GRAPROES": 0.0, "_ent": "19", "_mun": "018", "_loc": "0105"}, "geometry": {"type": "Polygon", "coordinates": [[[-100.43666, 25.79644], [-100.43771, 25.7989], [-100.43541, 25.79974], [-100.43432, 25.79727], [-100.43666, 25.79644]]]}}, {"id": "1441315", "type": "Feature", "properties": {"id": "1441315", "CVEGEO": "1901801050832006", "POBTOT": 23.0, "score_nse": 57.4892, "NSE": "C", "VIVTOT": 13.0, "GRAPROES": 10.82, "_ent": "19", "_mun": "018", "_loc": "0105"}, "geometry": {"type": "Polygon", "coordinates": [[[-100.43876, 25.8005], [-100.43916, 25.80138], [-100.43899, 25.80145], [-100.43859, 25.80056], [-100.43876, 25.8005]]]}}, {"id": "1441316", "type": "Feature", "properties": {"id": "1441316", "CVEGEO": "1901801050832005", "POBTOT": 165.0, "score_nse": 57.7499, "NSE": "C", "VIVTOT": 59.0, "GRAPROES": 10.06, "_ent": "19", "_mun": "018", "_loc": "0105"}, "geometry": {"type": "Polygon", "coordinates": [[[-100.43912, 25.8011], [-100.44112, 25.80041], [-100.44123, 25.80065], [-100.43923, 25.80135], [-100.43912, 25.8011]]]}}, {"id": "1441317", "type": "Feature", "properties": {"id": "1441317", "CVEGEO": "1901801050832003", "POBTOT": 130.0, "score_nse": 49.5542, "NSE": "C-", "VIVTOT": 55.0, "GRAPROES": 9.39, "_ent": "19", "_mun": "018", "_loc": "0105"}, "geometry": {"type": "Polygon", "coordinates": [[[-100.43926, 25.80142], [-100.44126, 25.80071], [-100.44134, 25.80088], [-100.43937, 25.80166], [-100.43926, 25.80142]]]}}, {"id": "1441318", "type": "Feature", "properties": {"id": "1441318", "CVEGEO": "1901801050832002", "POBTOT": 121.0, "score_nse": 0.0, "NSE": "ND", "VIVTOT": 56.0, "GRAPROES": 10.52, "_ent": "19", "_mun": "018", "_loc": "0105"}, "geometry": {"type": "Polygon", "coordinates": [[[-100.44144, 25.80084], [-100.44136, 25.80068], [-100.44337, 25.79998], [-100.44348, 25.80022], [-100.44144, 25.80084]]]}}, {"id": "1441319", "type": "Feature", "properties": {"id": "1441319", "CVEGEO": "1901801050902002", "POBTOT": 0.0, "score_nse": 10.0, "NSE": "E", "VIVTOT": 1.0, "GRAPROES": 0.0, "_ent": "19", "_mun": "018", "_loc": "0105"}, "geometry": {"type": "Polygon", "coordinates": [[[-100.43357, 25.79411], [-100.43565, 25.79412], [-100.44017, 25.79487], [-100.44007, 25.79559], [-100.43615, 25.79514], [-100.43589, 25.79457], [-100.43365, 25.79465], [-100.43357, 25.79411]]]}}, {"id": "1441320", "type": "Feature", "properties": {"id": "1441320", "CVEGEO": "1901801050724009", "POBTOT": 62.0, "score_nse": 65.308, "NSE": "C", "VIVTOT": 22.0, "GRAPROES": 11.68, "_ent": "19", "_mun": "018", "_loc": "0105"}, "geometry": {"type": "Polygon", "coordinates": [[[-100.43416, 25.79905], [-100.43442, 25.79895], [-100.43477, 25.79973], [-100.43451, 25.79982], [-100.43416, 25.79905]]]}}, {"id": "1441321", "type": "Feature", "properties": {"id": "1441321", "CVEGEO": "1901801050724008", "POBTOT": 67.0, "score_nse": 0.0, "NSE": "ND", "VIVTOT": 30.0, "GRAPROES": 9.76, "_ent": "19", "_mun": "018", "_loc": "0105"}, "geometry": {"type": "Polygon", "coordinates": [[[-100.43813, 25.79926], [-100.44009, 25.79858], [-100.44029, 25.79867], [-100.44046, 25.79904], [-100.44027, 25.79917], [-100.44012, 25.79887], [-100.43815, 25.79956], [-100.43813, 25.79926]]]}}, {"id": "1441322", "type": "Feature", "properties": {"id": "1441322", "CVEGEO": "1901801050724019", "POBTOT": 125.0, "score_nse": 50.0443, "NSE": "C-", "VIVTOT": 58.0, "GRAPROES": 9.69, "_ent": "19", "_mun": "018", "_loc": "0105"}, "geometry": {"type": "Polygon", "coordinates": [[[-100.43988, 25.79733], [-100.43976, 25.79709], [-100.44177, 25.79637], [-100.44187, 25.79662], [-100.43988, 25.79733]]]}}, {"id": "1441323", "type": "Feature", "properties": {"id": "1441323", "CVEGEO": "1901801050620055", "POBTOT": 118.0, "score_nse": 58.734, "NSE": "C", "VIVTOT": 40.0, "GRAPROES": 9.18, "_ent": "19", "_mun": "018", "_loc": "0105"}, "geometry": {"type": "Polygon", "coordinates": [[[-100.43285, 25.80137], [-100.43176, 25.79892], [-100.43191, 25.79886], [-100.433, 25.80135], [-100.43285, 25.80137]]]}}, {"id": "1441324", "type": "Feature", "properties": {"id": "1441324", "CVEGEO": "1901801050620053", "POBTOT": 243.0, "score_nse": 53.4599, "NSE": "C-", "VIVTOT": 101.0, "GRAPROES": 9.84, "_ent": "19", "_mun": "018", "_loc": "0105"}, "geometry": {"type": "Polygon", "coordinates": [[[-100.42852, 25.80234], [-100.42865, 25.80229], [-100.42892, 25.80292], [-100.43065, 25.80229], [-100.43112, 25.80332], [-100.43237, 25.80314], [-100.43186, 25.80186], [-100.4332, 25.80136], [-100.43398, 25.80315], [-100.43279, 25.80362], [-100.43262, 25.80321], [-100.43105, 25.80345], [-100.4306, 25.80246], [-100.42885, 25.80309], [-100.42852, 25.80234]]]}}, {"id": "1441325", "type": "Feature", "properties": {"id": "1441325", "CVEGEO": "1901801050620052", "POBTOT": 62.0, "score_nse": 49.4747, "NSE": "C-", "VIVTOT": 30.0, "GRAPROES": 10.33, "_ent": "19", "_mun": "018", "_loc": "0105"}, "geometry": {"type": "Polygon", "coordinates": [[[-100.43018, 25.79978], [-100.42989, 25.79988], [-100.42973, 25.79957], [-100.42762, 25.80036], [-100.42754, 25.80017], [-100.4298, 25.79927], [-100.42999, 25.79934], [-100.43018, 25.79978]]]}}, {"id": "1441326", "type": "Feature", "properties": {"id": "1441326", "CVEGEO": "1901801050620049", "POBTOT": 32.0, "score_nse": 0.0, "NSE": "ND", "VIVTOT": 13.0, "GRAPROES": 11.09, "_ent": "19", "_mun": "018", "_loc": "0105"}, "geometry": {"type": "Polygon", "coordinates": [[[-100.43195, 25.79731], [-100.43221, 25.79721], [-100.43246, 25.79774], [-100.43218, 25.79784], [-100.43195, 25.79731]]]}}, {"id": "1441327", "type": "Feature", "properties": {"id": "1441327", "CVEGEO": "1901801050620032", "POBTOT": 0.0, "score_nse": 0.0, "NSE": "ND", "VIVTOT": 0.0, "GRAPROES": 0.0, "_ent": "19", "_mun": "018", "_loc": "0105"}, "geometry": {"type": "Polygon", "coordinates": [[[-100.42806, 25.79559], [-100.42846, 25.79544], [-100.42905, 25.79676], [-100.42895, 25.79694], [-100.42865, 25.7969], [-100.42806, 25.79559]]]}}, {"id": "1441328", "type": "Feature", "properties": {"id": "1441328", "CVEGEO": "1901801050620031", "POBTOT": 120.0, "score_nse": 56.3235, "NSE": "C", "VIVTOT": 44.0, "GRAPROES": 10.2, "_ent": "19", "_mun": "018", "_loc": "0105"}, "geometry": {"type": "Polygon", "coordinates": [[[-100.43077, 25.79624], [-100.42919, 25.79683], [-100.42907, 25.79661], [-100.43066, 25.79599], [-100.43077, 25.79624]]]}}, {"id": "1441329", "type": "Feature", "properties": {"id": "1441329", "CVEGEO": "1901801050620030", "POBTOT": 149.0, "score_nse": 56.6842, "NSE": "C", "VIVTOT": 53.0, "GRAPROES": 9.89, "_ent": "19", "_mun": "018", "_loc": "0105"}, "geometry": {"type": "Polygon", "coordinates": [[[-100.42672, 25.79749], [-100.42848, 25.79683], [-100.42866, 25.79704], [-100.42684, 25.79774], [-100.42672, 25.79749]]]}}, {"id": "1441330", "type": "Feature", "properties": {"id": "1441330", "CVEGEO": "1901801050620028", "POBTOT": 140.0, "score_nse": 56.3937, "NSE": "C", "VIVTOT": 49.0, "GRAPROES": 9.31, "_ent": "19", "_mun": "018", "_loc": "0105"}, "geometry": {"type": "Polygon", "coordinates": [[[-100.42918, 25.79729], [-100.43094, 25.79664], [-100.43106, 25.79688], [-100.42929, 25.79754], [-100.42918, 25.79729]]]}}, {"id": "1441331", "type": "Feature", "properties": {"id": "1441331", "CVEGEO": "1901801050620017", "POBTOT": 124.0, "score_nse": 51.8076, "NSE": "C-", "VIVTOT": 42.0, "GRAPROES": 8.61, "_ent": "19", "_mun": "018", "_loc": "0105"}, "geometry": {"type": "Polygon", "coordinates": [[[-100.43049, 25.80012], [-100.43197, 25.79958], [-100.43208, 25.79983], [-100.4306, 25.80037], [-100.43049, 25.80012]]]}}, {"id": "1441332", "type": "Feature", "properties": {"id": "1441332", "CVEGEO": "1901801050620016", "POBTOT": 121.0, "score_nse": 52.7493, "NSE": "C-", "VIVTOT": 51.0, "GRAPROES": 9.9, "_ent": "19", "_mun": "018", "_loc": "0105"}, "geometry": {"type": "Polygon", "coordinates": [[[-100.42828, 25.8012], [-100.42817, 25.80096], [-100.43, 25.8003], [-100.43011, 25.80055], [-100.42828, 25.8012]]]}}, {"id": "1441333", "type": "Feature", "properties": {"id": "1441333", "CVEGEO": "1901801050620015", "POBTOT": 0.0, "score_nse": 0.0, "NSE": "ND", "VIVTOT": 0.0, "GRAPROES": 0.0, "_ent": "19", "_mun": "018", "_loc": "0105"}, "geometry": {"type": "Polygon", "coordinates": [[[-100.4302, 25.79987], [-100.43062, 25.80068], [-100.43034, 25.80081], [-100.42995, 25.8], [-100.4302, 25.79987]]]}}, {"id": "1441334", "type": "Feature", "properties": {"id": "1441334", "CVEGEO": "1901801050620014", "POBTOT": 110.0, "score_nse": 51.024, "NSE": "C-", "VIVTOT": 50.0, "GRAPROES": 9.52, "_ent": "19", "_mun": "018", "_loc": "0105"}, "geometry": {"type": "Polygon", "coordinates": [[[-100.42831, 25.80128], [-100.43013, 25.80062], [-100.43024, 25.80086], [-100.42843, 25.80153], [-100.42831, 25.80128]]]}}, {"id": "1441335", "type": "Feature", "properties": {"id": "1441335", "CVEGEO": "1901801050616052", "POBTOT": 80.0, "score_nse": 59.2947, "NSE": "C", "VIVTOT": 30.0, "GRAPROES": 10.36, "_ent": "19", "_mun": "018", "_loc": "0105"}, "geometry": {"type": "Polygon", "coordinates": [[[-100.46197, 25.78355], [-100.46297, 25.78371], [-100.46291, 25.78398], [-100.4619, 25.78384], [-100.46197, 25.78355]]]}}, {"id": "1441336", "type": "Feature", "properties": {"id": "1441336", "CVEGEO": "1901801050616051", "POBTOT": 80.0, "score_nse": 59.9844, "NSE": "C", "VIVTOT": 33.0, "GRAPROES": 10.87, "_ent": "19", "_mun": "018", "_loc": "0105"}, "geometry": {"type": "Polygon", "coordinates": [[[-100.4628, 25.78476], [-100.46175, 25.7846], [-100.4618, 25.7843], [-100.46286, 25.78447], [-100.4628, 25.78476]]]}}, {"id": "1441337", "type": "Feature", "properties": {"id": "1441337", "CVEGEO": "1901801050616050", "POBTOT": 68.0, "score_nse": 55.7312, "NSE": "C", "VIVTOT": 32.0, "GRAPROES": 10.78, "_ent": "19", "_mun": "018", "_loc": "0105"}, "geometry": {"type": "Polygon", "coordinates": [[[-100.46265, 25.78547], [-100.46162, 25.78533], [-100.46167, 25.78504], [-100.46271, 25.78521], [-100.46265, 25.78547]]]}}, {"id": "1441379", "type": "Feature", "properties": {"id": "1441379", "CVEGEO": "1901801050902010", "POBTOT": 97.0, "score_nse": 55.254, "NSE": "C", "VIVTOT": 40.0, "GRAPROES": 9.77, "_ent": "19", "_mun": "018", "_loc": "0105"}, "geometry": {"type": "Polygon", "coordinates": [[[-100.43192, 25.79462], [-100.43345, 25.79473], [-100.4335, 25.79488], [-100.43273, 25.79518], [-100.43257, 25.79484], [-100.43111, 25.79537], [-100.43104, 25.79521], [-100.43145, 25.79496], [-100.43101, 25.79514], [-100.43094, 25.79498], [-100.43192, 25.79462]]]}}, {"id": "1441380", "type": "Feature", "properties": {"id": "1441380", "CVEGEO": "1901801050620054", "POBTOT": 38.0, "score_nse": 55.2829, "NSE": "C", "VIVTOT": 14.0, "GRAPROES": 9.33, "_ent": "19", "_mun": "018", "_loc": "0105"}, "geometry": {"type": "Polygon", "coordinates": [[[-100.42849, 25.80228], [-100.42808, 25.80138], [-100.42824, 25.80132], [-100.42862, 25.80223], [-100.42849, 25.80228]]]}}, {"id": "1441381", "type": "Feature", "properties": {"id": "1441381", "CVEGEO": "1901801050616049", "POBTOT": 83.0, "score_nse": 59.2399, "NSE": "C", "VIVTOT": 33.0, "GRAPROES": 9.84, "_ent": "19", "_mun": "018", "_loc": "0105"}, "geometry": {"type": "Polygon", "coordinates": [[[-100.46252, 25.78623], [-100.46149, 25.78607], [-100.46153, 25.78579], [-100.46258, 25.78595], [-100.46252, 25.78623]]]}}, {"id": "1441382", "type": "Feature", "properties": {"id": "1441382", "CVEGEO": "1901801050616047", "POBTOT": 0.0, "score_nse": 0.0, "NSE": "ND", "VIVTOT": 0.0, "GRAPROES": 0.0, "_ent": "19", "_mun": "018", "_loc": "0105"}, "geometry": {"type": "Polygon", "coordinates": [[[-100.46911, 25.78544], [-100.46951, 25.78479], [-100.4695, 25.78425], [-100.4693, 25.78388], [-100.46865, 25.78344], [-100.47085, 25.78395], [-100.46911, 25.78544]]]}}, {"id": "1441383", "type": "Feature", "properties": {"id": "1441383", "CVEGEO": "1901801050368023", "POBTOT": 80.0, "score_nse": 62.208, "NSE": "C", "VIVTOT": 25.0, "GRAPROES": 9.45, "_ent": "19", "_mun": "018", "_loc": "0105"}, "geometry": {"type": "Polygon", "coordinates": [[[-100.42015, 25.79236], [-100.42027, 25.79263], [-100.41953, 25.79291], [-100.4194, 25.79263], [-100.42015, 25.79236]]]}}, {"id": "1441421", "type": "Feature", "properties": {"id": "1441421", "CVEGEO": "1901801050616025", "POBTOT": 98.0, "score_nse": 60.469, "NSE": "C", "VIVTOT": 33.0, "GRAPROES": 10.04, "_ent": "19", "_mun": "018", "_loc": "0105"}, "geometry": {"type": "Polygon", "coordinates": [[[-100.4664, 25.78709], [-100.46616, 25.78729], [-100.46539, 25.78658], [-100.46563, 25.78636], [-100.4664, 25.78709]]]}}, {"id": "1441422", "type": "Feature", "properties": {"id": "1441422", "CVEGEO": "1901801050616008", "POBTOT": 87.0, "score_nse": 62.7007, "NSE": "C", "VIVTOT": 33.0, "GRAPROES": 9.41, "_ent": "19", "_mun": "018", "_loc": "0105"}, "geometry": {"type": "Polygon", "coordinates": [[[-100.46396, 25.78916], [-100.46372, 25.78937], [-100.46296, 25.78864], [-100.46319, 25.78843], [-100.46396, 25.78916]]]}}, {"id": "1441749", "type": "Feature", "properties": {"id": "1441749", "CVEGEO": "1901801050160045", "POBTOT": 170.0, "score_nse": 70.9169, "NSE": "C+", "VIVTOT": 65.0, "GRAPROES": 12.2, "_ent": "19", "_mun": "018", "_loc": "0105"}, "geometry": {"type": "Polygon", "coordinates": [[[-100.45485, 25.79067], [-100.4553, 25.78816], [-100.45547, 25.78818], [-100.45504, 25.79071], [-100.45485, 25.79067]]]}}, {"id": "1441750", "type": "Feature", "properties": {"id": "1441750", "CVEGEO": "1901801050160047", "POBTOT": 85.0, "score_nse": 75.8123, "NSE": "C+", "VIVTOT": 37.0, "GRAPROES": 12.31, "_ent": "19", "_mun": "018", "_loc": "0105"}, "geometry": {"type": "Polygon", "coordinates": [[[-100.45538, 25.7892], [-100.45638, 25.78933], [-100.45637, 25.78957], [-100.45538, 25.78946], [-100.45538, 25.7892]]]}}, {"id": "1441751", "type": "Feature", "properties": {"id": "1441751", "CVEGEO": "1901801050160048", "POBTOT": 138.0, "score_nse": 67.4625, "NSE": "C", "VIVTOT": 65.0, "GRAPROES": 12.49, "_ent": "19", "_mun": "018", "_loc": "0105"}, "geometry": {"type": "Polygon", "coordinates": [[[-100.45694, 25.78968], [-100.45703, 25.7895], [-100.45738, 25.78955], [-100.45754, 25.78864], [-100.45556, 25.78833], [-100.45555, 25.78819], [-100.45792, 25.78855], [-100.45768, 25.78971], [-100.45694, 25.78968]]]}}, {"id": "1441752", "type": "Feature", "properties": {"id": "1441752", "CVEGEO": "1901801050160049", "POBTOT": 76.0, "score_nse": 78.4573, "NSE": "C+", "VIVTOT": 30.0, "GRAPROES": 13.07, "_ent": "19", "_mun": "018", "_loc": "0105"}, "geometry": {"type": "Polygon", "coordinates": [[[-100.45713, 25.78868], [-100.45745, 25.78874], [-100.45726, 25.78946], [-100.45699, 25.78939], [-100.45713, 25.78868]]]}}, {"id": "1441753", "type": "Feature", "properties": {"id": "1441753", "CVEGEO": "1901801050160051", "POBTOT": 118.0, "score_nse": 72.3695, "NSE": "C+", "VIVTOT": 54.0, "GRAPROES": 13.55, "_ent": "19", "_mun": "018", "_loc": "0105"}, "geometry": {"type": "Polygon", "coordinates": [[[-100.45552, 25.78846], [-100.45696, 25.78863], [-100.45692, 25.7889], [-100.45553, 25.78871], [-100.45552, 25.78846]]]}}, {"id": "1441754", "type": "Feature", "properties": {"id": "1441754", "CVEGEO": "1901801050160050", "POBTOT": 133.0, "score_nse": 73.2898, "NSE": "C+", "VIVTOT": 54.0, "GRAPROES": 12.86, "_ent": "19", "_mun": "018", "_loc": "0105"}, "geometry": {"type": "Polygon", "coordinates": [[[-100.45546, 25.78881], [-100.45689, 25.78899], [-100.45687, 25.78928], [-100.45546, 25.78908], [-100.45546, 25.78881]]]}}, {"id": "1441755", "type": "Feature", "properties": {"id": "1441755", "CVEGEO": "1901801050160043", "POBTOT": 0.0, "score_nse": 0.0, "NSE": "ND", "VIVTOT": 0.0, "GRAPROES": 0.0, "_ent": "19", "_mun": "018", "_loc": "0105"}, "geometry": {"type": "Polygon", "coordinates": [[[-100.45652, 25.78938], [-100.45688, 25.78945], [-100.45668, 25.79041], [-100.45635, 25.79032], [-100.45652, 25.78938]]]}}, {"id": "1441756", "type": "Feature", "properties": {"id": "1441756", "CVEGEO": "1901801050160046", "POBTOT": 89.0, "score_nse": 70.8785, "NSE": "C+", "VIVTOT": 37.0, "GRAPROES": 12.31, "_ent": "19", "_mun": "018", "_loc": "0105"}, "geometry": {"type": "Polygon", "coordinates": [[[-100.45531, 25.78957], [-100.45632, 25.78968], [-100.45629, 25.78997], [-100.45531, 25.78985], [-100.45531, 25.78957]]]}}, {"id": "1441757", "type": "Feature", "properties": {"id": "1441757", "CVEGEO": "1901801050160044", "POBTOT": 106.0, "score_nse": 79.3236, "NSE": "C+", "VIVTOT": 38.0, "GRAPROES": 12.72, "_ent": "19", "_mun": "018", "_loc": "0105"}, "geometry": {"type": "Polygon", "coordinates": [[[-100.45526, 25.78993], [-100.45625, 25.79005], [-100.45624, 25.79033], [-100.45524, 25.79022], [-100.45526, 25.78993]]]}}, {"id": "1441758", "type": "Feature", "properties": {"id": "1441758", "CVEGEO": "1901801050160042", "POBTOT": 134.0, "score_nse": 74.2169, "NSE": "C+", "VIVTOT": 54.0, "GRAPROES": 13.01, "_ent": "19", "_mun": "018", "_loc": "0105"}, "geometry": {"type": "Polygon", "coordinates": [[[-100.45519, 25.79031], [-100.45665, 25.7905], [-100.45663, 25.79078], [-100.45518, 25.79059], [-100.45519, 25.79031]]]}}, {"id": "1441986", "type": "Feature", "properties": {"id": "1441986", "CVEGEO": "1901801050160015", "POBTOT": 138.0, "score_nse": 77.2573, "NSE": "C+", "VIVTOT": 60.0, "GRAPROES": 14.35, "_ent": "19", "_mun": "018", "_loc": "0105"}, "geometry": {"type": "Polygon", "coordinates": [[[-100.45792, 25.78854], [-100.45555, 25.78818], [-100.45558, 25.78808], [-100.45762, 25.78839], [-100.45786, 25.78706], [-100.45748, 25.787], [-100.45751, 25.78681], [-100.45799, 25.78688], [-100.45818, 25.78717], [-100.45792, 25.78854]]]}}, {"id": "1441991", "type": "Feature", "properties": {"id": "1441991", "CVEGEO": "1901801050160041", "POBTOT": 49.0, "score_nse": 72.4516, "NSE": "C+", "VIVTOT": 22.0, "GRAPROES": 13.12, "_ent": "19", "_mun": "018", "_loc": "0105"}, "geometry": {"type": "Polygon", "coordinates": [[[-100.45685, 25.79025], [-100.45714, 25.79029], [-100.45701, 25.79086], [-100.45675, 25.79079], [-100.45685, 25.79025]]]}}, {"id": "1442269", "type": "Feature", "properties": {"id": "1442269", "CVEGEO": "190180105139A012", "POBTOT": 61.0, "score_nse": 69.7073, "NSE": "C", "VIVTOT": 33.0, "GRAPROES": 13.6, "_ent": "19", "_mun": "018", "_loc": "0105"}, "geometry": {"type": "Polygon", "coordinates": [[[-100.46875, 25.7814], [-100.46774, 25.78124], [-100.46772, 25.78094], [-100.46879, 25.7811], [-100.46875, 25.7814]]]}}, {"id": "1442270", "type": "Feature", "properties": {"id": "1442270", "CVEGEO": "190180105139A013", "POBTOT": 15.0, "score_nse": 72.9429, "NSE": "C+", "VIVTOT": 7.0, "GRAPROES": 12.5, "_ent": "19", "_mun": "018", "_loc": "0105"}, "geometry": {"type": "Polygon", "coordinates": [[[-100.46767, 25.78132], [-100.46753, 25.78139], [-100.46749, 25.78127], [-100.46749, 25.78078], [-100.46765, 25.78079], [-100.46767, 25.78132]]]}}, {"id": "1442271", "type": "Feature", "properties": {"id": "1442271", "CVEGEO": "190180105139A014", "POBTOT": 41.0, "score_nse": 86.5405, "NSE": "A/B", "VIVTOT": 16.0, "GRAPROES": 14.7, "_ent": "19", "_mun": "018", "_loc": "0105"}, "geometry": {"type": "Polygon", "coordinates": [[[-100.46881, 25.78101], [-100.46775, 25.78085], [-100.46779, 25.78056], [-100.46887, 25.78071], [-100.46881, 25.78101]]]}}, {"id": "1442272", "type": "Feature", "properties": {"id": "1442272", "CVEGEO": "190180105139A015", "POBTOT": 108.0, "score_nse": 0.0, "NSE": "ND", "VIVTOT": 34.0, "GRAPROES": 14.0, "_ent": "19", "_mun": "018", "_loc": "0105"}, "geometry": {"type": "Polygon", "coordinates": [[[-100.46888, 25.78064], [-100.46782, 25.78049], [-100.46787, 25.78017], [-100.46892, 25.78034], [-100.46888, 25.78064]]]}}, {"id": "1442273", "type": "Feature", "properties": {"id": "1442273", "CVEGEO": "190180105139A016", "POBTOT": 89.0, "score_nse": 0.0, "NSE": "ND", "VIVTOT": 32.0, "GRAPROES": 12.84, "_ent": "19", "_mun": "018", "_loc": "0105"}, "geometry": {"type": "Polygon", "coordinates": [[[-100.46894, 25.78026], [-100.46788, 25.7801], [-100.46793, 25.7798], [-100.46899, 25.77996], [-100.46894, 25.78026]]]}}, {"id": "1442274", "type": "Feature", "properties": {"id": "1442274", "CVEGEO": "190180105139A017", "POBTOT": 56.0, "score_nse": 81.7133, "NSE": "C+", "VIVTOT": 24.0, "GRAPROES": 14.28, "_ent": "19", "_mun": "018", "_loc": "0105"}, "geometry": {"type": "Polygon", "coordinates": [[[-100.4677, 25.78059], [-100.46753, 25.78057], [-100.46774, 25.77929], [-100.46791, 25.77932], [-100.4677, 25.78059]]]}}, {"id": "1442275", "type": "Feature", "properties": {"id": "1442275", "CVEGEO": "190180105139A018", "POBTOT": 102.0, "score_nse": 79.2686, "NSE": "C+", "VIVTOT": 35.0, "GRAPROES": 13.4, "_ent": "19", "_mun": "018", "_loc": "0105"}, "geometry": {"type": "Polygon", "coordinates": [[[-100.469, 25.77991], [-100.46793, 25.77974], [-100.46798, 25.77941], [-100.46907, 25.77958], [-100.469, 25.77991]]]}}, {"id": "1442276", "type": "Feature", "properties": {"id": "1442276", "CVEGEO": "190180105139A020", "POBTOT": 75.0, "score_nse": 76.0202, "NSE": "C+", "VIVTOT": 36.0, "GRAPROES": 13.6, "_ent": "19", "_mun": "018", "_loc": "0105"}, "geometry": {"type": "Polygon", "coordinates": [[[-100.46917, 25.77916], [-100.46807, 25.779], [-100.46812, 25.77871], [-100.46921, 25.77888], [-100.46917, 25.77916]]]}}, {"id": "1442277", "type": "Feature", "properties": {"id": "1442277", "CVEGEO": "190180105139A019", "POBTOT": 43.0, "score_nse": 70.3036, "NSE": "C+", "VIVTOT": 18.0, "GRAPROES": 13.34, "_ent": "19", "_mun": "018", "_loc": "0105"}, "geometry": {"type": "Polygon", "coordinates": [[[-100.46909, 25.77952], [-100.468, 25.77935], [-100.46805, 25.77905], [-100.46913, 25.77922], [-100.46909, 25.77952]]]}}, {"id": "1442296", "type": "Feature", "properties": {"id": "1442296", "CVEGEO": "1901801051154017", "POBTOT": 18.0, "score_nse": 0.0, "NSE": "ND", "VIVTOT": 36.0, "GRAPROES": 11.57, "_ent": "19", "_mun": "018", "_loc": "0105"}, "geometry": {"type": "Polygon", "coordinates": [[[-100.42989, 25.80643], [-100.42963, 25.80652], [-100.42928, 25.80572], [-100.4295, 25.80564], [-100.42989, 25.80643]]]}}, {"id": "1442297", "type": "Feature", "properties": {"id": "1442297", "CVEGEO": "1901801051154018", "POBTOT": 48.0, "score_nse": 41.0184, "NSE": "D+", "VIVTOT": 61.0, "GRAPROES": 11.1, "_ent": "19", "_mun": "018", "_loc": "0105"}, "geometry": {"type": "Polygon", "coordinates": [[[-100.42948, 25.80659], [-100.42815, 25.80709], [-100.42798, 25.80681], [-100.42933, 25.80629], [-100.42948, 25.80659]]]}}, {"id": "1442298", "type": "Feature", "properties": {"id": "1442298", "CVEGEO": "1901801051154019", "POBTOT": 65.0, "score_nse": 43.099, "NSE": "C-", "VIVTOT": 61.0, "GRAPROES": 10.47, "_ent": "19", "_mun": "018", "_loc": "0105"}, "geometry": {"type": "Polygon", "coordinates": [[[-100.42932, 25.80622], [-100.42795, 25.80673], [-100.42785, 25.80649], [-100.4292, 25.80598], [-100.42932, 25.80622]]]}}, {"id": "1442299", "type": "Feature", "properties": {"id": "1442299", "CVEGEO": "1901801051154020", "POBTOT": 83.0, "score_nse": 47.582, "NSE": "C-", "VIVTOT": 60.0, "GRAPROES": 11.18, "_ent": "19", "_mun": "018", "_loc": "0105"}, "geometry": {"type": "Polygon", "coordinates": [[[-100.4292, 25.80588], [-100.42779, 25.8064], [-100.42767, 25.80613], [-100.4291, 25.80563], [-100.4292, 25.80588]]]}}, {"id": "1442300", "type": "Feature", "properties": {"id": "1442300", "CVEGEO": "1901801051154021", "POBTOT": 36.0, "score_nse": 51.57, "NSE": "C-", "VIVTOT": 20.0, "GRAPROES": 11.56, "_ent": "19", "_mun": "018", "_loc": "0105"}, "geometry": {"type": "Polygon", "coordinates": [[[-100.42894, 25.8056], [-100.42763, 25.80607], [-100.42753, 25.80583], [-100.42884, 25.80533], [-100.42894, 25.8056]]]}}, {"id": "1442301", "type": "Feature", "properties": {"id": "1442301", "CVEGEO": "1901801051154022", "POBTOT": 66.0, "score_nse": 58.924, "NSE": "C", "VIVTOT": 30.0, "GRAPROES": 11.74, "_ent": "19", "_mun": "018", "_loc": "0105"}, "geometry": {"type": "Polygon", "coordinates": [[[-100.42958, 25.80509], [-100.42746, 25.80575], [-100.42743, 25.80567], [-100.4295, 25.80492], [-100.42958, 25.80509]]]}}, {"id": "1442305", "type": "Feature", "properties": {"id": "1442305", "CVEGEO": "1901801050160052", "POBTOT": 161.0, "score_nse": 0.0, "NSE": "ND", "VIVTOT": 56.0, "GRAPROES": 12.95, "_ent": "19", "_mun": "018", "_loc": "0105"}, "geometry": {"type": "Polygon", "coordinates": [[[-100.45545, 25.78805], [-100.45532, 25.78804], [-100.45585, 25.78501], [-100.45601, 25.78504], [-100.45545, 25.78805]]]}}, {"id": "1442336", "type": "Feature", "properties": {"id": "1442336", "CVEGEO": "1901801050160056", "POBTOT": 0.0, "score_nse": 0.0, "NSE": "ND", "VIVTOT": 0.0, "GRAPROES": 0.0, "_ent": "19", "_mun": "018", "_loc": "0105"}, "geometry": {"type": "Polygon", "coordinates": [[[-100.45721, 25.79279], [-100.45676, 25.79272], [-100.45695, 25.79172], [-100.45736, 25.79188], [-100.45721, 25.79279]]]}}, {"id": "1442337", "type": "Feature", "properties": {"id": "1442337", "CVEGEO": "1901801050160053", "POBTOT": 23.0, "score_nse": 47.751, "NSE": "C-", "VIVTOT": 46.0, "GRAPROES": 14.0, "_ent": "19", "_mun": "018", "_loc": "0105"}, "geometry": {"type": "Polygon", "coordinates": [[[-100.45696, 25.79341], [-100.4547, 25.79308], [-100.45473, 25.79288], [-100.45699, 25.79322], [-100.45696, 25.79341]]]}}, {"id": "1442338", "type": "Feature", "properties": {"id": "1442338", "CVEGEO": "1901801050160054", "POBTOT": 103.0, "score_nse": 55.7741, "NSE": "C", "VIVTOT": 99.0, "GRAPROES": 13.16, "_ent": "19", "_mun": "018", "_loc": "0105"}, "geometry": {"type": "Polygon", "coordinates": [[[-100.45712, 25.79317], [-100.45475, 25.79281], [-100.4548, 25.79253], [-100.45716, 25.79288], [-100.45712, 25.79317]]]}}, {"id": "1442339", "type": "Feature", "properties": {"id": "1442339", "CVEGEO": "1901801050160057", "POBTOT": 160.0, "score_nse": 71.0795, "NSE": "C+", "VIVTOT": 80.0, "GRAPROES": 13.37, "_ent": "19", "_mun": "018", "_loc": "0105"}, "geometry": {"type": "Polygon", "coordinates": [[[-100.45668, 25.79273], [-100.45481, 25.79244], [-100.45486, 25.79215], [-100.45672, 25.79244], [-100.45668, 25.79273]]]}}, {"id": "1442340", "type": "Feature", "properties": {"id": "1442340", "CVEGEO": "1901801050160060", "POBTOT": 188.0, "score_nse": 66.8898, "NSE": "C", "VIVTOT": 88.0, "GRAPROES": 12.71, "_ent": "19", "_mun": "018", "_loc": "0105"}, "geometry": {"type": "Polygon", "coordinates": [[[-100.45501, 25.79133], [-100.45507, 25.79104], [-100.45708, 25.79133], [-100.45701, 25.79164], [-100.45501, 25.79133]]]}}, {"id": "1442341", "type": "Feature", "properties": {"id": "1442341", "CVEGEO": "1901801050160061", "POBTOT": 81.0, "score_nse": 0.0, "NSE": "ND", "VIVTOT": 47.0, "GRAPROES": 13.32, "_ent": "19", "_mun": "018", "_loc": "0105"}, "geometry": {"type": "Polygon", "coordinates": [[[-100.45508, 25.79096], [-100.4551, 25.79082], [-100.45744, 25.79117], [-100.45737, 25.7916], [-100.45711, 25.79166], [-100.45716, 25.79136], [-100.45703, 25.79125], [-100.45508, 25.79096]]]}}, {"id": "1442342", "type": "Feature", "properties": {"id": "1442342", "CVEGEO": "1901801050160059", "POBTOT": 137.0, "score_nse": 62.2775, "NSE": "C", "VIVTOT": 80.0, "GRAPROES": 12.94, "_ent": "19", "_mun": "018", "_loc": "0105"}, "geometry": {"type": "Polygon", "coordinates": [[[-100.45495, 25.7917], [-100.455, 25.79141], [-100.45686, 25.79169], [-100.45681, 25.79197], [-100.45495, 25.7917]]]}}, {"id": "1442343", "type": "Feature", "properties": {"id": "1442343", "CVEGEO": "1901801050160058", "POBTOT": 192.0, "score_nse": 77.686, "NSE": "C+", "VIVTOT": 80.0, "GRAPROES": 13.65, "_ent": "19", "_mun": "018", "_loc": "0105"}, "geometry": {"type": "Polygon", "coordinates": [[[-100.45489, 25.79208], [-100.45494, 25.79178], [-100.4568, 25.79205], [-100.45674, 25.79234], [-100.45489, 25.79208]]]}}, {"id": "1442344", "type": "Feature", "properties": {"id": "1442344", "CVEGEO": "1901801050160055", "POBTOT": 85.0, "score_nse": 63.1875, "NSE": "C", "VIVTOT": 52.0, "GRAPROES": 13.27, "_ent": "19", "_mun": "018", "_loc": "0105"}, "geometry": {"type": "Polygon", "coordinates": [[[-100.45442, 25.79307], [-100.45482, 25.79078], [-100.45499, 25.7908], [-100.45459, 25.79309], [-100.45442, 25.79307]]]}}, {"id": "1442354", "type": "Feature", "properties": {"id": "1442354", "CVEGEO": "1901801051154007", "POBTOT": 157.0, "score_nse": 48.2202, "NSE": "C-", "VIVTOT": 104.0, "GRAPROES": 10.69, "_ent": "19", "_mun": "018", "_loc": "0105"}, "geometry": {"type": "Polygon", "coordinates": [[[-100.43024, 25.80654], [-100.42795, 25.80736], [-100.42721, 25.80573], [-100.42735, 25.80567], [-100.42806, 25.80718], [-100.42993, 25.8065], [-100.42964, 25.80561], [-100.42918, 25.80552], [-100.42963, 25.80527], [-100.43024, 25.80654]]]}}, {"id": "1442355", "type": "Feature", "properties": {"id": "1442355", "CVEGEO": "1901801051154016", "POBTOT": 0.0, "score_nse": 10.0, "NSE": "E", "VIVTOT": 1.0, "GRAPROES": 0.0, "_ent": "19", "_mun": "018", "_loc": "0105"}, "geometry": {"type": "Polygon", "coordinates": [[[-100.42476, 25.79474], [-100.42707, 25.80011], [-100.42753, 25.80034], [-100.42924, 25.80427], [-100.42438, 25.80494], [-100.42119, 25.79751], [-100.42348, 25.79603], [-100.42476, 25.79474]]]}}, {"id": "1442356", "type": "Feature", "properties": {"id": "1442356", "CVEGEO": "1901801050160018", "POBTOT": 153.0, "score_nse": 74.7251, "NSE": "C+", "VIVTOT": 55.0, "GRAPROES": 12.62, "_ent": "19", "_mun": "018", "_loc": "0105"}, "geometry": {"type": "Polygon", "coordinates": [[[-100.45754, 25.7866], [-100.45757, 25.7864], [-100.45797, 25.78646], [-100.45814, 25.78551], [-100.45607, 25.78519], [-100.4561, 25.78505], [-100.4585, 25.78543], [-100.45823, 25.78661], [-100.45754, 25.7866]]]}}, {"id": "1442357", "type": "Feature", "properties": {"id": "1442357", "CVEGEO": "190180105139A010", "POBTOT": 76.0, "score_nse": 68.504, "NSE": "C", "VIVTOT": 32.0, "GRAPROES": 12.11, "_ent": "19", "_mun": "018", "_loc": "0105"}, "geometry": {"type": "Polygon", "coordinates": [[[-100.46963, 25.77664], [-100.46958, 25.77693], [-100.46822, 25.77671], [-100.46827, 25.77641], [-100.46963, 25.77664]]]}}, {"id": "1442358", "type": "Feature", "properties": {"id": "1442358", "CVEGEO": "190180105139A004", "POBTOT": 216.0, "score_nse": 73.5305, "NSE": "C+", "VIVTOT": 95.0, "GRAPROES": 13.16, "_ent": "19", "_mun": "018", "_loc": "0105"}, "geometry": {"type": "Polygon", "coordinates": [[[-100.46989, 25.77662], [-100.46896, 25.78152], [-100.46883, 25.7815], [-100.46972, 25.77659], [-100.46989, 25.77662]]]}}, {"id": "1442359", "type": "Feature", "properties": {"id": "1442359", "CVEGEO": "1901801050368024", "POBTOT": 42.0, "score_nse": 58.302, "NSE": "C", "VIVTOT": 12.0, "GRAPROES": 9.46, "_ent": "19", "_mun": "018", "_loc": "0105"}, "geometry": {"type": "Polygon", "coordinates": [[[-100.41919, 25.79271], [-100.41932, 25.79266], [-100.4196, 25.79329], [-100.41946, 25.79334], [-100.41919, 25.79271]]]}}, {"id": "1442360", "type": "Feature", "properties": {"id": "1442360", "CVEGEO": "1901801050368012", "POBTOT": 102.0, "score_nse": 59.8257, "NSE": "C", "VIVTOT": 23.0, "GRAPROES": 9.58, "_ent": "19", "_mun": "018", "_loc": "0105"}, "geometry": {"type": "Polygon", "coordinates": [[[-100.41965, 25.79377], [-100.41979, 25.79372], [-100.4203, 25.79487], [-100.42018, 25.79492], [-100.41965, 25.79377]]]}}, {"id": "1442361", "type": "Feature", "properties": {"id": "1442361", "CVEGEO": "1901801050368006", "POBTOT": 77.0, "score_nse": 63.0365, "NSE": "C", "VIVTOT": 23.0, "GRAPROES": 9.74, "_ent": "19", "_mun": "018", "_loc": "0105"}, "geometry": {"type": "Polygon", "coordinates": [[[-100.42036, 25.79499], [-100.4209, 25.79618], [-100.42079, 25.79624], [-100.42023, 25.79503], [-100.42036, 25.79499]]]}}, {"id": "1442362", "type": "Feature", "properties": {"id": "1442362", "CVEGEO": "1901801050368018", "POBTOT": 118.0, "score_nse": 64.581, "NSE": "C", "VIVTOT": 32.0, "GRAPROES": 9.57, "_ent": "19", "_mun": "018", "_loc": "0105"}, "geometry": {"type": "Polygon", "coordinates": [[[-100.4195, 25.79341], [-100.42041, 25.79307], [-100.42054, 25.79335], [-100.41962, 25.7937], [-100.4195, 25.79341]]]}}, {"id": "1442363", "type": "Feature", "properties": {"id": "1442363", "CVEGEO": "1901801050353021", "POBTOT": 146.0, "score_nse": 55.097, "NSE": "C", "VIVTOT": 40.0, "GRAPROES": 8.82, "_ent": "19", "_mun": "018", "_loc": "0105"}, "geometry": {"type": "Polygon", "coordinates": [[[-100.42577, 25.79023], [-100.42566, 25.79092], [-100.41996, 25.79103], [-100.41839, 25.79082], [-100.41804, 25.79035], [-100.41766, 25.79035], [-100.41762, 25.78984], [-100.42229, 25.79024], [-100.42338, 25.79048], [-100.42478, 25.78994], [-100.42577, 25.79023]]]}}, {"id": "1442364", "type": "Feature", "properties": {"id": "1442364", "CVEGEO": "1901801050368002", "POBTOT": 0.0, "score_nse": 0.0, "NSE": "ND", "VIVTOT": 0.0, "GRAPROES": 0.0, "_ent": "19", "_mun": "018", "_loc": "0105"}, "geometry": {"type": "Polygon", "coordinates": [[[-100.42163, 25.79582], [-100.42183, 25.79627], [-100.42103, 25.79675], [-100.42082, 25.79631], [-100.42163, 25.79582]]]}}, {"id": "1442366", "type": "Feature", "properties": {"id": "1442366", "CVEGEO": "1901801050160040", "POBTOT": 168.0, "score_nse": 83.0213, "NSE": "C+", "VIVTOT": 61.0, "GRAPROES": 13.25, "_ent": "19", "_mun": "018", "_loc": "0105"}, "geometry": {"type": "Polygon", "coordinates": [[[-100.45745, 25.79117], [-100.4551, 25.79081], [-100.45512, 25.79065], [-100.4571, 25.79097], [-100.45727, 25.7902], [-100.4569, 25.79015], [-100.4569, 25.78996], [-100.45738, 25.78999], [-100.4576, 25.79018], [-100.45745, 25.79117]]]}}, {"id": "1442602", "type": "Feature", "properties": {"id": "1442602", "CVEGEO": "1901801051154012", "POBTOT": 187.0, "score_nse": 43.7096, "NSE": "C-", "VIVTOT": 96.0, "GRAPROES": 8.41, "_ent": "19", "_mun": "018", "_loc": "0105"}, "geometry": {"type": "Polygon", "coordinates": [[[-100.42606, 25.80729], [-100.42592, 25.80704], [-100.42731, 25.80655], [-100.42743, 25.80681], [-100.42606, 25.80729]]]}}, {"id": "1442603", "type": "Feature", "properties": {"id": "1442603", "CVEGEO": "1901801051154009", "POBTOT": 156.0, "score_nse": 42.3946, "NSE": "C-", "VIVTOT": 76.0, "GRAPROES": 8.49, "_ent": "19", "_mun": "018", "_loc": "0105"}, "geometry": {"type": "Polygon", "coordinates": [[[-100.42636, 25.80801], [-100.42624, 25.80774], [-100.42763, 25.80724], [-100.42775, 25.80751], [-100.42636, 25.80801]]]}}, {"id": "1442604", "type": "Feature", "properties": {"id": "1442604", "CVEGEO": "1901801051154011", "POBTOT": 188.0, "score_nse": 39.4329, "NSE": "D+", "VIVTOT": 85.0, "GRAPROES": 7.85, "_ent": "19", "_mun": "018", "_loc": "0105"}, "geometry": {"type": "Polygon", "coordinates": [[[-100.4262, 25.80765], [-100.42608, 25.80739], [-100.42748, 25.8069], [-100.4276, 25.80714], [-100.4262, 25.80765]]]}}, {"id": "1442605", "type": "Feature", "properties": {"id": "1442605", "CVEGEO": "1901801051154010", "POBTOT": 89.0, "score_nse": 43.6239, "NSE": "C-", "VIVTOT": 47.0, "GRAPROES": 8.66, "_ent": "19", "_mun": "018", "_loc": "0105"}, "geometry": {"type": "Polygon", "coordinates": [[[-100.42567, 25.80672], [-100.42614, 25.80773], [-100.42631, 25.80813], [-100.42615, 25.80817], [-100.42553, 25.80678], [-100.42567, 25.80672]]]}}, {"id": "1442606", "type": "Feature", "properties": {"id": "1442606", "CVEGEO": "1901801051154015", "POBTOT": 0.0, "score_nse": 0.0, "NSE": "ND", "VIVTOT": 0.0, "GRAPROES": 0.0, "_ent": "19", "_mun": "018", "_loc": "0105"}, "geometry": {"type": "Polygon", "coordinates": [[[-100.42948, 25.80483], [-100.42534, 25.80626], [-100.42481, 25.80506], [-100.4293, 25.8044], [-100.42948, 25.80483]]]}}, {"id": "1442607", "type": "Feature", "properties": {"id": "1442607", "CVEGEO": "1901801051262023", "POBTOT": 0.0, "score_nse": 0.0, "NSE": "ND", "VIVTOT": 0.0, "GRAPROES": 0.0, "_ent": "19", "_mun": "018", "_loc": "0105"}, "geometry": {"type": "Polygon", "coordinates": [[[-100.43991, 25.8045], [-100.43776, 25.80478], [-100.43782, 25.80447], [-100.43763, 25.80415], [-100.43786, 25.80404], [-100.43797, 25.80429], [-100.43835, 25.80424], [-100.43857, 25.8045], [-100.43973, 25.80409], [-100.43991, 25.8045]]]}}, {"id": "1442608", "type": "Feature", "properties": {"id": "1442608", "CVEGEO": "1901801051262026", "POBTOT": 120.0, "score_nse": 0.0, "NSE": "ND", "VIVTOT": 52.0, "GRAPROES": 10.42, "_ent": "19", "_mun": "018", "_loc": "0105"}, "geometry": {"type": "Polygon", "coordinates": [[[-100.43854, 25.80443], [-100.43842, 25.8042], [-100.43961, 25.80375], [-100.43972, 25.80399], [-100.43854, 25.80443]]]}}, {"id": "1442609", "type": "Feature", "properties": {"id": "1442609", "CVEGEO": "1901801051262027", "POBTOT": 125.0, "score_nse": 60.0463, "NSE": "C", "VIVTOT": 70.0, "GRAPROES": 10.24, "_ent": "19", "_mun": "018", "_loc": "0105"}, "geometry": {"type": "Polygon", "coordinates": [[[-100.43803, 25.80424], [-100.43793, 25.80398], [-100.43948, 25.8034], [-100.4396, 25.80365], [-100.43803, 25.80424]]]}}, {"id": "1442610", "type": "Feature", "properties": {"id": "1442610", "CVEGEO": "1901801051262025", "POBTOT": 173.0, "score_nse": 0.0, "NSE": "ND", "VIVTOT": 69.0, "GRAPROES": 10.17, "_ent": "19", "_mun": "018", "_loc": "0105"}, "geometry": {"type": "Polygon", "coordinates": [[[-100.4375, 25.80453], [-100.43761, 25.80479], [-100.43524, 25.80512], [-100.43538, 25.80487], [-100.4375, 25.80453]]]}}, {"id": "1442611", "type": "Feature", "properties": {"id": "1442611", "CVEGEO": "1901801051262029", "POBTOT": 234.0, "score_nse": 0.0, "NSE": "ND", "VIVTOT": 90.0, "GRAPROES": 10.68, "_ent": "19", "_mun": "018", "_loc": "0105"}, "geometry": {"type": "Polygon", "coordinates": [[[-100.43776, 25.8055], [-100.43566, 25.8058], [-100.43556, 25.80556], [-100.43769, 25.80525], [-100.43776, 25.8055]]]}}, {"id": "1442612", "type": "Feature", "properties": {"id": "1442612", "CVEGEO": "1901801051262008", "POBTOT": 244.0, "score_nse": 55.65, "NSE": "C", "VIVTOT": 97.0, "GRAPROES": 10.07, "_ent": "19", "_mun": "018", "_loc": "0105"}, "geometry": {"type": "Polygon", "coordinates": [[[-100.4377, 25.80516], [-100.43551, 25.80546], [-100.4354, 25.80521], [-100.43765, 25.8049], [-100.4377, 25.80516]]]}}, {"id": "1442613", "type": "Feature", "properties": {"id": "1442613", "CVEGEO": "1901801051262021", "POBTOT": 205.0, "score_nse": 55.6101, "NSE": "C", "VIVTOT": 85.0, "GRAPROES": 10.22, "_ent": "19", "_mun": "018", "_loc": "0105"}, "geometry": {"type": "Polygon", "coordinates": [[[-100.43779, 25.80561], [-100.43788, 25.80586], [-100.43581, 25.80615], [-100.4357, 25.8059], [-100.43779, 25.80561]]]}}, {"id": "1442614", "type": "Feature", "properties": {"id": "1442614", "CVEGEO": "1901801051262032", "POBTOT": 213.0, "score_nse": 61.868, "NSE": "C", "VIVTOT": 82.0, "GRAPROES": 10.58, "_ent": "19", "_mun": "018", "_loc": "0105"}, "geometry": {"type": "Polygon", "coordinates": [[[-100.4379, 25.80597], [-100.43796, 25.80623], [-100.43596, 25.80649], [-100.43586, 25.80623], [-100.4379, 25.80597]]]}}, {"id": "1442615", "type": "Feature", "properties": {"id": "1442615", "CVEGEO": "190180105139A003", "POBTOT": 59.0, "score_nse": 72.976, "NSE": "C+", "VIVTOT": 22.0, "GRAPROES": 12.61, "_ent": "19", "_mun": "018", "_loc": "0105"}, "geometry": {"type": "Polygon", "coordinates": [[[-100.46822, 25.77782], [-100.46797, 25.77909], [-100.46779, 25.77906], [-100.46803, 25.7778], [-100.46822, 25.77782]]]}}, {"id": "1442742", "type": "Feature", "properties": {"id": "1442742", "CVEGEO": "1901801051262028", "POBTOT": 0.0, "score_nse": 0.0, "NSE": "ND", "VIVTOT": 0.0, "GRAPROES": 0.0, "_ent": "19", "_mun": "018", "_loc": "0105"}, "geometry": {"type": "Polygon", "coordinates": [[[-100.43513, 25.80457], [-100.43495, 25.80442], [-100.43472, 25.80375], [-100.437, 25.8033], [-100.43735, 25.80428], [-100.43513, 25.80457]]]}}, {"id": "1442743", "type": "Feature", "properties": {"id": "1442743", "CVEGEO": "1901801051262024", "POBTOT": 269.0, "score_nse": 59.3976, "NSE": "C", "VIVTOT": 102.0, "GRAPROES": 10.41, "_ent": "19", "_mun": "018", "_loc": "0105"}, "geometry": {"type": "Polygon", "coordinates": [[[-100.43609, 25.80463], [-100.43514, 25.80458], [-100.43738, 25.8043], [-100.43732, 25.80395], [-100.43962, 25.80311], [-100.44021, 25.80445], [-100.44005, 25.80448], [-100.43943, 25.80333], [-100.43754, 25.80404], [-100.43748, 25.80443], [-100.43609, 25.80463]]]}}, {"id": "1442744", "type": "Feature", "properties": {"id": "1442744", "CVEGEO": "1901801051262016", "POBTOT": 33.0, "score_nse": 57.4356, "NSE": "C", "VIVTOT": 11.0, "GRAPROES": 9.27, "_ent": "19", "_mun": "018", "_loc": "0105"}, "geometry": {"type": "Polygon", "coordinates": [[[-100.43893, 25.80334], [-100.43863, 25.80345], [-100.43847, 25.80307], [-100.43879, 25.80302], [-100.43893, 25.80334]]]}}, {"id": "1442745", "type": "Feature", "properties": {"id": "1442745", "CVEGEO": "1901801051262018", "POBTOT": 50.0, "score_nse": 53.4471, "NSE": "C-", "VIVTOT": 17.0, "GRAPROES": 9.4, "_ent": "19", "_mun": "018", "_loc": "0105"}, "geometry": {"type": "Polygon", "coordinates": [[[-100.43818, 25.80362], [-100.4379, 25.80372], [-100.43767, 25.80319], [-100.43798, 25.80315], [-100.43818, 25.80362]]]}}, {"id": "1442746", "type": "Feature", "properties": {"id": "1442746", "CVEGEO": "1901801051262014", "POBTOT": 15.0, "score_nse": 0.0, "NSE": "ND", "VIVTOT": 6.0, "GRAPROES": 11.14, "_ent": "19", "_mun": "018", "_loc": "0105"}, "geometry": {"type": "Polygon", "coordinates": [[[-100.43963, 25.80309], [-100.43937, 25.80318], [-100.43929, 25.80294], [-100.43956, 25.80291], [-100.43963, 25.80309]]]}}, {"id": "1442747", "type": "Feature", "properties": {"id": "1442747", "CVEGEO": "1901801051262017", "POBTOT": 50.0, "score_nse": 59.6434, "NSE": "C", "VIVTOT": 14.0, "GRAPROES": 9.62, "_ent": "19", "_mun": "018", "_loc": "0105"}, "geometry": {"type": "Polygon", "coordinates": [[[-100.43856, 25.80349], [-100.43828, 25.80359], [-100.43808, 25.80313], [-100.43839, 25.80309], [-100.43856, 25.80349]]]}}, {"id": "1442748", "type": "Feature", "properties": {"id": "1442748", "CVEGEO": "1901801051262020", "POBTOT": 46.0, "score_nse": 73.0262, "NSE": "C+", "VIVTOT": 11.0, "GRAPROES": 9.94, "_ent": "19", "_mun": "018", "_loc": "0105"}, "geometry": {"type": "Polygon", "coordinates": [[[-100.43747, 25.80388], [-100.43732, 25.80394], [-100.43701, 25.80329], [-100.43719, 25.80326], [-100.43747, 25.80388]]]}}, {"id": "1442749", "type": "Feature", "properties": {"id": "1442749", "CVEGEO": "1901801051262019", "POBTOT": 67.0, "score_nse": 59.194, "NSE": "C", "VIVTOT": 20.0, "GRAPROES": 9.96, "_ent": "19", "_mun": "018", "_loc": "0105"}, "geometry": {"type": "Polygon", "coordinates": [[[-100.43783, 25.80375], [-100.43756, 25.80385], [-100.43728, 25.80324], [-100.43759, 25.8032], [-100.43783, 25.80375]]]}}, {"id": "1442750", "type": "Feature", "properties": {"id": "1442750", "CVEGEO": "1901801051262015", "POBTOT": 30.0, "score_nse": 60.9689, "NSE": "C", "VIVTOT": 9.0, "GRAPROES": 10.29, "_ent": "19", "_mun": "018", "_loc": "0105"}, "geometry": {"type": "Polygon", "coordinates": [[[-100.43931, 25.80321], [-100.439, 25.80332], [-100.43889, 25.80301], [-100.4392, 25.80296], [-100.43931, 25.80321]]]}}, {"id": "1442835", "type": "Feature", "properties": {"id": "1442835", "CVEGEO": "1901801051154008", "POBTOT": 184.0, "score_nse": 48.3549, "NSE": "C-", "VIVTOT": 68.0, "GRAPROES": 9.32, "_ent": "19", "_mun": "018", "_loc": "0105"}, "geometry": {"type": "Polygon", "coordinates": [[[-100.42709, 25.8058], [-100.42721, 25.80575], [-100.42822, 25.80803], [-100.42808, 25.80804], [-100.42709, 25.8058]]]}}, {"id": "1442840", "type": "Feature", "properties": {"id": "1442840", "CVEGEO": "1901801051351014", "POBTOT": 0.0, "score_nse": 10.0, "NSE": "E", "VIVTOT": 28.0, "GRAPROES": 0.0, "_ent": "19", "_mun": "018", "_loc": "0105"}, "geometry": {"type": "Polygon", "coordinates": [[[-100.44185, 25.80567], [-100.44139, 25.80571], [-100.44132, 25.80543], [-100.44293, 25.80485], [-100.44297, 25.80512], [-100.44187, 25.80551], [-100.44185, 25.80567]]]}}, {"id": "1442841", "type": "Feature", "properties": {"id": "1442841", "CVEGEO": "1901801051351013", "POBTOT": 0.0, "score_nse": 10.0, "NSE": "E", "VIVTOT": 36.0, "GRAPROES": 0.0, "_ent": "19", "_mun": "018", "_loc": "0105"}, "geometry": {"type": "Polygon", "coordinates": [[[-100.44471, 25.80487], [-100.44324, 25.80546], [-100.44316, 25.80512], [-100.4446, 25.80462], [-100.44471, 25.80487]]]}}, {"id": "1442842", "type": "Feature", "properties": {"id": "1442842", "CVEGEO": "1901801051351012", "POBTOT": 19.0, "score_nse": 0.0, "NSE": "ND", "VIVTOT": 109.0, "GRAPROES": 13.43, "_ent": "19", "_mun": "018", "_loc": "0105"}, "geometry": {"type": "Polygon", "coordinates": [[[-100.44099, 25.80601], [-100.44136, 25.80582], [-100.44572, 25.80524], [-100.44574, 25.80536], [-100.44099, 25.80601]]]}}, {"id": "1443435", "type": "Feature", "properties": {"id": "1443435", "CVEGEO": "1901801050616004", "POBTOT": 2075.0, "score_nse": 0.0, "NSE": "ND", "VIVTOT": 762.0, "GRAPROES": 10.48, "_ent": "19", "_mun": "018", "_loc": "0105"}, "geometry": {"type": "Polygon", "coordinates": [[[-100.46235, 25.79075], [-100.46193, 25.79037], [-100.46105, 25.79027], [-100.46109, 25.79004], [-100.46209, 25.79014], [-100.46257, 25.79054], [-100.46293, 25.79025], [-100.46231, 25.78968], [-100.46119, 25.78952], [-100.46123, 25.78926], [-100.46246, 25.78943], [-100.46316, 25.7901], [-100.4636, 25.78973], [-100.4627, 25.78888], [-100.4629, 25.7887], [-100.46378, 25.78954], [-100.46415, 25.78923], [-100.46327, 25.78839], [-100.46351, 25.78819], [-100.46439, 25.78903], [-100.4648, 25.7887], [-100.4639, 25.78785], [-100.4641, 25.78769], [-100.465, 25.78854], [-100.46538, 25.78816], [-100.46451, 25.78733], [-100.46472, 25.78716], [-100.4656, 25.78798], [-100.46598, 25.78766], [-100.46511, 25.78683], [-100.46532, 25.78664], [-100.46621, 25.78748], [-100.46661, 25.78712], [-100.46572, 25.78629], [-100.46594, 25.78609], [-100.46682, 25.78694], [-100.46717, 25.78655], [-100.46734, 25.78656], [-100.46616, 25.78582], [-100.46634, 25.78559], [-100.46752, 25.78632], [-100.4677, 25.78597], [-100.46786, 25.78602], [-100.46662, 25.7852], [-100.46681, 25.78496], [-100.46811, 25.78576], [-100.4683, 25.78541], [-100.46847, 25.78543], [-100.4671, 25.78457], [-100.46728, 25.78433], [-100.46863, 25.78517], [-100.46913, 25.78454], [-100.46884, 25.78409], [-100.46828, 25.78482], [-100.46802, 25.78466], [-100.46868, 25.7838], [-100.46853, 25.78385], [-100.46821, 25.78359], [-100.46761, 25.78441], [-100.46732, 25.78425], [-100.4678, 25.78347], [-100.46733, 25.78343], [-100.46679, 25.78414], [-100.46645, 25.78406], [-100.46693, 25.78328], [-100.46585, 25.78314], [-100.46573, 25.78357], [-100.46657, 25.78378], [-100.46638, 25.78404], [-100.4654, 25.7838], [-100.46529, 25.78353], [-100.46545, 25.78318], [-100.4663, 25.78297], [-100.46845, 25.78351], [-100.46919, 25.78388], [-100.46946, 25.78446], [-100.46922, 25.78513], [-100.46485, 25.78895], [-100.46235, 25.79075]]]}}, {"id": "1443443", "type": "Feature", "properties": {"id": "1443443", "CVEGEO": "1901801050616001", "POBTOT": 0.0, "score_nse": 0.0, "NSE": "ND", "VIVTOT": 0.0, "GRAPROES": 0.0, "_ent": "19", "_mun": "018", "_loc": "0105"}, "geometry": {"type": "Polygon", "coordinates": [[[-100.46034, 25.79107], [-100.46248, 25.79075], [-100.46001, 25.7929], [-100.46034, 25.79107]]]}}, {"id": "1443447", "type": "Feature", "properties": {"id": "1443447", "CVEGEO": "1901801051027022", "POBTOT": 83.0, "score_nse": 48.3036, "NSE": "C-", "VIVTOT": 33.0, "GRAPROES": 9.76, "_ent": "19", "_mun": "018", "_loc": "0105"}, "geometry": {"type": "Polygon", "coordinates": [[[-100.43201, 25.80416], [-100.43208, 25.80431], [-100.43092, 25.8045], [-100.42966, 25.80496], [-100.4296, 25.80482], [-100.43097, 25.80431], [-100.43201, 25.80416]]]}}, {"id": "1443468", "type": "Feature", "properties": {"id": "1443468", "CVEGEO": "1901801051116008", "POBTOT": 0.0, "score_nse": 0.0, "NSE": "ND", "VIVTOT": 0.0, "GRAPROES": 0.0, "_ent": "19", "_mun": "018", "_loc": "0105"}, "geometry": {"type": "Polygon", "coordinates": [[[-100.43846, 25.80055], [-100.43886, 25.80143], [-100.43423, 25.80312], [-100.43384, 25.80226], [-100.43846, 25.80055]]]}}, {"id": "1443484", "type": "Feature", "properties": {"id": "1443484", "CVEGEO": "1901801050616026", "POBTOT": 155.0, "score_nse": 62.5064, "NSE": "C", "VIVTOT": 49.0, "GRAPROES": 10.05, "_ent": "19", "_mun": "018", "_loc": "0105"}, "geometry": {"type": "Polygon", "coordinates": [[[-100.46424, 25.78607], [-100.46401, 25.78636], [-100.4638, 25.78616], [-100.46421, 25.78579], [-100.46454, 25.78586], [-100.46525, 25.78654], [-100.46499, 25.78675], [-100.46424, 25.78607]]]}}, {"id": "1443523", "type": "Feature", "properties": {"id": "1443523", "CVEGEO": "1901801051027024", "POBTOT": 3.0, "score_nse": 0.0, "NSE": "ND", "VIVTOT": 1.0, "GRAPROES": 0.0, "_ent": "19", "_mun": "018", "_loc": "0105"}, "geometry": {"type": "Polygon", "coordinates": [[[-100.42953, 25.80479], [-100.42936, 25.80439], [-100.43165, 25.80401], [-100.43195, 25.80411], [-100.43095, 25.80426], [-100.42953, 25.80479]]]}}, {"id": "1443608", "type": "Feature", "properties": {"id": "1443608", "CVEGEO": "1901801050353022", "POBTOT": 2.0, "score_nse": 0.0, "NSE": "ND", "VIVTOT": 1.0, "GRAPROES": 0.0, "_ent": "19", "_mun": "018", "_loc": "0105"}, "geometry": {"type": "Polygon", "coordinates": [[[-100.42998, 25.79354], [-100.42924, 25.79327], [-100.42813, 25.7923], [-100.42804, 25.79195], [-100.42995, 25.79319], [-100.42998, 25.79354]]]}}, {"id": "1443874", "type": "Feature", "properties": {"id": "1443874", "CVEGEO": "1901801050160062", "POBTOT": 0.0, "score_nse": 0.0, "NSE": null, "VIVTOT": 0.0, "GRAPROES": 0.0, "_ent": "19", "_mun": "018", "_loc": "0105"}, "geometry": {"type": "Polygon", "coordinates": [[[-100.45974, 25.79281], [-100.45741, 25.79245], [-100.45744, 25.79219], [-100.45982, 25.79255], [-100.45974, 25.79281]]]}}, {"id": "1443875", "type": "Feature", "properties": {"id": "1443875", "CVEGEO": "1901801050160063", "POBTOT": 0.0, "score_nse": 0.0, "NSE": null, "VIVTOT": 0.0, "GRAPROES": 0.0, "_ent": "19", "_mun": "018", "_loc": "0105"}, "geometry": {"type": "Polygon", "coordinates": [[[-100.45985, 25.79244], [-100.45746, 25.79209], [-100.45748, 25.79191], [-100.45991, 25.79218], [-100.45985, 25.79244]]]}}, {"id": "1443876", "type": "Feature", "properties": {"id": "1443876", "CVEGEO": "1901801050160064", "POBTOT": 0.0, "score_nse": 0.0, "NSE": null, "VIVTOT": 0.0, "GRAPROES": 0.0, "_ent": "19", "_mun": "018", "_loc": "0105"}, "geometry": {"type": "Polygon", "coordinates": [[[-100.4599, 25.79209], [-100.45792, 25.79178], [-100.45796, 25.79151], [-100.45995, 25.79181], [-100.4599, 25.79209]]]}}, {"id": "1443877", "type": "Feature", "properties": {"id": "1443877", "CVEGEO": "1901801050160065", "POBTOT": 0.0, "score_nse": 0.0, "NSE": null, "VIVTOT": 0.0, "GRAPROES": 0.0, "_ent": "19", "_mun": "018", "_loc": "0105"}, "geometry": {"type": "Polygon", "coordinates": [[[-100.45901, 25.79373], [-100.45734, 25.79347], [-100.45737, 25.79331], [-100.45897, 25.79357], [-100.45986, 25.79281], [-100.46003, 25.79176], [-100.45793, 25.79141], [-100.4578, 25.79176], [-100.45762, 25.79174], [-100.45763, 25.79121], [-100.46023, 25.79161], [-100.45999, 25.79291], [-100.45901, 25.79373]]]}}, {"id": "1443878", "type": "Feature", "properties": {"id": "1443878", "CVEGEO": "1901801051351015", "POBTOT": 0.0, "score_nse": 10.0, "NSE": "E", "VIVTOT": 17.0, "GRAPROES": 0.0, "_ent": "19", "_mun": "018", "_loc": "0105"}, "geometry": {"type": "Polygon", "coordinates": [[[-100.44542, 25.80288], [-100.44765, 25.80249], [-100.44767, 25.80263], [-100.44547, 25.80301], [-100.44542, 25.80288]]]}}, {"id": "1443879", "type": "Feature", "properties": {"id": "1443879", "CVEGEO": "1901801051351016", "POBTOT": 0.0, "score_nse": 10.0, "NSE": "E", "VIVTOT": 18.0, "GRAPROES": 0.0, "_ent": "19", "_mun": "018", "_loc": "0105"}, "geometry": {"type": "Polygon", "coordinates": [[[-100.44517, 25.80236], [-100.44628, 25.80209], [-100.44635, 25.80234], [-100.44761, 25.80212], [-100.44766, 25.80241], [-100.44536, 25.80279], [-100.44517, 25.80236]]]}}, {"id": "1443880", "type": "Feature", "properties": {"id": "1443880", "CVEGEO": "1901801051351017", "POBTOT": 0.0, "score_nse": 10.0, "NSE": "E", "VIVTOT": 12.0, "GRAPROES": 0.0, "_ent": "19", "_mun": "018", "_loc": "0105"}, "geometry": {"type": "Polygon", "coordinates": [[[-100.44486, 25.80231], [-100.44503, 25.80229], [-100.44537, 25.80305], [-100.44522, 25.80308], [-100.44486, 25.80231]]]}}, {"id": "1443881", "type": "Feature", "properties": {"id": "1443881", "CVEGEO": "1901801051351018", "POBTOT": 0.0, "score_nse": 0.0, "NSE": null, "VIVTOT": 0.0, "GRAPROES": 0.0, "_ent": "19", "_mun": "018", "_loc": "0105"}, "geometry": {"type": "Polygon", "coordinates": [[[-100.44799, 25.80259], [-100.4478, 25.80262], [-100.44767, 25.8019], [-100.44785, 25.80185], [-100.44799, 25.80259]]]}}, {"id": "1443882", "type": "Feature", "properties": {"id": "1443882", "CVEGEO": "1901801051351019", "POBTOT": 0.0, "score_nse": 0.0, "NSE": null, "VIVTOT": 0.0, "GRAPROES": 0.0, "_ent": "19", "_mun": "018", "_loc": "0105"}, "geometry": {"type": "Polygon", "coordinates": [[[-100.44636, 25.80209], [-100.44758, 25.8019], [-100.44759, 25.80206], [-100.44641, 25.80225], [-100.44636, 25.80209]]]}}, {"id": "1443883", "type": "Feature", "properties": {"id": "1443883", "CVEGEO": "1901801051351020", "POBTOT": 0.0, "score_nse": 0.0, "NSE": null, "VIVTOT": 0.0, "GRAPROES": 0.0, "_ent": "19", "_mun": "018", "_loc": "0105"}, "geometry": {"type": "Polygon", "coordinates": [[[-100.44632, 25.80183], [-100.44779, 25.80159], [-100.44783, 25.80178], [-100.44635, 25.80201], [-100.44632, 25.80183]]]}}, {"id": "1443884", "type": "Feature", "properties": {"id": "1443884", "CVEGEO": "1901801051351021", "POBTOT": 0.0, "score_nse": 0.0, "NSE": null, "VIVTOT": 0.0, "GRAPROES": 0.0, "_ent": "19", "_mun": "018", "_loc": "0105"}, "geometry": {"type": "Polygon", "coordinates": [[[-100.44625, 25.80201], [-100.44481, 25.80225], [-100.44473, 25.80207], [-100.44622, 25.80184], [-100.44625, 25.80201]]]}}, {"id": "1444122", "type": "Feature", "properties": {"id": "1444122", "CVEGEO": "1901801050160066", "POBTOT": 0.0, "score_nse": 0.0, "NSE": null, "VIVTOT": 0.0, "GRAPROES": 0.0, "_ent": "19", "_mun": "018", "_loc": "0105"}, "geometry": {"type": "Polygon", "coordinates": [[[-100.45935, 25.79316], [-100.45734, 25.79284], [-100.45738, 25.79256], [-100.45964, 25.79289], [-100.45935, 25.79316]]]}}, {"id": "1444377", "type": "Feature", "properties": {"id": "1444377", "CVEGEO": "190180105139A001", "POBTOT": 0.0, "score_nse": 0.0, "NSE": "ND", "VIVTOT": 0.0, "GRAPROES": 0.0, "_ent": "19", "_mun": "018", "_loc": "0105"}, "geometry": {"type": "Polygon", "coordinates": [[[-100.46875, 25.78261], [-100.46868, 25.78298], [-100.46774, 25.7828], [-100.46763, 25.78267], [-100.46773, 25.78202], [-100.4679, 25.78202], [-100.46784, 25.78248], [-100.46875, 25.78261]]]}}, {"id": "1444378", "type": "Feature", "properties": {"id": "1444378", "CVEGEO": "190180105139A021", "POBTOT": 0.0, "score_nse": 0.0, "NSE": null, "VIVTOT": 0.0, "GRAPROES": 0.0, "_ent": "19", "_mun": "018", "_loc": "0105"}, "geometry": {"type": "Polygon", "coordinates": [[[-100.46786, 25.78133], [-100.46871, 25.78146], [-100.46866, 25.78177], [-100.46795, 25.78165], [-100.46786, 25.78133]]]}}, {"id": "1444379", "type": "Feature", "properties": {"id": "1444379", "CVEGEO": "190180105139A022", "POBTOT": 0.0, "score_nse": 0.0, "NSE": null, "VIVTOT": 0.0, "GRAPROES": 0.0, "_ent": "19", "_mun": "018", "_loc": "0105"}, "geometry": {"type": "Polygon", "coordinates": [[[-100.46898, 25.78154], [-100.46878, 25.78256], [-100.46858, 25.78253], [-100.46878, 25.78151], [-100.46898, 25.78154]]]}}, {"id": "1444380", "type": "Feature", "properties": {"id": "1444380", "CVEGEO": "190180105139A023", "POBTOT": 0.0, "score_nse": 0.0, "NSE": null, "VIVTOT": 0.0, "GRAPROES": 0.0, "_ent": "19", "_mun": "018", "_loc": "0105"}, "geometry": {"type": "Polygon", "coordinates": [[[-100.46802, 25.78174], [-100.46864, 25.78182], [-100.46858, 25.78214], [-100.46801, 25.78205], [-100.46802, 25.78174]]]}}, {"id": "1444381", "type": "Feature", "properties": {"id": "1444381", "CVEGEO": "190180105139A024", "POBTOT": 0.0, "score_nse": 0.0, "NSE": null, "VIVTOT": 0.0, "GRAPROES": 0.0, "_ent": "19", "_mun": "018", "_loc": "0105"}, "geometry": {"type": "Polygon", "coordinates": [[[-100.46788, 25.7817], [-100.46772, 25.78187], [-100.46753, 25.7814], [-100.46769, 25.78133], [-100.46788, 25.7817]]]}}, {"id": "1444382", "type": "Feature", "properties": {"id": "1444382", "CVEGEO": "190180105139A025", "POBTOT": 0.0, "score_nse": 0.0, "NSE": null, "VIVTOT": 0.0, "GRAPROES": 0.0, "_ent": "19", "_mun": "018", "_loc": "0105"}, "geometry": {"type": "Polygon", "coordinates": [[[-100.468, 25.78212], [-100.46857, 25.7822], [-100.46852, 25.7825], [-100.46794, 25.78242], [-100.468, 25.78212]]]}}, {"id": "1444617", "type": "Feature", "properties": {"id": "1444617", "CVEGEO": "1901801050160067", "POBTOT": 0.0, "score_nse": 0.0, "NSE": null, "VIVTOT": 0.0, "GRAPROES": 0.0, "_ent": "19", "_mun": "018", "_loc": "0105"}, "geometry": {"type": "Polygon", "coordinates": [[[-100.4592, 25.79323], [-100.45898, 25.79346], [-100.4573, 25.79322], [-100.45733, 25.79294], [-100.4592, 25.79323]]]}}, {"id": "1444618", "type": "Feature", "properties": {"id": "1444618", "CVEGEO": "1901801051351022", "POBTOT": 0.0, "score_nse": 0.0, "NSE": null, "VIVTOT": 0.0, "GRAPROES": 0.0, "_ent": "19", "_mun": "018", "_loc": "0105"}, "geometry": {"type": "Polygon", "coordinates": [[[-100.44309, 25.80505], [-100.44299, 25.8048], [-100.44443, 25.80427], [-100.44454, 25.80453], [-100.44309, 25.80505]]]}}, {"id": "1444619", "type": "Feature", "properties": {"id": "1444619", "CVEGEO": "1901801051351023", "POBTOT": 0.0, "score_nse": 0.0, "NSE": null, "VIVTOT": 0.0, "GRAPROES": 0.0, "_ent": "19", "_mun": "018", "_loc": "0105"}, "geometry": {"type": "Polygon", "coordinates": [[[-100.44526, 25.80518], [-100.44498, 25.80522], [-100.44454, 25.80425], [-100.4448, 25.80416], [-100.44526, 25.80518]]]}}, {"id": "1444620", "type": "Feature", "properties": {"id": "1444620", "CVEGEO": "1901801051351024", "POBTOT": 0.0, "score_nse": 0.0, "NSE": null, "VIVTOT": 0.0, "GRAPROES": 0.0, "_ent": "19", "_mun": "018", "_loc": "0105"}, "geometry": {"type": "Polygon", "coordinates": [[[-100.44451, 25.80151], [-100.44769, 25.80089], [-100.44772, 25.80112], [-100.44458, 25.80169], [-100.44451, 25.80151]]]}}, {"id": "1444810", "type": "Feature", "properties": {"id": "1444810", "CVEGEO": "1901801050300010", "POBTOT": 0.0, "score_nse": 0.0, "NSE": null, "VIVTOT": 0.0, "GRAPROES": 0.0, "_ent": "19", "_mun": "018", "_loc": "0105"}, "geometry": {"type": "Polygon", "coordinates": [[[-100.46598, 25.78179], [-100.46602, 25.78162], [-100.46697, 25.78182], [-100.46692, 25.782], [-100.46598, 25.78179]]]}}, {"id": "1444811", "type": "Feature", "properties": {"id": "1444811", "CVEGEO": "1901801050300011", "POBTOT": 0.0, "score_nse": 0.0, "NSE": null, "VIVTOT": 0.0, "GRAPROES": 0.0, "_ent": "19", "_mun": "018", "_loc": "0105"}, "geometry": {"type": "Polygon", "coordinates": [[[-100.46674, 25.78169], [-100.4664, 25.78162], [-100.46658, 25.78052], [-100.467, 25.78021], [-100.46674, 25.78169]]]}}, {"id": "1444812", "type": "Feature", "properties": {"id": "1444812", "CVEGEO": "1901801050300012", "POBTOT": 0.0, "score_nse": 0.0, "NSE": null, "VIVTOT": 0.0, "GRAPROES": 0.0, "_ent": "19", "_mun": "018", "_loc": "0105"}, "geometry": {"type": "Polygon", "coordinates": [[[-100.4663, 25.78159], [-100.46598, 25.78149], [-100.46614, 25.78063], [-100.46648, 25.78069], [-100.4663, 25.78159]]]}}, {"id": "1444873", "type": "Feature", "properties": {"id": "1444873", "CVEGEO": "1901801050724016", "POBTOT": 0.0, "score_nse": 0.0, "NSE": null, "VIVTOT": 0.0, "GRAPROES": 0.0, "_ent": "19", "_mun": "018", "_loc": "0105"}, "geometry": {"type": "Polygon", "coordinates": [[[-100.43285, 25.79832], [-100.43253, 25.79849], [-100.43293, 25.7994], [-100.43263, 25.79952], [-100.43221, 25.79849], [-100.43271, 25.79817], [-100.43285, 25.79832]]]}}, {"id": "1444874", "type": "Feature", "properties": {"id": "1444874", "CVEGEO": "1901801050724021", "POBTOT": 0.0, "score_nse": 0.0, "NSE": null, "VIVTOT": 0.0, "GRAPROES": 0.0, "_ent": "19", "_mun": "018", "_loc": "0105"}, "geometry": {"type": "Polygon", "coordinates": [[[-100.43452, 25.79991], [-100.43521, 25.79962], [-100.43413, 25.79722], [-100.43426, 25.79717], [-100.4354, 25.79976], [-100.43771, 25.79891], [-100.43761, 25.79907], [-100.43463, 25.80016], [-100.43452, 25.79991]]]}}, {"id": "1444875", "type": "Feature", "properties": {"id": "1444875", "CVEGEO": "1901801050724039", "POBTOT": 263.0, "score_nse": 0.0, "NSE": "ND", "VIVTOT": 95.0, "GRAPROES": 10.58, "_ent": "19", "_mun": "018", "_loc": "0105"}, "geometry": {"type": "Polygon", "coordinates": [[[-100.43267, 25.79958], [-100.43407, 25.79906], [-100.43456, 25.80019], [-100.4333, 25.80065], [-100.43307, 25.8005], [-100.43267, 25.79958]]]}}, {"id": "1444916", "type": "Feature", "properties": {"id": "1444916", "CVEGEO": "1901801050160014", "POBTOT": 0.0, "score_nse": 0.0, "NSE": "ND", "VIVTOT": 0.0, "GRAPROES": 0.0, "_ent": "19", "_mun": "018", "_loc": "0105"}, "geometry": {"type": "Polygon", "coordinates": [[[-100.45953, 25.78168], [-100.46195, 25.78203], [-100.46019, 25.79146], [-100.46007, 25.79144], [-100.46022, 25.79057], [-100.45917, 25.79039], [-100.45929, 25.78958], [-100.45867, 25.78949], [-100.45851, 25.78999], [-100.458, 25.78989], [-100.45792, 25.78969], [-100.45837, 25.78717], [-100.4586, 25.78684], [-100.45848, 25.7865], [-100.45885, 25.78444], [-100.45905, 25.78411], [-100.45897, 25.78386], [-100.45921, 25.78255], [-100.45937, 25.78179], [-100.45953, 25.78168]]]}}, {"id": "1444917", "type": "Feature", "properties": {"id": "1444917", "CVEGEO": "1901801050160068", "POBTOT": 0.0, "score_nse": 0.0, "NSE": null, "VIVTOT": 0.0, "GRAPROES": 0.0, "_ent": "19", "_mun": "018", "_loc": "0105"}, "geometry": {"type": "Polygon", "coordinates": [[[-100.45767, 25.79108], [-100.46007, 25.79145], [-100.46019, 25.79147], [-100.46017, 25.79158], [-100.45765, 25.7912], [-100.45767, 25.79108]]]}}, {"id": "1444918", "type": "Feature", "properties": {"id": "1444918", "CVEGEO": "1901801050160069", "POBTOT": 0.0, "score_nse": 0.0, "NSE": null, "VIVTOT": 0.0, "GRAPROES": 0.0, "_ent": "19", "_mun": "018", "_loc": "0105"}, "geometry": {"type": "Polygon", "coordinates": [[[-100.46, 25.79132], [-100.45857, 25.7911], [-100.4586, 25.79082], [-100.46002, 25.79102], [-100.46, 25.79132]]]}}, {"id": "1444919", "type": "Feature", "properties": {"id": "1444919", "CVEGEO": "1901801050160070", "POBTOT": 0.0, "score_nse": 0.0, "NSE": null, "VIVTOT": 0.0, "GRAPROES": 0.0, "_ent": "19", "_mun": "018", "_loc": "0105"}, "geometry": {"type": "Polygon", "coordinates": [[[-100.45837, 25.79108], [-100.458, 25.79102], [-100.4581, 25.79046], [-100.45848, 25.79055], [-100.45837, 25.79108]]]}}, {"id": "1444920", "type": "Feature", "properties": {"id": "1444920", "CVEGEO": "1901801050160071", "POBTOT": 0.0, "score_nse": 0.0, "NSE": null, "VIVTOT": 0.0, "GRAPROES": 0.0, "_ent": "19", "_mun": "018", "_loc": "0105"}, "geometry": {"type": "Polygon", "coordinates": [[[-100.46007, 25.7909], [-100.45915, 25.79078], [-100.45918, 25.79048], [-100.46012, 25.79061], [-100.46007, 25.7909]]]}}, {"id": "1444921", "type": "Feature", "properties": {"id": "1444921", "CVEGEO": "1901801050160072", "POBTOT": 0.0, "score_nse": 0.0, "NSE": null, "VIVTOT": 0.0, "GRAPROES": 0.0, "_ent": "19", "_mun": "018", "_loc": "0105"}, "geometry": {"type": "Polygon", "coordinates": [[[-100.45786, 25.79099], [-100.4577, 25.79096], [-100.45784, 25.79026], [-100.45849, 25.7902], [-100.45851, 25.79039], [-100.45796, 25.79038], [-100.45786, 25.79099]]]}}, {"id": "1444922", "type": "Feature", "properties": {"id": "1444922", "CVEGEO": "1901801050300004", "POBTOT": 0.0, "score_nse": 0.0, "NSE": "ND", "VIVTOT": 0.0, "GRAPROES": 0.0, "_ent": "19", "_mun": "018", "_loc": "0105"}, "geometry": {"type": "Polygon", "coordinates": [[[-100.46668, 25.77421], [-100.46555, 25.78022], [-100.4628, 25.77969], [-100.46265, 25.77972], [-100.46257, 25.78083], [-100.46166, 25.78062], [-100.46208, 25.77587], [-100.46668, 25.77421]]]}}, {"id": "1444923", "type": "Feature", "properties": {"id": "1444923", "CVEGEO": "1901801050300013", "POBTOT": 0.0, "score_nse": 0.0, "NSE": null, "VIVTOT": 0.0, "GRAPROES": 0.0, "_ent": "19", "_mun": "018", "_loc": "0105"}, "geometry": {"type": "Polygon", "coordinates": [[[-100.46701, 25.78173], [-100.46684, 25.78166], [-100.46714, 25.78007], [-100.46731, 25.7801], [-100.46701, 25.78173]]]}}, {"id": "1444924", "type": "Feature", "properties": {"id": "1444924", "CVEGEO": "1901801050300014", "POBTOT": 0.0, "score_nse": 0.0, "NSE": null, "VIVTOT": 0.0, "GRAPROES": 0.0, "_ent": "19", "_mun": "018", "_loc": "0105"}, "geometry": {"type": "Polygon", "coordinates": [[[-100.46281, 25.77973], [-100.46559, 25.78023], [-100.46536, 25.78144], [-100.46269, 25.78085], [-100.46281, 25.77973]]]}}, {"id": "1444925", "type": "Feature", "properties": {"id": "1444925", "CVEGEO": "1901801050300015", "POBTOT": 0.0, "score_nse": 0.0, "NSE": null, "VIVTOT": 0.0, "GRAPROES": 0.0, "_ent": "19", "_mun": "018", "_loc": "0105"}, "geometry": {"type": "Polygon", "coordinates": [[[-100.46733, 25.77405], [-100.4667, 25.77784], [-100.46607, 25.77771], [-100.46671, 25.77421], [-100.46733, 25.77405]]]}}, {"id": "1444926", "type": "Feature", "properties": {"id": "1444926", "CVEGEO": "1901801050300016", "POBTOT": 0.0, "score_nse": 0.0, "NSE": null, "VIVTOT": 0.0, "GRAPROES": 0.0, "_ent": "19", "_mun": "018", "_loc": "0105"}, "geometry": {"type": "Polygon", "coordinates": [[[-100.4685, 25.77362], [-100.46771, 25.77805], [-100.46703, 25.77791], [-100.46778, 25.77388], [-100.4685, 25.77362]]]}}, {"id": "1444927", "type": "Feature", "properties": {"id": "1444927", "CVEGEO": "1901801052082001", "POBTOT": 0.0, "score_nse": 0.0, "NSE": null, "VIVTOT": 0.0, "GRAPROES": 0.0, "_ent": "19", "_mun": "018", "_loc": "0105"}, "geometry": {"type": "Polygon", "coordinates": [[[-100.49135, 25.767], [-100.48884, 25.76823], [-100.48625, 25.77026], [-100.48681, 25.76714], [-100.48943, 25.76618], [-100.48991, 25.76686], [-100.4872, 25.76859], [-100.4865, 25.76918], [-100.48659, 25.76953], [-100.48677, 25.7695], [-100.4868, 25.76913], [-100.48736, 25.76866], [-100.48945, 25.76731], [-100.49145, 25.76642], [-100.49135, 25.767]]]}}, {"id": "1444928", "type": "Feature", "properties": {"id": "1444928", "CVEGEO": "1901801052082002", "POBTOT": 0.0, "score_nse": 0.0, "NSE": null, "VIVTOT": 0.0, "GRAPROES": 0.0, "_ent": "19", "_mun": "018", "_loc": "0105"}, "geometry": {"type": "Polygon", "coordinates": [[[-100.49147, 25.76627], [-100.49023, 25.76678], [-100.48992, 25.76643], [-100.49157, 25.76573], [-100.49147, 25.76627]]]}}]}