{"type": "FeatureCollection", "features": [{"id": "2242781", "type": "Feature", "properties": {"id": "2242781", "CVEGEO": "3001100010185046", "POBTOT": 13.0, "score_nse": 0.0, "NSE": "ND", "VIVTOT": 7.0, "GRAPROES": 7.0, "_ent": "30", "_mun": "011", "_loc": "0001"}, "geometry": {"type": "Polygon", "coordinates": [[[-95.75314, 18.78003], [-95.75268, 18.77999], [-95.75314, 18.77996], [-95.75314, 18.78003]]]}}, {"id": "2242782", "type": "Feature", "properties": {"id": "2242782", "CVEGEO": "3001100010166052", "POBTOT": 33.0, "score_nse": 50.8938, "NSE": "C-", "VIVTOT": 9.0, "GRAPROES": 9.0, "_ent": "30", "_mun": "011", "_loc": "0001"}, "geometry": {"type": "Polygon", "coordinates": [[[-95.75612, 18.77073], [-95.75636, 18.77051], [-95.75642, 18.77107], [-95.75588, 18.77111], [-95.75587, 18.77074], [-95.75612, 18.77073]]]}}, {"id": "2242783", "type": "Feature", "properties": {"id": "2242783", "CVEGEO": "3001100010166019", "POBTOT": 15.0, "score_nse": 52.4829, "NSE": "C-", "VIVTOT": 7.0, "GRAPROES": 12.17, "_ent": "30", "_mun": "011", "_loc": "0001"}, "geometry": {"type": "Polygon", "coordinates": [[[-95.7574, 18.76552], [-95.75796, 18.76567], [-95.75805, 18.76624], [-95.75746, 18.76636], [-95.7574, 18.76552]]]}}, {"id": "2242784", "type": "Feature", "properties": {"id": "2242784", "CVEGEO": "3001100010151026", "POBTOT": 52.0, "score_nse": 63.0974, "NSE": "C", "VIVTOT": 29.0, "GRAPROES": 12.4, "_ent": "30", "_mun": "011", "_loc": "0001"}, "geometry": {"type": "Polygon", "coordinates": [[[-95.75904, 18.76846], [-95.7589, 18.76766], [-95.75938, 18.76767], [-95.75953, 18.7684], [-95.75904, 18.76846]]]}}, {"id": "2242793", "type": "Feature", "properties": {"id": "2242793", "CVEGEO": "3001100010236023", "POBTOT": 27.0, "score_nse": 50.9824, "NSE": "C-", "VIVTOT": 17.0, "GRAPROES": 10.04, "_ent": "30", "_mun": "011", "_loc": "0001"}, "geometry": {"type": "Polygon", "coordinates": [[[-95.76916, 18.77751], [-95.76913, 18.77663], [-95.77013, 18.77732], [-95.77009, 18.77759], [-95.76916, 18.77751]]]}}, {"id": "2242794", "type": "Feature", "properties": {"id": "2242794", "CVEGEO": "3001100010221011", "POBTOT": 33.0, "score_nse": 72.792, "NSE": "C+", "VIVTOT": 10.0, "GRAPROES": 13.78, "_ent": "30", "_mun": "011", "_loc": "0001"}, "geometry": {"type": "Polygon", "coordinates": [[[-95.76267, 18.77533], [-95.76239, 18.77449], [-95.76267, 18.7744], [-95.76297, 18.77526], [-95.76267, 18.77533]]]}}, {"id": "2242795", "type": "Feature", "properties": {"id": "2242795", "CVEGEO": "3001100010217014", "POBTOT": 42.0, "score_nse": 57.3756, "NSE": "C", "VIVTOT": 18.0, "GRAPROES": 9.97, "_ent": "30", "_mun": "011", "_loc": "0001"}, "geometry": {"type": "Polygon", "coordinates": [[[-95.76217, 18.77044], [-95.7623, 18.77078], [-95.76164, 18.77098], [-95.76152, 18.77063], [-95.76217, 18.77044]]]}}, {"id": "2242796", "type": "Feature", "properties": {"id": "2242796", "CVEGEO": "3001100010185083", "POBTOT": 21.0, "score_nse": 0.0, "NSE": "ND", "VIVTOT": 12.0, "GRAPROES": 7.53, "_ent": "30", "_mun": "011", "_loc": "0001"}, "geometry": {"type": "Polygon", "coordinates": [[[-95.75318, 18.78054], [-95.75317, 18.77997], [-95.7534, 18.77997], [-95.75318, 18.78054]]]}}, {"id": "2242797", "type": "Feature", "properties": {"id": "2242797", "CVEGEO": "3001100010185072", "POBTOT": 20.0, "score_nse": 0.0, "NSE": "ND", "VIVTOT": 6.0, "GRAPROES": 7.13, "_ent": "30", "_mun": "011", "_loc": "0001"}, "geometry": {"type": "Polygon", "coordinates": [[[-95.75369, 18.77821], [-95.75367, 18.77841], [-95.75311, 18.77842], [-95.75317, 18.77818], [-95.75369, 18.77821]]]}}, {"id": "2242798", "type": "Feature", "properties": {"id": "2242798", "CVEGEO": "3001100010185004", "POBTOT": 44.0, "score_nse": 0.0, "NSE": "ND", "VIVTOT": 18.0, "GRAPROES": 10.78, "_ent": "30", "_mun": "011", "_loc": "0001"}, "geometry": {"type": "Polygon", "coordinates": [[[-95.75722, 18.77636], [-95.75695, 18.77643], [-95.75674, 18.77544], [-95.75698, 18.77539], [-95.75722, 18.77636]]]}}, {"id": "2242843", "type": "Feature", "properties": {"id": "2242843", "CVEGEO": "3001100010151008", "POBTOT": 87.0, "score_nse": 62.2222, "NSE": "C", "VIVTOT": 45.0, "GRAPROES": 10.77, "_ent": "30", "_mun": "011", "_loc": "0001"}, "geometry": {"type": "Polygon", "coordinates": [[[-95.76104, 18.76897], [-95.76116, 18.76793], [-95.76166, 18.76802], [-95.76168, 18.76825], [-95.76151, 18.76827], [-95.76168, 18.76826], [-95.76192, 18.76882], [-95.76104, 18.76897]]]}}, {"id": "2242844", "type": "Feature", "properties": {"id": "2242844", "CVEGEO": "3001100010306038", "POBTOT": 101.0, "score_nse": 0.0, "NSE": "ND", "VIVTOT": 34.0, "GRAPROES": 8.32, "_ent": "30", "_mun": "011", "_loc": "0001"}, "geometry": {"type": "Polygon", "coordinates": [[[-95.77311, 18.77528], [-95.77344, 18.77563], [-95.77301, 18.77599], [-95.77255, 18.77543], [-95.77271, 18.77524], [-95.77311, 18.77528]]]}}, {"id": "2242846", "type": "Feature", "properties": {"id": "2242846", "CVEGEO": "3001100010306031", "POBTOT": 18.0, "score_nse": 0.0, "NSE": "ND", "VIVTOT": 7.0, "GRAPROES": 8.31, "_ent": "30", "_mun": "011", "_loc": "0001"}, "geometry": {"type": "Polygon", "coordinates": [[[-95.77297, 18.77503], [-95.77313, 18.77511], [-95.77303, 18.77521], [-95.77277, 18.77519], [-95.77297, 18.77503]]]}}, {"id": "2242847", "type": "Feature", "properties": {"id": "2242847", "CVEGEO": "3001100010306030", "POBTOT": 2.0, "score_nse": 0.0, "NSE": "ND", "VIVTOT": 2.0, "GRAPROES": 0.0, "_ent": "30", "_mun": "011", "_loc": "0001"}, "geometry": {"type": "Polygon", "coordinates": [[[-95.7712, 18.77359], [-95.77112, 18.77352], [-95.77145, 18.77326], [-95.77153, 18.77334], [-95.7712, 18.77359]]]}}, {"id": "2242848", "type": "Feature", "properties": {"id": "2242848", "CVEGEO": "3001100010306029", "POBTOT": 34.0, "score_nse": 0.0, "NSE": "ND", "VIVTOT": 10.0, "GRAPROES": 6.37, "_ent": "30", "_mun": "011", "_loc": "0001"}, "geometry": {"type": "Polygon", "coordinates": [[[-95.77157, 18.77337], [-95.7717, 18.77346], [-95.77136, 18.77376], [-95.77124, 18.77363], [-95.77157, 18.77337]]]}}, {"id": "2242849", "type": "Feature", "properties": {"id": "2242849", "CVEGEO": "3001100010236024", "POBTOT": 0.0, "score_nse": 0.0, "NSE": "ND", "VIVTOT": 0.0, "GRAPROES": 0.0, "_ent": "30", "_mun": "011", "_loc": "0001"}, "geometry": {"type": "Polygon", "coordinates": [[[-95.77106, 18.7769], [-95.77221, 18.77782], [-95.77195, 18.77834], [-95.77128, 18.77762], [-95.77073, 18.77729], [-95.77106, 18.7769]]]}}, {"id": "2242850", "type": "Feature", "properties": {"id": "2242850", "CVEGEO": "3001100010221040", "POBTOT": 54.0, "score_nse": 49.7541, "NSE": "C-", "VIVTOT": 23.0, "GRAPROES": 9.1, "_ent": "30", "_mun": "011", "_loc": "0001"}, "geometry": {"type": "Polygon", "coordinates": [[[-95.76342, 18.77688], [-95.76245, 18.77707], [-95.76238, 18.77675], [-95.76336, 18.77659], [-95.76342, 18.77688]]]}}, {"id": "2242851", "type": "Feature", "properties": {"id": "2242851", "CVEGEO": "3001100010221039", "POBTOT": 74.0, "score_nse": 51.0506, "NSE": "C-", "VIVTOT": 29.0, "GRAPROES": 9.35, "_ent": "30", "_mun": "011", "_loc": "0001"}, "geometry": {"type": "Polygon", "coordinates": [[[-95.76387, 18.77718], [-95.76263, 18.7774], [-95.76244, 18.77714], [-95.76382, 18.77687], [-95.76387, 18.77718]]]}}, {"id": "2242852", "type": "Feature", "properties": {"id": "2242852", "CVEGEO": "3001100010221027", "POBTOT": 57.0, "score_nse": 60.26, "NSE": "C", "VIVTOT": 25.0, "GRAPROES": 10.3, "_ent": "30", "_mun": "011", "_loc": "0001"}, "geometry": {"type": "Polygon", "coordinates": [[[-95.76076, 18.77573], [-95.76049, 18.77555], [-95.7603, 18.77453], [-95.76056, 18.77447], [-95.76076, 18.77573]]]}}, {"id": "2242887", "type": "Feature", "properties": {"id": "2242887", "CVEGEO": "3001100010166009", "POBTOT": 94.0, "score_nse": 60.3237, "NSE": "C", "VIVTOT": 39.0, "GRAPROES": 11.68, "_ent": "30", "_mun": "011", "_loc": "0001"}, "geometry": {"type": "Polygon", "coordinates": [[[-95.75751, 18.76953], [-95.75721, 18.76824], [-95.75772, 18.76805], [-95.75805, 18.76952], [-95.75751, 18.76953]]]}}, {"id": "2242888", "type": "Feature", "properties": {"id": "2242888", "CVEGEO": "3001100010147044", "POBTOT": 113.0, "score_nse": 52.1057, "NSE": "C-", "VIVTOT": 35.0, "GRAPROES": 9.34, "_ent": "30", "_mun": "011", "_loc": "0001"}, "geometry": {"type": "Polygon", "coordinates": [[[-95.76274, 18.76782], [-95.76289, 18.76779], [-95.76306, 18.76835], [-95.76284, 18.76816], [-95.76274, 18.76782]]]}}, {"id": "2242908", "type": "Feature", "properties": {"id": "2242908", "CVEGEO": "3001100010202006", "POBTOT": 11.0, "score_nse": 0.0, "NSE": "ND", "VIVTOT": 4.0, "GRAPROES": 9.43, "_ent": "30", "_mun": "011", "_loc": "0001"}, "geometry": {"type": "Polygon", "coordinates": [[[-95.75696, 18.77841], [-95.75702, 18.77868], [-95.75639, 18.77885], [-95.75634, 18.77857], [-95.75696, 18.77841]]]}}, {"id": "2242909", "type": "Feature", "properties": {"id": "2242909", "CVEGEO": "3001100010363003", "POBTOT": 5.0, "score_nse": 0.0, "NSE": "ND", "VIVTOT": 4.0, "GRAPROES": 0.0, "_ent": "30", "_mun": "011", "_loc": "0001"}, "geometry": {"type": "Polygon", "coordinates": [[[-95.7593, 18.77854], [-95.75909, 18.77855], [-95.75904, 18.77809], [-95.75924, 18.77807], [-95.7593, 18.77854]]]}}, {"id": "2242910", "type": "Feature", "properties": {"id": "2242910", "CVEGEO": "3001100010310019", "POBTOT": 88.0, "score_nse": 0.0, "NSE": "ND", "VIVTOT": 36.0, "GRAPROES": 7.13, "_ent": "30", "_mun": "011", "_loc": "0001"}, "geometry": {"type": "Polygon", "coordinates": [[[-95.76617, 18.77219], [-95.7657, 18.77188], [-95.76618, 18.77197], [-95.76689, 18.77253], [-95.76675, 18.77272], [-95.76609, 18.77226], [-95.76617, 18.77219]]]}}, {"id": "2242911", "type": "Feature", "properties": {"id": "2242911", "CVEGEO": "3001100010310018", "POBTOT": 74.0, "score_nse": 0.0, "NSE": "ND", "VIVTOT": 31.0, "GRAPROES": 6.39, "_ent": "30", "_mun": "011", "_loc": "0001"}, "geometry": {"type": "Polygon", "coordinates": [[[-95.7664, 18.77305], [-95.76618, 18.77261], [-95.76623, 18.77253], [-95.76671, 18.77278], [-95.7664, 18.77305]]]}}, {"id": "2242912", "type": "Feature", "properties": {"id": "2242912", "CVEGEO": "3001100010306013", "POBTOT": 26.0, "score_nse": 0.0, "NSE": "ND", "VIVTOT": 11.0, "GRAPROES": 6.61, "_ent": "30", "_mun": "011", "_loc": "0001"}, "geometry": {"type": "Polygon", "coordinates": [[[-95.77444, 18.77554], [-95.77384, 18.7758], [-95.77371, 18.77558], [-95.77404, 18.77526], [-95.77444, 18.77554]]]}}, {"id": "2242913", "type": "Feature", "properties": {"id": "2242913", "CVEGEO": "3001100010217028", "POBTOT": 66.0, "score_nse": 0.0, "NSE": "ND", "VIVTOT": 29.0, "GRAPROES": 8.52, "_ent": "30", "_mun": "011", "_loc": "0001"}, "geometry": {"type": "Polygon", "coordinates": [[[-95.76477, 18.77177], [-95.7653, 18.77145], [-95.76553, 18.77182], [-95.76484, 18.77214], [-95.76477, 18.77177]]]}}, {"id": "2242914", "type": "Feature", "properties": {"id": "2242914", "CVEGEO": "3001100010217027", "POBTOT": 0.0, "score_nse": 0.0, "NSE": "ND", "VIVTOT": 0.0, "GRAPROES": 0.0, "_ent": "30", "_mun": "011", "_loc": "0001"}, "geometry": {"type": "Polygon", "coordinates": [[[-95.76132, 18.77004], [-95.76197, 18.76977], [-95.76213, 18.77036], [-95.76149, 18.77055], [-95.76132, 18.77004]]]}}, {"id": "2242915", "type": "Feature", "properties": {"id": "2242915", "CVEGEO": "3001100010217015", "POBTOT": 159.0, "score_nse": 61.7098, "NSE": "C", "VIVTOT": 58.0, "GRAPROES": 10.81, "_ent": "30", "_mun": "011", "_loc": "0001"}, "geometry": {"type": "Polygon", "coordinates": [[[-95.76296, 18.77049], [-95.76235, 18.77075], [-95.76205, 18.76976], [-95.76261, 18.76966], [-95.76296, 18.77049]]]}}, {"id": "2242916", "type": "Feature", "properties": {"id": "2242916", "CVEGEO": "3001100010217006", "POBTOT": 147.0, "score_nse": 0.0, "NSE": "ND", "VIVTOT": 64.0, "GRAPROES": 10.3, "_ent": "30", "_mun": "011", "_loc": "0001"}, "geometry": {"type": "Polygon", "coordinates": [[[-95.76283, 18.7721], [-95.76334, 18.77342], [-95.76255, 18.77375], [-95.76204, 18.77215], [-95.76283, 18.7721]]]}}, {"id": "2242917", "type": "Feature", "properties": {"id": "2242917", "CVEGEO": "3001100010185084", "POBTOT": 5.0, "score_nse": 0.0, "NSE": "ND", "VIVTOT": 4.0, "GRAPROES": 0.0, "_ent": "30", "_mun": "011", "_loc": "0001"}, "geometry": {"type": "Polygon", "coordinates": [[[-95.75313, 18.78038], [-95.75301, 18.78057], [-95.75303, 18.78037], [-95.75313, 18.78038]]]}}, {"id": "2242918", "type": "Feature", "properties": {"id": "2242918", "CVEGEO": "3001100010185073", "POBTOT": 10.0, "score_nse": 0.0, "NSE": "ND", "VIVTOT": 5.0, "GRAPROES": 9.89, "_ent": "30", "_mun": "011", "_loc": "0001"}, "geometry": {"type": "Polygon", "coordinates": [[[-95.75375, 18.77771], [-95.75373, 18.77782], [-95.7532, 18.77774], [-95.75323, 18.77764], [-95.75375, 18.77771]]]}}, {"id": "2242919", "type": "Feature", "properties": {"id": "2242919", "CVEGEO": "3001100010151047", "POBTOT": 27.0, "score_nse": 0.0, "NSE": "ND", "VIVTOT": 14.0, "GRAPROES": 9.22, "_ent": "30", "_mun": "011", "_loc": "0001"}, "geometry": {"type": "Polygon", "coordinates": [[[-95.76172, 18.76811], [-95.76197, 18.76812], [-95.76202, 18.76853], [-95.76184, 18.76856], [-95.76172, 18.76811]]]}}, {"id": "2242920", "type": "Feature", "properties": {"id": "2242920", "CVEGEO": "3001100010151018", "POBTOT": 0.0, "score_nse": 10.0, "NSE": "E", "VIVTOT": 1.0, "GRAPROES": 0.0, "_ent": "30", "_mun": "011", "_loc": "0001"}, "geometry": {"type": "Polygon", "coordinates": [[[-95.76081, 18.76634], [-95.76189, 18.76685], [-95.76187, 18.76694], [-95.76076, 18.76657], [-95.76081, 18.76634]]]}}, {"id": "2242924", "type": "Feature", "properties": {"id": "2242924", "CVEGEO": "3001100010202008", "POBTOT": 6.0, "score_nse": 0.0, "NSE": "ND", "VIVTOT": 3.0, "GRAPROES": 0.0, "_ent": "30", "_mun": "011", "_loc": "0001"}, "geometry": {"type": "Polygon", "coordinates": [[[-95.75704, 18.77875], [-95.7571, 18.779], [-95.75646, 18.77918], [-95.7564, 18.77893], [-95.75704, 18.77875]]]}}, {"id": "2242925", "type": "Feature", "properties": {"id": "2242925", "CVEGEO": "3001100010202007", "POBTOT": 2.0, "score_nse": 0.0, "NSE": "ND", "VIVTOT": 5.0, "GRAPROES": 0.0, "_ent": "30", "_mun": "011", "_loc": "0001"}, "geometry": {"type": "Polygon", "coordinates": [[[-95.75784, 18.77852], [-95.75792, 18.77878], [-95.75721, 18.77897], [-95.75713, 18.77872], [-95.75784, 18.77852]]]}}, {"id": "2242947", "type": "Feature", "properties": {"id": "2242947", "CVEGEO": "3001100010306020", "POBTOT": 88.0, "score_nse": 48.9444, "NSE": "C-", "VIVTOT": 29.0, "GRAPROES": 8.09, "_ent": "30", "_mun": "011", "_loc": "0001"}, "geometry": {"type": "Polygon", "coordinates": [[[-95.77194, 18.77497], [-95.77174, 18.77513], [-95.77118, 18.77462], [-95.77142, 18.77435], [-95.77194, 18.77497]]]}}, {"id": "2243073", "type": "Feature", "properties": {"id": "2243073", "CVEGEO": "3001100010221025", "POBTOT": 26.0, "score_nse": 0.0, "NSE": "ND", "VIVTOT": 14.0, "GRAPROES": 9.9, "_ent": "30", "_mun": "011", "_loc": "0001"}, "geometry": {"type": "Polygon", "coordinates": [[[-95.76728, 18.77583], [-95.76757, 18.7767], [-95.76738, 18.77674], [-95.76728, 18.77583]]]}}, {"id": "2243074", "type": "Feature", "properties": {"id": "2243074", "CVEGEO": "3001100010221012", "POBTOT": 57.0, "score_nse": 53.6138, "NSE": "C-", "VIVTOT": 26.0, "GRAPROES": 10.58, "_ent": "30", "_mun": "011", "_loc": "0001"}, "geometry": {"type": "Polygon", "coordinates": [[[-95.76321, 18.77468], [-95.76402, 18.77498], [-95.76303, 18.77525], [-95.76272, 18.77425], [-95.76321, 18.77468]]]}}, {"id": "2243075", "type": "Feature", "properties": {"id": "2243075", "CVEGEO": "3001100010217031", "POBTOT": 5.0, "score_nse": 0.0, "NSE": "ND", "VIVTOT": 4.0, "GRAPROES": 5.0, "_ent": "30", "_mun": "011", "_loc": "0001"}, "geometry": {"type": "Polygon", "coordinates": [[[-95.75968, 18.77475], [-95.75986, 18.77475], [-95.75994, 18.77505], [-95.75968, 18.77475]]]}}, {"id": "2243076", "type": "Feature", "properties": {"id": "2243076", "CVEGEO": "3001100010185022", "POBTOT": 37.0, "score_nse": 0.0, "NSE": "ND", "VIVTOT": 13.0, "GRAPROES": 5.8, "_ent": "30", "_mun": "011", "_loc": "0001"}, "geometry": {"type": "Polygon", "coordinates": [[[-95.75828, 18.77306], [-95.75785, 18.7732], [-95.75755, 18.77243], [-95.75795, 18.7723], [-95.75828, 18.77306]]]}}, {"id": "2243077", "type": "Feature", "properties": {"id": "2243077", "CVEGEO": "3001100010185019", "POBTOT": 29.0, "score_nse": 0.0, "NSE": "ND", "VIVTOT": 8.0, "GRAPROES": 8.91, "_ent": "30", "_mun": "011", "_loc": "0001"}, "geometry": {"type": "Polygon", "coordinates": [[[-95.75742, 18.77729], [-95.75716, 18.77736], [-95.75697, 18.77648], [-95.75724, 18.77642], [-95.75742, 18.77729]]]}}, {"id": "2243078", "type": "Feature", "properties": {"id": "2243078", "CVEGEO": "3001100010185017", "POBTOT": 10.0, "score_nse": 0.0, "NSE": "ND", "VIVTOT": 8.0, "GRAPROES": 9.78, "_ent": "30", "_mun": "011", "_loc": "0001"}, "geometry": {"type": "Polygon", "coordinates": [[[-95.75761, 18.77625], [-95.7578, 18.7771], [-95.75748, 18.77722], [-95.75728, 18.77636], [-95.75761, 18.77625]]]}}, {"id": "2243079", "type": "Feature", "properties": {"id": "2243079", "CVEGEO": "3001100010185005", "POBTOT": 43.0, "score_nse": 71.9851, "NSE": "C+", "VIVTOT": 14.0, "GRAPROES": 11.78, "_ent": "30", "_mun": "011", "_loc": "0001"}, "geometry": {"type": "Polygon", "coordinates": [[[-95.75689, 18.77643], [-95.75666, 18.77649], [-95.75641, 18.77549], [-95.75668, 18.77545], [-95.75689, 18.77643]]]}}, {"id": "2243080", "type": "Feature", "properties": {"id": "2243080", "CVEGEO": "3001100010166037", "POBTOT": 18.0, "score_nse": 0.0, "NSE": "ND", "VIVTOT": 7.0, "GRAPROES": 6.58, "_ent": "30", "_mun": "011", "_loc": "0001"}, "geometry": {"type": "Polygon", "coordinates": [[[-95.75654, 18.77143], [-95.75651, 18.77109], [-95.7567, 18.77103], [-95.75674, 18.77142], [-95.75654, 18.77143]]]}}, {"id": "2243081", "type": "Feature", "properties": {"id": "2243081", "CVEGEO": "3001100010166036", "POBTOT": 0.0, "score_nse": 0.0, "NSE": "ND", "VIVTOT": 0.0, "GRAPROES": 0.0, "_ent": "30", "_mun": "011", "_loc": "0001"}, "geometry": {"type": "Polygon", "coordinates": [[[-95.75728, 18.76545], [-95.75687, 18.7655], [-95.75651, 18.76565], [-95.75716, 18.76522], [-95.75728, 18.76545]]]}}, {"id": "2243082", "type": "Feature", "properties": {"id": "2243082", "CVEGEO": "3001100010151009", "POBTOT": 48.0, "score_nse": 55.119, "NSE": "C", "VIVTOT": 21.0, "GRAPROES": 10.35, "_ent": "30", "_mun": "011", "_loc": "0001"}, "geometry": {"type": "Polygon", "coordinates": [[[-95.76066, 18.76828], [-95.76103, 18.76824], [-95.76098, 18.76897], [-95.76082, 18.76901], [-95.76066, 18.76828]]]}}, {"id": "2243083", "type": "Feature", "properties": {"id": "2243083", "CVEGEO": "3001100010151001", "POBTOT": 33.0, "score_nse": 65.2089, "NSE": "C", "VIVTOT": 17.0, "GRAPROES": 11.9, "_ent": "30", "_mun": "011", "_loc": "0001"}, "geometry": {"type": "Polygon", "coordinates": [[[-95.76033, 18.76827], [-95.76047, 18.76777], [-95.76109, 18.76792], [-95.76104, 18.76819], [-95.76033, 18.76827]]]}}, {"id": "2243084", "type": "Feature", "properties": {"id": "2243084", "CVEGEO": "3001100010147036", "POBTOT": 0.0, "score_nse": 10.0, "NSE": "E", "VIVTOT": 2.0, "GRAPROES": 0.0, "_ent": "30", "_mun": "011", "_loc": "0001"}, "geometry": {"type": "Polygon", "coordinates": [[[-95.76304, 18.76881], [-95.76307, 18.76872], [-95.7631, 18.76879], [-95.76304, 18.76881]]]}}, {"id": "2243085", "type": "Feature", "properties": {"id": "2243085", "CVEGEO": "3001100010147025", "POBTOT": 10.0, "score_nse": 0.0, "NSE": "ND", "VIVTOT": 5.0, "GRAPROES": 5.5, "_ent": "30", "_mun": "011", "_loc": "0001"}, "geometry": {"type": "Polygon", "coordinates": [[[-95.76425, 18.77019], [-95.76396, 18.76993], [-95.76408, 18.76982], [-95.76437, 18.77007], [-95.76425, 18.77019]]]}}, {"id": "2243086", "type": "Feature", "properties": {"id": "2243086", "CVEGEO": "3001100010147024", "POBTOT": 25.0, "score_nse": 0.0, "NSE": "ND", "VIVTOT": 11.0, "GRAPROES": 7.52, "_ent": "30", "_mun": "011", "_loc": "0001"}, "geometry": {"type": "Polygon", "coordinates": [[[-95.7647, 18.77061], [-95.76452, 18.7704], [-95.76471, 18.77026], [-95.76482, 18.77038], [-95.7647, 18.77061]]]}}, {"id": "2243427", "type": "Feature", "properties": {"id": "2243427", "CVEGEO": "3001100010202012", "POBTOT": 2.0, "score_nse": 0.0, "NSE": "ND", "VIVTOT": 2.0, "GRAPROES": 0.0, "_ent": "30", "_mun": "011", "_loc": "0001"}, "geometry": {"type": "Polygon", "coordinates": [[[-95.7572, 18.77943], [-95.75726, 18.7797], [-95.75661, 18.77991], [-95.75654, 18.77962], [-95.7572, 18.77943]]]}}, {"id": "2243428", "type": "Feature", "properties": {"id": "2243428", "CVEGEO": "3001100010202011", "POBTOT": 9.0, "score_nse": 0.0, "NSE": "ND", "VIVTOT": 4.0, "GRAPROES": 0.0, "_ent": "30", "_mun": "011", "_loc": "0001"}, "geometry": {"type": "Polygon", "coordinates": [[[-95.75811, 18.77946], [-95.75735, 18.77967], [-95.7573, 18.77941], [-95.75805, 18.77921], [-95.75811, 18.77946]]]}}, {"id": "2243429", "type": "Feature", "properties": {"id": "2243429", "CVEGEO": "3001100010202010", "POBTOT": 2.0, "score_nse": 0.0, "NSE": "ND", "VIVTOT": 1.0, "GRAPROES": 0.0, "_ent": "30", "_mun": "011", "_loc": "0001"}, "geometry": {"type": "Polygon", "coordinates": [[[-95.75713, 18.77909], [-95.75719, 18.77934], [-95.75653, 18.77954], [-95.75648, 18.77926], [-95.75713, 18.77909]]]}}, {"id": "2243430", "type": "Feature", "properties": {"id": "2243430", "CVEGEO": "3001100010202009", "POBTOT": 8.0, "score_nse": 0.0, "NSE": "ND", "VIVTOT": 2.0, "GRAPROES": 0.0, "_ent": "30", "_mun": "011", "_loc": "0001"}, "geometry": {"type": "Polygon", "coordinates": [[[-95.75802, 18.77912], [-95.75728, 18.77931], [-95.75723, 18.77907], [-95.75795, 18.77887], [-95.75802, 18.77912]]]}}, {"id": "2243431", "type": "Feature", "properties": {"id": "2243431", "CVEGEO": "3001100010202004", "POBTOT": 23.0, "score_nse": 0.0, "NSE": "ND", "VIVTOT": 13.0, "GRAPROES": 8.61, "_ent": "30", "_mun": "011", "_loc": "0001"}, "geometry": {"type": "Polygon", "coordinates": [[[-95.75683, 18.77754], [-95.75786, 18.77721], [-95.75806, 18.7772], [-95.75804, 18.77782], [-95.7578, 18.77808], [-95.75701, 18.7783], [-95.75683, 18.77754]]]}}, {"id": "2243432", "type": "Feature", "properties": {"id": "2243432", "CVEGEO": "3001100010344009", "POBTOT": 0.0, "score_nse": 0.0, "NSE": "ND", "VIVTOT": 0.0, "GRAPROES": 0.0, "_ent": "30", "_mun": "011", "_loc": "0001"}, "geometry": {"type": "Polygon", "coordinates": [[[-95.75933, 18.77648], [-95.75945, 18.77715], [-95.75929, 18.77716], [-95.75904, 18.77649], [-95.75933, 18.77648]]]}}, {"id": "2243433", "type": "Feature", "properties": {"id": "2243433", "CVEGEO": "3001100010382003", "POBTOT": 0.0, "score_nse": 0.0, "NSE": "ND", "VIVTOT": 0.0, "GRAPROES": 0.0, "_ent": "30", "_mun": "011", "_loc": "0001"}, "geometry": {"type": "Polygon", "coordinates": [[[-95.76012, 18.77715], [-95.75991, 18.77691], [-95.75977, 18.77649], [-95.76012, 18.77715]]]}}, {"id": "2243434", "type": "Feature", "properties": {"id": "2243434", "CVEGEO": "3001100010382001", "POBTOT": 29.0, "score_nse": 36.0245, "NSE": "D+", "VIVTOT": 16.0, "GRAPROES": 7.0, "_ent": "30", "_mun": "011", "_loc": "0001"}, "geometry": {"type": "Polygon", "coordinates": [[[-95.75979, 18.77714], [-95.75967, 18.77669], [-95.7596, 18.77648], [-95.75992, 18.77715], [-95.75979, 18.77714]]]}}, {"id": "2243435", "type": "Feature", "properties": {"id": "2243435", "CVEGEO": "3001100010382002", "POBTOT": 47.0, "score_nse": 0.0, "NSE": "ND", "VIVTOT": 16.0, "GRAPROES": 7.33, "_ent": "30", "_mun": "011", "_loc": "0001"}, "geometry": {"type": "Polygon", "coordinates": [[[-95.75953, 18.77649], [-95.75961, 18.77684], [-95.75962, 18.77714], [-95.75949, 18.77714], [-95.75939, 18.77648], [-95.75953, 18.77649]]]}}, {"id": "2243436", "type": "Feature", "properties": {"id": "2243436", "CVEGEO": "3001100010363001", "POBTOT": 16.0, "score_nse": 0.0, "NSE": "ND", "VIVTOT": 4.0, "GRAPROES": 8.18, "_ent": "30", "_mun": "011", "_loc": "0001"}, "geometry": {"type": "Polygon", "coordinates": [[[-95.75893, 18.77763], [-95.75813, 18.77748], [-95.75813, 18.7772], [-95.7589, 18.77719], [-95.75893, 18.77763]]]}}, {"id": "2243437", "type": "Feature", "properties": {"id": "2243437", "CVEGEO": "3001100010344008", "POBTOT": 3.0, "score_nse": 39.26, "NSE": "D+", "VIVTOT": 3.0, "GRAPROES": 5.33, "_ent": "30", "_mun": "011", "_loc": "0001"}, "geometry": {"type": "Polygon", "coordinates": [[[-95.75924, 18.77717], [-95.75892, 18.77714], [-95.75885, 18.77691], [-95.75914, 18.7769], [-95.75924, 18.77717]]]}}, {"id": "2243438", "type": "Feature", "properties": {"id": "2243438", "CVEGEO": "3001100010344007", "POBTOT": 9.0, "score_nse": 0.0, "NSE": "ND", "VIVTOT": 3.0, "GRAPROES": 0.0, "_ent": "30", "_mun": "011", "_loc": "0001"}, "geometry": {"type": "Polygon", "coordinates": [[[-95.75841, 18.77557], [-95.75889, 18.77714], [-95.75867, 18.77712], [-95.7582, 18.77549], [-95.75841, 18.77557]]]}}, {"id": "2243439", "type": "Feature", "properties": {"id": "2243439", "CVEGEO": "3001100010202003", "POBTOT": 12.0, "score_nse": 0.0, "NSE": "ND", "VIVTOT": 5.0, "GRAPROES": 8.44, "_ent": "30", "_mun": "011", "_loc": "0001"}, "geometry": {"type": "Polygon", "coordinates": [[[-95.75609, 18.77767], [-95.75623, 18.7785], [-95.75604, 18.77853], [-95.7559, 18.77771], [-95.75609, 18.77767]]]}}, {"id": "2243440", "type": "Feature", "properties": {"id": "2243440", "CVEGEO": "3001100010344003", "POBTOT": 11.0, "score_nse": 39.1347, "NSE": "D+", "VIVTOT": 9.0, "GRAPROES": 9.1, "_ent": "30", "_mun": "011", "_loc": "0001"}, "geometry": {"type": "Polygon", "coordinates": [[[-95.75912, 18.77684], [-95.75884, 18.77685], [-95.75874, 18.7765], [-95.759, 18.77649], [-95.75912, 18.77684]]]}}, {"id": "2243441", "type": "Feature", "properties": {"id": "2243441", "CVEGEO": "3001100010344002", "POBTOT": 9.0, "score_nse": 0.0, "NSE": "ND", "VIVTOT": 5.0, "GRAPROES": 7.38, "_ent": "30", "_mun": "011", "_loc": "0001"}, "geometry": {"type": "Polygon", "coordinates": [[[-95.75931, 18.77641], [-95.75871, 18.77642], [-95.75864, 18.77621], [-95.75924, 18.77617], [-95.75931, 18.77641]]]}}, {"id": "2243442", "type": "Feature", "properties": {"id": "2243442", "CVEGEO": "3001100010344001", "POBTOT": 24.0, "score_nse": 62.2473, "NSE": "C", "VIVTOT": 11.0, "GRAPROES": 10.74, "_ent": "30", "_mun": "011", "_loc": "0001"}, "geometry": {"type": "Polygon", "coordinates": [[[-95.75816, 18.77546], [-95.75864, 18.77712], [-95.75838, 18.77711], [-95.75792, 18.77535], [-95.75816, 18.77546]]]}}, {"id": "2243443", "type": "Feature", "properties": {"id": "2243443", "CVEGEO": "3001100010221008", "POBTOT": 119.0, "score_nse": 0.0, "NSE": "ND", "VIVTOT": 58.0, "GRAPROES": 6.85, "_ent": "30", "_mun": "011", "_loc": "0001"}, "geometry": {"type": "Polygon", "coordinates": [[[-95.76246, 18.77637], [-95.76229, 18.77663], [-95.76242, 18.77731], [-95.76273, 18.77786], [-95.76317, 18.77809], [-95.76197, 18.77831], [-95.76068, 18.77586], [-95.76139, 18.77575], [-95.76158, 18.77598], [-95.76142, 18.77574], [-95.76394, 18.77509], [-95.76497, 18.77522], [-95.76501, 18.77553], [-95.76379, 18.77554], [-95.76246, 18.77637]]]}}, {"id": "2243444", "type": "Feature", "properties": {"id": "2243444", "CVEGEO": "3001100010202001", "POBTOT": 67.0, "score_nse": 0.0, "NSE": "ND", "VIVTOT": 26.0, "GRAPROES": 10.42, "_ent": "30", "_mun": "011", "_loc": "0001"}, "geometry": {"type": "Polygon", "coordinates": [[[-95.75656, 18.78001], [-95.75826, 18.77951], [-95.75836, 18.78022], [-95.75681, 18.78063], [-95.7563, 18.78126], [-95.75564, 18.78143], [-95.75517, 18.77955], [-95.75484, 18.779], [-95.75492, 18.7781], [-95.75583, 18.77774], [-95.75605, 18.77888], [-95.75607, 18.77866], [-95.75625, 18.77861], [-95.75656, 18.78001]]]}}, {"id": "2243445", "type": "Feature", "properties": {"id": "2243445", "CVEGEO": "3001100010185076", "POBTOT": 80.0, "score_nse": 61.7199, "NSE": "C", "VIVTOT": 27.0, "GRAPROES": 10.6, "_ent": "30", "_mun": "011", "_loc": "0001"}, "geometry": {"type": "Polygon", "coordinates": [[[-95.75579, 18.77657], [-95.75607, 18.77757], [-95.75585, 18.77763], [-95.75559, 18.77709], [-95.75579, 18.77765], [-95.75492, 18.77798], [-95.75491, 18.77608], [-95.75502, 18.77684], [-95.75506, 18.77657], [-95.75579, 18.77657]]]}}, {"id": "2243446", "type": "Feature", "properties": {"id": "2243446", "CVEGEO": "3001100010185062", "POBTOT": 41.0, "score_nse": 48.4572, "NSE": "C-", "VIVTOT": 23.0, "GRAPROES": 10.13, "_ent": "30", "_mun": "011", "_loc": "0001"}, "geometry": {"type": "Polygon", "coordinates": [[[-95.755, 18.77577], [-95.75513, 18.77528], [-95.75545, 18.7753], [-95.7555, 18.77598], [-95.75577, 18.77651], [-95.75506, 18.77651], [-95.755, 18.77577]]]}}, {"id": "2243447", "type": "Feature", "properties": {"id": "2243447", "CVEGEO": "3001100010185047", "POBTOT": 21.0, "score_nse": 0.0, "NSE": "ND", "VIVTOT": 7.0, "GRAPROES": 8.4, "_ent": "30", "_mun": "011", "_loc": "0001"}, "geometry": {"type": "Polygon", "coordinates": [[[-95.7529, 18.78031], [-95.75289, 18.78003], [-95.75312, 18.78004], [-95.75314, 18.78032], [-95.7529, 18.78031]]]}}, {"id": "2243448", "type": "Feature", "properties": {"id": "2243448", "CVEGEO": "3001100010202005", "POBTOT": 16.0, "score_nse": 31.3733, "NSE": "D+", "VIVTOT": 6.0, "GRAPROES": 4.91, "_ent": "30", "_mun": "011", "_loc": "0001"}, "geometry": {"type": "Polygon", "coordinates": [[[-95.75772, 18.7782], [-95.75782, 18.77847], [-95.75712, 18.77866], [-95.75704, 18.77836], [-95.75772, 18.7782]]]}}, {"id": "2243449", "type": "Feature", "properties": {"id": "2243449", "CVEGEO": "3001100010185030", "POBTOT": 33.0, "score_nse": 63.1815, "NSE": "C", "VIVTOT": 13.0, "GRAPROES": 9.46, "_ent": "30", "_mun": "011", "_loc": "0001"}, "geometry": {"type": "Polygon", "coordinates": [[[-95.75586, 18.77659], [-95.75624, 18.77652], [-95.75643, 18.7775], [-95.75612, 18.77756], [-95.75586, 18.77659]]]}}, {"id": "2243451", "type": "Feature", "properties": {"id": "2243451", "CVEGEO": "3001100010185028", "POBTOT": 41.0, "score_nse": 58.6788, "NSE": "C", "VIVTOT": 17.0, "GRAPROES": 10.44, "_ent": "30", "_mun": "011", "_loc": "0001"}, "geometry": {"type": "Polygon", "coordinates": [[[-95.75653, 18.77749], [-95.75633, 18.77659], [-95.75661, 18.77657], [-95.75675, 18.77745], [-95.75653, 18.77749]]]}}, {"id": "2243452", "type": "Feature", "properties": {"id": "2243452", "CVEGEO": "3001100010185020", "POBTOT": 22.0, "score_nse": 53.4954, "NSE": "C-", "VIVTOT": 14.0, "GRAPROES": 10.2, "_ent": "30", "_mun": "011", "_loc": "0001"}, "geometry": {"type": "Polygon", "coordinates": [[[-95.75682, 18.77742], [-95.75667, 18.77655], [-95.7569, 18.7765], [-95.75712, 18.77738], [-95.75682, 18.77742]]]}}, {"id": "2243453", "type": "Feature", "properties": {"id": "2243453", "CVEGEO": "3001100010185002", "POBTOT": 39.0, "score_nse": 0.0, "NSE": "ND", "VIVTOT": 21.0, "GRAPROES": 8.63, "_ent": "30", "_mun": "011", "_loc": "0001"}, "geometry": {"type": "Polygon", "coordinates": [[[-95.75621, 18.77648], [-95.75584, 18.77652], [-95.75554, 18.77596], [-95.7555, 18.77531], [-95.75596, 18.77526], [-95.75621, 18.77648]]]}}, {"id": "2243454", "type": "Feature", "properties": {"id": "2243454", "CVEGEO": "3001100010151041", "POBTOT": 83.0, "score_nse": 0.0, "NSE": "ND", "VIVTOT": 39.0, "GRAPROES": 8.64, "_ent": "30", "_mun": "011", "_loc": "0001"}, "geometry": {"type": "Polygon", "coordinates": [[[-95.76311, 18.76935], [-95.76266, 18.76965], [-95.76252, 18.76931], [-95.76273, 18.76936], [-95.76296, 18.76912], [-95.76311, 18.76935]]]}}, {"id": "2243455", "type": "Feature", "properties": {"id": "2243455", "CVEGEO": "3001100010151030", "POBTOT": 2.0, "score_nse": 0.0, "NSE": "ND", "VIVTOT": 6.0, "GRAPROES": 0.0, "_ent": "30", "_mun": "011", "_loc": "0001"}, "geometry": {"type": "Polygon", "coordinates": [[[-95.76001, 18.76627], [-95.75939, 18.76613], [-95.75862, 18.76581], [-95.75891, 18.76548], [-95.7601, 18.76598], [-95.76001, 18.76627]]]}}, {"id": "2243456", "type": "Feature", "properties": {"id": "2243456", "CVEGEO": "3001100010344004", "POBTOT": 16.0, "score_nse": 65.7006, "NSE": "C", "VIVTOT": 7.0, "GRAPROES": 11.67, "_ent": "30", "_mun": "011", "_loc": "0001"}, "geometry": {"type": "Polygon", "coordinates": [[[-95.75786, 18.7762], [-95.7581, 18.77618], [-95.75835, 18.77711], [-95.75808, 18.7771], [-95.75786, 18.7762]]]}}, {"id": "2243457", "type": "Feature", "properties": {"id": "2243457", "CVEGEO": "3001100010310046", "POBTOT": 25.0, "score_nse": 0.0, "NSE": "ND", "VIVTOT": 11.0, "GRAPROES": 7.82, "_ent": "30", "_mun": "011", "_loc": "0001"}, "geometry": {"type": "Polygon", "coordinates": [[[-95.77077, 18.77257], [-95.77077, 18.77189], [-95.77105, 18.77189], [-95.77104, 18.77248], [-95.77077, 18.77257]]]}}, {"id": "2243458", "type": "Feature", "properties": {"id": "2243458", "CVEGEO": "3001100010310043", "POBTOT": 16.0, "score_nse": 40.192, "NSE": "D+", "VIVTOT": 6.0, "GRAPROES": 6.13, "_ent": "30", "_mun": "011", "_loc": "0001"}, "geometry": {"type": "Polygon", "coordinates": [[[-95.7709, 18.7732], [-95.77129, 18.77306], [-95.77096, 18.77328], [-95.7709, 18.7732]]]}}, {"id": "2243459", "type": "Feature", "properties": {"id": "2243459", "CVEGEO": "3001100010310041", "POBTOT": 29.0, "score_nse": 0.0, "NSE": "ND", "VIVTOT": 11.0, "GRAPROES": 5.3, "_ent": "30", "_mun": "011", "_loc": "0001"}, "geometry": {"type": "Polygon", "coordinates": [[[-95.77029, 18.77351], [-95.77035, 18.77392], [-95.77017, 18.77388], [-95.77029, 18.77351]]]}}, {"id": "2243460", "type": "Feature", "properties": {"id": "2243460", "CVEGEO": "3001100010202002", "POBTOT": 46.0, "score_nse": 0.0, "NSE": "ND", "VIVTOT": 15.0, "GRAPROES": 8.65, "_ent": "30", "_mun": "011", "_loc": "0001"}, "geometry": {"type": "Polygon", "coordinates": [[[-95.75614, 18.77768], [-95.75673, 18.77756], [-95.7569, 18.77816], [-95.75675, 18.7782], [-95.75694, 18.77833], [-95.75629, 18.77849], [-95.75614, 18.77768]]]}}, {"id": "2243461", "type": "Feature", "properties": {"id": "2243461", "CVEGEO": "3001100010310039", "POBTOT": 12.0, "score_nse": 0.0, "NSE": "ND", "VIVTOT": 8.0, "GRAPROES": 6.45, "_ent": "30", "_mun": "011", "_loc": "0001"}, "geometry": {"type": "Polygon", "coordinates": [[[-95.76741, 18.77376], [-95.7672, 18.77379], [-95.7672, 18.77352], [-95.76738, 18.77349], [-95.76741, 18.77376]]]}}, {"id": "2243462", "type": "Feature", "properties": {"id": "2243462", "CVEGEO": "3001100010310038", "POBTOT": 104.0, "score_nse": 0.0, "NSE": "ND", "VIVTOT": 42.0, "GRAPROES": 7.03, "_ent": "30", "_mun": "011", "_loc": "0001"}, "geometry": {"type": "Polygon", "coordinates": [[[-95.76853, 18.77498], [-95.76685, 18.77486], [-95.76843, 18.7743], [-95.76853, 18.77498]]]}}, {"id": "2243463", "type": "Feature", "properties": {"id": "2243463", "CVEGEO": "3001100010310037", "POBTOT": 21.0, "score_nse": 0.0, "NSE": "ND", "VIVTOT": 11.0, "GRAPROES": 7.58, "_ent": "30", "_mun": "011", "_loc": "0001"}, "geometry": {"type": "Polygon", "coordinates": [[[-95.76898, 18.77361], [-95.76934, 18.77372], [-95.76989, 18.77386], [-95.76979, 18.7741], [-95.76888, 18.77382], [-95.76898, 18.77361]]]}}, {"id": "2243464", "type": "Feature", "properties": {"id": "2243464", "CVEGEO": "3001100010310036", "POBTOT": 51.0, "score_nse": 52.634, "NSE": "C-", "VIVTOT": 20.0, "GRAPROES": 8.88, "_ent": "30", "_mun": "011", "_loc": "0001"}, "geometry": {"type": "Polygon", "coordinates": [[[-95.77167, 18.77539], [-95.77094, 18.77476], [-95.77104, 18.77456], [-95.77184, 18.77532], [-95.77167, 18.77539]]]}}, {"id": "2243465", "type": "Feature", "properties": {"id": "2243465", "CVEGEO": "3001100010310034", "POBTOT": 17.0, "score_nse": 0.0, "NSE": "ND", "VIVTOT": 12.0, "GRAPROES": 10.46, "_ent": "30", "_mun": "011", "_loc": "0001"}, "geometry": {"type": "Polygon", "coordinates": [[[-95.77084, 18.77471], [-95.76965, 18.7744], [-95.76972, 18.77411], [-95.77101, 18.77455], [-95.77084, 18.77471]]]}}, {"id": "2243466", "type": "Feature", "properties": {"id": "2243466", "CVEGEO": "3001100010310033", "POBTOT": 23.0, "score_nse": 0.0, "NSE": "ND", "VIVTOT": 9.0, "GRAPROES": 5.74, "_ent": "30", "_mun": "011", "_loc": "0001"}, "geometry": {"type": "Polygon", "coordinates": [[[-95.77093, 18.77335], [-95.7709, 18.77361], [-95.77078, 18.77348], [-95.77093, 18.77335]]]}}, {"id": "2243467", "type": "Feature", "properties": {"id": "2243467", "CVEGEO": "3001100010310032", "POBTOT": 43.0, "score_nse": 0.0, "NSE": "ND", "VIVTOT": 15.0, "GRAPROES": 6.2, "_ent": "30", "_mun": "011", "_loc": "0001"}, "geometry": {"type": "Polygon", "coordinates": [[[-95.77109, 18.77348], [-95.77097, 18.77332], [-95.77133, 18.77308], [-95.77143, 18.77324], [-95.77109, 18.77348]]]}}, {"id": "2243468", "type": "Feature", "properties": {"id": "2243468", "CVEGEO": "3001100010310031", "POBTOT": 16.0, "score_nse": 0.0, "NSE": "ND", "VIVTOT": 11.0, "GRAPROES": 8.25, "_ent": "30", "_mun": "011", "_loc": "0001"}, "geometry": {"type": "Polygon", "coordinates": [[[-95.76562, 18.77199], [-95.76551, 18.77209], [-95.76538, 18.77199], [-95.76553, 18.77191], [-95.76562, 18.77199]]]}}, {"id": "2243469", "type": "Feature", "properties": {"id": "2243469", "CVEGEO": "3001100010310030", "POBTOT": 100.0, "score_nse": 0.0, "NSE": "ND", "VIVTOT": 30.0, "GRAPROES": 6.62, "_ent": "30", "_mun": "011", "_loc": "0001"}, "geometry": {"type": "Polygon", "coordinates": [[[-95.77077, 18.77354], [-95.77087, 18.77365], [-95.77067, 18.77401], [-95.77041, 18.77393], [-95.77047, 18.77366], [-95.77077, 18.77354]]]}}, {"id": "2243470", "type": "Feature", "properties": {"id": "2243470", "CVEGEO": "3001100010310029", "POBTOT": 33.0, "score_nse": 0.0, "NSE": "ND", "VIVTOT": 9.0, "GRAPROES": 6.46, "_ent": "30", "_mun": "011", "_loc": "0001"}, "geometry": {"type": "Polygon", "coordinates": [[[-95.77076, 18.77344], [-95.77048, 18.77317], [-95.77062, 18.77306], [-95.7709, 18.77332], [-95.77076, 18.77344]]]}}, {"id": "2243471", "type": "Feature", "properties": {"id": "2243471", "CVEGEO": "3001100010310025", "POBTOT": 50.0, "score_nse": 0.0, "NSE": "ND", "VIVTOT": 20.0, "GRAPROES": 9.34, "_ent": "30", "_mun": "011", "_loc": "0001"}, "geometry": {"type": "Polygon", "coordinates": [[[-95.76962, 18.7744], [-95.76846, 18.77426], [-95.76863, 18.77377], [-95.76969, 18.77409], [-95.76962, 18.7744]]]}}, {"id": "2243472", "type": "Feature", "properties": {"id": "2243472", "CVEGEO": "3001100010310024", "POBTOT": 18.0, "score_nse": 0.0, "NSE": "ND", "VIVTOT": 7.0, "GRAPROES": 10.17, "_ent": "30", "_mun": "011", "_loc": "0001"}, "geometry": {"type": "Polygon", "coordinates": [[[-95.76982, 18.77411], [-95.76991, 18.77388], [-95.77043, 18.77401], [-95.77036, 18.77426], [-95.76982, 18.77411]]]}}, {"id": "2243473", "type": "Feature", "properties": {"id": "2243473", "CVEGEO": "3001100010310023", "POBTOT": 141.0, "score_nse": 47.436, "NSE": "C-", "VIVTOT": 47.0, "GRAPROES": 8.46, "_ent": "30", "_mun": "011", "_loc": "0001"}, "geometry": {"type": "Polygon", "coordinates": [[[-95.76917, 18.77355], [-95.7694, 18.7731], [-95.76964, 18.7732], [-95.76958, 18.77333], [-95.76969, 18.77322], [-95.76992, 18.77331], [-95.76987, 18.77342], [-95.77024, 18.77345], [-95.77013, 18.77386], [-95.76917, 18.77355]]]}}, {"id": "2243474", "type": "Feature", "properties": {"id": "2243474", "CVEGEO": "3001100010310022", "POBTOT": 61.0, "score_nse": 0.0, "NSE": "ND", "VIVTOT": 25.0, "GRAPROES": 7.5, "_ent": "30", "_mun": "011", "_loc": "0001"}, "geometry": {"type": "Polygon", "coordinates": [[[-95.76958, 18.7728], [-95.77034, 18.77315], [-95.77001, 18.77328], [-95.76943, 18.77304], [-95.76958, 18.7728]]]}}, {"id": "2243475", "type": "Feature", "properties": {"id": "2243475", "CVEGEO": "3001100010310021", "POBTOT": 0.0, "score_nse": 10.0, "NSE": "E", "VIVTOT": 1.0, "GRAPROES": 0.0, "_ent": "30", "_mun": "011", "_loc": "0001"}, "geometry": {"type": "Polygon", "coordinates": [[[-95.77069, 18.77242], [-95.77042, 18.7731], [-95.76963, 18.77274], [-95.77018, 18.77168], [-95.7707, 18.77195], [-95.77069, 18.77242]]]}}, {"id": "2243476", "type": "Feature", "properties": {"id": "2243476", "CVEGEO": "3001100010310017", "POBTOT": 42.0, "score_nse": 0.0, "NSE": "ND", "VIVTOT": 20.0, "GRAPROES": 5.82, "_ent": "30", "_mun": "011", "_loc": "0001"}, "geometry": {"type": "Polygon", "coordinates": [[[-95.76766, 18.7743], [-95.76765, 18.77409], [-95.76804, 18.77409], [-95.76799, 18.7743], [-95.76743, 18.77452], [-95.76734, 18.77443], [-95.76766, 18.7743]]]}}, {"id": "2243477", "type": "Feature", "properties": {"id": "2243477", "CVEGEO": "3001100010310016", "POBTOT": 74.0, "score_nse": 0.0, "NSE": "ND", "VIVTOT": 25.0, "GRAPROES": 7.32, "_ent": "30", "_mun": "011", "_loc": "0001"}, "geometry": {"type": "Polygon", "coordinates": [[[-95.76857, 18.77374], [-95.76841, 18.77427], [-95.76804, 18.77429], [-95.76829, 18.77364], [-95.76857, 18.77374]]]}}, {"id": "2243478", "type": "Feature", "properties": {"id": "2243478", "CVEGEO": "3001100010310015", "POBTOT": 123.0, "score_nse": 0.0, "NSE": "ND", "VIVTOT": 35.0, "GRAPROES": 7.89, "_ent": "30", "_mun": "011", "_loc": "0001"}, "geometry": {"type": "Polygon", "coordinates": [[[-95.76832, 18.77361], [-95.76848, 18.7734], [-95.76894, 18.7736], [-95.76884, 18.77381], [-95.76832, 18.77361]]]}}, {"id": "2243479", "type": "Feature", "properties": {"id": "2243479", "CVEGEO": "3001100010310014", "POBTOT": 75.0, "score_nse": 0.0, "NSE": "ND", "VIVTOT": 20.0, "GRAPROES": 7.54, "_ent": "30", "_mun": "011", "_loc": "0001"}, "geometry": {"type": "Polygon", "coordinates": [[[-95.76798, 18.77344], [-95.76807, 18.77319], [-95.76845, 18.7734], [-95.76827, 18.77357], [-95.76798, 18.77344]]]}}, {"id": "2243480", "type": "Feature", "properties": {"id": "2243480", "CVEGEO": "3001100010310012", "POBTOT": 18.0, "score_nse": 0.0, "NSE": "ND", "VIVTOT": 7.0, "GRAPROES": 9.2, "_ent": "30", "_mun": "011", "_loc": "0001"}, "geometry": {"type": "Polygon", "coordinates": [[[-95.76722, 18.77298], [-95.76735, 18.77279], [-95.76751, 18.77288], [-95.76747, 18.7731], [-95.76776, 18.77323], [-95.76771, 18.77329], [-95.76722, 18.77298]]]}}, {"id": "2243481", "type": "Feature", "properties": {"id": "2243481", "CVEGEO": "3001100010310011", "POBTOT": 59.0, "score_nse": 52.742, "NSE": "C-", "VIVTOT": 20.0, "GRAPROES": 8.84, "_ent": "30", "_mun": "011", "_loc": "0001"}, "geometry": {"type": "Polygon", "coordinates": [[[-95.7671, 18.7729], [-95.76681, 18.77275], [-95.76694, 18.77256], [-95.76729, 18.77276], [-95.7671, 18.7729]]]}}, {"id": "2243482", "type": "Feature", "properties": {"id": "2243482", "CVEGEO": "3001100010310007", "POBTOT": 9.0, "score_nse": 0.0, "NSE": "ND", "VIVTOT": 5.0, "GRAPROES": 4.88, "_ent": "30", "_mun": "011", "_loc": "0001"}, "geometry": {"type": "Polygon", "coordinates": [[[-95.7676, 18.77386], [-95.76762, 18.77417], [-95.76751, 18.77425], [-95.76741, 18.77386], [-95.7676, 18.77386]]]}}, {"id": "2243483", "type": "Feature", "properties": {"id": "2243483", "CVEGEO": "3001100010310004", "POBTOT": 51.0, "score_nse": 49.0009, "NSE": "C-", "VIVTOT": 18.0, "GRAPROES": 8.34, "_ent": "30", "_mun": "011", "_loc": "0001"}, "geometry": {"type": "Polygon", "coordinates": [[[-95.76785, 18.77338], [-95.76774, 18.77315], [-95.76749, 18.77308], [-95.76755, 18.7729], [-95.76802, 18.77317], [-95.76785, 18.77338]]]}}, {"id": "2243484", "type": "Feature", "properties": {"id": "2243484", "CVEGEO": "3001100010310003", "POBTOT": 43.0, "score_nse": 0.0, "NSE": "ND", "VIVTOT": 14.0, "GRAPROES": 8.71, "_ent": "30", "_mun": "011", "_loc": "0001"}, "geometry": {"type": "Polygon", "coordinates": [[[-95.76755, 18.77327], [-95.76719, 18.7735], [-95.76693, 18.77287], [-95.76704, 18.77291], [-95.76755, 18.77327]]]}}, {"id": "2243485", "type": "Feature", "properties": {"id": "2243485", "CVEGEO": "3001100010310001", "POBTOT": 70.0, "score_nse": 0.0, "NSE": "ND", "VIVTOT": 22.0, "GRAPROES": 8.15, "_ent": "30", "_mun": "011", "_loc": "0001"}, "geometry": {"type": "Polygon", "coordinates": [[[-95.76801, 18.77352], [-95.76744, 18.77376], [-95.76739, 18.7734], [-95.76757, 18.77328], [-95.76801, 18.77352]]]}}, {"id": "2243486", "type": "Feature", "properties": {"id": "2243486", "CVEGEO": "3001100010185012", "POBTOT": 51.0, "score_nse": 57.5778, "NSE": "C", "VIVTOT": 18.0, "GRAPROES": 9.33, "_ent": "30", "_mun": "011", "_loc": "0001"}, "geometry": {"type": "Polygon", "coordinates": [[[-95.75623, 18.77379], [-95.75616, 18.77292], [-95.7565, 18.77283], [-95.75661, 18.77376], [-95.75623, 18.77379]]]}}, {"id": "2243487", "type": "Feature", "properties": {"id": "2243487", "CVEGEO": "3001100010185009", "POBTOT": 42.0, "score_nse": 54.6375, "NSE": "C-", "VIVTOT": 16.0, "GRAPROES": 10.55, "_ent": "30", "_mun": "011", "_loc": "0001"}, "geometry": {"type": "Polygon", "coordinates": [[[-95.7572, 18.77473], [-95.75706, 18.77377], [-95.75736, 18.77372], [-95.75768, 18.77462], [-95.7572, 18.77473]]]}}, {"id": "2243488", "type": "Feature", "properties": {"id": "2243488", "CVEGEO": "3001100010185006", "POBTOT": 551.0, "score_nse": 49.1793, "NSE": "C-", "VIVTOT": 234.0, "GRAPROES": 8.65, "_ent": "30", "_mun": "011", "_loc": "0001"}, "geometry": {"type": "Polygon", "coordinates": [[[-95.75371, 18.77972], [-95.75397, 18.77609], [-95.75384, 18.77573], [-95.75399, 18.7751], [-95.75479, 18.77319], [-95.75532, 18.76987], [-95.75569, 18.76992], [-95.75588, 18.77011], [-95.75593, 18.77201], [-95.75567, 18.77207], [-95.75593, 18.77206], [-95.75604, 18.77271], [-95.75565, 18.7727], [-95.75556, 18.77275], [-95.75557, 18.77304], [-95.7556, 18.77277], [-95.75604, 18.77274], [-95.75612, 18.77371], [-95.75535, 18.77445], [-95.75507, 18.7752], [-95.75487, 18.77602], [-95.75471, 18.77938], [-95.75398, 18.77921], [-95.75396, 18.77961], [-95.75371, 18.77972]]]}}, {"id": "2243489", "type": "Feature", "properties": {"id": "2243489", "CVEGEO": "3001100010185003", "POBTOT": 78.0, "score_nse": 51.3355, "NSE": "C-", "VIVTOT": 33.0, "GRAPROES": 9.67, "_ent": "30", "_mun": "011", "_loc": "0001"}, "geometry": {"type": "Polygon", "coordinates": [[[-95.75672, 18.77536], [-95.75637, 18.77384], [-95.75664, 18.7738], [-95.75688, 18.77535], [-95.75672, 18.77536]]]}}, {"id": "2243490", "type": "Feature", "properties": {"id": "2243490", "CVEGEO": "3001100010185001", "POBTOT": 49.0, "score_nse": 0.0, "NSE": "ND", "VIVTOT": 20.0, "GRAPROES": 10.31, "_ent": "30", "_mun": "011", "_loc": "0001"}, "geometry": {"type": "Polygon", "coordinates": [[[-95.75629, 18.77506], [-95.75604, 18.7739], [-95.75631, 18.77386], [-95.75657, 18.77499], [-95.75629, 18.77506]]]}}, {"id": "2243491", "type": "Feature", "properties": {"id": "2243491", "CVEGEO": "3001100010166056", "POBTOT": 0.0, "score_nse": 0.0, "NSE": "ND", "VIVTOT": 0.0, "GRAPROES": 0.0, "_ent": "30", "_mun": "011", "_loc": "0001"}, "geometry": {"type": "Polygon", "coordinates": [[[-95.75538, 18.76799], [-95.75548, 18.76814], [-95.75541, 18.76813], [-95.75538, 18.76799]]]}}, {"id": "2243492", "type": "Feature", "properties": {"id": "2243492", "CVEGEO": "3001100010166055", "POBTOT": 50.0, "score_nse": 0.0, "NSE": "ND", "VIVTOT": 22.0, "GRAPROES": 7.45, "_ent": "30", "_mun": "011", "_loc": "0001"}, "geometry": {"type": "Polygon", "coordinates": [[[-95.75625, 18.77025], [-95.75622, 18.77046], [-95.75588, 18.77047], [-95.75613, 18.76994], [-95.75667, 18.77017], [-95.75656, 18.77047], [-95.75641, 18.77046], [-95.75639, 18.77024], [-95.75638, 18.77046], [-95.75625, 18.77046], [-95.75625, 18.77025]]]}}, {"id": "2243493", "type": "Feature", "properties": {"id": "2243493", "CVEGEO": "3001100010166054", "POBTOT": 17.0, "score_nse": 0.0, "NSE": "ND", "VIVTOT": 9.0, "GRAPROES": 8.75, "_ent": "30", "_mun": "011", "_loc": "0001"}, "geometry": {"type": "Polygon", "coordinates": [[[-95.75587, 18.77072], [-95.75587, 18.77052], [-95.75622, 18.77052], [-95.75622, 18.7707], [-95.75587, 18.77072]]]}}, {"id": "2243494", "type": "Feature", "properties": {"id": "2243494", "CVEGEO": "3001100010166053", "POBTOT": 6.0, "score_nse": 0.0, "NSE": "ND", "VIVTOT": 3.0, "GRAPROES": 0.0, "_ent": "30", "_mun": "011", "_loc": "0001"}, "geometry": {"type": "Polygon", "coordinates": [[[-95.75669, 18.77097], [-95.75648, 18.77105], [-95.75645, 18.77056], [-95.7566, 18.77054], [-95.75669, 18.77097]]]}}, {"id": "2243495", "type": "Feature", "properties": {"id": "2243495", "CVEGEO": "3001100010166051", "POBTOT": 22.0, "score_nse": 0.0, "NSE": "ND", "VIVTOT": 9.0, "GRAPROES": 6.59, "_ent": "30", "_mun": "011", "_loc": "0001"}, "geometry": {"type": "Polygon", "coordinates": [[[-95.75676, 18.77133], [-95.75674, 18.771], [-95.75693, 18.77094], [-95.75705, 18.77137], [-95.75676, 18.77133]]]}}, {"id": "2243496", "type": "Feature", "properties": {"id": "2243496", "CVEGEO": "3001100010166050", "POBTOT": 56.0, "score_nse": 0.0, "NSE": "ND", "VIVTOT": 28.0, "GRAPROES": 9.42, "_ent": "30", "_mun": "011", "_loc": "0001"}, "geometry": {"type": "Polygon", "coordinates": [[[-95.75621, 18.7723], [-95.75602, 18.77227], [-95.75594, 18.77174], [-95.75643, 18.77172], [-95.75649, 18.77272], [-95.75637, 18.77284], [-95.75614, 18.77285], [-95.75603, 18.7723], [-95.75621, 18.7723]]]}}, {"id": "2243497", "type": "Feature", "properties": {"id": "2243497", "CVEGEO": "3001100010166049", "POBTOT": 44.0, "score_nse": 45.2089, "NSE": "C-", "VIVTOT": 23.0, "GRAPROES": 8.56, "_ent": "30", "_mun": "011", "_loc": "0001"}, "geometry": {"type": "Polygon", "coordinates": [[[-95.75656, 18.77269], [-95.75651, 18.77149], [-95.75675, 18.77148], [-95.75694, 18.77252], [-95.75656, 18.77269]]]}}, {"id": "2243498", "type": "Feature", "properties": {"id": "2243498", "CVEGEO": "3001100010166047", "POBTOT": 116.0, "score_nse": 50.9092, "NSE": "C-", "VIVTOT": 41.0, "GRAPROES": 9.1, "_ent": "30", "_mun": "011", "_loc": "0001"}, "geometry": {"type": "Polygon", "coordinates": [[[-95.75701, 18.77254], [-95.75678, 18.77147], [-95.75707, 18.77142], [-95.75747, 18.7724], [-95.75724, 18.77234], [-95.75727, 18.77246], [-95.75701, 18.77254]]]}}, {"id": "2243499", "type": "Feature", "properties": {"id": "2243499", "CVEGEO": "3001100010166046", "POBTOT": 58.0, "score_nse": 0.0, "NSE": "ND", "VIVTOT": 20.0, "GRAPROES": 8.0, "_ent": "30", "_mun": "011", "_loc": "0001"}, "geometry": {"type": "Polygon", "coordinates": [[[-95.75752, 18.77238], [-95.75696, 18.77092], [-95.75718, 18.77061], [-95.75792, 18.77225], [-95.75752, 18.77238]]]}}, {"id": "2243500", "type": "Feature", "properties": {"id": "2243500", "CVEGEO": "3001100010166039", "POBTOT": 29.0, "score_nse": 0.0, "NSE": "ND", "VIVTOT": 9.0, "GRAPROES": 9.55, "_ent": "30", "_mun": "011", "_loc": "0001"}, "geometry": {"type": "Polygon", "coordinates": [[[-95.75674, 18.77095], [-95.7566, 18.77038], [-95.75672, 18.7702], [-95.75715, 18.77057], [-95.75693, 18.77091], [-95.75674, 18.77095]]]}}, {"id": "2243501", "type": "Feature", "properties": {"id": "2243501", "CVEGEO": "3001100010166038", "POBTOT": 10.0, "score_nse": 0.0, "NSE": "ND", "VIVTOT": 8.0, "GRAPROES": 7.6, "_ent": "30", "_mun": "011", "_loc": "0001"}, "geometry": {"type": "Polygon", "coordinates": [[[-95.75621, 18.77134], [-95.75618, 18.77147], [-95.75591, 18.77146], [-95.75588, 18.77115], [-95.75646, 18.7711], [-95.75649, 18.77145], [-95.75621, 18.77147], [-95.75621, 18.77134]]]}}, {"id": "2243502", "type": "Feature", "properties": {"id": "2243502", "CVEGEO": "3001100010166035", "POBTOT": 110.0, "score_nse": 59.5607, "NSE": "C", "VIVTOT": 48.0, "GRAPROES": 11.15, "_ent": "30", "_mun": "011", "_loc": "0001"}, "geometry": {"type": "Polygon", "coordinates": [[[-95.75829, 18.77064], [-95.75853, 18.77165], [-95.75807, 18.77174], [-95.75779, 18.77073], [-95.75829, 18.77064]]]}}, {"id": "2243503", "type": "Feature", "properties": {"id": "2243503", "CVEGEO": "3001100010166034", "POBTOT": 82.0, "score_nse": 54.7099, "NSE": "C-", "VIVTOT": 43.0, "GRAPROES": 10.68, "_ent": "30", "_mun": "011", "_loc": "0001"}, "geometry": {"type": "Polygon", "coordinates": [[[-95.75886, 18.77057], [-95.75906, 18.77155], [-95.75859, 18.77164], [-95.75835, 18.77064], [-95.75886, 18.77057]]]}}, {"id": "2243504", "type": "Feature", "properties": {"id": "2243504", "CVEGEO": "3001100010166033", "POBTOT": 60.0, "score_nse": 57.181, "NSE": "C", "VIVTOT": 32.0, "GRAPROES": 11.91, "_ent": "30", "_mun": "011", "_loc": "0001"}, "geometry": {"type": "Polygon", "coordinates": [[[-95.7594, 18.77045], [-95.75961, 18.77144], [-95.75911, 18.77154], [-95.7589, 18.77056], [-95.7594, 18.77045]]]}}, {"id": "2243505", "type": "Feature", "properties": {"id": "2243505", "CVEGEO": "3001100010166032", "POBTOT": 90.0, "score_nse": 64.336, "NSE": "C", "VIVTOT": 40.0, "GRAPROES": 11.33, "_ent": "30", "_mun": "011", "_loc": "0001"}, "geometry": {"type": "Polygon", "coordinates": [[[-95.75722, 18.76972], [-95.7575, 18.76969], [-95.75786, 18.77133], [-95.75734, 18.77056], [-95.75722, 18.76972]]]}}, {"id": "2243506", "type": "Feature", "properties": {"id": "2243506", "CVEGEO": "3001100010166031", "POBTOT": 125.0, "score_nse": 64.325, "NSE": "C", "VIVTOT": 43.0, "GRAPROES": 11.83, "_ent": "30", "_mun": "011", "_loc": "0001"}, "geometry": {"type": "Polygon", "coordinates": [[[-95.75807, 18.76959], [-95.7583, 18.77058], [-95.75779, 18.7707], [-95.75755, 18.76967], [-95.75807, 18.76959]]]}}, {"id": "2243507", "type": "Feature", "properties": {"id": "2243507", "CVEGEO": "3001100010166030", "POBTOT": 89.0, "score_nse": 69.6135, "NSE": "C", "VIVTOT": 32.0, "GRAPROES": 12.8, "_ent": "30", "_mun": "011", "_loc": "0001"}, "geometry": {"type": "Polygon", "coordinates": [[[-95.75859, 18.7695], [-95.75883, 18.77049], [-95.75835, 18.77057], [-95.75812, 18.76958], [-95.75859, 18.7695]]]}}, {"id": "2243508", "type": "Feature", "properties": {"id": "2243508", "CVEGEO": "3001100010166029", "POBTOT": 98.0, "score_nse": 63.2095, "NSE": "C", "VIVTOT": 41.0, "GRAPROES": 11.01, "_ent": "30", "_mun": "011", "_loc": "0001"}, "geometry": {"type": "Polygon", "coordinates": [[[-95.75916, 18.76939], [-95.75938, 18.77038], [-95.75889, 18.77048], [-95.75866, 18.76949], [-95.75916, 18.76939]]]}}, {"id": "2243509", "type": "Feature", "properties": {"id": "2243509", "CVEGEO": "3001100010166026", "POBTOT": 0.0, "score_nse": 0.0, "NSE": "ND", "VIVTOT": 0.0, "GRAPROES": 0.0, "_ent": "30", "_mun": "011", "_loc": "0001"}, "geometry": {"type": "Polygon", "coordinates": [[[-95.7573, 18.76533], [-95.75743, 18.76512], [-95.75813, 18.76518], [-95.75795, 18.76561], [-95.7573, 18.76533]]]}}, {"id": "2243510", "type": "Feature", "properties": {"id": "2243510", "CVEGEO": "3001100010166025", "POBTOT": 49.0, "score_nse": 65.0846, "NSE": "C", "VIVTOT": 27.0, "GRAPROES": 13.29, "_ent": "30", "_mun": "011", "_loc": "0001"}, "geometry": {"type": "Polygon", "coordinates": [[[-95.75857, 18.76934], [-95.7581, 18.76953], [-95.75791, 18.76871], [-95.7584, 18.76866], [-95.75857, 18.76934]]]}}, {"id": "2243511", "type": "Feature", "properties": {"id": "2243511", "CVEGEO": "3001100010166024", "POBTOT": 64.0, "score_nse": 65.859, "NSE": "C", "VIVTOT": 33.0, "GRAPROES": 12.27, "_ent": "30", "_mun": "011", "_loc": "0001"}, "geometry": {"type": "Polygon", "coordinates": [[[-95.75899, 18.76855], [-95.75916, 18.76933], [-95.75864, 18.76944], [-95.75845, 18.76863], [-95.75899, 18.76855]]]}}, {"id": "2243512", "type": "Feature", "properties": {"id": "2243512", "CVEGEO": "3001100010166023", "POBTOT": 42.0, "score_nse": 60.4314, "NSE": "C", "VIVTOT": 21.0, "GRAPROES": 13.03, "_ent": "30", "_mun": "011", "_loc": "0001"}, "geometry": {"type": "Polygon", "coordinates": [[[-95.75828, 18.76784], [-95.7588, 18.76766], [-95.75898, 18.76848], [-95.75844, 18.76857], [-95.75828, 18.76784]]]}}, {"id": "2243539", "type": "Feature", "properties": {"id": "2243539", "CVEGEO": "3001100010166022", "POBTOT": 30.0, "score_nse": 57.0613, "NSE": "C", "VIVTOT": 15.0, "GRAPROES": 10.73, "_ent": "30", "_mun": "011", "_loc": "0001"}, "geometry": {"type": "Polygon", "coordinates": [[[-95.7588, 18.76757], [-95.7583, 18.76776], [-95.75815, 18.76717], [-95.75881, 18.76716], [-95.7588, 18.76757]]]}}, {"id": "2243540", "type": "Feature", "properties": {"id": "2243540", "CVEGEO": "3001100010166021", "POBTOT": 37.0, "score_nse": 62.886, "NSE": "C", "VIVTOT": 20.0, "GRAPROES": 12.68, "_ent": "30", "_mun": "011", "_loc": "0001"}, "geometry": {"type": "Polygon", "coordinates": [[[-95.75818, 18.76626], [-95.75862, 18.76614], [-95.7588, 18.76707], [-95.75816, 18.76713], [-95.75818, 18.76626]]]}}, {"id": "2243541", "type": "Feature", "properties": {"id": "2243541", "CVEGEO": "3001100010166020", "POBTOT": 12.0, "score_nse": 0.0, "NSE": "ND", "VIVTOT": 8.0, "GRAPROES": 10.64, "_ent": "30", "_mun": "011", "_loc": "0001"}, "geometry": {"type": "Polygon", "coordinates": [[[-95.75808, 18.76615], [-95.758, 18.76568], [-95.75861, 18.76592], [-95.75851, 18.76614], [-95.75808, 18.76615]]]}}, {"id": "2243542", "type": "Feature", "properties": {"id": "2243542", "CVEGEO": "3001100010166017", "POBTOT": 24.0, "score_nse": 68.7636, "NSE": "C", "VIVTOT": 11.0, "GRAPROES": 15.57, "_ent": "30", "_mun": "011", "_loc": "0001"}, "geometry": {"type": "Polygon", "coordinates": [[[-95.75703, 18.76652], [-95.75677, 18.76563], [-95.7573, 18.76554], [-95.75741, 18.76638], [-95.75703, 18.76652]]]}}, {"id": "2243543", "type": "Feature", "properties": {"id": "2243543", "CVEGEO": "3001100010166016", "POBTOT": 31.0, "score_nse": 46.2809, "NSE": "C-", "VIVTOT": 45.0, "GRAPROES": 11.74, "_ent": "30", "_mun": "011", "_loc": "0001"}, "geometry": {"type": "Polygon", "coordinates": [[[-95.75665, 18.76666], [-95.75632, 18.76595], [-95.7567, 18.76573], [-95.75701, 18.76656], [-95.75665, 18.76666]]]}}, {"id": "2243544", "type": "Feature", "properties": {"id": "2243544", "CVEGEO": "3001100010166015", "POBTOT": 42.0, "score_nse": 69.2459, "NSE": "C", "VIVTOT": 17.0, "GRAPROES": 12.97, "_ent": "30", "_mun": "011", "_loc": "0001"}, "geometry": {"type": "Polygon", "coordinates": [[[-95.75633, 18.76608], [-95.75661, 18.76676], [-95.75617, 18.76682], [-95.75605, 18.76628], [-95.75633, 18.76608]]]}}, {"id": "2243545", "type": "Feature", "properties": {"id": "2243545", "CVEGEO": "3001100010166014", "POBTOT": 38.0, "score_nse": 78.7291, "NSE": "C+", "VIVTOT": 11.0, "GRAPROES": 13.17, "_ent": "30", "_mun": "011", "_loc": "0001"}, "geometry": {"type": "Polygon", "coordinates": [[[-95.75602, 18.76632], [-95.75612, 18.76683], [-95.75567, 18.76685], [-95.75602, 18.76632]]]}}, {"id": "2243546", "type": "Feature", "properties": {"id": "2243546", "CVEGEO": "3001100010166013", "POBTOT": 23.0, "score_nse": 0.0, "NSE": "ND", "VIVTOT": 12.0, "GRAPROES": 11.11, "_ent": "30", "_mun": "011", "_loc": "0001"}, "geometry": {"type": "Polygon", "coordinates": [[[-95.75624, 18.7674], [-95.75558, 18.76756], [-95.7557, 18.76694], [-95.75612, 18.76691], [-95.75624, 18.7674]]]}}, {"id": "2243547", "type": "Feature", "properties": {"id": "2243547", "CVEGEO": "3001100010166012", "POBTOT": 64.0, "score_nse": 66.6291, "NSE": "C", "VIVTOT": 22.0, "GRAPROES": 12.41, "_ent": "30", "_mun": "011", "_loc": "0001"}, "geometry": {"type": "Polygon", "coordinates": [[[-95.75559, 18.76852], [-95.75554, 18.76759], [-95.75616, 18.76749], [-95.75643, 18.76835], [-95.75559, 18.76852]]]}}, {"id": "2243548", "type": "Feature", "properties": {"id": "2243548", "CVEGEO": "3001100010166011", "POBTOT": 107.0, "score_nse": 58.184, "NSE": "C", "VIVTOT": 50.0, "GRAPROES": 10.65, "_ent": "30", "_mun": "011", "_loc": "0001"}, "geometry": {"type": "Polygon", "coordinates": [[[-95.75553, 18.76858], [-95.75688, 18.76833], [-95.75726, 18.77036], [-95.75627, 18.76984], [-95.75531, 18.76973], [-95.75553, 18.76858]]]}}, {"id": "2243549", "type": "Feature", "properties": {"id": "2243549", "CVEGEO": "3001100010166008", "POBTOT": 18.0, "score_nse": 73.2911, "NSE": "C+", "VIVTOT": 9.0, "GRAPROES": 14.19, "_ent": "30", "_mun": "011", "_loc": "0001"}, "geometry": {"type": "Polygon", "coordinates": [[[-95.75823, 18.76786], [-95.7584, 18.76859], [-95.75791, 18.76865], [-95.75777, 18.76803], [-95.75823, 18.76786]]]}}, {"id": "2243550", "type": "Feature", "properties": {"id": "2243550", "CVEGEO": "3001100010166007", "POBTOT": 19.0, "score_nse": 0.0, "NSE": "ND", "VIVTOT": 19.0, "GRAPROES": 12.39, "_ent": "30", "_mun": "011", "_loc": "0001"}, "geometry": {"type": "Polygon", "coordinates": [[[-95.75824, 18.7677], [-95.75773, 18.76797], [-95.75757, 18.76732], [-95.75812, 18.76719], [-95.75824, 18.7677]]]}}, {"id": "2243551", "type": "Feature", "properties": {"id": "2243551", "CVEGEO": "3001100010166006", "POBTOT": 21.0, "score_nse": 57.9347, "NSE": "C", "VIVTOT": 18.0, "GRAPROES": 14.41, "_ent": "30", "_mun": "011", "_loc": "0001"}, "geometry": {"type": "Polygon", "coordinates": [[[-95.7581, 18.76634], [-95.75812, 18.76714], [-95.75757, 18.76727], [-95.75744, 18.76645], [-95.7581, 18.76634]]]}}, {"id": "2243552", "type": "Feature", "properties": {"id": "2243552", "CVEGEO": "3001100010166005", "POBTOT": 1.0, "score_nse": 0.0, "NSE": "ND", "VIVTOT": 1.0, "GRAPROES": 0.0, "_ent": "30", "_mun": "011", "_loc": "0001"}, "geometry": {"type": "Polygon", "coordinates": [[[-95.75708, 18.7666], [-95.75736, 18.76651], [-95.7575, 18.76723], [-95.75727, 18.76726], [-95.75708, 18.7666]]]}}, {"id": "2243553", "type": "Feature", "properties": {"id": "2243553", "CVEGEO": "3001100010166004", "POBTOT": 0.0, "score_nse": 0.0, "NSE": "ND", "VIVTOT": 0.0, "GRAPROES": 0.0, "_ent": "30", "_mun": "011", "_loc": "0001"}, "geometry": {"type": "Polygon", "coordinates": [[[-95.7567, 18.7667], [-95.75702, 18.76664], [-95.75717, 18.76725], [-95.75684, 18.76729], [-95.7567, 18.7667]]]}}, {"id": "2243554", "type": "Feature", "properties": {"id": "2243554", "CVEGEO": "3001100010166003", "POBTOT": 10.0, "score_nse": 0.0, "NSE": "ND", "VIVTOT": 6.0, "GRAPROES": 12.1, "_ent": "30", "_mun": "011", "_loc": "0001"}, "geometry": {"type": "Polygon", "coordinates": [[[-95.75665, 18.76686], [-95.75676, 18.76731], [-95.75629, 18.76741], [-95.75617, 18.7669], [-95.75665, 18.76686]]]}}, {"id": "2243555", "type": "Feature", "properties": {"id": "2243555", "CVEGEO": "3001100010166002", "POBTOT": 15.0, "score_nse": 0.0, "NSE": "ND", "VIVTOT": 17.0, "GRAPROES": 10.0, "_ent": "30", "_mun": "011", "_loc": "0001"}, "geometry": {"type": "Polygon", "coordinates": [[[-95.75648, 18.76835], [-95.7562, 18.76747], [-95.75683, 18.76739], [-95.75688, 18.76828], [-95.75648, 18.76835]]]}}, {"id": "2243556", "type": "Feature", "properties": {"id": "2243556", "CVEGEO": "3001100010151046", "POBTOT": 32.0, "score_nse": 0.0, "NSE": "ND", "VIVTOT": 13.0, "GRAPROES": 6.68, "_ent": "30", "_mun": "011", "_loc": "0001"}, "geometry": {"type": "Polygon", "coordinates": [[[-95.76195, 18.76881], [-95.76212, 18.76857], [-95.76234, 18.76872], [-95.76195, 18.76881]]]}}, {"id": "2243557", "type": "Feature", "properties": {"id": "2243557", "CVEGEO": "3001100010151045", "POBTOT": 63.0, "score_nse": 52.714, "NSE": "C-", "VIVTOT": 28.0, "GRAPROES": 9.53, "_ent": "30", "_mun": "011", "_loc": "0001"}, "geometry": {"type": "Polygon", "coordinates": [[[-95.76234, 18.76879], [-95.76245, 18.7692], [-95.7619, 18.7693], [-95.7618, 18.76889], [-95.76234, 18.76879]]]}}, {"id": "2243558", "type": "Feature", "properties": {"id": "2243558", "CVEGEO": "3001100010151043", "POBTOT": 54.0, "score_nse": 0.0, "NSE": "ND", "VIVTOT": 17.0, "GRAPROES": 8.36, "_ent": "30", "_mun": "011", "_loc": "0001"}, "geometry": {"type": "Polygon", "coordinates": [[[-95.76242, 18.76895], [-95.76269, 18.76903], [-95.76271, 18.76921], [-95.76251, 18.76927], [-95.76242, 18.76895]]]}}, {"id": "2243559", "type": "Feature", "properties": {"id": "2243559", "CVEGEO": "3001100010151042", "POBTOT": 55.0, "score_nse": 0.0, "NSE": "ND", "VIVTOT": 18.0, "GRAPROES": 8.9, "_ent": "30", "_mun": "011", "_loc": "0001"}, "geometry": {"type": "Polygon", "coordinates": [[[-95.76274, 18.7692], [-95.76282, 18.769], [-95.76293, 18.7691], [-95.76274, 18.7692]]]}}, {"id": "2243560", "type": "Feature", "properties": {"id": "2243560", "CVEGEO": "3001100010151040", "POBTOT": 14.0, "score_nse": 0.0, "NSE": "ND", "VIVTOT": 5.0, "GRAPROES": 9.77, "_ent": "30", "_mun": "011", "_loc": "0001"}, "geometry": {"type": "Polygon", "coordinates": [[[-95.7625, 18.76782], [-95.76312, 18.76912], [-95.76309, 18.76913], [-95.76284, 18.76892], [-95.76232, 18.76787], [-95.7625, 18.76782]]]}}, {"id": "2243561", "type": "Feature", "properties": {"id": "2243561", "CVEGEO": "3001100010151036", "POBTOT": 0.0, "score_nse": 0.0, "NSE": "ND", "VIVTOT": 0.0, "GRAPROES": 0.0, "_ent": "30", "_mun": "011", "_loc": "0001"}, "geometry": {"type": "Polygon", "coordinates": [[[-95.76203, 18.76686], [-95.76099, 18.76639], [-95.76093, 18.76625], [-95.76179, 18.76656], [-95.76208, 18.76673], [-95.76203, 18.76686]]]}}, {"id": "2243562", "type": "Feature", "properties": {"id": "2243562", "CVEGEO": "3001100010151035", "POBTOT": 216.0, "score_nse": 53.8253, "NSE": "C-", "VIVTOT": 90.0, "GRAPROES": 9.43, "_ent": "30", "_mun": "011", "_loc": "0001"}, "geometry": {"type": "Polygon", "coordinates": [[[-95.76247, 18.76836], [-95.76261, 18.76886], [-95.76278, 18.76896], [-95.76239, 18.76893], [-95.76236, 18.76852], [-95.76211, 18.76849], [-95.76207, 18.76801], [-95.76171, 18.76802], [-95.76195, 18.76713], [-95.76213, 18.76742], [-95.76198, 18.76745], [-95.76214, 18.76745], [-95.76224, 18.76773], [-95.76204, 18.76778], [-95.76204, 18.76787], [-95.76225, 18.76776], [-95.76246, 18.76834], [-95.76228, 18.76834], [-95.76231, 18.76843], [-95.76247, 18.76836]]]}}, {"id": "2243563", "type": "Feature", "properties": {"id": "2243563", "CVEGEO": "3001100010151034", "POBTOT": 51.0, "score_nse": 67.5644, "NSE": "C", "VIVTOT": 22.0, "GRAPROES": 12.53, "_ent": "30", "_mun": "011", "_loc": "0001"}, "geometry": {"type": "Polygon", "coordinates": [[[-95.76058, 18.7696], [-95.7611, 18.7695], [-95.76125, 18.77001], [-95.76077, 18.77011], [-95.76058, 18.7696]]]}}, {"id": "2243564", "type": "Feature", "properties": {"id": "2243564", "CVEGEO": "3001100010185087", "POBTOT": 3.0, "score_nse": 0.0, "NSE": "ND", "VIVTOT": 3.0, "GRAPROES": 0.0, "_ent": "30", "_mun": "011", "_loc": "0001"}, "geometry": {"type": "Polygon", "coordinates": [[[-95.75309, 18.77914], [-95.7532, 18.77906], [-95.7532, 18.77914], [-95.75309, 18.77914]]]}}, {"id": "2243565", "type": "Feature", "properties": {"id": "2243565", "CVEGEO": "3001100010151033", "POBTOT": 81.0, "score_nse": 54.2689, "NSE": "C-", "VIVTOT": 36.0, "GRAPROES": 9.98, "_ent": "30", "_mun": "011", "_loc": "0001"}, "geometry": {"type": "Polygon", "coordinates": [[[-95.76117, 18.76948], [-95.76184, 18.76935], [-95.76195, 18.76973], [-95.76131, 18.77], [-95.76117, 18.76948]]]}}, {"id": "2243566", "type": "Feature", "properties": {"id": "2243566", "CVEGEO": "3001100010151029", "POBTOT": 35.0, "score_nse": 59.3756, "NSE": "C", "VIVTOT": 18.0, "GRAPROES": 13.11, "_ent": "30", "_mun": "011", "_loc": "0001"}, "geometry": {"type": "Polygon", "coordinates": [[[-95.75962, 18.76661], [-95.75881, 18.76649], [-95.7587, 18.76603], [-95.75967, 18.76635], [-95.75962, 18.76661]]]}}, {"id": "2243567", "type": "Feature", "properties": {"id": "2243567", "CVEGEO": "3001100010151028", "POBTOT": 73.0, "score_nse": 56.8023, "NSE": "C", "VIVTOT": 35.0, "GRAPROES": 12.34, "_ent": "30", "_mun": "011", "_loc": "0001"}, "geometry": {"type": "Polygon", "coordinates": [[[-95.75886, 18.76711], [-95.75884, 18.76654], [-95.75962, 18.76666], [-95.75951, 18.76732], [-95.75886, 18.76711]]]}}, {"id": "2243568", "type": "Feature", "properties": {"id": "2243568", "CVEGEO": "3001100010151027", "POBTOT": 38.0, "score_nse": 66.0475, "NSE": "C", "VIVTOT": 16.0, "GRAPROES": 12.62, "_ent": "30", "_mun": "011", "_loc": "0001"}, "geometry": {"type": "Polygon", "coordinates": [[[-95.75948, 18.76755], [-95.75887, 18.76759], [-95.75887, 18.76717], [-95.7595, 18.76737], [-95.75948, 18.76755]]]}}, {"id": "2243569", "type": "Feature", "properties": {"id": "2243569", "CVEGEO": "3001100010151025", "POBTOT": 62.0, "score_nse": 63.328, "NSE": "C", "VIVTOT": 37.0, "GRAPROES": 12.64, "_ent": "30", "_mun": "011", "_loc": "0001"}, "geometry": {"type": "Polygon", "coordinates": [[[-95.75906, 18.76859], [-95.75954, 18.76846], [-95.75972, 18.76921], [-95.75921, 18.76931], [-95.75906, 18.76859]]]}}, {"id": "2243570", "type": "Feature", "properties": {"id": "2243570", "CVEGEO": "3001100010151024", "POBTOT": 87.0, "score_nse": 60.9073, "NSE": "C", "VIVTOT": 43.0, "GRAPROES": 11.47, "_ent": "30", "_mun": "011", "_loc": "0001"}, "geometry": {"type": "Polygon", "coordinates": [[[-95.75943, 18.77037], [-95.75923, 18.76936], [-95.75988, 18.76924], [-95.75992, 18.77028], [-95.75943, 18.77037]]]}}, {"id": "2243571", "type": "Feature", "properties": {"id": "2243571", "CVEGEO": "3001100010151023", "POBTOT": 80.0, "score_nse": 65.5164, "NSE": "C", "VIVTOT": 38.0, "GRAPROES": 12.09, "_ent": "30", "_mun": "011", "_loc": "0001"}, "geometry": {"type": "Polygon", "coordinates": [[[-95.75995, 18.77027], [-95.75993, 18.76922], [-95.76037, 18.76914], [-95.76073, 18.77011], [-95.75995, 18.77027]]]}}, {"id": "2243572", "type": "Feature", "properties": {"id": "2243572", "CVEGEO": "3001100010151022", "POBTOT": 48.0, "score_nse": 73.1275, "NSE": "C+", "VIVTOT": 16.0, "GRAPROES": 12.86, "_ent": "30", "_mun": "011", "_loc": "0001"}, "geometry": {"type": "Polygon", "coordinates": [[[-95.76052, 18.7695], [-95.76044, 18.76913], [-95.76097, 18.76902], [-95.76108, 18.76946], [-95.76052, 18.7695]]]}}, {"id": "2243573", "type": "Feature", "properties": {"id": "2243573", "CVEGEO": "3001100010151021", "POBTOT": 59.0, "score_nse": 57.056, "NSE": "C", "VIVTOT": 25.0, "GRAPROES": 10.67, "_ent": "30", "_mun": "011", "_loc": "0001"}, "geometry": {"type": "Polygon", "coordinates": [[[-95.76113, 18.76945], [-95.76106, 18.76902], [-95.76173, 18.76889], [-95.76183, 18.76931], [-95.76113, 18.76945]]]}}, {"id": "2243574", "type": "Feature", "properties": {"id": "2243574", "CVEGEO": "3001100010151020", "POBTOT": 59.0, "score_nse": 51.888, "NSE": "C-", "VIVTOT": 24.0, "GRAPROES": 9.1, "_ent": "30", "_mun": "011", "_loc": "0001"}, "geometry": {"type": "Polygon", "coordinates": [[[-95.76248, 18.76961], [-95.762, 18.76972], [-95.76191, 18.76934], [-95.76245, 18.76924], [-95.76248, 18.76961]]]}}, {"id": "2243575", "type": "Feature", "properties": {"id": "2243575", "CVEGEO": "3001100010151019", "POBTOT": 70.0, "score_nse": 49.625, "NSE": "C-", "VIVTOT": 24.0, "GRAPROES": 7.95, "_ent": "30", "_mun": "011", "_loc": "0001"}, "geometry": {"type": "Polygon", "coordinates": [[[-95.76284, 18.76749], [-95.7629, 18.76762], [-95.76258, 18.76767], [-95.76234, 18.76738], [-95.7624, 18.76717], [-95.76284, 18.76729], [-95.763, 18.76761], [-95.76284, 18.76749]]]}}, {"id": "2243576", "type": "Feature", "properties": {"id": "2243576", "CVEGEO": "3001100010151017", "POBTOT": 8.0, "score_nse": 0.0, "NSE": "ND", "VIVTOT": 6.0, "GRAPROES": 10.88, "_ent": "30", "_mun": "011", "_loc": "0001"}, "geometry": {"type": "Polygon", "coordinates": [[[-95.76003, 18.76633], [-95.76014, 18.76599], [-95.76079, 18.76628], [-95.7607, 18.76656], [-95.76003, 18.76633]]]}}, {"id": "2243577", "type": "Feature", "properties": {"id": "2243577", "CVEGEO": "3001100010151016", "POBTOT": 9.0, "score_nse": 0.0, "NSE": "ND", "VIVTOT": 5.0, "GRAPROES": 14.71, "_ent": "30", "_mun": "011", "_loc": "0001"}, "geometry": {"type": "Polygon", "coordinates": [[[-95.75967, 18.7666], [-95.75972, 18.76635], [-95.75996, 18.76643], [-95.75995, 18.76666], [-95.75967, 18.7666]]]}}, {"id": "2243578", "type": "Feature", "properties": {"id": "2243578", "CVEGEO": "3001100010151015", "POBTOT": 37.0, "score_nse": 65.2474, "NSE": "C", "VIVTOT": 19.0, "GRAPROES": 12.22, "_ent": "30", "_mun": "011", "_loc": "0001"}, "geometry": {"type": "Polygon", "coordinates": [[[-95.75967, 18.76666], [-95.75995, 18.7667], [-95.75992, 18.76742], [-95.75956, 18.76733], [-95.75967, 18.76666]]]}}, {"id": "2243579", "type": "Feature", "properties": {"id": "2243579", "CVEGEO": "3001100010151014", "POBTOT": 6.0, "score_nse": 0.0, "NSE": "ND", "VIVTOT": 3.0, "GRAPROES": 0.0, "_ent": "30", "_mun": "011", "_loc": "0001"}, "geometry": {"type": "Polygon", "coordinates": [[[-95.75992, 18.76759], [-95.75952, 18.7676], [-95.75953, 18.76737], [-95.75992, 18.76748], [-95.75992, 18.76759]]]}}, {"id": "2243580", "type": "Feature", "properties": {"id": "2243580", "CVEGEO": "3001100010151013", "POBTOT": 32.0, "score_nse": 50.7474, "NSE": "C-", "VIVTOT": 19.0, "GRAPROES": 11.54, "_ent": "30", "_mun": "011", "_loc": "0001"}, "geometry": {"type": "Polygon", "coordinates": [[[-95.75958, 18.76839], [-95.75945, 18.76766], [-95.7599, 18.76765], [-95.75987, 18.76834], [-95.75958, 18.76839]]]}}, {"id": "2243581", "type": "Feature", "properties": {"id": "2243581", "CVEGEO": "3001100010151012", "POBTOT": 9.0, "score_nse": 0.0, "NSE": "ND", "VIVTOT": 9.0, "GRAPROES": 12.56, "_ent": "30", "_mun": "011", "_loc": "0001"}, "geometry": {"type": "Polygon", "coordinates": [[[-95.7599, 18.7684], [-95.75988, 18.76917], [-95.75976, 18.7692], [-95.7596, 18.76844], [-95.7599, 18.7684]]]}}, {"id": "2243582", "type": "Feature", "properties": {"id": "2243582", "CVEGEO": "3001100010151011", "POBTOT": 54.0, "score_nse": 60.42, "NSE": "C", "VIVTOT": 25.0, "GRAPROES": 12.05, "_ent": "30", "_mun": "011", "_loc": "0001"}, "geometry": {"type": "Polygon", "coordinates": [[[-95.75992, 18.76917], [-95.75994, 18.76839], [-95.76027, 18.76834], [-95.76034, 18.7691], [-95.75992, 18.76917]]]}}, {"id": "2243583", "type": "Feature", "properties": {"id": "2243583", "CVEGEO": "3001100010151010", "POBTOT": 54.0, "score_nse": 60.235, "NSE": "C", "VIVTOT": 23.0, "GRAPROES": 12.21, "_ent": "30", "_mun": "011", "_loc": "0001"}, "geometry": {"type": "Polygon", "coordinates": [[[-95.76039, 18.76908], [-95.76033, 18.76833], [-95.76062, 18.76829], [-95.76078, 18.76902], [-95.76039, 18.76908]]]}}, {"id": "2243584", "type": "Feature", "properties": {"id": "2243584", "CVEGEO": "3001100010151007", "POBTOT": 22.0, "score_nse": 0.0, "NSE": "ND", "VIVTOT": 9.0, "GRAPROES": 11.44, "_ent": "30", "_mun": "011", "_loc": "0001"}, "geometry": {"type": "Polygon", "coordinates": [[[-95.76117, 18.76789], [-95.76147, 18.76695], [-95.76188, 18.76709], [-95.76165, 18.76798], [-95.76117, 18.76789]]]}}, {"id": "2243585", "type": "Feature", "properties": {"id": "2243585", "CVEGEO": "3001100010151006", "POBTOT": 49.0, "score_nse": 57.716, "NSE": "C", "VIVTOT": 35.0, "GRAPROES": 12.52, "_ent": "30", "_mun": "011", "_loc": "0001"}, "geometry": {"type": "Polygon", "coordinates": [[[-95.7614, 18.76692], [-95.76109, 18.76788], [-95.76071, 18.76777], [-95.76091, 18.76678], [-95.7614, 18.76692]]]}}, {"id": "2243586", "type": "Feature", "properties": {"id": "2243586", "CVEGEO": "3001100010151003", "POBTOT": 45.0, "score_nse": 67.0387, "NSE": "C", "VIVTOT": 24.0, "GRAPROES": 13.16, "_ent": "30", "_mun": "011", "_loc": "0001"}, "geometry": {"type": "Polygon", "coordinates": [[[-95.76001, 18.76645], [-95.76071, 18.76669], [-95.7604, 18.76767], [-95.75996, 18.76758], [-95.76001, 18.76645]]]}}, {"id": "2243587", "type": "Feature", "properties": {"id": "2243587", "CVEGEO": "3001100010151002", "POBTOT": 41.0, "score_nse": 47.7637, "NSE": "C-", "VIVTOT": 28.0, "GRAPROES": 9.82, "_ent": "30", "_mun": "011", "_loc": "0001"}, "geometry": {"type": "Polygon", "coordinates": [[[-95.75996, 18.76765], [-95.7604, 18.76775], [-95.76027, 18.7683], [-95.75992, 18.76835], [-95.75996, 18.76765]]]}}, {"id": "2243588", "type": "Feature", "properties": {"id": "2243588", "CVEGEO": "3001100010147041", "POBTOT": 4.0, "score_nse": 0.0, "NSE": "ND", "VIVTOT": 2.0, "GRAPROES": 0.0, "_ent": "30", "_mun": "011", "_loc": "0001"}, "geometry": {"type": "Polygon", "coordinates": [[[-95.76289, 18.76853], [-95.76295, 18.7684], [-95.76299, 18.7685], [-95.76289, 18.76853]]]}}, {"id": "2243589", "type": "Feature", "properties": {"id": "2243589", "CVEGEO": "3001100010147040", "POBTOT": 3.0, "score_nse": 0.0, "NSE": "ND", "VIVTOT": 1.0, "GRAPROES": 0.0, "_ent": "30", "_mun": "011", "_loc": "0001"}, "geometry": {"type": "Polygon", "coordinates": [[[-95.76294, 18.76863], [-95.763, 18.76852], [-95.76304, 18.76859], [-95.76294, 18.76863]]]}}, {"id": "2243590", "type": "Feature", "properties": {"id": "2243590", "CVEGEO": "3001100010147039", "POBTOT": 20.0, "score_nse": 0.0, "NSE": "ND", "VIVTOT": 7.0, "GRAPROES": 8.89, "_ent": "30", "_mun": "011", "_loc": "0001"}, "geometry": {"type": "Polygon", "coordinates": [[[-95.76305, 18.76851], [-95.76315, 18.7686], [-95.7631, 18.76862], [-95.76305, 18.76851]]]}}, {"id": "2243591", "type": "Feature", "properties": {"id": "2243591", "CVEGEO": "3001100010147038", "POBTOT": 4.0, "score_nse": 0.0, "NSE": "ND", "VIVTOT": 2.0, "GRAPROES": 0.0, "_ent": "30", "_mun": "011", "_loc": "0001"}, "geometry": {"type": "Polygon", "coordinates": [[[-95.76299, 18.76871], [-95.76305, 18.76862], [-95.76307, 18.76869], [-95.76299, 18.76871]]]}}, {"id": "2243592", "type": "Feature", "properties": {"id": "2243592", "CVEGEO": "3001100010147037", "POBTOT": 6.0, "score_nse": 0.0, "NSE": "ND", "VIVTOT": 4.0, "GRAPROES": 0.0, "_ent": "30", "_mun": "011", "_loc": "0001"}, "geometry": {"type": "Polygon", "coordinates": [[[-95.7631, 18.76864], [-95.76318, 18.76868], [-95.76312, 18.76871], [-95.7631, 18.76864]]]}}, {"id": "2243593", "type": "Feature", "properties": {"id": "2243593", "CVEGEO": "3001100010147034", "POBTOT": 4.0, "score_nse": 0.0, "NSE": "ND", "VIVTOT": 1.0, "GRAPROES": 0.0, "_ent": "30", "_mun": "011", "_loc": "0001"}, "geometry": {"type": "Polygon", "coordinates": [[[-95.7637, 18.76952], [-95.76368, 18.76938], [-95.76377, 18.76945], [-95.7637, 18.76952]]]}}, {"id": "2243594", "type": "Feature", "properties": {"id": "2243594", "CVEGEO": "3001100010147033", "POBTOT": 5.0, "score_nse": 0.0, "NSE": "ND", "VIVTOT": 3.0, "GRAPROES": 0.0, "_ent": "30", "_mun": "011", "_loc": "0001"}, "geometry": {"type": "Polygon", "coordinates": [[[-95.76378, 18.76958], [-95.76379, 18.76947], [-95.76384, 18.76952], [-95.76378, 18.76958]]]}}, {"id": "2243595", "type": "Feature", "properties": {"id": "2243595", "CVEGEO": "3001100010147032", "POBTOT": 3.0, "score_nse": 0.0, "NSE": "ND", "VIVTOT": 1.0, "GRAPROES": 0.0, "_ent": "30", "_mun": "011", "_loc": "0001"}, "geometry": {"type": "Polygon", "coordinates": [[[-95.76387, 18.76964], [-95.76386, 18.76953], [-95.76392, 18.76959], [-95.76387, 18.76964]]]}}, {"id": "2243596", "type": "Feature", "properties": {"id": "2243596", "CVEGEO": "3001100010147031", "POBTOT": 0.0, "score_nse": 10.0, "NSE": "E", "VIVTOT": 1.0, "GRAPROES": 0.0, "_ent": "30", "_mun": "011", "_loc": "0001"}, "geometry": {"type": "Polygon", "coordinates": [[[-95.76394, 18.76971], [-95.76395, 18.76961], [-95.76401, 18.76965], [-95.76394, 18.76971]]]}}, {"id": "2243597", "type": "Feature", "properties": {"id": "2243597", "CVEGEO": "3001100010147030", "POBTOT": 25.0, "score_nse": 0.0, "NSE": "ND", "VIVTOT": 10.0, "GRAPROES": 7.76, "_ent": "30", "_mun": "011", "_loc": "0001"}, "geometry": {"type": "Polygon", "coordinates": [[[-95.76393, 18.76974], [-95.7636, 18.76964], [-95.7637, 18.76954], [-95.76393, 18.76974]]]}}, {"id": "2243598", "type": "Feature", "properties": {"id": "2243598", "CVEGEO": "3001100010147029", "POBTOT": 4.0, "score_nse": 0.0, "NSE": "ND", "VIVTOT": 1.0, "GRAPROES": 0.0, "_ent": "30", "_mun": "011", "_loc": "0001"}, "geometry": {"type": "Polygon", "coordinates": [[[-95.76404, 18.76979], [-95.76402, 18.76966], [-95.7641, 18.76973], [-95.76404, 18.76979]]]}}, {"id": "2243599", "type": "Feature", "properties": {"id": "2243599", "CVEGEO": "3001100010147028", "POBTOT": 12.0, "score_nse": 0.0, "NSE": "ND", "VIVTOT": 3.0, "GRAPROES": 5.89, "_ent": "30", "_mun": "011", "_loc": "0001"}, "geometry": {"type": "Polygon", "coordinates": [[[-95.76403, 18.7698], [-95.76385, 18.76983], [-95.76395, 18.76973], [-95.76403, 18.7698]]]}}, {"id": "2243600", "type": "Feature", "properties": {"id": "2243600", "CVEGEO": "3001100010147027", "POBTOT": 7.0, "score_nse": 40.068, "NSE": "D+", "VIVTOT": 3.0, "GRAPROES": 6.0, "_ent": "30", "_mun": "011", "_loc": "0001"}, "geometry": {"type": "Polygon", "coordinates": [[[-95.76423, 18.76992], [-95.76417, 18.76975], [-95.76429, 18.76984], [-95.76423, 18.76992]]]}}, {"id": "2243601", "type": "Feature", "properties": {"id": "2243601", "CVEGEO": "3001100010147023", "POBTOT": 8.0, "score_nse": 0.0, "NSE": "ND", "VIVTOT": 3.0, "GRAPROES": 0.0, "_ent": "30", "_mun": "011", "_loc": "0001"}, "geometry": {"type": "Polygon", "coordinates": [[[-95.76481, 18.77052], [-95.76483, 18.77041], [-95.76489, 18.77047], [-95.76481, 18.77052]]]}}, {"id": "2243602", "type": "Feature", "properties": {"id": "2243602", "CVEGEO": "3001100010147020", "POBTOT": 10.0, "score_nse": 0.0, "NSE": "ND", "VIVTOT": 9.0, "GRAPROES": 7.22, "_ent": "30", "_mun": "011", "_loc": "0001"}, "geometry": {"type": "Polygon", "coordinates": [[[-95.76507, 18.7711], [-95.76472, 18.77066], [-95.76483, 18.77058], [-95.76525, 18.77098], [-95.76507, 18.7711]]]}}, {"id": "2243603", "type": "Feature", "properties": {"id": "2243603", "CVEGEO": "3001100010147019", "POBTOT": 24.0, "score_nse": 0.0, "NSE": "ND", "VIVTOT": 8.0, "GRAPROES": 8.37, "_ent": "30", "_mun": "011", "_loc": "0001"}, "geometry": {"type": "Polygon", "coordinates": [[[-95.76494, 18.77051], [-95.76525, 18.77096], [-95.76486, 18.77056], [-95.76494, 18.77051]]]}}, {"id": "2243604", "type": "Feature", "properties": {"id": "2243604", "CVEGEO": "3001100010147018", "POBTOT": 35.0, "score_nse": 0.0, "NSE": "ND", "VIVTOT": 13.0, "GRAPROES": 9.03, "_ent": "30", "_mun": "011", "_loc": "0001"}, "geometry": {"type": "Polygon", "coordinates": [[[-95.7651, 18.77111], [-95.76532, 18.77096], [-95.76533, 18.77131], [-95.76527, 18.77135], [-95.7651, 18.77111]]]}}, {"id": "2243605", "type": "Feature", "properties": {"id": "2243605", "CVEGEO": "3001100010147017", "POBTOT": 14.0, "score_nse": 0.0, "NSE": "ND", "VIVTOT": 6.0, "GRAPROES": 6.83, "_ent": "30", "_mun": "011", "_loc": "0001"}, "geometry": {"type": "Polygon", "coordinates": [[[-95.76545, 18.77113], [-95.76526, 18.77116], [-95.76539, 18.77106], [-95.76545, 18.77113]]]}}, {"id": "2243606", "type": "Feature", "properties": {"id": "2243606", "CVEGEO": "3001100010147016", "POBTOT": 18.0, "score_nse": 52.54, "NSE": "C-", "VIVTOT": 5.0, "GRAPROES": 10.07, "_ent": "30", "_mun": "011", "_loc": "0001"}, "geometry": {"type": "Polygon", "coordinates": [[[-95.76537, 18.77145], [-95.76547, 18.77119], [-95.76559, 18.77131], [-95.76537, 18.77145]]]}}, {"id": "2243607", "type": "Feature", "properties": {"id": "2243607", "CVEGEO": "3001100010147015", "POBTOT": 28.0, "score_nse": 0.0, "NSE": "ND", "VIVTOT": 14.0, "GRAPROES": 7.36, "_ent": "30", "_mun": "011", "_loc": "0001"}, "geometry": {"type": "Polygon", "coordinates": [[[-95.76542, 18.77149], [-95.76562, 18.77135], [-95.7657, 18.77145], [-95.76549, 18.7716], [-95.76542, 18.77149]]]}}, {"id": "2243608", "type": "Feature", "properties": {"id": "2243608", "CVEGEO": "3001100010147014", "POBTOT": 47.0, "score_nse": 54.198, "NSE": "C-", "VIVTOT": 20.0, "GRAPROES": 8.9, "_ent": "30", "_mun": "011", "_loc": "0001"}, "geometry": {"type": "Polygon", "coordinates": [[[-95.76577, 18.77167], [-95.76553, 18.77164], [-95.76574, 18.77147], [-95.76577, 18.77167]]]}}, {"id": "2243609", "type": "Feature", "properties": {"id": "2243609", "CVEGEO": "3001100010147008", "POBTOT": 235.0, "score_nse": 0.0, "NSE": "ND", "VIVTOT": 74.0, "GRAPROES": 8.3, "_ent": "30", "_mun": "011", "_loc": "0001"}, "geometry": {"type": "Polygon", "coordinates": [[[-95.76523, 18.77082], [-95.76469, 18.77021], [-95.76446, 18.77039], [-95.76432, 18.77026], [-95.76454, 18.77005], [-95.76443, 18.76995], [-95.76438, 18.77006], [-95.76426, 18.76995], [-95.76435, 18.76987], [-95.76393, 18.76952], [-95.76368, 18.76936], [-95.76358, 18.76963], [-95.76342, 18.76937], [-95.76354, 18.76929], [-95.7634, 18.76934], [-95.76314, 18.76873], [-95.76328, 18.76869], [-95.76316, 18.76766], [-95.76366, 18.76769], [-95.76398, 18.76788], [-95.76348, 18.76857], [-95.76372, 18.76927], [-95.76517, 18.77041], [-95.76523, 18.77082]]]}}, {"id": "2243611", "type": "Feature", "properties": {"id": "2243611", "CVEGEO": "3001100010151005", "POBTOT": 38.0, "score_nse": 53.8709, "NSE": "C-", "VIVTOT": 19.0, "GRAPROES": 9.73, "_ent": "30", "_mun": "011", "_loc": "0001"}, "geometry": {"type": "Polygon", "coordinates": [[[-95.76046, 18.76769], [-95.76065, 18.76702], [-95.76076, 18.7667], [-95.76088, 18.76675], [-95.76067, 18.76775], [-95.76046, 18.76769]]]}}, {"id": "2243612", "type": "Feature", "properties": {"id": "2243612", "CVEGEO": "3001100010147043", "POBTOT": 32.0, "score_nse": 0.0, "NSE": "ND", "VIVTOT": 19.0, "GRAPROES": 8.81, "_ent": "30", "_mun": "011", "_loc": "0001"}, "geometry": {"type": "Polygon", "coordinates": [[[-95.76294, 18.76838], [-95.76273, 18.76823], [-95.76257, 18.76785], [-95.76267, 18.76782], [-95.76294, 18.76838]]]}}, {"id": "2243613", "type": "Feature", "properties": {"id": "2243613", "CVEGEO": "3001100010147042", "POBTOT": 24.0, "score_nse": 61.1994, "NSE": "C", "VIVTOT": 7.0, "GRAPROES": 9.0, "_ent": "30", "_mun": "011", "_loc": "0001"}, "geometry": {"type": "Polygon", "coordinates": [[[-95.76304, 18.7685], [-95.76307, 18.76836], [-95.76309, 18.76848], [-95.76304, 18.7685]]]}}, {"id": "2243614", "type": "Feature", "properties": {"id": "2243614", "CVEGEO": "3001100010147001", "POBTOT": 9.0, "score_nse": 0.0, "NSE": "ND", "VIVTOT": 2.0, "GRAPROES": 0.0, "_ent": "30", "_mun": "011", "_loc": "0001"}, "geometry": {"type": "Polygon", "coordinates": [[[-95.77037, 18.77103], [-95.76909, 18.77356], [-95.76794, 18.77304], [-95.76617, 18.77187], [-95.7653, 18.77075], [-95.76526, 18.77042], [-95.76375, 18.76925], [-95.76352, 18.76858], [-95.76368, 18.76821], [-95.76398, 18.76791], [-95.76452, 18.76822], [-95.7647, 18.76842], [-95.76445, 18.76902], [-95.76475, 18.76929], [-95.76517, 18.7693], [-95.76548, 18.76849], [-95.76659, 18.76903], [-95.76572, 18.77067], [-95.76573, 18.77098], [-95.76659, 18.77129], [-95.76678, 18.77048], [-95.76744, 18.76944], [-95.76869, 18.77007], [-95.76893, 18.7704], [-95.76942, 18.77049], [-95.77037, 18.77103]]]}}, {"id": "2243741", "type": "Feature", "properties": {"id": "2243741", "CVEGEO": "3001100010306039", "POBTOT": 12.0, "score_nse": 0.0, "NSE": "ND", "VIVTOT": 9.0, "GRAPROES": 7.0, "_ent": "30", "_mun": "011", "_loc": "0001"}, "geometry": {"type": "Polygon", "coordinates": [[[-95.77622, 18.77879], [-95.77615, 18.77851], [-95.77653, 18.77852], [-95.77655, 18.77878], [-95.77622, 18.77879]]]}}, {"id": "2243742", "type": "Feature", "properties": {"id": "2243742", "CVEGEO": "3001100010306037", "POBTOT": 147.0, "score_nse": 0.0, "NSE": "ND", "VIVTOT": 59.0, "GRAPROES": 7.84, "_ent": "30", "_mun": "011", "_loc": "0001"}, "geometry": {"type": "Polygon", "coordinates": [[[-95.7744, 18.77815], [-95.77409, 18.77754], [-95.7744, 18.77745], [-95.77458, 18.7777], [-95.77514, 18.7773], [-95.7752, 18.77758], [-95.77539, 18.77768], [-95.77492, 18.77847], [-95.77452, 18.77829], [-95.77455, 18.77807], [-95.7744, 18.77815]]]}}, {"id": "2243743", "type": "Feature", "properties": {"id": "2243743", "CVEGEO": "3001100010306036", "POBTOT": 25.0, "score_nse": 0.0, "NSE": "ND", "VIVTOT": 9.0, "GRAPROES": 5.5, "_ent": "30", "_mun": "011", "_loc": "0001"}, "geometry": {"type": "Polygon", "coordinates": [[[-95.77499, 18.77732], [-95.77455, 18.77758], [-95.77446, 18.77745], [-95.77492, 18.77721], [-95.77499, 18.77732]]]}}, {"id": "2243744", "type": "Feature", "properties": {"id": "2243744", "CVEGEO": "3001100010306034", "POBTOT": 25.0, "score_nse": 0.0, "NSE": "ND", "VIVTOT": 6.0, "GRAPROES": 9.22, "_ent": "30", "_mun": "011", "_loc": "0001"}, "geometry": {"type": "Polygon", "coordinates": [[[-95.7751, 18.77656], [-95.77514, 18.77668], [-95.77489, 18.77682], [-95.7748, 18.77668], [-95.7751, 18.77656]]]}}, {"id": "2243745", "type": "Feature", "properties": {"id": "2243745", "CVEGEO": "3001100010306033", "POBTOT": 59.0, "score_nse": 0.0, "NSE": "ND", "VIVTOT": 23.0, "GRAPROES": 8.39, "_ent": "30", "_mun": "011", "_loc": "0001"}, "geometry": {"type": "Polygon", "coordinates": [[[-95.77477, 18.77663], [-95.77445, 18.77615], [-95.77476, 18.776], [-95.77499, 18.77648], [-95.77477, 18.77663]]]}}, {"id": "2243746", "type": "Feature", "properties": {"id": "2243746", "CVEGEO": "3001100010306032", "POBTOT": 45.0, "score_nse": 0.0, "NSE": "ND", "VIVTOT": 18.0, "GRAPROES": 6.67, "_ent": "30", "_mun": "011", "_loc": "0001"}, "geometry": {"type": "Polygon", "coordinates": [[[-95.77311, 18.77521], [-95.77353, 18.77505], [-95.77359, 18.77529], [-95.77373, 18.77514], [-95.77393, 18.7753], [-95.77352, 18.77562], [-95.77311, 18.77521]]]}}, {"id": "2243747", "type": "Feature", "properties": {"id": "2243747", "CVEGEO": "3001100010306028", "POBTOT": 63.0, "score_nse": 0.0, "NSE": "ND", "VIVTOT": 22.0, "GRAPROES": 7.39, "_ent": "30", "_mun": "011", "_loc": "0001"}, "geometry": {"type": "Polygon", "coordinates": [[[-95.77048, 18.77403], [-95.77134, 18.77428], [-95.77137, 18.77431], [-95.77114, 18.77459], [-95.77042, 18.77428], [-95.77048, 18.77403]]]}}, {"id": "2243748", "type": "Feature", "properties": {"id": "2243748", "CVEGEO": "3001100010306026", "POBTOT": 48.0, "score_nse": 0.0, "NSE": "ND", "VIVTOT": 19.0, "GRAPROES": 6.82, "_ent": "30", "_mun": "011", "_loc": "0001"}, "geometry": {"type": "Polygon", "coordinates": [[[-95.77673, 18.77779], [-95.77655, 18.77845], [-95.77617, 18.77844], [-95.77623, 18.77774], [-95.77633, 18.77788], [-95.77673, 18.77779]]]}}, {"id": "2243749", "type": "Feature", "properties": {"id": "2243749", "CVEGEO": "3001100010306024", "POBTOT": 33.0, "score_nse": 0.0, "NSE": "ND", "VIVTOT": 13.0, "GRAPROES": 7.61, "_ent": "30", "_mun": "011", "_loc": "0001"}, "geometry": {"type": "Polygon", "coordinates": [[[-95.77608, 18.77883], [-95.77539, 18.77888], [-95.77546, 18.77857], [-95.7761, 18.77853], [-95.77608, 18.77883]]]}}, {"id": "2243750", "type": "Feature", "properties": {"id": "2243750", "CVEGEO": "3001100010306023", "POBTOT": 53.0, "score_nse": 48.7973, "NSE": "C-", "VIVTOT": 18.0, "GRAPROES": 7.24, "_ent": "30", "_mun": "011", "_loc": "0001"}, "geometry": {"type": "Polygon", "coordinates": [[[-95.77555, 18.77806], [-95.77615, 18.77816], [-95.7761, 18.77848], [-95.77546, 18.77853], [-95.77555, 18.77806]]]}}, {"id": "2243751", "type": "Feature", "properties": {"id": "2243751", "CVEGEO": "3001100010306022", "POBTOT": 28.0, "score_nse": 0.0, "NSE": "ND", "VIVTOT": 13.0, "GRAPROES": 7.15, "_ent": "30", "_mun": "011", "_loc": "0001"}, "geometry": {"type": "Polygon", "coordinates": [[[-95.7756, 18.77776], [-95.77619, 18.77774], [-95.77614, 18.77814], [-95.77555, 18.77803], [-95.7756, 18.77776]]]}}, {"id": "2243752", "type": "Feature", "properties": {"id": "2243752", "CVEGEO": "3001100010306019", "POBTOT": 0.0, "score_nse": 0.0, "NSE": "ND", "VIVTOT": 0.0, "GRAPROES": 0.0, "_ent": "30", "_mun": "011", "_loc": "0001"}, "geometry": {"type": "Polygon", "coordinates": [[[-95.77286, 18.77828], [-95.77234, 18.77922], [-95.77178, 18.77899], [-95.77227, 18.77786], [-95.77286, 18.77828]]]}}, {"id": "2243753", "type": "Feature", "properties": {"id": "2243753", "CVEGEO": "3001100010306018", "POBTOT": 35.0, "score_nse": 0.0, "NSE": "ND", "VIVTOT": 12.0, "GRAPROES": 7.5, "_ent": "30", "_mun": "011", "_loc": "0001"}, "geometry": {"type": "Polygon", "coordinates": [[[-95.77536, 18.77888], [-95.77484, 18.77878], [-95.77494, 18.77852], [-95.77542, 18.77857], [-95.77536, 18.77888]]]}}, {"id": "2243754", "type": "Feature", "properties": {"id": "2243754", "CVEGEO": "3001100010306017", "POBTOT": 24.0, "score_nse": 0.0, "NSE": "ND", "VIVTOT": 10.0, "GRAPROES": 6.21, "_ent": "30", "_mun": "011", "_loc": "0001"}, "geometry": {"type": "Polygon", "coordinates": [[[-95.77542, 18.77854], [-95.77496, 18.77849], [-95.77518, 18.77799], [-95.77551, 18.77806], [-95.77542, 18.77854]]]}}, {"id": "2243755", "type": "Feature", "properties": {"id": "2243755", "CVEGEO": "3001100010306016", "POBTOT": 28.0, "score_nse": 0.0, "NSE": "ND", "VIVTOT": 12.0, "GRAPROES": 7.68, "_ent": "30", "_mun": "011", "_loc": "0001"}, "geometry": {"type": "Polygon", "coordinates": [[[-95.7752, 18.77796], [-95.77542, 18.77769], [-95.77558, 18.77774], [-95.77552, 18.77802], [-95.7752, 18.77796]]]}}, {"id": "2243756", "type": "Feature", "properties": {"id": "2243756", "CVEGEO": "3001100010306015", "POBTOT": 28.0, "score_nse": 0.0, "NSE": "ND", "VIVTOT": 8.0, "GRAPROES": 7.26, "_ent": "30", "_mun": "011", "_loc": "0001"}, "geometry": {"type": "Polygon", "coordinates": [[[-95.77521, 18.77689], [-95.77494, 18.77689], [-95.77515, 18.77677], [-95.77521, 18.77689]]]}}, {"id": "2243757", "type": "Feature", "properties": {"id": "2243757", "CVEGEO": "3001100010306014", "POBTOT": 78.0, "score_nse": 0.0, "NSE": "ND", "VIVTOT": 31.0, "GRAPROES": 7.15, "_ent": "30", "_mun": "011", "_loc": "0001"}, "geometry": {"type": "Polygon", "coordinates": [[[-95.77454, 18.77597], [-95.77442, 18.776], [-95.77442, 18.77584], [-95.77434, 18.77593], [-95.77444, 18.77609], [-95.77414, 18.77626], [-95.77402, 18.77608], [-95.77418, 18.77599], [-95.774, 18.77606], [-95.77387, 18.77585], [-95.77458, 18.77552], [-95.77454, 18.77569], [-95.77477, 18.77585], [-95.77447, 18.77608], [-95.77454, 18.77597]]]}}, {"id": "2243758", "type": "Feature", "properties": {"id": "2243758", "CVEGEO": "3001100010306011", "POBTOT": 86.0, "score_nse": 45.7787, "NSE": "C-", "VIVTOT": 33.0, "GRAPROES": 6.63, "_ent": "30", "_mun": "011", "_loc": "0001"}, "geometry": {"type": "Polygon", "coordinates": [[[-95.77276, 18.77577], [-95.77235, 18.77599], [-95.77177, 18.77516], [-95.77197, 18.775], [-95.7726, 18.77557], [-95.7725, 18.7757], [-95.77264, 18.77561], [-95.77276, 18.77577]]]}}, {"id": "2243759", "type": "Feature", "properties": {"id": "2243759", "CVEGEO": "3001100010306035", "POBTOT": 22.0, "score_nse": 0.0, "NSE": "ND", "VIVTOT": 9.0, "GRAPROES": 7.06, "_ent": "30", "_mun": "011", "_loc": "0001"}, "geometry": {"type": "Polygon", "coordinates": [[[-95.77505, 18.77729], [-95.77501, 18.77703], [-95.77523, 18.77694], [-95.77526, 18.77704], [-95.77505, 18.77729]]]}}, {"id": "2243760", "type": "Feature", "properties": {"id": "2243760", "CVEGEO": "3001100010306008", "POBTOT": 117.0, "score_nse": 0.0, "NSE": "ND", "VIVTOT": 45.0, "GRAPROES": 7.9, "_ent": "30", "_mun": "011", "_loc": "0001"}, "geometry": {"type": "Polygon", "coordinates": [[[-95.77426, 18.77844], [-95.77386, 18.77836], [-95.77389, 18.77815], [-95.77376, 18.77824], [-95.7733, 18.77777], [-95.77403, 18.77756], [-95.77442, 18.77828], [-95.77491, 18.77852], [-95.77481, 18.77876], [-95.77417, 18.77853], [-95.77426, 18.77844]]]}}, {"id": "2243761", "type": "Feature", "properties": {"id": "2243761", "CVEGEO": "3001100010306007", "POBTOT": 101.0, "score_nse": 52.2861, "NSE": "C-", "VIVTOT": 31.0, "GRAPROES": 8.71, "_ent": "30", "_mun": "011", "_loc": "0001"}, "geometry": {"type": "Polygon", "coordinates": [[[-95.77482, 18.77713], [-95.77487, 18.77696], [-95.77488, 18.77719], [-95.77459, 18.77739], [-95.77439, 18.7774], [-95.7743, 18.7772], [-95.77476, 18.77701], [-95.77482, 18.77713]]]}}, {"id": "2243762", "type": "Feature", "properties": {"id": "2243762", "CVEGEO": "3001100010306006", "POBTOT": 39.0, "score_nse": 0.0, "NSE": "ND", "VIVTOT": 17.0, "GRAPROES": 7.25, "_ent": "30", "_mun": "011", "_loc": "0001"}, "geometry": {"type": "Polygon", "coordinates": [[[-95.77428, 18.77715], [-95.77398, 18.77642], [-95.77441, 18.77619], [-95.77485, 18.7769], [-95.77428, 18.77715]]]}}, {"id": "2243763", "type": "Feature", "properties": {"id": "2243763", "CVEGEO": "3001100010306002", "POBTOT": 29.0, "score_nse": 50.8, "NSE": "C-", "VIVTOT": 15.0, "GRAPROES": 9.48, "_ent": "30", "_mun": "011", "_loc": "0001"}, "geometry": {"type": "Polygon", "coordinates": [[[-95.7733, 18.77675], [-95.77375, 18.77756], [-95.77347, 18.77771], [-95.77313, 18.77758], [-95.77289, 18.77713], [-95.7733, 18.77675]]]}}, {"id": "2243764", "type": "Feature", "properties": {"id": "2243764", "CVEGEO": "3001100010306001", "POBTOT": 94.0, "score_nse": 50.2951, "NSE": "C-", "VIVTOT": 36.0, "GRAPROES": 8.74, "_ent": "30", "_mun": "011", "_loc": "0001"}, "geometry": {"type": "Polygon", "coordinates": [[[-95.77402, 18.77742], [-95.77397, 18.77732], [-95.77381, 18.77749], [-95.7735, 18.7769], [-95.77372, 18.77676], [-95.77347, 18.77685], [-95.77337, 18.77666], [-95.77392, 18.77645], [-95.77431, 18.77738], [-95.77384, 18.77751], [-95.77402, 18.77742]]]}}, {"id": "2243765", "type": "Feature", "properties": {"id": "2243765", "CVEGEO": "3001100010236041", "POBTOT": 0.0, "score_nse": 0.0, "NSE": "ND", "VIVTOT": 0.0, "GRAPROES": 0.0, "_ent": "30", "_mun": "011", "_loc": "0001"}, "geometry": {"type": "Polygon", "coordinates": [[[-95.77043, 18.77982], [-95.77031, 18.77978], [-95.77051, 18.7793], [-95.77059, 18.77933], [-95.77043, 18.77982]]]}}, {"id": "2243766", "type": "Feature", "properties": {"id": "2243766", "CVEGEO": "3001100010236039", "POBTOT": 52.0, "score_nse": 78.2059, "NSE": "C+", "VIVTOT": 17.0, "GRAPROES": 13.4, "_ent": "30", "_mun": "011", "_loc": "0001"}, "geometry": {"type": "Polygon", "coordinates": [[[-95.76962, 18.78121], [-95.76948, 18.78116], [-95.76936, 18.78141], [-95.7689, 18.78123], [-95.7691, 18.78079], [-95.7697, 18.78105], [-95.76962, 18.78121]]]}}, {"id": "2243767", "type": "Feature", "properties": {"id": "2243767", "CVEGEO": "3001100010236038", "POBTOT": 12.0, "score_nse": 0.0, "NSE": "ND", "VIVTOT": 5.0, "GRAPROES": 12.27, "_ent": "30", "_mun": "011", "_loc": "0001"}, "geometry": {"type": "Polygon", "coordinates": [[[-95.76857, 18.77609], [-95.76804, 18.77602], [-95.76798, 18.77582], [-95.76869, 18.77596], [-95.76857, 18.77609]]]}}, {"id": "2243768", "type": "Feature", "properties": {"id": "2243768", "CVEGEO": "3001100010236037", "POBTOT": 117.0, "score_nse": 54.2716, "NSE": "C-", "VIVTOT": 49.0, "GRAPROES": 9.69, "_ent": "30", "_mun": "011", "_loc": "0001"}, "geometry": {"type": "Polygon", "coordinates": [[[-95.7688, 18.77549], [-95.76899, 18.77532], [-95.76928, 18.77553], [-95.76872, 18.77592], [-95.76799, 18.77577], [-95.76789, 18.77543], [-95.76859, 18.77551], [-95.76811, 18.77539], [-95.76815, 18.775], [-95.76894, 18.7753], [-95.7688, 18.77549]]]}}, {"id": "2243769", "type": "Feature", "properties": {"id": "2243769", "CVEGEO": "3001100010236035", "POBTOT": 0.0, "score_nse": 0.0, "NSE": "ND", "VIVTOT": 0.0, "GRAPROES": 0.0, "_ent": "30", "_mun": "011", "_loc": "0001"}, "geometry": {"type": "Polygon", "coordinates": [[[-95.76812, 18.775], [-95.76808, 18.77538], [-95.76789, 18.77538], [-95.76775, 18.77497], [-95.76812, 18.775]]]}}, {"id": "2243770", "type": "Feature", "properties": {"id": "2243770", "CVEGEO": "3001100010236031", "POBTOT": 63.0, "score_nse": 0.0, "NSE": "ND", "VIVTOT": 25.0, "GRAPROES": 7.62, "_ent": "30", "_mun": "011", "_loc": "0001"}, "geometry": {"type": "Polygon", "coordinates": [[[-95.76769, 18.77498], [-95.76787, 18.77577], [-95.7671, 18.77504], [-95.76769, 18.77498]]]}}, {"id": "2243771", "type": "Feature", "properties": {"id": "2243771", "CVEGEO": "3001100010236030", "POBTOT": 77.0, "score_nse": 0.0, "NSE": "ND", "VIVTOT": 35.0, "GRAPROES": 10.21, "_ent": "30", "_mun": "011", "_loc": "0001"}, "geometry": {"type": "Polygon", "coordinates": [[[-95.76917, 18.77653], [-95.76892, 18.77634], [-95.76916, 18.77606], [-95.76887, 18.77631], [-95.76865, 18.77608], [-95.76933, 18.77556], [-95.76975, 18.77591], [-95.76917, 18.77653]]]}}, {"id": "2243772", "type": "Feature", "properties": {"id": "2243772", "CVEGEO": "3001100010236029", "POBTOT": 9.0, "score_nse": 0.0, "NSE": "ND", "VIVTOT": 4.0, "GRAPROES": 11.29, "_ent": "30", "_mun": "011", "_loc": "0001"}, "geometry": {"type": "Polygon", "coordinates": [[[-95.77066, 18.77727], [-95.77019, 18.77726], [-95.77071, 18.77666], [-95.771, 18.77687], [-95.77066, 18.77727]]]}}, {"id": "2243773", "type": "Feature", "properties": {"id": "2243773", "CVEGEO": "3001100010236027", "POBTOT": 30.0, "score_nse": 62.008, "NSE": "C", "VIVTOT": 10.0, "GRAPROES": 9.32, "_ent": "30", "_mun": "011", "_loc": "0001"}, "geometry": {"type": "Polygon", "coordinates": [[[-95.76927, 18.77661], [-95.76986, 18.77596], [-95.77032, 18.77635], [-95.76978, 18.777], [-95.76927, 18.77661]]]}}, {"id": "2243774", "type": "Feature", "properties": {"id": "2243774", "CVEGEO": "3001100010236026", "POBTOT": 28.0, "score_nse": 55.7874, "NSE": "C", "VIVTOT": 14.0, "GRAPROES": 10.48, "_ent": "30", "_mun": "011", "_loc": "0001"}, "geometry": {"type": "Polygon", "coordinates": [[[-95.76898, 18.77652], [-95.76817, 18.77681], [-95.76806, 18.77611], [-95.7686, 18.77617], [-95.76898, 18.77652]]]}}, {"id": "2243775", "type": "Feature", "properties": {"id": "2243775", "CVEGEO": "3001100010236025", "POBTOT": 0.0, "score_nse": 0.0, "NSE": "ND", "VIVTOT": 0.0, "GRAPROES": 0.0, "_ent": "30", "_mun": "011", "_loc": "0001"}, "geometry": {"type": "Polygon", "coordinates": [[[-95.76906, 18.78468], [-95.76804, 18.78418], [-95.76786, 18.78358], [-95.7678, 18.78327], [-95.76842, 18.78172], [-95.77008, 18.78247], [-95.76906, 18.78468]]]}}, {"id": "2243776", "type": "Feature", "properties": {"id": "2243776", "CVEGEO": "3001100010236022", "POBTOT": 20.0, "score_nse": 0.0, "NSE": "ND", "VIVTOT": 13.0, "GRAPROES": 10.28, "_ent": "30", "_mun": "011", "_loc": "0001"}, "geometry": {"type": "Polygon", "coordinates": [[[-95.76818, 18.7769], [-95.76904, 18.77659], [-95.76911, 18.77713], [-95.7682, 18.77714], [-95.76818, 18.7769]]]}}, {"id": "2243777", "type": "Feature", "properties": {"id": "2243777", "CVEGEO": "3001100010236021", "POBTOT": 46.0, "score_nse": 52.154, "NSE": "C-", "VIVTOT": 20.0, "GRAPROES": 9.91, "_ent": "30", "_mun": "011", "_loc": "0001"}, "geometry": {"type": "Polygon", "coordinates": [[[-95.76822, 18.77725], [-95.76908, 18.77719], [-95.7691, 18.77752], [-95.76823, 18.7775], [-95.76822, 18.77725]]]}}, {"id": "2243778", "type": "Feature", "properties": {"id": "2243778", "CVEGEO": "3001100010236019", "POBTOT": 72.0, "score_nse": 65.0299, "NSE": "C", "VIVTOT": 31.0, "GRAPROES": 12.27, "_ent": "30", "_mun": "011", "_loc": "0001"}, "geometry": {"type": "Polygon", "coordinates": [[[-95.76828, 18.77808], [-95.76872, 18.77804], [-95.76828, 18.77803], [-95.76831, 18.77755], [-95.77029, 18.77766], [-95.77074, 18.7778], [-95.77125, 18.77836], [-95.77177, 18.7784], [-95.77111, 18.77848], [-95.77101, 18.77862], [-95.77049, 18.77841], [-95.77023, 18.77871], [-95.76965, 18.77849], [-95.76835, 18.77847], [-95.76828, 18.77808]]]}}, {"id": "2243779", "type": "Feature", "properties": {"id": "2243779", "CVEGEO": "3001100010236018", "POBTOT": 81.0, "score_nse": 73.2126, "NSE": "C+", "VIVTOT": 35.0, "GRAPROES": 13.97, "_ent": "30", "_mun": "011", "_loc": "0001"}, "geometry": {"type": "Polygon", "coordinates": [[[-95.76886, 18.7813], [-95.77007, 18.78178], [-95.76991, 18.78211], [-95.76871, 18.78163], [-95.76886, 18.7813]]]}}, {"id": "2243780", "type": "Feature", "properties": {"id": "2243780", "CVEGEO": "3001100010236017", "POBTOT": 56.0, "score_nse": 61.3669, "NSE": "C", "VIVTOT": 21.0, "GRAPROES": 11.27, "_ent": "30", "_mun": "011", "_loc": "0001"}, "geometry": {"type": "Polygon", "coordinates": [[[-95.77164, 18.77915], [-95.77091, 18.77899], [-95.77105, 18.7787], [-95.77172, 18.77897], [-95.77164, 18.77915]]]}}, {"id": "2243781", "type": "Feature", "properties": {"id": "2243781", "CVEGEO": "3001100010236015", "POBTOT": 48.0, "score_nse": 63.8474, "NSE": "C", "VIVTOT": 19.0, "GRAPROES": 12.09, "_ent": "30", "_mun": "011", "_loc": "0001"}, "geometry": {"type": "Polygon", "coordinates": [[[-95.77029, 18.78131], [-95.77012, 18.7817], [-95.76954, 18.78148], [-95.76962, 18.7813], [-95.76982, 18.78138], [-95.76993, 18.78115], [-95.77029, 18.78131]]]}}, {"id": "2243782", "type": "Feature", "properties": {"id": "2243782", "CVEGEO": "3001100010236014", "POBTOT": 49.0, "score_nse": 68.0634, "NSE": "C", "VIVTOT": 19.0, "GRAPROES": 12.17, "_ent": "30", "_mun": "011", "_loc": "0001"}, "geometry": {"type": "Polygon", "coordinates": [[[-95.77143, 18.7796], [-95.77075, 18.77934], [-95.77089, 18.77903], [-95.77155, 18.77935], [-95.77143, 18.7796]]]}}, {"id": "2243783", "type": "Feature", "properties": {"id": "2243783", "CVEGEO": "3001100010236013", "POBTOT": 45.0, "score_nse": 71.62, "NSE": "C+", "VIVTOT": 20.0, "GRAPROES": 12.39, "_ent": "30", "_mun": "011", "_loc": "0001"}, "geometry": {"type": "Polygon", "coordinates": [[[-95.77015, 18.77905], [-95.7703, 18.77873], [-95.77084, 18.779], [-95.77069, 18.77932], [-95.77015, 18.77905]]]}}, {"id": "2243784", "type": "Feature", "properties": {"id": "2243784", "CVEGEO": "3001100010236012", "POBTOT": 81.0, "score_nse": 51.9403, "NSE": "C-", "VIVTOT": 31.0, "GRAPROES": 10.13, "_ent": "30", "_mun": "011", "_loc": "0001"}, "geometry": {"type": "Polygon", "coordinates": [[[-95.76926, 18.77852], [-95.76969, 18.77853], [-95.77021, 18.77875], [-95.77007, 18.77906], [-95.76926, 18.77891], [-95.76926, 18.77852]]]}}, {"id": "2243785", "type": "Feature", "properties": {"id": "2243785", "CVEGEO": "3001100010236010", "POBTOT": 139.0, "score_nse": 68.5306, "NSE": "C", "VIVTOT": 52.0, "GRAPROES": 11.79, "_ent": "30", "_mun": "011", "_loc": "0001"}, "geometry": {"type": "Polygon", "coordinates": [[[-95.76916, 18.77854], [-95.76919, 18.78043], [-95.76865, 18.78162], [-95.76836, 18.78148], [-95.76828, 18.77853], [-95.76916, 18.77854]]]}}, {"id": "2243786", "type": "Feature", "properties": {"id": "2243786", "CVEGEO": "3001100010236009", "POBTOT": 144.0, "score_nse": 72.5981, "NSE": "C+", "VIVTOT": 57.0, "GRAPROES": 12.49, "_ent": "30", "_mun": "011", "_loc": "0001"}, "geometry": {"type": "Polygon", "coordinates": [[[-95.77039, 18.78126], [-95.76913, 18.78073], [-95.76923, 18.7804], [-95.77076, 18.78105], [-95.7702, 18.78225], [-95.76998, 18.78215], [-95.77039, 18.78126]]]}}, {"id": "2243787", "type": "Feature", "properties": {"id": "2243787", "CVEGEO": "3001100010236008", "POBTOT": 51.0, "score_nse": 65.3026, "NSE": "C", "VIVTOT": 23.0, "GRAPROES": 11.86, "_ent": "30", "_mun": "011", "_loc": "0001"}, "geometry": {"type": "Polygon", "coordinates": [[[-95.77065, 18.77936], [-95.77141, 18.77965], [-95.77133, 18.77984], [-95.77051, 18.77964], [-95.77065, 18.77936]]]}}, {"id": "2243788", "type": "Feature", "properties": {"id": "2243788", "CVEGEO": "3001100010236007", "POBTOT": 97.0, "score_nse": 64.6524, "NSE": "C", "VIVTOT": 38.0, "GRAPROES": 11.56, "_ent": "30", "_mun": "011", "_loc": "0001"}, "geometry": {"type": "Polygon", "coordinates": [[[-95.77032, 18.77957], [-95.76929, 18.77915], [-95.76932, 18.77894], [-95.77045, 18.77927], [-95.77032, 18.77957]]]}}, {"id": "2243789", "type": "Feature", "properties": {"id": "2243789", "CVEGEO": "3001100010236005", "POBTOT": 67.0, "score_nse": 63.72, "NSE": "C", "VIVTOT": 25.0, "GRAPROES": 10.41, "_ent": "30", "_mun": "011", "_loc": "0001"}, "geometry": {"type": "Polygon", "coordinates": [[[-95.7708, 18.78098], [-95.76996, 18.78059], [-95.77008, 18.78035], [-95.77088, 18.78076], [-95.7708, 18.78098]]]}}, {"id": "2243790", "type": "Feature", "properties": {"id": "2243790", "CVEGEO": "3001100010236004", "POBTOT": 48.0, "score_nse": 54.9035, "NSE": "C-", "VIVTOT": 23.0, "GRAPROES": 10.03, "_ent": "30", "_mun": "011", "_loc": "0001"}, "geometry": {"type": "Polygon", "coordinates": [[[-95.77114, 18.77994], [-95.77111, 18.78026], [-95.7704, 18.77998], [-95.77051, 18.7797], [-95.77114, 18.77994]]]}}, {"id": "2243791", "type": "Feature", "properties": {"id": "2243791", "CVEGEO": "3001100010236003", "POBTOT": 91.0, "score_nse": 56.3664, "NSE": "C", "VIVTOT": 33.0, "GRAPROES": 9.79, "_ent": "30", "_mun": "011", "_loc": "0001"}, "geometry": {"type": "Polygon", "coordinates": [[[-95.7702, 18.7799], [-95.76928, 18.77952], [-95.76929, 18.7792], [-95.7703, 18.77962], [-95.7702, 18.7799]]]}}, {"id": "2243792", "type": "Feature", "properties": {"id": "2243792", "CVEGEO": "3001100010236002", "POBTOT": 54.0, "score_nse": 67.7899, "NSE": "C", "VIVTOT": 21.0, "GRAPROES": 11.19, "_ent": "30", "_mun": "011", "_loc": "0001"}, "geometry": {"type": "Polygon", "coordinates": [[[-95.76995, 18.7802], [-95.76927, 18.77992], [-95.76928, 18.77958], [-95.77016, 18.77995], [-95.76995, 18.7802]]]}}, {"id": "2243793", "type": "Feature", "properties": {"id": "2243793", "CVEGEO": "3001100010236001", "POBTOT": 53.0, "score_nse": 62.0674, "NSE": "C", "VIVTOT": 28.0, "GRAPROES": 9.98, "_ent": "30", "_mun": "011", "_loc": "0001"}, "geometry": {"type": "Polygon", "coordinates": [[[-95.77023, 18.77998], [-95.77045, 18.78008], [-95.7711, 18.78033], [-95.77082, 18.78055], [-95.7701, 18.78026], [-95.77023, 18.77998]]]}}, {"id": "2243794", "type": "Feature", "properties": {"id": "2243794", "CVEGEO": "3001100010236028", "POBTOT": 22.0, "score_nse": 0.0, "NSE": "ND", "VIVTOT": 11.0, "GRAPROES": 14.0, "_ent": "30", "_mun": "011", "_loc": "0001"}, "geometry": {"type": "Polygon", "coordinates": [[[-95.76983, 18.77703], [-95.77037, 18.77641], [-95.77064, 18.77664], [-95.77014, 18.77723], [-95.76983, 18.77703]]]}}, {"id": "2243795", "type": "Feature", "properties": {"id": "2243795", "CVEGEO": "3001100010221049", "POBTOT": 56.0, "score_nse": 0.0, "NSE": "ND", "VIVTOT": 26.0, "GRAPROES": 9.45, "_ent": "30", "_mun": "011", "_loc": "0001"}, "geometry": {"type": "Polygon", "coordinates": [[[-95.76438, 18.77561], [-95.76455, 18.7767], [-95.76422, 18.77676], [-95.76405, 18.77561], [-95.76438, 18.77561]]]}}, {"id": "2243796", "type": "Feature", "properties": {"id": "2243796", "CVEGEO": "3001100010221048", "POBTOT": 30.0, "score_nse": 0.0, "NSE": "ND", "VIVTOT": 17.0, "GRAPROES": 9.09, "_ent": "30", "_mun": "011", "_loc": "0001"}, "geometry": {"type": "Polygon", "coordinates": [[[-95.7626, 18.77747], [-95.76389, 18.77722], [-95.76398, 18.77753], [-95.76272, 18.77771], [-95.7626, 18.77747]]]}}, {"id": "2243797", "type": "Feature", "properties": {"id": "2243797", "CVEGEO": "3001100010221047", "POBTOT": 31.0, "score_nse": 0.0, "NSE": "ND", "VIVTOT": 11.0, "GRAPROES": 9.27, "_ent": "30", "_mun": "011", "_loc": "0001"}, "geometry": {"type": "Polygon", "coordinates": [[[-95.76398, 18.77759], [-95.76419, 18.77848], [-95.76274, 18.77777], [-95.7628, 18.77775], [-95.76398, 18.77759]]]}}, {"id": "2243798", "type": "Feature", "properties": {"id": "2243798", "CVEGEO": "3001100010221046", "POBTOT": 28.0, "score_nse": 0.0, "NSE": "ND", "VIVTOT": 13.0, "GRAPROES": 10.44, "_ent": "30", "_mun": "011", "_loc": "0001"}, "geometry": {"type": "Polygon", "coordinates": [[[-95.76514, 18.77384], [-95.76481, 18.77304], [-95.76501, 18.77295], [-95.76534, 18.77377], [-95.76514, 18.77384]]]}}, {"id": "2243799", "type": "Feature", "properties": {"id": "2243799", "CVEGEO": "3001100010221045", "POBTOT": 35.0, "score_nse": 54.7695, "NSE": "C-", "VIVTOT": 16.0, "GRAPROES": 10.0, "_ent": "30", "_mun": "011", "_loc": "0001"}, "geometry": {"type": "Polygon", "coordinates": [[[-95.76536, 18.77382], [-95.76555, 18.77433], [-95.76536, 18.7744], [-95.76515, 18.77388], [-95.76536, 18.77382]]]}}, {"id": "2243800", "type": "Feature", "properties": {"id": "2243800", "CVEGEO": "3001100010221044", "POBTOT": 30.0, "score_nse": 0.0, "NSE": "ND", "VIVTOT": 11.0, "GRAPROES": 7.19, "_ent": "30", "_mun": "011", "_loc": "0001"}, "geometry": {"type": "Polygon", "coordinates": [[[-95.76559, 18.77617], [-95.76528, 18.7762], [-95.76519, 18.77583], [-95.76553, 18.77581], [-95.76559, 18.77617]]]}}, {"id": "2243801", "type": "Feature", "properties": {"id": "2243801", "CVEGEO": "3001100010221043", "POBTOT": 20.0, "score_nse": 0.0, "NSE": "ND", "VIVTOT": 10.0, "GRAPROES": 8.83, "_ent": "30", "_mun": "011", "_loc": "0001"}, "geometry": {"type": "Polygon", "coordinates": [[[-95.76361, 18.77575], [-95.76368, 18.7761], [-95.76308, 18.77618], [-95.7633, 18.77583], [-95.76361, 18.77575]]]}}, {"id": "2243802", "type": "Feature", "properties": {"id": "2243802", "CVEGEO": "3001100010221042", "POBTOT": 51.0, "score_nse": 44.9867, "NSE": "C-", "VIVTOT": 30.0, "GRAPROES": 9.07, "_ent": "30", "_mun": "011", "_loc": "0001"}, "geometry": {"type": "Polygon", "coordinates": [[[-95.76247, 18.7764], [-95.76369, 18.77617], [-95.76374, 18.77645], [-95.76236, 18.77668], [-95.76247, 18.7764]]]}}, {"id": "2243803", "type": "Feature", "properties": {"id": "2243803", "CVEGEO": "3001100010221041", "POBTOT": 43.0, "score_nse": 46.7907, "NSE": "C-", "VIVTOT": 24.0, "GRAPROES": 8.85, "_ent": "30", "_mun": "011", "_loc": "0001"}, "geometry": {"type": "Polygon", "coordinates": [[[-95.76368, 18.77572], [-95.76399, 18.77561], [-95.76412, 18.77643], [-95.76381, 18.77646], [-95.76368, 18.77572]]]}}, {"id": "2243804", "type": "Feature", "properties": {"id": "2243804", "CVEGEO": "3001100010221036", "POBTOT": 95.0, "score_nse": 0.0, "NSE": "ND", "VIVTOT": 32.0, "GRAPROES": 8.87, "_ent": "30", "_mun": "011", "_loc": "0001"}, "geometry": {"type": "Polygon", "coordinates": [[[-95.76464, 18.77871], [-95.76446, 18.77738], [-95.76411, 18.77745], [-95.76404, 18.77723], [-95.76487, 18.77708], [-95.7654, 18.77912], [-95.76464, 18.77871]]]}}, {"id": "2243805", "type": "Feature", "properties": {"id": "2243805", "CVEGEO": "3001100010221034", "POBTOT": 10.0, "score_nse": 0.0, "NSE": "ND", "VIVTOT": 4.0, "GRAPROES": 10.38, "_ent": "30", "_mun": "011", "_loc": "0001"}, "geometry": {"type": "Polygon", "coordinates": [[[-95.76696, 18.77729], [-95.76663, 18.77736], [-95.76656, 18.77702], [-95.76687, 18.77693], [-95.76696, 18.77729]]]}}, {"id": "2243806", "type": "Feature", "properties": {"id": "2243806", "CVEGEO": "3001100010221033", "POBTOT": 13.0, "score_nse": 0.0, "NSE": "ND", "VIVTOT": 6.0, "GRAPROES": 11.63, "_ent": "30", "_mun": "011", "_loc": "0001"}, "geometry": {"type": "Polygon", "coordinates": [[[-95.76736, 18.77725], [-95.76706, 18.77743], [-95.76704, 18.77732], [-95.76736, 18.77725]]]}}, {"id": "2243807", "type": "Feature", "properties": {"id": "2243807", "CVEGEO": "3001100010221032", "POBTOT": 49.0, "score_nse": 0.0, "NSE": "ND", "VIVTOT": 25.0, "GRAPROES": 11.42, "_ent": "30", "_mun": "011", "_loc": "0001"}, "geometry": {"type": "Polygon", "coordinates": [[[-95.76801, 18.77702], [-95.76702, 18.77726], [-95.76693, 18.77692], [-95.76798, 18.77665], [-95.76801, 18.77702]]]}}, {"id": "2243808", "type": "Feature", "properties": {"id": "2243808", "CVEGEO": "3001100010221031", "POBTOT": 78.0, "score_nse": 53.1862, "NSE": "C-", "VIVTOT": 36.0, "GRAPROES": 10.29, "_ent": "30", "_mun": "011", "_loc": "0001"}, "geometry": {"type": "Polygon", "coordinates": [[[-95.7604, 18.77557], [-95.76002, 18.77513], [-95.7599, 18.77459], [-95.76025, 18.77454], [-95.7604, 18.77557]]]}}, {"id": "2243809", "type": "Feature", "properties": {"id": "2243809", "CVEGEO": "3001100010221029", "POBTOT": 131.0, "score_nse": 0.0, "NSE": "ND", "VIVTOT": 50.0, "GRAPROES": 8.98, "_ent": "30", "_mun": "011", "_loc": "0001"}, "geometry": {"type": "Polygon", "coordinates": [[[-95.76795, 18.7766], [-95.76764, 18.77669], [-95.7676, 18.77625], [-95.76725, 18.77572], [-95.76666, 18.77588], [-95.76658, 18.77566], [-95.76693, 18.77551], [-95.76691, 18.77508], [-95.76777, 18.77573], [-95.76795, 18.7766]]]}}, {"id": "2243810", "type": "Feature", "properties": {"id": "2243810", "CVEGEO": "3001100010221028", "POBTOT": 119.0, "score_nse": 44.9397, "NSE": "C-", "VIVTOT": 61.0, "GRAPROES": 8.17, "_ent": "30", "_mun": "011", "_loc": "0001"}, "geometry": {"type": "Polygon", "coordinates": [[[-95.76611, 18.77266], [-95.76658, 18.77354], [-95.76678, 18.77495], [-95.76591, 18.77508], [-95.76509, 18.77295], [-95.76611, 18.77266]]]}}, {"id": "2243811", "type": "Feature", "properties": {"id": "2243811", "CVEGEO": "3001100010221024", "POBTOT": 0.0, "score_nse": 10.0, "NSE": "E", "VIVTOT": 3.0, "GRAPROES": 0.0, "_ent": "30", "_mun": "011", "_loc": "0001"}, "geometry": {"type": "Polygon", "coordinates": [[[-95.76557, 18.77439], [-95.76574, 18.7749], [-95.76561, 18.77495], [-95.76538, 18.77445], [-95.76557, 18.77439]]]}}, {"id": "2243812", "type": "Feature", "properties": {"id": "2243812", "CVEGEO": "3001100010221023", "POBTOT": 137.0, "score_nse": 56.7048, "NSE": "C", "VIVTOT": 57.0, "GRAPROES": 10.72, "_ent": "30", "_mun": "011", "_loc": "0001"}, "geometry": {"type": "Polygon", "coordinates": [[[-95.76416, 18.77324], [-95.76475, 18.77303], [-95.7653, 18.77441], [-95.76475, 18.77464], [-95.76416, 18.77324]]]}}, {"id": "2243813", "type": "Feature", "properties": {"id": "2243813", "CVEGEO": "3001100010221022", "POBTOT": 88.0, "score_nse": 50.2743, "NSE": "C-", "VIVTOT": 41.0, "GRAPROES": 10.15, "_ent": "30", "_mun": "011", "_loc": "0001"}, "geometry": {"type": "Polygon", "coordinates": [[[-95.764, 18.77489], [-95.76345, 18.77351], [-95.76408, 18.77327], [-95.76466, 18.77464], [-95.764, 18.77489]]]}}, {"id": "2243814", "type": "Feature", "properties": {"id": "2243814", "CVEGEO": "3001100010221021", "POBTOT": 122.0, "score_nse": 52.0567, "NSE": "C-", "VIVTOT": 60.0, "GRAPROES": 10.55, "_ent": "30", "_mun": "011", "_loc": "0001"}, "geometry": {"type": "Polygon", "coordinates": [[[-95.76395, 18.77488], [-95.76298, 18.77443], [-95.7626, 18.77382], [-95.76335, 18.77355], [-95.76395, 18.77488]]]}}, {"id": "2243815", "type": "Feature", "properties": {"id": "2243815", "CVEGEO": "3001100010221020", "POBTOT": 10.0, "score_nse": 0.0, "NSE": "ND", "VIVTOT": 10.0, "GRAPROES": 12.2, "_ent": "30", "_mun": "011", "_loc": "0001"}, "geometry": {"type": "Polygon", "coordinates": [[[-95.76262, 18.77534], [-95.76087, 18.77575], [-95.76065, 18.77445], [-95.76247, 18.77383], [-95.76264, 18.77432], [-95.76232, 18.77442], [-95.76262, 18.77534]]]}}, {"id": "2243816", "type": "Feature", "properties": {"id": "2243816", "CVEGEO": "3001100010221015", "POBTOT": 26.0, "score_nse": 65.6884, "NSE": "C", "VIVTOT": 9.0, "GRAPROES": 9.7, "_ent": "30", "_mun": "011", "_loc": "0001"}, "geometry": {"type": "Polygon", "coordinates": [[[-95.76802, 18.77723], [-95.76742, 18.77732], [-95.7674, 18.77724], [-95.76801, 18.77709], [-95.76802, 18.77723]]]}}, {"id": "2243817", "type": "Feature", "properties": {"id": "2243817", "CVEGEO": "3001100010221014", "POBTOT": 65.0, "score_nse": 52.7287, "NSE": "C-", "VIVTOT": 23.0, "GRAPROES": 8.65, "_ent": "30", "_mun": "011", "_loc": "0001"}, "geometry": {"type": "Polygon", "coordinates": [[[-95.76725, 18.77583], [-95.76735, 18.77676], [-95.76717, 18.77682], [-95.767, 18.77586], [-95.76725, 18.77583]]]}}, {"id": "2243818", "type": "Feature", "properties": {"id": "2243818", "CVEGEO": "3001100010221013", "POBTOT": 28.0, "score_nse": 0.0, "NSE": "ND", "VIVTOT": 17.0, "GRAPROES": 7.05, "_ent": "30", "_mun": "011", "_loc": "0001"}, "geometry": {"type": "Polygon", "coordinates": [[[-95.76563, 18.7751], [-95.76408, 18.77492], [-95.76534, 18.77446], [-95.76563, 18.7751]]]}}, {"id": "2243819", "type": "Feature", "properties": {"id": "2243819", "CVEGEO": "3001100010221010", "POBTOT": 38.0, "score_nse": 0.0, "NSE": "ND", "VIVTOT": 23.0, "GRAPROES": 8.67, "_ent": "30", "_mun": "011", "_loc": "0001"}, "geometry": {"type": "Polygon", "coordinates": [[[-95.76694, 18.77588], [-95.76713, 18.77683], [-95.76699, 18.77687], [-95.76666, 18.77595], [-95.76694, 18.77588]]]}}, {"id": "2243820", "type": "Feature", "properties": {"id": "2243820", "CVEGEO": "3001100010221007", "POBTOT": 106.0, "score_nse": 50.2176, "NSE": "C-", "VIVTOT": 43.0, "GRAPROES": 9.07, "_ent": "30", "_mun": "011", "_loc": "0001"}, "geometry": {"type": "Polygon", "coordinates": [[[-95.76461, 18.77564], [-95.76488, 18.77702], [-95.76392, 18.77718], [-95.76387, 18.77686], [-95.76461, 18.77673], [-95.76444, 18.77561], [-95.76461, 18.77564]]]}}, {"id": "2243821", "type": "Feature", "properties": {"id": "2243821", "CVEGEO": "3001100010221006", "POBTOT": 0.0, "score_nse": 0.0, "NSE": "ND", "VIVTOT": 0.0, "GRAPROES": 0.0, "_ent": "30", "_mun": "011", "_loc": "0001"}, "geometry": {"type": "Polygon", "coordinates": [[[-95.76415, 18.77673], [-95.76348, 18.77687], [-95.7634, 18.77659], [-95.76412, 18.77647], [-95.76415, 18.77673]]]}}, {"id": "2243822", "type": "Feature", "properties": {"id": "2243822", "CVEGEO": "3001100010221004", "POBTOT": 90.0, "score_nse": 55.5093, "NSE": "C", "VIVTOT": 30.0, "GRAPROES": 9.73, "_ent": "30", "_mun": "011", "_loc": "0001"}, "geometry": {"type": "Polygon", "coordinates": [[[-95.76665, 18.77606], [-95.76693, 18.77686], [-95.76657, 18.77697], [-95.76636, 18.77606], [-95.76665, 18.77606]]]}}, {"id": "2243823", "type": "Feature", "properties": {"id": "2243823", "CVEGEO": "3001100010221003", "POBTOT": 39.0, "score_nse": 0.0, "NSE": "ND", "VIVTOT": 17.0, "GRAPROES": 9.73, "_ent": "30", "_mun": "011", "_loc": "0001"}, "geometry": {"type": "Polygon", "coordinates": [[[-95.76412, 18.77757], [-95.76441, 18.77751], [-95.76457, 18.77866], [-95.76426, 18.77852], [-95.76412, 18.77757]]]}}, {"id": "2243824", "type": "Feature", "properties": {"id": "2243824", "CVEGEO": "3001100010217026", "POBTOT": 58.0, "score_nse": 49.5053, "NSE": "C-", "VIVTOT": 45.0, "GRAPROES": 11.15, "_ent": "30", "_mun": "011", "_loc": "0001"}, "geometry": {"type": "Polygon", "coordinates": [[[-95.75856, 18.77171], [-95.75878, 18.77262], [-95.75847, 18.77268], [-95.75811, 18.77178], [-95.75856, 18.77171]]]}}, {"id": "2243825", "type": "Feature", "properties": {"id": "2243825", "CVEGEO": "3001100010236016", "POBTOT": 40.0, "score_nse": 72.4067, "NSE": "C+", "VIVTOT": 18.0, "GRAPROES": 11.37, "_ent": "30", "_mun": "011", "_loc": "0001"}, "geometry": {"type": "Polygon", "coordinates": [[[-95.77051, 18.77847], [-95.77099, 18.77869], [-95.77087, 18.77897], [-95.77038, 18.77874], [-95.77051, 18.77847]]]}}, {"id": "2243826", "type": "Feature", "properties": {"id": "2243826", "CVEGEO": "3001100010217025", "POBTOT": 63.0, "score_nse": 59.1471, "NSE": "C", "VIVTOT": 28.0, "GRAPROES": 10.65, "_ent": "30", "_mun": "011", "_loc": "0001"}, "geometry": {"type": "Polygon", "coordinates": [[[-95.76479, 18.77297], [-95.76438, 18.77191], [-95.76432, 18.77175], [-95.7646, 18.7717], [-95.76501, 18.77287], [-95.76479, 18.77297]]]}}, {"id": "2243827", "type": "Feature", "properties": {"id": "2243827", "CVEGEO": "3001100010217024", "POBTOT": 198.0, "score_nse": 58.9191, "NSE": "C", "VIVTOT": 74.0, "GRAPROES": 9.76, "_ent": "30", "_mun": "011", "_loc": "0001"}, "geometry": {"type": "Polygon", "coordinates": [[[-95.76418, 18.77076], [-95.76396, 18.77087], [-95.76381, 18.77048], [-95.76418, 18.77019], [-95.76523, 18.77139], [-95.76429, 18.77168], [-95.76397, 18.77089], [-95.76418, 18.77076]]]}}, {"id": "2243828", "type": "Feature", "properties": {"id": "2243828", "CVEGEO": "3001100010217023", "POBTOT": 26.0, "score_nse": 51.0333, "NSE": "C-", "VIVTOT": 21.0, "GRAPROES": 12.0, "_ent": "30", "_mun": "011", "_loc": "0001"}, "geometry": {"type": "Polygon", "coordinates": [[[-95.75906, 18.77162], [-95.75928, 18.77252], [-95.75882, 18.77261], [-95.7586, 18.77171], [-95.75906, 18.77162]]]}}, {"id": "2243829", "type": "Feature", "properties": {"id": "2243829", "CVEGEO": "3001100010217022", "POBTOT": 138.0, "score_nse": 0.0, "NSE": "ND", "VIVTOT": 60.0, "GRAPROES": 10.04, "_ent": "30", "_mun": "011", "_loc": "0001"}, "geometry": {"type": "Polygon", "coordinates": [[[-95.75961, 18.77399], [-95.75916, 18.77395], [-95.75885, 18.77269], [-95.75927, 18.77262], [-95.75961, 18.77399]]]}}, {"id": "2243830", "type": "Feature", "properties": {"id": "2243830", "CVEGEO": "3001100010217021", "POBTOT": 113.0, "score_nse": 0.0, "NSE": "ND", "VIVTOT": 51.0, "GRAPROES": 10.4, "_ent": "30", "_mun": "011", "_loc": "0001"}, "geometry": {"type": "Polygon", "coordinates": [[[-95.76412, 18.77318], [-95.7636, 18.77188], [-95.76425, 18.77177], [-95.76472, 18.77296], [-95.76412, 18.77318]]]}}, {"id": "2243831", "type": "Feature", "properties": {"id": "2243831", "CVEGEO": "3001100010217020", "POBTOT": 171.0, "score_nse": 55.4987, "NSE": "C", "VIVTOT": 75.0, "GRAPROES": 9.77, "_ent": "30", "_mun": "011", "_loc": "0001"}, "geometry": {"type": "Polygon", "coordinates": [[[-95.76354, 18.77175], [-95.7631, 18.77062], [-95.76369, 18.77049], [-95.76422, 18.77172], [-95.76354, 18.77175]]]}}, {"id": "2243832", "type": "Feature", "properties": {"id": "2243832", "CVEGEO": "3001100010217019", "POBTOT": 101.0, "score_nse": 64.562, "NSE": "C", "VIVTOT": 40.0, "GRAPROES": 11.75, "_ent": "30", "_mun": "011", "_loc": "0001"}, "geometry": {"type": "Polygon", "coordinates": [[[-95.75961, 18.77151], [-95.75981, 18.77244], [-95.75932, 18.77253], [-95.75912, 18.77161], [-95.75961, 18.77151]]]}}, {"id": "2243833", "type": "Feature", "properties": {"id": "2243833", "CVEGEO": "3001100010217018", "POBTOT": 144.0, "score_nse": 0.0, "NSE": "ND", "VIVTOT": 62.0, "GRAPROES": 10.83, "_ent": "30", "_mun": "011", "_loc": "0001"}, "geometry": {"type": "Polygon", "coordinates": [[[-95.75983, 18.77252], [-95.76022, 18.77449], [-95.75979, 18.77455], [-95.75932, 18.77259], [-95.75983, 18.77252]]]}}, {"id": "2243834", "type": "Feature", "properties": {"id": "2243834", "CVEGEO": "3001100010217017", "POBTOT": 134.0, "score_nse": 53.1684, "NSE": "C-", "VIVTOT": 56.0, "GRAPROES": 9.89, "_ent": "30", "_mun": "011", "_loc": "0001"}, "geometry": {"type": "Polygon", "coordinates": [[[-95.76352, 18.77189], [-95.76406, 18.77318], [-95.76342, 18.77343], [-95.76286, 18.772], [-95.76352, 18.77189]]]}}, {"id": "2243835", "type": "Feature", "properties": {"id": "2243835", "CVEGEO": "3001100010217016", "POBTOT": 141.0, "score_nse": 57.0028, "NSE": "C", "VIVTOT": 58.0, "GRAPROES": 9.86, "_ent": "30", "_mun": "011", "_loc": "0001"}, "geometry": {"type": "Polygon", "coordinates": [[[-95.76304, 18.77071], [-95.76349, 18.77182], [-95.76284, 18.77194], [-95.76237, 18.77082], [-95.76304, 18.77071]]]}}, {"id": "2243836", "type": "Feature", "properties": {"id": "2243836", "CVEGEO": "3001100010217013", "POBTOT": 104.0, "score_nse": 64.8789, "NSE": "C", "VIVTOT": 38.0, "GRAPROES": 11.78, "_ent": "30", "_mun": "011", "_loc": "0001"}, "geometry": {"type": "Polygon", "coordinates": [[[-95.76103, 18.77116], [-95.76079, 18.77015], [-95.76126, 18.77004], [-95.76156, 18.77099], [-95.76103, 18.77116]]]}}, {"id": "2243837", "type": "Feature", "properties": {"id": "2243837", "CVEGEO": "3001100010217012", "POBTOT": 23.0, "score_nse": 56.3647, "NSE": "C", "VIVTOT": 12.0, "GRAPROES": 11.05, "_ent": "30", "_mun": "011", "_loc": "0001"}, "geometry": {"type": "Polygon", "coordinates": [[[-95.76075, 18.77017], [-95.76098, 18.77117], [-95.76061, 18.77123], [-95.76042, 18.77025], [-95.76075, 18.77017]]]}}, {"id": "2243838", "type": "Feature", "properties": {"id": "2243838", "CVEGEO": "3001100010217011", "POBTOT": 91.0, "score_nse": 58.5484, "NSE": "C", "VIVTOT": 41.0, "GRAPROES": 10.89, "_ent": "30", "_mun": "011", "_loc": "0001"}, "geometry": {"type": "Polygon", "coordinates": [[[-95.76037, 18.77026], [-95.76057, 18.77124], [-95.76008, 18.77135], [-95.75996, 18.77032], [-95.76037, 18.77026]]]}}, {"id": "2243839", "type": "Feature", "properties": {"id": "2243839", "CVEGEO": "3001100010217010", "POBTOT": 81.0, "score_nse": 54.4406, "NSE": "C-", "VIVTOT": 41.0, "GRAPROES": 10.53, "_ent": "30", "_mun": "011", "_loc": "0001"}, "geometry": {"type": "Polygon", "coordinates": [[[-95.76003, 18.77135], [-95.75966, 18.77141], [-95.75945, 18.77042], [-95.75992, 18.77033], [-95.76003, 18.77135]]]}}, {"id": "2243840", "type": "Feature", "properties": {"id": "2243840", "CVEGEO": "3001100010217009", "POBTOT": 70.0, "score_nse": 58.5464, "NSE": "C", "VIVTOT": 34.0, "GRAPROES": 10.62, "_ent": "30", "_mun": "011", "_loc": "0001"}, "geometry": {"type": "Polygon", "coordinates": [[[-95.76019, 18.7724], [-95.75987, 18.77244], [-95.75967, 18.77149], [-95.76006, 18.77142], [-95.76019, 18.7724]]]}}, {"id": "2243841", "type": "Feature", "properties": {"id": "2243841", "CVEGEO": "3001100010217008", "POBTOT": 180.0, "score_nse": 56.44, "NSE": "C", "VIVTOT": 75.0, "GRAPROES": 9.95, "_ent": "30", "_mun": "011", "_loc": "0001"}, "geometry": {"type": "Polygon", "coordinates": [[[-95.7602, 18.77246], [-95.76054, 18.7744], [-95.76029, 18.77449], [-95.75989, 18.77251], [-95.7602, 18.77246]]]}}, {"id": "2243842", "type": "Feature", "properties": {"id": "2243842", "CVEGEO": "3001100010217007", "POBTOT": 171.0, "score_nse": 58.1201, "NSE": "C", "VIVTOT": 73.0, "GRAPROES": 10.66, "_ent": "30", "_mun": "011", "_loc": "0001"}, "geometry": {"type": "Polygon", "coordinates": [[[-95.76026, 18.77246], [-95.76072, 18.77237], [-95.76105, 18.77423], [-95.7606, 18.77438], [-95.76026, 18.77246]]]}}, {"id": "2243843", "type": "Feature", "properties": {"id": "2243843", "CVEGEO": "3001100010217005", "POBTOT": 120.0, "score_nse": 62.1388, "NSE": "C", "VIVTOT": 54.0, "GRAPROES": 10.47, "_ent": "30", "_mun": "011", "_loc": "0001"}, "geometry": {"type": "Polygon", "coordinates": [[[-95.76278, 18.77194], [-95.76202, 18.77209], [-95.76166, 18.77103], [-95.76229, 18.77083], [-95.76278, 18.77194]]]}}, {"id": "2243844", "type": "Feature", "properties": {"id": "2243844", "CVEGEO": "3001100010217004", "POBTOT": 93.0, "score_nse": 60.4698, "NSE": "C", "VIVTOT": 41.0, "GRAPROES": 11.05, "_ent": "30", "_mun": "011", "_loc": "0001"}, "geometry": {"type": "Polygon", "coordinates": [[[-95.76158, 18.77106], [-95.76195, 18.77208], [-95.76127, 18.77222], [-95.76105, 18.77121], [-95.76158, 18.77106]]]}}, {"id": "2243845", "type": "Feature", "properties": {"id": "2243845", "CVEGEO": "3001100010217003", "POBTOT": 115.0, "score_nse": 62.264, "NSE": "C", "VIVTOT": 47.0, "GRAPROES": 11.18, "_ent": "30", "_mun": "011", "_loc": "0001"}, "geometry": {"type": "Polygon", "coordinates": [[[-95.7612, 18.77223], [-95.76024, 18.7724], [-95.76012, 18.77141], [-95.761, 18.77124], [-95.7612, 18.77223]]]}}, {"id": "2243846", "type": "Feature", "properties": {"id": "2243846", "CVEGEO": "3001100010217002", "POBTOT": 134.0, "score_nse": 59.3834, "NSE": "C", "VIVTOT": 66.0, "GRAPROES": 11.78, "_ent": "30", "_mun": "011", "_loc": "0001"}, "geometry": {"type": "Polygon", "coordinates": [[[-95.76122, 18.77232], [-95.76158, 18.77403], [-95.76112, 18.77419], [-95.76078, 18.77238], [-95.76122, 18.77232]]]}}, {"id": "2243847", "type": "Feature", "properties": {"id": "2243847", "CVEGEO": "3001100010217001", "POBTOT": 200.0, "score_nse": 0.0, "NSE": "ND", "VIVTOT": 78.0, "GRAPROES": 11.04, "_ent": "30", "_mun": "011", "_loc": "0001"}, "geometry": {"type": "Polygon", "coordinates": [[[-95.76196, 18.77218], [-95.76247, 18.77374], [-95.76167, 18.77402], [-95.76157, 18.77349], [-95.76189, 18.7736], [-95.7618, 18.7733], [-95.76153, 18.77337], [-95.76128, 18.7723], [-95.76196, 18.77218]]]}}, {"id": "2243848", "type": "Feature", "properties": {"id": "2243848", "CVEGEO": "3001100010185086", "POBTOT": 4.0, "score_nse": 0.0, "NSE": "ND", "VIVTOT": 7.0, "GRAPROES": 0.0, "_ent": "30", "_mun": "011", "_loc": "0001"}, "geometry": {"type": "Polygon", "coordinates": [[[-95.75347, 18.77906], [-95.75326, 18.77913], [-95.75326, 18.77906], [-95.75347, 18.77906]]]}}, {"id": "2243849", "type": "Feature", "properties": {"id": "2243849", "CVEGEO": "3001100010185085", "POBTOT": 11.0, "score_nse": 0.0, "NSE": "ND", "VIVTOT": 4.0, "GRAPROES": 9.8, "_ent": "30", "_mun": "011", "_loc": "0001"}, "geometry": {"type": "Polygon", "coordinates": [[[-95.7529, 18.78037], [-95.75297, 18.78037], [-95.75289, 18.78061], [-95.7529, 18.78037]]]}}, {"id": "2243850", "type": "Feature", "properties": {"id": "2243850", "CVEGEO": "3001100010185081", "POBTOT": 19.0, "score_nse": 0.0, "NSE": "ND", "VIVTOT": 6.0, "GRAPROES": 12.0, "_ent": "30", "_mun": "011", "_loc": "0001"}, "geometry": {"type": "Polygon", "coordinates": [[[-95.75785, 18.77493], [-95.75775, 18.77467], [-95.75889, 18.77486], [-95.75785, 18.77493]]]}}, {"id": "2243851", "type": "Feature", "properties": {"id": "2243851", "CVEGEO": "3001100010185080", "POBTOT": 10.0, "score_nse": 43.678, "NSE": "C-", "VIVTOT": 4.0, "GRAPROES": 10.38, "_ent": "30", "_mun": "011", "_loc": "0001"}, "geometry": {"type": "Polygon", "coordinates": [[[-95.7537, 18.77879], [-95.75309, 18.77874], [-95.75371, 18.77872], [-95.7537, 18.77879]]]}}, {"id": "2243852", "type": "Feature", "properties": {"id": "2243852", "CVEGEO": "3001100010185079", "POBTOT": 28.0, "score_nse": 34.6514, "NSE": "D+", "VIVTOT": 14.0, "GRAPROES": 7.1, "_ent": "30", "_mun": "011", "_loc": "0001"}, "geometry": {"type": "Polygon", "coordinates": [[[-95.75352, 18.77906], [-95.75352, 18.7789], [-95.7533, 18.77886], [-95.7537, 18.77884], [-95.75369, 18.77906], [-95.75352, 18.77906]]]}}, {"id": "2243853", "type": "Feature", "properties": {"id": "2243853", "CVEGEO": "3001100010185078", "POBTOT": 75.0, "score_nse": 0.0, "NSE": "ND", "VIVTOT": 30.0, "GRAPROES": 9.78, "_ent": "30", "_mun": "011", "_loc": "0001"}, "geometry": {"type": "Polygon", "coordinates": [[[-95.75389, 18.77973], [-95.754, 18.77923], [-95.75471, 18.77943], [-95.7546, 18.78013], [-95.75374, 18.77994], [-95.75371, 18.77974], [-95.75389, 18.77973]]]}}, {"id": "2243854", "type": "Feature", "properties": {"id": "2243854", "CVEGEO": "3001100010185077", "POBTOT": 26.0, "score_nse": 0.0, "NSE": "ND", "VIVTOT": 12.0, "GRAPROES": 8.05, "_ent": "30", "_mun": "011", "_loc": "0001"}, "geometry": {"type": "Polygon", "coordinates": [[[-95.75785, 18.77324], [-95.75813, 18.77397], [-95.75759, 18.77414], [-95.75735, 18.77341], [-95.75775, 18.77329], [-95.7578, 18.77341], [-95.75785, 18.77324]]]}}, {"id": "2243855", "type": "Feature", "properties": {"id": "2243855", "CVEGEO": "3001100010185075", "POBTOT": 0.0, "score_nse": 0.0, "NSE": "ND", "VIVTOT": 0.0, "GRAPROES": 0.0, "_ent": "30", "_mun": "011", "_loc": "0001"}, "geometry": {"type": "Polygon", "coordinates": [[[-95.75815, 18.77402], [-95.75819, 18.77468], [-95.75774, 18.77464], [-95.75761, 18.77418], [-95.75815, 18.77402]]]}}, {"id": "2243856", "type": "Feature", "properties": {"id": "2243856", "CVEGEO": "3001100010185074", "POBTOT": 27.0, "score_nse": 0.0, "NSE": "ND", "VIVTOT": 10.0, "GRAPROES": 11.0, "_ent": "30", "_mun": "011", "_loc": "0001"}, "geometry": {"type": "Polygon", "coordinates": [[[-95.75739, 18.77336], [-95.75725, 18.77301], [-95.75762, 18.77289], [-95.75778, 18.77323], [-95.75739, 18.77336]]]}}, {"id": "2243857", "type": "Feature", "properties": {"id": "2243857", "CVEGEO": "3001100010185071", "POBTOT": 3.0, "score_nse": 0.0, "NSE": "ND", "VIVTOT": 1.0, "GRAPROES": 0.0, "_ent": "30", "_mun": "011", "_loc": "0001"}, "geometry": {"type": "Polygon", "coordinates": [[[-95.75369, 18.77844], [-95.75369, 18.77858], [-95.7531, 18.77858], [-95.75309, 18.77845], [-95.75369, 18.77844]]]}}, {"id": "2243858", "type": "Feature", "properties": {"id": "2243858", "CVEGEO": "3001100010185070", "POBTOT": 24.0, "score_nse": 0.0, "NSE": "ND", "VIVTOT": 8.0, "GRAPROES": 8.33, "_ent": "30", "_mun": "011", "_loc": "0001"}, "geometry": {"type": "Polygon", "coordinates": [[[-95.75328, 18.77886], [-95.75321, 18.77894], [-95.75347, 18.77901], [-95.75308, 18.77901], [-95.75308, 18.77886], [-95.75328, 18.77886]]]}}, {"id": "2243859", "type": "Feature", "properties": {"id": "2243859", "CVEGEO": "3001100010185069", "POBTOT": 12.0, "score_nse": 0.0, "NSE": "ND", "VIVTOT": 7.0, "GRAPROES": 6.92, "_ent": "30", "_mun": "011", "_loc": "0001"}, "geometry": {"type": "Polygon", "coordinates": [[[-95.75315, 18.77994], [-95.75269, 18.77992], [-95.75316, 18.77985], [-95.75315, 18.77994]]]}}, {"id": "2243860", "type": "Feature", "properties": {"id": "2243860", "CVEGEO": "3001100010185068", "POBTOT": 7.0, "score_nse": 0.0, "NSE": "ND", "VIVTOT": 2.0, "GRAPROES": 0.0, "_ent": "30", "_mun": "011", "_loc": "0001"}, "geometry": {"type": "Polygon", "coordinates": [[[-95.75345, 18.78001], [-95.75318, 18.77984], [-95.75362, 18.77983], [-95.75345, 18.78001]]]}}, {"id": "2243861", "type": "Feature", "properties": {"id": "2243861", "CVEGEO": "3001100010185065", "POBTOT": 13.0, "score_nse": 0.0, "NSE": "ND", "VIVTOT": 6.0, "GRAPROES": 9.33, "_ent": "30", "_mun": "011", "_loc": "0001"}, "geometry": {"type": "Polygon", "coordinates": [[[-95.75658, 18.77503], [-95.75667, 18.77537], [-95.75637, 18.7754], [-95.7563, 18.7751], [-95.75658, 18.77503]]]}}, {"id": "2243862", "type": "Feature", "properties": {"id": "2243862", "CVEGEO": "3001100010185064", "POBTOT": 3.0, "score_nse": 0.0, "NSE": "ND", "VIVTOT": 1.0, "GRAPROES": 0.0, "_ent": "30", "_mun": "011", "_loc": "0001"}, "geometry": {"type": "Polygon", "coordinates": [[[-95.75323, 18.77963], [-95.75292, 18.77962], [-95.75309, 18.77947], [-95.75324, 18.77948], [-95.75323, 18.77963]]]}}, {"id": "2243863", "type": "Feature", "properties": {"id": "2243863", "CVEGEO": "3001100010185063", "POBTOT": 65.0, "score_nse": 0.0, "NSE": "ND", "VIVTOT": 28.0, "GRAPROES": 8.93, "_ent": "30", "_mun": "011", "_loc": "0001"}, "geometry": {"type": "Polygon", "coordinates": [[[-95.75571, 18.77499], [-95.7557, 18.77524], [-95.75515, 18.77522], [-95.75542, 18.77443], [-95.75567, 18.77422], [-95.75595, 18.7752], [-95.75573, 18.77524], [-95.75571, 18.77499]]]}}, {"id": "2243864", "type": "Feature", "properties": {"id": "2243864", "CVEGEO": "3001100010185061", "POBTOT": 34.0, "score_nse": 0.0, "NSE": "ND", "VIVTOT": 16.0, "GRAPROES": 10.25, "_ent": "30", "_mun": "011", "_loc": "0001"}, "geometry": {"type": "Polygon", "coordinates": [[[-95.75673, 18.7738], [-95.75703, 18.77377], [-95.75718, 18.77478], [-95.75695, 18.77505], [-95.75671, 18.774], [-95.75673, 18.7738]]]}}, {"id": "2243865", "type": "Feature", "properties": {"id": "2243865", "CVEGEO": "3001100010185056", "POBTOT": 30.0, "score_nse": 44.5262, "NSE": "C-", "VIVTOT": 11.0, "GRAPROES": 8.52, "_ent": "30", "_mun": "011", "_loc": "0001"}, "geometry": {"type": "Polygon", "coordinates": [[[-95.75378, 18.77736], [-95.75374, 18.77768], [-95.75323, 18.77762], [-95.75323, 18.77738], [-95.75378, 18.77736]]]}}, {"id": "2243866", "type": "Feature", "properties": {"id": "2243866", "CVEGEO": "3001100010185055", "POBTOT": 7.0, "score_nse": 0.0, "NSE": "ND", "VIVTOT": 4.0, "GRAPROES": 9.14, "_ent": "30", "_mun": "011", "_loc": "0001"}, "geometry": {"type": "Polygon", "coordinates": [[[-95.75319, 18.77815], [-95.75369, 18.77804], [-95.75366, 18.77817], [-95.75319, 18.77815]]]}}, {"id": "2243867", "type": "Feature", "properties": {"id": "2243867", "CVEGEO": "3001100010185053", "POBTOT": 23.0, "score_nse": 0.0, "NSE": "ND", "VIVTOT": 7.0, "GRAPROES": 11.56, "_ent": "30", "_mun": "011", "_loc": "0001"}, "geometry": {"type": "Polygon", "coordinates": [[[-95.7531, 18.77861], [-95.7537, 18.77867], [-95.7531, 18.77868], [-95.7531, 18.77861]]]}}, {"id": "2243868", "type": "Feature", "properties": {"id": "2243868", "CVEGEO": "3001100010185051", "POBTOT": 7.0, "score_nse": 0.0, "NSE": "ND", "VIVTOT": 2.0, "GRAPROES": 0.0, "_ent": "30", "_mun": "011", "_loc": "0001"}, "geometry": {"type": "Polygon", "coordinates": [[[-95.75327, 18.77942], [-95.75303, 18.77942], [-95.7531, 18.77917], [-95.75328, 18.77918], [-95.75327, 18.77942]]]}}, {"id": "2243869", "type": "Feature", "properties": {"id": "2243869", "CVEGEO": "3001100010185050", "POBTOT": 0.0, "score_nse": 0.0, "NSE": "ND", "VIVTOT": 0.0, "GRAPROES": 0.0, "_ent": "30", "_mun": "011", "_loc": "0001"}, "geometry": {"type": "Polygon", "coordinates": [[[-95.7533, 18.77942], [-95.75332, 18.77918], [-95.75348, 18.77918], [-95.75347, 18.77942], [-95.7533, 18.77942]]]}}, {"id": "2243870", "type": "Feature", "properties": {"id": "2243870", "CVEGEO": "3001100010185049", "POBTOT": 17.0, "score_nse": 0.0, "NSE": "ND", "VIVTOT": 7.0, "GRAPROES": 7.13, "_ent": "30", "_mun": "011", "_loc": "0001"}, "geometry": {"type": "Polygon", "coordinates": [[[-95.75369, 18.77911], [-95.75367, 18.77949], [-95.75365, 18.77949], [-95.75352, 18.77911], [-95.75369, 18.77911]]]}}, {"id": "2243871", "type": "Feature", "properties": {"id": "2243871", "CVEGEO": "3001100010185048", "POBTOT": 15.0, "score_nse": 0.0, "NSE": "ND", "VIVTOT": 4.0, "GRAPROES": 7.91, "_ent": "30", "_mun": "011", "_loc": "0001"}, "geometry": {"type": "Polygon", "coordinates": [[[-95.75326, 18.7796], [-95.75327, 18.77947], [-95.75367, 18.7795], [-95.75365, 18.77969], [-95.75326, 18.7796]]]}}, {"id": "2243872", "type": "Feature", "properties": {"id": "2243872", "CVEGEO": "3001100010185039", "POBTOT": 36.0, "score_nse": 0.0, "NSE": "ND", "VIVTOT": 16.0, "GRAPROES": 9.96, "_ent": "30", "_mun": "011", "_loc": "0001"}, "geometry": {"type": "Polygon", "coordinates": [[[-95.7567, 18.77376], [-95.75663, 18.77322], [-95.75716, 18.77317], [-95.75734, 18.77368], [-95.7567, 18.77376]]]}}, {"id": "2243873", "type": "Feature", "properties": {"id": "2243873", "CVEGEO": "3001100010185036", "POBTOT": 8.0, "score_nse": 0.0, "NSE": "ND", "VIVTOT": 3.0, "GRAPROES": 7.29, "_ent": "30", "_mun": "011", "_loc": "0001"}, "geometry": {"type": "Polygon", "coordinates": [[[-95.75316, 18.77968], [-95.75316, 18.77982], [-95.75274, 18.77983], [-95.75289, 18.77965], [-95.75316, 18.77968]]]}}, {"id": "2243874", "type": "Feature", "properties": {"id": "2243874", "CVEGEO": "3001100010185035", "POBTOT": 6.0, "score_nse": 0.0, "NSE": "ND", "VIVTOT": 4.0, "GRAPROES": 0.0, "_ent": "30", "_mun": "011", "_loc": "0001"}, "geometry": {"type": "Polygon", "coordinates": [[[-95.7532, 18.77966], [-95.75362, 18.7798], [-95.75319, 18.77982], [-95.7532, 18.77966]]]}}, {"id": "2243875", "type": "Feature", "properties": {"id": "2243875", "CVEGEO": "3001100010185034", "POBTOT": 2.0, "score_nse": 0.0, "NSE": "ND", "VIVTOT": 1.0, "GRAPROES": 0.0, "_ent": "30", "_mun": "011", "_loc": "0001"}, "geometry": {"type": "Polygon", "coordinates": [[[-95.75373, 18.77784], [-95.75372, 18.77801], [-95.75326, 18.77806], [-95.75325, 18.7778], [-95.75373, 18.77784]]]}}, {"id": "2243876", "type": "Feature", "properties": {"id": "2243876", "CVEGEO": "3001100010185027", "POBTOT": 41.0, "score_nse": 0.0, "NSE": "ND", "VIVTOT": 22.0, "GRAPROES": 9.65, "_ent": "30", "_mun": "011", "_loc": "0001"}, "geometry": {"type": "Polygon", "coordinates": [[[-95.75636, 18.77551], [-95.75661, 18.7765], [-95.75632, 18.77654], [-95.75611, 18.77556], [-95.75636, 18.77551]]]}}, {"id": "2243877", "type": "Feature", "properties": {"id": "2243877", "CVEGEO": "3001100010185026", "POBTOT": 40.0, "score_nse": 49.6117, "NSE": "C-", "VIVTOT": 23.0, "GRAPROES": 9.03, "_ent": "30", "_mun": "011", "_loc": "0001"}, "geometry": {"type": "Polygon", "coordinates": [[[-95.75608, 18.77548], [-95.75574, 18.77415], [-95.75597, 18.774], [-95.75633, 18.77543], [-95.75608, 18.77548]]]}}, {"id": "2243878", "type": "Feature", "properties": {"id": "2243878", "CVEGEO": "3001100010185016", "POBTOT": 43.0, "score_nse": 52.0123, "NSE": "C-", "VIVTOT": 24.0, "GRAPROES": 10.44, "_ent": "30", "_mun": "011", "_loc": "0001"}, "geometry": {"type": "Polygon", "coordinates": [[[-95.7576, 18.77622], [-95.75727, 18.77632], [-95.75697, 18.77518], [-95.75726, 18.77477], [-95.7576, 18.77622]]]}}, {"id": "2243879", "type": "Feature", "properties": {"id": "2243879", "CVEGEO": "3001100010185014", "POBTOT": 44.0, "score_nse": 0.0, "NSE": "ND", "VIVTOT": 12.0, "GRAPROES": 7.27, "_ent": "30", "_mun": "011", "_loc": "0001"}, "geometry": {"type": "Polygon", "coordinates": [[[-95.75748, 18.77286], [-95.75724, 18.77292], [-95.75709, 18.77256], [-95.75747, 18.77247], [-95.75748, 18.77286]]]}}, {"id": "2243880", "type": "Feature", "properties": {"id": "2243880", "CVEGEO": "3001100010185013", "POBTOT": 40.0, "score_nse": 48.5436, "NSE": "C-", "VIVTOT": 18.0, "GRAPROES": 9.41, "_ent": "30", "_mun": "011", "_loc": "0001"}, "geometry": {"type": "Polygon", "coordinates": [[[-95.75717, 18.77309], [-95.75662, 18.77318], [-95.75655, 18.77279], [-95.75698, 18.77259], [-95.75717, 18.77309]]]}}, {"id": "2244008", "type": "Feature", "properties": {"id": "2244008", "CVEGEO": "3001100010185088", "POBTOT": 10.0, "score_nse": 0.0, "NSE": "ND", "VIVTOT": 9.0, "GRAPROES": 11.14, "_ent": "30", "_mun": "011", "_loc": "0001"}, "geometry": {"type": "Polygon", "coordinates": [[[-95.75809, 18.77616], [-95.75785, 18.77617], [-95.75765, 18.7753], [-95.75785, 18.77527], [-95.75809, 18.77616]]]}}, {"id": "2244009", "type": "Feature", "properties": {"id": "2244009", "CVEGEO": "3001100010310042", "POBTOT": 65.0, "score_nse": 32.9503, "NSE": "D+", "VIVTOT": 24.0, "GRAPROES": 5.43, "_ent": "30", "_mun": "011", "_loc": "0001"}, "geometry": {"type": "Polygon", "coordinates": [[[-95.77072, 18.77347], [-95.77044, 18.77361], [-95.77015, 18.77334], [-95.7704, 18.77324], [-95.77072, 18.77347]]]}}, {"id": "2244011", "type": "Feature", "properties": {"id": "2244011", "CVEGEO": "3001100010310027", "POBTOT": 3.0, "score_nse": 0.0, "NSE": "ND", "VIVTOT": 2.0, "GRAPROES": 0.0, "_ent": "30", "_mun": "011", "_loc": "0001"}, "geometry": {"type": "Polygon", "coordinates": [[[-95.76575, 18.7721], [-95.76554, 18.77211], [-95.76565, 18.77201], [-95.76575, 18.7721]]]}}, {"id": "2244012", "type": "Feature", "properties": {"id": "2244012", "CVEGEO": "3001100010310026", "POBTOT": 128.0, "score_nse": 0.0, "NSE": "ND", "VIVTOT": 53.0, "GRAPROES": 8.26, "_ent": "30", "_mun": "011", "_loc": "0001"}, "geometry": {"type": "Polygon", "coordinates": [[[-95.76514, 18.77228], [-95.76508, 18.77215], [-95.76535, 18.772], [-95.76565, 18.77224], [-95.76578, 18.77212], [-95.7662, 18.77251], [-95.76508, 18.77286], [-95.76495, 18.77226], [-95.76506, 18.77215], [-95.76514, 18.77228]]]}}, {"id": "2244013", "type": "Feature", "properties": {"id": "2244013", "CVEGEO": "3001100010306012", "POBTOT": 8.0, "score_nse": 0.0, "NSE": "ND", "VIVTOT": 4.0, "GRAPROES": 6.6, "_ent": "30", "_mun": "011", "_loc": "0001"}, "geometry": {"type": "Polygon", "coordinates": [[[-95.7738, 18.77582], [-95.77354, 18.77566], [-95.77368, 18.7756], [-95.7738, 18.77582]]]}}, {"id": "2244014", "type": "Feature", "properties": {"id": "2244014", "CVEGEO": "3001100010306005", "POBTOT": 17.0, "score_nse": 0.0, "NSE": "ND", "VIVTOT": 11.0, "GRAPROES": 8.75, "_ent": "30", "_mun": "011", "_loc": "0001"}, "geometry": {"type": "Polygon", "coordinates": [[[-95.77397, 18.77635], [-95.77369, 18.77592], [-95.77383, 18.77586], [-95.7741, 18.77628], [-95.77397, 18.77635]]]}}, {"id": "2244015", "type": "Feature", "properties": {"id": "2244015", "CVEGEO": "3001100010306004", "POBTOT": 72.0, "score_nse": 0.0, "NSE": "ND", "VIVTOT": 29.0, "GRAPROES": 9.02, "_ent": "30", "_mun": "011", "_loc": "0001"}, "geometry": {"type": "Polygon", "coordinates": [[[-95.77331, 18.77605], [-95.77323, 18.77584], [-95.77346, 18.77572], [-95.77391, 18.7764], [-95.77336, 18.77661], [-95.77306, 18.77601], [-95.7732, 18.77589], [-95.77331, 18.77605]]]}}, {"id": "2244016", "type": "Feature", "properties": {"id": "2244016", "CVEGEO": "3001100010306003", "POBTOT": 95.0, "score_nse": 42.0215, "NSE": "C-", "VIVTOT": 38.0, "GRAPROES": 8.32, "_ent": "30", "_mun": "011", "_loc": "0001"}, "geometry": {"type": "Polygon", "coordinates": [[[-95.77329, 18.77668], [-95.77287, 18.77708], [-95.77235, 18.77602], [-95.77251, 18.77593], [-95.77263, 18.77607], [-95.77253, 18.77592], [-95.77277, 18.77581], [-95.77329, 18.77668]]]}}, {"id": "2244017", "type": "Feature", "properties": {"id": "2244017", "CVEGEO": "3001100010236034", "POBTOT": 18.0, "score_nse": 0.0, "NSE": "ND", "VIVTOT": 10.0, "GRAPROES": 11.07, "_ent": "30", "_mun": "011", "_loc": "0001"}, "geometry": {"type": "Polygon", "coordinates": [[[-95.77107, 18.77866], [-95.77154, 18.77846], [-95.7719, 18.77847], [-95.77174, 18.77892], [-95.77107, 18.77866]]]}}, {"id": "2244018", "type": "Feature", "properties": {"id": "2244018", "CVEGEO": "3001100010217030", "POBTOT": 22.0, "score_nse": 0.0, "NSE": "ND", "VIVTOT": 15.0, "GRAPROES": 10.14, "_ent": "30", "_mun": "011", "_loc": "0001"}, "geometry": {"type": "Polygon", "coordinates": [[[-95.75801, 18.77172], [-95.75815, 18.77206], [-95.75842, 18.77268], [-95.75826, 18.77271], [-95.75817, 18.77252], [-95.75787, 18.77176], [-95.75801, 18.77172]]]}}, {"id": "2244019", "type": "Feature", "properties": {"id": "2244019", "CVEGEO": "3001100010217029", "POBTOT": 93.0, "score_nse": 51.4632, "NSE": "C-", "VIVTOT": 53.0, "GRAPROES": 10.49, "_ent": "30", "_mun": "011", "_loc": "0001"}, "geometry": {"type": "Polygon", "coordinates": [[[-95.75828, 18.77276], [-95.75841, 18.77272], [-95.7585, 18.77292], [-95.75849, 18.77274], [-95.7588, 18.77271], [-95.75913, 18.77396], [-95.75962, 18.77404], [-95.75977, 18.77462], [-95.75964, 18.77471], [-95.75912, 18.77412], [-95.75828, 18.77276]]]}}, {"id": "2244020", "type": "Feature", "properties": {"id": "2244020", "CVEGEO": "3001100010185060", "POBTOT": 8.0, "score_nse": 0.0, "NSE": "ND", "VIVTOT": 6.0, "GRAPROES": 9.86, "_ent": "30", "_mun": "011", "_loc": "0001"}, "geometry": {"type": "Polygon", "coordinates": [[[-95.75391, 18.77605], [-95.75388, 18.77648], [-95.75372, 18.77642], [-95.75376, 18.77603], [-95.75391, 18.77605]]]}}, {"id": "2244021", "type": "Feature", "properties": {"id": "2244021", "CVEGEO": "3001100010185059", "POBTOT": 9.0, "score_nse": 0.0, "NSE": "ND", "VIVTOT": 3.0, "GRAPROES": 9.25, "_ent": "30", "_mun": "011", "_loc": "0001"}, "geometry": {"type": "Polygon", "coordinates": [[[-95.7539, 18.77654], [-95.75386, 18.77692], [-95.75346, 18.77683], [-95.75371, 18.77645], [-95.7539, 18.77654]]]}}, {"id": "2244022", "type": "Feature", "properties": {"id": "2244022", "CVEGEO": "3001100010166027", "POBTOT": 0.0, "score_nse": 0.0, "NSE": "ND", "VIVTOT": 0.0, "GRAPROES": 0.0, "_ent": "30", "_mun": "011", "_loc": "0001"}, "geometry": {"type": "Polygon", "coordinates": [[[-95.75818, 18.7652], [-95.75867, 18.76539], [-95.75852, 18.76583], [-95.75801, 18.76562], [-95.75818, 18.7652]]]}}, {"id": "2244023", "type": "Feature", "properties": {"id": "2244023", "CVEGEO": "3001100010166010", "POBTOT": 46.0, "score_nse": 63.1135, "NSE": "C", "VIVTOT": 27.0, "GRAPROES": 12.3, "_ent": "30", "_mun": "011", "_loc": "0001"}, "geometry": {"type": "Polygon", "coordinates": [[[-95.75718, 18.76967], [-95.75695, 18.76834], [-95.75717, 18.76827], [-95.75748, 18.76962], [-95.75718, 18.76967]]]}}, {"id": "2244024", "type": "Feature", "properties": {"id": "2244024", "CVEGEO": "3001100010166001", "POBTOT": 24.0, "score_nse": 67.9006, "NSE": "C", "VIVTOT": 14.0, "GRAPROES": 13.77, "_ent": "30", "_mun": "011", "_loc": "0001"}, "geometry": {"type": "Polygon", "coordinates": [[[-95.75693, 18.76828], [-95.75688, 18.76739], [-95.75753, 18.76732], [-95.75768, 18.76798], [-95.75693, 18.76828]]]}}, {"id": "2244025", "type": "Feature", "properties": {"id": "2244025", "CVEGEO": "3001100010151050", "POBTOT": 20.0, "score_nse": 0.0, "NSE": "ND", "VIVTOT": 6.0, "GRAPROES": 11.06, "_ent": "30", "_mun": "011", "_loc": "0001"}, "geometry": {"type": "Polygon", "coordinates": [[[-95.76223, 18.76739], [-95.76242, 18.76763], [-95.76248, 18.76777], [-95.76231, 18.76781], [-95.76223, 18.76739]]]}}, {"id": "2244026", "type": "Feature", "properties": {"id": "2244026", "CVEGEO": "3001100010151049", "POBTOT": 0.0, "score_nse": 0.0, "NSE": "ND", "VIVTOT": 0.0, "GRAPROES": 0.0, "_ent": "30", "_mun": "011", "_loc": "0001"}, "geometry": {"type": "Polygon", "coordinates": [[[-95.76222, 18.76714], [-95.76227, 18.76736], [-95.76214, 18.76724], [-95.76222, 18.76714]]]}}, {"id": "2244027", "type": "Feature", "properties": {"id": "2244027", "CVEGEO": "3001100010151048", "POBTOT": 17.0, "score_nse": 0.0, "NSE": "ND", "VIVTOT": 5.0, "GRAPROES": 11.23, "_ent": "30", "_mun": "011", "_loc": "0001"}, "geometry": {"type": "Polygon", "coordinates": [[[-95.76212, 18.7672], [-95.76192, 18.76702], [-95.76193, 18.76686], [-95.76222, 18.76699], [-95.76212, 18.7672]]]}}, {"id": "2244034", "type": "Feature", "properties": {"id": "2244034", "CVEGEO": "3001100010236033", "POBTOT": 26.0, "score_nse": 67.7382, "NSE": "C", "VIVTOT": 11.0, "GRAPROES": 12.61, "_ent": "30", "_mun": "011", "_loc": "0001"}, "geometry": {"type": "Polygon", "coordinates": [[[-95.77135, 18.77784], [-95.77156, 18.7781], [-95.77179, 18.77833], [-95.77127, 18.77831], [-95.771, 18.778], [-95.77135, 18.77784]]]}}, {"id": "2244035", "type": "Feature", "properties": {"id": "2244035", "CVEGEO": "3001100010236032", "POBTOT": 19.0, "score_nse": 0.0, "NSE": "ND", "VIVTOT": 7.0, "GRAPROES": 11.83, "_ent": "30", "_mun": "011", "_loc": "0001"}, "geometry": {"type": "Polygon", "coordinates": [[[-95.77097, 18.77797], [-95.77076, 18.77775], [-95.77016, 18.77759], [-95.7702, 18.77731], [-95.77113, 18.77758], [-95.77132, 18.77781], [-95.77097, 18.77797]]]}}, {"id": "2244178", "type": "Feature", "properties": {"id": "2244178", "CVEGEO": "3001100010236006", "POBTOT": 46.0, "score_nse": 63.228, "NSE": "C", "VIVTOT": 21.0, "GRAPROES": 11.69, "_ent": "30", "_mun": "011", "_loc": "0001"}, "geometry": {"type": "Polygon", "coordinates": [[[-95.76988, 18.78056], [-95.76927, 18.78032], [-95.7693, 18.78], [-95.77001, 18.78028], [-95.76988, 18.78056]]]}}, {"id": "2244240", "type": "Feature", "properties": {"id": "2244240", "CVEGEO": "3001100010325027", "POBTOT": 24.0, "score_nse": 0.0, "NSE": "ND", "VIVTOT": 7.0, "GRAPROES": 10.0, "_ent": "30", "_mun": "011", "_loc": "0001"}, "geometry": {"type": "Polygon", "coordinates": [[[-95.77411, 18.78414], [-95.77467, 18.78426], [-95.77443, 18.7847], [-95.77386, 18.78444], [-95.77411, 18.78414]]]}}, {"id": "2244241", "type": "Feature", "properties": {"id": "2244241", "CVEGEO": "3001100010325021", "POBTOT": 28.0, "score_nse": 66.5068, "NSE": "C", "VIVTOT": 13.0, "GRAPROES": 13.76, "_ent": "30", "_mun": "011", "_loc": "0001"}, "geometry": {"type": "Polygon", "coordinates": [[[-95.77351, 18.78335], [-95.77367, 18.78303], [-95.77403, 18.78318], [-95.77417, 18.78345], [-95.77409, 18.78358], [-95.77351, 18.78335]]]}}, {"id": "2244242", "type": "Feature", "properties": {"id": "2244242", "CVEGEO": "3001100010325013", "POBTOT": 28.0, "score_nse": 63.8086, "NSE": "C", "VIVTOT": 14.0, "GRAPROES": 13.64, "_ent": "30", "_mun": "011", "_loc": "0001"}, "geometry": {"type": "Polygon", "coordinates": [[[-95.77237, 18.78336], [-95.77253, 18.78303], [-95.773, 18.78321], [-95.77282, 18.78357], [-95.77237, 18.78336]]]}}, {"id": "2244243", "type": "Feature", "properties": {"id": "2244243", "CVEGEO": "3001100010325023", "POBTOT": 35.0, "score_nse": 0.0, "NSE": "ND", "VIVTOT": 15.0, "GRAPROES": 9.79, "_ent": "30", "_mun": "011", "_loc": "0001"}, "geometry": {"type": "Polygon", "coordinates": [[[-95.77191, 18.78643], [-95.77132, 18.78656], [-95.77133, 18.78627], [-95.77183, 18.78614], [-95.77191, 18.78643]]]}}, {"id": "2244244", "type": "Feature", "properties": {"id": "2244244", "CVEGEO": "3001100010325009", "POBTOT": 29.0, "score_nse": 0.0, "NSE": "ND", "VIVTOT": 17.0, "GRAPROES": 9.68, "_ent": "30", "_mun": "011", "_loc": "0001"}, "geometry": {"type": "Polygon", "coordinates": [[[-95.77169, 18.78539], [-95.77235, 18.78525], [-95.77242, 18.7855], [-95.77177, 18.78566], [-95.77169, 18.78539]]]}}, {"id": "2244245", "type": "Feature", "properties": {"id": "2244245", "CVEGEO": "3001100010325018", "POBTOT": 37.0, "score_nse": 0.0, "NSE": "ND", "VIVTOT": 18.0, "GRAPROES": 10.22, "_ent": "30", "_mun": "011", "_loc": "0001"}, "geometry": {"type": "Polygon", "coordinates": [[[-95.77127, 18.78591], [-95.77124, 18.78623], [-95.77049, 18.78594], [-95.77061, 18.78566], [-95.77127, 18.78591]]]}}, {"id": "2244246", "type": "Feature", "properties": {"id": "2244246", "CVEGEO": "3001100010325028", "POBTOT": 9.0, "score_nse": 0.0, "NSE": "ND", "VIVTOT": 2.0, "GRAPROES": 0.0, "_ent": "30", "_mun": "011", "_loc": "0001"}, "geometry": {"type": "Polygon", "coordinates": [[[-95.77478, 18.78504], [-95.77443, 18.78517], [-95.77426, 18.78478], [-95.77478, 18.78504]]]}}, {"id": "2244247", "type": "Feature", "properties": {"id": "2244247", "CVEGEO": "3001100010325032", "POBTOT": 0.0, "score_nse": 0.0, "NSE": "ND", "VIVTOT": 0.0, "GRAPROES": 0.0, "_ent": "30", "_mun": "011", "_loc": "0001"}, "geometry": {"type": "Polygon", "coordinates": [[[-95.76931, 18.78565], [-95.76907, 18.78618], [-95.7688, 18.78609], [-95.76906, 18.78557], [-95.76931, 18.78565]]]}}, {"id": "2244248", "type": "Feature", "properties": {"id": "2244248", "CVEGEO": "3001100010325033", "POBTOT": 0.0, "score_nse": 0.0, "NSE": "ND", "VIVTOT": 0.0, "GRAPROES": 0.0, "_ent": "30", "_mun": "011", "_loc": "0001"}, "geometry": {"type": "Polygon", "coordinates": [[[-95.76914, 18.78529], [-95.76877, 18.78607], [-95.76854, 18.786], [-95.76891, 18.7852], [-95.76914, 18.78529]]]}}, {"id": "2244249", "type": "Feature", "properties": {"id": "2244249", "CVEGEO": "3001100010325025", "POBTOT": 33.0, "score_nse": 50.9138, "NSE": "C-", "VIVTOT": 27.0, "GRAPROES": 11.54, "_ent": "30", "_mun": "011", "_loc": "0001"}, "geometry": {"type": "Polygon", "coordinates": [[[-95.7737, 18.78232], [-95.77427, 18.78214], [-95.77462, 18.78297], [-95.77445, 18.78306], [-95.77467, 18.78349], [-95.77434, 18.78416], [-95.77397, 18.78403], [-95.77423, 18.78344], [-95.7737, 18.78232]]]}}, {"id": "2244250", "type": "Feature", "properties": {"id": "2244250", "CVEGEO": "3001100010325037", "POBTOT": 8.0, "score_nse": 0.0, "NSE": "ND", "VIVTOT": 3.0, "GRAPROES": 0.0, "_ent": "30", "_mun": "011", "_loc": "0001"}, "geometry": {"type": "Polygon", "coordinates": [[[-95.7729, 18.78193], [-95.77333, 18.78182], [-95.77401, 18.78305], [-95.77342, 18.78282], [-95.7729, 18.78193]]]}}, {"id": "2244251", "type": "Feature", "properties": {"id": "2244251", "CVEGEO": "3001100010325036", "POBTOT": 26.0, "score_nse": 69.7573, "NSE": "C", "VIVTOT": 12.0, "GRAPROES": 13.29, "_ent": "30", "_mun": "011", "_loc": "0001"}, "geometry": {"type": "Polygon", "coordinates": [[[-95.77329, 18.78275], [-95.77268, 18.78254], [-95.77246, 18.78215], [-95.77285, 18.78193], [-95.77329, 18.78275]]]}}, {"id": "2244252", "type": "Feature", "properties": {"id": "2244252", "CVEGEO": "3001100010325008", "POBTOT": 12.0, "score_nse": 44.515, "NSE": "C-", "VIVTOT": 8.0, "GRAPROES": 9.55, "_ent": "30", "_mun": "011", "_loc": "0001"}, "geometry": {"type": "Polygon", "coordinates": [[[-95.7733, 18.7846], [-95.77334, 18.78449], [-95.77257, 18.78436], [-95.77272, 18.78406], [-95.77362, 18.7844], [-95.77347, 18.78463], [-95.7733, 18.7846]]]}}, {"id": "2244253", "type": "Feature", "properties": {"id": "2244253", "CVEGEO": "3001100010325029", "POBTOT": 4.0, "score_nse": 0.0, "NSE": "ND", "VIVTOT": 1.0, "GRAPROES": 0.0, "_ent": "30", "_mun": "011", "_loc": "0001"}, "geometry": {"type": "Polygon", "coordinates": [[[-95.77465, 18.78584], [-95.77433, 18.78597], [-95.77378, 18.78466], [-95.77387, 18.78459], [-95.77416, 18.78476], [-95.77465, 18.78584]]]}}, {"id": "2244254", "type": "Feature", "properties": {"id": "2244254", "CVEGEO": "3001100010325034", "POBTOT": 0.0, "score_nse": 10.0, "NSE": "E", "VIVTOT": 1.0, "GRAPROES": 0.0, "_ent": "30", "_mun": "011", "_loc": "0001"}, "geometry": {"type": "Polygon", "coordinates": [[[-95.77134, 18.78091], [-95.77097, 18.78076], [-95.77127, 18.7801], [-95.77152, 18.78025], [-95.77134, 18.78091]]]}}, {"id": "2244255", "type": "Feature", "properties": {"id": "2244255", "CVEGEO": "3001100010325035", "POBTOT": 19.0, "score_nse": 0.0, "NSE": "ND", "VIVTOT": 10.0, "GRAPROES": 14.07, "_ent": "30", "_mun": "011", "_loc": "0001"}, "geometry": {"type": "Polygon", "coordinates": [[[-95.77184, 18.78111], [-95.77139, 18.78093], [-95.77157, 18.7805], [-95.77187, 18.78058], [-95.77184, 18.78111]]]}}, {"id": "2244256", "type": "Feature", "properties": {"id": "2244256", "CVEGEO": "3001100010306040", "POBTOT": 137.0, "score_nse": 56.4229, "NSE": "C", "VIVTOT": 42.0, "GRAPROES": 8.38, "_ent": "30", "_mun": "011", "_loc": "0001"}, "geometry": {"type": "Polygon", "coordinates": [[[-95.77779, 18.77871], [-95.77781, 18.78017], [-95.77558, 18.77997], [-95.77459, 18.77951], [-95.77448, 18.77923], [-95.77404, 18.77889], [-95.77388, 18.77842], [-95.77519, 18.77891], [-95.77779, 18.77871]]]}}, {"id": "2244257", "type": "Feature", "properties": {"id": "2244257", "CVEGEO": "3001100010306027", "POBTOT": 10.0, "score_nse": 44.01, "NSE": "C-", "VIVTOT": 4.0, "GRAPROES": 9.13, "_ent": "30", "_mun": "011", "_loc": "0001"}, "geometry": {"type": "Polygon", "coordinates": [[[-95.77783, 18.77871], [-95.77967, 18.77864], [-95.78029, 18.78063], [-95.77784, 18.78017], [-95.77783, 18.77871]]]}}, {"id": "2244258", "type": "Feature", "properties": {"id": "2244258", "CVEGEO": "3001100010185037", "POBTOT": 118.0, "score_nse": 59.2362, "NSE": "C", "VIVTOT": 44.0, "GRAPROES": 10.24, "_ent": "30", "_mun": "011", "_loc": "0001"}, "geometry": {"type": "Polygon", "coordinates": [[[-95.75447, 18.78071], [-95.75338, 18.78083], [-95.75346, 18.78312], [-95.75327, 18.78387], [-95.75222, 18.78354], [-95.75248, 18.7829], [-95.75294, 18.78342], [-95.75249, 18.78287], [-95.75293, 18.78068], [-95.7533, 18.78053], [-95.75349, 18.78006], [-95.75383, 18.78004], [-95.75462, 18.78023], [-95.75494, 18.78087], [-95.75455, 18.78092], [-95.75447, 18.78071]]]}}, {"id": "2244259", "type": "Feature", "properties": {"id": "2244259", "CVEGEO": "3001100010185091", "POBTOT": 0.0, "score_nse": 0.0, "NSE": "ND", "VIVTOT": 0.0, "GRAPROES": 0.0, "_ent": "30", "_mun": "011", "_loc": "0001"}, "geometry": {"type": "Polygon", "coordinates": [[[-95.7525, 18.78249], [-95.7522, 18.7833], [-95.75192, 18.78353], [-95.75211, 18.78245], [-95.7525, 18.78249]]]}}, {"id": "2244260", "type": "Feature", "properties": {"id": "2244260", "CVEGEO": "3001100010185092", "POBTOT": 22.0, "score_nse": 51.6, "NSE": "C-", "VIVTOT": 10.0, "GRAPROES": 9.19, "_ent": "30", "_mun": "011", "_loc": "0001"}, "geometry": {"type": "Polygon", "coordinates": [[[-95.75247, 18.78129], [-95.75266, 18.78066], [-95.7528, 18.78069], [-95.75267, 18.78132], [-95.75247, 18.78129]]]}}, {"id": "2244261", "type": "Feature", "properties": {"id": "2244261", "CVEGEO": "3001100010325001", "POBTOT": 36.0, "score_nse": 0.0, "NSE": "ND", "VIVTOT": 15.0, "GRAPROES": 10.78, "_ent": "30", "_mun": "011", "_loc": "0001"}, "geometry": {"type": "Polygon", "coordinates": [[[-95.77233, 18.78454], [-95.7717, 18.78449], [-95.77185, 18.78411], [-95.7725, 18.78437], [-95.77233, 18.78454]]]}}, {"id": "2244262", "type": "Feature", "properties": {"id": "2244262", "CVEGEO": "3001100010325014", "POBTOT": 40.0, "score_nse": 86.5194, "NSE": "A/B", "VIVTOT": 14.0, "GRAPROES": 13.34, "_ent": "30", "_mun": "011", "_loc": "0001"}, "geometry": {"type": "Polygon", "coordinates": [[[-95.77287, 18.78357], [-95.77303, 18.78325], [-95.77346, 18.78342], [-95.77329, 18.78375], [-95.77287, 18.78357]]]}}, {"id": "2244263", "type": "Feature", "properties": {"id": "2244263", "CVEGEO": "3001100010325022", "POBTOT": 52.0, "score_nse": 69.1074, "NSE": "C", "VIVTOT": 14.0, "GRAPROES": 10.26, "_ent": "30", "_mun": "011", "_loc": "0001"}, "geometry": {"type": "Polygon", "coordinates": [[[-95.77242, 18.78631], [-95.77195, 18.78641], [-95.77189, 18.78613], [-95.77241, 18.78601], [-95.77242, 18.78631]]]}}, {"id": "2244264", "type": "Feature", "properties": {"id": "2244264", "CVEGEO": "3001100010325004", "POBTOT": 53.0, "score_nse": 60.136, "NSE": "C", "VIVTOT": 20.0, "GRAPROES": 10.38, "_ent": "30", "_mun": "011", "_loc": "0001"}, "geometry": {"type": "Polygon", "coordinates": [[[-95.77225, 18.78485], [-95.77233, 18.78515], [-95.77167, 18.78531], [-95.77161, 18.78501], [-95.77225, 18.78485]]]}}, {"id": "2244265", "type": "Feature", "properties": {"id": "2244265", "CVEGEO": "3001100010185038", "POBTOT": 0.0, "score_nse": 10.0, "NSE": "E", "VIVTOT": 1.0, "GRAPROES": 0.0, "_ent": "30", "_mun": "011", "_loc": "0001"}, "geometry": {"type": "Polygon", "coordinates": [[[-95.75255, 18.7821], [-95.7525, 18.78244], [-95.75223, 18.7824], [-95.75228, 18.78208], [-95.75255, 18.7821]]]}}, {"id": "2244266", "type": "Feature", "properties": {"id": "2244266", "CVEGEO": "3001100010325019", "POBTOT": 32.0, "score_nse": 0.0, "NSE": "ND", "VIVTOT": 13.0, "GRAPROES": 13.62, "_ent": "30", "_mun": "011", "_loc": "0001"}, "geometry": {"type": "Polygon", "coordinates": [[[-95.77256, 18.78294], [-95.77272, 18.78265], [-95.77317, 18.78283], [-95.77304, 18.78313], [-95.77256, 18.78294]]]}}, {"id": "2244267", "type": "Feature", "properties": {"id": "2244267", "CVEGEO": "3001100010325020", "POBTOT": 33.0, "score_nse": 64.3177, "NSE": "C", "VIVTOT": 14.0, "GRAPROES": 13.0, "_ent": "30", "_mun": "011", "_loc": "0001"}, "geometry": {"type": "Polygon", "coordinates": [[[-95.77308, 18.78315], [-95.77322, 18.78285], [-95.77364, 18.783], [-95.77348, 18.78332], [-95.77308, 18.78315]]]}}, {"id": "2244268", "type": "Feature", "properties": {"id": "2244268", "CVEGEO": "3001100010325015", "POBTOT": 41.0, "score_nse": 74.0044, "NSE": "C+", "VIVTOT": 18.0, "GRAPROES": 13.91, "_ent": "30", "_mun": "011", "_loc": "0001"}, "geometry": {"type": "Polygon", "coordinates": [[[-95.77333, 18.78376], [-95.77348, 18.78343], [-95.77404, 18.78366], [-95.7739, 18.78399], [-95.77333, 18.78376]]]}}, {"id": "2244269", "type": "Feature", "properties": {"id": "2244269", "CVEGEO": "3001100010325010", "POBTOT": 12.0, "score_nse": 0.0, "NSE": "ND", "VIVTOT": 6.0, "GRAPROES": 10.22, "_ent": "30", "_mun": "011", "_loc": "0001"}, "geometry": {"type": "Polygon", "coordinates": [[[-95.77169, 18.7857], [-95.77137, 18.78577], [-95.7714, 18.78546], [-95.77161, 18.78541], [-95.77169, 18.7857]]]}}, {"id": "2244270", "type": "Feature", "properties": {"id": "2244270", "CVEGEO": "3001100010325005", "POBTOT": 10.0, "score_nse": 0.0, "NSE": "ND", "VIVTOT": 4.0, "GRAPROES": 13.71, "_ent": "30", "_mun": "011", "_loc": "0001"}, "geometry": {"type": "Polygon", "coordinates": [[[-95.77151, 18.78495], [-95.7716, 18.78533], [-95.7714, 18.78538], [-95.77141, 18.78508], [-95.77151, 18.78495]]]}}, {"id": "2244271", "type": "Feature", "properties": {"id": "2244271", "CVEGEO": "3001100010185041", "POBTOT": 9.0, "score_nse": 0.0, "NSE": "ND", "VIVTOT": 8.0, "GRAPROES": 6.75, "_ent": "30", "_mun": "011", "_loc": "0001"}, "geometry": {"type": "Polygon", "coordinates": [[[-95.75229, 18.78205], [-95.75246, 18.7813], [-95.75266, 18.78134], [-95.75255, 18.78207], [-95.75229, 18.78205]]]}}, {"id": "2244272", "type": "Feature", "properties": {"id": "2244272", "CVEGEO": "3001100010325003", "POBTOT": 41.0, "score_nse": 59.6112, "NSE": "C", "VIVTOT": 19.0, "GRAPROES": 11.76, "_ent": "30", "_mun": "011", "_loc": "0001"}, "geometry": {"type": "Polygon", "coordinates": [[[-95.77202, 18.78375], [-95.77266, 18.78402], [-95.77251, 18.7843], [-95.77188, 18.78405], [-95.77202, 18.78375]]]}}, {"id": "2244273", "type": "Feature", "properties": {"id": "2244273", "CVEGEO": "3001100010325017", "POBTOT": 34.0, "score_nse": 78.9585, "NSE": "C+", "VIVTOT": 11.0, "GRAPROES": 11.87, "_ent": "30", "_mun": "011", "_loc": "0001"}, "geometry": {"type": "Polygon", "coordinates": [[[-95.7718, 18.78607], [-95.77135, 18.78616], [-95.77136, 18.78587], [-95.77172, 18.78576], [-95.7718, 18.78607]]]}}, {"id": "2244274", "type": "Feature", "properties": {"id": "2244274", "CVEGEO": "3001100010325016", "POBTOT": 22.0, "score_nse": 55.9877, "NSE": "C", "VIVTOT": 13.0, "GRAPROES": 11.39, "_ent": "30", "_mun": "011", "_loc": "0001"}, "geometry": {"type": "Polygon", "coordinates": [[[-95.77179, 18.78576], [-95.77241, 18.78561], [-95.77239, 18.78592], [-95.77187, 18.78605], [-95.77179, 18.78576]]]}}, {"id": "2244275", "type": "Feature", "properties": {"id": "2244275", "CVEGEO": "3001100010325007", "POBTOT": 106.0, "score_nse": 65.6763, "NSE": "C", "VIVTOT": 47.0, "GRAPROES": 12.18, "_ent": "30", "_mun": "011", "_loc": "0001"}, "geometry": {"type": "Polygon", "coordinates": [[[-95.77397, 18.78412], [-95.77381, 18.78439], [-95.77207, 18.78367], [-95.77219, 18.78339], [-95.77397, 18.78412]]]}}, {"id": "2244276", "type": "Feature", "properties": {"id": "2244276", "CVEGEO": "3001100010306009", "POBTOT": 126.0, "score_nse": 42.4616, "NSE": "C-", "VIVTOT": 61.0, "GRAPROES": 7.84, "_ent": "30", "_mun": "011", "_loc": "0001"}, "geometry": {"type": "Polygon", "coordinates": [[[-95.77446, 18.77941], [-95.77268, 18.77797], [-95.77279, 18.77782], [-95.77267, 18.77796], [-95.77234, 18.77773], [-95.77283, 18.77721], [-95.77379, 18.77835], [-95.77398, 18.77894], [-95.77446, 18.77941]]]}}, {"id": "2244277", "type": "Feature", "properties": {"id": "2244277", "CVEGEO": "3001100010151038", "POBTOT": 237.0, "score_nse": 48.909, "NSE": "C-", "VIVTOT": 98.0, "GRAPROES": 8.38, "_ent": "30", "_mun": "011", "_loc": "0001"}, "geometry": {"type": "Polygon", "coordinates": [[[-95.76415, 18.77015], [-95.76375, 18.77043], [-95.76363, 18.77015], [-95.76371, 18.77043], [-95.76351, 18.77047], [-95.76344, 18.77028], [-95.76345, 18.77049], [-95.76309, 18.77056], [-95.76268, 18.76968], [-95.76318, 18.76932], [-95.76356, 18.76967], [-95.76338, 18.76987], [-95.7636, 18.7697], [-95.76415, 18.77015]]]}}, {"id": "2244280", "type": "Feature", "properties": {"id": "2244280", "CVEGEO": "3001100010310006", "POBTOT": 6.0, "score_nse": 0.0, "NSE": "ND", "VIVTOT": 3.0, "GRAPROES": 5.2, "_ent": "30", "_mun": "011", "_loc": "0001"}, "geometry": {"type": "Polygon", "coordinates": [[[-95.76765, 18.77407], [-95.76764, 18.77387], [-95.76784, 18.77385], [-95.76783, 18.77407], [-95.76765, 18.77407]]]}}, {"id": "2244281", "type": "Feature", "properties": {"id": "2244281", "CVEGEO": "3001100010310020", "POBTOT": 51.0, "score_nse": 0.0, "NSE": "ND", "VIVTOT": 19.0, "GRAPROES": 6.85, "_ent": "30", "_mun": "011", "_loc": "0001"}, "geometry": {"type": "Polygon", "coordinates": [[[-95.77064, 18.77154], [-95.77071, 18.77183], [-95.77016, 18.77155], [-95.77045, 18.77097], [-95.77072, 18.77078], [-95.77101, 18.77137], [-95.77097, 18.77152], [-95.77064, 18.77154]]]}}, {"id": "2244282", "type": "Feature", "properties": {"id": "2244282", "CVEGEO": "3001100010310028", "POBTOT": 51.0, "score_nse": 0.0, "NSE": "ND", "VIVTOT": 23.0, "GRAPROES": 5.1, "_ent": "30", "_mun": "011", "_loc": "0001"}, "geometry": {"type": "Polygon", "coordinates": [[[-95.77082, 18.77308], [-95.77088, 18.77297], [-95.77064, 18.773], [-95.77077, 18.77263], [-95.77124, 18.77262], [-95.77114, 18.77295], [-95.77082, 18.77308]]]}}, {"id": "2244283", "type": "Feature", "properties": {"id": "2244283", "CVEGEO": "3001100010310045", "POBTOT": 12.0, "score_nse": 0.0, "NSE": "ND", "VIVTOT": 4.0, "GRAPROES": 5.89, "_ent": "30", "_mun": "011", "_loc": "0001"}, "geometry": {"type": "Polygon", "coordinates": [[[-95.77107, 18.7718], [-95.77076, 18.77182], [-95.77074, 18.77171], [-95.77098, 18.77169], [-95.77107, 18.7718]]]}}, {"id": "2244284", "type": "Feature", "properties": {"id": "2244284", "CVEGEO": "3001100010325030", "POBTOT": 0.0, "score_nse": 10.0, "NSE": "E", "VIVTOT": 3.0, "GRAPROES": 0.0, "_ent": "30", "_mun": "011", "_loc": "0001"}, "geometry": {"type": "Polygon", "coordinates": [[[-95.77061, 18.78554], [-95.77035, 18.78614], [-95.76981, 18.78644], [-95.77024, 18.78541], [-95.77061, 18.78554]]]}}, {"id": "2244285", "type": "Feature", "properties": {"id": "2244285", "CVEGEO": "3001100010325031", "POBTOT": 0.0, "score_nse": 0.0, "NSE": "ND", "VIVTOT": 0.0, "GRAPROES": 0.0, "_ent": "30", "_mun": "011", "_loc": "0001"}, "geometry": {"type": "Polygon", "coordinates": [[[-95.76986, 18.78529], [-95.76968, 18.78573], [-95.76936, 18.78562], [-95.76955, 18.78517], [-95.76986, 18.78529]]]}}, {"id": "2244302", "type": "Feature", "properties": {"id": "2244302", "CVEGEO": "3001100010325040", "POBTOT": 1.0, "score_nse": 0.0, "NSE": "ND", "VIVTOT": 1.0, "GRAPROES": 0.0, "_ent": "30", "_mun": "011", "_loc": "0001"}, "geometry": {"type": "Polygon", "coordinates": [[[-95.76966, 18.78578], [-95.76945, 18.78632], [-95.76912, 18.7862], [-95.76934, 18.78567], [-95.76966, 18.78578]]]}}, {"id": "2244303", "type": "Feature", "properties": {"id": "2244303", "CVEGEO": "3001100010325041", "POBTOT": 41.0, "score_nse": 61.268, "NSE": "C", "VIVTOT": 16.0, "GRAPROES": 10.63, "_ent": "30", "_mun": "011", "_loc": "0001"}, "geometry": {"type": "Polygon", "coordinates": [[[-95.77172, 18.78418], [-95.77142, 18.78406], [-95.77181, 18.78322], [-95.77212, 18.78334], [-95.77172, 18.78418]]]}}, {"id": "2244304", "type": "Feature", "properties": {"id": "2244304", "CVEGEO": "3001100010325042", "POBTOT": 3.0, "score_nse": 0.0, "NSE": "ND", "VIVTOT": 2.0, "GRAPROES": 0.0, "_ent": "30", "_mun": "011", "_loc": "0001"}, "geometry": {"type": "Polygon", "coordinates": [[[-95.77148, 18.78309], [-95.77176, 18.7832], [-95.77159, 18.78356], [-95.77132, 18.78345], [-95.77148, 18.78309]]]}}, {"id": "2244305", "type": "Feature", "properties": {"id": "2244305", "CVEGEO": "3001100010325002", "POBTOT": 86.0, "score_nse": 51.3076, "NSE": "C-", "VIVTOT": 45.0, "GRAPROES": 9.19, "_ent": "30", "_mun": "011", "_loc": "0001"}, "geometry": {"type": "Polygon", "coordinates": [[[-95.77136, 18.78411], [-95.77169, 18.78426], [-95.77134, 18.78503], [-95.77107, 18.785], [-95.77133, 18.7851], [-95.77131, 18.78542], [-95.77093, 18.78535], [-95.77129, 18.78549], [-95.77128, 18.78584], [-95.77064, 18.78562], [-95.77085, 18.78497], [-95.77062, 18.78549], [-95.77032, 18.78538], [-95.77034, 18.78526], [-95.77026, 18.78536], [-95.76953, 18.7851], [-95.76931, 18.78562], [-95.76909, 18.78554], [-95.76921, 18.78526], [-95.76894, 18.78516], [-95.77012, 18.78254], [-95.77112, 18.78294], [-95.77101, 18.78322], [-95.77117, 18.78296], [-95.77143, 18.78307], [-95.77125, 18.78346], [-95.77157, 18.7836], [-95.77136, 18.78411]]]}}, {"id": "2244306", "type": "Feature", "properties": {"id": "2244306", "CVEGEO": "3001100010325043", "POBTOT": 0.0, "score_nse": 0.0, "NSE": "ND", "VIVTOT": 0.0, "GRAPROES": 0.0, "_ent": "30", "_mun": "011", "_loc": "0001"}, "geometry": {"type": "Polygon", "coordinates": [[[-95.77518, 18.78525], [-95.77457, 18.78549], [-95.77446, 18.78523], [-95.77485, 18.78507], [-95.77518, 18.78525]]]}}, {"id": "2244307", "type": "Feature", "properties": {"id": "2244307", "CVEGEO": "3001100010325044", "POBTOT": 0.0, "score_nse": 10.0, "NSE": "E", "VIVTOT": 1.0, "GRAPROES": 0.0, "_ent": "30", "_mun": "011", "_loc": "0001"}, "geometry": {"type": "Polygon", "coordinates": [[[-95.77585, 18.78557], [-95.77473, 18.78581], [-95.7746, 18.78556], [-95.77526, 18.78528], [-95.77585, 18.78557]]]}}, {"id": "2244308", "type": "Feature", "properties": {"id": "2244308", "CVEGEO": "3001100010325038", "POBTOT": 0.0, "score_nse": 0.0, "NSE": "ND", "VIVTOT": 0.0, "GRAPROES": 0.0, "_ent": "30", "_mun": "011", "_loc": "0001"}, "geometry": {"type": "Polygon", "coordinates": [[[-95.76973, 18.78574], [-95.76991, 18.78529], [-95.77018, 18.78539], [-95.77, 18.78583], [-95.76973, 18.78574]]]}}, {"id": "2244309", "type": "Feature", "properties": {"id": "2244309", "CVEGEO": "3001100010325039", "POBTOT": 0.0, "score_nse": 0.0, "NSE": "ND", "VIVTOT": 0.0, "GRAPROES": 0.0, "_ent": "30", "_mun": "011", "_loc": "0001"}, "geometry": {"type": "Polygon", "coordinates": [[[-95.76975, 18.78642], [-95.7695, 18.78633], [-95.76971, 18.78579], [-95.76998, 18.78588], [-95.76975, 18.78642]]]}}, {"id": "2244310", "type": "Feature", "properties": {"id": "2244310", "CVEGEO": "3001100010185089", "POBTOT": 0.0, "score_nse": 10.0, "NSE": "E", "VIVTOT": 4.0, "GRAPROES": 0.0, "_ent": "30", "_mun": "011", "_loc": "0001"}, "geometry": {"type": "Polygon", "coordinates": [[[-95.75281, 18.78065], [-95.75259, 18.78035], [-95.75282, 18.78037], [-95.75281, 18.78065]]]}}, {"id": "2244311", "type": "Feature", "properties": {"id": "2244311", "CVEGEO": "3001100010185007", "POBTOT": 9.0, "score_nse": 0.0, "NSE": "ND", "VIVTOT": 4.0, "GRAPROES": 7.33, "_ent": "30", "_mun": "011", "_loc": "0001"}, "geometry": {"type": "Polygon", "coordinates": [[[-95.75262, 18.7803], [-95.75266, 18.78002], [-95.75284, 18.78004], [-95.7528, 18.78031], [-95.75262, 18.7803]]]}}, {"id": "2244312", "type": "Feature", "properties": {"id": "2244312", "CVEGEO": "3001100010306021", "POBTOT": 223.0, "score_nse": 40.005, "NSE": "D+", "VIVTOT": 84.0, "GRAPROES": 6.7, "_ent": "30", "_mun": "011", "_loc": "0001"}, "geometry": {"type": "Polygon", "coordinates": [[[-95.77278, 18.77494], [-95.77251, 18.77493], [-95.77279, 18.7751], [-95.77248, 18.77537], [-95.77147, 18.7743], [-95.77071, 18.77402], [-95.77088, 18.7739], [-95.77082, 18.77379], [-95.77105, 18.77353], [-95.77166, 18.77408], [-95.77187, 18.7739], [-95.77215, 18.77472], [-95.77292, 18.77497], [-95.77281, 18.77508], [-95.77278, 18.77494]]]}}, {"id": "2244313", "type": "Feature", "properties": {"id": "2244313", "CVEGEO": "3001100010306041", "POBTOT": 66.0, "score_nse": 0.0, "NSE": "ND", "VIVTOT": 19.0, "GRAPROES": 6.51, "_ent": "30", "_mun": "011", "_loc": "0001"}, "geometry": {"type": "Polygon", "coordinates": [[[-95.77163, 18.77401], [-95.77168, 18.77387], [-95.77155, 18.77395], [-95.7714, 18.7738], [-95.77163, 18.77361], [-95.77164, 18.77375], [-95.77187, 18.77372], [-95.77163, 18.77401]]]}}, {"id": "2244314", "type": "Feature", "properties": {"id": "2244314", "CVEGEO": "3001100010310010", "POBTOT": 162.0, "score_nse": 49.5365, "NSE": "C-", "VIVTOT": 62.0, "GRAPROES": 8.36, "_ent": "30", "_mun": "011", "_loc": "0001"}, "geometry": {"type": "Polygon", "coordinates": [[[-95.76713, 18.77404], [-95.76673, 18.77445], [-95.76668, 18.7735], [-95.76642, 18.77309], [-95.76674, 18.77278], [-95.767, 18.77304], [-95.76691, 18.77325], [-95.76703, 18.77308], [-95.76709, 18.77324], [-95.76694, 18.77353], [-95.76713, 18.77342], [-95.76712, 18.77398], [-95.7669, 18.77407], [-95.76713, 18.77404]]]}}, {"id": "2244315", "type": "Feature", "properties": {"id": "2244315", "CVEGEO": "3001100010310035", "POBTOT": 162.0, "score_nse": 46.6262, "NSE": "C-", "VIVTOT": 61.0, "GRAPROES": 8.13, "_ent": "30", "_mun": "011", "_loc": "0001"}, "geometry": {"type": "Polygon", "coordinates": [[[-95.76912, 18.77465], [-95.76918, 18.77437], [-95.76949, 18.77443], [-95.7695, 18.77465], [-95.76955, 18.77443], [-95.77041, 18.77456], [-95.7712, 18.77496], [-95.77168, 18.77544], [-95.77186, 18.77535], [-95.77283, 18.77713], [-95.77225, 18.77768], [-95.76859, 18.775], [-95.76849, 18.7743], [-95.76884, 18.77432], [-95.76883, 18.77461], [-95.7689, 18.77433], [-95.76912, 18.77437], [-95.76912, 18.77465]]]}}, {"id": "2244316", "type": "Feature", "properties": {"id": "2244316", "CVEGEO": "3001100010310047", "POBTOT": 14.0, "score_nse": 0.0, "NSE": "ND", "VIVTOT": 7.0, "GRAPROES": 8.91, "_ent": "30", "_mun": "011", "_loc": "0001"}, "geometry": {"type": "Polygon", "coordinates": [[[-95.76789, 18.77386], [-95.7681, 18.7739], [-95.76804, 18.77407], [-95.76788, 18.77407], [-95.76789, 18.77386]]]}}, {"id": "2244317", "type": "Feature", "properties": {"id": "2244317", "CVEGEO": "3001100010310048", "POBTOT": 3.0, "score_nse": 0.0, "NSE": "ND", "VIVTOT": 1.0, "GRAPROES": 0.0, "_ent": "30", "_mun": "011", "_loc": "0001"}, "geometry": {"type": "Polygon", "coordinates": [[[-95.7707, 18.77289], [-95.77062, 18.77294], [-95.77065, 18.77283], [-95.7707, 18.77289]]]}}, {"id": "2244318", "type": "Feature", "properties": {"id": "2244318", "CVEGEO": "3001100010310049", "POBTOT": 4.0, "score_nse": 0.0, "NSE": "ND", "VIVTOT": 1.0, "GRAPROES": 0.0, "_ent": "30", "_mun": "011", "_loc": "0001"}, "geometry": {"type": "Polygon", "coordinates": [[[-95.77096, 18.77158], [-95.77073, 18.77166], [-95.77072, 18.77159], [-95.77096, 18.77158]]]}}, {"id": "2244416", "type": "Feature", "properties": {"id": "2244416", "CVEGEO": "3001100010147045", "POBTOT": 9.0, "score_nse": 0.0, "NSE": "ND", "VIVTOT": 2.0, "GRAPROES": 0.0, "_ent": "30", "_mun": "011", "_loc": "0001"}, "geometry": {"type": "Polygon", "coordinates": [[[-95.76332, 18.7693], [-95.7632, 18.76914], [-95.76324, 18.76913], [-95.76332, 18.7693]]]}}, {"id": "2244417", "type": "Feature", "properties": {"id": "2244417", "CVEGEO": "3001100010147035", "POBTOT": 19.0, "score_nse": 0.0, "NSE": "ND", "VIVTOT": 8.0, "GRAPROES": 7.0, "_ent": "30", "_mun": "011", "_loc": "0001"}, "geometry": {"type": "Polygon", "coordinates": [[[-95.76322, 18.76908], [-95.76305, 18.76884], [-95.76311, 18.76882], [-95.76322, 18.76908]]]}}, {"id": "2244422", "type": "Feature", "properties": {"id": "2244422", "CVEGEO": "3001100010363002", "POBTOT": 28.0, "score_nse": 0.0, "NSE": "ND", "VIVTOT": 16.0, "GRAPROES": 6.27, "_ent": "30", "_mun": "011", "_loc": "0001"}, "geometry": {"type": "Polygon", "coordinates": [[[-95.75936, 18.77857], [-95.75925, 18.77778], [-95.75921, 18.778], [-95.75905, 18.77801], [-95.759, 18.77765], [-95.75939, 18.7776], [-95.75954, 18.77856], [-95.75936, 18.77857]]]}}, {"id": "2244423", "type": "Feature", "properties": {"id": "2244423", "CVEGEO": "3001100010325012", "POBTOT": 33.0, "score_nse": 62.8, "NSE": "C", "VIVTOT": 16.0, "GRAPROES": 11.25, "_ent": "30", "_mun": "011", "_loc": "0001"}, "geometry": {"type": "Polygon", "coordinates": [[[-95.77189, 18.78114], [-95.77266, 18.78259], [-95.7723, 18.78333], [-95.77112, 18.78285], [-95.77121, 18.78266], [-95.77171, 18.78279], [-95.7703, 18.78224], [-95.77094, 18.78081], [-95.77189, 18.78114]]]}}, {"id": "2244429", "type": "Feature", "properties": {"id": "2244429", "CVEGEO": "3001100010310008", "POBTOT": 55.0, "score_nse": 0.0, "NSE": "ND", "VIVTOT": 27.0, "GRAPROES": 6.23, "_ent": "30", "_mun": "011", "_loc": "0001"}, "geometry": {"type": "Polygon", "coordinates": [[[-95.76732, 18.77439], [-95.76738, 18.77454], [-95.76678, 18.77475], [-95.76674, 18.77451], [-95.76737, 18.77386], [-95.76748, 18.77428], [-95.76732, 18.77439]]]}}, {"id": "2244430", "type": "Feature", "properties": {"id": "2244430", "CVEGEO": "3001100010363004", "POBTOT": 0.0, "score_nse": 0.0, "NSE": "ND", "VIVTOT": 0.0, "GRAPROES": 0.0, "_ent": "30", "_mun": "011", "_loc": "0001"}, "geometry": {"type": "Polygon", "coordinates": [[[-95.75938, 18.77756], [-95.75901, 18.77761], [-95.75896, 18.77724], [-95.75933, 18.77723], [-95.75938, 18.77756]]]}}, {"id": "2244431", "type": "Feature", "properties": {"id": "2244431", "CVEGEO": "3001100010325045", "POBTOT": 4.0, "score_nse": 0.0, "NSE": "ND", "VIVTOT": 1.0, "GRAPROES": 0.0, "_ent": "30", "_mun": "011", "_loc": "0001"}, "geometry": {"type": "Polygon", "coordinates": [[[-95.77105, 18.78283], [-95.77019, 18.78249], [-95.77028, 18.78229], [-95.77113, 18.78263], [-95.77105, 18.78283]]]}}, {"id": "2244439", "type": "Feature", "properties": {"id": "2244439", "CVEGEO": "3001100010221038", "POBTOT": 15.0, "score_nse": 0.0, "NSE": "ND", "VIVTOT": 7.0, "GRAPROES": 12.75, "_ent": "30", "_mun": "011", "_loc": "0001"}, "geometry": {"type": "Polygon", "coordinates": [[[-95.76481, 18.77894], [-95.7648, 18.77933], [-95.76463, 18.77936], [-95.76462, 18.77883], [-95.76481, 18.77894]]]}}, {"id": "2244440", "type": "Feature", "properties": {"id": "2244440", "CVEGEO": "3001100010221050", "POBTOT": 16.0, "score_nse": 0.0, "NSE": "ND", "VIVTOT": 10.0, "GRAPROES": 11.5, "_ent": "30", "_mun": "011", "_loc": "0001"}, "geometry": {"type": "Polygon", "coordinates": [[[-95.76458, 18.77937], [-95.76445, 18.7794], [-95.76441, 18.77872], [-95.76457, 18.77881], [-95.76458, 18.77937]]]}}, {"id": "2244477", "type": "Feature", "properties": {"id": "2244477", "CVEGEO": "3001100010185031", "POBTOT": 52.0, "score_nse": 0.0, "NSE": "ND", "VIVTOT": 23.0, "GRAPROES": 8.85, "_ent": "30", "_mun": "011", "_loc": "0001"}, "geometry": {"type": "Polygon", "coordinates": [[[-95.75556, 18.78169], [-95.75521, 18.78183], [-95.75468, 18.7802], [-95.75483, 18.77918], [-95.75512, 18.7796], [-95.75556, 18.78169]]]}}, {"id": "2244530", "type": "Feature", "properties": {"id": "2244530", "CVEGEO": "3001100010185057", "POBTOT": 12.0, "score_nse": 0.0, "NSE": "ND", "VIVTOT": 8.0, "GRAPROES": 8.2, "_ent": "30", "_mun": "011", "_loc": "0001"}, "geometry": {"type": "Polygon", "coordinates": [[[-95.75386, 18.77695], [-95.75378, 18.77734], [-95.75325, 18.77734], [-95.75345, 18.77686], [-95.75386, 18.77695]]]}}, {"id": "2244531", "type": "Feature", "properties": {"id": "2244531", "CVEGEO": "3001100010310002", "POBTOT": 35.0, "score_nse": 0.0, "NSE": "ND", "VIVTOT": 18.0, "GRAPROES": 7.11, "_ent": "30", "_mun": "011", "_loc": "0001"}, "geometry": {"type": "Polygon", "coordinates": [[[-95.76818, 18.77369], [-95.7681, 18.77383], [-95.76757, 18.77377], [-95.76777, 18.7736], [-95.76818, 18.77369]]]}}, {"id": "2244532", "type": "Feature", "properties": {"id": "2244532", "CVEGEO": "3001100010310050", "POBTOT": 0.0, "score_nse": 0.0, "NSE": null, "VIVTOT": 0.0, "GRAPROES": 0.0, "_ent": "30", "_mun": "011", "_loc": "0001"}, "geometry": {"type": "Polygon", "coordinates": [[[-95.76803, 18.77353], [-95.76819, 18.77367], [-95.76799, 18.77362], [-95.76803, 18.77353]]]}}, {"id": "2244533", "type": "Feature", "properties": {"id": "2244533", "CVEGEO": "3001100010325024", "POBTOT": 66.0, "score_nse": 55.6012, "NSE": "C", "VIVTOT": 32.0, "GRAPROES": 9.46, "_ent": "30", "_mun": "011", "_loc": "0001"}, "geometry": {"type": "Polygon", "coordinates": [[[-95.77123, 18.78629], [-95.77122, 18.78662], [-95.77051, 18.78635], [-95.77088, 18.78657], [-95.77079, 18.78677], [-95.76991, 18.78647], [-95.77047, 18.786], [-95.77123, 18.78629]]]}}, {"id": "2244534", "type": "Feature", "properties": {"id": "2244534", "CVEGEO": "3001100010325046", "POBTOT": 0.0, "score_nse": 0.0, "NSE": null, "VIVTOT": 0.0, "GRAPROES": 0.0, "_ent": "30", "_mun": "011", "_loc": "0001"}, "geometry": {"type": "Polygon", "coordinates": [[[-95.7725, 18.7866], [-95.77158, 18.78685], [-95.77152, 18.78661], [-95.77247, 18.78636], [-95.7725, 18.7866]]]}}, {"id": "2244535", "type": "Feature", "properties": {"id": "2244535", "CVEGEO": "3001100010325047", "POBTOT": 0.0, "score_nse": 0.0, "NSE": null, "VIVTOT": 0.0, "GRAPROES": 0.0, "_ent": "30", "_mun": "011", "_loc": "0001"}, "geometry": {"type": "Polygon", "coordinates": [[[-95.7715, 18.78691], [-95.77116, 18.787], [-95.77107, 18.78672], [-95.77142, 18.78664], [-95.7715, 18.78691]]]}}, {"id": "2244536", "type": "Feature", "properties": {"id": "2244536", "CVEGEO": "3001100010325048", "POBTOT": 0.0, "score_nse": 0.0, "NSE": null, "VIVTOT": 0.0, "GRAPROES": 0.0, "_ent": "30", "_mun": "011", "_loc": "0001"}, "geometry": {"type": "Polygon", "coordinates": [[[-95.77151, 18.78696], [-95.77158, 18.78718], [-95.77126, 18.78727], [-95.77119, 18.78705], [-95.77151, 18.78696]]]}}, {"id": "2244537", "type": "Feature", "properties": {"id": "2244537", "CVEGEO": "3001100010344006", "POBTOT": 20.0, "score_nse": 42.755, "NSE": "C-", "VIVTOT": 8.0, "GRAPROES": 7.94, "_ent": "30", "_mun": "011", "_loc": "0001"}, "geometry": {"type": "Polygon", "coordinates": [[[-95.75922, 18.77612], [-95.75863, 18.77615], [-95.75845, 18.7755], [-95.75794, 18.77529], [-95.75835, 18.77522], [-95.75792, 18.77525], [-95.75787, 18.77498], [-95.75891, 18.77492], [-95.75922, 18.77612]]]}}, {"id": "2244543", "type": "Feature", "properties": {"id": "2244543", "CVEGEO": "3001100010185082", "POBTOT": 46.0, "score_nse": 53.073, "NSE": "C-", "VIVTOT": 16.0, "GRAPROES": 9.24, "_ent": "30", "_mun": "011", "_loc": "0001"}, "geometry": {"type": "Polygon", "coordinates": [[[-95.75804, 18.7771], [-95.75785, 18.77712], [-95.75729, 18.77476], [-95.75751, 18.77466], [-95.75769, 18.77464], [-95.75778, 18.77494], [-95.75754, 18.77497], [-95.75804, 18.7771]]]}}, {"id": "2244544", "type": "Feature", "properties": {"id": "2244544", "CVEGEO": "3001100010166018", "POBTOT": 0.0, "score_nse": 0.0, "NSE": null, "VIVTOT": 0.0, "GRAPROES": 0.0, "_ent": "30", "_mun": "011", "_loc": "0001"}, "geometry": {"type": "Polygon", "coordinates": [[[-95.75622, 18.77151], [-95.75644, 18.7715], [-95.75643, 18.77169], [-95.75622, 18.7717], [-95.75622, 18.77151]]]}}, {"id": "2244545", "type": "Feature", "properties": {"id": "2244545", "CVEGEO": "3001100010166057", "POBTOT": 16.0, "score_nse": 63.4067, "NSE": "C", "VIVTOT": 6.0, "GRAPROES": 10.92, "_ent": "30", "_mun": "011", "_loc": "0001"}, "geometry": {"type": "Polygon", "coordinates": [[[-95.75616, 18.7717], [-95.75594, 18.77171], [-95.75591, 18.77152], [-95.75616, 18.77151], [-95.75616, 18.7717]]]}}, {"id": "2244562", "type": "Feature", "properties": {"id": "2244562", "CVEGEO": "3001100010185010", "POBTOT": 0.0, "score_nse": 0.0, "NSE": null, "VIVTOT": 0.0, "GRAPROES": 0.0, "_ent": "30", "_mun": "011", "_loc": "0001"}, "geometry": {"type": "Polygon", "coordinates": [[[-95.7527, 18.77976], [-95.75228, 18.78172], [-95.75214, 18.78168], [-95.75256, 18.77969], [-95.7527, 18.77976]]]}}, {"id": "2244563", "type": "Feature", "properties": {"id": "2244563", "CVEGEO": "3001100010185011", "POBTOT": 0.0, "score_nse": 0.0, "NSE": null, "VIVTOT": 0.0, "GRAPROES": 0.0, "_ent": "30", "_mun": "011", "_loc": "0001"}, "geometry": {"type": "Polygon", "coordinates": [[[-95.75293, 18.77844], [-95.75279, 18.77953], [-95.75277, 18.77971], [-95.75259, 18.77964], [-95.75265, 18.77882], [-95.75277, 18.77843], [-95.75293, 18.77844]]]}}, {"id": "2244564", "type": "Feature", "properties": {"id": "2244564", "CVEGEO": "3001100010185015", "POBTOT": 0.0, "score_nse": 0.0, "NSE": null, "VIVTOT": 0.0, "GRAPROES": 0.0, "_ent": "30", "_mun": "011", "_loc": "0001"}, "geometry": {"type": "Polygon", "coordinates": [[[-95.75371, 18.77586], [-95.75312, 18.7774], [-95.75293, 18.77841], [-95.75278, 18.7784], [-95.7535, 18.77581], [-95.75371, 18.77586]]]}}, {"id": "2244565", "type": "Feature", "properties": {"id": "2244565", "CVEGEO": "3001100010185018", "POBTOT": 0.0, "score_nse": 0.0, "NSE": null, "VIVTOT": 0.0, "GRAPROES": 0.0, "_ent": "30", "_mun": "011", "_loc": "0001"}, "geometry": {"type": "Polygon", "coordinates": [[[-95.75469, 18.77296], [-95.75372, 18.77583], [-95.75353, 18.77577], [-95.75448, 18.77293], [-95.75469, 18.77296]]]}}, {"id": "2244566", "type": "Feature", "properties": {"id": "2244566", "CVEGEO": "3001100010185021", "POBTOT": 0.0, "score_nse": 0.0, "NSE": null, "VIVTOT": 0.0, "GRAPROES": 0.0, "_ent": "30", "_mun": "011", "_loc": "0001"}, "geometry": {"type": "Polygon", "coordinates": [[[-95.75526, 18.76986], [-95.75469, 18.77292], [-95.75448, 18.7729], [-95.75491, 18.77066], [-95.75526, 18.76986]]]}}, {"id": "2244567", "type": "Feature", "properties": {"id": "2244567", "CVEGEO": "3001100010221001", "POBTOT": 518.0, "score_nse": 47.5771, "NSE": "C-", "VIVTOT": 220.0, "GRAPROES": 8.69, "_ent": "30", "_mun": "011", "_loc": "0001"}, "geometry": {"type": "Polygon", "coordinates": [[[-95.76821, 18.77893], [-95.76827, 18.78035], [-95.76682, 18.78052], [-95.76634, 18.7797], [-95.76552, 18.77912], [-95.76493, 18.77697], [-95.76557, 18.77717], [-95.766, 18.77777], [-95.76603, 18.77757], [-95.7664, 18.77748], [-95.76645, 18.77765], [-95.76645, 18.77746], [-95.76673, 18.77739], [-95.76685, 18.77761], [-95.76678, 18.77738], [-95.76699, 18.77734], [-95.76709, 18.77782], [-95.76708, 18.77746], [-95.76744, 18.77739], [-95.76756, 18.77781], [-95.76749, 18.77738], [-95.76802, 18.77728], [-95.76821, 18.77887], [-95.7677, 18.77901], [-95.76821, 18.77893]]]}}, {"id": "2244568", "type": "Feature", "properties": {"id": "2244568", "CVEGEO": "3001100010221051", "POBTOT": 0.0, "score_nse": 0.0, "NSE": null, "VIVTOT": 0.0, "GRAPROES": 0.0, "_ent": "30", "_mun": "011", "_loc": "0001"}, "geometry": {"type": "Polygon", "coordinates": [[[-95.76685, 18.77508], [-95.76684, 18.77552], [-95.76649, 18.77558], [-95.76655, 18.77588], [-95.76627, 18.77597], [-95.76652, 18.77696], [-95.76615, 18.77706], [-95.76599, 18.77641], [-95.7661, 18.77708], [-95.766, 18.77715], [-95.76649, 18.77701], [-95.76658, 18.77737], [-95.76593, 18.77753], [-95.76537, 18.77697], [-95.76491, 18.77692], [-95.76464, 18.77563], [-95.76506, 18.77562], [-95.7651, 18.77578], [-95.76493, 18.7758], [-95.76511, 18.77582], [-95.7652, 18.77619], [-95.76506, 18.7763], [-95.76523, 18.77626], [-95.76535, 18.77659], [-95.76556, 18.77661], [-95.76533, 18.77629], [-95.76568, 18.77623], [-95.76563, 18.77599], [-95.7658, 18.77591], [-95.76517, 18.77578], [-95.7651, 18.77526], [-95.76685, 18.77508]]]}}]}