{"type": "FeatureCollection", "features": [{"id": "1650314", "type": "Feature", "properties": {"id": "1650314", "CVEGEO": "2104100270378008", "POBTOT": 232.0, "score_nse": 50.1726, "NSE": "C-", "VIVTOT": 119.0, "GRAPROES": 10.46, "_ent": "21", "_mun": "041", "_loc": "0027"}, "geometry": {"type": "Polygon", "coordinates": [[[-98.25605, 19.14935], [-98.25628, 19.14949], [-98.25563, 19.15041], [-98.2554, 19.15027], [-98.25605, 19.14935]]]}}, {"id": "1650315", "type": "Feature", "properties": {"id": "1650315", "CVEGEO": "2104100270378007", "POBTOT": 228.0, "score_nse": 50.2169, "NSE": "C-", "VIVTOT": 118.0, "GRAPROES": 10.28, "_ent": "21", "_mun": "041", "_loc": "0027"}, "geometry": {"type": "Polygon", "coordinates": [[[-98.25635, 19.14951], [-98.25658, 19.14966], [-98.25592, 19.1506], [-98.25569, 19.15045], [-98.25635, 19.14951]]]}}, {"id": "1650316", "type": "Feature", "properties": {"id": "1650316", "CVEGEO": "2104100270378025", "POBTOT": 0.0, "score_nse": 0.0, "NSE": "ND", "VIVTOT": 0.0, "GRAPROES": 0.0, "_ent": "21", "_mun": "041", "_loc": "0027"}, "geometry": {"type": "Polygon", "coordinates": [[[-98.25752, 19.15012], [-98.25745, 19.14997], [-98.25757, 19.15004], [-98.25752, 19.15012]]]}}, {"id": "1650317", "type": "Feature", "properties": {"id": "1650317", "CVEGEO": "2104100270363028", "POBTOT": 72.0, "score_nse": 55.9666, "NSE": "C", "VIVTOT": 28.0, "GRAPROES": 11.02, "_ent": "21", "_mun": "041", "_loc": "0027"}, "geometry": {"type": "Polygon", "coordinates": [[[-98.25513, 19.15417], [-98.25565, 19.15444], [-98.25536, 19.15475], [-98.25493, 19.15454], [-98.25513, 19.15417]]]}}, {"id": "1650318", "type": "Feature", "properties": {"id": "1650318", "CVEGEO": "2104100270363027", "POBTOT": 69.0, "score_nse": 60.3223, "NSE": "C", "VIVTOT": 24.0, "GRAPROES": 10.06, "_ent": "21", "_mun": "041", "_loc": "0027"}, "geometry": {"type": "Polygon", "coordinates": [[[-98.2554, 19.15476], [-98.25567, 19.15444], [-98.25607, 19.15462], [-98.25586, 19.15498], [-98.2554, 19.15476]]]}}, {"id": "1650319", "type": "Feature", "properties": {"id": "1650319", "CVEGEO": "2104100270363026", "POBTOT": 89.0, "score_nse": 63.362, "NSE": "C", "VIVTOT": 36.0, "GRAPROES": 10.9, "_ent": "21", "_mun": "041", "_loc": "0027"}, "geometry": {"type": "Polygon", "coordinates": [[[-98.25707, 19.15458], [-98.25694, 19.15451], [-98.25729, 19.15392], [-98.25743, 19.15399], [-98.25707, 19.15458]]]}}, {"id": "1650320", "type": "Feature", "properties": {"id": "1650320", "CVEGEO": "2104100270363025", "POBTOT": 128.0, "score_nse": 0.0, "NSE": "ND", "VIVTOT": 57.0, "GRAPROES": 10.96, "_ent": "21", "_mun": "041", "_loc": "0027"}, "geometry": {"type": "Polygon", "coordinates": [[[-98.25579, 19.15297], [-98.25623, 19.15324], [-98.25609, 19.1535], [-98.25563, 19.15326], [-98.25579, 19.15297]]]}}, {"id": "1650321", "type": "Feature", "properties": {"id": "1650321", "CVEGEO": "2104100270359010", "POBTOT": 5.0, "score_nse": 0.0, "NSE": "ND", "VIVTOT": 5.0, "GRAPROES": 0.0, "_ent": "21", "_mun": "041", "_loc": "0027"}, "geometry": {"type": "Polygon", "coordinates": [[[-98.26004, 19.15241], [-98.26031, 19.15261], [-98.2601, 19.15274], [-98.2599, 19.1526], [-98.26004, 19.15241]]]}}, {"id": "1650322", "type": "Feature", "properties": {"id": "1650322", "CVEGEO": "2104100270359009", "POBTOT": 25.0, "score_nse": 0.0, "NSE": "ND", "VIVTOT": 12.0, "GRAPROES": 10.32, "_ent": "21", "_mun": "041", "_loc": "0027"}, "geometry": {"type": "Polygon", "coordinates": [[[-98.26034, 19.15264], [-98.26054, 19.15306], [-98.26047, 19.15313], [-98.26005, 19.15283], [-98.26034, 19.15264]]]}}, {"id": "1650323", "type": "Feature", "properties": {"id": "1650323", "CVEGEO": "2104100270359008", "POBTOT": 64.0, "score_nse": 40.9538, "NSE": "D+", "VIVTOT": 58.0, "GRAPROES": 10.91, "_ent": "21", "_mun": "041", "_loc": "0027"}, "geometry": {"type": "Polygon", "coordinates": [[[-98.26192, 19.1539], [-98.26261, 19.15297], [-98.26294, 19.15319], [-98.26218, 19.15408], [-98.26192, 19.1539]]]}}, {"id": "1650324", "type": "Feature", "properties": {"id": "1650324", "CVEGEO": "2104100270359006", "POBTOT": 52.0, "score_nse": 0.0, "NSE": "ND", "VIVTOT": 28.0, "GRAPROES": 9.11, "_ent": "21", "_mun": "041", "_loc": "0027"}, "geometry": {"type": "Polygon", "coordinates": [[[-98.26081, 19.15172], [-98.26121, 19.152], [-98.26042, 19.15254], [-98.26029, 19.15242], [-98.26081, 19.15172]]]}}, {"id": "1650325", "type": "Feature", "properties": {"id": "1650325", "CVEGEO": "2104100270359005", "POBTOT": 45.0, "score_nse": 0.0, "NSE": "ND", "VIVTOT": 24.0, "GRAPROES": 10.03, "_ent": "21", "_mun": "041", "_loc": "0027"}, "geometry": {"type": "Polygon", "coordinates": [[[-98.26124, 19.15202], [-98.26136, 19.15211], [-98.26067, 19.15304], [-98.26045, 19.15256], [-98.26124, 19.15202]]]}}, {"id": "1650326", "type": "Feature", "properties": {"id": "1650326", "CVEGEO": "2104100270359004", "POBTOT": 86.0, "score_nse": 44.0625, "NSE": "C-", "VIVTOT": 57.0, "GRAPROES": 9.48, "_ent": "21", "_mun": "041", "_loc": "0027"}, "geometry": {"type": "Polygon", "coordinates": [[[-98.2613, 19.15352], [-98.26204, 19.15257], [-98.26227, 19.15273], [-98.26156, 19.15369], [-98.2613, 19.15352]]]}}, {"id": "1650327", "type": "Feature", "properties": {"id": "1650327", "CVEGEO": "2104100270359007", "POBTOT": 91.0, "score_nse": 47.3908, "NSE": "C-", "VIVTOT": 58.0, "GRAPROES": 10.06, "_ent": "21", "_mun": "041", "_loc": "0027"}, "geometry": {"type": "Polygon", "coordinates": [[[-98.26163, 19.15368], [-98.26228, 19.15274], [-98.2626, 19.15296], [-98.26188, 19.15386], [-98.26163, 19.15368]]]}}, {"id": "1650337", "type": "Feature", "properties": {"id": "1650337", "CVEGEO": "2104100270363023", "POBTOT": 92.0, "score_nse": 54.499, "NSE": "C-", "VIVTOT": 32.0, "GRAPROES": 10.72, "_ent": "21", "_mun": "041", "_loc": "0027"}, "geometry": {"type": "Polygon", "coordinates": [[[-98.25681, 19.15403], [-98.25707, 19.15416], [-98.25694, 19.15441], [-98.25668, 19.15427], [-98.25681, 19.15403]]]}}, {"id": "1650338", "type": "Feature", "properties": {"id": "1650338", "CVEGEO": "2104100270363020", "POBTOT": 66.0, "score_nse": 47.0929, "NSE": "C-", "VIVTOT": 28.0, "GRAPROES": 9.15, "_ent": "21", "_mun": "041", "_loc": "0027"}, "geometry": {"type": "Polygon", "coordinates": [[[-98.25549, 19.15671], [-98.25572, 19.15683], [-98.25556, 19.15708], [-98.25534, 19.15696], [-98.25549, 19.15671]]]}}, {"id": "1650339", "type": "Feature", "properties": {"id": "1650339", "CVEGEO": "2104100270363019", "POBTOT": 84.0, "score_nse": 0.0, "NSE": "ND", "VIVTOT": 32.0, "GRAPROES": 11.08, "_ent": "21", "_mun": "041", "_loc": "0027"}, "geometry": {"type": "Polygon", "coordinates": [[[-98.25665, 19.15431], [-98.25692, 19.15446], [-98.25678, 19.15469], [-98.25651, 19.15455], [-98.25665, 19.15431]]]}}, {"id": "1650341", "type": "Feature", "properties": {"id": "1650341", "CVEGEO": "2104100270378024", "POBTOT": 147.0, "score_nse": 55.484, "NSE": "C", "VIVTOT": 70.0, "GRAPROES": 11.28, "_ent": "21", "_mun": "041", "_loc": "0027"}, "geometry": {"type": "Polygon", "coordinates": [[[-98.25705, 19.14979], [-98.25748, 19.14921], [-98.25771, 19.14936], [-98.2573, 19.14996], [-98.25705, 19.14979]]]}}, {"id": "1650343", "type": "Feature", "properties": {"id": "1650343", "CVEGEO": "2104100270363018", "POBTOT": 125.0, "score_nse": 49.2831, "NSE": "C-", "VIVTOT": 56.0, "GRAPROES": 10.48, "_ent": "21", "_mun": "041", "_loc": "0027"}, "geometry": {"type": "Polygon", "coordinates": [[[-98.25544, 19.1536], [-98.2559, 19.15383], [-98.25577, 19.15407], [-98.25531, 19.15384], [-98.25544, 19.1536]]]}}, {"id": "1650344", "type": "Feature", "properties": {"id": "1650344", "CVEGEO": "2104100270344027", "POBTOT": 77.0, "score_nse": 0.0, "NSE": "ND", "VIVTOT": 29.0, "GRAPROES": 10.15, "_ent": "21", "_mun": "041", "_loc": "0027"}, "geometry": {"type": "Polygon", "coordinates": [[[-98.25815, 19.15346], [-98.25839, 19.15362], [-98.25802, 19.1541], [-98.25779, 19.15396], [-98.25815, 19.15346]]]}}, {"id": "1650346", "type": "Feature", "properties": {"id": "1650346", "CVEGEO": "2104100270378042", "POBTOT": 25.0, "score_nse": 0.0, "NSE": "ND", "VIVTOT": 14.0, "GRAPROES": 9.58, "_ent": "21", "_mun": "041", "_loc": "0027"}, "geometry": {"type": "Polygon", "coordinates": [[[-98.25587, 19.14846], [-98.25565, 19.14812], [-98.256, 19.14817], [-98.25596, 19.14827], [-98.25608, 19.14817], [-98.25587, 19.14846]]]}}, {"id": "1650347", "type": "Feature", "properties": {"id": "1650347", "CVEGEO": "2104100270378023", "POBTOT": 0.0, "score_nse": 0.0, "NSE": "ND", "VIVTOT": 0.0, "GRAPROES": 0.0, "_ent": "21", "_mun": "041", "_loc": "0027"}, "geometry": {"type": "Polygon", "coordinates": [[[-98.25739, 19.14832], [-98.25749, 19.14847], [-98.25725, 19.14864], [-98.2572, 19.14847], [-98.25739, 19.14832]]]}}, {"id": "1650348", "type": "Feature", "properties": {"id": "1650348", "CVEGEO": "2104100270359020", "POBTOT": 18.0, "score_nse": 0.0, "NSE": "ND", "VIVTOT": 8.0, "GRAPROES": 10.71, "_ent": "21", "_mun": "041", "_loc": "0027"}, "geometry": {"type": "Polygon", "coordinates": [[[-98.2631, 19.15393], [-98.26298, 19.15414], [-98.26277, 19.154], [-98.26291, 19.15381], [-98.2631, 19.15393]]]}}, {"id": "1650353", "type": "Feature", "properties": {"id": "1650353", "CVEGEO": "2104100270363037", "POBTOT": 51.0, "score_nse": 52.7443, "NSE": "C-", "VIVTOT": 28.0, "GRAPROES": 11.24, "_ent": "21", "_mun": "041", "_loc": "0027"}, "geometry": {"type": "Polygon", "coordinates": [[[-98.25535, 19.15478], [-98.25533, 19.15494], [-98.25484, 19.1547], [-98.25491, 19.15457], [-98.25535, 19.15478]]]}}, {"id": "1650354", "type": "Feature", "properties": {"id": "1650354", "CVEGEO": "2104100270363036", "POBTOT": 62.0, "score_nse": 49.0296, "NSE": "C-", "VIVTOT": 23.0, "GRAPROES": 9.31, "_ent": "21", "_mun": "041", "_loc": "0027"}, "geometry": {"type": "Polygon", "coordinates": [[[-98.25585, 19.15501], [-98.25577, 19.15515], [-98.25535, 19.15495], [-98.25536, 19.15483], [-98.25585, 19.15501]]]}}, {"id": "1650355", "type": "Feature", "properties": {"id": "1650355", "CVEGEO": "2104100270363035", "POBTOT": 0.0, "score_nse": 0.0, "NSE": "ND", "VIVTOT": 0.0, "GRAPROES": 0.0, "_ent": "21", "_mun": "041", "_loc": "0027"}, "geometry": {"type": "Polygon", "coordinates": [[[-98.25606, 19.155], [-98.25601, 19.1549], [-98.25609, 19.15494], [-98.25606, 19.155]]]}}, {"id": "1650356", "type": "Feature", "properties": {"id": "1650356", "CVEGEO": "2104100270378049", "POBTOT": 0.0, "score_nse": 0.0, "NSE": "ND", "VIVTOT": 0.0, "GRAPROES": 0.0, "_ent": "21", "_mun": "041", "_loc": "0027"}, "geometry": {"type": "Polygon", "coordinates": [[[-98.25472, 19.14843], [-98.25436, 19.14821], [-98.25447, 19.14806], [-98.25482, 19.14828], [-98.25472, 19.14843]]]}}, {"id": "1650357", "type": "Feature", "properties": {"id": "1650357", "CVEGEO": "2104100270359011", "POBTOT": 18.0, "score_nse": 65.21, "NSE": "C", "VIVTOT": 8.0, "GRAPROES": 12.33, "_ent": "21", "_mun": "041", "_loc": "0027"}, "geometry": {"type": "Polygon", "coordinates": [[[-98.25974, 19.1522], [-98.25999, 19.15238], [-98.25986, 19.15256], [-98.25961, 19.15238], [-98.25974, 19.1522]]]}}, {"id": "1650358", "type": "Feature", "properties": {"id": "1650358", "CVEGEO": "2104100270363002", "POBTOT": 96.0, "score_nse": 52.0303, "NSE": "C-", "VIVTOT": 48.0, "GRAPROES": 10.32, "_ent": "21", "_mun": "041", "_loc": "0027"}, "geometry": {"type": "Polygon", "coordinates": [[[-98.25553, 19.15558], [-98.25519, 19.15542], [-98.25533, 19.15518], [-98.25566, 19.15534], [-98.25553, 19.15558]]]}}, {"id": "1650369", "type": "Feature", "properties": {"id": "1650369", "CVEGEO": "2104100270344032", "POBTOT": 188.0, "score_nse": 47.8896, "NSE": "C-", "VIVTOT": 88.0, "GRAPROES": 10.31, "_ent": "21", "_mun": "041", "_loc": "0027"}, "geometry": {"type": "Polygon", "coordinates": [[[-98.25443, 19.14961], [-98.25432, 19.15012], [-98.25404, 19.15001], [-98.25418, 19.14974], [-98.25341, 19.1493], [-98.25348, 19.14901], [-98.25443, 19.14961]]]}}, {"id": "1650370", "type": "Feature", "properties": {"id": "1650370", "CVEGEO": "2104100270344031", "POBTOT": 90.0, "score_nse": 46.9127, "NSE": "C-", "VIVTOT": 44.0, "GRAPROES": 9.92, "_ent": "21", "_mun": "041", "_loc": "0027"}, "geometry": {"type": "Polygon", "coordinates": [[[-98.25365, 19.15024], [-98.25387, 19.14957], [-98.25416, 19.14975], [-98.254, 19.15005], [-98.2543, 19.15017], [-98.2542, 19.15045], [-98.25365, 19.15024]]]}}, {"id": "1650381", "type": "Feature", "properties": {"id": "1650381", "CVEGEO": "2104100270378022", "POBTOT": 26.0, "score_nse": 60.9393, "NSE": "C", "VIVTOT": 12.0, "GRAPROES": 12.67, "_ent": "21", "_mun": "041", "_loc": "0027"}, "geometry": {"type": "Polygon", "coordinates": [[[-98.25464, 19.14678], [-98.25486, 19.14691], [-98.25468, 19.14715], [-98.25447, 19.14701], [-98.25464, 19.14678]]]}}, {"id": "1650382", "type": "Feature", "properties": {"id": "1650382", "CVEGEO": "2104100270378021", "POBTOT": 176.0, "score_nse": 49.1178, "NSE": "C-", "VIVTOT": 96.0, "GRAPROES": 11.13, "_ent": "21", "_mun": "041", "_loc": "0027"}, "geometry": {"type": "Polygon", "coordinates": [[[-98.25443, 19.14716], [-98.2546, 19.14718], [-98.25431, 19.14758], [-98.25465, 19.14721], [-98.25484, 19.14742], [-98.2545, 19.1479], [-98.25409, 19.14764], [-98.25443, 19.14716]]]}}, {"id": "1650383", "type": "Feature", "properties": {"id": "1650383", "CVEGEO": "2104100270378020", "POBTOT": 43.0, "score_nse": 39.4474, "NSE": "D+", "VIVTOT": 35.0, "GRAPROES": 10.1, "_ent": "21", "_mun": "041", "_loc": "0027"}, "geometry": {"type": "Polygon", "coordinates": [[[-98.25402, 19.14798], [-98.25407, 19.14769], [-98.25447, 19.14794], [-98.25432, 19.14817], [-98.25402, 19.14798]]]}}, {"id": "1650384", "type": "Feature", "properties": {"id": "1650384", "CVEGEO": "2104100270378019", "POBTOT": 44.0, "score_nse": 0.0, "NSE": "ND", "VIVTOT": 24.0, "GRAPROES": 9.88, "_ent": "21", "_mun": "041", "_loc": "0027"}, "geometry": {"type": "Polygon", "coordinates": [[[-98.25691, 19.15049], [-98.25706, 19.15059], [-98.25671, 19.1511], [-98.25654, 19.151], [-98.25691, 19.15049]]]}}, {"id": "1650385", "type": "Feature", "properties": {"id": "1650385", "CVEGEO": "2104100270378018", "POBTOT": 118.0, "score_nse": 52.144, "NSE": "C-", "VIVTOT": 60.0, "GRAPROES": 10.32, "_ent": "21", "_mun": "041", "_loc": "0027"}, "geometry": {"type": "Polygon", "coordinates": [[[-98.25711, 19.15062], [-98.2573, 19.15073], [-98.25748, 19.15059], [-98.25699, 19.15128], [-98.25675, 19.15113], [-98.25711, 19.15062]]]}}, {"id": "1650386", "type": "Feature", "properties": {"id": "1650386", "CVEGEO": "2104100270363024", "POBTOT": 0.0, "score_nse": 0.0, "NSE": "ND", "VIVTOT": 0.0, "GRAPROES": 0.0, "_ent": "21", "_mun": "041", "_loc": "0027"}, "geometry": {"type": "Polygon", "coordinates": [[[-98.25531, 19.15702], [-98.25553, 19.15714], [-98.25542, 19.15735], [-98.25518, 19.15726], [-98.25531, 19.15702]]]}}, {"id": "1650387", "type": "Feature", "properties": {"id": "1650387", "CVEGEO": "2104100270344019", "POBTOT": 96.0, "score_nse": 0.0, "NSE": "ND", "VIVTOT": 41.0, "GRAPROES": 10.99, "_ent": "21", "_mun": "041", "_loc": "0027"}, "geometry": {"type": "Polygon", "coordinates": [[[-98.25686, 19.15337], [-98.25732, 19.15275], [-98.25763, 19.15294], [-98.25713, 19.15354], [-98.25686, 19.15337]]]}}, {"id": "1650388", "type": "Feature", "properties": {"id": "1650388", "CVEGEO": "2104100270359014", "POBTOT": 2.0, "score_nse": 0.0, "NSE": "ND", "VIVTOT": 2.0, "GRAPROES": 0.0, "_ent": "21", "_mun": "041", "_loc": "0027"}, "geometry": {"type": "Polygon", "coordinates": [[[-98.25956, 19.15235], [-98.25953, 19.15207], [-98.25969, 19.15217], [-98.25956, 19.15235]]]}}, {"id": "1650389", "type": "Feature", "properties": {"id": "1650389", "CVEGEO": "2104100270359013", "POBTOT": 121.0, "score_nse": 46.8201, "NSE": "C-", "VIVTOT": 56.0, "GRAPROES": 9.4, "_ent": "21", "_mun": "041", "_loc": "0027"}, "geometry": {"type": "Polygon", "coordinates": [[[-98.26223, 19.1541], [-98.26295, 19.1532], [-98.26325, 19.1534], [-98.26249, 19.15428], [-98.26223, 19.1541]]]}}, {"id": "1650390", "type": "Feature", "properties": {"id": "1650390", "CVEGEO": "2104100270359001", "POBTOT": 91.0, "score_nse": 45.668, "NSE": "C-", "VIVTOT": 60.0, "GRAPROES": 10.07, "_ent": "21", "_mun": "041", "_loc": "0027"}, "geometry": {"type": "Polygon", "coordinates": [[[-98.261, 19.15331], [-98.26171, 19.15234], [-98.26203, 19.15257], [-98.26125, 19.15349], [-98.261, 19.15331]]]}}, {"id": "1650391", "type": "Feature", "properties": {"id": "1650391", "CVEGEO": "2104100270344040", "POBTOT": 33.0, "score_nse": 0.0, "NSE": "ND", "VIVTOT": 21.0, "GRAPROES": 9.62, "_ent": "21", "_mun": "041", "_loc": "0027"}, "geometry": {"type": "Polygon", "coordinates": [[[-98.25341, 19.14932], [-98.2536, 19.1494], [-98.25355, 19.14952], [-98.25325, 19.15008], [-98.25304, 19.15012], [-98.25341, 19.14932]]]}}, {"id": "1650392", "type": "Feature", "properties": {"id": "1650392", "CVEGEO": "2104100270344026", "POBTOT": 60.0, "score_nse": 0.0, "NSE": "ND", "VIVTOT": 23.0, "GRAPROES": 9.54, "_ent": "21", "_mun": "041", "_loc": "0027"}, "geometry": {"type": "Polygon", "coordinates": [[[-98.2544, 19.15033], [-98.25461, 19.14991], [-98.25495, 19.15006], [-98.25462, 19.1505], [-98.2544, 19.15033]]]}}, {"id": "1650393", "type": "Feature", "properties": {"id": "1650393", "CVEGEO": "2104100270344025", "POBTOT": 38.0, "score_nse": 0.0, "NSE": "ND", "VIVTOT": 17.0, "GRAPROES": 10.35, "_ent": "21", "_mun": "041", "_loc": "0027"}, "geometry": {"type": "Polygon", "coordinates": [[[-98.25429, 19.15113], [-98.2544, 19.15117], [-98.25472, 19.1519], [-98.25454, 19.15188], [-98.25429, 19.15113]]]}}, {"id": "1650394", "type": "Feature", "properties": {"id": "1650394", "CVEGEO": "2104100270344023", "POBTOT": 66.0, "score_nse": 58.4, "NSE": "C", "VIVTOT": 30.0, "GRAPROES": 11.5, "_ent": "21", "_mun": "041", "_loc": "0027"}, "geometry": {"type": "Polygon", "coordinates": [[[-98.25783, 19.15326], [-98.25814, 19.15345], [-98.25774, 19.15394], [-98.25748, 19.15377], [-98.25783, 19.15326]]]}}, {"id": "1650395", "type": "Feature", "properties": {"id": "1650395", "CVEGEO": "2104100270344022", "POBTOT": 79.0, "score_nse": 46.2143, "NSE": "C-", "VIVTOT": 28.0, "GRAPROES": 9.29, "_ent": "21", "_mun": "041", "_loc": "0027"}, "geometry": {"type": "Polygon", "coordinates": [[[-98.25463, 19.15051], [-98.25499, 19.15009], [-98.25526, 19.15025], [-98.25501, 19.15075], [-98.25463, 19.15051]]]}}, {"id": "1650396", "type": "Feature", "properties": {"id": "1650396", "CVEGEO": "2104100270344021", "POBTOT": 72.0, "score_nse": 49.7656, "NSE": "C-", "VIVTOT": 33.0, "GRAPROES": 10.13, "_ent": "21", "_mun": "041", "_loc": "0027"}, "geometry": {"type": "Polygon", "coordinates": [[[-98.25437, 19.1504], [-98.255, 19.15076], [-98.25484, 19.151], [-98.25437, 19.15069], [-98.25437, 19.1504]]]}}, {"id": "1650397", "type": "Feature", "properties": {"id": "1650397", "CVEGEO": "2104100270344020", "POBTOT": 15.0, "score_nse": 0.0, "NSE": "ND", "VIVTOT": 7.0, "GRAPROES": 9.92, "_ent": "21", "_mun": "041", "_loc": "0027"}, "geometry": {"type": "Polygon", "coordinates": [[[-98.25442, 19.15081], [-98.25483, 19.15101], [-98.25468, 19.15126], [-98.25463, 19.15128], [-98.25442, 19.15081]]]}}, {"id": "1650398", "type": "Feature", "properties": {"id": "1650398", "CVEGEO": "2104100270344009", "POBTOT": 70.0, "score_nse": 43.9675, "NSE": "C-", "VIVTOT": 32.0, "GRAPROES": 9.59, "_ent": "21", "_mun": "041", "_loc": "0027"}, "geometry": {"type": "Polygon", "coordinates": [[[-98.25504, 19.15175], [-98.25528, 19.15174], [-98.25499, 19.15148], [-98.25551, 19.15162], [-98.25508, 19.15224], [-98.25491, 19.15194], [-98.25504, 19.15175]]]}}, {"id": "1650399", "type": "Feature", "properties": {"id": "1650399", "CVEGEO": "2104100270344008", "POBTOT": 35.0, "score_nse": 0.0, "NSE": "ND", "VIVTOT": 22.0, "GRAPROES": 10.19, "_ent": "21", "_mun": "041", "_loc": "0027"}, "geometry": {"type": "Polygon", "coordinates": [[[-98.25556, 19.15214], [-98.25597, 19.15244], [-98.25579, 19.1527], [-98.25536, 19.15243], [-98.25556, 19.15214]]]}}, {"id": "1650400", "type": "Feature", "properties": {"id": "1650400", "CVEGEO": "2104100270344007", "POBTOT": 75.0, "score_nse": 50.7392, "NSE": "C-", "VIVTOT": 32.0, "GRAPROES": 10.23, "_ent": "21", "_mun": "041", "_loc": "0027"}, "geometry": {"type": "Polygon", "coordinates": [[[-98.25638, 19.15215], [-98.25666, 19.15233], [-98.25619, 19.15295], [-98.25603, 19.15265], [-98.25638, 19.15215]]]}}, {"id": "1650401", "type": "Feature", "properties": {"id": "1650401", "CVEGEO": "2104100270344005", "POBTOT": 30.0, "score_nse": 0.0, "NSE": "ND", "VIVTOT": 10.0, "GRAPROES": 10.08, "_ent": "21", "_mun": "041", "_loc": "0027"}, "geometry": {"type": "Polygon", "coordinates": [[[-98.25728, 19.15153], [-98.25712, 19.1518], [-98.25677, 19.15157], [-98.25698, 19.15139], [-98.25728, 19.15153]]]}}, {"id": "1650419", "type": "Feature", "properties": {"id": "1650419", "CVEGEO": "2104100270344010", "POBTOT": 111.0, "score_nse": 47.5471, "NSE": "C-", "VIVTOT": 51.0, "GRAPROES": 9.52, "_ent": "21", "_mun": "041", "_loc": "0027"}, "geometry": {"type": "Polygon", "coordinates": [[[-98.25561, 19.15151], [-98.2554, 19.15133], [-98.25593, 19.15068], [-98.25619, 19.15084], [-98.25562, 19.15165], [-98.25531, 19.15145], [-98.25561, 19.15151]]]}}, {"id": "1650423", "type": "Feature", "properties": {"id": "1650423", "CVEGEO": "2104100270363006", "POBTOT": 38.0, "score_nse": 0.0, "NSE": "ND", "VIVTOT": 16.0, "GRAPROES": 9.42, "_ent": "21", "_mun": "041", "_loc": "0027"}, "geometry": {"type": "Polygon", "coordinates": [[[-98.25651, 19.15527], [-98.25662, 19.15533], [-98.25644, 19.15562], [-98.25633, 19.15557], [-98.25651, 19.15527]]]}}, {"id": "1650424", "type": "Feature", "properties": {"id": "1650424", "CVEGEO": "2104100270363005", "POBTOT": 96.0, "score_nse": 54.2415, "NSE": "C-", "VIVTOT": 44.0, "GRAPROES": 11.18, "_ent": "21", "_mun": "041", "_loc": "0027"}, "geometry": {"type": "Polygon", "coordinates": [[[-98.25692, 19.15455], [-98.25704, 19.15462], [-98.25664, 19.15529], [-98.25653, 19.15523], [-98.25692, 19.15455]]]}}, {"id": "1650425", "type": "Feature", "properties": {"id": "1650425", "CVEGEO": "2104100270363004", "POBTOT": 84.0, "score_nse": 55.8722, "NSE": "C", "VIVTOT": 32.0, "GRAPROES": 10.78, "_ent": "21", "_mun": "041", "_loc": "0027"}, "geometry": {"type": "Polygon", "coordinates": [[[-98.25632, 19.15489], [-98.25658, 19.15502], [-98.25644, 19.15526], [-98.25618, 19.15512], [-98.25632, 19.15489]]]}}, {"id": "1650426", "type": "Feature", "properties": {"id": "1650426", "CVEGEO": "2104100270344004", "POBTOT": 114.0, "score_nse": 56.736, "NSE": "C", "VIVTOT": 55.0, "GRAPROES": 11.31, "_ent": "21", "_mun": "041", "_loc": "0027"}, "geometry": {"type": "Polygon", "coordinates": [[[-98.25621, 19.1518], [-98.25605, 19.15164], [-98.25655, 19.15107], [-98.2568, 19.15125], [-98.2562, 19.1521], [-98.25589, 19.1519], [-98.25602, 19.15168], [-98.25621, 19.1518]]]}}, {"id": "1650427", "type": "Feature", "properties": {"id": "1650427", "CVEGEO": "2104100270344003", "POBTOT": 113.0, "score_nse": 50.8824, "NSE": "C-", "VIVTOT": 49.0, "GRAPROES": 10.99, "_ent": "21", "_mun": "041", "_loc": "0027"}, "geometry": {"type": "Polygon", "coordinates": [[[-98.25588, 19.15169], [-98.25574, 19.15154], [-98.25624, 19.15088], [-98.25649, 19.15104], [-98.2559, 19.15182], [-98.25565, 19.15167], [-98.25588, 19.15169]]]}}, {"id": "1650431", "type": "Feature", "properties": {"id": "1650431", "CVEGEO": "2104100270378037", "POBTOT": 17.0, "score_nse": 0.0, "NSE": "ND", "VIVTOT": 16.0, "GRAPROES": 13.0, "_ent": "21", "_mun": "041", "_loc": "0027"}, "geometry": {"type": "Polygon", "coordinates": [[[-98.25835, 19.14733], [-98.25811, 19.14766], [-98.25786, 19.14749], [-98.25808, 19.14716], [-98.25835, 19.14733]]]}}, {"id": "1650432", "type": "Feature", "properties": {"id": "1650432", "CVEGEO": "2104100270378016", "POBTOT": 69.0, "score_nse": 62.384, "NSE": "C", "VIVTOT": 40.0, "GRAPROES": 14.02, "_ent": "21", "_mun": "041", "_loc": "0027"}, "geometry": {"type": "Polygon", "coordinates": [[[-98.25813, 19.14698], [-98.2578, 19.14746], [-98.25771, 19.1474], [-98.25805, 19.14689], [-98.25931, 19.14768], [-98.25919, 19.14784], [-98.25878, 19.14758], [-98.25884, 19.14743], [-98.25865, 19.14771], [-98.25853, 19.14764], [-98.25842, 19.14757], [-98.2586, 19.14727], [-98.2584, 19.14734], [-98.25809, 19.14713], [-98.25813, 19.14698]]]}}, {"id": "1650433", "type": "Feature", "properties": {"id": "1650433", "CVEGEO": "2104100270378003", "POBTOT": 118.0, "score_nse": 54.4864, "NSE": "C-", "VIVTOT": 54.0, "GRAPROES": 10.43, "_ent": "21", "_mun": "041", "_loc": "0027"}, "geometry": {"type": "Polygon", "coordinates": [[[-98.25765, 19.15043], [-98.2596, 19.15165], [-98.25918, 19.15266], [-98.25702, 19.15131], [-98.25765, 19.15043]]]}}, {"id": "1650434", "type": "Feature", "properties": {"id": "1650434", "CVEGEO": "2104100270359003", "POBTOT": 114.0, "score_nse": 0.0, "NSE": "ND", "VIVTOT": 82.0, "GRAPROES": 10.1, "_ent": "21", "_mun": "041", "_loc": "0027"}, "geometry": {"type": "Polygon", "coordinates": [[[-98.26055, 19.15137], [-98.26137, 19.15194], [-98.26345, 19.15337], [-98.26338, 19.15347], [-98.26048, 19.15147], [-98.26055, 19.15137]]]}}, {"id": "1650435", "type": "Feature", "properties": {"id": "1650435", "CVEGEO": "2104100270359002", "POBTOT": 128.0, "score_nse": 46.2093, "NSE": "C-", "VIVTOT": 60.0, "GRAPROES": 10.25, "_ent": "21", "_mun": "041", "_loc": "0027"}, "geometry": {"type": "Polygon", "coordinates": [[[-98.26071, 19.15309], [-98.26137, 19.15212], [-98.26169, 19.15233], [-98.26095, 19.15328], [-98.26071, 19.15309]]]}}, {"id": "1650438", "type": "Feature", "properties": {"id": "1650438", "CVEGEO": "2104100270378009", "POBTOT": 236.0, "score_nse": 49.72, "NSE": "C-", "VIVTOT": 120.0, "GRAPROES": 10.29, "_ent": "21", "_mun": "041", "_loc": "0027"}, "geometry": {"type": "Polygon", "coordinates": [[[-98.25577, 19.14918], [-98.25601, 19.14932], [-98.25535, 19.15024], [-98.25511, 19.15009], [-98.25577, 19.14918]]]}}, {"id": "1650442", "type": "Feature", "properties": {"id": "1650442", "CVEGEO": "2104100270363007", "POBTOT": 6.0, "score_nse": 0.0, "NSE": "ND", "VIVTOT": 2.0, "GRAPROES": 0.0, "_ent": "21", "_mun": "041", "_loc": "0027"}, "geometry": {"type": "Polygon", "coordinates": [[[-98.25609, 19.15572], [-98.25623, 19.15559], [-98.25641, 19.15567], [-98.25629, 19.15588], [-98.25609, 19.15572]]]}}, {"id": "1650443", "type": "Feature", "properties": {"id": "1650443", "CVEGEO": "2104100270363003", "POBTOT": 222.0, "score_nse": 51.8057, "NSE": "C-", "VIVTOT": 103.0, "GRAPROES": 10.44, "_ent": "21", "_mun": "041", "_loc": "0027"}, "geometry": {"type": "Polygon", "coordinates": [[[-98.2561, 19.15492], [-98.25601, 19.15488], [-98.25673, 19.15361], [-98.25684, 19.15367], [-98.2561, 19.15492]]]}}, {"id": "1650444", "type": "Feature", "properties": {"id": "1650444", "CVEGEO": "2104100270344037", "POBTOT": 42.0, "score_nse": 39.6882, "NSE": "D+", "VIVTOT": 34.0, "GRAPROES": 9.61, "_ent": "21", "_mun": "041", "_loc": "0027"}, "geometry": {"type": "Polygon", "coordinates": [[[-98.2533, 19.15011], [-98.25362, 19.14941], [-98.25386, 19.14956], [-98.2536, 19.15022], [-98.2533, 19.15011]]]}}, {"id": "1650445", "type": "Feature", "properties": {"id": "1650445", "CVEGEO": "2104100270344013", "POBTOT": 29.0, "score_nse": 0.0, "NSE": "ND", "VIVTOT": 8.0, "GRAPROES": 9.52, "_ent": "21", "_mun": "041", "_loc": "0027"}, "geometry": {"type": "Polygon", "coordinates": [[[-98.25467, 19.15139], [-98.25505, 19.15163], [-98.25488, 19.15187], [-98.25467, 19.15139]]]}}, {"id": "1650446", "type": "Feature", "properties": {"id": "1650446", "CVEGEO": "2104100270344012", "POBTOT": 78.0, "score_nse": 46.2373, "NSE": "C-", "VIVTOT": 38.0, "GRAPROES": 10.19, "_ent": "21", "_mun": "041", "_loc": "0027"}, "geometry": {"type": "Polygon", "coordinates": [[[-98.25667, 19.15234], [-98.25698, 19.15253], [-98.2565, 19.15315], [-98.25624, 19.15298], [-98.25667, 19.15234]]]}}, {"id": "1650447", "type": "Feature", "properties": {"id": "1650447", "CVEGEO": "2104100270344002", "POBTOT": 63.0, "score_nse": 0.0, "NSE": "ND", "VIVTOT": 36.0, "GRAPROES": 10.93, "_ent": "21", "_mun": "041", "_loc": "0027"}, "geometry": {"type": "Polygon", "coordinates": [[[-98.25548, 19.1517], [-98.25578, 19.15179], [-98.25534, 19.15242], [-98.25512, 19.15228], [-98.25548, 19.1517]]]}}, {"id": "1650448", "type": "Feature", "properties": {"id": "1650448", "CVEGEO": "2104100270363008", "POBTOT": 65.0, "score_nse": 48.9857, "NSE": "C-", "VIVTOT": 28.0, "GRAPROES": 11.0, "_ent": "21", "_mun": "041", "_loc": "0027"}, "geometry": {"type": "Polygon", "coordinates": [[[-98.25604, 19.15581], [-98.25625, 19.15593], [-98.2561, 19.15619], [-98.25588, 19.15606], [-98.25604, 19.15581]]]}}, {"id": "1650452", "type": "Feature", "properties": {"id": "1650452", "CVEGEO": "2104100270378026", "POBTOT": 169.0, "score_nse": 51.0414, "NSE": "C-", "VIVTOT": 89.0, "GRAPROES": 10.27, "_ent": "21", "_mun": "041", "_loc": "0027"}, "geometry": {"type": "Polygon", "coordinates": [[[-98.25678, 19.1496], [-98.25729, 19.1489], [-98.25737, 19.14896], [-98.25746, 19.14914], [-98.25701, 19.14976], [-98.25678, 19.1496]]]}}, {"id": "1650454", "type": "Feature", "properties": {"id": "1650454", "CVEGEO": "2104100270378006", "POBTOT": 242.0, "score_nse": 54.021, "NSE": "C-", "VIVTOT": 120.0, "GRAPROES": 11.06, "_ent": "21", "_mun": "041", "_loc": "0027"}, "geometry": {"type": "Polygon", "coordinates": [[[-98.25664, 19.1497], [-98.25686, 19.14984], [-98.2562, 19.15078], [-98.25597, 19.15064], [-98.25664, 19.1497]]]}}, {"id": "1650455", "type": "Feature", "properties": {"id": "1650455", "CVEGEO": "2104100270363022", "POBTOT": 145.0, "score_nse": 55.7881, "NSE": "C", "VIVTOT": 64.0, "GRAPROES": 10.86, "_ent": "21", "_mun": "041", "_loc": "0027"}, "geometry": {"type": "Polygon", "coordinates": [[[-98.2556, 19.15332], [-98.25607, 19.15355], [-98.25593, 19.15378], [-98.25547, 19.15355], [-98.2556, 19.15332]]]}}, {"id": "1650456", "type": "Feature", "properties": {"id": "1650456", "CVEGEO": "2104100270363021", "POBTOT": 95.0, "score_nse": 53.5153, "NSE": "C-", "VIVTOT": 44.0, "GRAPROES": 10.22, "_ent": "21", "_mun": "041", "_loc": "0027"}, "geometry": {"type": "Polygon", "coordinates": [[[-98.25539, 19.15648], [-98.25551, 19.15655], [-98.25509, 19.15724], [-98.2549, 19.15729], [-98.25539, 19.15648]]]}}, {"id": "1650457", "type": "Feature", "properties": {"id": "1650457", "CVEGEO": "2104100270363009", "POBTOT": 61.0, "score_nse": 57.05, "NSE": "C", "VIVTOT": 24.0, "GRAPROES": 10.98, "_ent": "21", "_mun": "041", "_loc": "0027"}, "geometry": {"type": "Polygon", "coordinates": [[[-98.25586, 19.15611], [-98.25607, 19.15623], [-98.25592, 19.15648], [-98.2557, 19.15636], [-98.25586, 19.15611]]]}}, {"id": "1650459", "type": "Feature", "properties": {"id": "1650459", "CVEGEO": "2104100270344017", "POBTOT": 101.0, "score_nse": 43.9102, "NSE": "C-", "VIVTOT": 55.0, "GRAPROES": 10.42, "_ent": "21", "_mun": "041", "_loc": "0027"}, "geometry": {"type": "Polygon", "coordinates": [[[-98.2553, 19.15029], [-98.25556, 19.15045], [-98.25496, 19.15144], [-98.25469, 19.15124], [-98.2553, 19.15029]]]}}, {"id": "1650460", "type": "Feature", "properties": {"id": "1650460", "CVEGEO": "2104100270344016", "POBTOT": 65.0, "score_nse": 47.4426, "NSE": "C-", "VIVTOT": 39.0, "GRAPROES": 10.69, "_ent": "21", "_mun": "041", "_loc": "0027"}, "geometry": {"type": "Polygon", "coordinates": [[[-98.257, 19.15254], [-98.25731, 19.15274], [-98.25681, 19.15335], [-98.25654, 19.15318], [-98.257, 19.15254]]]}}, {"id": "1650469", "type": "Feature", "properties": {"id": "1650469", "CVEGEO": "2104100270363001", "POBTOT": 31.0, "score_nse": 0.0, "NSE": "ND", "VIVTOT": 16.0, "GRAPROES": 11.45, "_ent": "21", "_mun": "041", "_loc": "0027"}, "geometry": {"type": "Polygon", "coordinates": [[[-98.25615, 19.15517], [-98.25641, 19.15531], [-98.25596, 19.15578], [-98.25584, 19.15571], [-98.25615, 19.15517]]]}}, {"id": "1650479", "type": "Feature", "properties": {"id": "1650479", "CVEGEO": "2104100270378051", "POBTOT": 25.0, "score_nse": 62.0845, "NSE": "C", "VIVTOT": 16.0, "GRAPROES": 14.6, "_ent": "21", "_mun": "041", "_loc": "0027"}, "geometry": {"type": "Polygon", "coordinates": [[[-98.25963, 19.14808], [-98.25944, 19.14836], [-98.25925, 19.14824], [-98.25944, 19.14796], [-98.25963, 19.14808]]]}}, {"id": "1650480", "type": "Feature", "properties": {"id": "1650480", "CVEGEO": "2104100270378048", "POBTOT": 113.0, "score_nse": 54.4954, "NSE": "C-", "VIVTOT": 53.0, "GRAPROES": 10.44, "_ent": "21", "_mun": "041", "_loc": "0027"}, "geometry": {"type": "Polygon", "coordinates": [[[-98.25759, 19.15004], [-98.25733, 19.15001], [-98.25776, 19.14939], [-98.25798, 19.14952], [-98.25797, 19.14971], [-98.25764, 19.15019], [-98.25759, 19.15004]]]}}, {"id": "1650481", "type": "Feature", "properties": {"id": "1650481", "CVEGEO": "2104100270378047", "POBTOT": 67.0, "score_nse": 47.6933, "NSE": "C-", "VIVTOT": 41.0, "GRAPROES": 10.57, "_ent": "21", "_mun": "041", "_loc": "0027"}, "geometry": {"type": "Polygon", "coordinates": [[[-98.25962, 19.15108], [-98.25921, 19.15104], [-98.25964, 19.15039], [-98.25982, 19.15053], [-98.25962, 19.15108]]]}}, {"id": "1650482", "type": "Feature", "properties": {"id": "1650482", "CVEGEO": "2104100270378034", "POBTOT": 173.0, "score_nse": 51.4442, "NSE": "C-", "VIVTOT": 83.0, "GRAPROES": 10.81, "_ent": "21", "_mun": "041", "_loc": "0027"}, "geometry": {"type": "Polygon", "coordinates": [[[-98.25892, 19.15084], [-98.25936, 19.15021], [-98.25959, 19.15036], [-98.25915, 19.15099], [-98.25892, 19.15084]]]}}, {"id": "1650483", "type": "Feature", "properties": {"id": "1650483", "CVEGEO": "2104100270378033", "POBTOT": 131.0, "score_nse": 42.6488, "NSE": "C-", "VIVTOT": 96.0, "GRAPROES": 10.22, "_ent": "21", "_mun": "041", "_loc": "0027"}, "geometry": {"type": "Polygon", "coordinates": [[[-98.25592, 19.14907], [-98.25642, 19.14836], [-98.25665, 19.14852], [-98.25616, 19.14923], [-98.25592, 19.14907]]]}}, {"id": "1650484", "type": "Feature", "properties": {"id": "1650484", "CVEGEO": "2104100270378032", "POBTOT": 205.0, "score_nse": 53.7552, "NSE": "C-", "VIVTOT": 84.0, "GRAPROES": 9.97, "_ent": "21", "_mun": "041", "_loc": "0027"}, "geometry": {"type": "Polygon", "coordinates": [[[-98.25835, 19.15049], [-98.2588, 19.14986], [-98.25902, 19.15], [-98.25858, 19.15063], [-98.25835, 19.15049]]]}}, {"id": "1650485", "type": "Feature", "properties": {"id": "1650485", "CVEGEO": "2104100270378031", "POBTOT": 149.0, "score_nse": 46.797, "NSE": "C-", "VIVTOT": 96.0, "GRAPROES": 10.17, "_ent": "21", "_mun": "041", "_loc": "0027"}, "geometry": {"type": "Polygon", "coordinates": [[[-98.2562, 19.14925], [-98.2567, 19.14855], [-98.25693, 19.14869], [-98.25644, 19.14939], [-98.2562, 19.14925]]]}}, {"id": "1650486", "type": "Feature", "properties": {"id": "1650486", "CVEGEO": "2104100270378030", "POBTOT": 109.0, "score_nse": 48.9645, "NSE": "C-", "VIVTOT": 68.0, "GRAPROES": 10.69, "_ent": "21", "_mun": "041", "_loc": "0027"}, "geometry": {"type": "Polygon", "coordinates": [[[-98.25807, 19.15031], [-98.25842, 19.14979], [-98.25873, 19.14982], [-98.25829, 19.15046], [-98.25807, 19.15031]]]}}, {"id": "1650487", "type": "Feature", "properties": {"id": "1650487", "CVEGEO": "2104100270378029", "POBTOT": 150.0, "score_nse": 49.6714, "NSE": "C-", "VIVTOT": 95.0, "GRAPROES": 10.98, "_ent": "21", "_mun": "041", "_loc": "0027"}, "geometry": {"type": "Polygon", "coordinates": [[[-98.25649, 19.14943], [-98.257, 19.14873], [-98.25722, 19.14888], [-98.25673, 19.14959], [-98.25649, 19.14943]]]}}, {"id": "1650488", "type": "Feature", "properties": {"id": "1650488", "CVEGEO": "2104100270378013", "POBTOT": 34.0, "score_nse": 0.0, "NSE": "ND", "VIVTOT": 24.0, "GRAPROES": 12.0, "_ent": "21", "_mun": "041", "_loc": "0027"}, "geometry": {"type": "Polygon", "coordinates": [[[-98.25467, 19.14778], [-98.25502, 19.148], [-98.25485, 19.14823], [-98.2545, 19.14801], [-98.25467, 19.14778]]]}}, {"id": "1650489", "type": "Feature", "properties": {"id": "1650489", "CVEGEO": "2104100270378012", "POBTOT": 581.0, "score_nse": 50.2722, "NSE": "C-", "VIVTOT": 312.0, "GRAPROES": 10.42, "_ent": "21", "_mun": "041", "_loc": "0027"}, "geometry": {"type": "Polygon", "coordinates": [[[-98.2535, 19.14896], [-98.25377, 19.14828], [-98.25398, 19.14805], [-98.25409, 19.14813], [-98.25399, 19.1483], [-98.25415, 19.14816], [-98.25438, 19.14831], [-98.25428, 19.14847], [-98.25443, 19.14834], [-98.25468, 19.14849], [-98.25457, 19.14866], [-98.25473, 19.14852], [-98.25492, 19.14864], [-98.25465, 19.1489], [-98.25376, 19.14841], [-98.25461, 19.14895], [-98.25447, 19.14918], [-98.25364, 19.14872], [-98.25445, 19.14923], [-98.25443, 19.14954], [-98.2535, 19.14896]]]}}, {"id": "1650490", "type": "Feature", "properties": {"id": "1650490", "CVEGEO": "2104100270378011", "POBTOT": 0.0, "score_nse": 0.0, "NSE": "ND", "VIVTOT": 0.0, "GRAPROES": 0.0, "_ent": "21", "_mun": "041", "_loc": "0027"}, "geometry": {"type": "Polygon", "coordinates": [[[-98.25536, 19.14889], [-98.25478, 19.14989], [-98.25464, 19.14981], [-98.25453, 19.14944], [-98.25467, 19.14904], [-98.25515, 19.14874], [-98.25536, 19.14889]]]}}, {"id": "1650491", "type": "Feature", "properties": {"id": "1650491", "CVEGEO": "2104100270378010", "POBTOT": 211.0, "score_nse": 51.1913, "NSE": "C-", "VIVTOT": 120.0, "GRAPROES": 10.01, "_ent": "21", "_mun": "041", "_loc": "0027"}, "geometry": {"type": "Polygon", "coordinates": [[[-98.2555, 19.14899], [-98.25571, 19.14912], [-98.25506, 19.15006], [-98.25483, 19.14992], [-98.2555, 19.14899]]]}}, {"id": "1650492", "type": "Feature", "properties": {"id": "1650492", "CVEGEO": "2104100270378001", "POBTOT": 197.0, "score_nse": 59.4929, "NSE": "C", "VIVTOT": 84.0, "GRAPROES": 11.38, "_ent": "21", "_mun": "041", "_loc": "0027"}, "geometry": {"type": "Polygon", "coordinates": [[[-98.25863, 19.15066], [-98.25907, 19.15003], [-98.2593, 19.15018], [-98.25886, 19.15081], [-98.25863, 19.15066]]]}}, {"id": "1650493", "type": "Feature", "properties": {"id": "1650493", "CVEGEO": "2104100270363034", "POBTOT": 117.0, "score_nse": 52.448, "NSE": "C-", "VIVTOT": 48.0, "GRAPROES": 10.34, "_ent": "21", "_mun": "041", "_loc": "0027"}, "geometry": {"type": "Polygon", "coordinates": [[[-98.25537, 19.15587], [-98.25504, 19.1557], [-98.25517, 19.15546], [-98.25551, 19.15563], [-98.25537, 19.15587]]]}}, {"id": "1650494", "type": "Feature", "properties": {"id": "1650494", "CVEGEO": "2104100270363033", "POBTOT": 44.0, "score_nse": 49.9829, "NSE": "C-", "VIVTOT": 28.0, "GRAPROES": 10.22, "_ent": "21", "_mun": "041", "_loc": "0027"}, "geometry": {"type": "Polygon", "coordinates": [[[-98.25723, 19.15388], [-98.2571, 19.15412], [-98.25684, 19.15398], [-98.257, 19.15373], [-98.25723, 19.15388]]]}}, {"id": "1650495", "type": "Feature", "properties": {"id": "1650495", "CVEGEO": "2104100270363031", "POBTOT": 120.0, "score_nse": 48.6744, "NSE": "C-", "VIVTOT": 47.0, "GRAPROES": 9.47, "_ent": "21", "_mun": "041", "_loc": "0027"}, "geometry": {"type": "Polygon", "coordinates": [[[-98.25633, 19.15415], [-98.25598, 19.15397], [-98.25611, 19.15373], [-98.25645, 19.15391], [-98.25633, 19.15415]]]}}, {"id": "1650496", "type": "Feature", "properties": {"id": "1650496", "CVEGEO": "2104100270363030", "POBTOT": 321.0, "score_nse": 53.4306, "NSE": "C-", "VIVTOT": 126.0, "GRAPROES": 10.52, "_ent": "21", "_mun": "041", "_loc": "0027"}, "geometry": {"type": "Polygon", "coordinates": [[[-98.25413, 19.15727], [-98.25478, 19.1561], [-98.25521, 19.15631], [-98.25605, 19.15502], [-98.25476, 19.1573], [-98.25413, 19.15727]]]}}, {"id": "1650497", "type": "Feature", "properties": {"id": "1650497", "CVEGEO": "2104100270363029", "POBTOT": 111.0, "score_nse": 54.5428, "NSE": "C-", "VIVTOT": 48.0, "GRAPROES": 10.27, "_ent": "21", "_mun": "041", "_loc": "0027"}, "geometry": {"type": "Polygon", "coordinates": [[[-98.25617, 19.15444], [-98.25582, 19.15427], [-98.25595, 19.15403], [-98.2563, 19.1542], [-98.25617, 19.15444]]]}}, {"id": "1650498", "type": "Feature", "properties": {"id": "1650498", "CVEGEO": "2104100270363017", "POBTOT": 57.0, "score_nse": 57.2683, "NSE": "C", "VIVTOT": 24.0, "GRAPROES": 11.63, "_ent": "21", "_mun": "041", "_loc": "0027"}, "geometry": {"type": "Polygon", "coordinates": [[[-98.25567, 19.15641], [-98.25589, 19.15653], [-98.25574, 19.15678], [-98.25552, 19.15666], [-98.25567, 19.15641]]]}}, {"id": "1650499", "type": "Feature", "properties": {"id": "1650499", "CVEGEO": "2104100270363016", "POBTOT": 67.0, "score_nse": 53.8968, "NSE": "C-", "VIVTOT": 32.0, "GRAPROES": 10.98, "_ent": "21", "_mun": "041", "_loc": "0027"}, "geometry": {"type": "Polygon", "coordinates": [[[-98.25648, 19.1546], [-98.25674, 19.15474], [-98.25661, 19.15498], [-98.25635, 19.15484], [-98.25648, 19.1546]]]}}, {"id": "1650500", "type": "Feature", "properties": {"id": "1650500", "CVEGEO": "2104100270363015", "POBTOT": 153.0, "score_nse": 55.0531, "NSE": "C", "VIVTOT": 64.0, "GRAPROES": 10.65, "_ent": "21", "_mun": "041", "_loc": "0027"}, "geometry": {"type": "Polygon", "coordinates": [[[-98.25528, 19.1539], [-98.25574, 19.15412], [-98.25562, 19.15435], [-98.25516, 19.15413], [-98.25528, 19.1539]]]}}, {"id": "1650501", "type": "Feature", "properties": {"id": "1650501", "CVEGEO": "2104100270363014", "POBTOT": 124.0, "score_nse": 50.9151, "NSE": "C-", "VIVTOT": 56.0, "GRAPROES": 10.54, "_ent": "21", "_mun": "041", "_loc": "0027"}, "geometry": {"type": "Polygon", "coordinates": [[[-98.25482, 19.15476], [-98.25527, 19.15499], [-98.25514, 19.15522], [-98.25469, 19.155], [-98.25482, 19.15476]]]}}, {"id": "1650502", "type": "Feature", "properties": {"id": "1650502", "CVEGEO": "2104100270363013", "POBTOT": 136.0, "score_nse": 53.6103, "NSE": "C-", "VIVTOT": 56.0, "GRAPROES": 10.08, "_ent": "21", "_mun": "041", "_loc": "0027"}, "geometry": {"type": "Polygon", "coordinates": [[[-98.25466, 19.15505], [-98.25512, 19.15527], [-98.25499, 19.15552], [-98.25453, 19.15529], [-98.25466, 19.15505]]]}}, {"id": "1650503", "type": "Feature", "properties": {"id": "1650503", "CVEGEO": "2104100270363012", "POBTOT": 152.0, "score_nse": 54.3536, "NSE": "C-", "VIVTOT": 64.0, "GRAPROES": 10.69, "_ent": "21", "_mun": "041", "_loc": "0027"}, "geometry": {"type": "Polygon", "coordinates": [[[-98.2545, 19.15535], [-98.25495, 19.15556], [-98.25484, 19.15581], [-98.25437, 19.15559], [-98.2545, 19.15535]]]}}, {"id": "1650504", "type": "Feature", "properties": {"id": "1650504", "CVEGEO": "2104100270359018", "POBTOT": 9.0, "score_nse": 0.0, "NSE": "ND", "VIVTOT": 5.0, "GRAPROES": 11.0, "_ent": "21", "_mun": "041", "_loc": "0027"}, "geometry": {"type": "Polygon", "coordinates": [[[-98.26262, 19.15422], [-98.26284, 19.15438], [-98.26277, 19.15447], [-98.26255, 19.15432], [-98.26262, 19.15422]]]}}, {"id": "1650505", "type": "Feature", "properties": {"id": "1650505", "CVEGEO": "2104100270359017", "POBTOT": 24.0, "score_nse": 0.0, "NSE": "ND", "VIVTOT": 12.0, "GRAPROES": 12.18, "_ent": "21", "_mun": "041", "_loc": "0027"}, "geometry": {"type": "Polygon", "coordinates": [[[-98.26277, 19.15402], [-98.26297, 19.15416], [-98.26286, 19.15436], [-98.26262, 19.1542], [-98.26277, 19.15402]]]}}, {"id": "1650506", "type": "Feature", "properties": {"id": "1650506", "CVEGEO": "2104100270359016", "POBTOT": 28.0, "score_nse": 0.0, "NSE": "ND", "VIVTOT": 13.0, "GRAPROES": 11.0, "_ent": "21", "_mun": "041", "_loc": "0027"}, "geometry": {"type": "Polygon", "coordinates": [[[-98.26296, 19.1538], [-98.26326, 19.15341], [-98.26337, 19.15348], [-98.26311, 19.15389], [-98.26296, 19.1538]]]}}, {"id": "1650507", "type": "Feature", "properties": {"id": "1650507", "CVEGEO": "2104100270359015", "POBTOT": 113.0, "score_nse": 53.876, "NSE": "C-", "VIVTOT": 58.0, "GRAPROES": 10.74, "_ent": "21", "_mun": "041", "_loc": "0027"}, "geometry": {"type": "Polygon", "coordinates": [[[-98.25975, 19.15166], [-98.26002, 19.15165], [-98.25981, 19.15151], [-98.25993, 19.15122], [-98.26022, 19.15135], [-98.25995, 19.15117], [-98.26003, 19.15101], [-98.26051, 19.15135], [-98.25994, 19.15219], [-98.25959, 19.15196], [-98.25975, 19.15166]]]}}, {"id": "1650508", "type": "Feature", "properties": {"id": "1650508", "CVEGEO": "2104100270382007", "POBTOT": 134.0, "score_nse": 56.7442, "NSE": "C", "VIVTOT": 63.0, "GRAPROES": 11.17, "_ent": "21", "_mun": "041", "_loc": "0027"}, "geometry": {"type": "Polygon", "coordinates": [[[-98.26149, 19.15124], [-98.26166, 19.15102], [-98.26209, 19.15135], [-98.26193, 19.15154], [-98.26149, 19.15124]]]}}, {"id": "1650509", "type": "Feature", "properties": {"id": "1650509", "CVEGEO": "2104100270382006", "POBTOT": 870.0, "score_nse": 54.2631, "NSE": "C-", "VIVTOT": 399.0, "GRAPROES": 10.63, "_ent": "21", "_mun": "041", "_loc": "0027"}, "geometry": {"type": "Polygon", "coordinates": [[[-98.26438, 19.15187], [-98.2635, 19.15332], [-98.25994, 19.15092], [-98.25996, 19.15067], [-98.26059, 19.15078], [-98.26055, 19.151], [-98.2608, 19.15087], [-98.26091, 19.15097], [-98.26077, 19.15118], [-98.26104, 19.15103], [-98.2612, 19.15113], [-98.26107, 19.15137], [-98.26133, 19.15122], [-98.26148, 19.15133], [-98.26135, 19.15156], [-98.26151, 19.15138], [-98.26174, 19.1515], [-98.26161, 19.15175], [-98.26183, 19.15156], [-98.26206, 19.15175], [-98.26191, 19.15195], [-98.26209, 19.15177], [-98.26229, 19.15187], [-98.26219, 19.15213], [-98.2624, 19.15196], [-98.26261, 19.15211], [-98.26246, 19.15231], [-98.26268, 19.15215], [-98.26285, 19.15236], [-98.26275, 19.15252], [-98.26292, 19.1524], [-98.26345, 19.15286], [-98.26337, 19.1527], [-98.26356, 19.15255], [-98.26387, 19.15266], [-98.26361, 19.15245], [-98.26379, 19.15228], [-98.26402, 19.1524], [-98.26381, 19.15221], [-98.26398, 19.15201], [-98.2642, 19.15212], [-98.26401, 19.15193], [-98.26413, 19.15177], [-98.26438, 19.15187]]]}}, {"id": "1650510", "type": "Feature", "properties": {"id": "1650510", "CVEGEO": "2104100270382005", "POBTOT": 0.0, "score_nse": 0.0, "NSE": "ND", "VIVTOT": 0.0, "GRAPROES": 0.0, "_ent": "21", "_mun": "041", "_loc": "0027"}, "geometry": {"type": "Polygon", "coordinates": [[[-98.2629, 19.15229], [-98.26316, 19.15161], [-98.26343, 19.15156], [-98.26367, 19.15175], [-98.26333, 19.15221], [-98.26358, 19.15237], [-98.26341, 19.15259], [-98.26323, 19.15262], [-98.2629, 19.15229]]]}}, {"id": "1650511", "type": "Feature", "properties": {"id": "1650511", "CVEGEO": "210410027033A047", "POBTOT": 24.0, "score_nse": 0.0, "NSE": "ND", "VIVTOT": 18.0, "GRAPROES": 8.69, "_ent": "21", "_mun": "041", "_loc": "0027"}, "geometry": {"type": "Polygon", "coordinates": [[[-98.25562, 19.15993], [-98.25596, 19.16035], [-98.25559, 19.16038], [-98.25537, 19.16011], [-98.25562, 19.15993]]]}}, {"id": "1650512", "type": "Feature", "properties": {"id": "1650512", "CVEGEO": "210410027033A046", "POBTOT": 51.0, "score_nse": 49.3973, "NSE": "C-", "VIVTOT": 30.0, "GRAPROES": 10.67, "_ent": "21", "_mun": "041", "_loc": "0027"}, "geometry": {"type": "Polygon", "coordinates": [[[-98.25592, 19.15972], [-98.25641, 19.16033], [-98.25604, 19.16035], [-98.25566, 19.15989], [-98.25592, 19.15972]]]}}, {"id": "1650513", "type": "Feature", "properties": {"id": "1650513", "CVEGEO": "210410027033A045", "POBTOT": 65.0, "score_nse": 45.0922, "NSE": "C-", "VIVTOT": 36.0, "GRAPROES": 9.65, "_ent": "21", "_mun": "041", "_loc": "0027"}, "geometry": {"type": "Polygon", "coordinates": [[[-98.25622, 19.15951], [-98.25668, 19.16009], [-98.25655, 19.16032], [-98.25598, 19.15968], [-98.25622, 19.15951]]]}}, {"id": "1650514", "type": "Feature", "properties": {"id": "1650514", "CVEGEO": "210410027033A044", "POBTOT": 49.0, "score_nse": 50.2649, "NSE": "C-", "VIVTOT": 28.0, "GRAPROES": 10.94, "_ent": "21", "_mun": "041", "_loc": "0027"}, "geometry": {"type": "Polygon", "coordinates": [[[-98.25653, 19.15931], [-98.25687, 19.15973], [-98.25671, 19.16002], [-98.25628, 19.15949], [-98.25653, 19.15931]]]}}, {"id": "1650515", "type": "Feature", "properties": {"id": "1650515", "CVEGEO": "210410027033A035", "POBTOT": 84.0, "score_nse": 54.3398, "NSE": "C-", "VIVTOT": 42.0, "GRAPROES": 10.7, "_ent": "21", "_mun": "041", "_loc": "0027"}, "geometry": {"type": "Polygon", "coordinates": [[[-98.25804, 19.1567], [-98.25855, 19.15605], [-98.25887, 19.15629], [-98.25829, 19.15688], [-98.25804, 19.1567]]]}}, {"id": "1650555", "type": "Feature", "properties": {"id": "1650555", "CVEGEO": "210410027033A010", "POBTOT": 24.0, "score_nse": 52.8098, "NSE": "C-", "VIVTOT": 11.0, "GRAPROES": 11.0, "_ent": "21", "_mun": "041", "_loc": "0027"}, "geometry": {"type": "Polygon", "coordinates": [[[-98.25739, 19.15703], [-98.25766, 19.15718], [-98.25757, 19.15734], [-98.25722, 19.15733], [-98.25739, 19.15703]]]}}, {"id": "1650572", "type": "Feature", "properties": {"id": "1650572", "CVEGEO": "210410027033A028", "POBTOT": 106.0, "score_nse": 55.2999, "NSE": "C", "VIVTOT": 37.0, "GRAPROES": 9.91, "_ent": "21", "_mun": "041", "_loc": "0027"}, "geometry": {"type": "Polygon", "coordinates": [[[-98.25599, 19.15673], [-98.25681, 19.15714], [-98.25682, 19.15718], [-98.25649, 19.15731], [-98.25585, 19.15699], [-98.25599, 19.15673]]]}}, {"id": "1650573", "type": "Feature", "properties": {"id": "1650573", "CVEGEO": "210410027033A008", "POBTOT": 55.0, "score_nse": 59.5276, "NSE": "C", "VIVTOT": 22.0, "GRAPROES": 10.91, "_ent": "21", "_mun": "041", "_loc": "0027"}, "geometry": {"type": "Polygon", "coordinates": [[[-98.25708, 19.15758], [-98.25739, 19.15759], [-98.25737, 19.1581], [-98.25707, 19.15806], [-98.25708, 19.15758]]]}}, {"id": "1650574", "type": "Feature", "properties": {"id": "1650574", "CVEGEO": "210410027033A007", "POBTOT": 48.0, "score_nse": 54.8042, "NSE": "C-", "VIVTOT": 19.0, "GRAPROES": 10.7, "_ent": "21", "_mun": "041", "_loc": "0027"}, "geometry": {"type": "Polygon", "coordinates": [[[-98.25801, 19.1585], [-98.25877, 19.15873], [-98.2587, 19.15893], [-98.25794, 19.1587], [-98.25801, 19.1585]]]}}, {"id": "1650596", "type": "Feature", "properties": {"id": "1650596", "CVEGEO": "2104100270382008", "POBTOT": 147.0, "score_nse": 54.6234, "NSE": "C-", "VIVTOT": 70.0, "GRAPROES": 11.13, "_ent": "21", "_mun": "041", "_loc": "0027"}, "geometry": {"type": "Polygon", "coordinates": [[[-98.26169, 19.15098], [-98.26186, 19.15075], [-98.26231, 19.15105], [-98.2621, 19.15126], [-98.26169, 19.15098]]]}}, {"id": "1650612", "type": "Feature", "properties": {"id": "1650612", "CVEGEO": "210410027033A011", "POBTOT": 97.0, "score_nse": 55.3684, "NSE": "C", "VIVTOT": 36.0, "GRAPROES": 10.63, "_ent": "21", "_mun": "041", "_loc": "0027"}, "geometry": {"type": "Polygon", "coordinates": [[[-98.25894, 19.1578], [-98.25924, 19.15789], [-98.259, 19.15863], [-98.25869, 19.15855], [-98.25894, 19.1578]]]}}, {"id": "1650617", "type": "Feature", "properties": {"id": "1650617", "CVEGEO": "210410027033A030", "POBTOT": 39.0, "score_nse": 59.424, "NSE": "C", "VIVTOT": 17.0, "GRAPROES": 11.27, "_ent": "21", "_mun": "041", "_loc": "0027"}, "geometry": {"type": "Polygon", "coordinates": [[[-98.2567, 19.15628], [-98.25702, 19.15644], [-98.25688, 19.1567], [-98.25655, 19.15654], [-98.2567, 19.15628]]]}}, {"id": "1650632", "type": "Feature", "properties": {"id": "1650632", "CVEGEO": "2104100270344029", "POBTOT": 46.0, "score_nse": 0.0, "NSE": "ND", "VIVTOT": 24.0, "GRAPROES": 10.92, "_ent": "21", "_mun": "041", "_loc": "0027"}, "geometry": {"type": "Polygon", "coordinates": [[[-98.25749, 19.15428], [-98.25794, 19.1545], [-98.25779, 19.15477], [-98.25733, 19.15453], [-98.25749, 19.15428]]]}}, {"id": "1650633", "type": "Feature", "properties": {"id": "1650633", "CVEGEO": "2104100270344028", "POBTOT": 10.0, "score_nse": 0.0, "NSE": "ND", "VIVTOT": 3.0, "GRAPROES": 13.29, "_ent": "21", "_mun": "041", "_loc": "0027"}, "geometry": {"type": "Polygon", "coordinates": [[[-98.25771, 19.15432], [-98.258, 19.1544], [-98.25797, 19.15446], [-98.25771, 19.15432]]]}}, {"id": "1650634", "type": "Feature", "properties": {"id": "1650634", "CVEGEO": "210410027033A048", "POBTOT": 0.0, "score_nse": 0.0, "NSE": "ND", "VIVTOT": 0.0, "GRAPROES": 0.0, "_ent": "21", "_mun": "041", "_loc": "0027"}, "geometry": {"type": "Polygon", "coordinates": [[[-98.25502, 19.16046], [-98.25532, 19.16015], [-98.25553, 19.16039], [-98.25502, 19.16046]]]}}, {"id": "1650657", "type": "Feature", "properties": {"id": "1650657", "CVEGEO": "210410027033A029", "POBTOT": 90.0, "score_nse": 58.3844, "NSE": "C", "VIVTOT": 45.0, "GRAPROES": 11.27, "_ent": "21", "_mun": "041", "_loc": "0027"}, "geometry": {"type": "Polygon", "coordinates": [[[-98.25619, 19.15642], [-98.25704, 19.15685], [-98.25689, 19.15712], [-98.25603, 19.15668], [-98.25619, 19.15642]]]}}, {"id": "1650659", "type": "Feature", "properties": {"id": "1650659", "CVEGEO": "2104100270382020", "POBTOT": 31.0, "score_nse": 49.34, "NSE": "C-", "VIVTOT": 20.0, "GRAPROES": 11.84, "_ent": "21", "_mun": "041", "_loc": "0027"}, "geometry": {"type": "Polygon", "coordinates": [[[-98.264, 19.15123], [-98.26379, 19.15108], [-98.26395, 19.1509], [-98.26413, 19.15101], [-98.264, 19.15123]]]}}, {"id": "1650660", "type": "Feature", "properties": {"id": "1650660", "CVEGEO": "2104100270382019", "POBTOT": 0.0, "score_nse": 0.0, "NSE": "ND", "VIVTOT": 0.0, "GRAPROES": 0.0, "_ent": "21", "_mun": "041", "_loc": "0027"}, "geometry": {"type": "Polygon", "coordinates": [[[-98.26454, 19.15109], [-98.26397, 19.15087], [-98.26422, 19.15055], [-98.26468, 19.15075], [-98.26454, 19.15109]]]}}, {"id": "1650661", "type": "Feature", "properties": {"id": "1650661", "CVEGEO": "2104100270382018", "POBTOT": 144.0, "score_nse": 52.0933, "NSE": "C-", "VIVTOT": 79.0, "GRAPROES": 11.11, "_ent": "21", "_mun": "041", "_loc": "0027"}, "geometry": {"type": "Polygon", "coordinates": [[[-98.26367, 19.15066], [-98.26397, 19.15026], [-98.26425, 19.15045], [-98.26391, 19.15082], [-98.26367, 19.15066]]]}}, {"id": "1650662", "type": "Feature", "properties": {"id": "1650662", "CVEGEO": "2104100270382011", "POBTOT": 132.0, "score_nse": 49.3695, "NSE": "C-", "VIVTOT": 80.0, "GRAPROES": 11.39, "_ent": "21", "_mun": "041", "_loc": "0027"}, "geometry": {"type": "Polygon", "coordinates": [[[-98.26343, 19.15153], [-98.26375, 19.15113], [-98.26395, 19.15128], [-98.26367, 19.15172], [-98.26343, 19.15153]]]}}, {"id": "1650663", "type": "Feature", "properties": {"id": "1650663", "CVEGEO": "210410027033A016", "POBTOT": 60.0, "score_nse": 65.9243, "NSE": "C", "VIVTOT": 23.0, "GRAPROES": 10.91, "_ent": "21", "_mun": "041", "_loc": "0027"}, "geometry": {"type": "Polygon", "coordinates": [[[-98.25767, 19.15651], [-98.25792, 19.15671], [-98.25769, 19.15712], [-98.25741, 19.15697], [-98.25767, 19.15651]]]}}, {"id": "1650664", "type": "Feature", "properties": {"id": "1650664", "CVEGEO": "210410027033A015", "POBTOT": 27.0, "score_nse": 64.5145, "NSE": "C", "VIVTOT": 11.0, "GRAPROES": 10.63, "_ent": "21", "_mun": "041", "_loc": "0027"}, "geometry": {"type": "Polygon", "coordinates": [[[-98.2575, 19.15638], [-98.25763, 19.15649], [-98.25738, 19.15694], [-98.25723, 19.15687], [-98.2575, 19.15638]]]}}, {"id": "1650665", "type": "Feature", "properties": {"id": "1650665", "CVEGEO": "210410027033A014", "POBTOT": 43.0, "score_nse": 61.8813, "NSE": "C", "VIVTOT": 19.0, "GRAPROES": 11.55, "_ent": "21", "_mun": "041", "_loc": "0027"}, "geometry": {"type": "Polygon", "coordinates": [[[-98.25703, 19.15758], [-98.25701, 19.15805], [-98.2567, 19.15795], [-98.25671, 19.15757], [-98.25703, 19.15758]]]}}, {"id": "1650666", "type": "Feature", "properties": {"id": "1650666", "CVEGEO": "210410027033A013", "POBTOT": 26.0, "score_nse": 0.0, "NSE": "ND", "VIVTOT": 10.0, "GRAPROES": 10.95, "_ent": "21", "_mun": "041", "_loc": "0027"}, "geometry": {"type": "Polygon", "coordinates": [[[-98.2578, 19.1584], [-98.25778, 19.15868], [-98.25748, 19.15925], [-98.25717, 19.15884], [-98.2578, 19.1584]]]}}, {"id": "1650707", "type": "Feature", "properties": {"id": "1650707", "CVEGEO": "210410027033A027", "POBTOT": 14.0, "score_nse": 0.0, "NSE": "ND", "VIVTOT": 6.0, "GRAPROES": 12.0, "_ent": "21", "_mun": "041", "_loc": "0027"}, "geometry": {"type": "Polygon", "coordinates": [[[-98.25582, 19.15704], [-98.25626, 19.15727], [-98.25566, 19.1573], [-98.25582, 19.15704]]]}}, {"id": "1650709", "type": "Feature", "properties": {"id": "1650709", "CVEGEO": "210410027033A034", "POBTOT": 101.0, "score_nse": 46.4741, "NSE": "C-", "VIVTOT": 42.0, "GRAPROES": 8.77, "_ent": "21", "_mun": "041", "_loc": "0027"}, "geometry": {"type": "Polygon", "coordinates": [[[-98.25775, 19.15648], [-98.25822, 19.1558], [-98.25854, 19.15604], [-98.258, 19.15667], [-98.25775, 19.15648]]]}}, {"id": "1650710", "type": "Feature", "properties": {"id": "1650710", "CVEGEO": "210410027033A033", "POBTOT": 52.0, "score_nse": 59.2608, "NSE": "C", "VIVTOT": 19.0, "GRAPROES": 11.34, "_ent": "21", "_mun": "041", "_loc": "0027"}, "geometry": {"type": "Polygon", "coordinates": [[[-98.25794, 19.15558], [-98.2582, 19.15579], [-98.2577, 19.15645], [-98.25752, 19.15631], [-98.25794, 19.15558]]]}}, {"id": "1650713", "type": "Feature", "properties": {"id": "1650713", "CVEGEO": "210410027033A017", "POBTOT": 33.0, "score_nse": 0.0, "NSE": "ND", "VIVTOT": 14.0, "GRAPROES": 10.86, "_ent": "21", "_mun": "041", "_loc": "0027"}, "geometry": {"type": "Polygon", "coordinates": [[[-98.25873, 19.15729], [-98.25764, 19.15735], [-98.25798, 19.15672], [-98.25873, 19.15729]]]}}, {"id": "1650718", "type": "Feature", "properties": {"id": "1650718", "CVEGEO": "210410027033A022", "POBTOT": 70.0, "score_nse": 55.5349, "NSE": "C", "VIVTOT": 35.0, "GRAPROES": 10.88, "_ent": "21", "_mun": "041", "_loc": "0027"}, "geometry": {"type": "Polygon", "coordinates": [[[-98.25739, 19.15964], [-98.25754, 19.15939], [-98.25832, 19.1596], [-98.25815, 19.15987], [-98.25739, 19.15964]]]}}, {"id": "1650719", "type": "Feature", "properties": {"id": "1650719", "CVEGEO": "210410027033A020", "POBTOT": 107.0, "score_nse": 60.6831, "NSE": "C", "VIVTOT": 44.0, "GRAPROES": 10.93, "_ent": "21", "_mun": "041", "_loc": "0027"}, "geometry": {"type": "Polygon", "coordinates": [[[-98.25911, 19.15849], [-98.25945, 19.15859], [-98.25965, 19.158], [-98.25996, 19.15809], [-98.25971, 19.15884], [-98.25905, 19.15865], [-98.25911, 19.15849]]]}}, {"id": "1650723", "type": "Feature", "properties": {"id": "1650723", "CVEGEO": "210410027033A025", "POBTOT": 20.0, "score_nse": 0.0, "NSE": "ND", "VIVTOT": 9.0, "GRAPROES": 11.79, "_ent": "21", "_mun": "041", "_loc": "0027"}, "geometry": {"type": "Polygon", "coordinates": [[[-98.25597, 19.15753], [-98.25627, 19.15755], [-98.25627, 19.15782], [-98.25596, 19.15772], [-98.25597, 19.15753]]]}}, {"id": "1650726", "type": "Feature", "properties": {"id": "1650726", "CVEGEO": "210410027033A019", "POBTOT": 30.0, "score_nse": 62.8385, "NSE": "C", "VIVTOT": 16.0, "GRAPROES": 11.35, "_ent": "21", "_mun": "041", "_loc": "0027"}, "geometry": {"type": "Polygon", "coordinates": [[[-98.25923, 19.15812], [-98.25953, 19.15821], [-98.25943, 19.15853], [-98.25913, 19.15844], [-98.25923, 19.15812]]]}}, {"id": "1650778", "type": "Feature", "properties": {"id": "1650778", "CVEGEO": "210410027033A024", "POBTOT": 23.0, "score_nse": 60.2371, "NSE": "C", "VIVTOT": 14.0, "GRAPROES": 10.65, "_ent": "21", "_mun": "041", "_loc": "0027"}, "geometry": {"type": "Polygon", "coordinates": [[[-98.25633, 19.15756], [-98.25665, 19.15757], [-98.25664, 19.15793], [-98.25633, 19.15784], [-98.25633, 19.15756]]]}}, {"id": "1650879", "type": "Feature", "properties": {"id": "1650879", "CVEGEO": "2104100270382004", "POBTOT": 118.0, "score_nse": 48.1943, "NSE": "C-", "VIVTOT": 53.0, "GRAPROES": 10.64, "_ent": "21", "_mun": "041", "_loc": "0027"}, "geometry": {"type": "Polygon", "coordinates": [[[-98.26303, 19.1519], [-98.26266, 19.15165], [-98.26282, 19.15144], [-98.26313, 19.15159], [-98.26303, 19.1519]]]}}, {"id": "1650880", "type": "Feature", "properties": {"id": "1650880", "CVEGEO": "210410027033A043", "POBTOT": 66.0, "score_nse": 54.668, "NSE": "C-", "VIVTOT": 22.0, "GRAPROES": 10.36, "_ent": "21", "_mun": "041", "_loc": "0027"}, "geometry": {"type": "Polygon", "coordinates": [[[-98.25682, 19.15909], [-98.25713, 19.15949], [-98.25689, 19.15968], [-98.25657, 19.15927], [-98.25682, 19.15909]]]}}, {"id": "1650881", "type": "Feature", "properties": {"id": "1650881", "CVEGEO": "210410027033A026", "POBTOT": 0.0, "score_nse": 0.0, "NSE": "ND", "VIVTOT": 0.0, "GRAPROES": 0.0, "_ent": "21", "_mun": "041", "_loc": "0027"}, "geometry": {"type": "Polygon", "coordinates": [[[-98.2559, 19.1577], [-98.25578, 19.15766], [-98.25564, 19.15754], [-98.2559, 19.15752], [-98.2559, 19.1577]]]}}, {"id": "1650891", "type": "Feature", "properties": {"id": "1650891", "CVEGEO": "2104100270344038", "POBTOT": 41.0, "score_nse": 58.5525, "NSE": "C", "VIVTOT": 16.0, "GRAPROES": 10.5, "_ent": "21", "_mun": "041", "_loc": "0027"}, "geometry": {"type": "Polygon", "coordinates": [[[-98.2574, 19.15503], [-98.25771, 19.15519], [-98.25757, 19.15545], [-98.25725, 19.1553], [-98.2574, 19.15503]]]}}, {"id": "1650892", "type": "Feature", "properties": {"id": "1650892", "CVEGEO": "210410027033A018", "POBTOT": 13.0, "score_nse": 0.0, "NSE": "ND", "VIVTOT": 8.0, "GRAPROES": 11.1, "_ent": "21", "_mun": "041", "_loc": "0027"}, "geometry": {"type": "Polygon", "coordinates": [[[-98.2593, 19.15789], [-98.2596, 19.15798], [-98.25955, 19.15815], [-98.25925, 19.15806], [-98.2593, 19.15789]]]}}, {"id": "1650915", "type": "Feature", "properties": {"id": "1650915", "CVEGEO": "210410027033A031", "POBTOT": 39.0, "score_nse": 54.4892, "NSE": "C-", "VIVTOT": 13.0, "GRAPROES": 9.14, "_ent": "21", "_mun": "041", "_loc": "0027"}, "geometry": {"type": "Polygon", "coordinates": [[[-98.25637, 19.15611], [-98.25665, 19.15626], [-98.25651, 19.15652], [-98.25622, 19.15637], [-98.25637, 19.15611]]]}}, {"id": "1650924", "type": "Feature", "properties": {"id": "1650924", "CVEGEO": "210410027033A049", "POBTOT": 0.0, "score_nse": 0.0, "NSE": "ND", "VIVTOT": 0.0, "GRAPROES": 0.0, "_ent": "21", "_mun": "041", "_loc": "0027"}, "geometry": {"type": "Polygon", "coordinates": [[[-98.25775, 19.15828], [-98.25742, 19.1582], [-98.25736, 19.15816], [-98.25754, 19.15816], [-98.25775, 19.15828]]]}}, {"id": "1650925", "type": "Feature", "properties": {"id": "1650925", "CVEGEO": "2104100270382017", "POBTOT": 808.0, "score_nse": 56.2936, "NSE": "C", "VIVTOT": 360.0, "GRAPROES": 11.26, "_ent": "21", "_mun": "041", "_loc": "0027"}, "geometry": {"type": "Polygon", "coordinates": [[[-98.26043, 19.1507], [-98.26015, 19.1504], [-98.26059, 19.14942], [-98.26083, 19.14958], [-98.26084, 19.14978], [-98.26124, 19.14966], [-98.26113, 19.14998], [-98.26133, 19.1497], [-98.26151, 19.1498], [-98.26143, 19.15017], [-98.2616, 19.1499], [-98.26182, 19.15], [-98.26171, 19.15036], [-98.2619, 19.15009], [-98.26214, 19.15023], [-98.262, 19.15055], [-98.26219, 19.15029], [-98.26243, 19.15043], [-98.26226, 19.15074], [-98.26248, 19.15048], [-98.26272, 19.15065], [-98.26244, 19.15102], [-98.26044, 19.14977], [-98.26094, 19.1502], [-98.26043, 19.1507]]]}}, {"id": "1650926", "type": "Feature", "properties": {"id": "1650926", "CVEGEO": "2104100270382016", "POBTOT": 152.0, "score_nse": 53.6461, "NSE": "C-", "VIVTOT": 69.0, "GRAPROES": 11.03, "_ent": "21", "_mun": "041", "_loc": "0027"}, "geometry": {"type": "Polygon", "coordinates": [[[-98.26128, 19.15072], [-98.26141, 19.15049], [-98.26184, 19.15074], [-98.26167, 19.15097], [-98.26128, 19.15072]]]}}, {"id": "1650927", "type": "Feature", "properties": {"id": "1650927", "CVEGEO": "2104100270382015", "POBTOT": 34.0, "score_nse": 0.0, "NSE": "ND", "VIVTOT": 19.0, "GRAPROES": 13.04, "_ent": "21", "_mun": "041", "_loc": "0027"}, "geometry": {"type": "Polygon", "coordinates": [[[-98.26098, 19.15026], [-98.26137, 19.1505], [-98.26125, 19.1507], [-98.26103, 19.15059], [-98.26122, 19.15072], [-98.26106, 19.15096], [-98.26071, 19.15068], [-98.26098, 19.15026]]]}}, {"id": "1650928", "type": "Feature", "properties": {"id": "1650928", "CVEGEO": "2104100270382014", "POBTOT": 131.0, "score_nse": 54.3894, "NSE": "C-", "VIVTOT": 62.0, "GRAPROES": 11.73, "_ent": "21", "_mun": "041", "_loc": "0027"}, "geometry": {"type": "Polygon", "coordinates": [[[-98.26146, 19.15122], [-98.26108, 19.15097], [-98.26123, 19.15074], [-98.26163, 19.15099], [-98.26146, 19.15122]]]}}, {"id": "1650929", "type": "Feature", "properties": {"id": "1650929", "CVEGEO": "2104100270382013", "POBTOT": 200.0, "score_nse": 47.3672, "NSE": "C-", "VIVTOT": 96.0, "GRAPROES": 11.3, "_ent": "21", "_mun": "041", "_loc": "0027"}, "geometry": {"type": "Polygon", "coordinates": [[[-98.26402, 19.15178], [-98.2636, 19.15236], [-98.26336, 19.1522], [-98.26379, 19.15163], [-98.26402, 19.15178]]]}}, {"id": "1650930", "type": "Feature", "properties": {"id": "1650930", "CVEGEO": "2104100270382012", "POBTOT": 97.0, "score_nse": 50.6013, "NSE": "C-", "VIVTOT": 48.0, "GRAPROES": 11.49, "_ent": "21", "_mun": "041", "_loc": "0027"}, "geometry": {"type": "Polygon", "coordinates": [[[-98.26381, 19.15161], [-98.264, 19.15131], [-98.26424, 19.15148], [-98.26405, 19.15176], [-98.26381, 19.15161]]]}}, {"id": "1650931", "type": "Feature", "properties": {"id": "1650931", "CVEGEO": "2104100270382003", "POBTOT": 175.0, "score_nse": 49.6547, "NSE": "C-", "VIVTOT": 90.0, "GRAPROES": 10.82, "_ent": "21", "_mun": "041", "_loc": "0027"}, "geometry": {"type": "Polygon", "coordinates": [[[-98.26249, 19.1511], [-98.26275, 19.15093], [-98.26317, 19.15122], [-98.26302, 19.15144], [-98.26249, 19.1511]]]}}, {"id": "1650932", "type": "Feature", "properties": {"id": "1650932", "CVEGEO": "2104100270382002", "POBTOT": 112.0, "score_nse": 52.4109, "NSE": "C-", "VIVTOT": 53.0, "GRAPROES": 10.77, "_ent": "21", "_mun": "041", "_loc": "0027"}, "geometry": {"type": "Polygon", "coordinates": [[[-98.26222, 19.15135], [-98.26234, 19.15113], [-98.26267, 19.15134], [-98.26253, 19.15155], [-98.26222, 19.15135]]]}}, {"id": "1650933", "type": "Feature", "properties": {"id": "1650933", "CVEGEO": "2104100270382001", "POBTOT": 237.0, "score_nse": 52.912, "NSE": "C-", "VIVTOT": 125.0, "GRAPROES": 11.38, "_ent": "21", "_mun": "041", "_loc": "0027"}, "geometry": {"type": "Polygon", "coordinates": [[[-98.26213, 19.15138], [-98.26301, 19.15192], [-98.26285, 19.15217], [-98.26199, 19.1516], [-98.26213, 19.15138]]]}}, {"id": "1650935", "type": "Feature", "properties": {"id": "1650935", "CVEGEO": "2104100270344043", "POBTOT": 37.0, "score_nse": 61.36, "NSE": "C", "VIVTOT": 14.0, "GRAPROES": 11.75, "_ent": "21", "_mun": "041", "_loc": "0027"}, "geometry": {"type": "Polygon", "coordinates": [[[-98.25674, 19.1555], [-98.25702, 19.15565], [-98.25688, 19.1559], [-98.25659, 19.15576], [-98.25674, 19.1555]]]}}, {"id": "1650936", "type": "Feature", "properties": {"id": "1650936", "CVEGEO": "2104100270344042", "POBTOT": 43.0, "score_nse": 0.0, "NSE": "ND", "VIVTOT": 14.0, "GRAPROES": 9.48, "_ent": "21", "_mun": "041", "_loc": "0027"}, "geometry": {"type": "Polygon", "coordinates": [[[-98.25708, 19.15567], [-98.25737, 19.15582], [-98.25722, 19.15608], [-98.25693, 19.15593], [-98.25708, 19.15567]]]}}, {"id": "1650937", "type": "Feature", "properties": {"id": "1650937", "CVEGEO": "2104100270344041", "POBTOT": 106.0, "score_nse": 54.4063, "NSE": "C-", "VIVTOT": 47.0, "GRAPROES": 11.49, "_ent": "21", "_mun": "041", "_loc": "0027"}, "geometry": {"type": "Polygon", "coordinates": [[[-98.25694, 19.1552], [-98.25774, 19.1556], [-98.25741, 19.15617], [-98.25728, 19.15611], [-98.25745, 19.1558], [-98.25676, 19.15545], [-98.25694, 19.1552]]]}}, {"id": "1650938", "type": "Feature", "properties": {"id": "1650938", "CVEGEO": "2104100270344039", "POBTOT": 25.0, "score_nse": 67.748, "NSE": "C", "VIVTOT": 12.0, "GRAPROES": 12.75, "_ent": "21", "_mun": "041", "_loc": "0027"}, "geometry": {"type": "Polygon", "coordinates": [[[-98.25711, 19.15489], [-98.25734, 19.15501], [-98.25721, 19.15527], [-98.25697, 19.15515], [-98.25711, 19.15489]]]}}, {"id": "1650939", "type": "Feature", "properties": {"id": "1650939", "CVEGEO": "2104100270344024", "POBTOT": 3.0, "score_nse": 0.0, "NSE": "ND", "VIVTOT": 2.0, "GRAPROES": 0.0, "_ent": "21", "_mun": "041", "_loc": "0027"}, "geometry": {"type": "Polygon", "coordinates": [[[-98.25752, 19.15422], [-98.2577, 19.15421], [-98.25765, 19.15429], [-98.25752, 19.15422]]]}}, {"id": "1650940", "type": "Feature", "properties": {"id": "1650940", "CVEGEO": "210410027033A041", "POBTOT": 103.0, "score_nse": 53.2142, "NSE": "C-", "VIVTOT": 51.0, "GRAPROES": 10.45, "_ent": "21", "_mun": "041", "_loc": "0027"}, "geometry": {"type": "Polygon", "coordinates": [[[-98.25708, 19.1603], [-98.25737, 19.1597], [-98.25814, 19.15992], [-98.25791, 19.16028], [-98.25776, 19.16024], [-98.25783, 19.15999], [-98.25771, 19.16024], [-98.25735, 19.16026], [-98.25746, 19.15988], [-98.25724, 19.16029], [-98.25708, 19.1603]]]}}, {"id": "1650941", "type": "Feature", "properties": {"id": "1650941", "CVEGEO": "210410027033A039", "POBTOT": 17.0, "score_nse": 0.0, "NSE": "ND", "VIVTOT": 12.0, "GRAPROES": 8.58, "_ent": "21", "_mun": "041", "_loc": "0027"}, "geometry": {"type": "Polygon", "coordinates": [[[-98.25978, 19.15679], [-98.26012, 19.15703], [-98.25955, 19.15717], [-98.25977, 19.15689], [-98.25978, 19.15679]]]}}, {"id": "1650942", "type": "Feature", "properties": {"id": "1650942", "CVEGEO": "210410027033A038", "POBTOT": 62.0, "score_nse": 0.0, "NSE": "ND", "VIVTOT": 29.0, "GRAPROES": 9.53, "_ent": "21", "_mun": "041", "_loc": "0027"}, "geometry": {"type": "Polygon", "coordinates": [[[-98.25902, 19.15724], [-98.25958, 19.15664], [-98.25973, 19.15675], [-98.25944, 19.1572], [-98.25902, 19.15724]]]}}, {"id": "1650943", "type": "Feature", "properties": {"id": "1650943", "CVEGEO": "210410027033A037", "POBTOT": 81.0, "score_nse": 53.218, "NSE": "C-", "VIVTOT": 41.0, "GRAPROES": 10.16, "_ent": "21", "_mun": "041", "_loc": "0027"}, "geometry": {"type": "Polygon", "coordinates": [[[-98.25863, 19.15713], [-98.25914, 19.15649], [-98.25949, 19.15673], [-98.25879, 19.15725], [-98.25863, 19.15713]]]}}, {"id": "1650944", "type": "Feature", "properties": {"id": "1650944", "CVEGEO": "210410027033A006", "POBTOT": 23.0, "score_nse": 61.1483, "NSE": "C", "VIVTOT": 13.0, "GRAPROES": 11.24, "_ent": "21", "_mun": "041", "_loc": "0027"}, "geometry": {"type": "Polygon", "coordinates": [[[-98.25805, 19.15819], [-98.25869, 19.15837], [-98.25864, 19.15853], [-98.258, 19.15831], [-98.25805, 19.15819]]]}}, {"id": "1650945", "type": "Feature", "properties": {"id": "1650945", "CVEGEO": "210410027033A005", "POBTOT": 49.0, "score_nse": 49.3244, "NSE": "C-", "VIVTOT": 21.0, "GRAPROES": 10.44, "_ent": "21", "_mun": "041", "_loc": "0027"}, "geometry": {"type": "Polygon", "coordinates": [[[-98.25841, 19.15794], [-98.2588, 19.15803], [-98.2587, 19.15833], [-98.25811, 19.15815], [-98.25841, 19.15794]]]}}, {"id": "1650946", "type": "Feature", "properties": {"id": "1650946", "CVEGEO": "210410027033A004", "POBTOT": 21.0, "score_nse": 0.0, "NSE": "ND", "VIVTOT": 7.0, "GRAPROES": 10.08, "_ent": "21", "_mun": "041", "_loc": "0027"}, "geometry": {"type": "Polygon", "coordinates": [[[-98.25852, 19.15789], [-98.25888, 19.15778], [-98.25881, 19.15799], [-98.25852, 19.15789]]]}}, {"id": "1650947", "type": "Feature", "properties": {"id": "1650947", "CVEGEO": "210410027033A003", "POBTOT": 48.0, "score_nse": 0.0, "NSE": "ND", "VIVTOT": 12.0, "GRAPROES": 10.44, "_ent": "21", "_mun": "041", "_loc": "0027"}, "geometry": {"type": "Polygon", "coordinates": [[[-98.25783, 19.15761], [-98.25843, 19.15763], [-98.25842, 19.15779], [-98.25782, 19.15777], [-98.25783, 19.15761]]]}}, {"id": "1650948", "type": "Feature", "properties": {"id": "1650948", "CVEGEO": "210410027033A001", "POBTOT": 25.0, "score_nse": 59.4647, "NSE": "C", "VIVTOT": 12.0, "GRAPROES": 12.4, "_ent": "21", "_mun": "041", "_loc": "0027"}, "geometry": {"type": "Polygon", "coordinates": [[[-98.25782, 19.15782], [-98.25838, 19.15784], [-98.25783, 19.15821], [-98.25782, 19.15782]]]}}, {"id": "1650954", "type": "Feature", "properties": {"id": "1650954", "CVEGEO": "210410027033A036", "POBTOT": 122.0, "score_nse": 55.72, "NSE": "C", "VIVTOT": 40.0, "GRAPROES": 10.5, "_ent": "21", "_mun": "041", "_loc": "0027"}, "geometry": {"type": "Polygon", "coordinates": [[[-98.25834, 19.15692], [-98.25887, 19.15629], [-98.25913, 19.15648], [-98.25858, 19.1571], [-98.25834, 19.15692]]]}}, {"id": "1650957", "type": "Feature", "properties": {"id": "1650957", "CVEGEO": "210410027033A023", "POBTOT": 46.0, "score_nse": 57.8894, "NSE": "C", "VIVTOT": 23.0, "GRAPROES": 11.45, "_ent": "21", "_mun": "041", "_loc": "0027"}, "geometry": {"type": "Polygon", "coordinates": [[[-98.25711, 19.15887], [-98.25744, 19.15929], [-98.25719, 19.15947], [-98.25686, 19.15905], [-98.25711, 19.15887]]]}}, {"id": "1650966", "type": "Feature", "properties": {"id": "1650966", "CVEGEO": "210410027033A002", "POBTOT": 79.0, "score_nse": 71.8985, "NSE": "C+", "VIVTOT": 22.0, "GRAPROES": 11.69, "_ent": "21", "_mun": "041", "_loc": "0027"}, "geometry": {"type": "Polygon", "coordinates": [[[-98.25745, 19.15759], [-98.25777, 19.15761], [-98.25774, 19.15818], [-98.25743, 19.1581], [-98.25745, 19.15759]]]}}, {"id": "1650968", "type": "Feature", "properties": {"id": "1650968", "CVEGEO": "210410027033A021", "POBTOT": 62.0, "score_nse": 0.0, "NSE": "ND", "VIVTOT": 35.0, "GRAPROES": 10.81, "_ent": "21", "_mun": "041", "_loc": "0027"}, "geometry": {"type": "Polygon", "coordinates": [[[-98.25757, 19.15933], [-98.25772, 19.15906], [-98.25851, 19.15928], [-98.25833, 19.15956], [-98.25757, 19.15933]]]}}, {"id": "1650980", "type": "Feature", "properties": {"id": "1650980", "CVEGEO": "2104100270382022", "POBTOT": 220.0, "score_nse": 46.9983, "NSE": "C-", "VIVTOT": 119.0, "GRAPROES": 10.36, "_ent": "21", "_mun": "041", "_loc": "0027"}, "geometry": {"type": "Polygon", "coordinates": [[[-98.26421, 19.1517], [-98.26476, 19.15092], [-98.26477, 19.15058], [-98.2651, 19.15068], [-98.26441, 19.15182], [-98.26421, 19.1517]]]}}, {"id": "1650981", "type": "Feature", "properties": {"id": "1650981", "CVEGEO": "2104100270344036", "POBTOT": 117.0, "score_nse": 60.1651, "NSE": "C", "VIVTOT": 44.0, "GRAPROES": 11.61, "_ent": "21", "_mun": "041", "_loc": "0027"}, "geometry": {"type": "Polygon", "coordinates": [[[-98.25731, 19.15459], [-98.25809, 19.15498], [-98.25777, 19.15555], [-98.25763, 19.15549], [-98.2578, 19.15517], [-98.25715, 19.15484], [-98.25731, 19.15459]]]}}, {"id": "1650982", "type": "Feature", "properties": {"id": "1650982", "CVEGEO": "210410027033A012", "POBTOT": 58.0, "score_nse": 60.5063, "NSE": "C", "VIVTOT": 35.0, "GRAPROES": 11.4, "_ent": "21", "_mun": "041", "_loc": "0027"}, "geometry": {"type": "Polygon", "coordinates": [[[-98.25774, 19.15901], [-98.2579, 19.15875], [-98.25869, 19.15897], [-98.25852, 19.15924], [-98.25774, 19.15901]]]}}, {"id": "1651045", "type": "Feature", "properties": {"id": "1651045", "CVEGEO": "2104100270378027", "POBTOT": 102.0, "score_nse": 49.2202, "NSE": "C-", "VIVTOT": 52.0, "GRAPROES": 10.22, "_ent": "21", "_mun": "041", "_loc": "0027"}, "geometry": {"type": "Polygon", "coordinates": [[[-98.25778, 19.15014], [-98.25817, 19.1497], [-98.25835, 19.14975], [-98.25801, 19.15028], [-98.25778, 19.15014]]]}}, {"id": "1651046", "type": "Feature", "properties": {"id": "1651046", "CVEGEO": "2104100270378038", "POBTOT": 33.0, "score_nse": 58.907, "NSE": "C", "VIVTOT": 16.0, "GRAPROES": 13.0, "_ent": "21", "_mun": "041", "_loc": "0027"}, "geometry": {"type": "Polygon", "coordinates": [[[-98.25886, 19.14772], [-98.25867, 19.148], [-98.25813, 19.14767], [-98.25838, 19.14735], [-98.25851, 19.14744], [-98.25842, 19.14759], [-98.25886, 19.14772]]]}}, {"id": "1651047", "type": "Feature", "properties": {"id": "1651047", "CVEGEO": "2104100270378039", "POBTOT": 14.0, "score_nse": 0.0, "NSE": "ND", "VIVTOT": 16.0, "GRAPROES": 13.18, "_ent": "21", "_mun": "041", "_loc": "0027"}, "geometry": {"type": "Polygon", "coordinates": [[[-98.2587, 19.14802], [-98.25893, 19.14769], [-98.25917, 19.14786], [-98.25894, 19.14819], [-98.2587, 19.14802]]]}}, {"id": "1651048", "type": "Feature", "properties": {"id": "1651048", "CVEGEO": "2104100270382021", "POBTOT": 38.0, "score_nse": 0.0, "NSE": "ND", "VIVTOT": 20.0, "GRAPROES": 10.74, "_ent": "21", "_mun": "041", "_loc": "0027"}, "geometry": {"type": "Polygon", "coordinates": [[[-98.26416, 19.15102], [-98.26451, 19.15115], [-98.26434, 19.1514], [-98.26402, 19.15125], [-98.26416, 19.15102]]]}}, {"id": "1651049", "type": "Feature", "properties": {"id": "1651049", "CVEGEO": "2104100270378028", "POBTOT": 0.0, "score_nse": 0.0, "NSE": "ND", "VIVTOT": 0.0, "GRAPROES": 0.0, "_ent": "21", "_mun": "041", "_loc": "0027"}, "geometry": {"type": "Polygon", "coordinates": [[[-98.25958, 19.15156], [-98.25757, 19.15018], [-98.25535, 19.14884], [-98.25916, 19.1511], [-98.25968, 19.15121], [-98.25958, 19.15156]]]}}, {"id": "1651054", "type": "Feature", "properties": {"id": "1651054", "CVEGEO": "210410027033A032", "POBTOT": 125.0, "score_nse": 56.6263, "NSE": "C", "VIVTOT": 48.0, "GRAPROES": 9.96, "_ent": "21", "_mun": "041", "_loc": "0027"}, "geometry": {"type": "Polygon", "coordinates": [[[-98.25655, 19.1558], [-98.25739, 19.15623], [-98.25707, 19.15681], [-98.25693, 19.15673], [-98.2571, 19.15642], [-98.2564, 19.15606], [-98.25655, 19.1558]]]}}, {"id": "1651058", "type": "Feature", "properties": {"id": "1651058", "CVEGEO": "2104100270344033", "POBTOT": 45.0, "score_nse": 59.906, "NSE": "C", "VIVTOT": 16.0, "GRAPROES": 11.22, "_ent": "21", "_mun": "041", "_loc": "0027"}, "geometry": {"type": "Polygon", "coordinates": [[[-98.25855, 19.15416], [-98.25816, 19.15395], [-98.25837, 19.15369], [-98.2587, 19.1539], [-98.25855, 19.15416]]]}}, {"id": "1651059", "type": "Feature", "properties": {"id": "1651059", "CVEGEO": "2104100270344034", "POBTOT": 37.0, "score_nse": 0.0, "NSE": "ND", "VIVTOT": 9.0, "GRAPROES": 10.14, "_ent": "21", "_mun": "041", "_loc": "0027"}, "geometry": {"type": "Polygon", "coordinates": [[[-98.25814, 19.15396], [-98.25853, 19.15421], [-98.25845, 19.15432], [-98.25804, 19.15412], [-98.25814, 19.15396]]]}}, {"id": "1651060", "type": "Feature", "properties": {"id": "1651060", "CVEGEO": "2104100270344035", "POBTOT": 38.0, "score_nse": 60.1769, "NSE": "C", "VIVTOT": 18.0, "GRAPROES": 10.4, "_ent": "21", "_mun": "041", "_loc": "0027"}, "geometry": {"type": "Polygon", "coordinates": [[[-98.25805, 19.15443], [-98.25833, 19.15457], [-98.25812, 19.15493], [-98.25784, 19.1548], [-98.25805, 19.15443]]]}}, {"id": "1651061", "type": "Feature", "properties": {"id": "1651061", "CVEGEO": "2104100270363010", "POBTOT": 105.0, "score_nse": 50.5438, "NSE": "C-", "VIVTOT": 44.0, "GRAPROES": 9.64, "_ent": "21", "_mun": "041", "_loc": "0027"}, "geometry": {"type": "Polygon", "coordinates": [[[-98.25581, 19.15577], [-98.25594, 19.15584], [-98.25555, 19.15651], [-98.25542, 19.15643], [-98.25581, 19.15577]]]}}, {"id": "1651062", "type": "Feature", "properties": {"id": "1651062", "CVEGEO": "2104100270378004", "POBTOT": 0.0, "score_nse": 0.0, "NSE": "ND", "VIVTOT": 0.0, "GRAPROES": 0.0, "_ent": "21", "_mun": "041", "_loc": "0027"}, "geometry": {"type": "Polygon", "coordinates": [[[-98.25693, 19.15047], [-98.25723, 19.15005], [-98.25761, 19.15027], [-98.2573, 19.15071], [-98.25693, 19.15047]]]}}, {"id": "1651063", "type": "Feature", "properties": {"id": "1651063", "CVEGEO": "2104100270378005", "POBTOT": 285.0, "score_nse": 51.7122, "NSE": "C-", "VIVTOT": 117.0, "GRAPROES": 10.02, "_ent": "21", "_mun": "041", "_loc": "0027"}, "geometry": {"type": "Polygon", "coordinates": [[[-98.25692, 19.14989], [-98.25715, 19.15004], [-98.25648, 19.15096], [-98.25625, 19.15081], [-98.25692, 19.14989]]]}}, {"id": "1651064", "type": "Feature", "properties": {"id": "1651064", "CVEGEO": "2104100270359012", "POBTOT": 125.0, "score_nse": 50.1589, "NSE": "C-", "VIVTOT": 44.0, "GRAPROES": 9.46, "_ent": "21", "_mun": "041", "_loc": "0027"}, "geometry": {"type": "Polygon", "coordinates": [[[-98.25999, 19.15222], [-98.26047, 19.15149], [-98.26079, 19.15172], [-98.26025, 19.1524], [-98.25999, 19.15222]]]}}, {"id": "1651072", "type": "Feature", "properties": {"id": "1651072", "CVEGEO": "2104100270378014", "POBTOT": 283.0, "score_nse": 50.124, "NSE": "C-", "VIVTOT": 125.0, "GRAPROES": 10.12, "_ent": "21", "_mun": "041", "_loc": "0027"}, "geometry": {"type": "Polygon", "coordinates": [[[-98.25506, 19.14803], [-98.2552, 19.14805], [-98.2547, 19.14774], [-98.25486, 19.14752], [-98.25547, 19.14791], [-98.255, 19.14859], [-98.25476, 19.14845], [-98.25506, 19.14803]]]}}, {"id": "1651074", "type": "Feature", "properties": {"id": "1651074", "CVEGEO": "2104100270378040", "POBTOT": 45.0, "score_nse": 50.4967, "NSE": "C-", "VIVTOT": 24.0, "GRAPROES": 11.14, "_ent": "21", "_mun": "041", "_loc": "0027"}, "geometry": {"type": "Polygon", "coordinates": [[[-98.25516, 19.14859], [-98.25528, 19.14841], [-98.25553, 19.14857], [-98.25541, 19.14876], [-98.25516, 19.14859]]]}}, {"id": "1651075", "type": "Feature", "properties": {"id": "1651075", "CVEGEO": "2104100270378041", "POBTOT": 54.0, "score_nse": 51.1656, "NSE": "C-", "VIVTOT": 23.0, "GRAPROES": 10.92, "_ent": "21", "_mun": "041", "_loc": "0027"}, "geometry": {"type": "Polygon", "coordinates": [[[-98.25529, 19.14835], [-98.25545, 19.14818], [-98.25576, 19.14833], [-98.25561, 19.14855], [-98.25529, 19.14835]]]}}, {"id": "1651081", "type": "Feature", "properties": {"id": "1651081", "CVEGEO": "2104100270378035", "POBTOT": 225.0, "score_nse": 50.1335, "NSE": "C-", "VIVTOT": 107.0, "GRAPROES": 10.71, "_ent": "21", "_mun": "041", "_loc": "0027"}, "geometry": {"type": "Polygon", "coordinates": [[[-98.25545, 19.14879], [-98.25614, 19.14819], [-98.25634, 19.14832], [-98.25586, 19.14904], [-98.25545, 19.14879]]]}}, {"id": "1651115", "type": "Feature", "properties": {"id": "1651115", "CVEGEO": "2104100270382025", "POBTOT": 20.0, "score_nse": 77.2653, "NSE": "C+", "VIVTOT": 12.0, "GRAPROES": 13.41, "_ent": "21", "_mun": "041", "_loc": "0027"}, "geometry": {"type": "Polygon", "coordinates": [[[-98.26262, 19.14829], [-98.26269, 19.14816], [-98.26323, 19.14842], [-98.26313, 19.14861], [-98.26262, 19.14829]]]}}, {"id": "1651116", "type": "Feature", "properties": {"id": "1651116", "CVEGEO": "2104100270382034", "POBTOT": 42.0, "score_nse": 71.4535, "NSE": "C+", "VIVTOT": 26.0, "GRAPROES": 13.24, "_ent": "21", "_mun": "041", "_loc": "0027"}, "geometry": {"type": "Polygon", "coordinates": [[[-98.26194, 19.1478], [-98.26288, 19.14599], [-98.26354, 19.14554], [-98.26507, 19.14646], [-98.26442, 19.14767], [-98.26319, 19.14709], [-98.26257, 19.14826], [-98.26194, 19.1478]]]}}, {"id": "1651117", "type": "Feature", "properties": {"id": "1651117", "CVEGEO": "2104100270382030", "POBTOT": 129.0, "score_nse": 80.2913, "NSE": "C+", "VIVTOT": 56.0, "GRAPROES": 14.3, "_ent": "21", "_mun": "041", "_loc": "0027"}, "geometry": {"type": "Polygon", "coordinates": [[[-98.26318, 19.14864], [-98.2638, 19.14748], [-98.26408, 19.14761], [-98.26344, 19.14882], [-98.26318, 19.14864]]]}}, {"id": "1651118", "type": "Feature", "properties": {"id": "1651118", "CVEGEO": "2104100270382032", "POBTOT": 111.0, "score_nse": 71.7212, "NSE": "C+", "VIVTOT": 53.0, "GRAPROES": 13.36, "_ent": "21", "_mun": "041", "_loc": "0027"}, "geometry": {"type": "Polygon", "coordinates": [[[-98.26403, 19.14913], [-98.26468, 19.1479], [-98.26496, 19.14804], [-98.26432, 19.14927], [-98.26403, 19.14913]]]}}, {"id": "1651119", "type": "Feature", "properties": {"id": "1651119", "CVEGEO": "2104100270382026", "POBTOT": 13.0, "score_nse": 77.8935, "NSE": "C+", "VIVTOT": 11.0, "GRAPROES": 16.08, "_ent": "21", "_mun": "041", "_loc": "0027"}, "geometry": {"type": "Polygon", "coordinates": [[[-98.2635, 19.14885], [-98.26357, 19.14872], [-98.26406, 19.14895], [-98.26398, 19.1491], [-98.2635, 19.14885]]]}}, {"id": "1651121", "type": "Feature", "properties": {"id": "1651121", "CVEGEO": "2104100270382028", "POBTOT": 40.0, "score_nse": 69.5505, "NSE": "C", "VIVTOT": 22.0, "GRAPROES": 13.87, "_ent": "21", "_mun": "041", "_loc": "0027"}, "geometry": {"type": "Polygon", "coordinates": [[[-98.26375, 19.1484], [-98.26423, 19.14863], [-98.2641, 19.1489], [-98.2636, 19.14866], [-98.26375, 19.1484]]]}}, {"id": "1651122", "type": "Feature", "properties": {"id": "1651122", "CVEGEO": "2104100270382031", "POBTOT": 41.0, "score_nse": 75.4869, "NSE": "C+", "VIVTOT": 22.0, "GRAPROES": 14.93, "_ent": "21", "_mun": "041", "_loc": "0027"}, "geometry": {"type": "Polygon", "coordinates": [[[-98.26391, 19.14807], [-98.2644, 19.14831], [-98.26426, 19.14858], [-98.26377, 19.14834], [-98.26391, 19.14807]]]}}, {"id": "1651123", "type": "Feature", "properties": {"id": "1651123", "CVEGEO": "2104100270382033", "POBTOT": 18.0, "score_nse": 72.3356, "NSE": "C+", "VIVTOT": 11.0, "GRAPROES": 15.0, "_ent": "21", "_mun": "041", "_loc": "0027"}, "geometry": {"type": "Polygon", "coordinates": [[[-98.26414, 19.14764], [-98.26462, 19.14788], [-98.26443, 19.14825], [-98.26395, 19.14802], [-98.26414, 19.14764]]]}}, {"id": "1651124", "type": "Feature", "properties": {"id": "1651124", "CVEGEO": "2104100270382027", "POBTOT": 37.0, "score_nse": 70.2357, "NSE": "C+", "VIVTOT": 24.0, "GRAPROES": 15.04, "_ent": "21", "_mun": "041", "_loc": "0027"}, "geometry": {"type": "Polygon", "coordinates": [[[-98.26341, 19.1481], [-98.26326, 19.14836], [-98.26273, 19.14811], [-98.26287, 19.14785], [-98.26341, 19.1481]]]}}, {"id": "1651125", "type": "Feature", "properties": {"id": "1651125", "CVEGEO": "2104100270382029", "POBTOT": 48.0, "score_nse": 78.773, "NSE": "C+", "VIVTOT": 24.0, "GRAPROES": 13.58, "_ent": "21", "_mun": "041", "_loc": "0027"}, "geometry": {"type": "Polygon", "coordinates": [[[-98.26357, 19.14778], [-98.26343, 19.14804], [-98.2629, 19.14778], [-98.26303, 19.14752], [-98.26357, 19.14778]]]}}, {"id": "1651196", "type": "Feature", "properties": {"id": "1651196", "CVEGEO": "2104100270382036", "POBTOT": 915.0, "score_nse": 64.9488, "NSE": "C", "VIVTOT": 381.0, "GRAPROES": 11.93, "_ent": "21", "_mun": "041", "_loc": "0027"}, "geometry": {"type": "Polygon", "coordinates": [[[-98.26724, 19.1475], [-98.26671, 19.14846], [-98.26728, 19.14752], [-98.26741, 19.14759], [-98.26738, 19.14786], [-98.267, 19.1486], [-98.26743, 19.14788], [-98.26747, 19.14762], [-98.26765, 19.1477], [-98.26626, 19.15033], [-98.26608, 19.15025], [-98.26674, 19.14911], [-98.26604, 19.15023], [-98.26587, 19.15014], [-98.26643, 19.14899], [-98.26582, 19.15011], [-98.2656, 19.15001], [-98.267, 19.14738], [-98.26724, 19.1475]]]}}, {"id": "1651211", "type": "Feature", "properties": {"id": "1651211", "CVEGEO": "2104100270382024", "POBTOT": 0.0, "score_nse": 0.0, "NSE": "ND", "VIVTOT": 0.0, "GRAPROES": 0.0, "_ent": "21", "_mun": "041", "_loc": "0027"}, "geometry": {"type": "Polygon", "coordinates": [[[-98.26769, 19.14773], [-98.26842, 19.1481], [-98.26845, 19.14829], [-98.26692, 19.15063], [-98.2663, 19.15035], [-98.26769, 19.14773]]]}}, {"id": "1651239", "type": "Feature", "properties": {"id": "1651239", "CVEGEO": "2104100270378050", "POBTOT": 43.0, "score_nse": 72.193, "NSE": "C+", "VIVTOT": 16.0, "GRAPROES": 13.5, "_ent": "21", "_mun": "041", "_loc": "0027"}, "geometry": {"type": "Polygon", "coordinates": [[[-98.26012, 19.14839], [-98.25993, 19.14866], [-98.25973, 19.14854], [-98.25992, 19.14826], [-98.26012, 19.14839]]]}}, {"id": "1651258", "type": "Feature", "properties": {"id": "1651258", "CVEGEO": "2104100270359021", "POBTOT": 83.0, "score_nse": 44.4008, "NSE": "C-", "VIVTOT": 42.0, "GRAPROES": 9.34, "_ent": "21", "_mun": "041", "_loc": "0027"}, "geometry": {"type": "Polygon", "coordinates": [[[-98.25956, 19.15663], [-98.25949, 19.15672], [-98.25812, 19.1557], [-98.25813, 19.15558], [-98.25956, 19.15663]]]}}, {"id": "1651259", "type": "Feature", "properties": {"id": "1651259", "CVEGEO": "2104100270359041", "POBTOT": 15.0, "score_nse": 48.3524, "NSE": "C-", "VIVTOT": 31.0, "GRAPROES": 13.83, "_ent": "21", "_mun": "041", "_loc": "0027"}, "geometry": {"type": "Polygon", "coordinates": [[[-98.26044, 19.15358], [-98.26024, 19.15384], [-98.26004, 19.15369], [-98.26024, 19.15344], [-98.26044, 19.15358]]]}}, {"id": "1651260", "type": "Feature", "properties": {"id": "1651260", "CVEGEO": "2104100270359028", "POBTOT": 25.0, "score_nse": 54.0905, "NSE": "C-", "VIVTOT": 16.0, "GRAPROES": 12.82, "_ent": "21", "_mun": "041", "_loc": "0027"}, "geometry": {"type": "Polygon", "coordinates": [[[-98.25924, 19.1552], [-98.25906, 19.15544], [-98.25888, 19.1553], [-98.25907, 19.15506], [-98.25924, 19.1552]]]}}, {"id": "1651261", "type": "Feature", "properties": {"id": "1651261", "CVEGEO": "2104100270359027", "POBTOT": 68.0, "score_nse": 59.0469, "NSE": "C", "VIVTOT": 36.0, "GRAPROES": 12.52, "_ent": "21", "_mun": "041", "_loc": "0027"}, "geometry": {"type": "Polygon", "coordinates": [[[-98.25937, 19.15521], [-98.25957, 19.15535], [-98.25937, 19.15562], [-98.25917, 19.15548], [-98.25937, 19.15521]]]}}, {"id": "1651262", "type": "Feature", "properties": {"id": "1651262", "CVEGEO": "2104100270359026", "POBTOT": 66.0, "score_nse": 51.3064, "NSE": "C-", "VIVTOT": 36.0, "GRAPROES": 11.38, "_ent": "21", "_mun": "041", "_loc": "0027"}, "geometry": {"type": "Polygon", "coordinates": [[[-98.25945, 19.15567], [-98.25965, 19.15541], [-98.25987, 19.15553], [-98.25965, 19.15581], [-98.25945, 19.15567]]]}}, {"id": "1651263", "type": "Feature", "properties": {"id": "1651263", "CVEGEO": "2104100270359033", "POBTOT": 35.0, "score_nse": 61.867, "NSE": "C", "VIVTOT": 16.0, "GRAPROES": 12.33, "_ent": "21", "_mun": "041", "_loc": "0027"}, "geometry": {"type": "Polygon", "coordinates": [[[-98.26053, 19.15554], [-98.26064, 19.15563], [-98.26044, 19.15589], [-98.26034, 19.15578], [-98.26053, 19.15554]]]}}, {"id": "1651264", "type": "Feature", "properties": {"id": "1651264", "CVEGEO": "2104100270359031", "POBTOT": 62.0, "score_nse": 50.4811, "NSE": "C-", "VIVTOT": 36.0, "GRAPROES": 11.6, "_ent": "21", "_mun": "041", "_loc": "0027"}, "geometry": {"type": "Polygon", "coordinates": [[[-98.25969, 19.15536], [-98.25988, 19.15509], [-98.26008, 19.15523], [-98.25994, 19.15541], [-98.25969, 19.15536]]]}}, {"id": "1651265", "type": "Feature", "properties": {"id": "1651265", "CVEGEO": "2104100270359030", "POBTOT": 67.0, "score_nse": 60.3624, "NSE": "C", "VIVTOT": 36.0, "GRAPROES": 13.12, "_ent": "21", "_mun": "041", "_loc": "0027"}, "geometry": {"type": "Polygon", "coordinates": [[[-98.2594, 19.15513], [-98.25959, 19.15487], [-98.25981, 19.15503], [-98.25962, 19.15529], [-98.2594, 19.15513]]]}}, {"id": "1651266", "type": "Feature", "properties": {"id": "1651266", "CVEGEO": "2104100270359025", "POBTOT": 38.0, "score_nse": 0.0, "NSE": "ND", "VIVTOT": 18.0, "GRAPROES": 11.57, "_ent": "21", "_mun": "041", "_loc": "0027"}, "geometry": {"type": "Polygon", "coordinates": [[[-98.25988, 19.15567], [-98.26002, 19.15572], [-98.25984, 19.15595], [-98.25974, 19.15587], [-98.25988, 19.15567]]]}}, {"id": "1651267", "type": "Feature", "properties": {"id": "1651267", "CVEGEO": "2104100270359024", "POBTOT": 27.0, "score_nse": 0.0, "NSE": "ND", "VIVTOT": 16.0, "GRAPROES": 12.1, "_ent": "21", "_mun": "041", "_loc": "0027"}, "geometry": {"type": "Polygon", "coordinates": [[[-98.25987, 19.15596], [-98.26016, 19.15604], [-98.2601, 19.15612], [-98.25987, 19.15596]]]}}, {"id": "1651268", "type": "Feature", "properties": {"id": "1651268", "CVEGEO": "2104100270359023", "POBTOT": 22.0, "score_nse": 53.7844, "NSE": "C-", "VIVTOT": 18.0, "GRAPROES": 13.11, "_ent": "21", "_mun": "041", "_loc": "0027"}, "geometry": {"type": "Polygon", "coordinates": [[[-98.26012, 19.15613], [-98.26038, 19.15596], [-98.26021, 19.1562], [-98.26012, 19.15613]]]}}, {"id": "1651269", "type": "Feature", "properties": {"id": "1651269", "CVEGEO": "2104100270359029", "POBTOT": 21.0, "score_nse": 0.0, "NSE": "ND", "VIVTOT": 16.0, "GRAPROES": 13.86, "_ent": "21", "_mun": "041", "_loc": "0027"}, "geometry": {"type": "Polygon", "coordinates": [[[-98.25857, 19.15443], [-98.25867, 19.15421], [-98.25953, 19.15483], [-98.25934, 19.15506], [-98.25857, 19.15443]]]}}, {"id": "1651270", "type": "Feature", "properties": {"id": "1651270", "CVEGEO": "2104100270359042", "POBTOT": 9.0, "score_nse": 0.0, "NSE": "ND", "VIVTOT": 32.0, "GRAPROES": 16.0, "_ent": "21", "_mun": "041", "_loc": "0027"}, "geometry": {"type": "Polygon", "coordinates": [[[-98.2607, 19.15377], [-98.26049, 19.15403], [-98.26028, 19.15388], [-98.26048, 19.15362], [-98.2607, 19.15377]]]}}, {"id": "1651271", "type": "Feature", "properties": {"id": "1651271", "CVEGEO": "2104100270359040", "POBTOT": 21.0, "score_nse": 57.1438, "NSE": "C", "VIVTOT": 32.0, "GRAPROES": 16.16, "_ent": "21", "_mun": "041", "_loc": "0027"}, "geometry": {"type": "Polygon", "coordinates": [[[-98.2602, 19.15341], [-98.25987, 19.15381], [-98.25972, 19.15371], [-98.26004, 19.15329], [-98.2602, 19.15341]]]}}, {"id": "1651272", "type": "Feature", "properties": {"id": "1651272", "CVEGEO": "2104100270359043", "POBTOT": 10.0, "score_nse": 44.4, "NSE": "C-", "VIVTOT": 32.0, "GRAPROES": 13.6, "_ent": "21", "_mun": "041", "_loc": "0027"}, "geometry": {"type": "Polygon", "coordinates": [[[-98.26097, 19.15397], [-98.26077, 19.15423], [-98.26054, 19.15406], [-98.26073, 19.1538], [-98.26097, 19.15397]]]}}, {"id": "1651273", "type": "Feature", "properties": {"id": "1651273", "CVEGEO": "2104100270359036", "POBTOT": 2.0, "score_nse": 0.0, "NSE": "ND", "VIVTOT": 14.0, "GRAPROES": 0.0, "_ent": "21", "_mun": "041", "_loc": "0027"}, "geometry": {"type": "Polygon", "coordinates": [[[-98.26178, 19.1552], [-98.26197, 19.15496], [-98.26219, 19.15513], [-98.26202, 19.15538], [-98.26178, 19.1552]]]}}, {"id": "1651274", "type": "Feature", "properties": {"id": "1651274", "CVEGEO": "2104100270359039", "POBTOT": 54.0, "score_nse": 58.5856, "NSE": "C", "VIVTOT": 72.0, "GRAPROES": 15.6, "_ent": "21", "_mun": "041", "_loc": "0027"}, "geometry": {"type": "Polygon", "coordinates": [[[-98.25991, 19.15385], [-98.26, 19.15374], [-98.26109, 19.1545], [-98.2614, 19.15454], [-98.2612, 19.15478], [-98.25991, 19.15385]]]}}, {"id": "1651275", "type": "Feature", "properties": {"id": "1651275", "CVEGEO": "2104100270359035", "POBTOT": 0.0, "score_nse": 10.0, "NSE": "E", "VIVTOT": 4.0, "GRAPROES": 0.0, "_ent": "21", "_mun": "041", "_loc": "0027"}, "geometry": {"type": "Polygon", "coordinates": [[[-98.26207, 19.15541], [-98.26223, 19.15517], [-98.26238, 19.15527], [-98.26223, 19.15553], [-98.26207, 19.15541]]]}}, {"id": "1651276", "type": "Feature", "properties": {"id": "1651276", "CVEGEO": "2104100270359044", "POBTOT": 0.0, "score_nse": 10.0, "NSE": "E", "VIVTOT": 32.0, "GRAPROES": 0.0, "_ent": "21", "_mun": "041", "_loc": "0027"}, "geometry": {"type": "Polygon", "coordinates": [[[-98.26126, 19.15418], [-98.26105, 19.15443], [-98.26082, 19.15427], [-98.26102, 19.154], [-98.26126, 19.15418]]]}}, {"id": "1651277", "type": "Feature", "properties": {"id": "1651277", "CVEGEO": "2104100270359038", "POBTOT": 2.0, "score_nse": 0.0, "NSE": "ND", "VIVTOT": 14.0, "GRAPROES": 0.0, "_ent": "21", "_mun": "041", "_loc": "0027"}, "geometry": {"type": "Polygon", "coordinates": [[[-98.26126, 19.15482], [-98.26145, 19.15458], [-98.26167, 19.15475], [-98.26147, 19.15498], [-98.26126, 19.15482]]]}}, {"id": "1651278", "type": "Feature", "properties": {"id": "1651278", "CVEGEO": "2104100270359045", "POBTOT": 5.0, "score_nse": 47.8077, "NSE": "C-", "VIVTOT": 26.0, "GRAPROES": 15.8, "_ent": "21", "_mun": "041", "_loc": "0027"}, "geometry": {"type": "Polygon", "coordinates": [[[-98.2625, 19.15507], [-98.26241, 19.15522], [-98.26143, 19.15449], [-98.26112, 19.15444], [-98.2613, 19.15421], [-98.2625, 19.15507]]]}}, {"id": "1651279", "type": "Feature", "properties": {"id": "1651279", "CVEGEO": "2104100270359037", "POBTOT": 5.0, "score_nse": 0.0, "NSE": "ND", "VIVTOT": 14.0, "GRAPROES": 0.0, "_ent": "21", "_mun": "041", "_loc": "0027"}, "geometry": {"type": "Polygon", "coordinates": [[[-98.26152, 19.15502], [-98.26171, 19.15478], [-98.26193, 19.15493], [-98.26174, 19.15518], [-98.26152, 19.15502]]]}}, {"id": "1651336", "type": "Feature", "properties": {"id": "1651336", "CVEGEO": "2104100270382037", "POBTOT": 3.0, "score_nse": 0.0, "NSE": "ND", "VIVTOT": 7.0, "GRAPROES": 0.0, "_ent": "21", "_mun": "041", "_loc": "0027"}, "geometry": {"type": "Polygon", "coordinates": [[[-98.26493, 19.14693], [-98.26514, 19.14655], [-98.26526, 19.14661], [-98.26507, 19.14699], [-98.26493, 19.14693]]]}}, {"id": "1651337", "type": "Feature", "properties": {"id": "1651337", "CVEGEO": "2104100270382038", "POBTOT": 0.0, "score_nse": 10.0, "NSE": "E", "VIVTOT": 6.0, "GRAPROES": 0.0, "_ent": "21", "_mun": "041", "_loc": "0027"}, "geometry": {"type": "Polygon", "coordinates": [[[-98.26467, 19.14742], [-98.26487, 19.14705], [-98.26501, 19.1471], [-98.26482, 19.14749], [-98.26467, 19.14742]]]}}, {"id": "1651338", "type": "Feature", "properties": {"id": "1651338", "CVEGEO": "2104100270382040", "POBTOT": 0.0, "score_nse": 10.0, "NSE": "E", "VIVTOT": 6.0, "GRAPROES": 0.0, "_ent": "21", "_mun": "041", "_loc": "0027"}, "geometry": {"type": "Polygon", "coordinates": [[[-98.26516, 19.14705], [-98.26524, 19.14688], [-98.26552, 19.14701], [-98.26543, 19.14717], [-98.26516, 19.14705]]]}}, {"id": "1651339", "type": "Feature", "properties": {"id": "1651339", "CVEGEO": "2104100270382041", "POBTOT": 16.0, "score_nse": 58.2914, "NSE": "C", "VIVTOT": 14.0, "GRAPROES": 16.18, "_ent": "21", "_mun": "041", "_loc": "0027"}, "geometry": {"type": "Polygon", "coordinates": [[[-98.26492, 19.14753], [-98.26508, 19.14717], [-98.26537, 19.1473], [-98.2652, 19.14765], [-98.26492, 19.14753]]]}}, {"id": "1651340", "type": "Feature", "properties": {"id": "1651340", "CVEGEO": "2104100270382042", "POBTOT": 11.0, "score_nse": 0.0, "NSE": "ND", "VIVTOT": 16.0, "GRAPROES": 14.38, "_ent": "21", "_mun": "041", "_loc": "0027"}, "geometry": {"type": "Polygon", "coordinates": [[[-98.26565, 19.14761], [-98.26588, 19.14717], [-98.26618, 19.14732], [-98.26595, 19.14774], [-98.26565, 19.14761]]]}}, {"id": "1651341", "type": "Feature", "properties": {"id": "1651341", "CVEGEO": "2104100270382039", "POBTOT": 13.0, "score_nse": 49.2556, "NSE": "C-", "VIVTOT": 18.0, "GRAPROES": 15.67, "_ent": "21", "_mun": "041", "_loc": "0027"}, "geometry": {"type": "Polygon", "coordinates": [[[-98.26527, 19.14681], [-98.26536, 19.14666], [-98.26629, 19.14712], [-98.26622, 19.14724], [-98.26527, 19.14681]]]}}, {"id": "1651342", "type": "Feature", "properties": {"id": "1651342", "CVEGEO": "2104100270382043", "POBTOT": 3.0, "score_nse": 0.0, "NSE": "ND", "VIVTOT": 10.0, "GRAPROES": 0.0, "_ent": "21", "_mun": "041", "_loc": "0027"}, "geometry": {"type": "Polygon", "coordinates": [[[-98.26528, 19.14769], [-98.26533, 19.14758], [-98.26592, 19.14782], [-98.26586, 19.14794], [-98.26528, 19.14769]]]}}, {"id": "1651343", "type": "Feature", "properties": {"id": "1651343", "CVEGEO": "2104100270382044", "POBTOT": 2.0, "score_nse": 0.0, "NSE": "ND", "VIVTOT": 17.0, "GRAPROES": 0.0, "_ent": "21", "_mun": "041", "_loc": "0027"}, "geometry": {"type": "Polygon", "coordinates": [[[-98.26592, 19.14798], [-98.26636, 19.14714], [-98.26651, 19.14723], [-98.26607, 19.14806], [-98.26592, 19.14798]]]}}, {"id": "1651388", "type": "Feature", "properties": {"id": "1651388", "CVEGEO": "2104100270378043", "POBTOT": 39.0, "score_nse": 70.7, "NSE": "C+", "VIVTOT": 16.0, "GRAPROES": 13.5, "_ent": "21", "_mun": "041", "_loc": "0027"}, "geometry": {"type": "Polygon", "coordinates": [[[-98.25606, 19.14648], [-98.25627, 19.14618], [-98.25645, 19.14629], [-98.25625, 19.14659], [-98.25606, 19.14648]]]}}, {"id": "1651389", "type": "Feature", "properties": {"id": "1651389", "CVEGEO": "2104100270378044", "POBTOT": 0.0, "score_nse": 0.0, "NSE": "ND", "VIVTOT": 0.0, "GRAPROES": 0.0, "_ent": "21", "_mun": "041", "_loc": "0027"}, "geometry": {"type": "Polygon", "coordinates": [[[-98.25648, 19.14667], [-98.2563, 19.14662], [-98.25671, 19.14603], [-98.25685, 19.14612], [-98.25648, 19.14667]]]}}, {"id": "1651390", "type": "Feature", "properties": {"id": "1651390", "CVEGEO": "2104100270378045", "POBTOT": 20.0, "score_nse": 65.612, "NSE": "C", "VIVTOT": 16.0, "GRAPROES": 15.47, "_ent": "21", "_mun": "041", "_loc": "0027"}, "geometry": {"type": "Polygon", "coordinates": [[[-98.25665, 19.14662], [-98.25682, 19.14637], [-98.25702, 19.14649], [-98.25684, 19.14674], [-98.25665, 19.14662]]]}}, {"id": "1651391", "type": "Feature", "properties": {"id": "1651391", "CVEGEO": "2104100270378036", "POBTOT": 44.0, "score_nse": 59.0832, "NSE": "C", "VIVTOT": 31.0, "GRAPROES": 13.64, "_ent": "21", "_mun": "041", "_loc": "0027"}, "geometry": {"type": "Polygon", "coordinates": [[[-98.25771, 19.14729], [-98.25691, 19.1468], [-98.25701, 19.14667], [-98.25735, 19.14693], [-98.25746, 19.14675], [-98.25757, 19.14682], [-98.25748, 19.14711], [-98.25764, 19.14688], [-98.25788, 19.14704], [-98.25771, 19.14729]]]}}, {"id": "1651401", "type": "Feature", "properties": {"id": "1651401", "CVEGEO": "210410027033A050", "POBTOT": 0.0, "score_nse": 0.0, "NSE": "ND", "VIVTOT": 0.0, "GRAPROES": 0.0, "_ent": "21", "_mun": "041", "_loc": "0027"}, "geometry": {"type": "Polygon", "coordinates": [[[-98.25858, 19.15863], [-98.25806, 19.15839], [-98.25862, 19.15856], [-98.25858, 19.15863]]]}}, {"id": "1651411", "type": "Feature", "properties": {"id": "1651411", "CVEGEO": "2104100270378052", "POBTOT": 44.0, "score_nse": 65.5535, "NSE": "C", "VIVTOT": 26.0, "GRAPROES": 12.76, "_ent": "21", "_mun": "041", "_loc": "0027"}, "geometry": {"type": "Polygon", "coordinates": [[[-98.26004, 19.1491], [-98.26031, 19.14945], [-98.26004, 19.15031], [-98.25988, 19.1504], [-98.25934, 19.15008], [-98.26004, 19.1491]]]}}, {"id": "1651412", "type": "Feature", "properties": {"id": "1651412", "CVEGEO": "2104100270378053", "POBTOT": 34.0, "score_nse": 56.207, "NSE": "C", "VIVTOT": 21.0, "GRAPROES": 12.36, "_ent": "21", "_mun": "041", "_loc": "0027"}, "geometry": {"type": "Polygon", "coordinates": [[[-98.25957, 19.14964], [-98.25929, 19.15005], [-98.25904, 19.14988], [-98.25931, 19.14948], [-98.25957, 19.14964]]]}}, {"id": "1651413", "type": "Feature", "properties": {"id": "1651413", "CVEGEO": "2104100270378054", "POBTOT": 54.0, "score_nse": 52.1251, "NSE": "C-", "VIVTOT": 21.0, "GRAPROES": 9.31, "_ent": "21", "_mun": "041", "_loc": "0027"}, "geometry": {"type": "Polygon", "coordinates": [[[-98.25926, 19.14944], [-98.25898, 19.14985], [-98.25869, 19.14974], [-98.259, 19.14929], [-98.25926, 19.14944]]]}}, {"id": "1651414", "type": "Feature", "properties": {"id": "1651414", "CVEGEO": "2104100270378055", "POBTOT": 55.0, "score_nse": 57.24, "NSE": "C", "VIVTOT": 30.0, "GRAPROES": 10.92, "_ent": "21", "_mun": "041", "_loc": "0027"}, "geometry": {"type": "Polygon", "coordinates": [[[-98.25895, 19.14926], [-98.25862, 19.14973], [-98.25832, 19.14962], [-98.25868, 19.1491], [-98.25895, 19.14926]]]}}, {"id": "1651415", "type": "Feature", "properties": {"id": "1651415", "CVEGEO": "2104100270378056", "POBTOT": 66.0, "score_nse": 65.1133, "NSE": "C", "VIVTOT": 30.0, "GRAPROES": 12.59, "_ent": "21", "_mun": "041", "_loc": "0027"}, "geometry": {"type": "Polygon", "coordinates": [[[-98.25863, 19.14906], [-98.25827, 19.1496], [-98.25802, 19.14943], [-98.25837, 19.14891], [-98.25863, 19.14906]]]}}, {"id": "1651416", "type": "Feature", "properties": {"id": "1651416", "CVEGEO": "2104100270378057", "POBTOT": 80.0, "score_nse": 59.4947, "NSE": "C", "VIVTOT": 30.0, "GRAPROES": 10.33, "_ent": "21", "_mun": "041", "_loc": "0027"}, "geometry": {"type": "Polygon", "coordinates": [[[-98.25832, 19.14887], [-98.25796, 19.1494], [-98.25771, 19.14924], [-98.25807, 19.14871], [-98.25832, 19.14887]]]}}, {"id": "1651417", "type": "Feature", "properties": {"id": "1651417", "CVEGEO": "2104100270378058", "POBTOT": 54.0, "score_nse": 53.94, "NSE": "C-", "VIVTOT": 25.0, "GRAPROES": 10.67, "_ent": "21", "_mun": "041", "_loc": "0027"}, "geometry": {"type": "Polygon", "coordinates": [[[-98.25802, 19.14868], [-98.25766, 19.14919], [-98.25746, 19.14895], [-98.25776, 19.14851], [-98.25802, 19.14868]]]}}, {"id": "1651418", "type": "Feature", "properties": {"id": "1651418", "CVEGEO": "2104100270378059", "POBTOT": 47.0, "score_nse": 52.5298, "NSE": "C-", "VIVTOT": 22.0, "GRAPROES": 10.55, "_ent": "21", "_mun": "041", "_loc": "0027"}, "geometry": {"type": "Polygon", "coordinates": [[[-98.25771, 19.14848], [-98.25743, 19.14889], [-98.25725, 19.1487], [-98.2575, 19.14837], [-98.25727, 19.14834], [-98.25718, 19.14865], [-98.25691, 19.14855], [-98.2572, 19.14815], [-98.25771, 19.14848]]]}}, {"id": "1651419", "type": "Feature", "properties": {"id": "1651419", "CVEGEO": "2104100270378060", "POBTOT": 49.0, "score_nse": 55.3305, "NSE": "C", "VIVTOT": 21.0, "GRAPROES": 11.27, "_ent": "21", "_mun": "041", "_loc": "0027"}, "geometry": {"type": "Polygon", "coordinates": [[[-98.25686, 19.14853], [-98.25661, 19.14836], [-98.25689, 19.14795], [-98.25715, 19.14811], [-98.25686, 19.14853]]]}}, {"id": "1651420", "type": "Feature", "properties": {"id": "1651420", "CVEGEO": "2104100270378061", "POBTOT": 44.0, "score_nse": 57.5149, "NSE": "C", "VIVTOT": 22.0, "GRAPROES": 12.34, "_ent": "21", "_mun": "041", "_loc": "0027"}, "geometry": {"type": "Polygon", "coordinates": [[[-98.25684, 19.14792], [-98.25655, 19.14832], [-98.2563, 19.14816], [-98.25658, 19.14776], [-98.25684, 19.14792]]]}}, {"id": "1651421", "type": "Feature", "properties": {"id": "1651421", "CVEGEO": "2104100270378062", "POBTOT": 47.0, "score_nse": 55.9751, "NSE": "C", "VIVTOT": 23.0, "GRAPROES": 11.17, "_ent": "21", "_mun": "041", "_loc": "0027"}, "geometry": {"type": "Polygon", "coordinates": [[[-98.25652, 19.14773], [-98.25624, 19.14813], [-98.25594, 19.14807], [-98.25628, 19.14757], [-98.25652, 19.14773]]]}}, {"id": "1651422", "type": "Feature", "properties": {"id": "1651422", "CVEGEO": "2104100270378063", "POBTOT": 58.0, "score_nse": 59.96, "NSE": "C", "VIVTOT": 30.0, "GRAPROES": 12.09, "_ent": "21", "_mun": "041", "_loc": "0027"}, "geometry": {"type": "Polygon", "coordinates": [[[-98.25622, 19.14754], [-98.25586, 19.14807], [-98.25558, 19.1479], [-98.25595, 19.14738], [-98.25622, 19.14754]]]}}, {"id": "1651423", "type": "Feature", "properties": {"id": "1651423", "CVEGEO": "2104100270378064", "POBTOT": 53.0, "score_nse": 49.9027, "NSE": "C-", "VIVTOT": 30.0, "GRAPROES": 10.53, "_ent": "21", "_mun": "041", "_loc": "0027"}, "geometry": {"type": "Polygon", "coordinates": [[[-98.25591, 19.14734], [-98.25554, 19.14786], [-98.25528, 19.1477], [-98.25564, 19.14718], [-98.25591, 19.14734]]]}}, {"id": "1651424", "type": "Feature", "properties": {"id": "1651424", "CVEGEO": "2104100270378065", "POBTOT": 80.0, "score_nse": 58.7813, "NSE": "C", "VIVTOT": 30.0, "GRAPROES": 10.57, "_ent": "21", "_mun": "041", "_loc": "0027"}, "geometry": {"type": "Polygon", "coordinates": [[[-98.25534, 19.14697], [-98.25559, 19.14714], [-98.25524, 19.14766], [-98.25497, 19.14749], [-98.25534, 19.14697]]]}}, {"id": "1651425", "type": "Feature", "properties": {"id": "1651425", "CVEGEO": "2104100270378066", "POBTOT": 62.0, "score_nse": 0.0, "NSE": "ND", "VIVTOT": 32.0, "GRAPROES": 13.09, "_ent": "21", "_mun": "041", "_loc": "0027"}, "geometry": {"type": "Polygon", "coordinates": [[[-98.25935, 19.14948], [-98.25973, 19.14892], [-98.25996, 19.14908], [-98.25958, 19.14962], [-98.25935, 19.14948]]]}}, {"id": "1651426", "type": "Feature", "properties": {"id": "1651426", "CVEGEO": "2104100270378067", "POBTOT": 65.0, "score_nse": 0.0, "NSE": "ND", "VIVTOT": 32.0, "GRAPROES": 13.0, "_ent": "21", "_mun": "041", "_loc": "0027"}, "geometry": {"type": "Polygon", "coordinates": [[[-98.25905, 19.14929], [-98.25943, 19.14875], [-98.25965, 19.1489], [-98.25928, 19.14943], [-98.25905, 19.14929]]]}}, {"id": "1651427", "type": "Feature", "properties": {"id": "1651427", "CVEGEO": "2104100270378068", "POBTOT": 69.0, "score_nse": 0.0, "NSE": "ND", "VIVTOT": 32.0, "GRAPROES": 13.73, "_ent": "21", "_mun": "041", "_loc": "0027"}, "geometry": {"type": "Polygon", "coordinates": [[[-98.25876, 19.14911], [-98.25913, 19.14856], [-98.25937, 19.14871], [-98.259, 19.14926], [-98.25876, 19.14911]]]}}, {"id": "1651428", "type": "Feature", "properties": {"id": "1651428", "CVEGEO": "2104100270378069", "POBTOT": 53.0, "score_nse": 68.3445, "NSE": "C", "VIVTOT": 32.0, "GRAPROES": 14.02, "_ent": "21", "_mun": "041", "_loc": "0027"}, "geometry": {"type": "Polygon", "coordinates": [[[-98.25846, 19.14892], [-98.25887, 19.14831], [-98.25908, 19.14853], [-98.25869, 19.14908], [-98.25846, 19.14892]]]}}, {"id": "1651429", "type": "Feature", "properties": {"id": "1651429", "CVEGEO": "2104100270378070", "POBTOT": 63.0, "score_nse": 57.59, "NSE": "C", "VIVTOT": 40.0, "GRAPROES": 13.5, "_ent": "21", "_mun": "041", "_loc": "0027"}, "geometry": {"type": "Polygon", "coordinates": [[[-98.25817, 19.14874], [-98.25861, 19.1481], [-98.25884, 19.14825], [-98.25839, 19.14889], [-98.25817, 19.14874]]]}}, {"id": "1651430", "type": "Feature", "properties": {"id": "1651430", "CVEGEO": "2104100270378071", "POBTOT": 69.0, "score_nse": 63.503, "NSE": "C", "VIVTOT": 40.0, "GRAPROES": 13.54, "_ent": "21", "_mun": "041", "_loc": "0027"}, "geometry": {"type": "Polygon", "coordinates": [[[-98.25787, 19.14855], [-98.25831, 19.14792], [-98.25854, 19.14806], [-98.25809, 19.14868], [-98.25787, 19.14855]]]}}, {"id": "1651431", "type": "Feature", "properties": {"id": "1651431", "CVEGEO": "2104100270378072", "POBTOT": 84.0, "score_nse": 62.296, "NSE": "C", "VIVTOT": 40.0, "GRAPROES": 12.42, "_ent": "21", "_mun": "041", "_loc": "0027"}, "geometry": {"type": "Polygon", "coordinates": [[[-98.25758, 19.14836], [-98.25801, 19.14773], [-98.25825, 19.14787], [-98.2578, 19.1485], [-98.25758, 19.14836]]]}}, {"id": "1651432", "type": "Feature", "properties": {"id": "1651432", "CVEGEO": "2104100270378073", "POBTOT": 69.0, "score_nse": 59.345, "NSE": "C", "VIVTOT": 40.0, "GRAPROES": 12.76, "_ent": "21", "_mun": "041", "_loc": "0027"}, "geometry": {"type": "Polygon", "coordinates": [[[-98.25728, 19.14817], [-98.25771, 19.14755], [-98.25795, 19.14769], [-98.25752, 19.14832], [-98.25728, 19.14817]]]}}, {"id": "1651433", "type": "Feature", "properties": {"id": "1651433", "CVEGEO": "2104100270378074", "POBTOT": 59.0, "score_nse": 59.191, "NSE": "C", "VIVTOT": 40.0, "GRAPROES": 12.57, "_ent": "21", "_mun": "041", "_loc": "0027"}, "geometry": {"type": "Polygon", "coordinates": [[[-98.25699, 19.14798], [-98.25743, 19.14736], [-98.25765, 19.14751], [-98.25721, 19.14813], [-98.25699, 19.14798]]]}}, {"id": "1651434", "type": "Feature", "properties": {"id": "1651434", "CVEGEO": "2104100270378075", "POBTOT": 77.0, "score_nse": 63.365, "NSE": "C", "VIVTOT": 40.0, "GRAPROES": 13.14, "_ent": "21", "_mun": "041", "_loc": "0027"}, "geometry": {"type": "Polygon", "coordinates": [[[-98.25669, 19.14779], [-98.25713, 19.14716], [-98.25736, 19.14732], [-98.25693, 19.14794], [-98.25669, 19.14779]]]}}, {"id": "1651435", "type": "Feature", "properties": {"id": "1651435", "CVEGEO": "2104100270378076", "POBTOT": 81.0, "score_nse": 61.995, "NSE": "C", "VIVTOT": 40.0, "GRAPROES": 12.91, "_ent": "21", "_mun": "041", "_loc": "0027"}, "geometry": {"type": "Polygon", "coordinates": [[[-98.2564, 19.1476], [-98.25683, 19.14698], [-98.25706, 19.14712], [-98.25661, 19.14775], [-98.2564, 19.1476]]]}}, {"id": "1651436", "type": "Feature", "properties": {"id": "1651436", "CVEGEO": "2104100270378077", "POBTOT": 57.0, "score_nse": 51.572, "NSE": "C-", "VIVTOT": 40.0, "GRAPROES": 12.07, "_ent": "21", "_mun": "041", "_loc": "0027"}, "geometry": {"type": "Polygon", "coordinates": [[[-98.2561, 19.14742], [-98.25653, 19.14679], [-98.25678, 19.14694], [-98.25632, 19.14757], [-98.2561, 19.14742]]]}}, {"id": "1651437", "type": "Feature", "properties": {"id": "1651437", "CVEGEO": "2104100270378078", "POBTOT": 51.0, "score_nse": 55.8155, "NSE": "C", "VIVTOT": 32.0, "GRAPROES": 13.13, "_ent": "21", "_mun": "041", "_loc": "0027"}, "geometry": {"type": "Polygon", "coordinates": [[[-98.25579, 19.14724], [-98.25619, 19.14667], [-98.25643, 19.14681], [-98.25603, 19.14739], [-98.25579, 19.14724]]]}}, {"id": "1651438", "type": "Feature", "properties": {"id": "1651438", "CVEGEO": "2104100270378079", "POBTOT": 56.0, "score_nse": 62.7438, "NSE": "C", "VIVTOT": 32.0, "GRAPROES": 13.29, "_ent": "21", "_mun": "041", "_loc": "0027"}, "geometry": {"type": "Polygon", "coordinates": [[[-98.25551, 19.14705], [-98.25588, 19.1465], [-98.25613, 19.14666], [-98.25574, 19.14721], [-98.25551, 19.14705]]]}}, {"id": "1651439", "type": "Feature", "properties": {"id": "1651439", "CVEGEO": "2104100270378080", "POBTOT": 64.0, "score_nse": 67.7746, "NSE": "C", "VIVTOT": 31.0, "GRAPROES": 13.26, "_ent": "21", "_mun": "041", "_loc": "0027"}, "geometry": {"type": "Polygon", "coordinates": [[[-98.25522, 19.14687], [-98.25557, 19.14633], [-98.2558, 19.14648], [-98.25544, 19.14701], [-98.25522, 19.14687]]]}}, {"id": "1651440", "type": "Feature", "properties": {"id": "1651440", "CVEGEO": "2104100270378081", "POBTOT": 41.0, "score_nse": 59.956, "NSE": "C", "VIVTOT": 32.0, "GRAPROES": 13.24, "_ent": "21", "_mun": "041", "_loc": "0027"}, "geometry": {"type": "Polygon", "coordinates": [[[-98.25494, 19.14668], [-98.2553, 19.14614], [-98.25552, 19.14629], [-98.25515, 19.14683], [-98.25494, 19.14668]]]}}, {"id": "1651441", "type": "Feature", "properties": {"id": "1651441", "CVEGEO": "2104100270378083", "POBTOT": 18.0, "score_nse": 67.18, "NSE": "C", "VIVTOT": 7.0, "GRAPROES": 13.31, "_ent": "21", "_mun": "041", "_loc": "0027"}, "geometry": {"type": "Polygon", "coordinates": [[[-98.25497, 19.14674], [-98.25489, 19.14686], [-98.25463, 19.14669], [-98.2547, 19.14658], [-98.25497, 19.14674]]]}}, {"id": "1651442", "type": "Feature", "properties": {"id": "1651442", "CVEGEO": "2104100270378085", "POBTOT": 0.0, "score_nse": 0.0, "NSE": "ND", "VIVTOT": 0.0, "GRAPROES": 0.0, "_ent": "21", "_mun": "041", "_loc": "0027"}, "geometry": {"type": "Polygon", "coordinates": [[[-98.25571, 19.14596], [-98.25553, 19.14583], [-98.2556, 19.14576], [-98.25578, 19.14587], [-98.25571, 19.14596]]]}}, {"id": "1651443", "type": "Feature", "properties": {"id": "1651443", "CVEGEO": "2104100270378084", "POBTOT": 51.0, "score_nse": 57.6969, "NSE": "C", "VIVTOT": 36.0, "GRAPROES": 13.22, "_ent": "21", "_mun": "041", "_loc": "0027"}, "geometry": {"type": "Polygon", "coordinates": [[[-98.25602, 19.14646], [-98.25517, 19.14592], [-98.25513, 19.14583], [-98.25536, 19.1456], [-98.25566, 19.14598], [-98.25624, 19.14613], [-98.25602, 19.14646]]]}}, {"id": "1651444", "type": "Feature", "properties": {"id": "1651444", "CVEGEO": "2104100270378082", "POBTOT": 43.0, "score_nse": 78.818, "NSE": "C+", "VIVTOT": 16.0, "GRAPROES": 15.0, "_ent": "21", "_mun": "041", "_loc": "0027"}, "geometry": {"type": "Polygon", "coordinates": [[[-98.25463, 19.14651], [-98.25477, 19.14622], [-98.25497, 19.14581], [-98.25522, 19.1461], [-98.25487, 19.14664], [-98.25463, 19.14651]]]}}, {"id": "1651445", "type": "Feature", "properties": {"id": "1651445", "CVEGEO": "2104100270378046", "POBTOT": 66.0, "score_nse": 61.585, "NSE": "C", "VIVTOT": 40.0, "GRAPROES": 13.18, "_ent": "21", "_mun": "041", "_loc": "0027"}, "geometry": {"type": "Polygon", "coordinates": [[[-98.25734, 19.14647], [-98.25718, 19.14653], [-98.25685, 19.14632], [-98.25695, 19.14619], [-98.25729, 19.14639], [-98.25801, 19.14686], [-98.25792, 19.14698], [-98.25754, 19.14674], [-98.25753, 19.1466], [-98.25737, 19.14683], [-98.25718, 19.1467], [-98.25734, 19.14647]]]}}, {"id": "1651453", "type": "Feature", "properties": {"id": "1651453", "CVEGEO": "2104100270378015", "POBTOT": 107.0, "score_nse": 61.6005, "NSE": "C", "VIVTOT": 78.0, "GRAPROES": 13.9, "_ent": "21", "_mun": "041", "_loc": "0027"}, "geometry": {"type": "Polygon", "coordinates": [[[-98.25539, 19.14555], [-98.25554, 19.14532], [-98.25669, 19.14598], [-98.25649, 19.14625], [-98.2564, 19.14619], [-98.25656, 19.14595], [-98.25633, 19.14615], [-98.25614, 19.14603], [-98.25625, 19.14575], [-98.25597, 19.14613], [-98.25576, 19.14599], [-98.25605, 19.14564], [-98.25583, 19.14584], [-98.25564, 19.14571], [-98.25579, 19.14548], [-98.25558, 19.14568], [-98.25539, 19.14555]]]}}, {"id": "1651459", "type": "Feature", "properties": {"id": "1651459", "CVEGEO": "2104100270378002", "POBTOT": 40.0, "score_nse": 55.0177, "NSE": "C", "VIVTOT": 24.0, "GRAPROES": 12.31, "_ent": "21", "_mun": "041", "_loc": "0027"}, "geometry": {"type": "Polygon", "coordinates": [[[-98.25528, 19.14695], [-98.25493, 19.14745], [-98.25475, 19.14719], [-98.25502, 19.14678], [-98.25528, 19.14695]]]}}, {"id": "1651531", "type": "Feature", "properties": {"id": "1651531", "CVEGEO": "2104100270382046", "POBTOT": 12.0, "score_nse": 0.0, "NSE": "ND", "VIVTOT": 13.0, "GRAPROES": 16.0, "_ent": "21", "_mun": "041", "_loc": "0027"}, "geometry": {"type": "Polygon", "coordinates": [[[-98.26096, 19.14757], [-98.261, 19.14741], [-98.26175, 19.1479], [-98.26168, 19.14803], [-98.26096, 19.14757]]]}}, {"id": "1651532", "type": "Feature", "properties": {"id": "1651532", "CVEGEO": "2104100270382045", "POBTOT": 22.0, "score_nse": 58.98, "NSE": "C", "VIVTOT": 15.0, "GRAPROES": 13.44, "_ent": "21", "_mun": "041", "_loc": "0027"}, "geometry": {"type": "Polygon", "coordinates": [[[-98.26165, 19.14809], [-98.26157, 19.14823], [-98.26087, 19.14778], [-98.26093, 19.14764], [-98.26165, 19.14809]]]}}, {"id": "1651557", "type": "Feature", "properties": {"id": "1651557", "CVEGEO": "2104100270344006", "POBTOT": 120.0, "score_nse": 47.0775, "NSE": "C-", "VIVTOT": 57.0, "GRAPROES": 9.76, "_ent": "21", "_mun": "041", "_loc": "0027"}, "geometry": {"type": "Polygon", "coordinates": [[[-98.25657, 19.15197], [-98.25675, 19.15162], [-98.25705, 19.15181], [-98.257, 19.15199], [-98.2573, 19.15154], [-98.25752, 19.15168], [-98.25709, 19.1523], [-98.25657, 19.15197]]]}}, {"id": "1651558", "type": "Feature", "properties": {"id": "1651558", "CVEGEO": "2104100270363032", "POBTOT": 50.0, "score_nse": 42.2633, "NSE": "C-", "VIVTOT": 24.0, "GRAPROES": 9.61, "_ent": "21", "_mun": "041", "_loc": "0027"}, "geometry": {"type": "Polygon", "coordinates": [[[-98.2567, 19.15351], [-98.25656, 19.15373], [-98.25622, 19.15356], [-98.25637, 19.15329], [-98.2567, 19.15351]]]}}, {"id": "1651624", "type": "Feature", "properties": {"id": "1651624", "CVEGEO": "2104100270344014", "POBTOT": 80.0, "score_nse": 42.1827, "NSE": "C-", "VIVTOT": 51.0, "GRAPROES": 9.35, "_ent": "21", "_mun": "041", "_loc": "0027"}, "geometry": {"type": "Polygon", "coordinates": [[[-98.25588, 19.15065], [-98.25525, 19.15148], [-98.25539, 19.15153], [-98.25526, 19.15155], [-98.25498, 19.15138], [-98.25507, 19.15125], [-98.25527, 19.15131], [-98.2551, 19.15121], [-98.25561, 19.15048], [-98.25588, 19.15065]]]}}, {"id": "1651625", "type": "Feature", "properties": {"id": "1651625", "CVEGEO": "2104100270344001", "POBTOT": 67.0, "score_nse": 49.772, "NSE": "C-", "VIVTOT": 25.0, "GRAPROES": 10.15, "_ent": "21", "_mun": "041", "_loc": "0027"}, "geometry": {"type": "Polygon", "coordinates": [[[-98.25618, 19.15215], [-98.256, 19.1524], [-98.25557, 19.15213], [-98.25578, 19.15181], [-98.25618, 19.15215]]]}}, {"id": "1651626", "type": "Feature", "properties": {"id": "1651626", "CVEGEO": "210410027033A042", "POBTOT": 81.0, "score_nse": 50.8755, "NSE": "C-", "VIVTOT": 37.0, "GRAPROES": 10.98, "_ent": "21", "_mun": "041", "_loc": "0027"}, "geometry": {"type": "Polygon", "coordinates": [[[-98.25731, 19.15968], [-98.25699, 19.1603], [-98.25663, 19.16031], [-98.25706, 19.15958], [-98.25724, 19.15953], [-98.25731, 19.15968]]]}}, {"id": "1651627", "type": "Feature", "properties": {"id": "1651627", "CVEGEO": "210410027033A040", "POBTOT": 41.0, "score_nse": 52.5125, "NSE": "C-", "VIVTOT": 16.0, "GRAPROES": 10.92, "_ent": "21", "_mun": "041", "_loc": "0027"}, "geometry": {"type": "Polygon", "coordinates": [[[-98.26134, 19.15851], [-98.26077, 19.15942], [-98.25976, 19.15886], [-98.25987, 19.15852], [-98.26005, 19.15852], [-98.25989, 19.15847], [-98.25998, 19.1582], [-98.2602, 19.15821], [-98.26001, 19.15811], [-98.26134, 19.15851]]]}}, {"id": "1651628", "type": "Feature", "properties": {"id": "1651628", "CVEGEO": "2104100270344011", "POBTOT": 76.0, "score_nse": 52.2709, "NSE": "C-", "VIVTOT": 38.0, "GRAPROES": 10.23, "_ent": "21", "_mun": "041", "_loc": "0027"}, "geometry": {"type": "Polygon", "coordinates": [[[-98.25783, 19.15188], [-98.25745, 19.15252], [-98.2571, 19.15231], [-98.25757, 19.15172], [-98.25783, 19.15188]]]}}, {"id": "1651635", "type": "Feature", "properties": {"id": "1651635", "CVEGEO": "2104100270344015", "POBTOT": 96.0, "score_nse": 0.0, "NSE": "ND", "VIVTOT": 38.0, "GRAPROES": 10.22, "_ent": "21", "_mun": "041", "_loc": "0027"}, "geometry": {"type": "Polygon", "coordinates": [[[-98.25815, 19.15207], [-98.25779, 19.15274], [-98.25746, 19.15253], [-98.25789, 19.15191], [-98.25815, 19.15207]]]}}, {"id": "1651636", "type": "Feature", "properties": {"id": "1651636", "CVEGEO": "210410027033A009", "POBTOT": 10.0, "score_nse": 0.0, "NSE": "ND", "VIVTOT": 7.0, "GRAPROES": 11.88, "_ent": "21", "_mun": "041", "_loc": "0027"}, "geometry": {"type": "Polygon", "coordinates": [[[-98.25733, 19.15701], [-98.25716, 19.15732], [-98.25704, 19.15729], [-98.25719, 19.15693], [-98.25733, 19.15701]]]}}, {"id": "1651653", "type": "Feature", "properties": {"id": "1651653", "CVEGEO": "2104100270359051", "POBTOT": 10.0, "score_nse": 0.0, "NSE": "ND", "VIVTOT": 18.0, "GRAPROES": 13.17, "_ent": "21", "_mun": "041", "_loc": "0027"}, "geometry": {"type": "Polygon", "coordinates": [[[-98.26145, 19.15627], [-98.26131, 19.15642], [-98.26113, 19.15632], [-98.26128, 19.15614], [-98.26145, 19.15627]]]}}, {"id": "1651654", "type": "Feature", "properties": {"id": "1651654", "CVEGEO": "2104100270359050", "POBTOT": 0.0, "score_nse": 10.0, "NSE": "E", "VIVTOT": 18.0, "GRAPROES": 0.0, "_ent": "21", "_mun": "041", "_loc": "0027"}, "geometry": {"type": "Polygon", "coordinates": [[[-98.26091, 19.15667], [-98.26109, 19.15644], [-98.26124, 19.15655], [-98.26106, 19.15678], [-98.26091, 19.15667]]]}}, {"id": "1651655", "type": "Feature", "properties": {"id": "1651655", "CVEGEO": "2104100270359049", "POBTOT": 50.0, "score_nse": 48.0424, "NSE": "C-", "VIVTOT": 36.0, "GRAPROES": 11.95, "_ent": "21", "_mun": "041", "_loc": "0027"}, "geometry": {"type": "Polygon", "coordinates": [[[-98.26119, 19.15605], [-98.261, 19.15625], [-98.26082, 19.15616], [-98.26101, 19.15591], [-98.26119, 19.15605]]]}}, {"id": "1651656", "type": "Feature", "properties": {"id": "1651656", "CVEGEO": "2104100270359048", "POBTOT": 34.0, "score_nse": 46.1676, "NSE": "C-", "VIVTOT": 36.0, "GRAPROES": 13.08, "_ent": "21", "_mun": "041", "_loc": "0027"}, "geometry": {"type": "Polygon", "coordinates": [[[-98.2606, 19.15645], [-98.26078, 19.15623], [-98.26096, 19.15632], [-98.26077, 19.15658], [-98.2606, 19.15645]]]}}, {"id": "1651679", "type": "Feature", "properties": {"id": "1651679", "CVEGEO": "2104100270359052", "POBTOT": 30.0, "score_nse": 52.618, "NSE": "C-", "VIVTOT": 16.0, "GRAPROES": 9.85, "_ent": "21", "_mun": "041", "_loc": "0027"}, "geometry": {"type": "Polygon", "coordinates": [[[-98.26009, 19.15275], [-98.25939, 19.1524], [-98.25943, 19.15229], [-98.26009, 19.15275]]]}}, {"id": "1651729", "type": "Feature", "properties": {"id": "1651729", "CVEGEO": "2104100270359022", "POBTOT": 79.0, "score_nse": 55.588, "NSE": "C", "VIVTOT": 36.0, "GRAPROES": 11.88, "_ent": "21", "_mun": "041", "_loc": "0027"}, "geometry": {"type": "Polygon", "coordinates": [[[-98.2605, 19.15638], [-98.26031, 19.15626], [-98.26047, 19.15602], [-98.26067, 19.15616], [-98.2605, 19.15638]]]}}, {"id": "1651730", "type": "Feature", "properties": {"id": "1651730", "CVEGEO": "2104100270359032", "POBTOT": 26.0, "score_nse": 53.874, "NSE": "C-", "VIVTOT": 16.0, "GRAPROES": 11.89, "_ent": "21", "_mun": "041", "_loc": "0027"}, "geometry": {"type": "Polygon", "coordinates": [[[-98.26046, 19.15549], [-98.26034, 19.15564], [-98.26006, 19.15544], [-98.26018, 19.15529], [-98.26046, 19.15549]]]}}, {"id": "1651731", "type": "Feature", "properties": {"id": "1651731", "CVEGEO": "2104100270359034", "POBTOT": 65.0, "score_nse": 51.29, "NSE": "C-", "VIVTOT": 36.0, "GRAPROES": 11.86, "_ent": "21", "_mun": "041", "_loc": "0027"}, "geometry": {"type": "Polygon", "coordinates": [[[-98.26092, 19.15584], [-98.26073, 19.15609], [-98.2605, 19.15593], [-98.2607, 19.15568], [-98.26092, 19.15584]]]}}, {"id": "1651732", "type": "Feature", "properties": {"id": "1651732", "CVEGEO": "2104100270363038", "POBTOT": 13.0, "score_nse": 52.11, "NSE": "C-", "VIVTOT": 20.0, "GRAPROES": 16.0, "_ent": "21", "_mun": "041", "_loc": "0027"}, "geometry": {"type": "Polygon", "coordinates": [[[-98.25477, 19.15225], [-98.25372, 19.15421], [-98.25363, 19.15417], [-98.25469, 19.15218], [-98.25477, 19.15225]]]}}, {"id": "1651733", "type": "Feature", "properties": {"id": "1651733", "CVEGEO": "2104100270363039", "POBTOT": 59.0, "score_nse": 86.5396, "NSE": "A/B", "VIVTOT": 22.0, "GRAPROES": 14.46, "_ent": "21", "_mun": "041", "_loc": "0027"}, "geometry": {"type": "Polygon", "coordinates": [[[-98.2535, 19.15463], [-98.25241, 19.15671], [-98.2523, 19.15669], [-98.25341, 19.15459], [-98.2535, 19.15463]]]}}, {"id": "1651734", "type": "Feature", "properties": {"id": "1651734", "CVEGEO": "2104100270363040", "POBTOT": 116.0, "score_nse": 64.14, "NSE": "C", "VIVTOT": 72.0, "GRAPROES": 14.15, "_ent": "21", "_mun": "041", "_loc": "0027"}, "geometry": {"type": "Polygon", "coordinates": [[[-98.25483, 19.15229], [-98.25501, 19.15243], [-98.25263, 19.15677], [-98.2525, 19.15673], [-98.25361, 19.1546], [-98.25351, 19.15455], [-98.25366, 19.15427], [-98.25376, 19.15432], [-98.25483, 19.15229]]]}}, {"id": "1651739", "type": "Feature", "properties": {"id": "1651739", "CVEGEO": "2104100270382009", "POBTOT": 2132.0, "score_nse": 0.0, "NSE": "ND", "VIVTOT": 934.0, "GRAPROES": 11.62, "_ent": "21", "_mun": "041", "_loc": "0027"}, "geometry": {"type": "Polygon", "coordinates": [[[-98.26515, 19.1505], [-98.26255, 19.14885], [-98.26234, 19.14916], [-98.26164, 19.14881], [-98.2614, 19.14917], [-98.26096, 19.14877], [-98.26145, 19.14854], [-98.26175, 19.14816], [-98.26513, 19.15034], [-98.26506, 19.15018], [-98.26527, 19.14987], [-98.26497, 19.15015], [-98.26474, 19.14997], [-98.26492, 19.14969], [-98.26467, 19.14995], [-98.26443, 19.14979], [-98.26459, 19.14953], [-98.26434, 19.14973], [-98.2641, 19.14958], [-98.26419, 19.14934], [-98.26402, 19.14954], [-98.2618, 19.14807], [-98.26191, 19.14788], [-98.26365, 19.14899], [-98.26552, 19.14992], [-98.26515, 19.1505]]]}}, {"id": "1651744", "type": "Feature", "properties": {"id": "1651744", "CVEGEO": "2104100270382047", "POBTOT": 0.0, "score_nse": 0.0, "NSE": null, "VIVTOT": 0.0, "GRAPROES": 0.0, "_ent": "21", "_mun": "041", "_loc": "0027"}, "geometry": {"type": "Polygon", "coordinates": [[[-98.26331, 19.15102], [-98.26321, 19.15115], [-98.26273, 19.15082], [-98.2628, 19.15072], [-98.26331, 19.15102]]]}}, {"id": "1651745", "type": "Feature", "properties": {"id": "1651745", "CVEGEO": "2104100270382048", "POBTOT": 0.0, "score_nse": 0.0, "NSE": null, "VIVTOT": 0.0, "GRAPROES": 0.0, "_ent": "21", "_mun": "041", "_loc": "0027"}, "geometry": {"type": "Polygon", "coordinates": [[[-98.26352, 19.15073], [-98.26344, 19.15085], [-98.26379, 19.15096], [-98.26345, 19.15142], [-98.26311, 19.15149], [-98.2634, 19.15105], [-98.26325, 19.15096], [-98.26352, 19.15073]]]}}, {"id": "1651746", "type": "Feature", "properties": {"id": "1651746", "CVEGEO": "2104100270382055", "POBTOT": 0.0, "score_nse": 0.0, "NSE": null, "VIVTOT": 0.0, "GRAPROES": 0.0, "_ent": "21", "_mun": "041", "_loc": "0027"}, "geometry": {"type": "Polygon", "coordinates": [[[-98.26268, 19.15046], [-98.26247, 19.15033], [-98.26255, 19.1502], [-98.26277, 19.15034], [-98.26268, 19.15046]]]}}, {"id": "1651747", "type": "Feature", "properties": {"id": "1651747", "CVEGEO": "2104100270382056", "POBTOT": 0.0, "score_nse": 0.0, "NSE": null, "VIVTOT": 0.0, "GRAPROES": 0.0, "_ent": "21", "_mun": "041", "_loc": "0027"}, "geometry": {"type": "Polygon", "coordinates": [[[-98.26291, 19.15061], [-98.26279, 19.15053], [-98.26287, 19.1504], [-98.263, 19.15049], [-98.26291, 19.15061]]]}}, {"id": "1651748", "type": "Feature", "properties": {"id": "1651748", "CVEGEO": "2104100270382063", "POBTOT": 0.0, "score_nse": 0.0, "NSE": null, "VIVTOT": 0.0, "GRAPROES": 0.0, "_ent": "21", "_mun": "041", "_loc": "0027"}, "geometry": {"type": "Polygon", "coordinates": [[[-98.26487, 19.15035], [-98.26467, 19.15063], [-98.26446, 19.15046], [-98.2646, 19.15025], [-98.26441, 19.15042], [-98.2642, 19.15032], [-98.26432, 19.15007], [-98.26409, 19.15023], [-98.2639, 19.15009], [-98.26404, 19.14989], [-98.26381, 19.15005], [-98.26361, 19.1499], [-98.26375, 19.14971], [-98.26355, 19.14985], [-98.26345, 19.14963], [-98.26251, 19.14899], [-98.26258, 19.14889], [-98.26487, 19.15035]]]}}, {"id": "1651756", "type": "Feature", "properties": {"id": "1651756", "CVEGEO": "2104100270382057", "POBTOT": 0.0, "score_nse": 0.0, "NSE": null, "VIVTOT": 0.0, "GRAPROES": 0.0, "_ent": "21", "_mun": "041", "_loc": "0027"}, "geometry": {"type": "Polygon", "coordinates": [[[-98.26338, 19.15005], [-98.26326, 19.14998], [-98.26299, 19.15036], [-98.26272, 19.15019], [-98.26309, 19.14966], [-98.26348, 19.1499], [-98.26338, 19.15005]]]}}, {"id": "1651757", "type": "Feature", "properties": {"id": "1651757", "CVEGEO": "2104100270382058", "POBTOT": 0.0, "score_nse": 0.0, "NSE": null, "VIVTOT": 0.0, "GRAPROES": 0.0, "_ent": "21", "_mun": "041", "_loc": "0027"}, "geometry": {"type": "Polygon", "coordinates": [[[-98.26265, 19.15014], [-98.26242, 19.14999], [-98.26278, 19.14945], [-98.26301, 19.1496], [-98.26265, 19.15014]]]}}, {"id": "1651758", "type": "Feature", "properties": {"id": "1651758", "CVEGEO": "2104100270382059", "POBTOT": 0.0, "score_nse": 0.0, "NSE": null, "VIVTOT": 0.0, "GRAPROES": 0.0, "_ent": "21", "_mun": "041", "_loc": "0027"}, "geometry": {"type": "Polygon", "coordinates": [[[-98.26234, 19.1499], [-98.26213, 19.14966], [-98.26243, 19.14923], [-98.26268, 19.14939], [-98.26234, 19.1499]]]}}, {"id": "1651759", "type": "Feature", "properties": {"id": "1651759", "CVEGEO": "2104100270382060", "POBTOT": 0.0, "score_nse": 0.0, "NSE": null, "VIVTOT": 0.0, "GRAPROES": 0.0, "_ent": "21", "_mun": "041", "_loc": "0027"}, "geometry": {"type": "Polygon", "coordinates": [[[-98.26206, 19.1496], [-98.26183, 19.14945], [-98.26212, 19.14905], [-98.26234, 19.14919], [-98.26206, 19.1496]]]}}, {"id": "1651760", "type": "Feature", "properties": {"id": "1651760", "CVEGEO": "2104100270382061", "POBTOT": 0.0, "score_nse": 0.0, "NSE": null, "VIVTOT": 0.0, "GRAPROES": 0.0, "_ent": "21", "_mun": "041", "_loc": "0027"}, "geometry": {"type": "Polygon", "coordinates": [[[-98.26174, 19.1494], [-98.26153, 19.14925], [-98.26181, 19.14885], [-98.26203, 19.14899], [-98.26174, 19.1494]]]}}, {"id": "1651761", "type": "Feature", "properties": {"id": "1651761", "CVEGEO": "2104100270382062", "POBTOT": 0.0, "score_nse": 0.0, "NSE": null, "VIVTOT": 0.0, "GRAPROES": 0.0, "_ent": "21", "_mun": "041", "_loc": "0027"}, "geometry": {"type": "Polygon", "coordinates": [[[-98.26345, 19.14985], [-98.26237, 19.14917], [-98.26244, 19.14907], [-98.26337, 19.14966], [-98.26345, 19.14985]]]}}, {"id": "1651762", "type": "Feature", "properties": {"id": "1651762", "CVEGEO": "2104100270382049", "POBTOT": 0.0, "score_nse": 0.0, "NSE": null, "VIVTOT": 0.0, "GRAPROES": 0.0, "_ent": "21", "_mun": "041", "_loc": "0027"}, "geometry": {"type": "Polygon", "coordinates": [[[-98.26352, 19.14997], [-98.26391, 19.15021], [-98.26365, 19.15057], [-98.26379, 19.15026], [-98.26352, 19.14997]]]}}, {"id": "1651763", "type": "Feature", "properties": {"id": "1651763", "CVEGEO": "2104100270382050", "POBTOT": 0.0, "score_nse": 0.0, "NSE": null, "VIVTOT": 0.0, "GRAPROES": 0.0, "_ent": "21", "_mun": "041", "_loc": "0027"}, "geometry": {"type": "Polygon", "coordinates": [[[-98.26345, 19.15006], [-98.26377, 19.15026], [-98.26323, 19.15095], [-98.26311, 19.15088], [-98.26357, 19.15027], [-98.26338, 19.15016], [-98.26345, 19.15006]]]}}, {"id": "1651764", "type": "Feature", "properties": {"id": "1651764", "CVEGEO": "2104100270382051", "POBTOT": 0.0, "score_nse": 0.0, "NSE": null, "VIVTOT": 0.0, "GRAPROES": 0.0, "_ent": "21", "_mun": "041", "_loc": "0027"}, "geometry": {"type": "Polygon", "coordinates": [[[-98.26294, 19.15066], [-98.26305, 19.15084], [-98.26289, 19.15074], [-98.26294, 19.15066]]]}}, {"id": "1651765", "type": "Feature", "properties": {"id": "1651765", "CVEGEO": "2104100270382052", "POBTOT": 0.0, "score_nse": 0.0, "NSE": null, "VIVTOT": 0.0, "GRAPROES": 0.0, "_ent": "21", "_mun": "041", "_loc": "0027"}, "geometry": {"type": "Polygon", "coordinates": [[[-98.26106, 19.14959], [-98.26061, 19.14929], [-98.26075, 19.14889], [-98.26132, 19.14924], [-98.26106, 19.14959]]]}}, {"id": "1651766", "type": "Feature", "properties": {"id": "1651766", "CVEGEO": "2104100270382053", "POBTOT": 0.0, "score_nse": 0.0, "NSE": null, "VIVTOT": 0.0, "GRAPROES": 0.0, "_ent": "21", "_mun": "041", "_loc": "0027"}, "geometry": {"type": "Polygon", "coordinates": [[[-98.26212, 19.1501], [-98.26124, 19.14958], [-98.26143, 19.14931], [-98.26226, 19.14992], [-98.26212, 19.1501]]]}}, {"id": "1651767", "type": "Feature", "properties": {"id": "1651767", "CVEGEO": "2104100270382054", "POBTOT": 0.0, "score_nse": 0.0, "NSE": null, "VIVTOT": 0.0, "GRAPROES": 0.0, "_ent": "21", "_mun": "041", "_loc": "0027"}, "geometry": {"type": "Polygon", "coordinates": [[[-98.26235, 19.15025], [-98.26222, 19.15017], [-98.26232, 19.15004], [-98.26245, 19.15013], [-98.26235, 19.15025]]]}}, {"id": "1651768", "type": "Feature", "properties": {"id": "1651768", "CVEGEO": "2104100270359019", "POBTOT": 34.0, "score_nse": 49.2791, "NSE": "C-", "VIVTOT": 28.0, "GRAPROES": 13.11, "_ent": "21", "_mun": "041", "_loc": "0027"}, "geometry": {"type": "Polygon", "coordinates": [[[-98.26279, 19.15458], [-98.2625, 19.15506], [-98.26003, 19.15327], [-98.25971, 19.15371], [-98.26222, 19.15554], [-98.26143, 19.15689], [-98.26111, 19.15704], [-98.26028, 19.1571], [-98.25803, 19.15542], [-98.25857, 19.15453], [-98.25903, 19.15494], [-98.25881, 19.15484], [-98.25858, 19.15512], [-98.2611, 19.15686], [-98.26159, 19.15637], [-98.25866, 19.1542], [-98.25906, 19.15347], [-98.25961, 19.15381], [-98.25908, 19.15343], [-98.2594, 19.15243], [-98.26279, 19.15458]]]}}, {"id": "1651769", "type": "Feature", "properties": {"id": "1651769", "CVEGEO": "2104100270359053", "POBTOT": 0.0, "score_nse": 0.0, "NSE": null, "VIVTOT": 0.0, "GRAPROES": 0.0, "_ent": "21", "_mun": "041", "_loc": "0027"}, "geometry": {"type": "Polygon", "coordinates": [[[-98.25898, 19.15499], [-98.25877, 19.15524], [-98.25859, 19.15512], [-98.2588, 19.15487], [-98.25898, 19.15499]]]}}, {"id": "1651847", "type": "Feature", "properties": {"id": "1651847", "CVEGEO": "2104100270344018", "POBTOT": 329.0, "score_nse": 50.4305, "NSE": "C-", "VIVTOT": 149.0, "GRAPROES": 10.8, "_ent": "21", "_mun": "041", "_loc": "0027"}, "geometry": {"type": "Polygon", "coordinates": [[[-98.25872, 19.15383], [-98.25767, 19.15313], [-98.2578, 19.15325], [-98.25743, 19.15374], [-98.25717, 19.15357], [-98.25753, 19.15305], [-98.25776, 19.153], [-98.25638, 19.15213], [-98.25651, 19.15194], [-98.25789, 19.15282], [-98.25785, 19.1526], [-98.25819, 19.15212], [-98.25915, 19.15271], [-98.25872, 19.15383]]]}}, {"id": "1651848", "type": "Feature", "properties": {"id": "1651848", "CVEGEO": "2104100270344030", "POBTOT": 193.0, "score_nse": 43.7887, "NSE": "C-", "VIVTOT": 101.0, "GRAPROES": 9.66, "_ent": "21", "_mun": "041", "_loc": "0027"}, "geometry": {"type": "Polygon", "coordinates": [[[-98.25438, 19.15112], [-98.25284, 19.15053], [-98.25303, 19.15013], [-98.25419, 19.15051], [-98.25426, 19.15086], [-98.25327, 19.15053], [-98.25331, 19.15031], [-98.25323, 19.15052], [-98.25303, 19.15044], [-98.25309, 19.15025], [-98.25297, 19.15054], [-98.25429, 19.15093], [-98.25438, 19.15112]]]}}, {"id": "1651849", "type": "Feature", "properties": {"id": "1651849", "CVEGEO": "2104100270363011", "POBTOT": 199.0, "score_nse": 55.7391, "NSE": "C", "VIVTOT": 87.0, "GRAPROES": 11.09, "_ent": "21", "_mun": "041", "_loc": "0027"}, "geometry": {"type": "Polygon", "coordinates": [[[-98.25386, 19.15717], [-98.25461, 19.15583], [-98.25424, 19.15581], [-98.25435, 19.15563], [-98.2548, 19.15585], [-98.25403, 19.15723], [-98.25386, 19.15717]]]}}, {"id": "1651850", "type": "Feature", "properties": {"id": "1651850", "CVEGEO": "2104100270378017", "POBTOT": 94.0, "score_nse": 62.4724, "NSE": "C", "VIVTOT": 54.0, "GRAPROES": 13.89, "_ent": "21", "_mun": "041", "_loc": "0027"}, "geometry": {"type": "Polygon", "coordinates": [[[-98.26025, 19.14839], [-98.25939, 19.14785], [-98.25905, 19.14835], [-98.25898, 19.14826], [-98.25936, 19.1477], [-98.2606, 19.14849], [-98.26031, 19.14916], [-98.25987, 19.14889], [-98.26025, 19.14839]]]}}, {"id": "1651851", "type": "Feature", "properties": {"id": "1651851", "CVEGEO": "2104100270378086", "POBTOT": 0.0, "score_nse": 0.0, "NSE": null, "VIVTOT": 0.0, "GRAPROES": 0.0, "_ent": "21", "_mun": "041", "_loc": "0027"}, "geometry": {"type": "Polygon", "coordinates": [[[-98.2592, 19.14827], [-98.25991, 19.14871], [-98.25982, 19.14884], [-98.25912, 19.14839], [-98.2592, 19.14827]]]}}, {"id": "1651852", "type": "Feature", "properties": {"id": "1651852", "CVEGEO": "2104100270378087", "POBTOT": 0.0, "score_nse": 0.0, "NSE": null, "VIVTOT": 0.0, "GRAPROES": 0.0, "_ent": "21", "_mun": "041", "_loc": "0027"}, "geometry": {"type": "Polygon", "coordinates": [[[-98.25969, 19.14848], [-98.25951, 19.14837], [-98.25969, 19.14811], [-98.25987, 19.14822], [-98.25969, 19.14848]]]}}, {"id": "1651917", "type": "Feature", "properties": {"id": "1651917", "CVEGEO": "2104100270382035", "POBTOT": 79.0, "score_nse": 63.4854, "NSE": "C", "VIVTOT": 34.0, "GRAPROES": 12.61, "_ent": "21", "_mun": "041", "_loc": "0027"}, "geometry": {"type": "Polygon", "coordinates": [[[-98.26577, 19.14832], [-98.26453, 19.14773], [-98.26467, 19.14745], [-98.26609, 19.14808], [-98.26656, 19.14721], [-98.26689, 19.14736], [-98.26558, 19.14987], [-98.26509, 19.14964], [-98.26577, 19.14832]]]}}, {"id": "1651918", "type": "Feature", "properties": {"id": "1651918", "CVEGEO": "2104100270382064", "POBTOT": 0.0, "score_nse": 0.0, "NSE": null, "VIVTOT": 0.0, "GRAPROES": 0.0, "_ent": "21", "_mun": "041", "_loc": "0027"}, "geometry": {"type": "Polygon", "coordinates": [[[-98.26439, 19.1493], [-98.26502, 19.1481], [-98.26517, 19.14817], [-98.26453, 19.14937], [-98.26439, 19.1493]]]}}, {"id": "1651919", "type": "Feature", "properties": {"id": "1651919", "CVEGEO": "2104100270382065", "POBTOT": 0.0, "score_nse": 0.0, "NSE": null, "VIVTOT": 0.0, "GRAPROES": 0.0, "_ent": "21", "_mun": "041", "_loc": "0027"}, "geometry": {"type": "Polygon", "coordinates": [[[-98.26469, 19.14944], [-98.26455, 19.14937], [-98.26518, 19.14818], [-98.26532, 19.14825], [-98.26469, 19.14944]]]}}, {"id": "1651920", "type": "Feature", "properties": {"id": "1651920", "CVEGEO": "2104100270382066", "POBTOT": 0.0, "score_nse": 0.0, "NSE": null, "VIVTOT": 0.0, "GRAPROES": 0.0, "_ent": "21", "_mun": "041", "_loc": "0027"}, "geometry": {"type": "Polygon", "coordinates": [[[-98.26503, 19.14961], [-98.26474, 19.14947], [-98.26504, 19.1489], [-98.26534, 19.14903], [-98.26503, 19.14961]]]}}, {"id": "1651921", "type": "Feature", "properties": {"id": "1651921", "CVEGEO": "2104100270382067", "POBTOT": 0.0, "score_nse": 0.0, "NSE": null, "VIVTOT": 0.0, "GRAPROES": 0.0, "_ent": "21", "_mun": "041", "_loc": "0027"}, "geometry": {"type": "Polygon", "coordinates": [[[-98.26522, 19.14858], [-98.26538, 19.14827], [-98.26567, 19.14841], [-98.26551, 19.14871], [-98.26522, 19.14858]]]}}, {"id": "1651988", "type": "Feature", "properties": {"id": "1651988", "CVEGEO": "2104100270382068", "POBTOT": 0.0, "score_nse": 0.0, "NSE": null, "VIVTOT": 0.0, "GRAPROES": 0.0, "_ent": "21", "_mun": "041", "_loc": "0027"}, "geometry": {"type": "Polygon", "coordinates": [[[-98.26154, 19.14826], [-98.26131, 19.14849], [-98.26054, 19.14891], [-98.26086, 19.14784], [-98.26154, 19.14826]]]}}]}