{"type": "FeatureCollection", "features": [{"id": "1648611", "type": "Feature", "properties": {"id": "1648611", "CVEGEO": "2103500010154044", "POBTOT": 9.0, "score_nse": 0.0, "NSE": "ND", "VIVTOT": 3.0, "GRAPROES": 0.0, "_ent": "21", "_mun": "035", "_loc": "0001"}, "geometry": {"type": "Polygon", "coordinates": [[[-97.15372, 18.2604], [-97.15244, 18.26048], [-97.15218, 18.26117], [-97.152, 18.26116], [-97.15264, 18.25994], [-97.15377, 18.25993], [-97.15372, 18.2604]]]}}, {"id": "1648613", "type": "Feature", "properties": {"id": "1648613", "CVEGEO": "2103500010205002", "POBTOT": 4.0, "score_nse": 0.0, "NSE": "ND", "VIVTOT": 4.0, "GRAPROES": 0.0, "_ent": "21", "_mun": "035", "_loc": "0001"}, "geometry": {"type": "Polygon", "coordinates": [[[-97.16588, 18.26999], [-97.16314, 18.26817], [-97.16294, 18.26812], [-97.16331, 18.26815], [-97.16409, 18.26872], [-97.16479, 18.26899], [-97.16641, 18.26893], [-97.16588, 18.26999]]]}}, {"id": "1648614", "type": "Feature", "properties": {"id": "1648614", "CVEGEO": "2103500010173004", "POBTOT": 10.0, "score_nse": 0.0, "NSE": "ND", "VIVTOT": 2.0, "GRAPROES": 0.0, "_ent": "21", "_mun": "035", "_loc": "0001"}, "geometry": {"type": "Polygon", "coordinates": [[[-97.14226, 18.27309], [-97.14179, 18.27398], [-97.14091, 18.27448], [-97.14088, 18.27395], [-97.14205, 18.27266], [-97.14226, 18.27309]]]}}, {"id": "1648615", "type": "Feature", "properties": {"id": "1648615", "CVEGEO": "2103500010101012", "POBTOT": 41.0, "score_nse": 0.0, "NSE": "ND", "VIVTOT": 16.0, "GRAPROES": 11.18, "_ent": "21", "_mun": "035", "_loc": "0001"}, "geometry": {"type": "Polygon", "coordinates": [[[-97.14477, 18.26881], [-97.14307, 18.26963], [-97.14288, 18.26923], [-97.14406, 18.26827], [-97.14406, 18.2676], [-97.14481, 18.26759], [-97.14477, 18.26881]]]}}, {"id": "1648618", "type": "Feature", "properties": {"id": "1648618", "CVEGEO": "210350001021A027", "POBTOT": 6.0, "score_nse": 0.0, "NSE": "ND", "VIVTOT": 4.0, "GRAPROES": 0.0, "_ent": "21", "_mun": "035", "_loc": "0001"}, "geometry": {"type": "Polygon", "coordinates": [[[-97.14595, 18.25944], [-97.14608, 18.2588], [-97.14748, 18.25889], [-97.14762, 18.25938], [-97.14658, 18.25914], [-97.14671, 18.25923], [-97.14595, 18.25944]]]}}, {"id": "1648619", "type": "Feature", "properties": {"id": "1648619", "CVEGEO": "2103500010173001", "POBTOT": 142.0, "score_nse": 0.0, "NSE": "ND", "VIVTOT": 46.0, "GRAPROES": 8.59, "_ent": "21", "_mun": "035", "_loc": "0001"}, "geometry": {"type": "Polygon", "coordinates": [[[-97.14449, 18.26978], [-97.14463, 18.27118], [-97.14442, 18.27141], [-97.14389, 18.27164], [-97.14321, 18.27246], [-97.14267, 18.2726], [-97.1423, 18.27302], [-97.14209, 18.27262], [-97.14221, 18.27237], [-97.14177, 18.27302], [-97.14086, 18.27389], [-97.14064, 18.27364], [-97.13982, 18.2733], [-97.13931, 18.27329], [-97.13808, 18.27361], [-97.13646, 18.27438], [-97.13514, 18.27431], [-97.13393, 18.27495], [-97.1346, 18.27425], [-97.13979, 18.27143], [-97.1419, 18.27055], [-97.14268, 18.26995], [-97.14296, 18.27046], [-97.14449, 18.26978]]]}}, {"id": "1648620", "type": "Feature", "properties": {"id": "1648620", "CVEGEO": "2103500010101022", "POBTOT": 53.0, "score_nse": 0.0, "NSE": "ND", "VIVTOT": 17.0, "GRAPROES": 10.64, "_ent": "21", "_mun": "035", "_loc": "0001"}, "geometry": {"type": "Polygon", "coordinates": [[[-97.14082, 18.26947], [-97.1418, 18.26918], [-97.14365, 18.26761], [-97.14402, 18.2676], [-97.144, 18.26823], [-97.14282, 18.26919], [-97.14301, 18.26966], [-97.14244, 18.27013], [-97.13877, 18.27185], [-97.13862, 18.27166], [-97.13968, 18.27023], [-97.14082, 18.26947]]]}}, {"id": "1648623", "type": "Feature", "properties": {"id": "1648623", "CVEGEO": "2103500010309014", "POBTOT": 0.0, "score_nse": 0.0, "NSE": "ND", "VIVTOT": 0.0, "GRAPROES": 0.0, "_ent": "21", "_mun": "035", "_loc": "0001"}, "geometry": {"type": "Polygon", "coordinates": [[[-97.15636, 18.27377], [-97.1554, 18.2739], [-97.1554, 18.27351], [-97.15621, 18.27321], [-97.15634, 18.27326], [-97.15636, 18.27377]]]}}, {"id": "1648627", "type": "Feature", "properties": {"id": "1648627", "CVEGEO": "2103500010101029", "POBTOT": 64.0, "score_nse": 0.0, "NSE": "ND", "VIVTOT": 17.0, "GRAPROES": 11.62, "_ent": "21", "_mun": "035", "_loc": "0001"}, "geometry": {"type": "Polygon", "coordinates": [[[-97.15258, 18.26794], [-97.15263, 18.26724], [-97.15394, 18.26736], [-97.15386, 18.26802], [-97.15258, 18.26794]]]}}, {"id": "1648628", "type": "Feature", "properties": {"id": "1648628", "CVEGEO": "2103500010154024", "POBTOT": 0.0, "score_nse": 0.0, "NSE": "ND", "VIVTOT": 0.0, "GRAPROES": 0.0, "_ent": "21", "_mun": "035", "_loc": "0001"}, "geometry": {"type": "Polygon", "coordinates": [[[-97.1599, 18.26671], [-97.15997, 18.26613], [-97.16073, 18.2662], [-97.1607, 18.26676], [-97.1599, 18.26671]]]}}, {"id": "1648629", "type": "Feature", "properties": {"id": "1648629", "CVEGEO": "210350001014A015", "POBTOT": 0.0, "score_nse": 0.0, "NSE": "ND", "VIVTOT": 0.0, "GRAPROES": 0.0, "_ent": "21", "_mun": "035", "_loc": "0001"}, "geometry": {"type": "Polygon", "coordinates": [[[-97.15403, 18.26668], [-97.15389, 18.26649], [-97.15375, 18.26613], [-97.15407, 18.26613], [-97.15403, 18.26668]]]}}, {"id": "1648630", "type": "Feature", "properties": {"id": "1648630", "CVEGEO": "2103500010116026", "POBTOT": 30.0, "score_nse": 0.0, "NSE": "ND", "VIVTOT": 10.0, "GRAPROES": 8.48, "_ent": "21", "_mun": "035", "_loc": "0001"}, "geometry": {"type": "Polygon", "coordinates": [[[-97.14642, 18.26466], [-97.1454, 18.26454], [-97.14507, 18.26476], [-97.14463, 18.26442], [-97.1447, 18.26381], [-97.14645, 18.26411], [-97.14642, 18.26466]]]}}, {"id": "1648631", "type": "Feature", "properties": {"id": "1648631", "CVEGEO": "2103500010101010", "POBTOT": 57.0, "score_nse": 0.0, "NSE": "ND", "VIVTOT": 18.0, "GRAPROES": 10.24, "_ent": "21", "_mun": "035", "_loc": "0001"}, "geometry": {"type": "Polygon", "coordinates": [[[-97.14814, 18.26773], [-97.14969, 18.26799], [-97.14957, 18.26887], [-97.14821, 18.26794], [-97.14814, 18.26773]]]}}, {"id": "1648637", "type": "Feature", "properties": {"id": "1648637", "CVEGEO": "210350001014A056", "POBTOT": 28.0, "score_nse": 62.84, "NSE": "C", "VIVTOT": 10.0, "GRAPROES": 9.82, "_ent": "21", "_mun": "035", "_loc": "0001"}, "geometry": {"type": "Polygon", "coordinates": [[[-97.15872, 18.26774], [-97.15869, 18.26816], [-97.15903, 18.26885], [-97.15821, 18.26916], [-97.1583, 18.26771], [-97.15872, 18.26774]]]}}, {"id": "1648638", "type": "Feature", "properties": {"id": "1648638", "CVEGEO": "210350001014A006", "POBTOT": 22.0, "score_nse": 0.0, "NSE": "ND", "VIVTOT": 6.0, "GRAPROES": 9.47, "_ent": "21", "_mun": "035", "_loc": "0001"}, "geometry": {"type": "Polygon", "coordinates": [[[-97.15921, 18.26929], [-97.15913, 18.26894], [-97.16057, 18.26789], [-97.16064, 18.26939], [-97.15921, 18.26929]]]}}, {"id": "1648639", "type": "Feature", "properties": {"id": "1648639", "CVEGEO": "2103500010116020", "POBTOT": 19.0, "score_nse": 0.0, "NSE": "ND", "VIVTOT": 10.0, "GRAPROES": 11.64, "_ent": "21", "_mun": "035", "_loc": "0001"}, "geometry": {"type": "Polygon", "coordinates": [[[-97.14637, 18.26598], [-97.1453, 18.26596], [-97.14488, 18.26579], [-97.14609, 18.26492], [-97.14641, 18.26485], [-97.14637, 18.26598]]]}}, {"id": "1648640", "type": "Feature", "properties": {"id": "1648640", "CVEGEO": "2103500010116019", "POBTOT": 24.0, "score_nse": 0.0, "NSE": "ND", "VIVTOT": 9.0, "GRAPROES": 10.9, "_ent": "21", "_mun": "035", "_loc": "0001"}, "geometry": {"type": "Polygon", "coordinates": [[[-97.14551, 18.26668], [-97.14427, 18.26661], [-97.1443, 18.26646], [-97.14472, 18.26613], [-97.14555, 18.26604], [-97.14551, 18.26668]]]}}, {"id": "1648641", "type": "Feature", "properties": {"id": "1648641", "CVEGEO": "2103500010101005", "POBTOT": 38.0, "score_nse": 57.9509, "NSE": "C", "VIVTOT": 11.0, "GRAPROES": 10.88, "_ent": "21", "_mun": "035", "_loc": "0001"}, "geometry": {"type": "Polygon", "coordinates": [[[-97.14622, 18.26809], [-97.14594, 18.26847], [-97.14545, 18.26865], [-97.14552, 18.2675], [-97.14627, 18.26755], [-97.14622, 18.26809]]]}}, {"id": "1648642", "type": "Feature", "properties": {"id": "1648642", "CVEGEO": "2103500010101003", "POBTOT": 67.0, "score_nse": 0.0, "NSE": "ND", "VIVTOT": 22.0, "GRAPROES": 9.64, "_ent": "21", "_mun": "035", "_loc": "0001"}, "geometry": {"type": "Polygon", "coordinates": [[[-97.14746, 18.26884], [-97.14713, 18.26864], [-97.14714, 18.26849], [-97.14738, 18.26845], [-97.14714, 18.26844], [-97.14718, 18.26794], [-97.1479, 18.26766], [-97.14776, 18.2688], [-97.14746, 18.26884]]]}}, {"id": "1648643", "type": "Feature", "properties": {"id": "1648643", "CVEGEO": "2103500010101002", "POBTOT": 31.0, "score_nse": 0.0, "NSE": "ND", "VIVTOT": 11.0, "GRAPROES": 11.57, "_ent": "21", "_mun": "035", "_loc": "0001"}, "geometry": {"type": "Polygon", "coordinates": [[[-97.14711, 18.26794], [-97.14646, 18.26825], [-97.14627, 18.26816], [-97.14634, 18.26757], [-97.1471, 18.26761], [-97.14711, 18.26794]]]}}, {"id": "1648644", "type": "Feature", "properties": {"id": "1648644", "CVEGEO": "2103500010154031", "POBTOT": 1.0, "score_nse": 0.0, "NSE": "ND", "VIVTOT": 1.0, "GRAPROES": 0.0, "_ent": "21", "_mun": "035", "_loc": "0001"}, "geometry": {"type": "Polygon", "coordinates": [[[-97.15378, 18.25986], [-97.15294, 18.2599], [-97.15272, 18.25984], [-97.15298, 18.2594], [-97.15383, 18.25941], [-97.15378, 18.25986]]]}}, {"id": "1648671", "type": "Feature", "properties": {"id": "1648671", "CVEGEO": "210350001021A032", "POBTOT": 0.0, "score_nse": 0.0, "NSE": "ND", "VIVTOT": 0.0, "GRAPROES": 0.0, "_ent": "21", "_mun": "035", "_loc": "0001"}, "geometry": {"type": "Polygon", "coordinates": [[[-97.14866, 18.25991], [-97.14784, 18.25987], [-97.14775, 18.25953], [-97.14867, 18.25959], [-97.14866, 18.25991]]]}}, {"id": "1648672", "type": "Feature", "properties": {"id": "1648672", "CVEGEO": "210350001021A031", "POBTOT": 4.0, "score_nse": 0.0, "NSE": "ND", "VIVTOT": 1.0, "GRAPROES": 0.0, "_ent": "21", "_mun": "035", "_loc": "0001"}, "geometry": {"type": "Polygon", "coordinates": [[[-97.14867, 18.26044], [-97.1479, 18.26044], [-97.14787, 18.25997], [-97.14866, 18.25999], [-97.14867, 18.26044]]]}}, {"id": "1648673", "type": "Feature", "properties": {"id": "1648673", "CVEGEO": "2103500010224028", "POBTOT": 6.0, "score_nse": 0.0, "NSE": "ND", "VIVTOT": 4.0, "GRAPROES": 0.0, "_ent": "21", "_mun": "035", "_loc": "0001"}, "geometry": {"type": "Polygon", "coordinates": [[[-97.14588, 18.25941], [-97.14515, 18.25955], [-97.1451, 18.25922], [-97.14507, 18.25956], [-97.14453, 18.25969], [-97.14506, 18.25965], [-97.14498, 18.26042], [-97.14438, 18.26042], [-97.1444, 18.25913], [-97.14598, 18.25889], [-97.14588, 18.25941]]]}}, {"id": "1648674", "type": "Feature", "properties": {"id": "1648674", "CVEGEO": "2103500010224009", "POBTOT": 48.0, "score_nse": 0.0, "NSE": "ND", "VIVTOT": 13.0, "GRAPROES": 6.75, "_ent": "21", "_mun": "035", "_loc": "0001"}, "geometry": {"type": "Polygon", "coordinates": [[[-97.14154, 18.25883], [-97.14427, 18.25885], [-97.14429, 18.25906], [-97.14173, 18.2594], [-97.14129, 18.25968], [-97.14104, 18.25913], [-97.14154, 18.25883]]]}}, {"id": "1648675", "type": "Feature", "properties": {"id": "1648675", "CVEGEO": "2103500010224008", "POBTOT": 118.0, "score_nse": 0.0, "NSE": "ND", "VIVTOT": 34.0, "GRAPROES": 7.29, "_ent": "21", "_mun": "035", "_loc": "0001"}, "geometry": {"type": "Polygon", "coordinates": [[[-97.14103, 18.26175], [-97.14048, 18.26199], [-97.14024, 18.26188], [-97.14096, 18.26082], [-97.14132, 18.25975], [-97.14173, 18.25948], [-97.14157, 18.26093], [-97.14103, 18.26175]]]}}, {"id": "1648676", "type": "Feature", "properties": {"id": "1648676", "CVEGEO": "2103500010224007", "POBTOT": 20.0, "score_nse": 0.0, "NSE": "ND", "VIVTOT": 11.0, "GRAPROES": 5.57, "_ent": "21", "_mun": "035", "_loc": "0001"}, "geometry": {"type": "Polygon", "coordinates": [[[-97.1423, 18.26248], [-97.14174, 18.26256], [-97.14096, 18.26211], [-97.14048, 18.26237], [-97.14017, 18.26233], [-97.14019, 18.262], [-97.14134, 18.26188], [-97.1423, 18.26248]]]}}, {"id": "1648677", "type": "Feature", "properties": {"id": "1648677", "CVEGEO": "2103500010224006", "POBTOT": 22.0, "score_nse": 0.0, "NSE": "ND", "VIVTOT": 7.0, "GRAPROES": 7.93, "_ent": "21", "_mun": "035", "_loc": "0001"}, "geometry": {"type": "Polygon", "coordinates": [[[-97.14328, 18.26295], [-97.14227, 18.26239], [-97.14193, 18.26176], [-97.14213, 18.26148], [-97.14321, 18.26248], [-97.14328, 18.26295]]]}}, {"id": "1648678", "type": "Feature", "properties": {"id": "1648678", "CVEGEO": "210350001021A003", "POBTOT": 25.0, "score_nse": 0.0, "NSE": "ND", "VIVTOT": 6.0, "GRAPROES": 6.44, "_ent": "21", "_mun": "035", "_loc": "0001"}, "geometry": {"type": "Polygon", "coordinates": [[[-97.14873, 18.26051], [-97.14964, 18.2605], [-97.14948, 18.26105], [-97.1491, 18.26141], [-97.14811, 18.26179], [-97.14684, 18.26154], [-97.14689, 18.26105], [-97.14878, 18.26099], [-97.14873, 18.26051]]]}}, {"id": "1648679", "type": "Feature", "properties": {"id": "1648679", "CVEGEO": "210350001021A002", "POBTOT": 5.0, "score_nse": 0.0, "NSE": "ND", "VIVTOT": 2.0, "GRAPROES": 0.0, "_ent": "21", "_mun": "035", "_loc": "0001"}, "geometry": {"type": "Polygon", "coordinates": [[[-97.14753, 18.26244], [-97.14767, 18.26182], [-97.14822, 18.26189], [-97.14821, 18.26234], [-97.14753, 18.26244]]]}}, {"id": "1648680", "type": "Feature", "properties": {"id": "1648680", "CVEGEO": "210350001021A001", "POBTOT": 14.0, "score_nse": 0.0, "NSE": "ND", "VIVTOT": 6.0, "GRAPROES": 5.58, "_ent": "21", "_mun": "035", "_loc": "0001"}, "geometry": {"type": "Polygon", "coordinates": [[[-97.14828, 18.26233], [-97.14831, 18.26187], [-97.14915, 18.26151], [-97.14912, 18.26239], [-97.14828, 18.26233]]]}}, {"id": "1648681", "type": "Feature", "properties": {"id": "1648681", "CVEGEO": "2103500010205003", "POBTOT": 0.0, "score_nse": 0.0, "NSE": "ND", "VIVTOT": 0.0, "GRAPROES": 0.0, "_ent": "21", "_mun": "035", "_loc": "0001"}, "geometry": {"type": "Polygon", "coordinates": [[[-97.16737, 18.26927], [-97.16668, 18.27021], [-97.16608, 18.26976], [-97.16657, 18.26879], [-97.16737, 18.26927]]]}}, {"id": "1648682", "type": "Feature", "properties": {"id": "1648682", "CVEGEO": "2103500010154048", "POBTOT": 9.0, "score_nse": 0.0, "NSE": "ND", "VIVTOT": 4.0, "GRAPROES": 12.5, "_ent": "21", "_mun": "035", "_loc": "0001"}, "geometry": {"type": "Polygon", "coordinates": [[[-97.15216, 18.26124], [-97.15194, 18.26196], [-97.15166, 18.26199], [-97.15198, 18.26121], [-97.15216, 18.26124]]]}}, {"id": "1648683", "type": "Feature", "properties": {"id": "1648683", "CVEGEO": "2103500010154008", "POBTOT": 0.0, "score_nse": 0.0, "NSE": "ND", "VIVTOT": 0.0, "GRAPROES": 0.0, "_ent": "21", "_mun": "035", "_loc": "0001"}, "geometry": {"type": "Polygon", "coordinates": [[[-97.15651, 18.26571], [-97.15656, 18.26534], [-97.15806, 18.26549], [-97.15802, 18.26586], [-97.15651, 18.26571]]]}}, {"id": "1648684", "type": "Feature", "properties": {"id": "1648684", "CVEGEO": "2103500010154006", "POBTOT": 0.0, "score_nse": 0.0, "NSE": "ND", "VIVTOT": 0.0, "GRAPROES": 0.0, "_ent": "21", "_mun": "035", "_loc": "0001"}, "geometry": {"type": "Polygon", "coordinates": [[[-97.15888, 18.26595], [-97.1581, 18.26587], [-97.15815, 18.26549], [-97.15892, 18.26556], [-97.15888, 18.26595]]]}}, {"id": "1648685", "type": "Feature", "properties": {"id": "1648685", "CVEGEO": "2103500010154005", "POBTOT": 10.0, "score_nse": 0.0, "NSE": "ND", "VIVTOT": 5.0, "GRAPROES": 12.89, "_ent": "21", "_mun": "035", "_loc": "0001"}, "geometry": {"type": "Polygon", "coordinates": [[[-97.15893, 18.26549], [-97.15863, 18.26546], [-97.1587, 18.26492], [-97.15901, 18.26494], [-97.15893, 18.26549]]]}}, {"id": "1648686", "type": "Feature", "properties": {"id": "1648686", "CVEGEO": "210350001014A022", "POBTOT": 21.0, "score_nse": 0.0, "NSE": "ND", "VIVTOT": 8.0, "GRAPROES": 10.67, "_ent": "21", "_mun": "035", "_loc": "0001"}, "geometry": {"type": "Polygon", "coordinates": [[[-97.16262, 18.26699], [-97.16076, 18.26772], [-97.1608, 18.2672], [-97.16103, 18.26686], [-97.16262, 18.26699]]]}}, {"id": "1648687", "type": "Feature", "properties": {"id": "1648687", "CVEGEO": "210350001014A020", "POBTOT": 49.0, "score_nse": 0.0, "NSE": "ND", "VIVTOT": 13.0, "GRAPROES": 9.29, "_ent": "21", "_mun": "035", "_loc": "0001"}, "geometry": {"type": "Polygon", "coordinates": [[[-97.16036, 18.26747], [-97.15946, 18.26733], [-97.15951, 18.26677], [-97.16074, 18.26687], [-97.1607, 18.26772], [-97.15974, 18.26765], [-97.15977, 18.26742], [-97.16036, 18.26747]]]}}, {"id": "1648688", "type": "Feature", "properties": {"id": "1648688", "CVEGEO": "210350001014A019", "POBTOT": 0.0, "score_nse": 0.0, "NSE": "ND", "VIVTOT": 0.0, "GRAPROES": 0.0, "_ent": "21", "_mun": "035", "_loc": "0001"}, "geometry": {"type": "Polygon", "coordinates": [[[-97.15938, 18.26729], [-97.15885, 18.26725], [-97.15891, 18.26672], [-97.15943, 18.26676], [-97.15938, 18.26729]]]}}, {"id": "1648689", "type": "Feature", "properties": {"id": "1648689", "CVEGEO": "2103500010116016", "POBTOT": 38.0, "score_nse": 68.0967, "NSE": "C", "VIVTOT": 12.0, "GRAPROES": 11.28, "_ent": "21", "_mun": "035", "_loc": "0001"}, "geometry": {"type": "Polygon", "coordinates": [[[-97.15073, 18.26602], [-97.14992, 18.26601], [-97.14993, 18.26564], [-97.15077, 18.26566], [-97.15073, 18.26602]]]}}, {"id": "1648690", "type": "Feature", "properties": {"id": "1648690", "CVEGEO": "2103500010116015", "POBTOT": 32.0, "score_nse": 0.0, "NSE": "ND", "VIVTOT": 15.0, "GRAPROES": 10.16, "_ent": "21", "_mun": "035", "_loc": "0001"}, "geometry": {"type": "Polygon", "coordinates": [[[-97.14991, 18.26558], [-97.15007, 18.26494], [-97.14986, 18.26489], [-97.14989, 18.26462], [-97.15074, 18.26441], [-97.15088, 18.26454], [-97.15078, 18.26561], [-97.14991, 18.26558]]]}}, {"id": "1648691", "type": "Feature", "properties": {"id": "1648691", "CVEGEO": "2103500010116014", "POBTOT": 11.0, "score_nse": 0.0, "NSE": "ND", "VIVTOT": 3.0, "GRAPROES": 9.9, "_ent": "21", "_mun": "035", "_loc": "0001"}, "geometry": {"type": "Polygon", "coordinates": [[[-97.14992, 18.26429], [-97.14912, 18.2645], [-97.14915, 18.26373], [-97.14986, 18.26365], [-97.14992, 18.26429]]]}}, {"id": "1648692", "type": "Feature", "properties": {"id": "1648692", "CVEGEO": "2103500010116013", "POBTOT": 45.0, "score_nse": 0.0, "NSE": "ND", "VIVTOT": 12.0, "GRAPROES": 7.14, "_ent": "21", "_mun": "035", "_loc": "0001"}, "geometry": {"type": "Polygon", "coordinates": [[[-97.14903, 18.26453], [-97.14811, 18.26457], [-97.14817, 18.26375], [-97.14838, 18.26375], [-97.14837, 18.26407], [-97.14843, 18.26375], [-97.14907, 18.26374], [-97.14903, 18.26453]]]}}, {"id": "1648693", "type": "Feature", "properties": {"id": "1648693", "CVEGEO": "2103500010116012", "POBTOT": 23.0, "score_nse": 0.0, "NSE": "ND", "VIVTOT": 6.0, "GRAPROES": 9.69, "_ent": "21", "_mun": "035", "_loc": "0001"}, "geometry": {"type": "Polygon", "coordinates": [[[-97.14804, 18.26453], [-97.14725, 18.26453], [-97.1473, 18.26372], [-97.1481, 18.26374], [-97.14804, 18.26453]]]}}, {"id": "1648694", "type": "Feature", "properties": {"id": "1648694", "CVEGEO": "2103500010101028", "POBTOT": 71.0, "score_nse": 0.0, "NSE": "ND", "VIVTOT": 26.0, "GRAPROES": 9.09, "_ent": "21", "_mun": "035", "_loc": "0001"}, "geometry": {"type": "Polygon", "coordinates": [[[-97.14698, 18.26861], [-97.14697, 18.26946], [-97.14703, 18.26865], [-97.14762, 18.26897], [-97.14777, 18.26886], [-97.14757, 18.26967], [-97.14701, 18.26969], [-97.14652, 18.26945], [-97.1463, 18.2686], [-97.14648, 18.26833], [-97.14698, 18.26861]]]}}, {"id": "1648696", "type": "Feature", "properties": {"id": "1648696", "CVEGEO": "210350001021A019", "POBTOT": 21.0, "score_nse": 0.0, "NSE": "ND", "VIVTOT": 6.0, "GRAPROES": 6.69, "_ent": "21", "_mun": "035", "_loc": "0001"}, "geometry": {"type": "Polygon", "coordinates": [[[-97.14781, 18.26095], [-97.1458, 18.26101], [-97.14586, 18.26051], [-97.14781, 18.26051], [-97.14781, 18.26095]]]}}, {"id": "1648697", "type": "Feature", "properties": {"id": "1648697", "CVEGEO": "2103500010101031", "POBTOT": 46.0, "score_nse": 62.1373, "NSE": "C", "VIVTOT": 15.0, "GRAPROES": 11.76, "_ent": "21", "_mun": "035", "_loc": "0001"}, "geometry": {"type": "Polygon", "coordinates": [[[-97.14475, 18.2697], [-97.1433, 18.27016], [-97.14309, 18.26968], [-97.14476, 18.26888], [-97.14475, 18.2697]]]}}, {"id": "1648701", "type": "Feature", "properties": {"id": "1648701", "CVEGEO": "2103500010154046", "POBTOT": 3.0, "score_nse": 0.0, "NSE": "ND", "VIVTOT": 4.0, "GRAPROES": 0.0, "_ent": "21", "_mun": "035", "_loc": "0001"}, "geometry": {"type": "Polygon", "coordinates": [[[-97.15947, 18.26668], [-97.15954, 18.26609], [-97.15989, 18.26612], [-97.15982, 18.26671], [-97.15947, 18.26668]]]}}, {"id": "1648707", "type": "Feature", "properties": {"id": "1648707", "CVEGEO": "2103500010154045", "POBTOT": 1.0, "score_nse": 0.0, "NSE": "ND", "VIVTOT": 2.0, "GRAPROES": 0.0, "_ent": "21", "_mun": "035", "_loc": "0001"}, "geometry": {"type": "Polygon", "coordinates": [[[-97.16777, 18.26871], [-97.16741, 18.26922], [-97.16662, 18.26874], [-97.16709, 18.26837], [-97.16777, 18.26871]]]}}, {"id": "1648723", "type": "Feature", "properties": {"id": "1648723", "CVEGEO": "2103500010154004", "POBTOT": 21.0, "score_nse": 0.0, "NSE": "ND", "VIVTOT": 5.0, "GRAPROES": 11.44, "_ent": "21", "_mun": "035", "_loc": "0001"}, "geometry": {"type": "Polygon", "coordinates": [[[-97.15832, 18.26473], [-97.1584, 18.26416], [-97.15909, 18.26422], [-97.15902, 18.26479], [-97.15832, 18.26473]]]}}, {"id": "1648724", "type": "Feature", "properties": {"id": "1648724", "CVEGEO": "2103500010154003", "POBTOT": 43.0, "score_nse": 54.4017, "NSE": "C-", "VIVTOT": 14.0, "GRAPROES": 10.59, "_ent": "21", "_mun": "035", "_loc": "0001"}, "geometry": {"type": "Polygon", "coordinates": [[[-97.15824, 18.26472], [-97.15644, 18.26455], [-97.15647, 18.26397], [-97.15832, 18.26416], [-97.15824, 18.26472]]]}}, {"id": "1648742", "type": "Feature", "properties": {"id": "1648742", "CVEGEO": "2103500010313003", "POBTOT": 25.0, "score_nse": 0.0, "NSE": "ND", "VIVTOT": 8.0, "GRAPROES": 10.9, "_ent": "21", "_mun": "035", "_loc": "0001"}, "geometry": {"type": "Polygon", "coordinates": [[[-97.15115, 18.27238], [-97.15031, 18.27168], [-97.15048, 18.27108], [-97.15272, 18.27052], [-97.15213, 18.27155], [-97.15209, 18.27188], [-97.15115, 18.27238]]]}}, {"id": "1648743", "type": "Feature", "properties": {"id": "1648743", "CVEGEO": "2103500010313002", "POBTOT": 10.0, "score_nse": 0.0, "NSE": "ND", "VIVTOT": 3.0, "GRAPROES": 8.75, "_ent": "21", "_mun": "035", "_loc": "0001"}, "geometry": {"type": "Polygon", "coordinates": [[[-97.1521, 18.27195], [-97.15208, 18.27239], [-97.15146, 18.27277], [-97.15121, 18.27242], [-97.1521, 18.27195]]]}}, {"id": "1648744", "type": "Feature", "properties": {"id": "1648744", "CVEGEO": "2103500010309012", "POBTOT": 5.0, "score_nse": 0.0, "NSE": "ND", "VIVTOT": 1.0, "GRAPROES": 0.0, "_ent": "21", "_mun": "035", "_loc": "0001"}, "geometry": {"type": "Polygon", "coordinates": [[[-97.15802, 18.27305], [-97.15753, 18.27285], [-97.1583, 18.27242], [-97.15828, 18.27295], [-97.15802, 18.27305]]]}}, {"id": "1648745", "type": "Feature", "properties": {"id": "1648745", "CVEGEO": "2103500010309003", "POBTOT": 24.0, "score_nse": 0.0, "NSE": "ND", "VIVTOT": 8.0, "GRAPROES": 7.73, "_ent": "21", "_mun": "035", "_loc": "0001"}, "geometry": {"type": "Polygon", "coordinates": [[[-97.16572, 18.27032], [-97.16538, 18.27131], [-97.16326, 18.27099], [-97.16345, 18.27082], [-97.16455, 18.27056], [-97.16342, 18.27076], [-97.16318, 18.27097], [-97.16229, 18.27083], [-97.1629, 18.27031], [-97.16335, 18.27032], [-97.16349, 18.27013], [-97.16416, 18.27001], [-97.16468, 18.26966], [-97.16472, 18.26996], [-97.16479, 18.26973], [-97.16572, 18.27032]]]}}, {"id": "1648746", "type": "Feature", "properties": {"id": "1648746", "CVEGEO": "2103500010224022", "POBTOT": 20.0, "score_nse": 0.0, "NSE": "ND", "VIVTOT": 7.0, "GRAPROES": 9.29, "_ent": "21", "_mun": "035", "_loc": "0001"}, "geometry": {"type": "Polygon", "coordinates": [[[-97.14466, 18.26337], [-97.14401, 18.26323], [-97.14347, 18.26301], [-97.14404, 18.26271], [-97.14474, 18.26299], [-97.14466, 18.26337]]]}}, {"id": "1648747", "type": "Feature", "properties": {"id": "1648747", "CVEGEO": "2103500010224019", "POBTOT": 112.0, "score_nse": 43.3196, "NSE": "C-", "VIVTOT": 33.0, "GRAPROES": 7.7, "_ent": "21", "_mun": "035", "_loc": "0001"}, "geometry": {"type": "Polygon", "coordinates": [[[-97.13661, 18.26127], [-97.13728, 18.26081], [-97.13806, 18.26096], [-97.13946, 18.26023], [-97.14096, 18.25917], [-97.14122, 18.25973], [-97.14036, 18.26028], [-97.14035, 18.26003], [-97.14018, 18.26046], [-97.13938, 18.26077], [-97.13936, 18.26139], [-97.13964, 18.26172], [-97.14013, 18.26195], [-97.1401, 18.26232], [-97.13911, 18.26194], [-97.13883, 18.26238], [-97.13834, 18.26242], [-97.13739, 18.26197], [-97.13657, 18.26193], [-97.13661, 18.26127]]]}}, {"id": "1648748", "type": "Feature", "properties": {"id": "1648748", "CVEGEO": "2103500010224011", "POBTOT": 21.0, "score_nse": 0.0, "NSE": "ND", "VIVTOT": 7.0, "GRAPROES": 6.2, "_ent": "21", "_mun": "035", "_loc": "0001"}, "geometry": {"type": "Polygon", "coordinates": [[[-97.14417, 18.2615], [-97.14438, 18.26122], [-97.14439, 18.2605], [-97.14497, 18.26051], [-97.14491, 18.26149], [-97.14417, 18.2615]]]}}, {"id": "1648749", "type": "Feature", "properties": {"id": "1648749", "CVEGEO": "2103500010224010", "POBTOT": 24.0, "score_nse": 0.0, "NSE": "ND", "VIVTOT": 6.0, "GRAPROES": 5.33, "_ent": "21", "_mun": "035", "_loc": "0001"}, "geometry": {"type": "Polygon", "coordinates": [[[-97.14326, 18.26043], [-97.1432, 18.25926], [-97.1443, 18.25914], [-97.14431, 18.26043], [-97.14326, 18.26043]]]}}, {"id": "1648750", "type": "Feature", "properties": {"id": "1648750", "CVEGEO": "2103500010224003", "POBTOT": 82.0, "score_nse": 40.816, "NSE": "D+", "VIVTOT": 25.0, "GRAPROES": 8.16, "_ent": "21", "_mun": "035", "_loc": "0001"}, "geometry": {"type": "Polygon", "coordinates": [[[-97.14316, 18.26152], [-97.14288, 18.26153], [-97.14281, 18.26118], [-97.14282, 18.26153], [-97.14218, 18.26143], [-97.14253, 18.26021], [-97.1425, 18.25937], [-97.14312, 18.25927], [-97.14316, 18.26152]]]}}, {"id": "1648751", "type": "Feature", "properties": {"id": "1648751", "CVEGEO": "2103500010205001", "POBTOT": 3.0, "score_nse": 0.0, "NSE": "ND", "VIVTOT": 1.0, "GRAPROES": 0.0, "_ent": "21", "_mun": "035", "_loc": "0001"}, "geometry": {"type": "Polygon", "coordinates": [[[-97.16594, 18.27003], [-97.16605, 18.26981], [-97.16665, 18.27025], [-97.16653, 18.27042], [-97.16594, 18.27003]]]}}, {"id": "1648752", "type": "Feature", "properties": {"id": "1648752", "CVEGEO": "2103500010173002", "POBTOT": 106.0, "score_nse": 0.0, "NSE": "ND", "VIVTOT": 30.0, "GRAPROES": 8.39, "_ent": "21", "_mun": "035", "_loc": "0001"}, "geometry": {"type": "Polygon", "coordinates": [[[-97.14664, 18.27314], [-97.14648, 18.274], [-97.14575, 18.27471], [-97.14562, 18.27514], [-97.1457, 18.27582], [-97.14542, 18.27695], [-97.1446, 18.2756], [-97.14496, 18.27502], [-97.14483, 18.27402], [-97.1452, 18.27361], [-97.14531, 18.27252], [-97.14554, 18.27226], [-97.14538, 18.27171], [-97.14553, 18.27033], [-97.14594, 18.26967], [-97.14652, 18.26968], [-97.14686, 18.27096], [-97.14683, 18.27197], [-97.14654, 18.27263], [-97.14664, 18.27314]]]}}, {"id": "1648754", "type": "Feature", "properties": {"id": "1648754", "CVEGEO": "210350001021A005", "POBTOT": 7.0, "score_nse": 0.0, "NSE": "ND", "VIVTOT": 2.0, "GRAPROES": 0.0, "_ent": "21", "_mun": "035", "_loc": "0001"}, "geometry": {"type": "Polygon", "coordinates": [[[-97.14924, 18.26291], [-97.1492, 18.26244], [-97.14973, 18.26229], [-97.14978, 18.26288], [-97.14924, 18.26291]]]}}, {"id": "1648755", "type": "Feature", "properties": {"id": "1648755", "CVEGEO": "2103500010169001", "POBTOT": 16.0, "score_nse": 0.0, "NSE": "ND", "VIVTOT": 6.0, "GRAPROES": 8.23, "_ent": "21", "_mun": "035", "_loc": "0001"}, "geometry": {"type": "Polygon", "coordinates": [[[-97.1489, 18.27138], [-97.1486, 18.26944], [-97.14891, 18.26857], [-97.15011, 18.26917], [-97.15006, 18.27049], [-97.15042, 18.27104], [-97.1489, 18.27138]]]}}, {"id": "1648756", "type": "Feature", "properties": {"id": "1648756", "CVEGEO": "2103500010154027", "POBTOT": 51.0, "score_nse": 0.0, "NSE": "ND", "VIVTOT": 15.0, "GRAPROES": 9.26, "_ent": "21", "_mun": "035", "_loc": "0001"}, "geometry": {"type": "Polygon", "coordinates": [[[-97.15441, 18.26313], [-97.15407, 18.26606], [-97.1537, 18.26605], [-97.1534, 18.26499], [-97.1529, 18.26412], [-97.15441, 18.26313]]]}}, {"id": "1648757", "type": "Feature", "properties": {"id": "1648757", "CVEGEO": "2103500010154026", "POBTOT": 55.0, "score_nse": 0.0, "NSE": "ND", "VIVTOT": 22.0, "GRAPROES": 11.41, "_ent": "21", "_mun": "035", "_loc": "0001"}, "geometry": {"type": "Polygon", "coordinates": [[[-97.15448, 18.26368], [-97.15528, 18.26365], [-97.15556, 18.2638], [-97.15524, 18.26607], [-97.15414, 18.26606], [-97.15448, 18.26368]]]}}, {"id": "1648758", "type": "Feature", "properties": {"id": "1648758", "CVEGEO": "2103500010154014", "POBTOT": 0.0, "score_nse": 0.0, "NSE": "ND", "VIVTOT": 0.0, "GRAPROES": 0.0, "_ent": "21", "_mun": "035", "_loc": "0001"}, "geometry": {"type": "Polygon", "coordinates": [[[-97.15896, 18.26596], [-97.15917, 18.26424], [-97.16023, 18.26435], [-97.15999, 18.26606], [-97.15896, 18.26596]]]}}, {"id": "1648759", "type": "Feature", "properties": {"id": "1648759", "CVEGEO": "2103500010154013", "POBTOT": 0.0, "score_nse": 10.0, "NSE": "E", "VIVTOT": 2.0, "GRAPROES": 0.0, "_ent": "21", "_mun": "035", "_loc": "0001"}, "geometry": {"type": "Polygon", "coordinates": [[[-97.16024, 18.26428], [-97.15917, 18.26415], [-97.1592, 18.26391], [-97.16021, 18.26398], [-97.16024, 18.26428]]]}}, {"id": "1648760", "type": "Feature", "properties": {"id": "1648760", "CVEGEO": "210350001014A048", "POBTOT": 18.0, "score_nse": 0.0, "NSE": "ND", "VIVTOT": 6.0, "GRAPROES": 7.73, "_ent": "21", "_mun": "035", "_loc": "0001"}, "geometry": {"type": "Polygon", "coordinates": [[[-97.16158, 18.27033], [-97.16149, 18.26955], [-97.16239, 18.2696], [-97.16238, 18.27029], [-97.16158, 18.27033]]]}}, {"id": "1648761", "type": "Feature", "properties": {"id": "1648761", "CVEGEO": "210350001014A046", "POBTOT": 3.0, "score_nse": 0.0, "NSE": "ND", "VIVTOT": 2.0, "GRAPROES": 0.0, "_ent": "21", "_mun": "035", "_loc": "0001"}, "geometry": {"type": "Polygon", "coordinates": [[[-97.16171, 18.27038], [-97.16243, 18.27034], [-97.16277, 18.27032], [-97.16224, 18.27079], [-97.16171, 18.27038]]]}}, {"id": "1648762", "type": "Feature", "properties": {"id": "1648762", "CVEGEO": "210350001014A045", "POBTOT": 57.0, "score_nse": 0.0, "NSE": "ND", "VIVTOT": 14.0, "GRAPROES": 9.81, "_ent": "21", "_mun": "035", "_loc": "0001"}, "geometry": {"type": "Polygon", "coordinates": [[[-97.15616, 18.26804], [-97.15611, 18.26878], [-97.15507, 18.26845], [-97.15393, 18.26841], [-97.15396, 18.26809], [-97.15482, 18.2682], [-97.15616, 18.26804]]]}}, {"id": "1648763", "type": "Feature", "properties": {"id": "1648763", "CVEGEO": "210350001014A001", "POBTOT": 91.0, "score_nse": 0.0, "NSE": "ND", "VIVTOT": 24.0, "GRAPROES": 9.3, "_ent": "21", "_mun": "035", "_loc": "0001"}, "geometry": {"type": "Polygon", "coordinates": [[[-97.15823, 18.2677], [-97.15814, 18.26917], [-97.15743, 18.26937], [-97.15753, 18.26765], [-97.15823, 18.2677]]]}}, {"id": "1648764", "type": "Feature", "properties": {"id": "1648764", "CVEGEO": "2103500010116036", "POBTOT": 35.0, "score_nse": 0.0, "NSE": "ND", "VIVTOT": 13.0, "GRAPROES": 9.57, "_ent": "21", "_mun": "035", "_loc": "0001"}, "geometry": {"type": "Polygon", "coordinates": [[[-97.14645, 18.26406], [-97.1447, 18.26377], [-97.1447, 18.26342], [-97.14649, 18.26364], [-97.14645, 18.26406]]]}}, {"id": "1648765", "type": "Feature", "properties": {"id": "1648765", "CVEGEO": "2103500010116035", "POBTOT": 17.0, "score_nse": 0.0, "NSE": "ND", "VIVTOT": 5.0, "GRAPROES": 6.8, "_ent": "21", "_mun": "035", "_loc": "0001"}, "geometry": {"type": "Polygon", "coordinates": [[[-97.14653, 18.26407], [-97.14657, 18.26365], [-97.14722, 18.26371], [-97.14721, 18.2641], [-97.14653, 18.26407]]]}}, {"id": "1648766", "type": "Feature", "properties": {"id": "1648766", "CVEGEO": "2103500010116029", "POBTOT": 4.0, "score_nse": 0.0, "NSE": "ND", "VIVTOT": 4.0, "GRAPROES": 0.0, "_ent": "21", "_mun": "035", "_loc": "0001"}, "geometry": {"type": "Polygon", "coordinates": [[[-97.15204, 18.26323], [-97.15142, 18.26363], [-97.15174, 18.26287], [-97.15204, 18.26323]]]}}, {"id": "1648767", "type": "Feature", "properties": {"id": "1648767", "CVEGEO": "2103500010101035", "POBTOT": 10.0, "score_nse": 0.0, "NSE": "ND", "VIVTOT": 3.0, "GRAPROES": 11.38, "_ent": "21", "_mun": "035", "_loc": "0001"}, "geometry": {"type": "Polygon", "coordinates": [[[-97.14775, 18.26766], [-97.14718, 18.26788], [-97.14719, 18.26763], [-97.14775, 18.26766]]]}}, {"id": "1648768", "type": "Feature", "properties": {"id": "1648768", "CVEGEO": "2103500010101033", "POBTOT": 9.0, "score_nse": 0.0, "NSE": "ND", "VIVTOT": 6.0, "GRAPROES": 11.67, "_ent": "21", "_mun": "035", "_loc": "0001"}, "geometry": {"type": "Polygon", "coordinates": [[[-97.15384, 18.26841], [-97.15349, 18.26841], [-97.1525, 18.26884], [-97.15258, 18.26802], [-97.15386, 18.26808], [-97.15384, 18.26841]]]}}, {"id": "1648769", "type": "Feature", "properties": {"id": "1648769", "CVEGEO": "2103500010101032", "POBTOT": 46.0, "score_nse": 59.4507, "NSE": "C", "VIVTOT": 15.0, "GRAPROES": 11.55, "_ent": "21", "_mun": "035", "_loc": "0001"}, "geometry": {"type": "Polygon", "coordinates": [[[-97.14539, 18.26865], [-97.14485, 18.26878], [-97.14488, 18.26759], [-97.14546, 18.26752], [-97.14539, 18.26865]]]}}, {"id": "1648770", "type": "Feature", "properties": {"id": "1648770", "CVEGEO": "2103500010101014", "POBTOT": 50.0, "score_nse": 0.0, "NSE": "ND", "VIVTOT": 17.0, "GRAPROES": 9.56, "_ent": "21", "_mun": "035", "_loc": "0001"}, "geometry": {"type": "Polygon", "coordinates": [[[-97.14979, 18.26702], [-97.1497, 18.26794], [-97.14889, 18.2678], [-97.14895, 18.26698], [-97.14979, 18.26702]]]}}, {"id": "1648771", "type": "Feature", "properties": {"id": "1648771", "CVEGEO": "2103500010101013", "POBTOT": 57.0, "score_nse": 0.0, "NSE": "ND", "VIVTOT": 24.0, "GRAPROES": 11.29, "_ent": "21", "_mun": "035", "_loc": "0001"}, "geometry": {"type": "Polygon", "coordinates": [[[-97.14546, 18.26746], [-97.1449, 18.26753], [-97.14383, 18.26756], [-97.14448, 18.26669], [-97.1455, 18.26673], [-97.14546, 18.26746]]]}}, {"id": "1648772", "type": "Feature", "properties": {"id": "1648772", "CVEGEO": "2103500010101011", "POBTOT": 32.0, "score_nse": 0.0, "NSE": "ND", "VIVTOT": 11.0, "GRAPROES": 8.18, "_ent": "21", "_mun": "035", "_loc": "0001"}, "geometry": {"type": "Polygon", "coordinates": [[[-97.14797, 18.2677], [-97.14884, 18.26852], [-97.14861, 18.26915], [-97.14783, 18.26879], [-97.14797, 18.2677]]]}}, {"id": "1648773", "type": "Feature", "properties": {"id": "1648773", "CVEGEO": "2103500010101015", "POBTOT": 44.0, "score_nse": 0.0, "NSE": "ND", "VIVTOT": 15.0, "GRAPROES": 11.03, "_ent": "21", "_mun": "035", "_loc": "0001"}, "geometry": {"type": "Polygon", "coordinates": [[[-97.14978, 18.26795], [-97.14988, 18.26703], [-97.15061, 18.26707], [-97.15051, 18.26805], [-97.14978, 18.26795]]]}}, {"id": "1648777", "type": "Feature", "properties": {"id": "1648777", "CVEGEO": "210350001021A024", "POBTOT": 31.0, "score_nse": 0.0, "NSE": "ND", "VIVTOT": 9.0, "GRAPROES": 7.19, "_ent": "21", "_mun": "035", "_loc": "0001"}, "geometry": {"type": "Polygon", "coordinates": [[[-97.15092, 18.2635], [-97.15085, 18.26312], [-97.15044, 18.2626], [-97.15131, 18.2624], [-97.15155, 18.26314], [-97.15146, 18.26343], [-97.1514, 18.26355], [-97.15092, 18.2635]]]}}, {"id": "1648778", "type": "Feature", "properties": {"id": "1648778", "CVEGEO": "210350001021A023", "POBTOT": 1.0, "score_nse": 0.0, "NSE": "ND", "VIVTOT": 1.0, "GRAPROES": 0.0, "_ent": "21", "_mun": "035", "_loc": "0001"}, "geometry": {"type": "Polygon", "coordinates": [[[-97.15157, 18.26309], [-97.15134, 18.26236], [-97.15145, 18.26228], [-97.15172, 18.26284], [-97.15157, 18.26309]]]}}, {"id": "1648779", "type": "Feature", "properties": {"id": "1648779", "CVEGEO": "2103500010116018", "POBTOT": 34.0, "score_nse": 60.668, "NSE": "C", "VIVTOT": 10.0, "GRAPROES": 11.59, "_ent": "21", "_mun": "035", "_loc": "0001"}, "geometry": {"type": "Polygon", "coordinates": [[[-97.14632, 18.26672], [-97.14558, 18.26668], [-97.14562, 18.26604], [-97.14636, 18.26605], [-97.14632, 18.26672]]]}}, {"id": "1648784", "type": "Feature", "properties": {"id": "1648784", "CVEGEO": "2103500010296002", "POBTOT": 20.0, "score_nse": 0.0, "NSE": "ND", "VIVTOT": 8.0, "GRAPROES": 8.6, "_ent": "21", "_mun": "035", "_loc": "0001"}, "geometry": {"type": "Polygon", "coordinates": [[[-97.158, 18.26278], [-97.15828, 18.26275], [-97.15958, 18.26161], [-97.16025, 18.26124], [-97.16028, 18.26313], [-97.1593, 18.26318], [-97.15935, 18.26274], [-97.15921, 18.26318], [-97.15789, 18.26299], [-97.158, 18.26278]]]}}, {"id": "1648785", "type": "Feature", "properties": {"id": "1648785", "CVEGEO": "2103500010313004", "POBTOT": 6.0, "score_nse": 0.0, "NSE": "ND", "VIVTOT": 2.0, "GRAPROES": 0.0, "_ent": "21", "_mun": "035", "_loc": "0001"}, "geometry": {"type": "Polygon", "coordinates": [[[-97.15471, 18.27228], [-97.15535, 18.27245], [-97.15534, 18.27298], [-97.15376, 18.27399], [-97.15349, 18.27363], [-97.15395, 18.27291], [-97.15471, 18.27228]]]}}, {"id": "1648786", "type": "Feature", "properties": {"id": "1648786", "CVEGEO": "210350001021A021", "POBTOT": 12.0, "score_nse": 0.0, "NSE": "ND", "VIVTOT": 7.0, "GRAPROES": 10.73, "_ent": "21", "_mun": "035", "_loc": "0001"}, "geometry": {"type": "Polygon", "coordinates": [[[-97.15213, 18.26063], [-97.15152, 18.26207], [-97.15123, 18.26209], [-97.15075, 18.26033], [-97.152, 18.26046], [-97.15213, 18.26063]]]}}, {"id": "1648787", "type": "Feature", "properties": {"id": "1648787", "CVEGEO": "210350001021A020", "POBTOT": 0.0, "score_nse": 10.0, "NSE": "E", "VIVTOT": 2.0, "GRAPROES": 0.0, "_ent": "21", "_mun": "035", "_loc": "0001"}, "geometry": {"type": "Polygon", "coordinates": [[[-97.15081, 18.26078], [-97.1497, 18.26103], [-97.15026, 18.26046], [-97.15067, 18.26033], [-97.15081, 18.26078]]]}}, {"id": "1648788", "type": "Feature", "properties": {"id": "1648788", "CVEGEO": "210350001021A017", "POBTOT": 37.0, "score_nse": 0.0, "NSE": "ND", "VIVTOT": 12.0, "GRAPROES": 8.17, "_ent": "21", "_mun": "035", "_loc": "0001"}, "geometry": {"type": "Polygon", "coordinates": [[[-97.1466, 18.26291], [-97.14481, 18.26293], [-97.14487, 18.26219], [-97.14647, 18.26157], [-97.14675, 18.26162], [-97.1466, 18.26291]]]}}, {"id": "1648789", "type": "Feature", "properties": {"id": "1648789", "CVEGEO": "210350001021A016", "POBTOT": 29.0, "score_nse": 0.0, "NSE": "ND", "VIVTOT": 10.0, "GRAPROES": 7.23, "_ent": "21", "_mun": "035", "_loc": "0001"}, "geometry": {"type": "Polygon", "coordinates": [[[-97.14649, 18.26358], [-97.1447, 18.26337], [-97.14479, 18.263], [-97.14658, 18.26298], [-97.14649, 18.26358]]]}}, {"id": "1648790", "type": "Feature", "properties": {"id": "1648790", "CVEGEO": "210350001014A044", "POBTOT": 55.0, "score_nse": 44.1729, "NSE": "C-", "VIVTOT": 18.0, "GRAPROES": 9.33, "_ent": "21", "_mun": "035", "_loc": "0001"}, "geometry": {"type": "Polygon", "coordinates": [[[-97.15617, 18.26799], [-97.15487, 18.26814], [-97.15396, 18.26803], [-97.15403, 18.26739], [-97.15621, 18.26754], [-97.15617, 18.26799]]]}}, {"id": "1648791", "type": "Feature", "properties": {"id": "1648791", "CVEGEO": "210350001014A043", "POBTOT": 14.0, "score_nse": 0.0, "NSE": "ND", "VIVTOT": 5.0, "GRAPROES": 10.0, "_ent": "21", "_mun": "035", "_loc": "0001"}, "geometry": {"type": "Polygon", "coordinates": [[[-97.15473, 18.27211], [-97.15501, 18.27144], [-97.15538, 18.27147], [-97.15538, 18.27238], [-97.15473, 18.27211]]]}}, {"id": "1648792", "type": "Feature", "properties": {"id": "1648792", "CVEGEO": "210350001014A042", "POBTOT": 45.0, "score_nse": 0.0, "NSE": "ND", "VIVTOT": 16.0, "GRAPROES": 9.18, "_ent": "21", "_mun": "035", "_loc": "0001"}, "geometry": {"type": "Polygon", "coordinates": [[[-97.15544, 18.27238], [-97.15545, 18.27148], [-97.15635, 18.27161], [-97.15632, 18.2725], [-97.15544, 18.27238]]]}}, {"id": "1648793", "type": "Feature", "properties": {"id": "1648793", "CVEGEO": "210350001014A041", "POBTOT": 4.0, "score_nse": 0.0, "NSE": "ND", "VIVTOT": 2.0, "GRAPROES": 0.0, "_ent": "21", "_mun": "035", "_loc": "0001"}, "geometry": {"type": "Polygon", "coordinates": [[[-97.15634, 18.27316], [-97.1554, 18.27343], [-97.15542, 18.27246], [-97.15634, 18.27259], [-97.15634, 18.27316]]]}}, {"id": "1648794", "type": "Feature", "properties": {"id": "1648794", "CVEGEO": "210350001014A040", "POBTOT": 6.0, "score_nse": 30.9, "NSE": "D+", "VIVTOT": 10.0, "GRAPROES": 8.0, "_ent": "21", "_mun": "035", "_loc": "0001"}, "geometry": {"type": "Polygon", "coordinates": [[[-97.15734, 18.27264], [-97.15641, 18.27251], [-97.15643, 18.27163], [-97.15734, 18.27175], [-97.15734, 18.27264]]]}}, {"id": "1648795", "type": "Feature", "properties": {"id": "1648795", "CVEGEO": "210350001014A039", "POBTOT": 9.0, "score_nse": 0.0, "NSE": "ND", "VIVTOT": 4.0, "GRAPROES": 7.71, "_ent": "21", "_mun": "035", "_loc": "0001"}, "geometry": {"type": "Polygon", "coordinates": [[[-97.15642, 18.2726], [-97.15735, 18.27272], [-97.15728, 18.27316], [-97.1564, 18.27319], [-97.15642, 18.2726]]]}}, {"id": "1648796", "type": "Feature", "properties": {"id": "1648796", "CVEGEO": "210350001014A038", "POBTOT": 23.0, "score_nse": 0.0, "NSE": "ND", "VIVTOT": 5.0, "GRAPROES": 10.13, "_ent": "21", "_mun": "035", "_loc": "0001"}, "geometry": {"type": "Polygon", "coordinates": [[[-97.15831, 18.27227], [-97.15745, 18.2728], [-97.15742, 18.27177], [-97.15831, 18.27187], [-97.15831, 18.27227]]]}}, {"id": "1648797", "type": "Feature", "properties": {"id": "1648797", "CVEGEO": "2103500010101001", "POBTOT": 29.0, "score_nse": 0.0, "NSE": "ND", "VIVTOT": 8.0, "GRAPROES": 11.92, "_ent": "21", "_mun": "035", "_loc": "0001"}, "geometry": {"type": "Polygon", "coordinates": [[[-97.14708, 18.26861], [-97.14652, 18.26829], [-97.14654, 18.26826], [-97.1471, 18.268], [-97.14708, 18.26861]]]}}, {"id": "1648798", "type": "Feature", "properties": {"id": "1648798", "CVEGEO": "2103500010154030", "POBTOT": 0.0, "score_nse": 0.0, "NSE": "ND", "VIVTOT": 0.0, "GRAPROES": 0.0, "_ent": "21", "_mun": "035", "_loc": "0001"}, "geometry": {"type": "Polygon", "coordinates": [[[-97.15387, 18.2617], [-97.15354, 18.2619], [-97.15327, 18.2616], [-97.15199, 18.26197], [-97.15242, 18.26058], [-97.15372, 18.26047], [-97.15387, 18.2617]]]}}, {"id": "1648887", "type": "Feature", "properties": {"id": "1648887", "CVEGEO": "2103500010309013", "POBTOT": 4.0, "score_nse": 0.0, "NSE": "ND", "VIVTOT": 1.0, "GRAPROES": 0.0, "_ent": "21", "_mun": "035", "_loc": "0001"}, "geometry": {"type": "Polygon", "coordinates": [[[-97.15932, 18.27157], [-97.15943, 18.27265], [-97.15835, 18.27292], [-97.15841, 18.27229], [-97.15899, 18.2717], [-97.15932, 18.27157]]]}}, {"id": "1648888", "type": "Feature", "properties": {"id": "1648888", "CVEGEO": "2103500010277002", "POBTOT": 0.0, "score_nse": 10.0, "NSE": "E", "VIVTOT": 1.0, "GRAPROES": 0.0, "_ent": "21", "_mun": "035", "_loc": "0001"}, "geometry": {"type": "Polygon", "coordinates": [[[-97.14867, 18.25946], [-97.14812, 18.25955], [-97.14775, 18.25943], [-97.14758, 18.25889], [-97.14871, 18.25897], [-97.14867, 18.25946]]]}}, {"id": "1648889", "type": "Feature", "properties": {"id": "1648889", "CVEGEO": "2103500010309010", "POBTOT": 6.0, "score_nse": 0.0, "NSE": "ND", "VIVTOT": 2.0, "GRAPROES": 0.0, "_ent": "21", "_mun": "035", "_loc": "0001"}, "geometry": {"type": "Polygon", "coordinates": [[[-97.15652, 18.2732], [-97.15735, 18.27318], [-97.15737, 18.27384], [-97.15642, 18.27374], [-97.15652, 18.2732]]]}}, {"id": "1648890", "type": "Feature", "properties": {"id": "1648890", "CVEGEO": "2103500010309009", "POBTOT": 10.0, "score_nse": 0.0, "NSE": "ND", "VIVTOT": 3.0, "GRAPROES": 10.29, "_ent": "21", "_mun": "035", "_loc": "0001"}, "geometry": {"type": "Polygon", "coordinates": [[[-97.15904, 18.27457], [-97.15988, 18.2744], [-97.1598, 18.27505], [-97.15904, 18.27457]]]}}, {"id": "1648891", "type": "Feature", "properties": {"id": "1648891", "CVEGEO": "2103500010309008", "POBTOT": 0.0, "score_nse": 0.0, "NSE": "ND", "VIVTOT": 0.0, "GRAPROES": 0.0, "_ent": "21", "_mun": "035", "_loc": "0001"}, "geometry": {"type": "Polygon", "coordinates": [[[-97.15742, 18.27339], [-97.15754, 18.27291], [-97.15795, 18.27307], [-97.15742, 18.27339]]]}}, {"id": "1648892", "type": "Feature", "properties": {"id": "1648892", "CVEGEO": "2103500010309007", "POBTOT": 8.0, "score_nse": 0.0, "NSE": "ND", "VIVTOT": 2.0, "GRAPROES": 0.0, "_ent": "21", "_mun": "035", "_loc": "0001"}, "geometry": {"type": "Polygon", "coordinates": [[[-97.15881, 18.2743], [-97.15852, 18.27389], [-97.15915, 18.27369], [-97.16004, 18.2738], [-97.15989, 18.27433], [-97.15918, 18.27445], [-97.15881, 18.2743]]]}}, {"id": "1648893", "type": "Feature", "properties": {"id": "1648893", "CVEGEO": "2103500010309006", "POBTOT": 5.0, "score_nse": 0.0, "NSE": "ND", "VIVTOT": 5.0, "GRAPROES": 0.0, "_ent": "21", "_mun": "035", "_loc": "0001"}, "geometry": {"type": "Polygon", "coordinates": [[[-97.1668, 18.27099], [-97.16676, 18.27121], [-97.16702, 18.27083], [-97.16848, 18.27181], [-97.16785, 18.27265], [-97.1655, 18.27109], [-97.16577, 18.27035], [-97.1668, 18.27099]]]}}, {"id": "1648894", "type": "Feature", "properties": {"id": "1648894", "CVEGEO": "2103500010309005", "POBTOT": 0.0, "score_nse": 10.0, "NSE": "E", "VIVTOT": 2.0, "GRAPROES": 0.0, "_ent": "21", "_mun": "035", "_loc": "0001"}, "geometry": {"type": "Polygon", "coordinates": [[[-97.16591, 18.27009], [-97.16696, 18.2708], [-97.1669, 18.27091], [-97.1658, 18.2703], [-97.16591, 18.27009]]]}}, {"id": "1648895", "type": "Feature", "properties": {"id": "1648895", "CVEGEO": "2103500010258002", "POBTOT": 0.0, "score_nse": 10.0, "NSE": "E", "VIVTOT": 1.0, "GRAPROES": 0.0, "_ent": "21", "_mun": "035", "_loc": "0001"}, "geometry": {"type": "Polygon", "coordinates": [[[-97.16815, 18.26785], [-97.16932, 18.26765], [-97.16895, 18.26875], [-97.16786, 18.26869], [-97.16815, 18.26785]]]}}, {"id": "1648896", "type": "Feature", "properties": {"id": "1648896", "CVEGEO": "2103500010258001", "POBTOT": 14.0, "score_nse": 0.0, "NSE": "ND", "VIVTOT": 3.0, "GRAPROES": 5.91, "_ent": "21", "_mun": "035", "_loc": "0001"}, "geometry": {"type": "Polygon", "coordinates": [[[-97.16939, 18.26765], [-97.17046, 18.26753], [-97.17071, 18.26765], [-97.17022, 18.26877], [-97.16902, 18.26873], [-97.16939, 18.26765]]]}}, {"id": "1648897", "type": "Feature", "properties": {"id": "1648897", "CVEGEO": "2103500010243001", "POBTOT": 16.0, "score_nse": 0.0, "NSE": "ND", "VIVTOT": 8.0, "GRAPROES": 7.1, "_ent": "21", "_mun": "035", "_loc": "0001"}, "geometry": {"type": "Polygon", "coordinates": [[[-97.1541, 18.25982], [-97.1551, 18.25911], [-97.15618, 18.25895], [-97.15612, 18.25984], [-97.15382, 18.26035], [-97.15386, 18.25983], [-97.1541, 18.25982]]]}}, {"id": "1648898", "type": "Feature", "properties": {"id": "1648898", "CVEGEO": "2103500010239002", "POBTOT": 14.0, "score_nse": 0.0, "NSE": "ND", "VIVTOT": 7.0, "GRAPROES": 11.09, "_ent": "21", "_mun": "035", "_loc": "0001"}, "geometry": {"type": "Polygon", "coordinates": [[[-97.14459, 18.26522], [-97.14409, 18.26559], [-97.14364, 18.26471], [-97.14413, 18.26486], [-97.14459, 18.26522]]]}}, {"id": "1648899", "type": "Feature", "properties": {"id": "1648899", "CVEGEO": "2103500010239001", "POBTOT": 4.0, "score_nse": 0.0, "NSE": "ND", "VIVTOT": 5.0, "GRAPROES": 0.0, "_ent": "21", "_mun": "035", "_loc": "0001"}, "geometry": {"type": "Polygon", "coordinates": [[[-97.14392, 18.2665], [-97.14414, 18.26561], [-97.14463, 18.26527], [-97.14479, 18.26554], [-97.14392, 18.2665]]]}}, {"id": "1648900", "type": "Feature", "properties": {"id": "1648900", "CVEGEO": "2103500010224029", "POBTOT": 12.0, "score_nse": 0.0, "NSE": "ND", "VIVTOT": 5.0, "GRAPROES": 8.0, "_ent": "21", "_mun": "035", "_loc": "0001"}, "geometry": {"type": "Polygon", "coordinates": [[[-97.14466, 18.25878], [-97.14516, 18.25834], [-97.14653, 18.25779], [-97.14605, 18.25879], [-97.14437, 18.25905], [-97.14436, 18.25883], [-97.14466, 18.25878]]]}}, {"id": "1648901", "type": "Feature", "properties": {"id": "1648901", "CVEGEO": "2103500010224017", "POBTOT": 30.0, "score_nse": 0.0, "NSE": "ND", "VIVTOT": 7.0, "GRAPROES": 7.62, "_ent": "21", "_mun": "035", "_loc": "0001"}, "geometry": {"type": "Polygon", "coordinates": [[[-97.14024, 18.26052], [-97.13993, 18.2611], [-97.13962, 18.26159], [-97.1394, 18.26129], [-97.13943, 18.2608], [-97.14024, 18.26052]]]}}, {"id": "1648902", "type": "Feature", "properties": {"id": "1648902", "CVEGEO": "2103500010224016", "POBTOT": 16.0, "score_nse": 0.0, "NSE": "ND", "VIVTOT": 3.0, "GRAPROES": 7.15, "_ent": "21", "_mun": "035", "_loc": "0001"}, "geometry": {"type": "Polygon", "coordinates": [[[-97.14499, 18.2615], [-97.14505, 18.26051], [-97.14579, 18.26052], [-97.14565, 18.2615], [-97.14499, 18.2615]]]}}, {"id": "1648903", "type": "Feature", "properties": {"id": "1648903", "CVEGEO": "2103500010224015", "POBTOT": 0.0, "score_nse": 0.0, "NSE": "ND", "VIVTOT": 0.0, "GRAPROES": 0.0, "_ent": "21", "_mun": "035", "_loc": "0001"}, "geometry": {"type": "Polygon", "coordinates": [[[-97.14514, 18.25964], [-97.14587, 18.25955], [-97.14579, 18.26045], [-97.14505, 18.26044], [-97.14514, 18.25964]]]}}, {"id": "1648904", "type": "Feature", "properties": {"id": "1648904", "CVEGEO": "2103500010224014", "POBTOT": 58.0, "score_nse": 46.9452, "NSE": "C-", "VIVTOT": 17.0, "GRAPROES": 8.83, "_ent": "21", "_mun": "035", "_loc": "0001"}, "geometry": {"type": "Polygon", "coordinates": [[[-97.14124, 18.25978], [-97.14091, 18.26073], [-97.14014, 18.26189], [-97.13969, 18.26166], [-97.14038, 18.26036], [-97.14124, 18.25978]]]}}, {"id": "1648905", "type": "Feature", "properties": {"id": "1648905", "CVEGEO": "2103500010224013", "POBTOT": 16.0, "score_nse": 0.0, "NSE": "ND", "VIVTOT": 5.0, "GRAPROES": 2.2, "_ent": "21", "_mun": "035", "_loc": "0001"}, "geometry": {"type": "Polygon", "coordinates": [[[-97.14315, 18.26296], [-97.14244, 18.26347], [-97.14194, 18.26344], [-97.14051, 18.26241], [-97.14091, 18.26216], [-97.14178, 18.26263], [-97.14258, 18.2626], [-97.14315, 18.26296]]]}}, {"id": "1648906", "type": "Feature", "properties": {"id": "1648906", "CVEGEO": "2103500010224012", "POBTOT": 0.0, "score_nse": 10.0, "NSE": "E", "VIVTOT": 2.0, "GRAPROES": 0.0, "_ent": "21", "_mun": "035", "_loc": "0001"}, "geometry": {"type": "Polygon", "coordinates": [[[-97.14436, 18.26239], [-97.14386, 18.26214], [-97.14429, 18.26245], [-97.14337, 18.26298], [-97.14372, 18.2621], [-97.14414, 18.26158], [-97.14491, 18.26157], [-97.14488, 18.26209], [-97.14436, 18.26239]]]}}, {"id": "1648907", "type": "Feature", "properties": {"id": "1648907", "CVEGEO": "2103500010224001", "POBTOT": 0.0, "score_nse": 10.0, "NSE": "E", "VIVTOT": 1.0, "GRAPROES": 0.0, "_ent": "21", "_mun": "035", "_loc": "0001"}, "geometry": {"type": "Polygon", "coordinates": [[[-97.14218, 18.26233], [-97.14172, 18.26199], [-97.1419, 18.2618], [-97.14218, 18.26233]]]}}, {"id": "1648908", "type": "Feature", "properties": {"id": "1648908", "CVEGEO": "210350001021A030", "POBTOT": 0.0, "score_nse": 10.0, "NSE": "E", "VIVTOT": 1.0, "GRAPROES": 0.0, "_ent": "21", "_mun": "035", "_loc": "0001"}, "geometry": {"type": "Polygon", "coordinates": [[[-97.14676, 18.26152], [-97.14574, 18.2615], [-97.14579, 18.26109], [-97.14681, 18.26105], [-97.14676, 18.26152]]]}}, {"id": "1648909", "type": "Feature", "properties": {"id": "1648909", "CVEGEO": "210350001021A029", "POBTOT": 15.0, "score_nse": 0.0, "NSE": "ND", "VIVTOT": 3.0, "GRAPROES": 3.64, "_ent": "21", "_mun": "035", "_loc": "0001"}, "geometry": {"type": "Polygon", "coordinates": [[[-97.14873, 18.25997], [-97.14979, 18.25994], [-97.14965, 18.26044], [-97.14873, 18.26044], [-97.14873, 18.25997]]]}}, {"id": "1648910", "type": "Feature", "properties": {"id": "1648910", "CVEGEO": "210350001021A028", "POBTOT": 15.0, "score_nse": 0.0, "NSE": "ND", "VIVTOT": 5.0, "GRAPROES": 7.11, "_ent": "21", "_mun": "035", "_loc": "0001"}, "geometry": {"type": "Polygon", "coordinates": [[[-97.14873, 18.25959], [-97.14988, 18.25945], [-97.14991, 18.25959], [-97.1498, 18.25986], [-97.14871, 18.25989], [-97.14873, 18.25959]]]}}, {"id": "1648911", "type": "Feature", "properties": {"id": "1648911", "CVEGEO": "210350001021A026", "POBTOT": 0.0, "score_nse": 0.0, "NSE": "ND", "VIVTOT": 0.0, "GRAPROES": 0.0, "_ent": "21", "_mun": "035", "_loc": "0001"}, "geometry": {"type": "Polygon", "coordinates": [[[-97.14777, 18.25987], [-97.14645, 18.26003], [-97.14614, 18.2603], [-97.14674, 18.26008], [-97.14779, 18.26], [-97.14782, 18.26044], [-97.14587, 18.26044], [-97.14595, 18.25954], [-97.1463, 18.25942], [-97.14727, 18.25931], [-97.14767, 18.2595], [-97.14777, 18.25987]]]}}, {"id": "1648912", "type": "Feature", "properties": {"id": "1648912", "CVEGEO": "210350001021A013", "POBTOT": 32.0, "score_nse": 0.0, "NSE": "ND", "VIVTOT": 12.0, "GRAPROES": 5.4, "_ent": "21", "_mun": "035", "_loc": "0001"}, "geometry": {"type": "Polygon", "coordinates": [[[-97.14819, 18.26368], [-97.14824, 18.26301], [-97.14912, 18.263], [-97.14909, 18.26367], [-97.14819, 18.26368]]]}}, {"id": "1648913", "type": "Feature", "properties": {"id": "1648913", "CVEGEO": "210350001021A012", "POBTOT": 23.0, "score_nse": 0.0, "NSE": "ND", "VIVTOT": 11.0, "GRAPROES": 5.65, "_ent": "21", "_mun": "035", "_loc": "0001"}, "geometry": {"type": "Polygon", "coordinates": [[[-97.14982, 18.26358], [-97.14917, 18.26366], [-97.1492, 18.26299], [-97.1498, 18.26296], [-97.14982, 18.26358]]]}}, {"id": "1648915", "type": "Feature", "properties": {"id": "1648915", "CVEGEO": "210350001021A010", "POBTOT": 17.0, "score_nse": 0.0, "NSE": "ND", "VIVTOT": 6.0, "GRAPROES": 9.3, "_ent": "21", "_mun": "035", "_loc": "0001"}, "geometry": {"type": "Polygon", "coordinates": [[[-97.15117, 18.26209], [-97.14976, 18.26219], [-97.1497, 18.26109], [-97.15083, 18.26083], [-97.15117, 18.26209]]]}}, {"id": "1648916", "type": "Feature", "properties": {"id": "1648916", "CVEGEO": "210350001021A008", "POBTOT": 12.0, "score_nse": 0.0, "NSE": "ND", "VIVTOT": 7.0, "GRAPROES": 6.71, "_ent": "21", "_mun": "035", "_loc": "0001"}, "geometry": {"type": "Polygon", "coordinates": [[[-97.14746, 18.26246], [-97.14707, 18.26249], [-97.147, 18.26257], [-97.14745, 18.26251], [-97.14737, 18.26293], [-97.14667, 18.26291], [-97.14682, 18.26163], [-97.14759, 18.26181], [-97.14746, 18.26246]]]}}, {"id": "1648917", "type": "Feature", "properties": {"id": "1648917", "CVEGEO": "210350001021A007", "POBTOT": 5.0, "score_nse": 0.0, "NSE": "ND", "VIVTOT": 2.0, "GRAPROES": 0.0, "_ent": "21", "_mun": "035", "_loc": "0001"}, "geometry": {"type": "Polygon", "coordinates": [[[-97.14816, 18.26295], [-97.14744, 18.26294], [-97.14751, 18.2625], [-97.14821, 18.26239], [-97.14816, 18.26295]]]}}, {"id": "1648918", "type": "Feature", "properties": {"id": "1648918", "CVEGEO": "210350001021A006", "POBTOT": 19.0, "score_nse": 0.0, "NSE": "ND", "VIVTOT": 6.0, "GRAPROES": 7.24, "_ent": "21", "_mun": "035", "_loc": "0001"}, "geometry": {"type": "Polygon", "coordinates": [[[-97.14823, 18.26294], [-97.14827, 18.26239], [-97.14913, 18.26245], [-97.14916, 18.26292], [-97.14823, 18.26294]]]}}, {"id": "1648919", "type": "Feature", "properties": {"id": "1648919", "CVEGEO": "2103500010173003", "POBTOT": 84.0, "score_nse": 0.0, "NSE": "ND", "VIVTOT": 20.0, "GRAPROES": 9.02, "_ent": "21", "_mun": "035", "_loc": "0001"}, "geometry": {"type": "Polygon", "coordinates": [[[-97.14586, 18.26969], [-97.14532, 18.27109], [-97.14468, 18.27114], [-97.14459, 18.26978], [-97.14586, 18.26969]]]}}, {"id": "1648920", "type": "Feature", "properties": {"id": "1648920", "CVEGEO": "2103500010169004", "POBTOT": 49.0, "score_nse": 0.0, "NSE": "ND", "VIVTOT": 13.0, "GRAPROES": 6.52, "_ent": "21", "_mun": "035", "_loc": "0001"}, "geometry": {"type": "Polygon", "coordinates": [[[-97.14767, 18.27031], [-97.14856, 18.27002], [-97.14885, 18.2714], [-97.1482, 18.2716], [-97.14751, 18.27143], [-97.1474, 18.27128], [-97.14767, 18.27031]]]}}, {"id": "1648921", "type": "Feature", "properties": {"id": "1648921", "CVEGEO": "2103500010169003", "POBTOT": 19.0, "score_nse": 0.0, "NSE": "ND", "VIVTOT": 7.0, "GRAPROES": 7.0, "_ent": "21", "_mun": "035", "_loc": "0001"}, "geometry": {"type": "Polygon", "coordinates": [[[-97.14855, 18.26996], [-97.14766, 18.27025], [-97.14763, 18.26969], [-97.14784, 18.26885], [-97.1486, 18.26919], [-97.14855, 18.26996]]]}}, {"id": "1648922", "type": "Feature", "properties": {"id": "1648922", "CVEGEO": "2103500010169002", "POBTOT": 108.0, "score_nse": 46.575, "NSE": "C-", "VIVTOT": 32.0, "GRAPROES": 8.43, "_ent": "21", "_mun": "035", "_loc": "0001"}, "geometry": {"type": "Polygon", "coordinates": [[[-97.15047, 18.27094], [-97.15014, 18.27049], [-97.15018, 18.26923], [-97.15107, 18.26958], [-97.15143, 18.26956], [-97.15193, 18.26937], [-97.15239, 18.26896], [-97.15322, 18.26951], [-97.15337, 18.27003], [-97.15275, 18.27045], [-97.15047, 18.27094]]]}}, {"id": "1648923", "type": "Feature", "properties": {"id": "1648923", "CVEGEO": "2103500010154040", "POBTOT": 23.0, "score_nse": 0.0, "NSE": "ND", "VIVTOT": 5.0, "GRAPROES": 10.31, "_ent": "21", "_mun": "035", "_loc": "0001"}, "geometry": {"type": "Polygon", "coordinates": [[[-97.15929, 18.26325], [-97.1601, 18.26322], [-97.1602, 18.26391], [-97.15921, 18.26384], [-97.15929, 18.26325]]]}}, {"id": "1648924", "type": "Feature", "properties": {"id": "1648924", "CVEGEO": "2103500010154038", "POBTOT": 24.0, "score_nse": 0.0, "NSE": "ND", "VIVTOT": 4.0, "GRAPROES": 12.38, "_ent": "21", "_mun": "035", "_loc": "0001"}, "geometry": {"type": "Polygon", "coordinates": [[[-97.15635, 18.26454], [-97.15555, 18.26443], [-97.15562, 18.26388], [-97.15637, 18.26397], [-97.15635, 18.26454]]]}}, {"id": "1648925", "type": "Feature", "properties": {"id": "1648925", "CVEGEO": "2103500010154037", "POBTOT": 32.0, "score_nse": 0.0, "NSE": "ND", "VIVTOT": 10.0, "GRAPROES": 9.57, "_ent": "21", "_mun": "035", "_loc": "0001"}, "geometry": {"type": "Polygon", "coordinates": [[[-97.16147, 18.26628], [-97.16254, 18.26556], [-97.16255, 18.26523], [-97.16303, 18.26526], [-97.16289, 18.26685], [-97.16197, 18.26686], [-97.16197, 18.26645], [-97.16191, 18.26686], [-97.1611, 18.2668], [-97.16147, 18.26628]]]}}, {"id": "1648926", "type": "Feature", "properties": {"id": "1648926", "CVEGEO": "2103500010154036", "POBTOT": 55.0, "score_nse": 0.0, "NSE": "ND", "VIVTOT": 14.0, "GRAPROES": 9.9, "_ent": "21", "_mun": "035", "_loc": "0001"}, "geometry": {"type": "Polygon", "coordinates": [[[-97.16408, 18.2674], [-97.16392, 18.26652], [-97.16596, 18.26568], [-97.1663, 18.26714], [-97.16649, 18.26735], [-97.16653, 18.26814], [-97.16355, 18.26784], [-97.16297, 18.26804], [-97.16107, 18.26773], [-97.16386, 18.26655], [-97.16408, 18.2674]]]}}, {"id": "1648927", "type": "Feature", "properties": {"id": "1648927", "CVEGEO": "2103500010154035", "POBTOT": 30.0, "score_nse": 0.0, "NSE": "ND", "VIVTOT": 12.0, "GRAPROES": 7.91, "_ent": "21", "_mun": "035", "_loc": "0001"}, "geometry": {"type": "Polygon", "coordinates": [[[-97.16657, 18.26869], [-97.16625, 18.2689], [-97.16479, 18.26892], [-97.1642, 18.26874], [-97.16315, 18.26804], [-97.16354, 18.26791], [-97.16655, 18.26821], [-97.16657, 18.26869]]]}}, {"id": "1648928", "type": "Feature", "properties": {"id": "1648928", "CVEGEO": "2103500010154023", "POBTOT": 9.0, "score_nse": 0.0, "NSE": "ND", "VIVTOT": 4.0, "GRAPROES": 13.67, "_ent": "21", "_mun": "035", "_loc": "0001"}, "geometry": {"type": "Polygon", "coordinates": [[[-97.161, 18.26678], [-97.16078, 18.26677], [-97.16082, 18.26621], [-97.16141, 18.26628], [-97.161, 18.26678]]]}}, {"id": "1648929", "type": "Feature", "properties": {"id": "1648929", "CVEGEO": "2103500010154022", "POBTOT": 0.0, "score_nse": 0.0, "NSE": "ND", "VIVTOT": 0.0, "GRAPROES": 0.0, "_ent": "21", "_mun": "035", "_loc": "0001"}, "geometry": {"type": "Polygon", "coordinates": [[[-97.16145, 18.26621], [-97.16011, 18.26606], [-97.16034, 18.26414], [-97.16254, 18.26397], [-97.16247, 18.26553], [-97.16145, 18.26621]]]}}, {"id": "1648930", "type": "Feature", "properties": {"id": "1648930", "CVEGEO": "2103500010154019", "POBTOT": 29.0, "score_nse": 0.0, "NSE": "ND", "VIVTOT": 9.0, "GRAPROES": 8.58, "_ent": "21", "_mun": "035", "_loc": "0001"}, "geometry": {"type": "Polygon", "coordinates": [[[-97.15581, 18.26628], [-97.15533, 18.26623], [-97.15537, 18.26569], [-97.15587, 18.26574], [-97.15581, 18.26628]]]}}, {"id": "1648931", "type": "Feature", "properties": {"id": "1648931", "CVEGEO": "2103500010154018", "POBTOT": 62.0, "score_nse": 54.976, "NSE": "C-", "VIVTOT": 25.0, "GRAPROES": 10.74, "_ent": "21", "_mun": "035", "_loc": "0001"}, "geometry": {"type": "Polygon", "coordinates": [[[-97.15795, 18.26649], [-97.15645, 18.26634], [-97.15651, 18.2658], [-97.15802, 18.26594], [-97.15795, 18.26649]]]}}, {"id": "1648932", "type": "Feature", "properties": {"id": "1648932", "CVEGEO": "2103500010154001", "POBTOT": 16.0, "score_nse": 78.62, "NSE": "C+", "VIVTOT": 5.0, "GRAPROES": 13.15, "_ent": "21", "_mun": "035", "_loc": "0001"}, "geometry": {"type": "Polygon", "coordinates": [[[-97.15853, 18.26545], [-97.15815, 18.26542], [-97.15822, 18.26488], [-97.1586, 18.26492], [-97.15853, 18.26545]]]}}, {"id": "1648933", "type": "Feature", "properties": {"id": "1648933", "CVEGEO": "210350001014A063", "POBTOT": 3.0, "score_nse": 0.0, "NSE": "ND", "VIVTOT": 1.0, "GRAPROES": 0.0, "_ent": "21", "_mun": "035", "_loc": "0001"}, "geometry": {"type": "Polygon", "coordinates": [[[-97.15621, 18.26852], [-97.15627, 18.26755], [-97.15745, 18.26765], [-97.15738, 18.26859], [-97.15621, 18.26852]]]}}, {"id": "1648934", "type": "Feature", "properties": {"id": "1648934", "CVEGEO": "210350001014A062", "POBTOT": 26.0, "score_nse": 0.0, "NSE": "ND", "VIVTOT": 7.0, "GRAPROES": 8.0, "_ent": "21", "_mun": "035", "_loc": "0001"}, "geometry": {"type": "Polygon", "coordinates": [[[-97.15233, 18.27432], [-97.15354, 18.27426], [-97.15431, 18.27363], [-97.15534, 18.27305], [-97.15533, 18.27343], [-97.15448, 18.27403], [-97.15376, 18.27421], [-97.1533, 18.27472], [-97.15257, 18.27467], [-97.15233, 18.27432]]]}}, {"id": "1648935", "type": "Feature", "properties": {"id": "1648935", "CVEGEO": "210350001014A059", "POBTOT": 0.0, "score_nse": 10.0, "NSE": "E", "VIVTOT": 1.0, "GRAPROES": 0.0, "_ent": "21", "_mun": "035", "_loc": "0001"}, "geometry": {"type": "Polygon", "coordinates": [[[-97.15817, 18.26937], [-97.15761, 18.2694], [-97.15814, 18.26927], [-97.15817, 18.26937]]]}}, {"id": "1648936", "type": "Feature", "properties": {"id": "1648936", "CVEGEO": "210350001014A058", "POBTOT": 13.0, "score_nse": 0.0, "NSE": "ND", "VIVTOT": 4.0, "GRAPROES": 11.1, "_ent": "21", "_mun": "035", "_loc": "0001"}, "geometry": {"type": "Polygon", "coordinates": [[[-97.15821, 18.26925], [-97.15908, 18.26899], [-97.15914, 18.2693], [-97.15824, 18.26936], [-97.15821, 18.26925]]]}}, {"id": "1648937", "type": "Feature", "properties": {"id": "1648937", "CVEGEO": "210350001014A057", "POBTOT": 4.0, "score_nse": 0.0, "NSE": "ND", "VIVTOT": 1.0, "GRAPROES": 0.0, "_ent": "21", "_mun": "035", "_loc": "0001"}, "geometry": {"type": "Polygon", "coordinates": [[[-97.15884, 18.26775], [-97.1603, 18.26782], [-97.15909, 18.26882], [-97.15884, 18.26775]]]}}, {"id": "1648938", "type": "Feature", "properties": {"id": "1648938", "CVEGEO": "210350001014A035", "POBTOT": 37.0, "score_nse": 0.0, "NSE": "ND", "VIVTOT": 10.0, "GRAPROES": 9.17, "_ent": "21", "_mun": "035", "_loc": "0001"}, "geometry": {"type": "Polygon", "coordinates": [[[-97.15733, 18.27168], [-97.15644, 18.27156], [-97.15646, 18.27062], [-97.15734, 18.27077], [-97.15733, 18.27168]]]}}, {"id": "1648939", "type": "Feature", "properties": {"id": "1648939", "CVEGEO": "210350001014A034", "POBTOT": 22.0, "score_nse": 0.0, "NSE": "ND", "VIVTOT": 7.0, "GRAPROES": 9.12, "_ent": "21", "_mun": "035", "_loc": "0001"}, "geometry": {"type": "Polygon", "coordinates": [[[-97.15741, 18.2717], [-97.15741, 18.27077], [-97.15833, 18.27092], [-97.15832, 18.27181], [-97.15741, 18.2717]]]}}, {"id": "1648940", "type": "Feature", "properties": {"id": "1648940", "CVEGEO": "210350001014A033", "POBTOT": 8.0, "score_nse": 0.0, "NSE": "ND", "VIVTOT": 4.0, "GRAPROES": 9.2, "_ent": "21", "_mun": "035", "_loc": "0001"}, "geometry": {"type": "Polygon", "coordinates": [[[-97.1593, 18.27151], [-97.15897, 18.27155], [-97.1588, 18.2719], [-97.15839, 18.27212], [-97.15843, 18.27093], [-97.1593, 18.27104], [-97.1593, 18.27151]]]}}, {"id": "1648941", "type": "Feature", "properties": {"id": "1648941", "CVEGEO": "210350001014A031", "POBTOT": 20.0, "score_nse": 0.0, "NSE": "ND", "VIVTOT": 7.0, "GRAPROES": 8.5, "_ent": "21", "_mun": "035", "_loc": "0001"}, "geometry": {"type": "Polygon", "coordinates": [[[-97.15936, 18.27098], [-97.15935, 18.27058], [-97.16078, 18.27046], [-97.1608, 18.27072], [-97.15981, 18.2708], [-97.15961, 18.27101], [-97.15936, 18.27098]]]}}, {"id": "1648942", "type": "Feature", "properties": {"id": "1648942", "CVEGEO": "210350001014A028", "POBTOT": 19.0, "score_nse": 0.0, "NSE": "ND", "VIVTOT": 7.0, "GRAPROES": 8.33, "_ent": "21", "_mun": "035", "_loc": "0001"}, "geometry": {"type": "Polygon", "coordinates": [[[-97.1601, 18.27044], [-97.15999, 18.26944], [-97.1607, 18.26949], [-97.16078, 18.2704], [-97.1601, 18.27044]]]}}, {"id": "1648943", "type": "Feature", "properties": {"id": "1648943", "CVEGEO": "210350001014A027", "POBTOT": 32.0, "score_nse": 0.0, "NSE": "ND", "VIVTOT": 8.0, "GRAPROES": 5.57, "_ent": "21", "_mun": "035", "_loc": "0001"}, "geometry": {"type": "Polygon", "coordinates": [[[-97.16142, 18.26954], [-97.16152, 18.27033], [-97.16086, 18.27037], [-97.16078, 18.26951], [-97.16142, 18.26954]]]}}, {"id": "1648944", "type": "Feature", "properties": {"id": "1648944", "CVEGEO": "210350001014A012", "POBTOT": 38.0, "score_nse": 0.0, "NSE": "ND", "VIVTOT": 12.0, "GRAPROES": 10.68, "_ent": "21", "_mun": "035", "_loc": "0001"}, "geometry": {"type": "Polygon", "coordinates": [[[-97.15735, 18.26942], [-97.15618, 18.26882], [-97.1562, 18.26859], [-97.15738, 18.26866], [-97.15735, 18.26942]]]}}, {"id": "1648945", "type": "Feature", "properties": {"id": "1648945", "CVEGEO": "210350001014A010", "POBTOT": 33.0, "score_nse": 0.0, "NSE": "ND", "VIVTOT": 9.0, "GRAPROES": 10.38, "_ent": "21", "_mun": "035", "_loc": "0001"}, "geometry": {"type": "Polygon", "coordinates": [[[-97.15736, 18.26949], [-97.15735, 18.27069], [-97.15646, 18.27054], [-97.15648, 18.26907], [-97.15736, 18.26949]]]}}, {"id": "1648946", "type": "Feature", "properties": {"id": "1648946", "CVEGEO": "210350001014A009", "POBTOT": 89.0, "score_nse": 44.1679, "NSE": "C-", "VIVTOT": 29.0, "GRAPROES": 9.22, "_ent": "21", "_mun": "035", "_loc": "0001"}, "geometry": {"type": "Polygon", "coordinates": [[[-97.15742, 18.2707], [-97.15744, 18.26946], [-97.15821, 18.26943], [-97.15833, 18.27084], [-97.15742, 18.2707]]]}}, {"id": "1648947", "type": "Feature", "properties": {"id": "1648947", "CVEGEO": "2103500010116009", "POBTOT": 0.0, "score_nse": 0.0, "NSE": "ND", "VIVTOT": 0.0, "GRAPROES": 0.0, "_ent": "21", "_mun": "035", "_loc": "0001"}, "geometry": {"type": "Polygon", "coordinates": [[[-97.1472, 18.26678], [-97.14721, 18.26652], [-97.14797, 18.26656], [-97.14796, 18.26683], [-97.1472, 18.26678]]]}}, {"id": "1648950", "type": "Feature", "properties": {"id": "1648950", "CVEGEO": "2103500010116033", "POBTOT": 9.0, "score_nse": 0.0, "NSE": "ND", "VIVTOT": 3.0, "GRAPROES": 0.0, "_ent": "21", "_mun": "035", "_loc": "0001"}, "geometry": {"type": "Polygon", "coordinates": [[[-97.15267, 18.26408], [-97.15143, 18.26445], [-97.15099, 18.26447], [-97.15195, 18.26389], [-97.15223, 18.26348], [-97.15267, 18.26408]]]}}, {"id": "1648951", "type": "Feature", "properties": {"id": "1648951", "CVEGEO": "2103500010116031", "POBTOT": 0.0, "score_nse": 0.0, "NSE": "ND", "VIVTOT": 0.0, "GRAPROES": 0.0, "_ent": "21", "_mun": "035", "_loc": "0001"}, "geometry": {"type": "Polygon", "coordinates": [[[-97.15403, 18.26726], [-97.15405, 18.26695], [-97.15451, 18.26729], [-97.15403, 18.26726]]]}}, {"id": "1648953", "type": "Feature", "properties": {"id": "1648953", "CVEGEO": "2103500010224020", "POBTOT": 23.0, "score_nse": 0.0, "NSE": "ND", "VIVTOT": 6.0, "GRAPROES": 8.67, "_ent": "21", "_mun": "035", "_loc": "0001"}, "geometry": {"type": "Polygon", "coordinates": [[[-97.14475, 18.26293], [-97.1441, 18.26267], [-97.14481, 18.26223], [-97.1448, 18.2626], [-97.14475, 18.26293]]]}}, {"id": "1648954", "type": "Feature", "properties": {"id": "1648954", "CVEGEO": "2103500010224002", "POBTOT": 150.0, "score_nse": 38.88, "NSE": "D+", "VIVTOT": 41.0, "GRAPROES": 6.75, "_ent": "21", "_mun": "035", "_loc": "0001"}, "geometry": {"type": "Polygon", "coordinates": [[[-97.14241, 18.25938], [-97.14213, 18.26132], [-97.14168, 18.26192], [-97.14112, 18.26175], [-97.14167, 18.26092], [-97.14187, 18.25986], [-97.1418, 18.25945], [-97.14241, 18.25938]]]}}, {"id": "1648962", "type": "Feature", "properties": {"id": "1648962", "CVEGEO": "2103500010116030", "POBTOT": 0.0, "score_nse": 0.0, "NSE": "ND", "VIVTOT": 0.0, "GRAPROES": 0.0, "_ent": "21", "_mun": "035", "_loc": "0001"}, "geometry": {"type": "Polygon", "coordinates": [[[-97.15394, 18.26724], [-97.15265, 18.26714], [-97.15273, 18.26614], [-97.15355, 18.26615], [-97.15397, 18.26687], [-97.15394, 18.26724]]]}}, {"id": "1648965", "type": "Feature", "properties": {"id": "1648965", "CVEGEO": "2103500010309002", "POBTOT": 43.0, "score_nse": 0.0, "NSE": "ND", "VIVTOT": 24.0, "GRAPROES": 7.72, "_ent": "21", "_mun": "035", "_loc": "0001"}, "geometry": {"type": "Polygon", "coordinates": [[[-97.1595, 18.27265], [-97.15939, 18.27154], [-97.15973, 18.27096], [-97.15999, 18.27084], [-97.16081, 18.27078], [-97.16092, 18.27193], [-97.16087, 18.27078], [-97.16203, 18.27079], [-97.16537, 18.27137], [-97.16524, 18.2718], [-97.16318, 18.27273], [-97.16146, 18.27265], [-97.16089, 18.27289], [-97.16038, 18.27278], [-97.16035, 18.27166], [-97.16031, 18.27277], [-97.1595, 18.27265]]]}}, {"id": "1648966", "type": "Feature", "properties": {"id": "1648966", "CVEGEO": "2103500010309001", "POBTOT": 12.0, "score_nse": 0.0, "NSE": "ND", "VIVTOT": 4.0, "GRAPROES": 9.0, "_ent": "21", "_mun": "035", "_loc": "0001"}, "geometry": {"type": "Polygon", "coordinates": [[[-97.15805, 18.2731], [-97.15937, 18.2727], [-97.16031, 18.27283], [-97.16006, 18.27374], [-97.15914, 18.27362], [-97.1585, 18.27383], [-97.15805, 18.2731]]]}}, {"id": "1648967", "type": "Feature", "properties": {"id": "1648967", "CVEGEO": "2103500010224027", "POBTOT": 16.0, "score_nse": 0.0, "NSE": "ND", "VIVTOT": 4.0, "GRAPROES": 12.92, "_ent": "21", "_mun": "035", "_loc": "0001"}, "geometry": {"type": "Polygon", "coordinates": [[[-97.14458, 18.26444], [-97.14455, 18.2651], [-97.14353, 18.26462], [-97.14406, 18.26428], [-97.14458, 18.26444]]]}}, {"id": "1648968", "type": "Feature", "properties": {"id": "1648968", "CVEGEO": "2103500010224026", "POBTOT": 7.0, "score_nse": 0.0, "NSE": "ND", "VIVTOT": 1.0, "GRAPROES": 0.0, "_ent": "21", "_mun": "035", "_loc": "0001"}, "geometry": {"type": "Polygon", "coordinates": [[[-97.14392, 18.26429], [-97.14342, 18.26458], [-97.14341, 18.26393], [-97.14392, 18.26429]]]}}, {"id": "1648969", "type": "Feature", "properties": {"id": "1648969", "CVEGEO": "2103500010224025", "POBTOT": 21.0, "score_nse": 0.0, "NSE": "ND", "VIVTOT": 4.0, "GRAPROES": 8.94, "_ent": "21", "_mun": "035", "_loc": "0001"}, "geometry": {"type": "Polygon", "coordinates": [[[-97.14459, 18.26441], [-97.14396, 18.26426], [-97.14361, 18.2639], [-97.14465, 18.26383], [-97.14459, 18.26441]]]}}, {"id": "1648970", "type": "Feature", "properties": {"id": "1648970", "CVEGEO": "2103500010154032", "POBTOT": 30.0, "score_nse": 0.0, "NSE": "ND", "VIVTOT": 12.0, "GRAPROES": 7.73, "_ent": "21", "_mun": "035", "_loc": "0001"}, "geometry": {"type": "Polygon", "coordinates": [[[-97.15394, 18.26168], [-97.15379, 18.26046], [-97.15615, 18.25993], [-97.15614, 18.26004], [-97.15548, 18.26021], [-97.1552, 18.26048], [-97.15502, 18.26074], [-97.15516, 18.26086], [-97.15509, 18.26098], [-97.15394, 18.26168]]]}}, {"id": "1648971", "type": "Feature", "properties": {"id": "1648971", "CVEGEO": "2103500010116027", "POBTOT": 47.0, "score_nse": 0.0, "NSE": "ND", "VIVTOT": 16.0, "GRAPROES": 10.35, "_ent": "21", "_mun": "035", "_loc": "0001"}, "geometry": {"type": "Polygon", "coordinates": [[[-97.15359, 18.26606], [-97.15171, 18.26602], [-97.15183, 18.26443], [-97.15271, 18.26413], [-97.15306, 18.26452], [-97.15359, 18.26606]]]}}, {"id": "1648972", "type": "Feature", "properties": {"id": "1648972", "CVEGEO": "2103500010277001", "POBTOT": 7.0, "score_nse": 0.0, "NSE": "ND", "VIVTOT": 2.0, "GRAPROES": 0.0, "_ent": "21", "_mun": "035", "_loc": "0001"}, "geometry": {"type": "Polygon", "coordinates": [[[-97.14878, 18.25897], [-97.14969, 18.25893], [-97.15024, 18.25887], [-97.14992, 18.25935], [-97.14874, 18.25947], [-97.14878, 18.25897]]]}}, {"id": "1648973", "type": "Feature", "properties": {"id": "1648973", "CVEGEO": "2103500010154002", "POBTOT": 54.0, "score_nse": 53.9686, "NSE": "C-", "VIVTOT": 21.0, "GRAPROES": 10.49, "_ent": "21", "_mun": "035", "_loc": "0001"}, "geometry": {"type": "Polygon", "coordinates": [[[-97.15657, 18.26526], [-97.15664, 18.26474], [-97.15814, 18.26488], [-97.15806, 18.26541], [-97.15657, 18.26526]]]}}, {"id": "1648976", "type": "Feature", "properties": {"id": "1648976", "CVEGEO": "2103500010154041", "POBTOT": 38.0, "score_nse": 0.0, "NSE": "ND", "VIVTOT": 8.0, "GRAPROES": 7.83, "_ent": "21", "_mun": "035", "_loc": "0001"}, "geometry": {"type": "Polygon", "coordinates": [[[-97.16261, 18.26396], [-97.16308, 18.2639], [-97.16303, 18.26519], [-97.16256, 18.26516], [-97.16261, 18.26396]]]}}, {"id": "1648977", "type": "Feature", "properties": {"id": "1648977", "CVEGEO": "210350001014A036", "POBTOT": 56.0, "score_nse": 53.8474, "NSE": "C-", "VIVTOT": 13.0, "GRAPROES": 9.55, "_ent": "21", "_mun": "035", "_loc": "0001"}, "geometry": {"type": "Polygon", "coordinates": [[[-97.15545, 18.2714], [-97.15547, 18.27066], [-97.15639, 18.27061], [-97.15637, 18.27154], [-97.15545, 18.2714]]]}}, {"id": "1648978", "type": "Feature", "properties": {"id": "1648978", "CVEGEO": "2103500010116008", "POBTOT": 42.0, "score_nse": 0.0, "NSE": "ND", "VIVTOT": 15.0, "GRAPROES": 8.43, "_ent": "21", "_mun": "035", "_loc": "0001"}, "geometry": {"type": "Polygon", "coordinates": [[[-97.14895, 18.2669], [-97.14805, 18.26684], [-97.14809, 18.26607], [-97.14901, 18.26607], [-97.14895, 18.2669]]]}}, {"id": "1648979", "type": "Feature", "properties": {"id": "1648979", "CVEGEO": "2103500010154029", "POBTOT": 16.0, "score_nse": 0.0, "NSE": "ND", "VIVTOT": 3.0, "GRAPROES": 9.78, "_ent": "21", "_mun": "035", "_loc": "0001"}, "geometry": {"type": "Polygon", "coordinates": [[[-97.15321, 18.26221], [-97.15277, 18.26272], [-97.15243, 18.26279], [-97.1521, 18.26316], [-97.15176, 18.26274], [-97.15187, 18.26221], [-97.15207, 18.2621], [-97.1531, 18.26178], [-97.15325, 18.26193], [-97.15321, 18.26221]]]}}, {"id": "1648980", "type": "Feature", "properties": {"id": "1648980", "CVEGEO": "2103500010154028", "POBTOT": 60.0, "score_nse": 0.0, "NSE": "ND", "VIVTOT": 16.0, "GRAPROES": 10.58, "_ent": "21", "_mun": "035", "_loc": "0001"}, "geometry": {"type": "Polygon", "coordinates": [[[-97.15434, 18.2631], [-97.1529, 18.26406], [-97.15236, 18.2634], [-97.1534, 18.26298], [-97.1541, 18.26236], [-97.15434, 18.2631]]]}}, {"id": "1648981", "type": "Feature", "properties": {"id": "1648981", "CVEGEO": "210350001014A014", "POBTOT": 43.0, "score_nse": 0.0, "NSE": "ND", "VIVTOT": 9.0, "GRAPROES": 10.83, "_ent": "21", "_mun": "035", "_loc": "0001"}, "geometry": {"type": "Polygon", "coordinates": [[[-97.15523, 18.26615], [-97.15514, 18.26735], [-97.15463, 18.26719], [-97.15414, 18.2668], [-97.15416, 18.26614], [-97.15523, 18.26615]]]}}, {"id": "1648982", "type": "Feature", "properties": {"id": "1648982", "CVEGEO": "2103500010116028", "POBTOT": 64.0, "score_nse": 0.0, "NSE": "ND", "VIVTOT": 18.0, "GRAPROES": 9.24, "_ent": "21", "_mun": "035", "_loc": "0001"}, "geometry": {"type": "Polygon", "coordinates": [[[-97.1525, 18.26714], [-97.15159, 18.26707], [-97.1517, 18.26611], [-97.15264, 18.26614], [-97.1525, 18.26714]]]}}, {"id": "1648988", "type": "Feature", "properties": {"id": "1648988", "CVEGEO": "2103500010224024", "POBTOT": 5.0, "score_nse": 0.0, "NSE": "ND", "VIVTOT": 1.0, "GRAPROES": 0.0, "_ent": "21", "_mun": "035", "_loc": "0001"}, "geometry": {"type": "Polygon", "coordinates": [[[-97.1432, 18.26382], [-97.14331, 18.26313], [-97.14352, 18.26387], [-97.1432, 18.26382]]]}}, {"id": "1648989", "type": "Feature", "properties": {"id": "1648989", "CVEGEO": "2103500010224023", "POBTOT": 60.0, "score_nse": 0.0, "NSE": "ND", "VIVTOT": 18.0, "GRAPROES": 7.35, "_ent": "21", "_mun": "035", "_loc": "0001"}, "geometry": {"type": "Polygon", "coordinates": [[[-97.14356, 18.26375], [-97.14344, 18.26306], [-97.14465, 18.26342], [-97.14465, 18.26377], [-97.14356, 18.26375]]]}}, {"id": "1648990", "type": "Feature", "properties": {"id": "1648990", "CVEGEO": "2103500010309004", "POBTOT": 6.0, "score_nse": 0.0, "NSE": "ND", "VIVTOT": 1.0, "GRAPROES": 0.0, "_ent": "21", "_mun": "035", "_loc": "0001"}, "geometry": {"type": "Polygon", "coordinates": [[[-97.16521, 18.2697], [-97.16585, 18.27006], [-97.16574, 18.27026], [-97.16482, 18.26967], [-97.16521, 18.2697]]]}}, {"id": "1648991", "type": "Feature", "properties": {"id": "1648991", "CVEGEO": "210350001021A025", "POBTOT": 48.0, "score_nse": 32.1067, "NSE": "D+", "VIVTOT": 15.0, "GRAPROES": 7.78, "_ent": "21", "_mun": "035", "_loc": "0001"}, "geometry": {"type": "Polygon", "coordinates": [[[-97.15086, 18.2635], [-97.14992, 18.26358], [-97.14991, 18.26313], [-97.15041, 18.26263], [-97.15088, 18.26328], [-97.15086, 18.2635]]]}}, {"id": "1648992", "type": "Feature", "properties": {"id": "1648992", "CVEGEO": "2103500010154051", "POBTOT": 0.0, "score_nse": 0.0, "NSE": "ND", "VIVTOT": 0.0, "GRAPROES": 0.0, "_ent": "21", "_mun": "035", "_loc": "0001"}, "geometry": {"type": "Polygon", "coordinates": [[[-97.15594, 18.26574], [-97.15642, 18.26579], [-97.15636, 18.26633], [-97.15588, 18.26628], [-97.15594, 18.26574]]]}}, {"id": "1648993", "type": "Feature", "properties": {"id": "1648993", "CVEGEO": "2103500010154050", "POBTOT": 6.0, "score_nse": 0.0, "NSE": "ND", "VIVTOT": 3.0, "GRAPROES": 0.0, "_ent": "21", "_mun": "035", "_loc": "0001"}, "geometry": {"type": "Polygon", "coordinates": [[[-97.1591, 18.26387], [-97.15909, 18.26414], [-97.15841, 18.26408], [-97.15844, 18.26384], [-97.1591, 18.26387]]]}}, {"id": "1648994", "type": "Feature", "properties": {"id": "1648994", "CVEGEO": "2103500010154049", "POBTOT": 0.0, "score_nse": 10.0, "NSE": "E", "VIVTOT": 1.0, "GRAPROES": 0.0, "_ent": "21", "_mun": "035", "_loc": "0001"}, "geometry": {"type": "Polygon", "coordinates": [[[-97.16661, 18.2682], [-97.16708, 18.26805], [-97.16748, 18.26799], [-97.16671, 18.26855], [-97.16661, 18.2682]]]}}, {"id": "1648995", "type": "Feature", "properties": {"id": "1648995", "CVEGEO": "2103500010116011", "POBTOT": 26.0, "score_nse": 0.0, "NSE": "ND", "VIVTOT": 6.0, "GRAPROES": 11.07, "_ent": "21", "_mun": "035", "_loc": "0001"}, "geometry": {"type": "Polygon", "coordinates": [[[-97.14651, 18.26562], [-97.14649, 18.26486], [-97.14718, 18.26481], [-97.14718, 18.26556], [-97.14651, 18.26562]]]}}, {"id": "1648996", "type": "Feature", "properties": {"id": "1648996", "CVEGEO": "2103500010116010", "POBTOT": 32.0, "score_nse": 0.0, "NSE": "ND", "VIVTOT": 9.0, "GRAPROES": 8.96, "_ent": "21", "_mun": "035", "_loc": "0001"}, "geometry": {"type": "Polygon", "coordinates": [[[-97.14713, 18.26678], [-97.1464, 18.26673], [-97.14644, 18.26604], [-97.14651, 18.26569], [-97.14718, 18.26561], [-97.14716, 18.26597], [-97.14695, 18.26599], [-97.14716, 18.26605], [-97.14713, 18.26678]]]}}, {"id": "1648997", "type": "Feature", "properties": {"id": "1648997", "CVEGEO": "2103500010101037", "POBTOT": 13.0, "score_nse": 32.088, "NSE": "D+", "VIVTOT": 3.0, "GRAPROES": 6.91, "_ent": "21", "_mun": "035", "_loc": "0001"}, "geometry": {"type": "Polygon", "coordinates": [[[-97.14319, 18.2702], [-97.14296, 18.27035], [-97.14272, 18.2699], [-97.14303, 18.2697], [-97.14319, 18.2702]]]}}, {"id": "1648998", "type": "Feature", "properties": {"id": "1648998", "CVEGEO": "2103500010101036", "POBTOT": 0.0, "score_nse": 10.0, "NSE": "E", "VIVTOT": 1.0, "GRAPROES": 0.0, "_ent": "21", "_mun": "035", "_loc": "0001"}, "geometry": {"type": "Polygon", "coordinates": [[[-97.14443, 18.26668], [-97.14378, 18.26756], [-97.14368, 18.26756], [-97.14423, 18.26666], [-97.14443, 18.26668]]]}}, {"id": "1648999", "type": "Feature", "properties": {"id": "1648999", "CVEGEO": "2103500010101034", "POBTOT": 35.0, "score_nse": 0.0, "NSE": "ND", "VIVTOT": 11.0, "GRAPROES": 7.36, "_ent": "21", "_mun": "035", "_loc": "0001"}, "geometry": {"type": "Polygon", "coordinates": [[[-97.14662, 18.27264], [-97.1469, 18.27198], [-97.14692, 18.27105], [-97.14758, 18.27042], [-97.14732, 18.2713], [-97.14781, 18.2716], [-97.14841, 18.27163], [-97.14944, 18.27122], [-97.15042, 18.2711], [-97.15024, 18.27169], [-97.14966, 18.27169], [-97.14939, 18.27195], [-97.14908, 18.27192], [-97.14838, 18.2723], [-97.14749, 18.27254], [-97.147, 18.27246], [-97.1468, 18.27291], [-97.14662, 18.27264]]]}}, {"id": "1649000", "type": "Feature", "properties": {"id": "1649000", "CVEGEO": "210350001014A024", "POBTOT": 5.0, "score_nse": 0.0, "NSE": "ND", "VIVTOT": 3.0, "GRAPROES": 0.0, "_ent": "21", "_mun": "035", "_loc": "0001"}, "geometry": {"type": "Polygon", "coordinates": [[[-97.16452, 18.26968], [-97.16413, 18.26996], [-97.16346, 18.27008], [-97.16333, 18.27025], [-97.16243, 18.27028], [-97.16245, 18.2696], [-97.16452, 18.26968]]]}}, {"id": "1649020", "type": "Feature", "properties": {"id": "1649020", "CVEGEO": "2103500010296001", "POBTOT": 29.0, "score_nse": 0.0, "NSE": "ND", "VIVTOT": 11.0, "GRAPROES": 10.11, "_ent": "21", "_mun": "035", "_loc": "0001"}, "geometry": {"type": "Polygon", "coordinates": [[[-97.16017, 18.26321], [-97.16319, 18.26288], [-97.16371, 18.2629], [-97.16308, 18.26342], [-97.16308, 18.26384], [-97.1603, 18.26408], [-97.16017, 18.26321]]]}}, {"id": "1649021", "type": "Feature", "properties": {"id": "1649021", "CVEGEO": "2103500010281002", "POBTOT": 44.0, "score_nse": 0.0, "NSE": "ND", "VIVTOT": 10.0, "GRAPROES": 8.84, "_ent": "21", "_mun": "035", "_loc": "0001"}, "geometry": {"type": "Polygon", "coordinates": [[[-97.15448, 18.26362], [-97.15446, 18.26307], [-97.15519, 18.26282], [-97.15611, 18.26222], [-97.15632, 18.26306], [-97.15563, 18.26325], [-97.15558, 18.26373], [-97.15514, 18.26356], [-97.15448, 18.26362]]]}}, {"id": "1649022", "type": "Feature", "properties": {"id": "1649022", "CVEGEO": "2103500010281001", "POBTOT": 39.0, "score_nse": 0.0, "NSE": "ND", "VIVTOT": 15.0, "GRAPROES": 6.39, "_ent": "21", "_mun": "035", "_loc": "0001"}, "geometry": {"type": "Polygon", "coordinates": [[[-97.15569, 18.2633], [-97.15698, 18.26302], [-97.15743, 18.26301], [-97.15693, 18.26372], [-97.15687, 18.2634], [-97.15687, 18.26377], [-97.15667, 18.26392], [-97.15564, 18.26377], [-97.15569, 18.2633]]]}}, {"id": "1649023", "type": "Feature", "properties": {"id": "1649023", "CVEGEO": "2103500010224005", "POBTOT": 32.0, "score_nse": 0.0, "NSE": "ND", "VIVTOT": 11.0, "GRAPROES": 7.67, "_ent": "21", "_mun": "035", "_loc": "0001"}, "geometry": {"type": "Polygon", "coordinates": [[[-97.14405, 18.26158], [-97.14335, 18.2628], [-97.14325, 18.26239], [-97.14245, 18.2616], [-97.14405, 18.26158]]]}}, {"id": "1649024", "type": "Feature", "properties": {"id": "1649024", "CVEGEO": "2103500010224004", "POBTOT": 15.0, "score_nse": 0.0, "NSE": "ND", "VIVTOT": 4.0, "GRAPROES": 8.0, "_ent": "21", "_mun": "035", "_loc": "0001"}, "geometry": {"type": "Polygon", "coordinates": [[[-97.14431, 18.2612], [-97.14409, 18.2615], [-97.1433, 18.26151], [-97.14326, 18.26051], [-97.14431, 18.26051], [-97.14431, 18.2612]]]}}, {"id": "1649025", "type": "Feature", "properties": {"id": "1649025", "CVEGEO": "210350001021A015", "POBTOT": 27.0, "score_nse": 0.0, "NSE": "ND", "VIVTOT": 9.0, "GRAPROES": 9.0, "_ent": "21", "_mun": "035", "_loc": "0001"}, "geometry": {"type": "Polygon", "coordinates": [[[-97.14657, 18.26358], [-97.14666, 18.26297], [-97.14736, 18.26299], [-97.14722, 18.26364], [-97.14657, 18.26358]]]}}, {"id": "1649026", "type": "Feature", "properties": {"id": "1649026", "CVEGEO": "210350001021A014", "POBTOT": 24.0, "score_nse": 0.0, "NSE": "ND", "VIVTOT": 7.0, "GRAPROES": 8.53, "_ent": "21", "_mun": "035", "_loc": "0001"}, "geometry": {"type": "Polygon", "coordinates": [[[-97.14743, 18.263], [-97.14816, 18.26301], [-97.14811, 18.26367], [-97.1473, 18.26363], [-97.14743, 18.263]]]}}, {"id": "1649027", "type": "Feature", "properties": {"id": "1649027", "CVEGEO": "210350001021A004", "POBTOT": 9.0, "score_nse": 0.0, "NSE": "ND", "VIVTOT": 3.0, "GRAPROES": 0.0, "_ent": "21", "_mun": "035", "_loc": "0001"}, "geometry": {"type": "Polygon", "coordinates": [[[-97.14961, 18.26224], [-97.14919, 18.26237], [-97.14923, 18.26146], [-97.14964, 18.26111], [-97.14961, 18.26224]]]}}, {"id": "1649028", "type": "Feature", "properties": {"id": "1649028", "CVEGEO": "2103500010154043", "POBTOT": 0.0, "score_nse": 0.0, "NSE": "ND", "VIVTOT": 0.0, "GRAPROES": 0.0, "_ent": "21", "_mun": "035", "_loc": "0001"}, "geometry": {"type": "Polygon", "coordinates": [[[-97.15183, 18.26222], [-97.15182, 18.26256], [-97.15175, 18.2627], [-97.15165, 18.26223], [-97.15183, 18.26222]]]}}, {"id": "1649029", "type": "Feature", "properties": {"id": "1649029", "CVEGEO": "2103500010154034", "POBTOT": 0.0, "score_nse": 0.0, "NSE": "ND", "VIVTOT": 0.0, "GRAPROES": 0.0, "_ent": "21", "_mun": "035", "_loc": "0001"}, "geometry": {"type": "Polygon", "coordinates": [[[-97.168, 18.26781], [-97.16659, 18.26814], [-97.16655, 18.26734], [-97.16636, 18.26711], [-97.16602, 18.26566], [-97.16762, 18.26497], [-97.168, 18.26781]]]}}, {"id": "1649030", "type": "Feature", "properties": {"id": "1649030", "CVEGEO": "2103500010154033", "POBTOT": 36.0, "score_nse": 0.0, "NSE": "ND", "VIVTOT": 15.0, "GRAPROES": 9.22, "_ent": "21", "_mun": "035", "_loc": "0001"}, "geometry": {"type": "Polygon", "coordinates": [[[-97.16296, 18.26682], [-97.16309, 18.26526], [-97.1636, 18.26529], [-97.16457, 18.26566], [-97.16524, 18.26569], [-97.16567, 18.26549], [-97.16579, 18.26505], [-97.16591, 18.26506], [-97.16593, 18.26559], [-97.16296, 18.26682]]]}}, {"id": "1649031", "type": "Feature", "properties": {"id": "1649031", "CVEGEO": "2103500010154012", "POBTOT": 46.0, "score_nse": 0.0, "NSE": "ND", "VIVTOT": 11.0, "GRAPROES": 10.2, "_ent": "21", "_mun": "035", "_loc": "0001"}, "geometry": {"type": "Polygon", "coordinates": [[[-97.15721, 18.26358], [-97.15836, 18.26381], [-97.15833, 18.26407], [-97.15676, 18.26393], [-97.15721, 18.26358]]]}}, {"id": "1649032", "type": "Feature", "properties": {"id": "1649032", "CVEGEO": "2103500010154010", "POBTOT": 9.0, "score_nse": 0.0, "NSE": "ND", "VIVTOT": 4.0, "GRAPROES": 0.0, "_ent": "21", "_mun": "035", "_loc": "0001"}, "geometry": {"type": "Polygon", "coordinates": [[[-97.15657, 18.26474], [-97.1565, 18.26526], [-97.15543, 18.26515], [-97.15553, 18.26458], [-97.15657, 18.26474]]]}}, {"id": "1649033", "type": "Feature", "properties": {"id": "1649033", "CVEGEO": "2103500010154009", "POBTOT": 0.0, "score_nse": 0.0, "NSE": "ND", "VIVTOT": 0.0, "GRAPROES": 0.0, "_ent": "21", "_mun": "035", "_loc": "0001"}, "geometry": {"type": "Polygon", "coordinates": [[[-97.15538, 18.26558], [-97.15542, 18.26523], [-97.15649, 18.26534], [-97.15644, 18.26571], [-97.15538, 18.26558]]]}}, {"id": "1649034", "type": "Feature", "properties": {"id": "1649034", "CVEGEO": "210350001014A018", "POBTOT": 67.0, "score_nse": 63.522, "NSE": "C", "VIVTOT": 20.0, "GRAPROES": 11.53, "_ent": "21", "_mun": "035", "_loc": "0001"}, "geometry": {"type": "Polygon", "coordinates": [[[-97.15874, 18.26724], [-97.15731, 18.26711], [-97.15737, 18.26657], [-97.15878, 18.26672], [-97.15874, 18.26724]]]}}, {"id": "1649035", "type": "Feature", "properties": {"id": "1649035", "CVEGEO": "210350001014A016", "POBTOT": 56.0, "score_nse": 70.7756, "NSE": "C+", "VIVTOT": 19.0, "GRAPROES": 11.73, "_ent": "21", "_mun": "035", "_loc": "0001"}, "geometry": {"type": "Polygon", "coordinates": [[[-97.15674, 18.26705], [-97.1553, 18.26692], [-97.15534, 18.26641], [-97.15678, 18.26654], [-97.15674, 18.26705]]]}}, {"id": "1649036", "type": "Feature", "properties": {"id": "1649036", "CVEGEO": "2103500010116017", "POBTOT": 72.0, "score_nse": 0.0, "NSE": "ND", "VIVTOT": 21.0, "GRAPROES": 9.49, "_ent": "21", "_mun": "035", "_loc": "0001"}, "geometry": {"type": "Polygon", "coordinates": [[[-97.15063, 18.26698], [-97.14988, 18.26694], [-97.14992, 18.26607], [-97.15072, 18.26609], [-97.15063, 18.26698]]]}}, {"id": "1649037", "type": "Feature", "properties": {"id": "1649037", "CVEGEO": "2103500010101019", "POBTOT": 23.0, "score_nse": 0.0, "NSE": "ND", "VIVTOT": 11.0, "GRAPROES": 8.76, "_ent": "21", "_mun": "035", "_loc": "0001"}, "geometry": {"type": "Polygon", "coordinates": [[[-97.14643, 18.2683], [-97.14597, 18.26952], [-97.14543, 18.26969], [-97.14545, 18.26869], [-97.14593, 18.26855], [-97.14626, 18.26821], [-97.14643, 18.2683]]]}}, {"id": "1649038", "type": "Feature", "properties": {"id": "1649038", "CVEGEO": "2103500010101018", "POBTOT": 11.0, "score_nse": 0.0, "NSE": "ND", "VIVTOT": 6.0, "GRAPROES": 9.22, "_ent": "21", "_mun": "035", "_loc": "0001"}, "geometry": {"type": "Polygon", "coordinates": [[[-97.14627, 18.26869], [-97.1465, 18.26962], [-97.14597, 18.26961], [-97.14615, 18.26893], [-97.14627, 18.26869]]]}}, {"id": "1649039", "type": "Feature", "properties": {"id": "1649039", "CVEGEO": "2103500010101017", "POBTOT": 46.0, "score_nse": 0.0, "NSE": "ND", "VIVTOT": 11.0, "GRAPROES": 7.7, "_ent": "21", "_mun": "035", "_loc": "0001"}, "geometry": {"type": "Polygon", "coordinates": [[[-97.14653, 18.26952], [-97.14698, 18.26974], [-97.14757, 18.26972], [-97.14758, 18.27001], [-97.14698, 18.27005], [-97.14661, 18.26985], [-97.14653, 18.26952]]]}}, {"id": "1649040", "type": "Feature", "properties": {"id": "1649040", "CVEGEO": "2103500010101016", "POBTOT": 53.0, "score_nse": 0.0, "NSE": "ND", "VIVTOT": 19.0, "GRAPROES": 7.9, "_ent": "21", "_mun": "035", "_loc": "0001"}, "geometry": {"type": "Polygon", "coordinates": [[[-97.14971, 18.26893], [-97.14977, 18.26801], [-97.15052, 18.26811], [-97.15048, 18.26922], [-97.15011, 18.26908], [-97.15017, 18.26892], [-97.15005, 18.26906], [-97.14971, 18.26893]]]}}, {"id": "1649043", "type": "Feature", "properties": {"id": "1649043", "CVEGEO": "2103500010328001", "POBTOT": 0.0, "score_nse": 10.0, "NSE": "E", "VIVTOT": 1.0, "GRAPROES": 0.0, "_ent": "21", "_mun": "035", "_loc": "0001"}, "geometry": {"type": "Polygon", "coordinates": [[[-97.15521, 18.259], [-97.15603, 18.25826], [-97.15627, 18.25806], [-97.15619, 18.25885], [-97.15521, 18.259]]]}}, {"id": "1649051", "type": "Feature", "properties": {"id": "1649051", "CVEGEO": "210350001014A008", "POBTOT": 84.0, "score_nse": 43.28, "NSE": "C-", "VIVTOT": 26.0, "GRAPROES": 7.87, "_ent": "21", "_mun": "035", "_loc": "0001"}, "geometry": {"type": "Polygon", "coordinates": [[[-97.15841, 18.27086], [-97.1583, 18.26942], [-97.15859, 18.26941], [-97.15868, 18.26969], [-97.15867, 18.2694], [-97.15916, 18.26938], [-97.15929, 18.27097], [-97.15841, 18.27086]]]}}, {"id": "1649052", "type": "Feature", "properties": {"id": "1649052", "CVEGEO": "210350001014A007", "POBTOT": 24.0, "score_nse": 0.0, "NSE": "ND", "VIVTOT": 7.0, "GRAPROES": 9.89, "_ent": "21", "_mun": "035", "_loc": "0001"}, "geometry": {"type": "Polygon", "coordinates": [[[-97.16004, 18.27044], [-97.15935, 18.27052], [-97.15926, 18.26939], [-97.1599, 18.26943], [-97.16004, 18.27044]]]}}, {"id": "1649053", "type": "Feature", "properties": {"id": "1649053", "CVEGEO": "2103500010116025", "POBTOT": 19.0, "score_nse": 0.0, "NSE": "ND", "VIVTOT": 4.0, "GRAPROES": 4.91, "_ent": "21", "_mun": "035", "_loc": "0001"}, "geometry": {"type": "Polygon", "coordinates": [[[-97.14636, 18.26468], [-97.14546, 18.26494], [-97.14486, 18.26547], [-97.14459, 18.26512], [-97.14462, 18.26446], [-97.14506, 18.2648], [-97.14544, 18.26458], [-97.14636, 18.26468]]]}}, {"id": "1649054", "type": "Feature", "properties": {"id": "1649054", "CVEGEO": "2103500010116024", "POBTOT": 59.0, "score_nse": 56.076, "NSE": "C", "VIVTOT": 25.0, "GRAPROES": 10.36, "_ent": "21", "_mun": "035", "_loc": "0001"}, "geometry": {"type": "Polygon", "coordinates": [[[-97.1508, 18.26608], [-97.1516, 18.26611], [-97.15151, 18.26706], [-97.1507, 18.26699], [-97.1508, 18.26608]]]}}, {"id": "1649055", "type": "Feature", "properties": {"id": "1649055", "CVEGEO": "2103500010116023", "POBTOT": 140.0, "score_nse": 0.0, "NSE": "ND", "VIVTOT": 32.0, "GRAPROES": 10.18, "_ent": "21", "_mun": "035", "_loc": "0001"}, "geometry": {"type": "Polygon", "coordinates": [[[-97.15163, 18.26602], [-97.15081, 18.26601], [-97.15096, 18.26453], [-97.15176, 18.26444], [-97.15163, 18.26602]]]}}, {"id": "1649056", "type": "Feature", "properties": {"id": "1649056", "CVEGEO": "2103500010116022", "POBTOT": 12.0, "score_nse": 0.0, "NSE": "ND", "VIVTOT": 4.0, "GRAPROES": 7.9, "_ent": "21", "_mun": "035", "_loc": "0001"}, "geometry": {"type": "Polygon", "coordinates": [[[-97.15137, 18.2636], [-97.15109, 18.26395], [-97.14999, 18.2643], [-97.14992, 18.26364], [-97.15137, 18.2636]]]}}, {"id": "1649057", "type": "Feature", "properties": {"id": "1649057", "CVEGEO": "2103500010116021", "POBTOT": 8.0, "score_nse": 0.0, "NSE": "ND", "VIVTOT": 2.0, "GRAPROES": 0.0, "_ent": "21", "_mun": "035", "_loc": "0001"}, "geometry": {"type": "Polygon", "coordinates": [[[-97.14718, 18.26467], [-97.14648, 18.26468], [-97.14652, 18.26413], [-97.1472, 18.26416], [-97.14718, 18.26467]]]}}, {"id": "1649058", "type": "Feature", "properties": {"id": "1649058", "CVEGEO": "2103500010116007", "POBTOT": 34.0, "score_nse": 0.0, "NSE": "ND", "VIVTOT": 15.0, "GRAPROES": 9.71, "_ent": "21", "_mun": "035", "_loc": "0001"}, "geometry": {"type": "Polygon", "coordinates": [[[-97.14979, 18.26694], [-97.14903, 18.2669], [-97.14909, 18.26607], [-97.14983, 18.26608], [-97.14979, 18.26694]]]}}, {"id": "1649059", "type": "Feature", "properties": {"id": "1649059", "CVEGEO": "2103500010116005", "POBTOT": 16.0, "score_nse": 0.0, "NSE": "ND", "VIVTOT": 7.0, "GRAPROES": 10.2, "_ent": "21", "_mun": "035", "_loc": "0001"}, "geometry": {"type": "Polygon", "coordinates": [[[-97.14985, 18.26558], [-97.14908, 18.26556], [-97.14914, 18.2647], [-97.14984, 18.26463], [-97.14982, 18.26493], [-97.15001, 18.26496], [-97.14985, 18.26558]]]}}, {"id": "1649060", "type": "Feature", "properties": {"id": "1649060", "CVEGEO": "2103500010116004", "POBTOT": 63.0, "score_nse": 0.0, "NSE": "ND", "VIVTOT": 18.0, "GRAPROES": 9.83, "_ent": "21", "_mun": "035", "_loc": "0001"}, "geometry": {"type": "Polygon", "coordinates": [[[-97.14901, 18.26557], [-97.1481, 18.26555], [-97.14815, 18.26473], [-97.14906, 18.26469], [-97.14901, 18.26557]]]}}, {"id": "1649061", "type": "Feature", "properties": {"id": "1649061", "CVEGEO": "2103500010116003", "POBTOT": 31.0, "score_nse": 0.0, "NSE": "ND", "VIVTOT": 10.0, "GRAPROES": 9.8, "_ent": "21", "_mun": "035", "_loc": "0001"}, "geometry": {"type": "Polygon", "coordinates": [[[-97.14803, 18.26555], [-97.14726, 18.26555], [-97.14726, 18.26481], [-97.14808, 18.26475], [-97.14803, 18.26555]]]}}, {"id": "1649062", "type": "Feature", "properties": {"id": "1649062", "CVEGEO": "2103500010116002", "POBTOT": 11.0, "score_nse": 0.0, "NSE": "ND", "VIVTOT": 4.0, "GRAPROES": 10.0, "_ent": "21", "_mun": "035", "_loc": "0001"}, "geometry": {"type": "Polygon", "coordinates": [[[-97.14798, 18.2665], [-97.14722, 18.26646], [-97.14725, 18.26561], [-97.14801, 18.26561], [-97.14798, 18.2665]]]}}, {"id": "1649063", "type": "Feature", "properties": {"id": "1649063", "CVEGEO": "2103500010116001", "POBTOT": 29.0, "score_nse": 66.048, "NSE": "C", "VIVTOT": 8.0, "GRAPROES": 11.5, "_ent": "21", "_mun": "035", "_loc": "0001"}, "geometry": {"type": "Polygon", "coordinates": [[[-97.14899, 18.266], [-97.14809, 18.266], [-97.1481, 18.26561], [-97.149, 18.26564], [-97.14899, 18.266]]]}}, {"id": "1649064", "type": "Feature", "properties": {"id": "1649064", "CVEGEO": "2103500010101027", "POBTOT": 43.0, "score_nse": 0.0, "NSE": "ND", "VIVTOT": 14.0, "GRAPROES": 5.71, "_ent": "21", "_mun": "035", "_loc": "0001"}, "geometry": {"type": "Polygon", "coordinates": [[[-97.14663, 18.26992], [-97.14709, 18.27013], [-97.14758, 18.27006], [-97.14762, 18.27032], [-97.14697, 18.2709], [-97.14663, 18.26992]]]}}, {"id": "1649065", "type": "Feature", "properties": {"id": "1649065", "CVEGEO": "2103500010101026", "POBTOT": 7.0, "score_nse": 0.0, "NSE": "ND", "VIVTOT": 3.0, "GRAPROES": 0.0, "_ent": "21", "_mun": "035", "_loc": "0001"}, "geometry": {"type": "Polygon", "coordinates": [[[-97.15243, 18.26886], [-97.1519, 18.2693], [-97.15139, 18.2695], [-97.15144, 18.26824], [-97.15251, 18.26803], [-97.15243, 18.26886]]]}}, {"id": "1649066", "type": "Feature", "properties": {"id": "1649066", "CVEGEO": "2103500010101025", "POBTOT": 49.0, "score_nse": 52.7714, "NSE": "C-", "VIVTOT": 14.0, "GRAPROES": 10.08, "_ent": "21", "_mun": "035", "_loc": "0001"}, "geometry": {"type": "Polygon", "coordinates": [[[-97.15249, 18.26795], [-97.15144, 18.26816], [-97.15154, 18.26716], [-97.15254, 18.26724], [-97.15249, 18.26795]]]}}, {"id": "1649067", "type": "Feature", "properties": {"id": "1649067", "CVEGEO": "2103500010101024", "POBTOT": 108.0, "score_nse": 0.0, "NSE": "ND", "VIVTOT": 25.0, "GRAPROES": 8.88, "_ent": "21", "_mun": "035", "_loc": "0001"}, "geometry": {"type": "Polygon", "coordinates": [[[-97.15137, 18.26822], [-97.15132, 18.26951], [-97.15054, 18.26924], [-97.15059, 18.26813], [-97.15137, 18.26822]]]}}, {"id": "1649068", "type": "Feature", "properties": {"id": "1649068", "CVEGEO": "2103500010101023", "POBTOT": 62.0, "score_nse": 0.0, "NSE": "ND", "VIVTOT": 19.0, "GRAPROES": 9.02, "_ent": "21", "_mun": "035", "_loc": "0001"}, "geometry": {"type": "Polygon", "coordinates": [[[-97.15059, 18.26806], [-97.15069, 18.26707], [-97.15147, 18.26716], [-97.15138, 18.26814], [-97.15059, 18.26806]]]}}, {"id": "1649069", "type": "Feature", "properties": {"id": "1649069", "CVEGEO": "2103500010101020", "POBTOT": 58.0, "score_nse": 0.0, "NSE": "ND", "VIVTOT": 14.0, "GRAPROES": 12.34, "_ent": "21", "_mun": "035", "_loc": "0001"}, "geometry": {"type": "Polygon", "coordinates": [[[-97.14536, 18.26968], [-97.1448, 18.2697], [-97.14484, 18.26886], [-97.1454, 18.26871], [-97.14536, 18.26968]]]}}, {"id": "1649070", "type": "Feature", "properties": {"id": "1649070", "CVEGEO": "2103500010101009", "POBTOT": 41.0, "score_nse": 0.0, "NSE": "ND", "VIVTOT": 11.0, "GRAPROES": 12.03, "_ent": "21", "_mun": "035", "_loc": "0001"}, "geometry": {"type": "Polygon", "coordinates": [[[-97.14882, 18.26779], [-97.14799, 18.26764], [-97.14807, 18.26692], [-97.14887, 18.26698], [-97.14882, 18.26779]]]}}, {"id": "1649071", "type": "Feature", "properties": {"id": "1649071", "CVEGEO": "2103500010101008", "POBTOT": 39.0, "score_nse": 0.0, "NSE": "ND", "VIVTOT": 14.0, "GRAPROES": 11.93, "_ent": "21", "_mun": "035", "_loc": "0001"}, "geometry": {"type": "Polygon", "coordinates": [[[-97.14718, 18.26755], [-97.14722, 18.26685], [-97.14798, 18.26691], [-97.1479, 18.26759], [-97.14718, 18.26755]]]}}, {"id": "1649072", "type": "Feature", "properties": {"id": "1649072", "CVEGEO": "2103500010101007", "POBTOT": 24.0, "score_nse": 0.0, "NSE": "ND", "VIVTOT": 14.0, "GRAPROES": 9.76, "_ent": "21", "_mun": "035", "_loc": "0001"}, "geometry": {"type": "Polygon", "coordinates": [[[-97.1471, 18.26755], [-97.14636, 18.2675], [-97.1464, 18.2668], [-97.14713, 18.26685], [-97.1471, 18.26755]]]}}, {"id": "1649073", "type": "Feature", "properties": {"id": "1649073", "CVEGEO": "2103500010101006", "POBTOT": 49.0, "score_nse": 0.0, "NSE": "ND", "VIVTOT": 13.0, "GRAPROES": 11.16, "_ent": "21", "_mun": "035", "_loc": "0001"}, "geometry": {"type": "Polygon", "coordinates": [[[-97.14627, 18.26749], [-97.14552, 18.26744], [-97.14557, 18.26674], [-97.14632, 18.26679], [-97.14627, 18.26749]]]}}, {"id": "1649074", "type": "Feature", "properties": {"id": "1649074", "CVEGEO": "2103500010154017", "POBTOT": 0.0, "score_nse": 0.0, "NSE": "ND", "VIVTOT": 0.0, "GRAPROES": 0.0, "_ent": "21", "_mun": "035", "_loc": "0001"}, "geometry": {"type": "Polygon", "coordinates": [[[-97.15837, 18.26653], [-97.15804, 18.2665], [-97.15809, 18.26595], [-97.15844, 18.26598], [-97.15837, 18.26653]]]}}, {"id": "1649075", "type": "Feature", "properties": {"id": "1649075", "CVEGEO": "2103500010154016", "POBTOT": 9.0, "score_nse": 0.0, "NSE": "ND", "VIVTOT": 4.0, "GRAPROES": 11.83, "_ent": "21", "_mun": "035", "_loc": "0001"}, "geometry": {"type": "Polygon", "coordinates": [[[-97.15846, 18.26654], [-97.15853, 18.26599], [-97.15887, 18.26603], [-97.15881, 18.26657], [-97.15846, 18.26654]]]}}, {"id": "1649076", "type": "Feature", "properties": {"id": "1649076", "CVEGEO": "210350001021A033", "POBTOT": 0.0, "score_nse": 0.0, "NSE": "ND", "VIVTOT": 0.0, "GRAPROES": 0.0, "_ent": "21", "_mun": "035", "_loc": "0001"}, "geometry": {"type": "Polygon", "coordinates": [[[-97.14865, 18.26093], [-97.14789, 18.26095], [-97.14789, 18.26051], [-97.14866, 18.26051], [-97.14865, 18.26093]]]}}, {"id": "1649082", "type": "Feature", "properties": {"id": "1649082", "CVEGEO": "2103500010309011", "POBTOT": 5.0, "score_nse": 0.0, "NSE": "ND", "VIVTOT": 1.0, "GRAPROES": 0.0, "_ent": "21", "_mun": "035", "_loc": "0001"}, "geometry": {"type": "Polygon", "coordinates": [[[-97.15541, 18.27396], [-97.15636, 18.27384], [-97.15639, 18.27462], [-97.15543, 18.2748], [-97.15541, 18.27396]]]}}, {"id": "1649089", "type": "Feature", "properties": {"id": "1649089", "CVEGEO": "2103500010313001", "POBTOT": 50.0, "score_nse": 0.0, "NSE": "ND", "VIVTOT": 28.0, "GRAPROES": 7.14, "_ent": "21", "_mun": "035", "_loc": "0001"}, "geometry": {"type": "Polygon", "coordinates": [[[-97.15343, 18.27026], [-97.15387, 18.27055], [-97.1554, 18.27066], [-97.15537, 18.2714], [-97.15497, 18.27138], [-97.15467, 18.27208], [-97.15389, 18.27288], [-97.15341, 18.27363], [-97.1537, 18.27405], [-97.15325, 18.27423], [-97.15289, 18.27411], [-97.15269, 18.27304], [-97.15331, 18.2721], [-97.15415, 18.27178], [-97.15332, 18.272], [-97.1532, 18.27137], [-97.15323, 18.27212], [-97.15262, 18.27303], [-97.15283, 18.27414], [-97.1523, 18.27426], [-97.15147, 18.27283], [-97.15213, 18.27244], [-97.15219, 18.27158], [-97.15281, 18.27049], [-97.1531, 18.27024], [-97.15343, 18.27026]]]}}, {"id": "1649091", "type": "Feature", "properties": {"id": "1649091", "CVEGEO": "2103500010258003", "POBTOT": 0.0, "score_nse": 10.0, "NSE": "E", "VIVTOT": 1.0, "GRAPROES": 0.0, "_ent": "21", "_mun": "035", "_loc": "0001"}, "geometry": {"type": "Polygon", "coordinates": [[[-97.16715, 18.26833], [-97.16808, 18.26786], [-97.1678, 18.26866], [-97.16715, 18.26833]]]}}, {"id": "1649098", "type": "Feature", "properties": {"id": "1649098", "CVEGEO": "2103500010154015", "POBTOT": 0.0, "score_nse": 0.0, "NSE": "ND", "VIVTOT": 0.0, "GRAPROES": 0.0, "_ent": "21", "_mun": "035", "_loc": "0001"}, "geometry": {"type": "Polygon", "coordinates": [[[-97.15939, 18.26667], [-97.15892, 18.26662], [-97.15899, 18.26603], [-97.15945, 18.26608], [-97.15939, 18.26667]]]}}, {"id": "1649099", "type": "Feature", "properties": {"id": "1649099", "CVEGEO": "2103500010116006", "POBTOT": 0.0, "score_nse": 10.0, "NSE": "E", "VIVTOT": 1.0, "GRAPROES": 0.0, "_ent": "21", "_mun": "035", "_loc": "0001"}, "geometry": {"type": "Polygon", "coordinates": [[[-97.14907, 18.26599], [-97.14908, 18.26562], [-97.14984, 18.26563], [-97.14983, 18.26601], [-97.14907, 18.26599]]]}}, {"id": "1649100", "type": "Feature", "properties": {"id": "1649100", "CVEGEO": "210350001014A017", "POBTOT": 0.0, "score_nse": 0.0, "NSE": "ND", "VIVTOT": 0.0, "GRAPROES": 0.0, "_ent": "21", "_mun": "035", "_loc": "0001"}, "geometry": {"type": "Polygon", "coordinates": [[[-97.1568, 18.26706], [-97.15685, 18.26653], [-97.15729, 18.26656], [-97.15723, 18.26709], [-97.1568, 18.26706]]]}}, {"id": "1649158", "type": "Feature", "properties": {"id": "1649158", "CVEGEO": "2103500010309015", "POBTOT": 9.0, "score_nse": 0.0, "NSE": "ND", "VIVTOT": 2.0, "GRAPROES": 0.0, "_ent": "21", "_mun": "035", "_loc": "0001"}, "geometry": {"type": "Polygon", "coordinates": [[[-97.15737, 18.27416], [-97.15683, 18.27453], [-97.15644, 18.27459], [-97.15644, 18.27381], [-97.15737, 18.27391], [-97.15737, 18.27416]]]}}, {"id": "1649163", "type": "Feature", "properties": {"id": "1649163", "CVEGEO": "2103500010154039", "POBTOT": 15.0, "score_nse": 0.0, "NSE": "ND", "VIVTOT": 5.0, "GRAPROES": 8.46, "_ent": "21", "_mun": "035", "_loc": "0001"}, "geometry": {"type": "Polygon", "coordinates": [[[-97.15751, 18.26301], [-97.15848, 18.26314], [-97.15838, 18.26375], [-97.1573, 18.26354], [-97.15751, 18.26301]]]}}, {"id": "1649164", "type": "Feature", "properties": {"id": "1649164", "CVEGEO": "210350001014A011", "POBTOT": 11.0, "score_nse": 0.0, "NSE": "ND", "VIVTOT": 8.0, "GRAPROES": 10.43, "_ent": "21", "_mun": "035", "_loc": "0001"}, "geometry": {"type": "Polygon", "coordinates": [[[-97.1561, 18.26886], [-97.15559, 18.27059], [-97.15538, 18.27061], [-97.15369, 18.27043], [-97.15349, 18.27023], [-97.15324, 18.26941], [-97.15246, 18.26894], [-97.15348, 18.26848], [-97.15383, 18.26847], [-97.15379, 18.26885], [-97.15411, 18.26886], [-97.15389, 18.26879], [-97.15392, 18.26847], [-97.15503, 18.26852], [-97.1561, 18.26886]]]}}, {"id": "1649166", "type": "Feature", "properties": {"id": "1649166", "CVEGEO": "2103500010154053", "POBTOT": 0.0, "score_nse": 10.0, "NSE": "E", "VIVTOT": 1.0, "GRAPROES": 0.0, "_ent": "21", "_mun": "035", "_loc": "0001"}, "geometry": {"type": "Polygon", "coordinates": [[[-97.15853, 18.26315], [-97.1592, 18.26324], [-97.15911, 18.2638], [-97.15843, 18.26376], [-97.15853, 18.26315]]]}}, {"id": "1649167", "type": "Feature", "properties": {"id": "1649167", "CVEGEO": "210350001014A021", "POBTOT": 14.0, "score_nse": 0.0, "NSE": "ND", "VIVTOT": 4.0, "GRAPROES": 8.09, "_ent": "21", "_mun": "035", "_loc": "0001"}, "geometry": {"type": "Polygon", "coordinates": [[[-97.15639, 18.27053], [-97.15567, 18.27058], [-97.15617, 18.2689], [-97.15641, 18.26902], [-97.15639, 18.27053]]]}}, {"id": "1649170", "type": "Feature", "properties": {"id": "1649170", "CVEGEO": "210350001021A011", "POBTOT": 41.0, "score_nse": 0.0, "NSE": "ND", "VIVTOT": 10.0, "GRAPROES": 6.91, "_ent": "21", "_mun": "035", "_loc": "0001"}, "geometry": {"type": "Polygon", "coordinates": [[[-97.15128, 18.26233], [-97.15064, 18.26241], [-97.14989, 18.26308], [-97.14981, 18.26226], [-97.15109, 18.26217], [-97.15128, 18.26233]]]}}, {"id": "1649171", "type": "Feature", "properties": {"id": "1649171", "CVEGEO": "210350001014A030", "POBTOT": 22.0, "score_nse": 0.0, "NSE": "ND", "VIVTOT": 7.0, "GRAPROES": 6.13, "_ent": "21", "_mun": "035", "_loc": "0001"}, "geometry": {"type": "Polygon", "coordinates": [[[-97.16192, 18.27072], [-97.16114, 18.2708], [-97.16088, 18.27072], [-97.16086, 18.27045], [-97.16153, 18.2704], [-97.16161, 18.27069], [-97.16159, 18.27038], [-97.16192, 18.27072]]]}}, {"id": "1649172", "type": "Feature", "properties": {"id": "1649172", "CVEGEO": "210350001014A023", "POBTOT": 87.0, "score_nse": 0.0, "NSE": "ND", "VIVTOT": 26.0, "GRAPROES": 9.15, "_ent": "21", "_mun": "035", "_loc": "0001"}, "geometry": {"type": "Polygon", "coordinates": [[[-97.1651, 18.26964], [-97.16113, 18.26947], [-97.16114, 18.26923], [-97.16162, 18.26916], [-97.16108, 18.26917], [-97.16107, 18.26947], [-97.16075, 18.26945], [-97.16066, 18.2679], [-97.16271, 18.26816], [-97.16251, 18.26876], [-97.16261, 18.26879], [-97.16281, 18.2682], [-97.1651, 18.26964]]]}}, {"id": "1649177", "type": "Feature", "properties": {"id": "1649177", "CVEGEO": "2103500010224018", "POBTOT": 10.0, "score_nse": 0.0, "NSE": "ND", "VIVTOT": 6.0, "GRAPROES": 5.1, "_ent": "21", "_mun": "035", "_loc": "0001"}, "geometry": {"type": "Polygon", "coordinates": [[[-97.13624, 18.26275], [-97.13641, 18.26202], [-97.13735, 18.26201], [-97.13771, 18.26227], [-97.13865, 18.26246], [-97.13896, 18.26236], [-97.13915, 18.262], [-97.14008, 18.26238], [-97.13929, 18.26236], [-97.13879, 18.26263], [-97.13743, 18.26232], [-97.13688, 18.26271], [-97.13624, 18.26275]]]}}]}