{"type": "FeatureCollection", "features": [{"id": "1615694", "type": "Feature", "properties": {"id": "1615694", "CVEGEO": "204130001039A005", "POBTOT": 11.0, "score_nse": 0.0, "NSE": "ND", "VIVTOT": 3.0, "GRAPROES": 10.7, "_ent": "20", "_mun": "413", "_loc": "0001"}, "geometry": {"type": "Polygon", "coordinates": [[[-96.32287, 15.82539], [-96.32274, 15.82535], [-96.32269, 15.82488], [-96.32365, 15.8247], [-96.32348, 15.82506], [-96.32316, 15.82524], [-96.32279, 15.82603], [-96.32274, 15.82541], [-96.32287, 15.82539]]]}}, {"id": "1615695", "type": "Feature", "properties": {"id": "1615695", "CVEGEO": "2041300010224061", "POBTOT": 13.0, "score_nse": 0.0, "NSE": "ND", "VIVTOT": 3.0, "GRAPROES": 9.3, "_ent": "20", "_mun": "413", "_loc": "0001"}, "geometry": {"type": "Polygon", "coordinates": [[[-96.31536, 15.83541], [-96.31491, 15.83468], [-96.31555, 15.83469], [-96.31536, 15.83541]]]}}, {"id": "1615696", "type": "Feature", "properties": {"id": "1615696", "CVEGEO": "2041300010224060", "POBTOT": 23.0, "score_nse": 0.0, "NSE": "ND", "VIVTOT": 7.0, "GRAPROES": 6.7, "_ent": "20", "_mun": "413", "_loc": "0001"}, "geometry": {"type": "Polygon", "coordinates": [[[-96.31271, 15.82945], [-96.31318, 15.82899], [-96.31393, 15.82931], [-96.31303, 15.82994], [-96.31271, 15.82945]]]}}, {"id": "1615702", "type": "Feature", "properties": {"id": "1615702", "CVEGEO": "2041300010421001", "POBTOT": 71.0, "score_nse": 47.8698, "NSE": "C-", "VIVTOT": 26.0, "GRAPROES": 8.2, "_ent": "20", "_mun": "413", "_loc": "0001"}, "geometry": {"type": "Polygon", "coordinates": [[[-96.3175, 15.8244], [-96.31806, 15.82403], [-96.31827, 15.82448], [-96.31757, 15.8248], [-96.31637, 15.82463], [-96.31644, 15.82414], [-96.31759, 15.82431], [-96.3175, 15.8244]]]}}, {"id": "1615703", "type": "Feature", "properties": {"id": "1615703", "CVEGEO": "2041300010224016", "POBTOT": 78.0, "score_nse": 0.0, "NSE": "ND", "VIVTOT": 24.0, "GRAPROES": 8.8, "_ent": "20", "_mun": "413", "_loc": "0001"}, "geometry": {"type": "Polygon", "coordinates": [[[-96.31525, 15.83016], [-96.3154, 15.83039], [-96.31499, 15.8306], [-96.31482, 15.83075], [-96.31542, 15.83043], [-96.31576, 15.83094], [-96.31588, 15.83151], [-96.31484, 15.83197], [-96.31452, 15.83159], [-96.31484, 15.83136], [-96.31489, 15.83106], [-96.31461, 15.83064], [-96.31466, 15.83025], [-96.31432, 15.82936], [-96.31476, 15.8293], [-96.31523, 15.83012], [-96.31508, 15.83023], [-96.31525, 15.83016]]]}}, {"id": "1615704", "type": "Feature", "properties": {"id": "1615704", "CVEGEO": "204130001007A067", "POBTOT": 7.0, "score_nse": 0.0, "NSE": "ND", "VIVTOT": 3.0, "GRAPROES": 10.17, "_ent": "20", "_mun": "413", "_loc": "0001"}, "geometry": {"type": "Polygon", "coordinates": [[[-96.31815, 15.8274], [-96.31767, 15.82697], [-96.31817, 15.82708], [-96.31815, 15.8274]]]}}, {"id": "1615705", "type": "Feature", "properties": {"id": "1615705", "CVEGEO": "204130001007A066", "POBTOT": 33.0, "score_nse": 57.6385, "NSE": "C", "VIVTOT": 13.0, "GRAPROES": 10.15, "_ent": "20", "_mun": "413", "_loc": "0001"}, "geometry": {"type": "Polygon", "coordinates": [[[-96.31873, 15.82903], [-96.31868, 15.82809], [-96.31817, 15.82808], [-96.3182, 15.82751], [-96.31837, 15.82778], [-96.31919, 15.82833], [-96.31923, 15.82905], [-96.31873, 15.82903]]]}}, {"id": "1615706", "type": "Feature", "properties": {"id": "1615706", "CVEGEO": "204130001007A065", "POBTOT": 10.0, "score_nse": 0.0, "NSE": "ND", "VIVTOT": 3.0, "GRAPROES": 4.6, "_ent": "20", "_mun": "413", "_loc": "0001"}, "geometry": {"type": "Polygon", "coordinates": [[[-96.31928, 15.82905], [-96.31925, 15.82837], [-96.31976, 15.82847], [-96.31977, 15.82906], [-96.31928, 15.82905]]]}}, {"id": "1615707", "type": "Feature", "properties": {"id": "1615707", "CVEGEO": "204130001007A063", "POBTOT": 22.0, "score_nse": 0.0, "NSE": "ND", "VIVTOT": 11.0, "GRAPROES": 9.29, "_ent": "20", "_mun": "413", "_loc": "0001"}, "geometry": {"type": "Polygon", "coordinates": [[[-96.32031, 15.83462], [-96.32087, 15.83473], [-96.32074, 15.83514], [-96.32018, 15.83506], [-96.32031, 15.83462]]]}}, {"id": "1615719", "type": "Feature", "properties": {"id": "1615719", "CVEGEO": "2041300010224054", "POBTOT": 74.0, "score_nse": 0.0, "NSE": "ND", "VIVTOT": 21.0, "GRAPROES": 7.22, "_ent": "20", "_mun": "413", "_loc": "0001"}, "geometry": {"type": "Polygon", "coordinates": [[[-96.31605, 15.83117], [-96.31588, 15.83118], [-96.31584, 15.831], [-96.3162, 15.83086], [-96.31584, 15.83096], [-96.31536, 15.8302], [-96.3166, 15.83024], [-96.31705, 15.8314], [-96.31595, 15.8315], [-96.31589, 15.83124], [-96.31605, 15.83117]]]}}, {"id": "1615720", "type": "Feature", "properties": {"id": "1615720", "CVEGEO": "204130001039A007", "POBTOT": 11.0, "score_nse": 0.0, "NSE": "ND", "VIVTOT": 5.0, "GRAPROES": 8.86, "_ent": "20", "_mun": "413", "_loc": "0001"}, "geometry": {"type": "Polygon", "coordinates": [[[-96.32262, 15.8238], [-96.32345, 15.82367], [-96.32363, 15.82317], [-96.32397, 15.82433], [-96.32373, 15.82462], [-96.32328, 15.82423], [-96.32266, 15.82425], [-96.32262, 15.8238]]]}}, {"id": "1615721", "type": "Feature", "properties": {"id": "1615721", "CVEGEO": "2041300010224066", "POBTOT": 14.0, "score_nse": 59.0366, "NSE": "C", "VIVTOT": 7.0, "GRAPROES": 9.77, "_ent": "20", "_mun": "413", "_loc": "0001"}, "geometry": {"type": "Polygon", "coordinates": [[[-96.31645, 15.8263], [-96.31733, 15.82616], [-96.31776, 15.82627], [-96.31759, 15.82698], [-96.31727, 15.82674], [-96.31669, 15.82665], [-96.31645, 15.8263]]]}}, {"id": "1615722", "type": "Feature", "properties": {"id": "1615722", "CVEGEO": "2041300010224065", "POBTOT": 6.0, "score_nse": 0.0, "NSE": "ND", "VIVTOT": 2.0, "GRAPROES": 0.0, "_ent": "20", "_mun": "413", "_loc": "0001"}, "geometry": {"type": "Polygon", "coordinates": [[[-96.31587, 15.82648], [-96.3164, 15.82633], [-96.31665, 15.82662], [-96.31624, 15.82668], [-96.31587, 15.82648]]]}}, {"id": "1615736", "type": "Feature", "properties": {"id": "1615736", "CVEGEO": "2041300010224070", "POBTOT": 32.0, "score_nse": 0.0, "NSE": "ND", "VIVTOT": 10.0, "GRAPROES": 8.08, "_ent": "20", "_mun": "413", "_loc": "0001"}, "geometry": {"type": "Polygon", "coordinates": [[[-96.31775, 15.84008], [-96.31747, 15.84025], [-96.31704, 15.83991], [-96.3174, 15.83932], [-96.31779, 15.83933], [-96.31859, 15.83974], [-96.31834, 15.84014], [-96.31776, 15.84057], [-96.31751, 15.84029], [-96.31775, 15.84008]]]}}, {"id": "1615737", "type": "Feature", "properties": {"id": "1615737", "CVEGEO": "2041300010224062", "POBTOT": 89.0, "score_nse": 0.0, "NSE": "ND", "VIVTOT": 24.0, "GRAPROES": 7.68, "_ent": "20", "_mun": "413", "_loc": "0001"}, "geometry": {"type": "Polygon", "coordinates": [[[-96.31589, 15.83587], [-96.31599, 15.83599], [-96.31585, 15.83626], [-96.3154, 15.83601], [-96.31542, 15.83551], [-96.31575, 15.83593], [-96.3154, 15.83544], [-96.31559, 15.8347], [-96.3158, 15.83472], [-96.31576, 15.83497], [-96.31583, 15.83473], [-96.31639, 15.83482], [-96.31631, 15.83514], [-96.31604, 15.83508], [-96.3163, 15.83517], [-96.31624, 15.83538], [-96.31596, 15.83529], [-96.31623, 15.83541], [-96.31616, 15.83565], [-96.31576, 15.83549], [-96.31615, 15.83568], [-96.31601, 15.83596], [-96.31589, 15.83587]]]}}, {"id": "1615738", "type": "Feature", "properties": {"id": "1615738", "CVEGEO": "2041300010440003", "POBTOT": 2.0, "score_nse": 0.0, "NSE": "ND", "VIVTOT": 1.0, "GRAPROES": 0.0, "_ent": "20", "_mun": "413", "_loc": "0001"}, "geometry": {"type": "Polygon", "coordinates": [[[-96.31108, 15.83287], [-96.31076, 15.83371], [-96.3101, 15.83357], [-96.30993, 15.83288], [-96.31108, 15.83287]]]}}, {"id": "1615739", "type": "Feature", "properties": {"id": "1615739", "CVEGEO": "2041300010440002", "POBTOT": 8.0, "score_nse": 0.0, "NSE": "ND", "VIVTOT": 1.0, "GRAPROES": 0.0, "_ent": "20", "_mun": "413", "_loc": "0001"}, "geometry": {"type": "Polygon", "coordinates": [[[-96.30999, 15.83418], [-96.3101, 15.83361], [-96.31074, 15.83374], [-96.30999, 15.83418]]]}}, {"id": "1615740", "type": "Feature", "properties": {"id": "1615740", "CVEGEO": "204130001039A006", "POBTOT": 19.0, "score_nse": 0.0, "NSE": "ND", "VIVTOT": 20.0, "GRAPROES": 10.35, "_ent": "20", "_mun": "413", "_loc": "0001"}, "geometry": {"type": "Polygon", "coordinates": [[[-96.3217, 15.82548], [-96.32269, 15.82541], [-96.32273, 15.82604], [-96.32175, 15.82613], [-96.3217, 15.82548]]]}}, {"id": "1615741", "type": "Feature", "properties": {"id": "1615741", "CVEGEO": "2041300010224018", "POBTOT": 36.0, "score_nse": 0.0, "NSE": "ND", "VIVTOT": 11.0, "GRAPROES": 5.54, "_ent": "20", "_mun": "413", "_loc": "0001"}, "geometry": {"type": "Polygon", "coordinates": [[[-96.31517, 15.83462], [-96.31513, 15.83368], [-96.31566, 15.83395], [-96.31574, 15.83421], [-96.31533, 15.83395], [-96.31572, 15.83425], [-96.31556, 15.83464], [-96.31517, 15.83462]]]}}, {"id": "1615742", "type": "Feature", "properties": {"id": "1615742", "CVEGEO": "204130001021A026", "POBTOT": 52.0, "score_nse": 0.0, "NSE": "ND", "VIVTOT": 11.0, "GRAPROES": 6.78, "_ent": "20", "_mun": "413", "_loc": "0001"}, "geometry": {"type": "Polygon", "coordinates": [[[-96.32595, 15.83368], [-96.32676, 15.83378], [-96.32675, 15.834], [-96.32593, 15.83397], [-96.32595, 15.83368]]]}}, {"id": "1615743", "type": "Feature", "properties": {"id": "1615743", "CVEGEO": "2041300010224064", "POBTOT": 39.0, "score_nse": 0.0, "NSE": "ND", "VIVTOT": 9.0, "GRAPROES": 7.38, "_ent": "20", "_mun": "413", "_loc": "0001"}, "geometry": {"type": "Polygon", "coordinates": [[[-96.31187, 15.82931], [-96.31188, 15.82878], [-96.31243, 15.82886], [-96.31268, 15.82956], [-96.31239, 15.82959], [-96.31187, 15.82931]]]}}, {"id": "1615754", "type": "Feature", "properties": {"id": "1615754", "CVEGEO": "2041300010224051", "POBTOT": 7.0, "score_nse": 0.0, "NSE": "ND", "VIVTOT": 2.0, "GRAPROES": 0.0, "_ent": "20", "_mun": "413", "_loc": "0001"}, "geometry": {"type": "Polygon", "coordinates": [[[-96.31379, 15.8327], [-96.31421, 15.83266], [-96.31424, 15.83331], [-96.31462, 15.83364], [-96.31382, 15.83342], [-96.31379, 15.8327]]]}}, {"id": "1615755", "type": "Feature", "properties": {"id": "1615755", "CVEGEO": "2041300010224056", "POBTOT": 94.0, "score_nse": 0.0, "NSE": "ND", "VIVTOT": 32.0, "GRAPROES": 7.97, "_ent": "20", "_mun": "413", "_loc": "0001"}, "geometry": {"type": "Polygon", "coordinates": [[[-96.31756, 15.8344], [-96.31763, 15.8343], [-96.31785, 15.83441], [-96.31797, 15.83468], [-96.31761, 15.83486], [-96.31726, 15.83549], [-96.31675, 15.8345], [-96.31694, 15.8345], [-96.31713, 15.83384], [-96.31756, 15.8344]]]}}, {"id": "1615756", "type": "Feature", "properties": {"id": "1615756", "CVEGEO": "2041300010224053", "POBTOT": 92.0, "score_nse": 39.7974, "NSE": "D+", "VIVTOT": 37.0, "GRAPROES": 6.81, "_ent": "20", "_mun": "413", "_loc": "0001"}, "geometry": {"type": "Polygon", "coordinates": [[[-96.31337, 15.82838], [-96.31334, 15.82826], [-96.31407, 15.82804], [-96.31391, 15.82803], [-96.31292, 15.82667], [-96.3133, 15.82632], [-96.31405, 15.82626], [-96.31428, 15.82632], [-96.31439, 15.82656], [-96.31433, 15.82634], [-96.31598, 15.82658], [-96.31529, 15.82658], [-96.31495, 15.82715], [-96.31437, 15.82705], [-96.31427, 15.82696], [-96.31346, 15.8266], [-96.31389, 15.82688], [-96.31438, 15.82708], [-96.3145, 15.82709], [-96.314, 15.82732], [-96.31423, 15.82759], [-96.31406, 15.82732], [-96.31461, 15.82709], [-96.31488, 15.82718], [-96.31489, 15.8276], [-96.31427, 15.82909], [-96.31401, 15.82906], [-96.3139, 15.82888], [-96.31368, 15.82868], [-96.31325, 15.82848], [-96.31401, 15.82909], [-96.31394, 15.82921], [-96.31358, 15.82912], [-96.31278, 15.82844], [-96.31328, 15.82828], [-96.31337, 15.82838]]]}}, {"id": "1615760", "type": "Feature", "properties": {"id": "1615760", "CVEGEO": "2041300010421003", "POBTOT": 6.0, "score_nse": 0.0, "NSE": "ND", "VIVTOT": 2.0, "GRAPROES": 0.0, "_ent": "20", "_mun": "413", "_loc": "0001"}, "geometry": {"type": "Polygon", "coordinates": [[[-96.31606, 15.82374], [-96.3163, 15.82405], [-96.31577, 15.824], [-96.31606, 15.82374]]]}}, {"id": "1615761", "type": "Feature", "properties": {"id": "1615761", "CVEGEO": "2041300010281018", "POBTOT": 9.0, "score_nse": 0.0, "NSE": "ND", "VIVTOT": 3.0, "GRAPROES": 7.75, "_ent": "20", "_mun": "413", "_loc": "0001"}, "geometry": {"type": "Polygon", "coordinates": [[[-96.32032, 15.82338], [-96.32025, 15.82291], [-96.32047, 15.82288], [-96.3207, 15.82335], [-96.32032, 15.82338]]]}}, {"id": "1615762", "type": "Feature", "properties": {"id": "1615762", "CVEGEO": "2041300010281016", "POBTOT": 4.0, "score_nse": 0.0, "NSE": "ND", "VIVTOT": 1.0, "GRAPROES": 0.0, "_ent": "20", "_mun": "413", "_loc": "0001"}, "geometry": {"type": "Polygon", "coordinates": [[[-96.32036, 15.82397], [-96.32083, 15.82393], [-96.32049, 15.82446], [-96.32041, 15.82447], [-96.32036, 15.82397]]]}}, {"id": "1615763", "type": "Feature", "properties": {"id": "1615763", "CVEGEO": "2041300010224047", "POBTOT": 19.0, "score_nse": 0.0, "NSE": "ND", "VIVTOT": 6.0, "GRAPROES": 8.53, "_ent": "20", "_mun": "413", "_loc": "0001"}, "geometry": {"type": "Polygon", "coordinates": [[[-96.31488, 15.83202], [-96.3159, 15.83157], [-96.31618, 15.83244], [-96.31541, 15.83267], [-96.31488, 15.83202]]]}}, {"id": "1615764", "type": "Feature", "properties": {"id": "1615764", "CVEGEO": "2041300010224046", "POBTOT": 21.0, "score_nse": 0.0, "NSE": "ND", "VIVTOT": 6.0, "GRAPROES": 4.75, "_ent": "20", "_mun": "413", "_loc": "0001"}, "geometry": {"type": "Polygon", "coordinates": [[[-96.31543, 15.8327], [-96.31618, 15.83248], [-96.31638, 15.83337], [-96.31581, 15.83315], [-96.31543, 15.8327]]]}}, {"id": "1615765", "type": "Feature", "properties": {"id": "1615765", "CVEGEO": "2041300010224027", "POBTOT": 75.0, "score_nse": 0.0, "NSE": "ND", "VIVTOT": 22.0, "GRAPROES": 6.86, "_ent": "20", "_mun": "413", "_loc": "0001"}, "geometry": {"type": "Polygon", "coordinates": [[[-96.31382, 15.83348], [-96.31468, 15.8337], [-96.31487, 15.83463], [-96.31423, 15.8347], [-96.31392, 15.83454], [-96.31382, 15.83348]]]}}, {"id": "1615768", "type": "Feature", "properties": {"id": "1615768", "CVEGEO": "2041300010440001", "POBTOT": 21.0, "score_nse": 0.0, "NSE": "ND", "VIVTOT": 5.0, "GRAPROES": 8.31, "_ent": "20", "_mun": "413", "_loc": "0001"}, "geometry": {"type": "Polygon", "coordinates": [[[-96.30955, 15.83562], [-96.30998, 15.83428], [-96.31027, 15.83399], [-96.31068, 15.83394], [-96.31091, 15.83351], [-96.31108, 15.83358], [-96.31094, 15.83346], [-96.31109, 15.83316], [-96.31143, 15.83334], [-96.31167, 15.83405], [-96.31277, 15.83465], [-96.31235, 15.83543], [-96.31193, 15.83571], [-96.31117, 15.83579], [-96.31088, 15.83562], [-96.31045, 15.83581], [-96.30955, 15.83562]]]}}, {"id": "1615772", "type": "Feature", "properties": {"id": "1615772", "CVEGEO": "2041300010224039", "POBTOT": 40.0, "score_nse": 0.0, "NSE": "ND", "VIVTOT": 9.0, "GRAPROES": 8.04, "_ent": "20", "_mun": "413", "_loc": "0001"}, "geometry": {"type": "Polygon", "coordinates": [[[-96.315, 15.83365], [-96.31437, 15.8334], [-96.31428, 15.83265], [-96.31498, 15.83279], [-96.315, 15.83365]]]}}, {"id": "1615773", "type": "Feature", "properties": {"id": "1615773", "CVEGEO": "2041300010436004", "POBTOT": 19.0, "score_nse": 0.0, "NSE": "ND", "VIVTOT": 8.0, "GRAPROES": 7.09, "_ent": "20", "_mun": "413", "_loc": "0001"}, "geometry": {"type": "Polygon", "coordinates": [[[-96.32139, 15.82121], [-96.32191, 15.82085], [-96.32213, 15.82159], [-96.32135, 15.82166], [-96.32139, 15.82121]]]}}, {"id": "1615774", "type": "Feature", "properties": {"id": "1615774", "CVEGEO": "2041300010436003", "POBTOT": 39.0, "score_nse": 0.0, "NSE": "ND", "VIVTOT": 10.0, "GRAPROES": 9.67, "_ent": "20", "_mun": "413", "_loc": "0001"}, "geometry": {"type": "Polygon", "coordinates": [[[-96.32136, 15.82224], [-96.3224, 15.82218], [-96.32248, 15.82266], [-96.32142, 15.82274], [-96.32136, 15.82224]]]}}, {"id": "1615780", "type": "Feature", "properties": {"id": "1615780", "CVEGEO": "2041300010436001", "POBTOT": 78.0, "score_nse": 0.0, "NSE": "ND", "VIVTOT": 31.0, "GRAPROES": 9.84, "_ent": "20", "_mun": "413", "_loc": "0001"}, "geometry": {"type": "Polygon", "coordinates": [[[-96.32259, 15.82321], [-96.32253, 15.82271], [-96.32323, 15.82271], [-96.32299, 15.82258], [-96.32253, 15.82266], [-96.32242, 15.82213], [-96.32136, 15.82219], [-96.32135, 15.82171], [-96.32206, 15.82163], [-96.3224, 15.82176], [-96.32291, 15.82159], [-96.32339, 15.82117], [-96.32353, 15.82163], [-96.32341, 15.82198], [-96.32378, 15.82268], [-96.32328, 15.82293], [-96.32284, 15.82283], [-96.3226, 15.823], [-96.32327, 15.82297], [-96.32359, 15.82287], [-96.32346, 15.82359], [-96.32153, 15.82382], [-96.32148, 15.82333], [-96.32259, 15.82321]]]}}, {"id": "1615781", "type": "Feature", "properties": {"id": "1615781", "CVEGEO": "2041300010224069", "POBTOT": 3.0, "score_nse": 0.0, "NSE": "ND", "VIVTOT": 2.0, "GRAPROES": 0.0, "_ent": "20", "_mun": "413", "_loc": "0001"}, "geometry": {"type": "Polygon", "coordinates": [[[-96.3165, 15.83935], [-96.3171, 15.83941], [-96.31735, 15.83933], [-96.317, 15.83989], [-96.3165, 15.83935]]]}}, {"id": "1615782", "type": "Feature", "properties": {"id": "1615782", "CVEGEO": "2041300010224068", "POBTOT": 18.0, "score_nse": 0.0, "NSE": "ND", "VIVTOT": 6.0, "GRAPROES": 5.53, "_ent": "20", "_mun": "413", "_loc": "0001"}, "geometry": {"type": "Polygon", "coordinates": [[[-96.31571, 15.83822], [-96.31574, 15.83766], [-96.31616, 15.8379], [-96.31595, 15.83854], [-96.31571, 15.83822]]]}}, {"id": "1615783", "type": "Feature", "properties": {"id": "1615783", "CVEGEO": "2041300010224067", "POBTOT": 75.0, "score_nse": 0.0, "NSE": "ND", "VIVTOT": 24.0, "GRAPROES": 7.49, "_ent": "20", "_mun": "413", "_loc": "0001"}, "geometry": {"type": "Polygon", "coordinates": [[[-96.31597, 15.83857], [-96.31617, 15.83834], [-96.31635, 15.83851], [-96.31623, 15.83832], [-96.31614, 15.83832], [-96.31615, 15.83803], [-96.31619, 15.83792], [-96.31641, 15.83804], [-96.31574, 15.83762], [-96.31577, 15.83747], [-96.31639, 15.83774], [-96.31677, 15.83843], [-96.31776, 15.83886], [-96.31789, 15.83922], [-96.31648, 15.83933], [-96.31597, 15.83857]]]}}, {"id": "1615784", "type": "Feature", "properties": {"id": "1615784", "CVEGEO": "2041300010224048", "POBTOT": 0.0, "score_nse": 0.0, "NSE": "ND", "VIVTOT": 0.0, "GRAPROES": 0.0, "_ent": "20", "_mun": "413", "_loc": "0001"}, "geometry": {"type": "Polygon", "coordinates": [[[-96.31336, 15.83029], [-96.31344, 15.82976], [-96.314, 15.82929], [-96.31428, 15.82943], [-96.31463, 15.83028], [-96.31454, 15.83059], [-96.31482, 15.831], [-96.31478, 15.83138], [-96.31449, 15.83157], [-96.31336, 15.83029]]]}}, {"id": "1615785", "type": "Feature", "properties": {"id": "1615785", "CVEGEO": "204130001021A004", "POBTOT": 111.0, "score_nse": 43.7304, "NSE": "C-", "VIVTOT": 34.0, "GRAPROES": 9.14, "_ent": "20", "_mun": "413", "_loc": "0001"}, "geometry": {"type": "Polygon", "coordinates": [[[-96.32817, 15.83199], [-96.32709, 15.83302], [-96.32726, 15.83295], [-96.32733, 15.83308], [-96.32609, 15.83281], [-96.32612, 15.83252], [-96.32604, 15.8328], [-96.32489, 15.83255], [-96.32491, 15.83203], [-96.32629, 15.83188], [-96.32648, 15.83256], [-96.32634, 15.83187], [-96.32747, 15.83154], [-96.32797, 15.83159], [-96.32817, 15.83199]]]}}, {"id": "1615786", "type": "Feature", "properties": {"id": "1615786", "CVEGEO": "204130001007A059", "POBTOT": 45.0, "score_nse": 60.7493, "NSE": "C", "VIVTOT": 15.0, "GRAPROES": 10.4, "_ent": "20", "_mun": "413", "_loc": "0001"}, "geometry": {"type": "Polygon", "coordinates": [[[-96.32, 15.8357], [-96.32041, 15.83581], [-96.32046, 15.83605], [-96.32007, 15.83671], [-96.3197, 15.83673], [-96.32, 15.8357]]]}}, {"id": "1615787", "type": "Feature", "properties": {"id": "1615787", "CVEGEO": "204130001021A024", "POBTOT": 15.0, "score_nse": 0.0, "NSE": "ND", "VIVTOT": 5.0, "GRAPROES": 9.08, "_ent": "20", "_mun": "413", "_loc": "0001"}, "geometry": {"type": "Polygon", "coordinates": [[[-96.32472, 15.82927], [-96.32546, 15.82879], [-96.32561, 15.82845], [-96.32597, 15.82838], [-96.32664, 15.82885], [-96.32681, 15.82923], [-96.32472, 15.82927]]]}}, {"id": "1615788", "type": "Feature", "properties": {"id": "1615788", "CVEGEO": "204130001007A061", "POBTOT": 27.0, "score_nse": 0.0, "NSE": "ND", "VIVTOT": 10.0, "GRAPROES": 7.05, "_ent": "20", "_mun": "413", "_loc": "0001"}, "geometry": {"type": "Polygon", "coordinates": [[[-96.32387, 15.83457], [-96.3248, 15.83473], [-96.3248, 15.83477], [-96.32426, 15.83514], [-96.32385, 15.83498], [-96.32387, 15.83457]]]}}, {"id": "1615795", "type": "Feature", "properties": {"id": "1615795", "CVEGEO": "2041300010436002", "POBTOT": 26.0, "score_nse": 54.0255, "NSE": "C-", "VIVTOT": 13.0, "GRAPROES": 10.36, "_ent": "20", "_mun": "413", "_loc": "0001"}, "geometry": {"type": "Polygon", "coordinates": [[[-96.32144, 15.82285], [-96.32248, 15.8227], [-96.32253, 15.82316], [-96.32148, 15.82328], [-96.32144, 15.82285]]]}}, {"id": "1615796", "type": "Feature", "properties": {"id": "1615796", "CVEGEO": "2041300010224059", "POBTOT": 36.0, "score_nse": 37.7622, "NSE": "D+", "VIVTOT": 9.0, "GRAPROES": 7.17, "_ent": "20", "_mun": "413", "_loc": "0001"}, "geometry": {"type": "Polygon", "coordinates": [[[-96.31504, 15.83284], [-96.31607, 15.83336], [-96.31578, 15.83413], [-96.31547, 15.83377], [-96.31506, 15.83367], [-96.31504, 15.83284]]]}}, {"id": "1615797", "type": "Feature", "properties": {"id": "1615797", "CVEGEO": "2041300010224058", "POBTOT": 18.0, "score_nse": 0.0, "NSE": "ND", "VIVTOT": 8.0, "GRAPROES": 4.85, "_ent": "20", "_mun": "413", "_loc": "0001"}, "geometry": {"type": "Polygon", "coordinates": [[[-96.31491, 15.83417], [-96.31472, 15.8337], [-96.31499, 15.83374], [-96.31511, 15.83462], [-96.3149, 15.83462], [-96.31491, 15.83417]]]}}, {"id": "1615798", "type": "Feature", "properties": {"id": "1615798", "CVEGEO": "2041300010224057", "POBTOT": 51.0, "score_nse": 0.0, "NSE": "ND", "VIVTOT": 13.0, "GRAPROES": 9.33, "_ent": "20", "_mun": "413", "_loc": "0001"}, "geometry": {"type": "Polygon", "coordinates": [[[-96.31634, 15.83524], [-96.31701, 15.83505], [-96.31723, 15.83551], [-96.31648, 15.83572], [-96.31631, 15.83613], [-96.31613, 15.83589], [-96.31625, 15.83556], [-96.31656, 15.83562], [-96.31686, 15.83545], [-96.31626, 15.83552], [-96.31634, 15.83524]]]}}, {"id": "1615799", "type": "Feature", "properties": {"id": "1615799", "CVEGEO": "204130001021A023", "POBTOT": 0.0, "score_nse": 0.0, "NSE": "ND", "VIVTOT": 0.0, "GRAPROES": 0.0, "_ent": "20", "_mun": "413", "_loc": "0001"}, "geometry": {"type": "Polygon", "coordinates": [[[-96.3222, 15.82796], [-96.32234, 15.82746], [-96.32242, 15.82624], [-96.32383, 15.82598], [-96.32379, 15.82655], [-96.32317, 15.82653], [-96.32308, 15.82669], [-96.32322, 15.82708], [-96.32308, 15.82725], [-96.32311, 15.82802], [-96.32311, 15.82729], [-96.32325, 15.82708], [-96.32312, 15.82662], [-96.32378, 15.82664], [-96.32364, 15.82919], [-96.32087, 15.82908], [-96.32095, 15.82767], [-96.32068, 15.82643], [-96.3209, 15.82629], [-96.32249, 15.82613], [-96.32235, 15.82633], [-96.32218, 15.82792], [-96.32186, 15.82821], [-96.3216, 15.82908], [-96.32176, 15.82896], [-96.3219, 15.8282], [-96.3222, 15.82796]]]}}, {"id": "1615804", "type": "Feature", "properties": {"id": "1615804", "CVEGEO": "204130001007A062", "POBTOT": 61.0, "score_nse": 0.0, "NSE": "ND", "VIVTOT": 24.0, "GRAPROES": 6.56, "_ent": "20", "_mun": "413", "_loc": "0001"}, "geometry": {"type": "Polygon", "coordinates": [[[-96.32536, 15.83523], [-96.32484, 15.83486], [-96.32487, 15.83474], [-96.32583, 15.8349], [-96.32579, 15.83543], [-96.32597, 15.83551], [-96.32619, 15.83611], [-96.3258, 15.83606], [-96.32555, 15.83584], [-96.32536, 15.83523]]]}}, {"id": "1615805", "type": "Feature", "properties": {"id": "1615805", "CVEGEO": "2041300010421002", "POBTOT": 46.0, "score_nse": 0.0, "NSE": "ND", "VIVTOT": 13.0, "GRAPROES": 7.97, "_ent": "20", "_mun": "413", "_loc": "0001"}, "geometry": {"type": "Polygon", "coordinates": [[[-96.31487, 15.82438], [-96.31489, 15.82403], [-96.31639, 15.82413], [-96.31632, 15.82462], [-96.31487, 15.82438]]]}}, {"id": "1615915", "type": "Feature", "properties": {"id": "1615915", "CVEGEO": "2041300010455013", "POBTOT": 5.0, "score_nse": 0.0, "NSE": "ND", "VIVTOT": 2.0, "GRAPROES": 0.0, "_ent": "20", "_mun": "413", "_loc": "0001"}, "geometry": {"type": "Polygon", "coordinates": [[[-96.31473, 15.84866], [-96.31523, 15.84796], [-96.31592, 15.84801], [-96.31597, 15.84864], [-96.31572, 15.84958], [-96.31443, 15.84905], [-96.31471, 15.84868], [-96.31548, 15.8489], [-96.31473, 15.84866]]]}}, {"id": "1615916", "type": "Feature", "properties": {"id": "1615916", "CVEGEO": "2041300010455003", "POBTOT": 87.0, "score_nse": 0.0, "NSE": "ND", "VIVTOT": 25.0, "GRAPROES": 7.95, "_ent": "20", "_mun": "413", "_loc": "0001"}, "geometry": {"type": "Polygon", "coordinates": [[[-96.31627, 15.84476], [-96.31626, 15.84439], [-96.31673, 15.84443], [-96.31694, 15.84432], [-96.31625, 15.84435], [-96.31617, 15.84394], [-96.31631, 15.84331], [-96.31772, 15.84413], [-96.31764, 15.84513], [-96.31709, 15.84584], [-96.31627, 15.84476]]]}}, {"id": "1615917", "type": "Feature", "properties": {"id": "1615917", "CVEGEO": "2041300010455006", "POBTOT": 146.0, "score_nse": 0.0, "NSE": "ND", "VIVTOT": 37.0, "GRAPROES": 8.05, "_ent": "20", "_mun": "413", "_loc": "0001"}, "geometry": {"type": "Polygon", "coordinates": [[[-96.31472, 15.84278], [-96.31513, 15.84263], [-96.31538, 15.84305], [-96.31535, 15.8434], [-96.31541, 15.84303], [-96.31517, 15.84261], [-96.31567, 15.84257], [-96.31517, 15.84257], [-96.31532, 15.84241], [-96.31615, 15.84229], [-96.31672, 15.84263], [-96.31635, 15.84297], [-96.31594, 15.84286], [-96.31554, 15.84285], [-96.31546, 15.84295], [-96.31634, 15.84299], [-96.31616, 15.84344], [-96.31571, 15.84326], [-96.31522, 15.84368], [-96.31472, 15.84278]]]}}, {"id": "1615918", "type": "Feature", "properties": {"id": "1615918", "CVEGEO": "2041300010455007", "POBTOT": 58.0, "score_nse": 37.5752, "NSE": "D+", "VIVTOT": 21.0, "GRAPROES": 5.85, "_ent": "20", "_mun": "413", "_loc": "0001"}, "geometry": {"type": "Polygon", "coordinates": [[[-96.31632, 15.84326], [-96.31681, 15.84268], [-96.31724, 15.84263], [-96.31704, 15.8429], [-96.31727, 15.84266], [-96.31789, 15.84318], [-96.31803, 15.84369], [-96.31776, 15.84408], [-96.31632, 15.84326]]]}}, {"id": "1615932", "type": "Feature", "properties": {"id": "1615932", "CVEGEO": "2041300010205007", "POBTOT": 6.0, "score_nse": 0.0, "NSE": "ND", "VIVTOT": 2.0, "GRAPROES": 0.0, "_ent": "20", "_mun": "413", "_loc": "0001"}, "geometry": {"type": "Polygon", "coordinates": [[[-96.31938, 15.83881], [-96.31885, 15.8394], [-96.31917, 15.83862], [-96.31938, 15.83881]]]}}, {"id": "1615933", "type": "Feature", "properties": {"id": "1615933", "CVEGEO": "204130001007A040", "POBTOT": 67.0, "score_nse": 0.0, "NSE": "ND", "VIVTOT": 24.0, "GRAPROES": 9.96, "_ent": "20", "_mun": "413", "_loc": "0001"}, "geometry": {"type": "Polygon", "coordinates": [[[-96.32122, 15.83553], [-96.32092, 15.83549], [-96.32123, 15.83557], [-96.32126, 15.83579], [-96.32107, 15.83594], [-96.32001, 15.83565], [-96.32016, 15.83513], [-96.32121, 15.83528], [-96.32122, 15.83553]]]}}, {"id": "1615935", "type": "Feature", "properties": {"id": "1615935", "CVEGEO": "2041300010281014", "POBTOT": 58.0, "score_nse": 0.0, "NSE": "ND", "VIVTOT": 16.0, "GRAPROES": 8.73, "_ent": "20", "_mun": "413", "_loc": "0001"}, "geometry": {"type": "Polygon", "coordinates": [[[-96.31783, 15.82477], [-96.3183, 15.82454], [-96.31864, 15.82543], [-96.31798, 15.82559], [-96.31783, 15.82477]]]}}, {"id": "1615937", "type": "Feature", "properties": {"id": "1615937", "CVEGEO": "2041300010224009", "POBTOT": 94.0, "score_nse": 0.0, "NSE": "ND", "VIVTOT": 26.0, "GRAPROES": 8.53, "_ent": "20", "_mun": "413", "_loc": "0001"}, "geometry": {"type": "Polygon", "coordinates": [[[-96.31612, 15.83201], [-96.31596, 15.83155], [-96.31706, 15.83144], [-96.31726, 15.8322], [-96.31612, 15.83201]]]}}, {"id": "1615938", "type": "Feature", "properties": {"id": "1615938", "CVEGEO": "2041300010224007", "POBTOT": 79.0, "score_nse": 0.0, "NSE": "ND", "VIVTOT": 21.0, "GRAPROES": 8.79, "_ent": "20", "_mun": "413", "_loc": "0001"}, "geometry": {"type": "Polygon", "coordinates": [[[-96.31561, 15.83465], [-96.31582, 15.83417], [-96.3163, 15.83427], [-96.31662, 15.8342], [-96.31691, 15.8343], [-96.31662, 15.83416], [-96.31584, 15.83414], [-96.31612, 15.83339], [-96.31713, 15.83358], [-96.3169, 15.83444], [-96.31649, 15.83444], [-96.3164, 15.83477], [-96.31561, 15.83465]]]}}, {"id": "1615939", "type": "Feature", "properties": {"id": "1615939", "CVEGEO": "2041300010224006", "POBTOT": 53.0, "score_nse": 57.3404, "NSE": "C", "VIVTOT": 18.0, "GRAPROES": 10.61, "_ent": "20", "_mun": "413", "_loc": "0001"}, "geometry": {"type": "Polygon", "coordinates": [[[-96.31816, 15.83471], [-96.3178, 15.8337], [-96.31831, 15.83379], [-96.31821, 15.83422], [-96.31835, 15.83416], [-96.31837, 15.8338], [-96.31866, 15.83385], [-96.31864, 15.83411], [-96.3187, 15.83386], [-96.31935, 15.83397], [-96.31917, 15.83491], [-96.31816, 15.83471]]]}}, {"id": "1615940", "type": "Feature", "properties": {"id": "1615940", "CVEGEO": "2041300010224005", "POBTOT": 127.0, "score_nse": 48.5455, "NSE": "C-", "VIVTOT": 52.0, "GRAPROES": 9.87, "_ent": "20", "_mun": "413", "_loc": "0001"}, "geometry": {"type": "Polygon", "coordinates": [[[-96.31826, 15.83243], [-96.31968, 15.83268], [-96.31947, 15.8335], [-96.31927, 15.83346], [-96.31903, 15.83355], [-96.31946, 15.83354], [-96.31937, 15.83391], [-96.31861, 15.83377], [-96.31826, 15.83243]]]}}, {"id": "1615941", "type": "Feature", "properties": {"id": "1615941", "CVEGEO": "204130001021A005", "POBTOT": 15.0, "score_nse": 0.0, "NSE": "ND", "VIVTOT": 16.0, "GRAPROES": 10.08, "_ent": "20", "_mun": "413", "_loc": "0001"}, "geometry": {"type": "Polygon", "coordinates": [[[-96.32499, 15.83264], [-96.32601, 15.83287], [-96.32589, 15.8336], [-96.32497, 15.83347], [-96.32499, 15.83264]]]}}, {"id": "1615942", "type": "Feature", "properties": {"id": "1615942", "CVEGEO": "204130001021A001", "POBTOT": 20.0, "score_nse": 0.0, "NSE": "ND", "VIVTOT": 7.0, "GRAPROES": 9.81, "_ent": "20", "_mun": "413", "_loc": "0001"}, "geometry": {"type": "Polygon", "coordinates": [[[-96.32368, 15.83026], [-96.32371, 15.82926], [-96.32446, 15.82933], [-96.32442, 15.83034], [-96.32368, 15.83026]]]}}, {"id": "1615943", "type": "Feature", "properties": {"id": "1615943", "CVEGEO": "204130001007A058", "POBTOT": 25.0, "score_nse": 0.0, "NSE": "ND", "VIVTOT": 10.0, "GRAPROES": 8.0, "_ent": "20", "_mun": "413", "_loc": "0001"}, "geometry": {"type": "Polygon", "coordinates": [[[-96.31767, 15.82707], [-96.31815, 15.82745], [-96.31811, 15.82808], [-96.31764, 15.82807], [-96.31767, 15.82707]]]}}, {"id": "1615944", "type": "Feature", "properties": {"id": "1615944", "CVEGEO": "204130001007A057", "POBTOT": 31.0, "score_nse": 0.0, "NSE": "ND", "VIVTOT": 13.0, "GRAPROES": 8.91, "_ent": "20", "_mun": "413", "_loc": "0001"}, "geometry": {"type": "Polygon", "coordinates": [[[-96.31981, 15.82819], [-96.32031, 15.82815], [-96.32078, 15.82877], [-96.32076, 15.82908], [-96.31982, 15.82906], [-96.31981, 15.82848], [-96.32005, 15.82888], [-96.32028, 15.829], [-96.31981, 15.82841], [-96.31981, 15.82819]]]}}, {"id": "1615945", "type": "Feature", "properties": {"id": "1615945", "CVEGEO": "204130001007A011", "POBTOT": 62.0, "score_nse": 0.0, "NSE": "ND", "VIVTOT": 28.0, "GRAPROES": 11.28, "_ent": "20", "_mun": "413", "_loc": "0001"}, "geometry": {"type": "Polygon", "coordinates": [[[-96.32047, 15.8341], [-96.32076, 15.83299], [-96.32114, 15.83422], [-96.32047, 15.8341]]]}}, {"id": "1615946", "type": "Feature", "properties": {"id": "1615946", "CVEGEO": "204130001007A009", "POBTOT": 45.0, "score_nse": 0.0, "NSE": "ND", "VIVTOT": 20.0, "GRAPROES": 9.5, "_ent": "20", "_mun": "413", "_loc": "0001"}, "geometry": {"type": "Polygon", "coordinates": [[[-96.32122, 15.8343], [-96.32244, 15.83448], [-96.3224, 15.83504], [-96.32197, 15.83517], [-96.32126, 15.83471], [-96.32122, 15.8343]]]}}, {"id": "1615947", "type": "Feature", "properties": {"id": "1615947", "CVEGEO": "204130001007A008", "POBTOT": 16.0, "score_nse": 0.0, "NSE": "ND", "VIVTOT": 4.0, "GRAPROES": 8.27, "_ent": "20", "_mun": "413", "_loc": "0001"}, "geometry": {"type": "Polygon", "coordinates": [[[-96.32249, 15.83449], [-96.32279, 15.83454], [-96.32272, 15.83518], [-96.32245, 15.83505], [-96.32249, 15.83449]]]}}, {"id": "1615948", "type": "Feature", "properties": {"id": "1615948", "CVEGEO": "204130001007A007", "POBTOT": 49.0, "score_nse": 0.0, "NSE": "ND", "VIVTOT": 23.0, "GRAPROES": 9.97, "_ent": "20", "_mun": "413", "_loc": "0001"}, "geometry": {"type": "Polygon", "coordinates": [[[-96.32279, 15.83522], [-96.32288, 15.83438], [-96.3238, 15.83456], [-96.32377, 15.83497], [-96.32366, 15.83496], [-96.32315, 15.83447], [-96.32349, 15.83491], [-96.32377, 15.835], [-96.3237, 15.83566], [-96.32279, 15.83522]]]}}, {"id": "1615949", "type": "Feature", "properties": {"id": "1615949", "CVEGEO": "204130001007A006", "POBTOT": 98.0, "score_nse": 0.0, "NSE": "ND", "VIVTOT": 40.0, "GRAPROES": 10.3, "_ent": "20", "_mun": "413", "_loc": "0001"}, "geometry": {"type": "Polygon", "coordinates": [[[-96.32299, 15.83322], [-96.3239, 15.83336], [-96.3238, 15.83449], [-96.32289, 15.83432], [-96.32299, 15.83322]]]}}, {"id": "1615957", "type": "Feature", "properties": {"id": "1615957", "CVEGEO": "204130001007A035", "POBTOT": 32.0, "score_nse": 0.0, "NSE": "ND", "VIVTOT": 12.0, "GRAPROES": 8.35, "_ent": "20", "_mun": "413", "_loc": "0001"}, "geometry": {"type": "Polygon", "coordinates": [[[-96.31923, 15.83499], [-96.32006, 15.83511], [-96.31985, 15.83586], [-96.31904, 15.83587], [-96.31923, 15.83499]]]}}, {"id": "1615967", "type": "Feature", "properties": {"id": "1615967", "CVEGEO": "2041300010224011", "POBTOT": 77.0, "score_nse": 0.0, "NSE": "ND", "VIVTOT": 30.0, "GRAPROES": 8.23, "_ent": "20", "_mun": "413", "_loc": "0001"}, "geometry": {"type": "Polygon", "coordinates": [[[-96.31823, 15.83139], [-96.3181, 15.83087], [-96.31971, 15.83082], [-96.3197, 15.83159], [-96.31823, 15.83139]]]}}, {"id": "1616011", "type": "Feature", "properties": {"id": "1616011", "CVEGEO": "2041300010455005", "POBTOT": 90.0, "score_nse": 0.0, "NSE": "ND", "VIVTOT": 30.0, "GRAPROES": 7.11, "_ent": "20", "_mun": "413", "_loc": "0001"}, "geometry": {"type": "Polygon", "coordinates": [[[-96.31409, 15.84675], [-96.31375, 15.84573], [-96.31406, 15.84507], [-96.31473, 15.84475], [-96.31506, 15.84512], [-96.31542, 15.84597], [-96.315, 15.84609], [-96.31423, 15.84703], [-96.31391, 15.84692], [-96.31409, 15.84675]]]}}, {"id": "1616012", "type": "Feature", "properties": {"id": "1616012", "CVEGEO": "2041300010455009", "POBTOT": 0.0, "score_nse": 0.0, "NSE": "ND", "VIVTOT": 0.0, "GRAPROES": 0.0, "_ent": "20", "_mun": "413", "_loc": "0001"}, "geometry": {"type": "Polygon", "coordinates": [[[-96.31524, 15.84792], [-96.31505, 15.84634], [-96.31548, 15.84614], [-96.3157, 15.84637], [-96.31556, 15.84674], [-96.31601, 15.84724], [-96.31592, 15.84798], [-96.31524, 15.84792]]]}}, {"id": "1616013", "type": "Feature", "properties": {"id": "1616013", "CVEGEO": "2041300010455008", "POBTOT": 19.0, "score_nse": 0.0, "NSE": "ND", "VIVTOT": 5.0, "GRAPROES": 8.0, "_ent": "20", "_mun": "413", "_loc": "0001"}, "geometry": {"type": "Polygon", "coordinates": [[[-96.31573, 15.84701], [-96.31574, 15.84635], [-96.31552, 15.84613], [-96.31606, 15.84628], [-96.31602, 15.84719], [-96.31573, 15.84701]]]}}, {"id": "1616014", "type": "Feature", "properties": {"id": "1616014", "CVEGEO": "2041300010455014", "POBTOT": 30.0, "score_nse": 0.0, "NSE": "ND", "VIVTOT": 7.0, "GRAPROES": 7.2, "_ent": "20", "_mun": "413", "_loc": "0001"}, "geometry": {"type": "Polygon", "coordinates": [[[-96.31705, 15.84245], [-96.31725, 15.84142], [-96.31832, 15.84233], [-96.31829, 15.84264], [-96.31769, 15.84247], [-96.31728, 15.8426], [-96.31705, 15.84245]]]}}, {"id": "1616024", "type": "Feature", "properties": {"id": "1616024", "CVEGEO": "2041300010224036", "POBTOT": 69.0, "score_nse": 0.0, "NSE": "ND", "VIVTOT": 22.0, "GRAPROES": 8.44, "_ent": "20", "_mun": "413", "_loc": "0001"}, "geometry": {"type": "Polygon", "coordinates": [[[-96.31711, 15.84173], [-96.31697, 15.84239], [-96.31682, 15.84229], [-96.31689, 15.84211], [-96.31678, 15.84227], [-96.31577, 15.84178], [-96.31589, 15.84127], [-96.31673, 15.84086], [-96.31718, 15.84127], [-96.31711, 15.84169], [-96.31682, 15.84174], [-96.31711, 15.84173]]]}}, {"id": "1616025", "type": "Feature", "properties": {"id": "1616025", "CVEGEO": "2041300010205006", "POBTOT": 62.0, "score_nse": 46.1859, "NSE": "C-", "VIVTOT": 19.0, "GRAPROES": 8.79, "_ent": "20", "_mun": "413", "_loc": "0001"}, "geometry": {"type": "Polygon", "coordinates": [[[-96.31909, 15.83953], [-96.31897, 15.83938], [-96.31995, 15.83818], [-96.32023, 15.83812], [-96.3204, 15.83873], [-96.31988, 15.83908], [-96.31987, 15.83957], [-96.31873, 15.83968], [-96.31895, 15.8394], [-96.31909, 15.83953]]]}}, {"id": "1616026", "type": "Feature", "properties": {"id": "1616026", "CVEGEO": "204130001007A010", "POBTOT": 82.0, "score_nse": 61.863, "NSE": "C", "VIVTOT": 41.0, "GRAPROES": 11.18, "_ent": "20", "_mun": "413", "_loc": "0001"}, "geometry": {"type": "Polygon", "coordinates": [[[-96.32099, 15.83475], [-96.32092, 15.83455], [-96.32088, 15.83467], [-96.32033, 15.83457], [-96.32045, 15.83416], [-96.32115, 15.83429], [-96.32121, 15.83521], [-96.32078, 15.83515], [-96.32099, 15.83475]]]}}, {"id": "1616027", "type": "Feature", "properties": {"id": "1616027", "CVEGEO": "204130001007A001", "POBTOT": 100.0, "score_nse": 49.9595, "NSE": "C-", "VIVTOT": 33.0, "GRAPROES": 9.07, "_ent": "20", "_mun": "413", "_loc": "0001"}, "geometry": {"type": "Polygon", "coordinates": [[[-96.32255, 15.83333], [-96.32292, 15.83321], [-96.3228, 15.83447], [-96.32249, 15.83442], [-96.32249, 15.8338], [-96.32244, 15.83441], [-96.32192, 15.83434], [-96.32184, 15.83304], [-96.32265, 15.83317], [-96.32255, 15.83333]]]}}, {"id": "1616028", "type": "Feature", "properties": {"id": "1616028", "CVEGEO": "2041300010224002", "POBTOT": 111.0, "score_nse": 0.0, "NSE": "ND", "VIVTOT": 40.0, "GRAPROES": 7.62, "_ent": "20", "_mun": "413", "_loc": "0001"}, "geometry": {"type": "Polygon", "coordinates": [[[-96.31645, 15.83339], [-96.31614, 15.83209], [-96.31746, 15.8323], [-96.31734, 15.83267], [-96.31694, 15.83263], [-96.31733, 15.83271], [-96.31715, 15.83352], [-96.31645, 15.83339]]]}}, {"id": "1616029", "type": "Feature", "properties": {"id": "1616029", "CVEGEO": "204130001021A016", "POBTOT": 35.0, "score_nse": 0.0, "NSE": "ND", "VIVTOT": 14.0, "GRAPROES": 9.11, "_ent": "20", "_mun": "413", "_loc": "0001"}, "geometry": {"type": "Polygon", "coordinates": [[[-96.32682, 15.83405], [-96.32716, 15.83414], [-96.32779, 15.83397], [-96.32775, 15.83462], [-96.32738, 15.83466], [-96.3273, 15.83432], [-96.32734, 15.83466], [-96.3268, 15.83472], [-96.32682, 15.83405]]]}}, {"id": "1616030", "type": "Feature", "properties": {"id": "1616030", "CVEGEO": "204130001007A020", "POBTOT": 59.0, "score_nse": 61.1271, "NSE": "C", "VIVTOT": 23.0, "GRAPROES": 10.85, "_ent": "20", "_mun": "413", "_loc": "0001"}, "geometry": {"type": "Polygon", "coordinates": [[[-96.31978, 15.83167], [-96.32073, 15.83184], [-96.32068, 15.83279], [-96.32033, 15.83273], [-96.32035, 15.83233], [-96.32028, 15.83272], [-96.31977, 15.83263], [-96.31978, 15.83167]]]}}, {"id": "1616031", "type": "Feature", "properties": {"id": "1616031", "CVEGEO": "204130001007A019", "POBTOT": 70.0, "score_nse": 0.0, "NSE": "ND", "VIVTOT": 30.0, "GRAPROES": 10.63, "_ent": "20", "_mun": "413", "_loc": "0001"}, "geometry": {"type": "Polygon", "coordinates": [[[-96.31944, 15.83392], [-96.31975, 15.83269], [-96.32068, 15.83286], [-96.32037, 15.83408], [-96.31944, 15.83392]]]}}, {"id": "1616032", "type": "Feature", "properties": {"id": "1616032", "CVEGEO": "204130001007A018", "POBTOT": 51.0, "score_nse": 61.7915, "NSE": "C", "VIVTOT": 16.0, "GRAPROES": 10.03, "_ent": "20", "_mun": "413", "_loc": "0001"}, "geometry": {"type": "Polygon", "coordinates": [[[-96.31924, 15.83492], [-96.31942, 15.83399], [-96.32035, 15.83415], [-96.32008, 15.83504], [-96.31924, 15.83492]]]}}, {"id": "1616033", "type": "Feature", "properties": {"id": "1616033", "CVEGEO": "204130001007A017", "POBTOT": 85.0, "score_nse": 0.0, "NSE": "ND", "VIVTOT": 30.0, "GRAPROES": 11.19, "_ent": "20", "_mun": "413", "_loc": "0001"}, "geometry": {"type": "Polygon", "coordinates": [[[-96.32138, 15.83603], [-96.32128, 15.83525], [-96.32126, 15.83479], [-96.32181, 15.83509], [-96.32194, 15.83535], [-96.32189, 15.8357], [-96.32162, 15.83601], [-96.32138, 15.83603]]]}}, {"id": "1616034", "type": "Feature", "properties": {"id": "1616034", "CVEGEO": "204130001007A016", "POBTOT": 114.0, "score_nse": 0.0, "NSE": "ND", "VIVTOT": 41.0, "GRAPROES": 11.3, "_ent": "20", "_mun": "413", "_loc": "0001"}, "geometry": {"type": "Polygon", "coordinates": [[[-96.32198, 15.83564], [-96.32229, 15.83549], [-96.32248, 15.83555], [-96.3226, 15.83548], [-96.32228, 15.83546], [-96.322, 15.83554], [-96.32201, 15.83522], [-96.32234, 15.8351], [-96.3237, 15.8358], [-96.32297, 15.83591], [-96.32282, 15.83572], [-96.32294, 15.83592], [-96.32264, 15.83608], [-96.3225, 15.83594], [-96.32261, 15.8361], [-96.32221, 15.83625], [-96.32177, 15.83599], [-96.32197, 15.83568], [-96.32225, 15.8359], [-96.32198, 15.83564]]]}}, {"id": "1616036", "type": "Feature", "properties": {"id": "1616036", "CVEGEO": "2041300010474001", "POBTOT": 70.0, "score_nse": 0.0, "NSE": "ND", "VIVTOT": 22.0, "GRAPROES": 7.88, "_ent": "20", "_mun": "413", "_loc": "0001"}, "geometry": {"type": "Polygon", "coordinates": [[[-96.31377, 15.8258], [-96.3139, 15.82623], [-96.31342, 15.82623], [-96.31327, 15.82579], [-96.31351, 15.82565], [-96.31459, 15.82561], [-96.31488, 15.82642], [-96.31395, 15.82622], [-96.31377, 15.8258]]]}}, {"id": "1616061", "type": "Feature", "properties": {"id": "1616061", "CVEGEO": "2041300010224040", "POBTOT": 85.0, "score_nse": 0.0, "NSE": "ND", "VIVTOT": 26.0, "GRAPROES": 7.41, "_ent": "20", "_mun": "413", "_loc": "0001"}, "geometry": {"type": "Polygon", "coordinates": [[[-96.31411, 15.83471], [-96.31289, 15.83459], [-96.313, 15.83442], [-96.31344, 15.83438], [-96.31338, 15.83416], [-96.31235, 15.83362], [-96.31226, 15.83344], [-96.31228, 15.83364], [-96.31329, 15.83412], [-96.31339, 15.83435], [-96.31301, 15.83435], [-96.31206, 15.83388], [-96.31295, 15.83438], [-96.31282, 15.8346], [-96.31182, 15.8341], [-96.31145, 15.83329], [-96.3111, 15.83311], [-96.31116, 15.83287], [-96.31168, 15.83292], [-96.31238, 15.83265], [-96.31304, 15.83281], [-96.31304, 15.8331], [-96.31309, 15.83282], [-96.31373, 15.83271], [-96.31384, 15.83448], [-96.31411, 15.83471]]]}}, {"id": "1616063", "type": "Feature", "properties": {"id": "1616063", "CVEGEO": "2041300010281006", "POBTOT": 18.0, "score_nse": 0.0, "NSE": "ND", "VIVTOT": 8.0, "GRAPROES": 9.39, "_ent": "20", "_mun": "413", "_loc": "0001"}, "geometry": {"type": "Polygon", "coordinates": [[[-96.31922, 15.8251], [-96.31873, 15.82544], [-96.31809, 15.82391], [-96.31823, 15.82381], [-96.31922, 15.8251]]]}}, {"id": "1616064", "type": "Feature", "properties": {"id": "1616064", "CVEGEO": "2041300010224014", "POBTOT": 94.0, "score_nse": 43.9098, "NSE": "C-", "VIVTOT": 27.0, "GRAPROES": 7.35, "_ent": "20", "_mun": "413", "_loc": "0001"}, "geometry": {"type": "Polygon", "coordinates": [[[-96.31746, 15.83837], [-96.31655, 15.8375], [-96.31582, 15.83717], [-96.31587, 15.83684], [-96.31633, 15.83679], [-96.31741, 15.83757], [-96.31732, 15.83778], [-96.3171, 15.83754], [-96.3173, 15.83781], [-96.31745, 15.83761], [-96.3182, 15.83809], [-96.31746, 15.83837]]]}}, {"id": "1616065", "type": "Feature", "properties": {"id": "1616065", "CVEGEO": "2041300010224003", "POBTOT": 0.0, "score_nse": 0.0, "NSE": "ND", "VIVTOT": 0.0, "GRAPROES": 0.0, "_ent": "20", "_mun": "413", "_loc": "0001"}, "geometry": {"type": "Polygon", "coordinates": [[[-96.31789, 15.83085], [-96.31815, 15.83234], [-96.31732, 15.83221], [-96.31665, 15.83023], [-96.31743, 15.8302], [-96.31789, 15.83085]]]}}, {"id": "1616066", "type": "Feature", "properties": {"id": "1616066", "CVEGEO": "204130001021A013", "POBTOT": 26.0, "score_nse": 0.0, "NSE": "ND", "VIVTOT": 9.0, "GRAPROES": 8.26, "_ent": "20", "_mun": "413", "_loc": "0001"}, "geometry": {"type": "Polygon", "coordinates": [[[-96.32913, 15.83414], [-96.32786, 15.8339], [-96.32907, 15.83397], [-96.32913, 15.83414]]]}}, {"id": "1616067", "type": "Feature", "properties": {"id": "1616067", "CVEGEO": "204130001007A048", "POBTOT": 57.0, "score_nse": 0.0, "NSE": "ND", "VIVTOT": 20.0, "GRAPROES": 7.73, "_ent": "20", "_mun": "413", "_loc": "0001"}, "geometry": {"type": "Polygon", "coordinates": [[[-96.31729, 15.83651], [-96.31774, 15.83596], [-96.31894, 15.83595], [-96.31872, 15.83667], [-96.31804, 15.83669], [-96.31803, 15.83643], [-96.3179, 15.83638], [-96.318, 15.8367], [-96.31754, 15.8367], [-96.31729, 15.83651]]]}}, {"id": "1616068", "type": "Feature", "properties": {"id": "1616068", "CVEGEO": "204130001007A046", "POBTOT": 133.0, "score_nse": 43.5302, "NSE": "C-", "VIVTOT": 43.0, "GRAPROES": 7.0, "_ent": "20", "_mun": "413", "_loc": "0001"}, "geometry": {"type": "Polygon", "coordinates": [[[-96.32678, 15.83505], [-96.32725, 15.83506], [-96.32678, 15.83498], [-96.32679, 15.83478], [-96.3278, 15.83469], [-96.3277, 15.83511], [-96.32783, 15.83468], [-96.32824, 15.83465], [-96.32828, 15.83497], [-96.32828, 15.83465], [-96.32889, 15.8346], [-96.32911, 15.8354], [-96.32822, 15.83579], [-96.32767, 15.83571], [-96.32665, 15.83638], [-96.32678, 15.83505]]]}}, {"id": "1616117", "type": "Feature", "properties": {"id": "1616117", "CVEGEO": "204130001039A002", "POBTOT": 20.0, "score_nse": 0.0, "NSE": "ND", "VIVTOT": 9.0, "GRAPROES": 8.94, "_ent": "20", "_mun": "413", "_loc": "0001"}, "geometry": {"type": "Polygon", "coordinates": [[[-96.32153, 15.82387], [-96.32257, 15.82381], [-96.3226, 15.82425], [-96.32158, 15.82437], [-96.32153, 15.82387]]]}}, {"id": "1616118", "type": "Feature", "properties": {"id": "1616118", "CVEGEO": "204130001039A001", "POBTOT": 20.0, "score_nse": 67.2571, "NSE": "C", "VIVTOT": 7.0, "GRAPROES": 12.5, "_ent": "20", "_mun": "413", "_loc": "0001"}, "geometry": {"type": "Polygon", "coordinates": [[[-96.32159, 15.82442], [-96.3226, 15.8243], [-96.32262, 15.82484], [-96.32164, 15.8249], [-96.32159, 15.82442]]]}}, {"id": "1616119", "type": "Feature", "properties": {"id": "1616119", "CVEGEO": "2041300010385001", "POBTOT": 87.0, "score_nse": 0.0, "NSE": "ND", "VIVTOT": 31.0, "GRAPROES": 7.92, "_ent": "20", "_mun": "413", "_loc": "0001"}, "geometry": {"type": "Polygon", "coordinates": [[[-96.31509, 15.82497], [-96.3149, 15.82445], [-96.31631, 15.82468], [-96.31622, 15.82506], [-96.31599, 15.82518], [-96.31626, 15.82509], [-96.31636, 15.82469], [-96.31778, 15.82479], [-96.31793, 15.8256], [-96.31756, 15.82569], [-96.31794, 15.82565], [-96.31796, 15.82624], [-96.31733, 15.8261], [-96.31578, 15.82642], [-96.31559, 15.82613], [-96.3155, 15.82542], [-96.31509, 15.82497]]]}}, {"id": "1616120", "type": "Feature", "properties": {"id": "1616120", "CVEGEO": "2041300010370005", "POBTOT": 35.0, "score_nse": 0.0, "NSE": "ND", "VIVTOT": 15.0, "GRAPROES": 9.85, "_ent": "20", "_mun": "413", "_loc": "0001"}, "geometry": {"type": "Polygon", "coordinates": [[[-96.32087, 15.82279], [-96.32068, 15.82122], [-96.32125, 15.82081], [-96.32143, 15.82107], [-96.32129, 15.82147], [-96.32137, 15.82274], [-96.32087, 15.82279]]]}}, {"id": "1616121", "type": "Feature", "properties": {"id": "1616121", "CVEGEO": "2041300010370003", "POBTOT": 38.0, "score_nse": 0.0, "NSE": "ND", "VIVTOT": 12.0, "GRAPROES": 6.21, "_ent": "20", "_mun": "413", "_loc": "0001"}, "geometry": {"type": "Polygon", "coordinates": [[[-96.32015, 15.82158], [-96.32062, 15.82126], [-96.32081, 15.82279], [-96.32041, 15.82275], [-96.32015, 15.82158]]]}}, {"id": "1616122", "type": "Feature", "properties": {"id": "1616122", "CVEGEO": "2041300010224037", "POBTOT": 0.0, "score_nse": 0.0, "NSE": "ND", "VIVTOT": 0.0, "GRAPROES": 0.0, "_ent": "20", "_mun": "413", "_loc": "0001"}, "geometry": {"type": "Polygon", "coordinates": [[[-96.31816, 15.83139], [-96.31746, 15.8302], [-96.31811, 15.83024], [-96.31804, 15.83087], [-96.31816, 15.83139]]]}}, {"id": "1616123", "type": "Feature", "properties": {"id": "1616123", "CVEGEO": "2041300010224022", "POBTOT": 23.0, "score_nse": 0.0, "NSE": "ND", "VIVTOT": 6.0, "GRAPROES": 7.54, "_ent": "20", "_mun": "413", "_loc": "0001"}, "geometry": {"type": "Polygon", "coordinates": [[[-96.31238, 15.82865], [-96.31162, 15.82775], [-96.31235, 15.82727], [-96.31253, 15.82783], [-96.31238, 15.82865]]]}}, {"id": "1616124", "type": "Feature", "properties": {"id": "1616124", "CVEGEO": "2041300010224021", "POBTOT": 125.0, "score_nse": 45.6365, "NSE": "C-", "VIVTOT": 52.0, "GRAPROES": 8.77, "_ent": "20", "_mun": "413", "_loc": "0001"}, "geometry": {"type": "Polygon", "coordinates": [[[-96.31804, 15.83783], [-96.31676, 15.83714], [-96.31635, 15.83673], [-96.31583, 15.83678], [-96.31579, 15.83652], [-96.31608, 15.83596], [-96.31661, 15.83662], [-96.31691, 15.83677], [-96.31695, 15.83693], [-96.31679, 15.83702], [-96.31673, 15.83709], [-96.31697, 15.83696], [-96.31696, 15.83677], [-96.31633, 15.83621], [-96.31707, 15.83663], [-96.31731, 15.83659], [-96.3174, 15.83668], [-96.31726, 15.8369], [-96.31743, 15.83671], [-96.3177, 15.83714], [-96.31759, 15.83679], [-96.31817, 15.83674], [-96.31836, 15.83823], [-96.31804, 15.83783]]]}}, {"id": "1616125", "type": "Feature", "properties": {"id": "1616125", "CVEGEO": "2041300010224019", "POBTOT": 37.0, "score_nse": 0.0, "NSE": "ND", "VIVTOT": 12.0, "GRAPROES": 6.75, "_ent": "20", "_mun": "413", "_loc": "0001"}, "geometry": {"type": "Polygon", "coordinates": [[[-96.31277, 15.83247], [-96.31307, 15.83233], [-96.31364, 15.83265], [-96.31321, 15.83279], [-96.31247, 15.83262], [-96.31275, 15.83246], [-96.31302, 15.83272], [-96.31277, 15.83247]]]}}, {"id": "1616126", "type": "Feature", "properties": {"id": "1616126", "CVEGEO": "204130001007A014", "POBTOT": 115.0, "score_nse": 41.2903, "NSE": "D+", "VIVTOT": 42.0, "GRAPROES": 8.16, "_ent": "20", "_mun": "413", "_loc": "0001"}, "geometry": {"type": "Polygon", "coordinates": [[[-96.32397, 15.83337], [-96.3249, 15.83353], [-96.3248, 15.83466], [-96.32388, 15.8345], [-96.32397, 15.83337]]]}}, {"id": "1616179", "type": "Feature", "properties": {"id": "1616179", "CVEGEO": "2041300010281003", "POBTOT": 22.0, "score_nse": 0.0, "NSE": "ND", "VIVTOT": 11.0, "GRAPROES": 8.0, "_ent": "20", "_mun": "413", "_loc": "0001"}, "geometry": {"type": "Polygon", "coordinates": [[[-96.32147, 15.82382], [-96.32036, 15.82392], [-96.32032, 15.82343], [-96.32143, 15.82334], [-96.32147, 15.82382]]]}}, {"id": "1616181", "type": "Feature", "properties": {"id": "1616181", "CVEGEO": "2041300010224043", "POBTOT": 20.0, "score_nse": 0.0, "NSE": "ND", "VIVTOT": 7.0, "GRAPROES": 5.67, "_ent": "20", "_mun": "413", "_loc": "0001"}, "geometry": {"type": "Polygon", "coordinates": [[[-96.31239, 15.82869], [-96.3125, 15.82835], [-96.31323, 15.82876], [-96.31341, 15.82904], [-96.31239, 15.82869]]]}}, {"id": "1616182", "type": "Feature", "properties": {"id": "1616182", "CVEGEO": "2041300010224026", "POBTOT": 13.0, "score_nse": 0.0, "NSE": "ND", "VIVTOT": 4.0, "GRAPROES": 11.5, "_ent": "20", "_mun": "413", "_loc": "0001"}, "geometry": {"type": "Polygon", "coordinates": [[[-96.31834, 15.83297], [-96.31854, 15.83376], [-96.31778, 15.83363], [-96.31782, 15.833], [-96.31834, 15.83297]]]}}, {"id": "1616183", "type": "Feature", "properties": {"id": "1616183", "CVEGEO": "2041300010224004", "POBTOT": 75.0, "score_nse": 0.0, "NSE": "ND", "VIVTOT": 26.0, "GRAPROES": 8.96, "_ent": "20", "_mun": "413", "_loc": "0001"}, "geometry": {"type": "Polygon", "coordinates": [[[-96.31876, 15.83245], [-96.31873, 15.83193], [-96.31844, 15.83173], [-96.31874, 15.83211], [-96.3187, 15.83244], [-96.31848, 15.8324], [-96.31825, 15.83147], [-96.31971, 15.83166], [-96.3197, 15.83261], [-96.31876, 15.83245]]]}}, {"id": "1616184", "type": "Feature", "properties": {"id": "1616184", "CVEGEO": "2041300010205011", "POBTOT": 24.0, "score_nse": 0.0, "NSE": "ND", "VIVTOT": 6.0, "GRAPROES": 9.71, "_ent": "20", "_mun": "413", "_loc": "0001"}, "geometry": {"type": "Polygon", "coordinates": [[[-96.31783, 15.84064], [-96.3185, 15.8401], [-96.3191, 15.84056], [-96.31863, 15.84075], [-96.31841, 15.84119], [-96.31783, 15.84064]]]}}, {"id": "1616185", "type": "Feature", "properties": {"id": "1616185", "CVEGEO": "204130001007A054", "POBTOT": 45.0, "score_nse": 39.8076, "NSE": "D+", "VIVTOT": 38.0, "GRAPROES": 9.4, "_ent": "20", "_mun": "413", "_loc": "0001"}, "geometry": {"type": "Polygon", "coordinates": [[[-96.32075, 15.83024], [-96.3194, 15.83019], [-96.3191, 15.82959], [-96.31909, 15.82916], [-96.32011, 15.82913], [-96.32, 15.82937], [-96.32005, 15.82941], [-96.32017, 15.82913], [-96.32076, 15.82914], [-96.32076, 15.82986], [-96.32059, 15.82987], [-96.32076, 15.82988], [-96.32075, 15.83024]]]}}, {"id": "1616254", "type": "Feature", "properties": {"id": "1616254", "CVEGEO": "2041300010224073", "POBTOT": 22.0, "score_nse": 0.0, "NSE": "ND", "VIVTOT": 6.0, "GRAPROES": 8.5, "_ent": "20", "_mun": "413", "_loc": "0001"}, "geometry": {"type": "Polygon", "coordinates": [[[-96.31711, 15.83824], [-96.31753, 15.83839], [-96.31745, 15.83866], [-96.31693, 15.83851], [-96.3164, 15.8377], [-96.31577, 15.83744], [-96.31581, 15.83721], [-96.31652, 15.83753], [-96.31711, 15.83824]]]}}, {"id": "1616255", "type": "Feature", "properties": {"id": "1616255", "CVEGEO": "204130001021A002", "POBTOT": 71.0, "score_nse": 0.0, "NSE": "ND", "VIVTOT": 25.0, "GRAPROES": 10.37, "_ent": "20", "_mun": "413", "_loc": "0001"}, "geometry": {"type": "Polygon", "coordinates": [[[-96.32346, 15.82944], [-96.32363, 15.82948], [-96.32361, 15.83026], [-96.32277, 15.83024], [-96.32279, 15.82919], [-96.32364, 15.82926], [-96.32363, 15.82945], [-96.32346, 15.82944]]]}}, {"id": "1616257", "type": "Feature", "properties": {"id": "1616257", "CVEGEO": "204130001039A004", "POBTOT": 6.0, "score_nse": 0.0, "NSE": "ND", "VIVTOT": 8.0, "GRAPROES": 12.0, "_ent": "20", "_mun": "413", "_loc": "0001"}, "geometry": {"type": "Polygon", "coordinates": [[[-96.32169, 15.82542], [-96.32165, 15.82495], [-96.32263, 15.82489], [-96.32268, 15.82536], [-96.32169, 15.82542]]]}}, {"id": "1616258", "type": "Feature", "properties": {"id": "1616258", "CVEGEO": "204130001039A003", "POBTOT": 9.0, "score_nse": 0.0, "NSE": "ND", "VIVTOT": 2.0, "GRAPROES": 0.0, "_ent": "20", "_mun": "413", "_loc": "0001"}, "geometry": {"type": "Polygon", "coordinates": [[[-96.32266, 15.8243], [-96.32333, 15.82436], [-96.32366, 15.82464], [-96.32268, 15.82483], [-96.32266, 15.8243]]]}}, {"id": "1616259", "type": "Feature", "properties": {"id": "1616259", "CVEGEO": "2041300010281010", "POBTOT": 22.0, "score_nse": 75.494, "NSE": "C+", "VIVTOT": 8.0, "GRAPROES": 13.0, "_ent": "20", "_mun": "413", "_loc": "0001"}, "geometry": {"type": "Polygon", "coordinates": [[[-96.31981, 15.82547], [-96.32042, 15.82511], [-96.32052, 15.8256], [-96.32012, 15.82586], [-96.31981, 15.82547]]]}}, {"id": "1616260", "type": "Feature", "properties": {"id": "1616260", "CVEGEO": "2041300010281009", "POBTOT": 35.0, "score_nse": 0.0, "NSE": "ND", "VIVTOT": 22.0, "GRAPROES": 9.0, "_ent": "20", "_mun": "413", "_loc": "0001"}, "geometry": {"type": "Polygon", "coordinates": [[[-96.32047, 15.82509], [-96.32159, 15.82496], [-96.32164, 15.82543], [-96.32057, 15.82558], [-96.32047, 15.82509]]]}}, {"id": "1616261", "type": "Feature", "properties": {"id": "1616261", "CVEGEO": "2041300010281008", "POBTOT": 34.0, "score_nse": 0.0, "NSE": "ND", "VIVTOT": 8.0, "GRAPROES": 9.1, "_ent": "20", "_mun": "413", "_loc": "0001"}, "geometry": {"type": "Polygon", "coordinates": [[[-96.32072, 15.82335], [-96.32048, 15.82288], [-96.32138, 15.8228], [-96.32142, 15.82328], [-96.32072, 15.82335]]]}}, {"id": "1616262", "type": "Feature", "properties": {"id": "1616262", "CVEGEO": "2041300010281004", "POBTOT": 32.0, "score_nse": 0.0, "NSE": "ND", "VIVTOT": 12.0, "GRAPROES": 8.83, "_ent": "20", "_mun": "413", "_loc": "0001"}, "geometry": {"type": "Polygon", "coordinates": [[[-96.32053, 15.82446], [-96.32085, 15.82392], [-96.32148, 15.82388], [-96.32153, 15.82438], [-96.32053, 15.82446]]]}}, {"id": "1616263", "type": "Feature", "properties": {"id": "1616263", "CVEGEO": "2041300010281002", "POBTOT": 63.0, "score_nse": 0.0, "NSE": "ND", "VIVTOT": 27.0, "GRAPROES": 9.51, "_ent": "20", "_mun": "413", "_loc": "0001"}, "geometry": {"type": "Polygon", "coordinates": [[[-96.31962, 15.8236], [-96.32026, 15.82344], [-96.3203, 15.82392], [-96.31992, 15.82401], [-96.31914, 15.82455], [-96.31884, 15.82415], [-96.31962, 15.8236]]]}}, {"id": "1616264", "type": "Feature", "properties": {"id": "1616264", "CVEGEO": "2041300010281001", "POBTOT": 47.0, "score_nse": 0.0, "NSE": "ND", "VIVTOT": 20.0, "GRAPROES": 10.71, "_ent": "20", "_mun": "413", "_loc": "0001"}, "geometry": {"type": "Polygon", "coordinates": [[[-96.31917, 15.8246], [-96.31995, 15.82406], [-96.32031, 15.82398], [-96.32035, 15.82448], [-96.31946, 15.82499], [-96.31917, 15.8246]]]}}, {"id": "1616266", "type": "Feature", "properties": {"id": "1616266", "CVEGEO": "2041300010281011", "POBTOT": 24.0, "score_nse": 0.0, "NSE": "ND", "VIVTOT": 10.0, "GRAPROES": 9.37, "_ent": "20", "_mun": "413", "_loc": "0001"}, "geometry": {"type": "Polygon", "coordinates": [[[-96.31801, 15.8257], [-96.31866, 15.82548], [-96.31896, 15.82625], [-96.31801, 15.82627], [-96.31801, 15.8257]]]}}, {"id": "1616267", "type": "Feature", "properties": {"id": "1616267", "CVEGEO": "2041300010224041", "POBTOT": 35.0, "score_nse": 0.0, "NSE": "ND", "VIVTOT": 9.0, "GRAPROES": 4.39, "_ent": "20", "_mun": "413", "_loc": "0001"}, "geometry": {"type": "Polygon", "coordinates": [[[-96.3127, 15.8294], [-96.31251, 15.82886], [-96.31272, 15.82884], [-96.31314, 15.82896], [-96.3127, 15.8294]]]}}, {"id": "1616268", "type": "Feature", "properties": {"id": "1616268", "CVEGEO": "2041300010224017", "POBTOT": 13.0, "score_nse": 0.0, "NSE": "ND", "VIVTOT": 4.0, "GRAPROES": 5.67, "_ent": "20", "_mun": "413", "_loc": "0001"}, "geometry": {"type": "Polygon", "coordinates": [[[-96.31528, 15.83262], [-96.31562, 15.83304], [-96.31562, 15.83304], [-96.315, 15.83274], [-96.31528, 15.83262]]]}}, {"id": "1616269", "type": "Feature", "properties": {"id": "1616269", "CVEGEO": "2041300010224013", "POBTOT": 44.0, "score_nse": 51.9018, "NSE": "C-", "VIVTOT": 22.0, "GRAPROES": 10.41, "_ent": "20", "_mun": "413", "_loc": "0001"}, "geometry": {"type": "Polygon", "coordinates": [[[-96.31727, 15.83552], [-96.3176, 15.83496], [-96.31799, 15.83473], [-96.31884, 15.83588], [-96.31755, 15.83595], [-96.31727, 15.83552]]]}}, {"id": "1616270", "type": "Feature", "properties": {"id": "1616270", "CVEGEO": "204130001021A025", "POBTOT": 1.0, "score_nse": 0.0, "NSE": "ND", "VIVTOT": 2.0, "GRAPROES": 0.0, "_ent": "20", "_mun": "413", "_loc": "0001"}, "geometry": {"type": "Polygon", "coordinates": [[[-96.32912, 15.83391], [-96.32824, 15.83202], [-96.32862, 15.83188], [-96.3287, 15.83162], [-96.32964, 15.83364], [-96.32912, 15.83391]]]}}, {"id": "1616271", "type": "Feature", "properties": {"id": "1616271", "CVEGEO": "204130001021A014", "POBTOT": 51.0, "score_nse": 0.0, "NSE": "ND", "VIVTOT": 16.0, "GRAPROES": 6.41, "_ent": "20", "_mun": "413", "_loc": "0001"}, "geometry": {"type": "Polygon", "coordinates": [[[-96.3291, 15.83422], [-96.32974, 15.83375], [-96.33001, 15.8342], [-96.32989, 15.83461], [-96.32956, 15.8348], [-96.32917, 15.83537], [-96.32899, 15.83455], [-96.32782, 15.83462], [-96.32786, 15.83399], [-96.32823, 15.83414], [-96.32805, 15.83431], [-96.32793, 15.83454], [-96.32828, 15.83414], [-96.3291, 15.83422]]]}}, {"id": "1616272", "type": "Feature", "properties": {"id": "1616272", "CVEGEO": "204130001021A010", "POBTOT": 76.0, "score_nse": 0.0, "NSE": "ND", "VIVTOT": 27.0, "GRAPROES": 7.3, "_ent": "20", "_mun": "413", "_loc": "0001"}, "geometry": {"type": "Polygon", "coordinates": [[[-96.32487, 15.83467], [-96.32497, 15.83354], [-96.32588, 15.83367], [-96.32585, 15.83403], [-96.32562, 15.83408], [-96.32553, 15.83404], [-96.3253, 15.83364], [-96.32521, 15.83358], [-96.3254, 15.83396], [-96.32512, 15.83413], [-96.325, 15.83445], [-96.32535, 15.83402], [-96.32561, 15.83414], [-96.32585, 15.83408], [-96.3258, 15.83483], [-96.32517, 15.83472], [-96.32521, 15.8345], [-96.32514, 15.83472], [-96.32487, 15.83467]]]}}, {"id": "1616273", "type": "Feature", "properties": {"id": "1616273", "CVEGEO": "204130001021A008", "POBTOT": 27.0, "score_nse": 0.0, "NSE": "ND", "VIVTOT": 9.0, "GRAPROES": 6.55, "_ent": "20", "_mun": "413", "_loc": "0001"}, "geometry": {"type": "Polygon", "coordinates": [[[-96.32398, 15.83331], [-96.32438, 15.83251], [-96.32492, 15.83263], [-96.3249, 15.83346], [-96.32398, 15.83331]]]}}, {"id": "1616274", "type": "Feature", "properties": {"id": "1616274", "CVEGEO": "2041300010205005", "POBTOT": 88.0, "score_nse": 51.6169, "NSE": "C-", "VIVTOT": 36.0, "GRAPROES": 9.45, "_ent": "20", "_mun": "413", "_loc": "0001"}, "geometry": {"type": "Polygon", "coordinates": [[[-96.31996, 15.83786], [-96.3201, 15.83678], [-96.32073, 15.83678], [-96.32052, 15.83699], [-96.3205, 15.83707], [-96.32075, 15.83678], [-96.32106, 15.83674], [-96.32105, 15.83741], [-96.32063, 15.83799], [-96.32026, 15.83806], [-96.31996, 15.83786]]]}}, {"id": "1616275", "type": "Feature", "properties": {"id": "1616275", "CVEGEO": "204130001007A003", "POBTOT": 94.0, "score_nse": 67.2661, "NSE": "C", "VIVTOT": 27.0, "GRAPROES": 10.38, "_ent": "20", "_mun": "413", "_loc": "0001"}, "geometry": {"type": "Polygon", "coordinates": [[[-96.32079, 15.83281], [-96.32083, 15.83185], [-96.32171, 15.83197], [-96.32177, 15.83296], [-96.32079, 15.83281]]]}}, {"id": "1616276", "type": "Feature", "properties": {"id": "1616276", "CVEGEO": "204130001007A002", "POBTOT": 63.0, "score_nse": 53.8683, "NSE": "C-", "VIVTOT": 29.0, "GRAPROES": 10.34, "_ent": "20", "_mun": "413", "_loc": "0001"}, "geometry": {"type": "Polygon", "coordinates": [[[-96.3208, 15.83288], [-96.32177, 15.83303], [-96.32185, 15.83432], [-96.32122, 15.83423], [-96.3208, 15.83288]]]}}, {"id": "1616304", "type": "Feature", "properties": {"id": "1616304", "CVEGEO": "2041300010224071", "POBTOT": 7.0, "score_nse": 0.0, "NSE": "ND", "VIVTOT": 4.0, "GRAPROES": 4.6, "_ent": "20", "_mun": "413", "_loc": "0001"}, "geometry": {"type": "Polygon", "coordinates": [[[-96.31209, 15.83076], [-96.31246, 15.8311], [-96.31206, 15.83157], [-96.31183, 15.83099], [-96.31209, 15.83076]]]}}, {"id": "1616305", "type": "Feature", "properties": {"id": "1616305", "CVEGEO": "2041300010205010", "POBTOT": 20.0, "score_nse": 0.0, "NSE": "ND", "VIVTOT": 9.0, "GRAPROES": 6.4, "_ent": "20", "_mun": "413", "_loc": "0001"}, "geometry": {"type": "Polygon", "coordinates": [[[-96.3187, 15.83974], [-96.31988, 15.83962], [-96.32005, 15.84018], [-96.31981, 15.84047], [-96.31917, 15.84056], [-96.31853, 15.84006], [-96.3187, 15.83974]]]}}, {"id": "1616306", "type": "Feature", "properties": {"id": "1616306", "CVEGEO": "2041300010224038", "POBTOT": 65.0, "score_nse": 44.3901, "NSE": "C-", "VIVTOT": 31.0, "GRAPROES": 9.33, "_ent": "20", "_mun": "413", "_loc": "0001"}, "geometry": {"type": "Polygon", "coordinates": [[[-96.3181, 15.83081], [-96.31817, 15.83025], [-96.31874, 15.83029], [-96.31876, 15.83058], [-96.31877, 15.83029], [-96.31971, 15.83029], [-96.31971, 15.83076], [-96.3181, 15.83081]]]}}, {"id": "1616307", "type": "Feature", "properties": {"id": "1616307", "CVEGEO": "204130001007A051", "POBTOT": 49.0, "score_nse": 0.0, "NSE": "ND", "VIVTOT": 19.0, "GRAPROES": 9.2, "_ent": "20", "_mun": "413", "_loc": "0001"}, "geometry": {"type": "Polygon", "coordinates": [[[-96.31977, 15.82809], [-96.3186, 15.82636], [-96.319, 15.82631], [-96.32027, 15.8281], [-96.31977, 15.82809]]]}}, {"id": "1616308", "type": "Feature", "properties": {"id": "1616308", "CVEGEO": "204130001046A002", "POBTOT": 58.0, "score_nse": 0.0, "NSE": "ND", "VIVTOT": 20.0, "GRAPROES": 3.95, "_ent": "20", "_mun": "413", "_loc": "0001"}, "geometry": {"type": "Polygon", "coordinates": [[[-96.30887, 15.82615], [-96.30847, 15.82656], [-96.30831, 15.8271], [-96.30746, 15.82663], [-96.30754, 15.82611], [-96.30837, 15.82574], [-96.30887, 15.82615]]]}}, {"id": "1616316", "type": "Feature", "properties": {"id": "1616316", "CVEGEO": "2041300010455002", "POBTOT": 4.0, "score_nse": 0.0, "NSE": "ND", "VIVTOT": 1.0, "GRAPROES": 0.0, "_ent": "20", "_mun": "413", "_loc": "0001"}, "geometry": {"type": "Polygon", "coordinates": [[[-96.31525, 15.84372], [-96.31572, 15.84331], [-96.31597, 15.84338], [-96.31547, 15.84354], [-96.31552, 15.84368], [-96.31606, 15.8434], [-96.31607, 15.84403], [-96.31525, 15.84372]]]}}, {"id": "1616319", "type": "Feature", "properties": {"id": "1616319", "CVEGEO": "2041300010224033", "POBTOT": 35.0, "score_nse": 0.0, "NSE": "ND", "VIVTOT": 14.0, "GRAPROES": 5.6, "_ent": "20", "_mun": "413", "_loc": "0001"}, "geometry": {"type": "Polygon", "coordinates": [[[-96.31705, 15.8363], [-96.3169, 15.83643], [-96.31636, 15.83614], [-96.31651, 15.83573], [-96.31722, 15.83562], [-96.31717, 15.83648], [-96.31734, 15.83599], [-96.31724, 15.83554], [-96.31753, 15.83598], [-96.31715, 15.83655], [-96.31694, 15.83645], [-96.31705, 15.8363]]]}}, {"id": "1616320", "type": "Feature", "properties": {"id": "1616320", "CVEGEO": "204130001021A006", "POBTOT": 51.0, "score_nse": 0.0, "NSE": "ND", "VIVTOT": 20.0, "GRAPROES": 8.39, "_ent": "20", "_mun": "413", "_loc": "0001"}, "geometry": {"type": "Polygon", "coordinates": [[[-96.32592, 15.83404], [-96.32675, 15.83406], [-96.32672, 15.83472], [-96.32655, 15.83474], [-96.32628, 15.8343], [-96.32609, 15.83423], [-96.32651, 15.83475], [-96.32587, 15.83482], [-96.32592, 15.83404]]]}}, {"id": "1616321", "type": "Feature", "properties": {"id": "1616321", "CVEGEO": "204130001007A024", "POBTOT": 17.0, "score_nse": 0.0, "NSE": "ND", "VIVTOT": 13.0, "GRAPROES": 9.29, "_ent": "20", "_mun": "413", "_loc": "0001"}, "geometry": {"type": "Polygon", "coordinates": [[[-96.32247, 15.83626], [-96.3234, 15.83595], [-96.32354, 15.83622], [-96.32329, 15.83688], [-96.32247, 15.83626]]]}}, {"id": "1616326", "type": "Feature", "properties": {"id": "1616326", "CVEGEO": "2041300010455010", "POBTOT": 71.0, "score_nse": 0.0, "NSE": "ND", "VIVTOT": 18.0, "GRAPROES": 8.34, "_ent": "20", "_mun": "413", "_loc": "0001"}, "geometry": {"type": "Polygon", "coordinates": [[[-96.31452, 15.84173], [-96.31561, 15.84184], [-96.31559, 15.84211], [-96.31564, 15.84184], [-96.31586, 15.84185], [-96.31693, 15.84243], [-96.31674, 15.84262], [-96.31624, 15.84229], [-96.31548, 15.84229], [-96.3147, 15.84274], [-96.31452, 15.84238], [-96.31452, 15.84173]]]}}, {"id": "1616332", "type": "Feature", "properties": {"id": "1616332", "CVEGEO": "2041300010281012", "POBTOT": 32.0, "score_nse": 0.0, "NSE": "ND", "VIVTOT": 11.0, "GRAPROES": 10.17, "_ent": "20", "_mun": "413", "_loc": "0001"}, "geometry": {"type": "Polygon", "coordinates": [[[-96.32052, 15.82566], [-96.32164, 15.82548], [-96.32169, 15.82613], [-96.32051, 15.82639], [-96.32014, 15.82591], [-96.32052, 15.82566]]]}}, {"id": "1616348", "type": "Feature", "properties": {"id": "1616348", "CVEGEO": "204130001007A023", "POBTOT": 64.0, "score_nse": 0.0, "NSE": "ND", "VIVTOT": 35.0, "GRAPROES": 11.04, "_ent": "20", "_mun": "413", "_loc": "0001"}, "geometry": {"type": "Polygon", "coordinates": [[[-96.32087, 15.82915], [-96.3218, 15.82918], [-96.32176, 15.83026], [-96.32086, 15.83024], [-96.32087, 15.82915]]]}}, {"id": "1616352", "type": "Feature", "properties": {"id": "1616352", "CVEGEO": "2041300010474003", "POBTOT": 132.0, "score_nse": 0.0, "NSE": "ND", "VIVTOT": 42.0, "GRAPROES": 6.09, "_ent": "20", "_mun": "413", "_loc": "0001"}, "geometry": {"type": "Polygon", "coordinates": [[[-96.31212, 15.82528], [-96.31181, 15.82452], [-96.313, 15.82419], [-96.31306, 15.82369], [-96.31347, 15.82293], [-96.31394, 15.82267], [-96.31411, 15.82339], [-96.31483, 15.82388], [-96.3147, 15.82426], [-96.31499, 15.82499], [-96.3155, 15.82553], [-96.31551, 15.82614], [-96.31569, 15.82641], [-96.31493, 15.82643], [-96.31456, 15.82542], [-96.31457, 15.82557], [-96.31355, 15.82558], [-96.31326, 15.82574], [-96.31313, 15.82533], [-96.31329, 15.82529], [-96.31311, 15.82528], [-96.31303, 15.82491], [-96.31306, 15.82527], [-96.31212, 15.82528]]]}}, {"id": "1616353", "type": "Feature", "properties": {"id": "1616353", "CVEGEO": "2041300010474002", "POBTOT": 30.0, "score_nse": 0.0, "NSE": "ND", "VIVTOT": 8.0, "GRAPROES": 7.47, "_ent": "20", "_mun": "413", "_loc": "0001"}, "geometry": {"type": "Polygon", "coordinates": [[[-96.31233, 15.82716], [-96.31215, 15.82532], [-96.31307, 15.82532], [-96.31337, 15.82624], [-96.31233, 15.82716]]]}}, {"id": "1616354", "type": "Feature", "properties": {"id": "1616354", "CVEGEO": "204130001046A003", "POBTOT": 28.0, "score_nse": 0.0, "NSE": "ND", "VIVTOT": 11.0, "GRAPROES": 8.63, "_ent": "20", "_mun": "413", "_loc": "0001"}, "geometry": {"type": "Polygon", "coordinates": [[[-96.30893, 15.82701], [-96.30891, 15.82618], [-96.31025, 15.8271], [-96.30942, 15.82753], [-96.30893, 15.82701]]]}}, {"id": "1616366", "type": "Feature", "properties": {"id": "1616366", "CVEGEO": "204130001007A021", "POBTOT": 231.0, "score_nse": 0.0, "NSE": "ND", "VIVTOT": 22.0, "GRAPROES": 11.68, "_ent": "20", "_mun": "413", "_loc": "0001"}, "geometry": {"type": "Polygon", "coordinates": [[[-96.31981, 15.83029], [-96.32075, 15.8303], [-96.32073, 15.83177], [-96.31977, 15.8316], [-96.31981, 15.83029]]]}}, {"id": "1616381", "type": "Feature", "properties": {"id": "1616381", "CVEGEO": "204130001046A001", "POBTOT": 34.0, "score_nse": 0.0, "NSE": "ND", "VIVTOT": 8.0, "GRAPROES": 5.77, "_ent": "20", "_mun": "413", "_loc": "0001"}, "geometry": {"type": "Polygon", "coordinates": [[[-96.3084, 15.82691], [-96.30884, 15.82625], [-96.3089, 15.82703], [-96.30921, 15.82746], [-96.30831, 15.82733], [-96.3084, 15.82691]]]}}, {"id": "1616443", "type": "Feature", "properties": {"id": "1616443", "CVEGEO": "2041300010455011", "POBTOT": 4.0, "score_nse": 0.0, "NSE": "ND", "VIVTOT": 3.0, "GRAPROES": 0.0, "_ent": "20", "_mun": "413", "_loc": "0001"}, "geometry": {"type": "Polygon", "coordinates": [[[-96.31701, 15.84248], [-96.31722, 15.84262], [-96.31683, 15.84267], [-96.31701, 15.84248]]]}}, {"id": "1616459", "type": "Feature", "properties": {"id": "1616459", "CVEGEO": "2041300010455012", "POBTOT": 23.0, "score_nse": 0.0, "NSE": "ND", "VIVTOT": 6.0, "GRAPROES": 6.0, "_ent": "20", "_mun": "413", "_loc": "0001"}, "geometry": {"type": "Polygon", "coordinates": [[[-96.31731, 15.84262], [-96.31773, 15.84251], [-96.3183, 15.84268], [-96.31807, 15.84363], [-96.31793, 15.84316], [-96.31731, 15.84262]]]}}, {"id": "1616464", "type": "Feature", "properties": {"id": "1616464", "CVEGEO": "2041300010224024", "POBTOT": 125.0, "score_nse": 0.0, "NSE": "ND", "VIVTOT": 44.0, "GRAPROES": 6.42, "_ent": "20", "_mun": "413", "_loc": "0001"}, "geometry": {"type": "Polygon", "coordinates": [[[-96.31236, 15.83259], [-96.31171, 15.83286], [-96.31092, 15.83279], [-96.31092, 15.83254], [-96.31119, 15.8322], [-96.3109, 15.83121], [-96.30976, 15.82935], [-96.30921, 15.8288], [-96.30912, 15.82841], [-96.30938, 15.82848], [-96.30998, 15.82916], [-96.3107, 15.8302], [-96.31068, 15.83052], [-96.31118, 15.83122], [-96.31151, 15.83212], [-96.3114, 15.83153], [-96.31076, 15.83052], [-96.31077, 15.8302], [-96.31002, 15.82911], [-96.30943, 15.82844], [-96.30908, 15.82832], [-96.30891, 15.8275], [-96.30953, 15.82758], [-96.31029, 15.82712], [-96.31181, 15.82802], [-96.31089, 15.82813], [-96.31081, 15.82818], [-96.31184, 15.82805], [-96.31238, 15.82878], [-96.31194, 15.8287], [-96.31067, 15.82901], [-96.31033, 15.82889], [-96.3106, 15.82908], [-96.31107, 15.82896], [-96.31108, 15.82987], [-96.3117, 15.83083], [-96.31236, 15.83259]]]}}, {"id": "1616465", "type": "Feature", "properties": {"id": "1616465", "CVEGEO": "2041300010205004", "POBTOT": 49.0, "score_nse": 0.0, "NSE": "ND", "VIVTOT": 17.0, "GRAPROES": 9.6, "_ent": "20", "_mun": "413", "_loc": "0001"}, "geometry": {"type": "Polygon", "coordinates": [[[-96.32334, 15.83699], [-96.32412, 15.83744], [-96.32376, 15.83753], [-96.32354, 15.83729], [-96.32374, 15.83756], [-96.32402, 15.8376], [-96.32321, 15.83812], [-96.32301, 15.83794], [-96.32334, 15.83699]]]}}, {"id": "1616466", "type": "Feature", "properties": {"id": "1616466", "CVEGEO": "2041300010205001", "POBTOT": 106.0, "score_nse": 0.0, "NSE": "ND", "VIVTOT": 31.0, "GRAPROES": 10.22, "_ent": "20", "_mun": "413", "_loc": "0001"}, "geometry": {"type": "Polygon", "coordinates": [[[-96.32168, 15.83742], [-96.3209, 15.83783], [-96.32111, 15.83742], [-96.32112, 15.83672], [-96.32145, 15.83661], [-96.32169, 15.83683], [-96.32158, 15.83699], [-96.32171, 15.83685], [-96.32214, 15.83723], [-96.32206, 15.83735], [-96.32217, 15.83726], [-96.32311, 15.83805], [-96.32316, 15.83829], [-96.32287, 15.83835], [-96.32168, 15.83742]]]}}, {"id": "1616467", "type": "Feature", "properties": {"id": "1616467", "CVEGEO": "2041300010370004", "POBTOT": 56.0, "score_nse": 0.0, "NSE": "ND", "VIVTOT": 17.0, "GRAPROES": 11.42, "_ent": "20", "_mun": "413", "_loc": "0001"}, "geometry": {"type": "Polygon", "coordinates": [[[-96.31928, 15.82309], [-96.31848, 15.82366], [-96.31828, 15.82338], [-96.3191, 15.82285], [-96.31928, 15.82309]]]}}, {"id": "1616468", "type": "Feature", "properties": {"id": "1616468", "CVEGEO": "2041300010370001", "POBTOT": 0.0, "score_nse": 0.0, "NSE": "ND", "VIVTOT": 0.0, "GRAPROES": 0.0, "_ent": "20", "_mun": "413", "_loc": "0001"}, "geometry": {"type": "Polygon", "coordinates": [[[-96.31964, 15.82193], [-96.31999, 15.8218], [-96.32014, 15.82238], [-96.31998, 15.82224], [-96.32012, 15.82243], [-96.3202, 15.82269], [-96.31964, 15.82193]]]}}, {"id": "1616469", "type": "Feature", "properties": {"id": "1616469", "CVEGEO": "2041300010281013", "POBTOT": 20.0, "score_nse": 52.5537, "NSE": "C-", "VIVTOT": 14.0, "GRAPROES": 11.8, "_ent": "20", "_mun": "413", "_loc": "0001"}, "geometry": {"type": "Polygon", "coordinates": [[[-96.31949, 15.82503], [-96.32036, 15.82453], [-96.31987, 15.82511], [-96.32037, 15.82462], [-96.32041, 15.82506], [-96.31978, 15.82542], [-96.31949, 15.82503]]]}}, {"id": "1616470", "type": "Feature", "properties": {"id": "1616470", "CVEGEO": "2041300010224045", "POBTOT": 22.0, "score_nse": 0.0, "NSE": "ND", "VIVTOT": 8.0, "GRAPROES": 5.92, "_ent": "20", "_mun": "413", "_loc": "0001"}, "geometry": {"type": "Polygon", "coordinates": [[[-96.31287, 15.82742], [-96.31316, 15.82703], [-96.31386, 15.82805], [-96.31331, 15.82822], [-96.31287, 15.82742]]]}}, {"id": "1616471", "type": "Feature", "properties": {"id": "1616471", "CVEGEO": "2041300010224044", "POBTOT": 8.0, "score_nse": 23.632, "NSE": "D", "VIVTOT": 4.0, "GRAPROES": 3.6, "_ent": "20", "_mun": "413", "_loc": "0001"}, "geometry": {"type": "Polygon", "coordinates": [[[-96.31239, 15.82725], [-96.31289, 15.8267], [-96.31312, 15.82699], [-96.31272, 15.82749], [-96.3125, 15.82748], [-96.31239, 15.82725]]]}}, {"id": "1616472", "type": "Feature", "properties": {"id": "1616472", "CVEGEO": "2041300010224032", "POBTOT": 5.0, "score_nse": 0.0, "NSE": "ND", "VIVTOT": 1.0, "GRAPROES": 0.0, "_ent": "20", "_mun": "413", "_loc": "0001"}, "geometry": {"type": "Polygon", "coordinates": [[[-96.31637, 15.83515], [-96.31653, 15.8345], [-96.3167, 15.8345], [-96.31696, 15.83501], [-96.31637, 15.83515]]]}}, {"id": "1616473", "type": "Feature", "properties": {"id": "1616473", "CVEGEO": "2041300010224031", "POBTOT": 45.0, "score_nse": 0.0, "NSE": "ND", "VIVTOT": 25.0, "GRAPROES": 9.78, "_ent": "20", "_mun": "413", "_loc": "0001"}, "geometry": {"type": "Polygon", "coordinates": [[[-96.31714, 15.83377], [-96.31719, 15.83359], [-96.31771, 15.83368], [-96.31804, 15.83432], [-96.31803, 15.8346], [-96.31714, 15.83377]]]}}, {"id": "1616474", "type": "Feature", "properties": {"id": "1616474", "CVEGEO": "204130001021A022", "POBTOT": 9.0, "score_nse": 0.0, "NSE": "ND", "VIVTOT": 3.0, "GRAPROES": 10.6, "_ent": "20", "_mun": "413", "_loc": "0001"}, "geometry": {"type": "Polygon", "coordinates": [[[-96.32736, 15.83308], [-96.328, 15.8321], [-96.32819, 15.83203], [-96.32826, 15.83222], [-96.32758, 15.83313], [-96.32736, 15.83308]]]}}, {"id": "1616475", "type": "Feature", "properties": {"id": "1616475", "CVEGEO": "204130001021A021", "POBTOT": 84.0, "score_nse": 0.0, "NSE": "ND", "VIVTOT": 28.0, "GRAPROES": 8.5, "_ent": "20", "_mun": "413", "_loc": "0001"}, "geometry": {"type": "Polygon", "coordinates": [[[-96.32775, 15.83324], [-96.32864, 15.83346], [-96.32763, 15.83314], [-96.32828, 15.83228], [-96.3287, 15.8329], [-96.32907, 15.83392], [-96.32773, 15.83382], [-96.32775, 15.83324]]]}}, {"id": "1616476", "type": "Feature", "properties": {"id": "1616476", "CVEGEO": "204130001021A020", "POBTOT": 13.0, "score_nse": 0.0, "NSE": "ND", "VIVTOT": 3.0, "GRAPROES": 8.11, "_ent": "20", "_mun": "413", "_loc": "0001"}, "geometry": {"type": "Polygon", "coordinates": [[[-96.32683, 15.83379], [-96.32779, 15.8339], [-96.32779, 15.83393], [-96.3274, 15.8339], [-96.32709, 15.83406], [-96.32682, 15.834], [-96.32683, 15.83379]]]}}, {"id": "1616477", "type": "Feature", "properties": {"id": "1616477", "CVEGEO": "204130001021A007", "POBTOT": 81.0, "score_nse": 0.0, "NSE": "ND", "VIVTOT": 30.0, "GRAPROES": 8.9, "_ent": "20", "_mun": "413", "_loc": "0001"}, "geometry": {"type": "Polygon", "coordinates": [[[-96.32272, 15.83025], [-96.32183, 15.83027], [-96.32185, 15.82985], [-96.32233, 15.82984], [-96.32185, 15.82981], [-96.32187, 15.82919], [-96.32274, 15.82919], [-96.32272, 15.82957], [-96.32232, 15.82956], [-96.32272, 15.82961], [-96.32272, 15.83025]]]}}, {"id": "1616478", "type": "Feature", "properties": {"id": "1616478", "CVEGEO": "204130001007A056", "POBTOT": 2.0, "score_nse": 0.0, "NSE": "ND", "VIVTOT": 2.0, "GRAPROES": 0.0, "_ent": "20", "_mun": "413", "_loc": "0001"}, "geometry": {"type": "Polygon", "coordinates": [[[-96.32607, 15.83487], [-96.32672, 15.83479], [-96.32671, 15.83497], [-96.32607, 15.83487]]]}}, {"id": "1616479", "type": "Feature", "properties": {"id": "1616479", "CVEGEO": "204130001007A055", "POBTOT": 69.0, "score_nse": 0.0, "NSE": "ND", "VIVTOT": 18.0, "GRAPROES": 8.04, "_ent": "20", "_mun": "413", "_loc": "0001"}, "geometry": {"type": "Polygon", "coordinates": [[[-96.32588, 15.83491], [-96.32671, 15.83504], [-96.32658, 15.83637], [-96.32626, 15.83616], [-96.32609, 15.8356], [-96.32585, 15.83541], [-96.32588, 15.83491]]]}}, {"id": "1616480", "type": "Feature", "properties": {"id": "1616480", "CVEGEO": "204130001007A033", "POBTOT": 37.0, "score_nse": 0.0, "NSE": "ND", "VIVTOT": 14.0, "GRAPROES": 9.87, "_ent": "20", "_mun": "413", "_loc": "0001"}, "geometry": {"type": "Polygon", "coordinates": [[[-96.32109, 15.83609], [-96.32127, 15.83585], [-96.32142, 15.83655], [-96.32109, 15.83665], [-96.32109, 15.83609]]]}}, {"id": "1616481", "type": "Feature", "properties": {"id": "1616481", "CVEGEO": "204130001007A031", "POBTOT": 0.0, "score_nse": 10.0, "NSE": "E", "VIVTOT": 1.0, "GRAPROES": 0.0, "_ent": "20", "_mun": "413", "_loc": "0001"}, "geometry": {"type": "Polygon", "coordinates": [[[-96.3214, 15.8361], [-96.32171, 15.83604], [-96.32217, 15.83633], [-96.32172, 15.83677], [-96.32149, 15.83655], [-96.3214, 15.8361]]]}}, {"id": "1616482", "type": "Feature", "properties": {"id": "1616482", "CVEGEO": "204130001007A029", "POBTOT": 0.0, "score_nse": 0.0, "NSE": "ND", "VIVTOT": 0.0, "GRAPROES": 0.0, "_ent": "20", "_mun": "413", "_loc": "0001"}, "geometry": {"type": "Polygon", "coordinates": [[[-96.31878, 15.82557], [-96.31933, 15.82508], [-96.31997, 15.82594], [-96.31904, 15.82623], [-96.31878, 15.82557]]]}}, {"id": "1616483", "type": "Feature", "properties": {"id": "1616483", "CVEGEO": "204130001007A027", "POBTOT": 9.0, "score_nse": 0.0, "NSE": "ND", "VIVTOT": 4.0, "GRAPROES": 8.57, "_ent": "20", "_mun": "413", "_loc": "0001"}, "geometry": {"type": "Polygon", "coordinates": [[[-96.32041, 15.82815], [-96.32081, 15.82816], [-96.32079, 15.82866], [-96.32041, 15.82815]]]}}, {"id": "1616484", "type": "Feature", "properties": {"id": "1616484", "CVEGEO": "204130001007A012", "POBTOT": 0.0, "score_nse": 0.0, "NSE": "ND", "VIVTOT": 0.0, "GRAPROES": 0.0, "_ent": "20", "_mun": "413", "_loc": "0001"}, "geometry": {"type": "Polygon", "coordinates": [[[-96.32083, 15.83179], [-96.32086, 15.83031], [-96.32176, 15.83033], [-96.3217, 15.8319], [-96.32083, 15.83179]]]}}, {"id": "1616500", "type": "Feature", "properties": {"id": "1616500", "CVEGEO": "2041300010455004", "POBTOT": 10.0, "score_nse": 0.0, "NSE": "ND", "VIVTOT": 3.0, "GRAPROES": 0.0, "_ent": "20", "_mun": "413", "_loc": "0001"}, "geometry": {"type": "Polygon", "coordinates": [[[-96.31616, 15.84609], [-96.31627, 15.84481], [-96.31708, 15.84588], [-96.31667, 15.84609], [-96.31616, 15.84609]]]}}, {"id": "1616501", "type": "Feature", "properties": {"id": "1616501", "CVEGEO": "2041300010455015", "POBTOT": 23.0, "score_nse": 62.748, "NSE": "C", "VIVTOT": 10.0, "GRAPROES": 10.0, "_ent": "20", "_mun": "413", "_loc": "0001"}, "geometry": {"type": "Polygon", "coordinates": [[[-96.31727, 15.84136], [-96.31741, 15.84097], [-96.31778, 15.84068], [-96.31841, 15.84125], [-96.31833, 15.84227], [-96.31727, 15.84136]]]}}, {"id": "1616558", "type": "Feature", "properties": {"id": "1616558", "CVEGEO": "2041300010224001", "POBTOT": 104.0, "score_nse": 56.5628, "NSE": "C", "VIVTOT": 29.0, "GRAPROES": 8.84, "_ent": "20", "_mun": "413", "_loc": "0001"}, "geometry": {"type": "Polygon", "coordinates": [[[-96.31792, 15.83289], [-96.31769, 15.83312], [-96.31771, 15.83362], [-96.3172, 15.83353], [-96.31751, 15.83231], [-96.31781, 15.83236], [-96.31773, 15.83275], [-96.31786, 15.83236], [-96.31819, 15.83242], [-96.31833, 15.83294], [-96.31792, 15.83289]]]}}, {"id": "1616589", "type": "Feature", "properties": {"id": "1616589", "CVEGEO": "204130001007A042", "POBTOT": 71.0, "score_nse": 0.0, "NSE": "ND", "VIVTOT": 18.0, "GRAPROES": 9.84, "_ent": "20", "_mun": "413", "_loc": "0001"}, "geometry": {"type": "Polygon", "coordinates": [[[-96.31902, 15.83595], [-96.31982, 15.83593], [-96.3196, 15.83673], [-96.31879, 15.83668], [-96.31902, 15.83595]]]}}, {"id": "1616590", "type": "Feature", "properties": {"id": "1616590", "CVEGEO": "204130001007A036", "POBTOT": 140.0, "score_nse": 42.699, "NSE": "C-", "VIVTOT": 40.0, "GRAPROES": 7.73, "_ent": "20", "_mun": "413", "_loc": "0001"}, "geometry": {"type": "Polygon", "coordinates": [[[-96.31842, 15.83831], [-96.31823, 15.83673], [-96.31958, 15.8368], [-96.31953, 15.83696], [-96.31926, 15.83693], [-96.31952, 15.837], [-96.31898, 15.83882], [-96.31842, 15.83831]]]}}, {"id": "1616591", "type": "Feature", "properties": {"id": "1616591", "CVEGEO": "204130001007A041", "POBTOT": 49.0, "score_nse": 56.5564, "NSE": "C", "VIVTOT": 18.0, "GRAPROES": 9.46, "_ent": "20", "_mun": "413", "_loc": "0001"}, "geometry": {"type": "Polygon", "coordinates": [[[-96.32063, 15.83599], [-96.32053, 15.83583], [-96.32106, 15.83599], [-96.32101, 15.8363], [-96.32089, 15.83621], [-96.32077, 15.83631], [-96.32078, 15.83614], [-96.32061, 15.83627], [-96.32069, 15.83643], [-96.3209, 15.83626], [-96.32101, 15.83634], [-96.32104, 15.83667], [-96.32013, 15.83671], [-96.32063, 15.83599]]]}}, {"id": "1616592", "type": "Feature", "properties": {"id": "1616592", "CVEGEO": "2041300010224012", "POBTOT": 89.0, "score_nse": 0.0, "NSE": "ND", "VIVTOT": 29.0, "GRAPROES": 8.87, "_ent": "20", "_mun": "413", "_loc": "0001"}, "geometry": {"type": "Polygon", "coordinates": [[[-96.31897, 15.83588], [-96.31806, 15.83472], [-96.31916, 15.83498], [-96.31897, 15.83588]]]}}, {"id": "1616593", "type": "Feature", "properties": {"id": "1616593", "CVEGEO": "2041300010224042", "POBTOT": 45.0, "score_nse": 0.0, "NSE": "ND", "VIVTOT": 12.0, "GRAPROES": 7.03, "_ent": "20", "_mun": "413", "_loc": "0001"}, "geometry": {"type": "Polygon", "coordinates": [[[-96.31266, 15.8284], [-96.31253, 15.82755], [-96.31284, 15.82746], [-96.31326, 15.82824], [-96.31266, 15.8284]]]}}, {"id": "1616594", "type": "Feature", "properties": {"id": "1616594", "CVEGEO": "2041300010224052", "POBTOT": 27.0, "score_nse": 0.0, "NSE": "ND", "VIVTOT": 11.0, "GRAPROES": 7.76, "_ent": "20", "_mun": "413", "_loc": "0001"}, "geometry": {"type": "Polygon", "coordinates": [[[-96.3143, 15.83259], [-96.31426, 15.83214], [-96.31446, 15.83164], [-96.31523, 15.83256], [-96.31493, 15.83269], [-96.3143, 15.83259]]]}}, {"id": "1616595", "type": "Feature", "properties": {"id": "1616595", "CVEGEO": "2041300010281005", "POBTOT": 40.0, "score_nse": 62.2713, "NSE": "C", "VIVTOT": 11.0, "GRAPROES": 9.5, "_ent": "20", "_mun": "413", "_loc": "0001"}, "geometry": {"type": "Polygon", "coordinates": [[[-96.32042, 15.82457], [-96.32153, 15.82443], [-96.32159, 15.8249], [-96.32047, 15.82504], [-96.32042, 15.82457]]]}}, {"id": "1616596", "type": "Feature", "properties": {"id": "1616596", "CVEGEO": "2041300010281007", "POBTOT": 62.0, "score_nse": 0.0, "NSE": "ND", "VIVTOT": 20.0, "GRAPROES": 9.11, "_ent": "20", "_mun": "413", "_loc": "0001"}, "geometry": {"type": "Polygon", "coordinates": [[[-96.31928, 15.82316], [-96.3202, 15.82291], [-96.32026, 15.82338], [-96.31959, 15.82356], [-96.31881, 15.8241], [-96.31852, 15.82371], [-96.31928, 15.82316]]]}}, {"id": "1616643", "type": "Feature", "properties": {"id": "1616643", "CVEGEO": "204130001039A008", "POBTOT": 7.0, "score_nse": 0.0, "NSE": "ND", "VIVTOT": 6.0, "GRAPROES": 6.86, "_ent": "20", "_mun": "413", "_loc": "0001"}, "geometry": {"type": "Polygon", "coordinates": [[[-96.32282, 15.82603], [-96.32318, 15.8253], [-96.32353, 15.82506], [-96.32366, 15.82474], [-96.32381, 15.82592], [-96.32282, 15.82603]]]}}, {"id": "1616645", "type": "Feature", "properties": {"id": "1616645", "CVEGEO": "204130001021A027", "POBTOT": 11.0, "score_nse": 0.0, "NSE": "ND", "VIVTOT": 5.0, "GRAPROES": 7.38, "_ent": "20", "_mun": "413", "_loc": "0001"}, "geometry": {"type": "Polygon", "coordinates": [[[-96.32574, 15.8269], [-96.32444, 15.82628], [-96.32384, 15.82653], [-96.32388, 15.82598], [-96.32659, 15.82574], [-96.32676, 15.8262], [-96.32785, 15.82615], [-96.32817, 15.82656], [-96.32818, 15.82688], [-96.32845, 15.82706], [-96.32823, 15.82697], [-96.32807, 15.82719], [-96.32633, 15.82673], [-96.32574, 15.8269]]]}}, {"id": "1616697", "type": "Feature", "properties": {"id": "1616697", "CVEGEO": "2041300010224023", "POBTOT": 23.0, "score_nse": 0.0, "NSE": "ND", "VIVTOT": 8.0, "GRAPROES": 6.36, "_ent": "20", "_mun": "413", "_loc": "0001"}, "geometry": {"type": "Polygon", "coordinates": [[[-96.3171, 15.82907], [-96.31659, 15.82885], [-96.31588, 15.82897], [-96.31534, 15.82933], [-96.31521, 15.82894], [-96.31531, 15.82935], [-96.31498, 15.82953], [-96.3148, 15.82924], [-96.31431, 15.8293], [-96.31467, 15.8284], [-96.31491, 15.82819], [-96.31481, 15.82787], [-96.31494, 15.82731], [-96.3153, 15.82666], [-96.31608, 15.82663], [-96.31628, 15.82688], [-96.31632, 15.82723], [-96.31591, 15.8278], [-96.31593, 15.82835], [-96.31611, 15.82847], [-96.31671, 15.82831], [-96.3171, 15.82907]]]}}, {"id": "1616698", "type": "Feature", "properties": {"id": "1616698", "CVEGEO": "2041300010224074", "POBTOT": 26.0, "score_nse": 0.0, "NSE": "ND", "VIVTOT": 8.0, "GRAPROES": 10.0, "_ent": "20", "_mun": "413", "_loc": "0001"}, "geometry": {"type": "Polygon", "coordinates": [[[-96.31589, 15.83018], [-96.31533, 15.83016], [-96.315, 15.82956], [-96.31578, 15.82909], [-96.31589, 15.83018]]]}}, {"id": "1616772", "type": "Feature", "properties": {"id": "1616772", "CVEGEO": "2041300010205003", "POBTOT": 85.0, "score_nse": 0.0, "NSE": "ND", "VIVTOT": 37.0, "GRAPROES": 9.61, "_ent": "20", "_mun": "413", "_loc": "0001"}, "geometry": {"type": "Polygon", "coordinates": [[[-96.32235, 15.83733], [-96.32175, 15.8368], [-96.32241, 15.8363], [-96.3227, 15.8366], [-96.32255, 15.83673], [-96.32271, 15.83661], [-96.32288, 15.83674], [-96.32268, 15.83689], [-96.32292, 15.83676], [-96.32327, 15.83695], [-96.32301, 15.83768], [-96.32271, 15.83764], [-96.32239, 15.83736], [-96.32249, 15.8372], [-96.32235, 15.83733]]]}}, {"id": "1616808", "type": "Feature", "properties": {"id": "1616808", "CVEGEO": "204130001007A038", "POBTOT": 52.0, "score_nse": 0.0, "NSE": "ND", "VIVTOT": 20.0, "GRAPROES": 9.83, "_ent": "20", "_mun": "413", "_loc": "0001"}, "geometry": {"type": "Polygon", "coordinates": [[[-96.31866, 15.82904], [-96.31813, 15.829], [-96.31828, 15.82844], [-96.31819, 15.82815], [-96.31865, 15.82816], [-96.31866, 15.82904]]]}}, {"id": "1616810", "type": "Feature", "properties": {"id": "1616810", "CVEGEO": "204130001007A025", "POBTOT": 28.0, "score_nse": 0.0, "NSE": "ND", "VIVTOT": 14.0, "GRAPROES": 5.75, "_ent": "20", "_mun": "413", "_loc": "0001"}, "geometry": {"type": "Polygon", "coordinates": [[[-96.31975, 15.8284], [-96.3194, 15.82838], [-96.31874, 15.8279], [-96.31923, 15.82778], [-96.31835, 15.82771], [-96.31822, 15.82708], [-96.3184, 15.82702], [-96.31767, 15.82691], [-96.31783, 15.82629], [-96.31854, 15.82635], [-96.31973, 15.82812], [-96.31975, 15.8284]]]}}, {"id": "1616811", "type": "Feature", "properties": {"id": "1616811", "CVEGEO": "2041300010224034", "POBTOT": 42.0, "score_nse": 0.0, "NSE": "ND", "VIVTOT": 15.0, "GRAPROES": 9.24, "_ent": "20", "_mun": "413", "_loc": "0001"}, "geometry": {"type": "Polygon", "coordinates": [[[-96.31888, 15.83904], [-96.31834, 15.83895], [-96.31882, 15.83919], [-96.31872, 15.83946], [-96.31846, 15.83942], [-96.3187, 15.83949], [-96.31853, 15.83967], [-96.31795, 15.83936], [-96.31791, 15.83882], [-96.31748, 15.83867], [-96.31756, 15.83837], [-96.31821, 15.83811], [-96.31863, 15.8387], [-96.31896, 15.83887], [-96.31888, 15.83904]]]}}, {"id": "1616814", "type": "Feature", "properties": {"id": "1616814", "CVEGEO": "204130001021A019", "POBTOT": 7.0, "score_nse": 0.0, "NSE": "ND", "VIVTOT": 4.0, "GRAPROES": 5.5, "_ent": "20", "_mun": "413", "_loc": "0001"}, "geometry": {"type": "Polygon", "coordinates": [[[-96.32976, 15.82454], [-96.33036, 15.82452], [-96.33076, 15.82482], [-96.33105, 15.82538], [-96.33133, 15.82534], [-96.32931, 15.82736], [-96.32892, 15.8273], [-96.32881, 15.82677], [-96.32879, 15.82714], [-96.32857, 15.82713], [-96.32822, 15.82686], [-96.3282, 15.82653], [-96.32791, 15.82614], [-96.3288, 15.82606], [-96.32877, 15.82554], [-96.32963, 15.82545], [-96.32938, 15.82543], [-96.32935, 15.82505], [-96.32986, 15.82486], [-96.32976, 15.82454]]]}}, {"id": "1616815", "type": "Feature", "properties": {"id": "1616815", "CVEGEO": "2041300010205008", "POBTOT": 50.0, "score_nse": 51.6969, "NSE": "C-", "VIVTOT": 18.0, "GRAPROES": 9.32, "_ent": "20", "_mun": "413", "_loc": "0001"}, "geometry": {"type": "Polygon", "coordinates": [[[-96.31984, 15.83823], [-96.31953, 15.83862], [-96.31937, 15.83848], [-96.31941, 15.83877], [-96.31918, 15.83856], [-96.31968, 15.8368], [-96.32002, 15.83678], [-96.31975, 15.83758], [-96.31983, 15.83785], [-96.3201, 15.83805], [-96.31987, 15.83818], [-96.31949, 15.83806], [-96.31984, 15.83823]]]}}, {"id": "1616816", "type": "Feature", "properties": {"id": "1616816", "CVEGEO": "204130001007A013", "POBTOT": 10.0, "score_nse": 0.0, "NSE": "ND", "VIVTOT": 1.0, "GRAPROES": 0.0, "_ent": "20", "_mun": "413", "_loc": "0001"}, "geometry": {"type": "Polygon", "coordinates": [[[-96.32183, 15.83033], [-96.32489, 15.83045], [-96.32483, 15.83211], [-96.32318, 15.83204], [-96.32283, 15.83226], [-96.32228, 15.83194], [-96.32178, 15.83187], [-96.32183, 15.83033]]]}}, {"id": "1616817", "type": "Feature", "properties": {"id": "1616817", "CVEGEO": "204130001007A004", "POBTOT": 129.0, "score_nse": 0.0, "NSE": "ND", "VIVTOT": 51.0, "GRAPROES": 9.19, "_ent": "20", "_mun": "413", "_loc": "0001"}, "geometry": {"type": "Polygon", "coordinates": [[[-96.32184, 15.83297], [-96.32178, 15.83194], [-96.32282, 15.83234], [-96.32326, 15.83213], [-96.32483, 15.83218], [-96.32482, 15.83253], [-96.3243, 15.83247], [-96.3239, 15.83329], [-96.32184, 15.83297]]]}}, {"id": "1616820", "type": "Feature", "properties": {"id": "1616820", "CVEGEO": "2041300010224020", "POBTOT": 40.0, "score_nse": 0.0, "NSE": "ND", "VIVTOT": 13.0, "GRAPROES": 8.67, "_ent": "20", "_mun": "413", "_loc": "0001"}, "geometry": {"type": "Polygon", "coordinates": [[[-96.31444, 15.83161], [-96.3142, 15.83216], [-96.31422, 15.8326], [-96.31375, 15.83265], [-96.31347, 15.83248], [-96.31378, 15.83176], [-96.31344, 15.83247], [-96.31299, 15.83226], [-96.3135, 15.83137], [-96.3135, 15.83049], [-96.31423, 15.83136], [-96.31411, 15.83155], [-96.31426, 15.8314], [-96.31444, 15.83161]]]}}, {"id": "1616821", "type": "Feature", "properties": {"id": "1616821", "CVEGEO": "2041300010224015", "POBTOT": 127.0, "score_nse": 0.0, "NSE": "ND", "VIVTOT": 35.0, "GRAPROES": 7.06, "_ent": "20", "_mun": "413", "_loc": "0001"}, "geometry": {"type": "Polygon", "coordinates": [[[-96.3133, 15.83033], [-96.31289, 15.83096], [-96.3128, 15.83156], [-96.31225, 15.83161], [-96.31217, 15.83168], [-96.31272, 15.83164], [-96.31283, 15.83184], [-96.31287, 15.83223], [-96.31241, 15.83258], [-96.31207, 15.83161], [-96.3125, 15.83109], [-96.31209, 15.83072], [-96.31181, 15.83096], [-96.31158, 15.8304], [-96.3121, 15.83019], [-96.31158, 15.83038], [-96.31117, 15.82975], [-96.31268, 15.82959], [-96.31295, 15.82995], [-96.31249, 15.83003], [-96.31212, 15.8302], [-96.31206, 15.83051], [-96.31218, 15.83019], [-96.31303, 15.83003], [-96.3133, 15.83033]]]}}, {"id": "1616822", "type": "Feature", "properties": {"id": "1616822", "CVEGEO": "2041300010224063", "POBTOT": 39.0, "score_nse": 30.7769, "NSE": "D+", "VIVTOT": 9.0, "GRAPROES": 4.42, "_ent": "20", "_mun": "413", "_loc": "0001"}, "geometry": {"type": "Polygon", "coordinates": [[[-96.31231, 15.82959], [-96.31116, 15.82972], [-96.31112, 15.82892], [-96.31183, 15.82876], [-96.31183, 15.82932], [-96.31231, 15.82959]]]}}, {"id": "1616826", "type": "Feature", "properties": {"id": "1616826", "CVEGEO": "204130001021A015", "POBTOT": 9.0, "score_nse": 0.0, "NSE": "ND", "VIVTOT": 4.0, "GRAPROES": 7.75, "_ent": "20", "_mun": "413", "_loc": "0001"}, "geometry": {"type": "Polygon", "coordinates": [[[-96.32745, 15.83149], [-96.32729, 15.83152], [-96.32651, 15.83177], [-96.32686, 15.83128], [-96.32745, 15.83149]]]}}, {"id": "1616827", "type": "Feature", "properties": {"id": "1616827", "CVEGEO": "204130001007A068", "POBTOT": 37.0, "score_nse": 0.0, "NSE": "ND", "VIVTOT": 9.0, "GRAPROES": 8.31, "_ent": "20", "_mun": "413", "_loc": "0001"}, "geometry": {"type": "Polygon", "coordinates": [[[-96.31811, 15.82815], [-96.31806, 15.82899], [-96.31749, 15.82911], [-96.31733, 15.82866], [-96.31745, 15.82912], [-96.31714, 15.82907], [-96.31689, 15.82839], [-96.31702, 15.82813], [-96.3174, 15.82814], [-96.31745, 15.82843], [-96.31746, 15.82814], [-96.31791, 15.82815], [-96.3179, 15.82838], [-96.31795, 15.82815], [-96.31811, 15.82815]]]}}, {"id": "1616829", "type": "Feature", "properties": {"id": "1616829", "CVEGEO": "2041300010455016", "POBTOT": 41.0, "score_nse": 0.0, "NSE": "ND", "VIVTOT": 15.0, "GRAPROES": 9.36, "_ent": "20", "_mun": "413", "_loc": "0001"}, "geometry": {"type": "Polygon", "coordinates": [[[-96.31691, 15.84832], [-96.31605, 15.8481], [-96.31602, 15.8478], [-96.31655, 15.84783], [-96.31666, 15.8475], [-96.31662, 15.84717], [-96.31653, 15.84777], [-96.31602, 15.84774], [-96.31615, 15.84629], [-96.31706, 15.84619], [-96.31787, 15.84634], [-96.31779, 15.8473], [-96.31691, 15.84832]]]}}, {"id": "1616855", "type": "Feature", "properties": {"id": "1616855", "CVEGEO": "2041300010224050", "POBTOT": 29.0, "score_nse": 0.0, "NSE": "ND", "VIVTOT": 7.0, "GRAPROES": 6.7, "_ent": "20", "_mun": "413", "_loc": "0001"}, "geometry": {"type": "Polygon", "coordinates": [[[-96.31347, 15.83046], [-96.31346, 15.83138], [-96.31311, 15.83194], [-96.31305, 15.83175], [-96.31307, 15.83201], [-96.31293, 15.83227], [-96.31278, 15.83237], [-96.31292, 15.83221], [-96.31295, 15.8309], [-96.31334, 15.83034], [-96.31347, 15.83046]]]}}, {"id": "1616864", "type": "Feature", "properties": {"id": "1616864", "CVEGEO": "2041300010455001", "POBTOT": 69.0, "score_nse": 0.0, "NSE": "ND", "VIVTOT": 17.0, "GRAPROES": 6.92, "_ent": "20", "_mun": "413", "_loc": "0001"}, "geometry": {"type": "Polygon", "coordinates": [[[-96.31509, 15.84439], [-96.31527, 15.84378], [-96.31608, 15.84409], [-96.31618, 15.84451], [-96.31558, 15.84467], [-96.31618, 15.84456], [-96.31607, 15.84528], [-96.31553, 15.84513], [-96.31606, 15.84532], [-96.31605, 15.84607], [-96.31546, 15.84597], [-96.31535, 15.84578], [-96.3151, 15.8451], [-96.31477, 15.84474], [-96.31509, 15.84439]]]}}, {"id": "1616871", "type": "Feature", "properties": {"id": "1616871", "CVEGEO": "204130001007A045", "POBTOT": 76.0, "score_nse": 0.0, "NSE": "ND", "VIVTOT": 24.0, "GRAPROES": 10.23, "_ent": "20", "_mun": "413", "_loc": "0001"}, "geometry": {"type": "Polygon", "coordinates": [[[-96.31907, 15.82629], [-96.32001, 15.82599], [-96.32026, 15.82633], [-96.32001, 15.82653], [-96.32029, 15.82637], [-96.32066, 15.82701], [-96.32082, 15.82811], [-96.32037, 15.8281], [-96.31985, 15.8274], [-96.32006, 15.82718], [-96.31981, 15.82735], [-96.31907, 15.82629]]]}}, {"id": "1616872", "type": "Feature", "properties": {"id": "1616872", "CVEGEO": "204130001021A003", "POBTOT": 428.0, "score_nse": 42.4547, "NSE": "C-", "VIVTOT": 150.0, "GRAPROES": 8.22, "_ent": "20", "_mun": "413", "_loc": "0001"}, "geometry": {"type": "Polygon", "coordinates": [[[-96.32832, 15.83197], [-96.32794, 15.8315], [-96.32683, 15.83122], [-96.32675, 15.83103], [-96.32675, 15.83139], [-96.32622, 15.83184], [-96.32597, 15.83098], [-96.32611, 15.83084], [-96.32595, 15.83094], [-96.32579, 15.83058], [-96.32543, 15.83071], [-96.32577, 15.83064], [-96.32607, 15.83148], [-96.32566, 15.83139], [-96.32565, 15.83152], [-96.32608, 15.83151], [-96.32618, 15.83184], [-96.32557, 15.83191], [-96.32545, 15.83151], [-96.32553, 15.83191], [-96.32491, 15.83198], [-96.32494, 15.83105], [-96.32543, 15.83104], [-96.32571, 15.83094], [-96.32494, 15.83101], [-96.32496, 15.83044], [-96.32534, 15.83047], [-96.32544, 15.83037], [-96.32448, 15.83034], [-96.32453, 15.82933], [-96.32611, 15.82941], [-96.32609, 15.82982], [-96.32672, 15.83008], [-96.3267, 15.83045], [-96.32675, 15.83009], [-96.32709, 15.83031], [-96.32685, 15.83007], [-96.32702, 15.82979], [-96.32731, 15.82987], [-96.32704, 15.82976], [-96.32723, 15.8295], [-96.32676, 15.83002], [-96.32616, 15.82978], [-96.32618, 15.82938], [-96.32609, 15.82932], [-96.32677, 15.82928], [-96.32684, 15.82904], [-96.32748, 15.82894], [-96.32684, 15.82899], [-96.32689, 15.82847], [-96.3268, 15.82897], [-96.32581, 15.82831], [-96.32511, 15.82891], [-96.32503, 15.82862], [-96.32489, 15.82848], [-96.32506, 15.82896], [-96.32464, 15.82927], [-96.32371, 15.8292], [-96.32383, 15.82661], [-96.32455, 15.82633], [-96.32474, 15.82644], [-96.32455, 15.82663], [-96.3243, 15.82719], [-96.32477, 15.8265], [-96.32573, 15.82693], [-96.32546, 15.82721], [-96.32532, 15.82756], [-96.32513, 15.82765], [-96.3249, 15.82762], [-96.32459, 15.82772], [-96.32448, 15.8279], [-96.32439, 15.82833], [-96.3246, 15.82775], [-96.3249, 15.82764], [-96.32512, 15.82767], [-96.3253, 15.82761], [-96.32564, 15.82704], [-96.32601, 15.8268], [-96.32646, 15.82677], [-96.32813, 15.82722], [-96.32822, 15.82704], [-96.32929, 15.82745], [-96.33, 15.82688], [-96.32871, 15.82891], [-96.3287, 15.83], [-96.32838, 15.83076], [-96.32861, 15.8314], [-96.32852, 15.83184], [-96.32832, 15.83197]]]}}, {"id": "1616873", "type": "Feature", "properties": {"id": "1616873", "CVEGEO": "204130001021A009", "POBTOT": 110.0, "score_nse": 0.0, "NSE": "ND", "VIVTOT": 40.0, "GRAPROES": 8.53, "_ent": "20", "_mun": "413", "_loc": "0001"}, "geometry": {"type": "Polygon", "coordinates": [[[-96.32608, 15.83288], [-96.32695, 15.83307], [-96.32696, 15.83331], [-96.327, 15.83308], [-96.32769, 15.83323], [-96.32767, 15.83381], [-96.32596, 15.83361], [-96.32608, 15.83288]]]}}, {"id": "1616874", "type": "Feature", "properties": {"id": "1616874", "CVEGEO": "2041300010224025", "POBTOT": 104.0, "score_nse": 0.0, "NSE": "ND", "VIVTOT": 31.0, "GRAPROES": 8.49, "_ent": "20", "_mun": "413", "_loc": "0001"}, "geometry": {"type": "Polygon", "coordinates": [[[-96.31706, 15.82723], [-96.31699, 15.82742], [-96.31666, 15.82741], [-96.31699, 15.82748], [-96.31697, 15.82806], [-96.31653, 15.82801], [-96.31645, 15.82781], [-96.31646, 15.82806], [-96.31697, 15.82813], [-96.3169, 15.8283], [-96.31665, 15.82813], [-96.31604, 15.82838], [-96.31597, 15.82793], [-96.31641, 15.8272], [-96.31628, 15.82672], [-96.31712, 15.82674], [-96.31759, 15.82702], [-96.31756, 15.82807], [-96.31703, 15.82806], [-96.31706, 15.82723]]]}}, {"id": "1616951", "type": "Feature", "properties": {"id": "1616951", "CVEGEO": "204130001046A004", "POBTOT": 0.0, "score_nse": 0.0, "NSE": null, "VIVTOT": 0.0, "GRAPROES": 0.0, "_ent": "20", "_mun": "413", "_loc": "0001"}, "geometry": {"type": "Polygon", "coordinates": [[[-96.30739, 15.82682], [-96.307, 15.82718], [-96.30667, 15.82689], [-96.30625, 15.82698], [-96.30602, 15.82665], [-96.30639, 15.82632], [-96.30657, 15.82644], [-96.3075, 15.8261], [-96.30739, 15.82682]]]}}, {"id": "1616963", "type": "Feature", "properties": {"id": "1616963", "CVEGEO": "2041300010224035", "POBTOT": 88.0, "score_nse": 40.0293, "NSE": "D+", "VIVTOT": 32.0, "GRAPROES": 7.48, "_ent": "20", "_mun": "413", "_loc": "0001"}, "geometry": {"type": "Polygon", "coordinates": [[[-96.31771, 15.8406], [-96.31742, 15.84082], [-96.31708, 15.8405], [-96.31739, 15.84085], [-96.3172, 15.84123], [-96.31672, 15.8407], [-96.31677, 15.84082], [-96.31608, 15.84104], [-96.31581, 15.84131], [-96.31573, 15.84173], [-96.31254, 15.83517], [-96.31283, 15.83466], [-96.31397, 15.8355], [-96.31423, 15.83563], [-96.31476, 15.83633], [-96.31516, 15.83671], [-96.31425, 15.8356], [-96.31293, 15.83465], [-96.31421, 15.83476], [-96.31427, 15.8349], [-96.31473, 15.83516], [-96.31424, 15.83478], [-96.31488, 15.83468], [-96.3154, 15.83564], [-96.31536, 15.83599], [-96.31506, 15.83572], [-96.31519, 15.83595], [-96.31582, 15.83631], [-96.31571, 15.83743], [-96.3152, 15.83727], [-96.31482, 15.83723], [-96.31571, 15.83746], [-96.31563, 15.83809], [-96.31456, 15.83846], [-96.31479, 15.8393], [-96.31461, 15.83847], [-96.31564, 15.83814], [-96.31593, 15.83858], [-96.31555, 15.83883], [-96.31595, 15.83863], [-96.31628, 15.83914], [-96.31599, 15.83932], [-96.31582, 15.83914], [-96.31594, 15.83936], [-96.31631, 15.83918], [-96.31667, 15.8397], [-96.31771, 15.8406]]]}}, {"id": "1616964", "type": "Feature", "properties": {"id": "1616964", "CVEGEO": "2041300010370002", "POBTOT": 18.0, "score_nse": 0.0, "NSE": "ND", "VIVTOT": 8.0, "GRAPROES": 10.53, "_ent": "20", "_mun": "413", "_loc": "0001"}, "geometry": {"type": "Polygon", "coordinates": [[[-96.31905, 15.82279], [-96.31824, 15.82332], [-96.31802, 15.82303], [-96.31883, 15.8225], [-96.31905, 15.82279]]]}}, {"id": "1616965", "type": "Feature", "properties": {"id": "1616965", "CVEGEO": "2041300010370006", "POBTOT": 0.0, "score_nse": 0.0, "NSE": null, "VIVTOT": 0.0, "GRAPROES": 0.0, "_ent": "20", "_mun": "413", "_loc": "0001"}, "geometry": {"type": "Polygon", "coordinates": [[[-96.32018, 15.82286], [-96.31934, 15.82305], [-96.3189, 15.82245], [-96.3196, 15.82196], [-96.32018, 15.82286]]]}}, {"id": "1616970", "type": "Feature", "properties": {"id": "1616970", "CVEGEO": "204130001046A005", "POBTOT": 0.0, "score_nse": 0.0, "NSE": null, "VIVTOT": 0.0, "GRAPROES": 0.0, "_ent": "20", "_mun": "413", "_loc": "0001"}, "geometry": {"type": "Polygon", "coordinates": [[[-96.3088, 15.82752], [-96.30903, 15.82839], [-96.3089, 15.82864], [-96.30852, 15.82749], [-96.3088, 15.82752]]]}}, {"id": "1616971", "type": "Feature", "properties": {"id": "1616971", "CVEGEO": "204130001046A006", "POBTOT": 0.0, "score_nse": 0.0, "NSE": null, "VIVTOT": 0.0, "GRAPROES": 0.0, "_ent": "20", "_mun": "413", "_loc": "0001"}, "geometry": {"type": "Polygon", "coordinates": [[[-96.30901, 15.82847], [-96.31069, 15.8309], [-96.31111, 15.83213], [-96.31085, 15.83245], [-96.31063, 15.83103], [-96.30907, 15.82905], [-96.30901, 15.82847]]]}}, {"id": "1616972", "type": "Feature", "properties": {"id": "1616972", "CVEGEO": "204130001007A022", "POBTOT": 51.0, "score_nse": 46.6766, "NSE": "C-", "VIVTOT": 28.0, "GRAPROES": 10.41, "_ent": "20", "_mun": "413", "_loc": "0001"}, "geometry": {"type": "Polygon", "coordinates": [[[-96.31785, 15.82909], [-96.31816, 15.82906], [-96.31809, 15.82944], [-96.31819, 15.82906], [-96.31902, 15.8291], [-96.31908, 15.82975], [-96.31865, 15.82983], [-96.31909, 15.82979], [-96.31929, 15.8302], [-96.31742, 15.83015], [-96.31718, 15.82988], [-96.3179, 15.82958], [-96.31785, 15.82909]]]}}, {"id": "1616973", "type": "Feature", "properties": {"id": "1616973", "CVEGEO": "204130001007A069", "POBTOT": 0.0, "score_nse": 0.0, "NSE": null, "VIVTOT": 0.0, "GRAPROES": 0.0, "_ent": "20", "_mun": "413", "_loc": "0001"}, "geometry": {"type": "Polygon", "coordinates": [[[-96.3178, 15.82908], [-96.31785, 15.82955], [-96.31716, 15.82984], [-96.31701, 15.82956], [-96.31717, 15.82915], [-96.3178, 15.82908]]]}}, {"id": "1616974", "type": "Feature", "properties": {"id": "1616974", "CVEGEO": "2041300010224075", "POBTOT": 31.0, "score_nse": 0.0, "NSE": "ND", "VIVTOT": 13.0, "GRAPROES": 6.32, "_ent": "20", "_mun": "413", "_loc": "0001"}, "geometry": {"type": "Polygon", "coordinates": [[[-96.31714, 15.82989], [-96.3174, 15.83015], [-96.31627, 15.83019], [-96.31614, 15.82939], [-96.31623, 15.83019], [-96.31594, 15.83018], [-96.31582, 15.82907], [-96.31639, 15.82898], [-96.31677, 15.82991], [-96.31714, 15.82989]]]}}, {"id": "1616975", "type": "Feature", "properties": {"id": "1616975", "CVEGEO": "2041300010224076", "POBTOT": 0.0, "score_nse": 0.0, "NSE": null, "VIVTOT": 0.0, "GRAPROES": 0.0, "_ent": "20", "_mun": "413", "_loc": "0001"}, "geometry": {"type": "Polygon", "coordinates": [[[-96.31708, 15.82912], [-96.31692, 15.82956], [-96.31711, 15.82985], [-96.31686, 15.82993], [-96.31645, 15.82896], [-96.31671, 15.82895], [-96.31692, 15.82938], [-96.31685, 15.82906], [-96.31708, 15.82912]]]}}]}