{"type": "FeatureCollection", "features": [{"id": "1356933", "type": "Feature", "properties": {"id": "1356933", "CVEGEO": "170240134039A010", "POBTOT": 0.0, "score_nse": 0.0, "NSE": null, "VIVTOT": 0.0, "GRAPROES": 0.0, "_ent": "17", "_mun": "024", "_loc": "0134"}, "geometry": {"type": "Polygon", "coordinates": [[[-99.1899, 18.73934], [-99.19091, 18.73918], [-99.19095, 18.73933], [-99.18995, 18.73951], [-99.1899, 18.73934]]]}}, {"id": "1356934", "type": "Feature", "properties": {"id": "1356934", "CVEGEO": "170240134039A009", "POBTOT": 0.0, "score_nse": 0.0, "NSE": null, "VIVTOT": 0.0, "GRAPROES": 0.0, "_ent": "17", "_mun": "024", "_loc": "0134"}, "geometry": {"type": "Polygon", "coordinates": [[[-99.19116, 18.73915], [-99.19122, 18.73983], [-99.19114, 18.7399], [-99.19101, 18.73917], [-99.19116, 18.73915]]]}}, {"id": "1356935", "type": "Feature", "properties": {"id": "1356935", "CVEGEO": "170240134039A008", "POBTOT": 0.0, "score_nse": 0.0, "NSE": null, "VIVTOT": 0.0, "GRAPROES": 0.0, "_ent": "17", "_mun": "024", "_loc": "0134"}, "geometry": {"type": "Polygon", "coordinates": [[[-99.19093, 18.73976], [-99.18991, 18.73992], [-99.18988, 18.73988], [-99.18991, 18.7396], [-99.19085, 18.73946], [-99.19093, 18.73976]]]}}, {"id": "1356936", "type": "Feature", "properties": {"id": "1356936", "CVEGEO": "170240134039A005", "POBTOT": 0.0, "score_nse": 0.0, "NSE": null, "VIVTOT": 0.0, "GRAPROES": 0.0, "_ent": "17", "_mun": "024", "_loc": "0134"}, "geometry": {"type": "Polygon", "coordinates": [[[-99.19091, 18.74141], [-99.1907, 18.74147], [-99.19064, 18.74133], [-99.19114, 18.74079], [-99.19111, 18.74013], [-99.19126, 18.74004], [-99.19137, 18.74066], [-99.19091, 18.74141]]]}}, {"id": "1356937", "type": "Feature", "properties": {"id": "1356937", "CVEGEO": "170240134039A004", "POBTOT": 0.0, "score_nse": 0.0, "NSE": null, "VIVTOT": 0.0, "GRAPROES": 0.0, "_ent": "17", "_mun": "024", "_loc": "0134"}, "geometry": {"type": "Polygon", "coordinates": [[[-99.19101, 18.74015], [-99.18996, 18.74031], [-99.18989, 18.74003], [-99.19097, 18.73986], [-99.19101, 18.74015]]]}}, {"id": "1356938", "type": "Feature", "properties": {"id": "1356938", "CVEGEO": "170240134039A003", "POBTOT": 0.0, "score_nse": 0.0, "NSE": null, "VIVTOT": 0.0, "GRAPROES": 0.0, "_ent": "17", "_mun": "024", "_loc": "0134"}, "geometry": {"type": "Polygon", "coordinates": [[[-99.18966, 18.73944], [-99.18982, 18.73935], [-99.18977, 18.73987], [-99.18995, 18.74051], [-99.19065, 18.74147], [-99.19048, 18.74153], [-99.18978, 18.74057], [-99.18966, 18.73944]]]}}, {"id": "1356939", "type": "Feature", "properties": {"id": "1356939", "CVEGEO": "170240134039A002", "POBTOT": 0.0, "score_nse": 0.0, "NSE": null, "VIVTOT": 0.0, "GRAPROES": 0.0, "_ent": "17", "_mun": "024", "_loc": "0134"}, "geometry": {"type": "Polygon", "coordinates": [[[-99.19109, 18.74064], [-99.19082, 18.74115], [-99.19059, 18.74125], [-99.19023, 18.7408], [-99.19109, 18.74064]]]}}, {"id": "1356940", "type": "Feature", "properties": {"id": "1356940", "CVEGEO": "170240134039A001", "POBTOT": 0.0, "score_nse": 0.0, "NSE": null, "VIVTOT": 0.0, "GRAPROES": 0.0, "_ent": "17", "_mun": "024", "_loc": "0134"}, "geometry": {"type": "Polygon", "coordinates": [[[-99.19112, 18.74053], [-99.19018, 18.74069], [-99.19, 18.74043], [-99.19105, 18.74023], [-99.19112, 18.74053]]]}}, {"id": "1356941", "type": "Feature", "properties": {"id": "1356941", "CVEGEO": "170240138039A133", "POBTOT": 0.0, "score_nse": 0.0, "NSE": null, "VIVTOT": 0.0, "GRAPROES": 0.0, "_ent": "17", "_mun": "024", "_loc": "0138"}, "geometry": {"type": "Polygon", "coordinates": [[[-99.18261, 18.73863], [-99.18241, 18.73858], [-99.18251, 18.7385], [-99.18261, 18.73863]]]}}, {"id": "1356942", "type": "Feature", "properties": {"id": "1356942", "CVEGEO": "170240138039A126", "POBTOT": 0.0, "score_nse": 0.0, "NSE": null, "VIVTOT": 0.0, "GRAPROES": 0.0, "_ent": "17", "_mun": "024", "_loc": "0138"}, "geometry": {"type": "Polygon", "coordinates": [[[-99.18135, 18.73863], [-99.18108, 18.73867], [-99.18109, 18.7386], [-99.18135, 18.73863]]]}}, {"id": "1356943", "type": "Feature", "properties": {"id": "1356943", "CVEGEO": "170240138039A122", "POBTOT": 0.0, "score_nse": 0.0, "NSE": null, "VIVTOT": 0.0, "GRAPROES": 0.0, "_ent": "17", "_mun": "024", "_loc": "0138"}, "geometry": {"type": "Polygon", "coordinates": [[[-99.18191, 18.73906], [-99.18211, 18.73941], [-99.18186, 18.73911], [-99.18191, 18.73906]]]}}, {"id": "1356944", "type": "Feature", "properties": {"id": "1356944", "CVEGEO": "170240138039A119", "POBTOT": 0.0, "score_nse": 0.0, "NSE": null, "VIVTOT": 0.0, "GRAPROES": 0.0, "_ent": "17", "_mun": "024", "_loc": "0138"}, "geometry": {"type": "Polygon", "coordinates": [[[-99.18173, 18.73928], [-99.18191, 18.73959], [-99.18168, 18.73933], [-99.18173, 18.73928]]]}}, {"id": "1356945", "type": "Feature", "properties": {"id": "1356945", "CVEGEO": "170240138039A096", "POBTOT": 0.0, "score_nse": 0.0, "NSE": null, "VIVTOT": 0.0, "GRAPROES": 0.0, "_ent": "17", "_mun": "024", "_loc": "0138"}, "geometry": {"type": "Polygon", "coordinates": [[[-99.18367, 18.74001], [-99.18379, 18.74026], [-99.18362, 18.74006], [-99.18367, 18.74001]]]}}, {"id": "1356946", "type": "Feature", "properties": {"id": "1356946", "CVEGEO": "170240138039A047", "POBTOT": 0.0, "score_nse": 0.0, "NSE": null, "VIVTOT": 0.0, "GRAPROES": 0.0, "_ent": "17", "_mun": "024", "_loc": "0138"}, "geometry": {"type": "Polygon", "coordinates": [[[-99.18438, 18.73888], [-99.18429, 18.73894], [-99.18431, 18.73886], [-99.18438, 18.73888]]]}}, {"id": "1356947", "type": "Feature", "properties": {"id": "1356947", "CVEGEO": "170240138039A061", "POBTOT": 0.0, "score_nse": 0.0, "NSE": null, "VIVTOT": 0.0, "GRAPROES": 0.0, "_ent": "17", "_mun": "024", "_loc": "0138"}, "geometry": {"type": "Polygon", "coordinates": [[[-99.18643, 18.74017], [-99.18642, 18.74046], [-99.18634, 18.74019], [-99.18643, 18.74017]]]}}, {"id": "1356948", "type": "Feature", "properties": {"id": "1356948", "CVEGEO": "170240138039A034", "POBTOT": 0.0, "score_nse": 0.0, "NSE": null, "VIVTOT": 0.0, "GRAPROES": 0.0, "_ent": "17", "_mun": "024", "_loc": "0138"}, "geometry": {"type": "Polygon", "coordinates": [[[-99.18457, 18.73962], [-99.18466, 18.73932], [-99.18473, 18.73935], [-99.18457, 18.73962]]]}}, {"id": "1356949", "type": "Feature", "properties": {"id": "1356949", "CVEGEO": "170240138039A033", "POBTOT": 0.0, "score_nse": 0.0, "NSE": null, "VIVTOT": 0.0, "GRAPROES": 0.0, "_ent": "17", "_mun": "024", "_loc": "0138"}, "geometry": {"type": "Polygon", "coordinates": [[[-99.18455, 18.73966], [-99.18432, 18.7399], [-99.18447, 18.73963], [-99.18455, 18.73966]]]}}, {"id": "1356950", "type": "Feature", "properties": {"id": "1356950", "CVEGEO": "170240138039A008", "POBTOT": 0.0, "score_nse": 0.0, "NSE": null, "VIVTOT": 0.0, "GRAPROES": 0.0, "_ent": "17", "_mun": "024", "_loc": "0138"}, "geometry": {"type": "Polygon", "coordinates": [[[-99.18639, 18.74146], [-99.18623, 18.74166], [-99.18618, 18.7416], [-99.18639, 18.74146]]]}}, {"id": "1356951", "type": "Feature", "properties": {"id": "1356951", "CVEGEO": "170240138039A154", "POBTOT": 0.0, "score_nse": 0.0, "NSE": null, "VIVTOT": 0.0, "GRAPROES": 0.0, "_ent": "17", "_mun": "024", "_loc": "0138"}, "geometry": {"type": "Polygon", "coordinates": [[[-99.18192, 18.74062], [-99.18166, 18.74033], [-99.18197, 18.74058], [-99.18192, 18.74062]]]}}, {"id": "1356952", "type": "Feature", "properties": {"id": "1356952", "CVEGEO": "170240138039A156", "POBTOT": 0.0, "score_nse": 0.0, "NSE": null, "VIVTOT": 0.0, "GRAPROES": 0.0, "_ent": "17", "_mun": "024", "_loc": "0138"}, "geometry": {"type": "Polygon", "coordinates": [[[-99.18234, 18.74033], [-99.18197, 18.74053], [-99.1823, 18.74028], [-99.18234, 18.74033]]]}}, {"id": "1356953", "type": "Feature", "properties": {"id": "1356953", "CVEGEO": "170240138039A155", "POBTOT": 0.0, "score_nse": 0.0, "NSE": null, "VIVTOT": 0.0, "GRAPROES": 0.0, "_ent": "17", "_mun": "024", "_loc": "0138"}, "geometry": {"type": "Polygon", "coordinates": [[[-99.18227, 18.74024], [-99.18211, 18.74019], [-99.18218, 18.74014], [-99.18227, 18.74024]]]}}, {"id": "1356954", "type": "Feature", "properties": {"id": "1356954", "CVEGEO": "170240138039A162", "POBTOT": 0.0, "score_nse": 0.0, "NSE": null, "VIVTOT": 0.0, "GRAPROES": 0.0, "_ent": "17", "_mun": "024", "_loc": "0138"}, "geometry": {"type": "Polygon", "coordinates": [[[-99.18137, 18.73837], [-99.18107, 18.73826], [-99.18139, 18.73825], [-99.18137, 18.73837]]]}}, {"id": "1356955", "type": "Feature", "properties": {"id": "1356955", "CVEGEO": "170240138039A161", "POBTOT": 0.0, "score_nse": 0.0, "NSE": null, "VIVTOT": 0.0, "GRAPROES": 0.0, "_ent": "17", "_mun": "024", "_loc": "0138"}, "geometry": {"type": "Polygon", "coordinates": [[[-99.18168, 18.73853], [-99.1817, 18.73829], [-99.18182, 18.7383], [-99.18179, 18.73854], [-99.18168, 18.73853]]]}}, {"id": "1356956", "type": "Feature", "properties": {"id": "1356956", "CVEGEO": "170240138039A160", "POBTOT": 0.0, "score_nse": 0.0, "NSE": null, "VIVTOT": 0.0, "GRAPROES": 0.0, "_ent": "17", "_mun": "024", "_loc": "0138"}, "geometry": {"type": "Polygon", "coordinates": [[[-99.18087, 18.73853], [-99.18167, 18.73858], [-99.18167, 18.73864], [-99.18087, 18.73853]]]}}, {"id": "1356957", "type": "Feature", "properties": {"id": "1356957", "CVEGEO": "170240138039A152", "POBTOT": 0.0, "score_nse": 0.0, "NSE": null, "VIVTOT": 0.0, "GRAPROES": 0.0, "_ent": "17", "_mun": "024", "_loc": "0138"}, "geometry": {"type": "Polygon", "coordinates": [[[-99.18143, 18.74037], [-99.18061, 18.73975], [-99.18147, 18.7403], [-99.18143, 18.74037]]]}}, {"id": "1356958", "type": "Feature", "properties": {"id": "1356958", "CVEGEO": "170240138039A157", "POBTOT": 0.0, "score_nse": 0.0, "NSE": null, "VIVTOT": 0.0, "GRAPROES": 0.0, "_ent": "17", "_mun": "024", "_loc": "0138"}, "geometry": {"type": "Polygon", "coordinates": [[[-99.18079, 18.73941], [-99.18157, 18.73998], [-99.18074, 18.73949], [-99.18079, 18.73941]]]}}, {"id": "1356959", "type": "Feature", "properties": {"id": "1356959", "CVEGEO": "170240138039A158", "POBTOT": 0.0, "score_nse": 0.0, "NSE": null, "VIVTOT": 0.0, "GRAPROES": 0.0, "_ent": "17", "_mun": "024", "_loc": "0138"}, "geometry": {"type": "Polygon", "coordinates": [[[-99.18165, 18.73947], [-99.18189, 18.73963], [-99.18184, 18.73968], [-99.18165, 18.73947]]]}}, {"id": "1356960", "type": "Feature", "properties": {"id": "1356960", "CVEGEO": "170240138039A159", "POBTOT": 0.0, "score_nse": 0.0, "NSE": null, "VIVTOT": 0.0, "GRAPROES": 0.0, "_ent": "17", "_mun": "024", "_loc": "0138"}, "geometry": {"type": "Polygon", "coordinates": [[[-99.18159, 18.73941], [-99.18084, 18.73924], [-99.1816, 18.73933], [-99.18159, 18.73941]]]}}, {"id": "1356961", "type": "Feature", "properties": {"id": "1356961", "CVEGEO": "170240138039A153", "POBTOT": 0.0, "score_nse": 0.0, "NSE": null, "VIVTOT": 0.0, "GRAPROES": 0.0, "_ent": "17", "_mun": "024", "_loc": "0138"}, "geometry": {"type": "Polygon", "coordinates": [[[-99.18156, 18.74], [-99.18068, 18.73955], [-99.18071, 18.73948], [-99.18156, 18.74]]]}}, {"id": "1356962", "type": "Feature", "properties": {"id": "1356962", "CVEGEO": "170240138039A141", "POBTOT": 0.0, "score_nse": 0.0, "NSE": null, "VIVTOT": 0.0, "GRAPROES": 0.0, "_ent": "17", "_mun": "024", "_loc": "0138"}, "geometry": {"type": "Polygon", "coordinates": [[[-99.18442, 18.74134], [-99.18441, 18.74148], [-99.18435, 18.74144], [-99.18442, 18.74134]]]}}, {"id": "1356963", "type": "Feature", "properties": {"id": "1356963", "CVEGEO": "170240138039A140", "POBTOT": 0.0, "score_nse": 0.0, "NSE": null, "VIVTOT": 0.0, "GRAPROES": 0.0, "_ent": "17", "_mun": "024", "_loc": "0138"}, "geometry": {"type": "Polygon", "coordinates": [[[-99.18183, 18.738], [-99.18139, 18.73786], [-99.18184, 18.73792], [-99.18183, 18.738]]]}}, {"id": "1356964", "type": "Feature", "properties": {"id": "1356964", "CVEGEO": "170240138039A138", "POBTOT": 0.0, "score_nse": 0.0, "NSE": null, "VIVTOT": 0.0, "GRAPROES": 0.0, "_ent": "17", "_mun": "024", "_loc": "0138"}, "geometry": {"type": "Polygon", "coordinates": [[[-99.18047, 18.73779], [-99.17969, 18.73771], [-99.1797, 18.73763], [-99.18047, 18.73779]]]}}, {"id": "1356965", "type": "Feature", "properties": {"id": "1356965", "CVEGEO": "170240138039A137", "POBTOT": 0.0, "score_nse": 0.0, "NSE": null, "VIVTOT": 0.0, "GRAPROES": 0.0, "_ent": "17", "_mun": "024", "_loc": "0138"}, "geometry": {"type": "Polygon", "coordinates": [[[-99.17979, 18.73778], [-99.17969, 18.7379], [-99.1797, 18.73776], [-99.17979, 18.73778]]]}}, {"id": "1356966", "type": "Feature", "properties": {"id": "1356966", "CVEGEO": "170240138039A136", "POBTOT": 0.0, "score_nse": 0.0, "NSE": null, "VIVTOT": 0.0, "GRAPROES": 0.0, "_ent": "17", "_mun": "024", "_loc": "0138"}, "geometry": {"type": "Polygon", "coordinates": [[[-99.18002, 18.73793], [-99.17981, 18.73794], [-99.17983, 18.73787], [-99.18002, 18.73793]]]}}, {"id": "1356967", "type": "Feature", "properties": {"id": "1356967", "CVEGEO": "170240138039A135", "POBTOT": 0.0, "score_nse": 0.0, "NSE": null, "VIVTOT": 0.0, "GRAPROES": 0.0, "_ent": "17", "_mun": "024", "_loc": "0138"}, "geometry": {"type": "Polygon", "coordinates": [[[-99.18073, 18.73811], [-99.18006, 18.73802], [-99.18008, 18.73794], [-99.18073, 18.73811]]]}}, {"id": "1356968", "type": "Feature", "properties": {"id": "1356968", "CVEGEO": "170240138039A134", "POBTOT": 0.0, "score_nse": 0.0, "NSE": null, "VIVTOT": 0.0, "GRAPROES": 0.0, "_ent": "17", "_mun": "024", "_loc": "0138"}, "geometry": {"type": "Polygon", "coordinates": [[[-99.18267, 18.73891], [-99.18256, 18.73878], [-99.18266, 18.7387], [-99.18277, 18.73882], [-99.18267, 18.73891]]]}}, {"id": "1356969", "type": "Feature", "properties": {"id": "1356969", "CVEGEO": "170240138039A132", "POBTOT": 0.0, "score_nse": 0.0, "NSE": null, "VIVTOT": 0.0, "GRAPROES": 0.0, "_ent": "17", "_mun": "024", "_loc": "0138"}, "geometry": {"type": "Polygon", "coordinates": [[[-99.18221, 18.73846], [-99.18204, 18.73832], [-99.18222, 18.73831], [-99.18221, 18.73846]]]}}, {"id": "1356970", "type": "Feature", "properties": {"id": "1356970", "CVEGEO": "170240138039A131", "POBTOT": 0.0, "score_nse": 0.0, "NSE": null, "VIVTOT": 0.0, "GRAPROES": 0.0, "_ent": "17", "_mun": "024", "_loc": "0138"}, "geometry": {"type": "Polygon", "coordinates": [[[-99.18194, 18.73855], [-99.18182, 18.73854], [-99.18185, 18.73831], [-99.18196, 18.73832], [-99.18194, 18.73855]]]}}, {"id": "1356971", "type": "Feature", "properties": {"id": "1356971", "CVEGEO": "170240138039A130", "POBTOT": 0.0, "score_nse": 0.0, "NSE": null, "VIVTOT": 0.0, "GRAPROES": 0.0, "_ent": "17", "_mun": "024", "_loc": "0138"}, "geometry": {"type": "Polygon", "coordinates": [[[-99.18215, 18.73872], [-99.18183, 18.73861], [-99.18215, 18.73865], [-99.18215, 18.73872]]]}}, {"id": "1356972", "type": "Feature", "properties": {"id": "1356972", "CVEGEO": "170240138039A129", "POBTOT": 0.0, "score_nse": 0.0, "NSE": null, "VIVTOT": 0.0, "GRAPROES": 0.0, "_ent": "17", "_mun": "024", "_loc": "0138"}, "geometry": {"type": "Polygon", "coordinates": [[[-99.1825, 18.73912], [-99.18225, 18.7387], [-99.18257, 18.73907], [-99.1825, 18.73912]]]}}, {"id": "1356973", "type": "Feature", "properties": {"id": "1356973", "CVEGEO": "170240138039A128", "POBTOT": 0.0, "score_nse": 0.0, "NSE": null, "VIVTOT": 0.0, "GRAPROES": 0.0, "_ent": "17", "_mun": "024", "_loc": "0138"}, "geometry": {"type": "Polygon", "coordinates": [[[-99.18217, 18.73876], [-99.18242, 18.73919], [-99.18211, 18.73881], [-99.18217, 18.73876]]]}}, {"id": "1356974", "type": "Feature", "properties": {"id": "1356974", "CVEGEO": "170240138039A127", "POBTOT": 0.0, "score_nse": 0.0, "NSE": null, "VIVTOT": 0.0, "GRAPROES": 0.0, "_ent": "17", "_mun": "024", "_loc": "0138"}, "geometry": {"type": "Polygon", "coordinates": [[[-99.18162, 18.73874], [-99.18136, 18.73864], [-99.18162, 18.73867], [-99.18162, 18.73874]]]}}, {"id": "1356975", "type": "Feature", "properties": {"id": "1356975", "CVEGEO": "170240138039A125", "POBTOT": 0.0, "score_nse": 0.0, "NSE": null, "VIVTOT": 0.0, "GRAPROES": 0.0, "_ent": "17", "_mun": "024", "_loc": "0138"}, "geometry": {"type": "Polygon", "coordinates": [[[-99.18132, 18.73891], [-99.18101, 18.73879], [-99.18133, 18.73885], [-99.18132, 18.73891]]]}}, {"id": "1356976", "type": "Feature", "properties": {"id": "1356976", "CVEGEO": "170240138039A124", "POBTOT": 0.0, "score_nse": 0.0, "NSE": null, "VIVTOT": 0.0, "GRAPROES": 0.0, "_ent": "17", "_mun": "024", "_loc": "0138"}, "geometry": {"type": "Polygon", "coordinates": [[[-99.18187, 18.73898], [-99.18136, 18.73885], [-99.18188, 18.73892], [-99.18187, 18.73898]]]}}, {"id": "1356977", "type": "Feature", "properties": {"id": "1356977", "CVEGEO": "170240138039A123", "POBTOT": 0.0, "score_nse": 0.0, "NSE": null, "VIVTOT": 0.0, "GRAPROES": 0.0, "_ent": "17", "_mun": "024", "_loc": "0138"}, "geometry": {"type": "Polygon", "coordinates": [[[-99.18225, 18.73931], [-99.18219, 18.73937], [-99.18193, 18.73892], [-99.18225, 18.73931]]]}}, {"id": "1356978", "type": "Feature", "properties": {"id": "1356978", "CVEGEO": "170240138039A121", "POBTOT": 0.0, "score_nse": 0.0, "NSE": null, "VIVTOT": 0.0, "GRAPROES": 0.0, "_ent": "17", "_mun": "024", "_loc": "0138"}, "geometry": {"type": "Polygon", "coordinates": [[[-99.18185, 18.7391], [-99.18097, 18.73891], [-99.18186, 18.73901], [-99.18185, 18.7391]]]}}, {"id": "1356979", "type": "Feature", "properties": {"id": "1356979", "CVEGEO": "170240138039A120", "POBTOT": 0.0, "score_nse": 0.0, "NSE": null, "VIVTOT": 0.0, "GRAPROES": 0.0, "_ent": "17", "_mun": "024", "_loc": "0138"}, "geometry": {"type": "Polygon", "coordinates": [[[-99.1809, 18.73923], [-99.18091, 18.73916], [-99.18166, 18.73933], [-99.1809, 18.73923]]]}}, {"id": "1356980", "type": "Feature", "properties": {"id": "1356980", "CVEGEO": "170240138039A114", "POBTOT": 0.0, "score_nse": 0.0, "NSE": null, "VIVTOT": 0.0, "GRAPROES": 0.0, "_ent": "17", "_mun": "024", "_loc": "0138"}, "geometry": {"type": "Polygon", "coordinates": [[[-99.18335, 18.73964], [-99.18339, 18.7398], [-99.18329, 18.73969], [-99.18335, 18.73964]]]}}, {"id": "1356981", "type": "Feature", "properties": {"id": "1356981", "CVEGEO": "170240138039A113", "POBTOT": 0.0, "score_nse": 0.0, "NSE": null, "VIVTOT": 0.0, "GRAPROES": 0.0, "_ent": "17", "_mun": "024", "_loc": "0138"}, "geometry": {"type": "Polygon", "coordinates": [[[-99.18326, 18.73952], [-99.18328, 18.73968], [-99.1832, 18.73957], [-99.18326, 18.73952]]]}}, {"id": "1356982", "type": "Feature", "properties": {"id": "1356982", "CVEGEO": "170240138039A112", "POBTOT": 0.0, "score_nse": 0.0, "NSE": null, "VIVTOT": 0.0, "GRAPROES": 0.0, "_ent": "17", "_mun": "024", "_loc": "0138"}, "geometry": {"type": "Polygon", "coordinates": [[[-99.18316, 18.73941], [-99.18318, 18.73955], [-99.1831, 18.73944], [-99.18316, 18.73941]]]}}, {"id": "1356983", "type": "Feature", "properties": {"id": "1356983", "CVEGEO": "170240138039A110", "POBTOT": 0.0, "score_nse": 0.0, "NSE": null, "VIVTOT": 0.0, "GRAPROES": 0.0, "_ent": "17", "_mun": "024", "_loc": "0138"}, "geometry": {"type": "Polygon", "coordinates": [[[-99.18287, 18.73959], [-99.18302, 18.73968], [-99.18297, 18.73971], [-99.18287, 18.73959]]]}}, {"id": "1356984", "type": "Feature", "properties": {"id": "1356984", "CVEGEO": "170240138039A109", "POBTOT": 0.0, "score_nse": 0.0, "NSE": null, "VIVTOT": 0.0, "GRAPROES": 0.0, "_ent": "17", "_mun": "024", "_loc": "0138"}, "geometry": {"type": "Polygon", "coordinates": [[[-99.18302, 18.73969], [-99.18305, 18.73983], [-99.18296, 18.73973], [-99.18302, 18.73969]]]}}, {"id": "1356985", "type": "Feature", "properties": {"id": "1356985", "CVEGEO": "170240138039A108", "POBTOT": 0.0, "score_nse": 0.0, "NSE": null, "VIVTOT": 0.0, "GRAPROES": 0.0, "_ent": "17", "_mun": "024", "_loc": "0138"}, "geometry": {"type": "Polygon", "coordinates": [[[-99.18312, 18.73981], [-99.18314, 18.73995], [-99.18305, 18.73985], [-99.18312, 18.73981]]]}}, {"id": "1356986", "type": "Feature", "properties": {"id": "1356986", "CVEGEO": "170240138039A107", "POBTOT": 0.0, "score_nse": 0.0, "NSE": null, "VIVTOT": 0.0, "GRAPROES": 0.0, "_ent": "17", "_mun": "024", "_loc": "0138"}, "geometry": {"type": "Polygon", "coordinates": [[[-99.18285, 18.73968], [-99.1832, 18.74017], [-99.18279, 18.73971], [-99.18285, 18.73968]]]}}, {"id": "1356987", "type": "Feature", "properties": {"id": "1356987", "CVEGEO": "170240138039A105", "POBTOT": 0.0, "score_nse": 0.0, "NSE": null, "VIVTOT": 0.0, "GRAPROES": 0.0, "_ent": "17", "_mun": "024", "_loc": "0138"}, "geometry": {"type": "Polygon", "coordinates": [[[-99.18259, 18.73977], [-99.18263, 18.73992], [-99.18254, 18.73981], [-99.18259, 18.73977]]]}}, {"id": "1356988", "type": "Feature", "properties": {"id": "1356988", "CVEGEO": "170240138039A104", "POBTOT": 0.0, "score_nse": 0.0, "NSE": null, "VIVTOT": 0.0, "GRAPROES": 0.0, "_ent": "17", "_mun": "024", "_loc": "0138"}, "geometry": {"type": "Polygon", "coordinates": [[[-99.18269, 18.73989], [-99.18273, 18.74003], [-99.18264, 18.73992], [-99.18269, 18.73989]]]}}, {"id": "1356989", "type": "Feature", "properties": {"id": "1356989", "CVEGEO": "170240138039A103", "POBTOT": 0.0, "score_nse": 0.0, "NSE": null, "VIVTOT": 0.0, "GRAPROES": 0.0, "_ent": "17", "_mun": "024", "_loc": "0138"}, "geometry": {"type": "Polygon", "coordinates": [[[-99.18278, 18.74001], [-99.18283, 18.74014], [-99.18274, 18.74004], [-99.18278, 18.74001]]]}}, {"id": "1356990", "type": "Feature", "properties": {"id": "1356990", "CVEGEO": "170240138039A102", "POBTOT": 0.0, "score_nse": 0.0, "NSE": null, "VIVTOT": 0.0, "GRAPROES": 0.0, "_ent": "17", "_mun": "024", "_loc": "0138"}, "geometry": {"type": "Polygon", "coordinates": [[[-99.18288, 18.74012], [-99.18292, 18.74026], [-99.18284, 18.74015], [-99.18288, 18.74012]]]}}, {"id": "1356991", "type": "Feature", "properties": {"id": "1356991", "CVEGEO": "170240138039A101", "POBTOT": 0.0, "score_nse": 0.0, "NSE": null, "VIVTOT": 0.0, "GRAPROES": 0.0, "_ent": "17", "_mun": "024", "_loc": "0138"}, "geometry": {"type": "Polygon", "coordinates": [[[-99.18269, 18.74006], [-99.18281, 18.74031], [-99.18264, 18.7401], [-99.18269, 18.74006]]]}}, {"id": "1356992", "type": "Feature", "properties": {"id": "1356992", "CVEGEO": "170240138039A100", "POBTOT": 0.0, "score_nse": 0.0, "NSE": null, "VIVTOT": 0.0, "GRAPROES": 0.0, "_ent": "17", "_mun": "024", "_loc": "0138"}, "geometry": {"type": "Polygon", "coordinates": [[[-99.18251, 18.73984], [-99.18263, 18.74009], [-99.18246, 18.73987], [-99.18251, 18.73984]]]}}, {"id": "1356993", "type": "Feature", "properties": {"id": "1356993", "CVEGEO": "170240138039A099", "POBTOT": 0.0, "score_nse": 0.0, "NSE": null, "VIVTOT": 0.0, "GRAPROES": 0.0, "_ent": "17", "_mun": "024", "_loc": "0138"}, "geometry": {"type": "Polygon", "coordinates": [[[-99.18227, 18.74006], [-99.18239, 18.7403], [-99.18221, 18.7401], [-99.18227, 18.74006]]]}}, {"id": "1356994", "type": "Feature", "properties": {"id": "1356994", "CVEGEO": "170240138039A098", "POBTOT": 0.0, "score_nse": 0.0, "NSE": null, "VIVTOT": 0.0, "GRAPROES": 0.0, "_ent": "17", "_mun": "024", "_loc": "0138"}, "geometry": {"type": "Polygon", "coordinates": [[[-99.1825, 18.74024], [-99.1826, 18.74049], [-99.18243, 18.74029], [-99.1825, 18.74024]]]}}, {"id": "1356995", "type": "Feature", "properties": {"id": "1356995", "CVEGEO": "170240138039A097", "POBTOT": 0.0, "score_nse": 0.0, "NSE": null, "VIVTOT": 0.0, "GRAPROES": 0.0, "_ent": "17", "_mun": "024", "_loc": "0138"}, "geometry": {"type": "Polygon", "coordinates": [[[-99.18273, 18.74027], [-99.18268, 18.7404], [-99.18264, 18.74034], [-99.18273, 18.74027]]]}}, {"id": "1356996", "type": "Feature", "properties": {"id": "1356996", "CVEGEO": "170240138039A057", "POBTOT": 0.0, "score_nse": 0.0, "NSE": null, "VIVTOT": 0.0, "GRAPROES": 0.0, "_ent": "17", "_mun": "024", "_loc": "0138"}, "geometry": {"type": "Polygon", "coordinates": [[[-99.183, 18.73828], [-99.18319, 18.73862], [-99.18293, 18.73834], [-99.183, 18.73828]]]}}, {"id": "1356997", "type": "Feature", "properties": {"id": "1356997", "CVEGEO": "170240138039A056", "POBTOT": 0.0, "score_nse": 0.0, "NSE": null, "VIVTOT": 0.0, "GRAPROES": 0.0, "_ent": "17", "_mun": "024", "_loc": "0138"}, "geometry": {"type": "Polygon", "coordinates": [[[-99.1827, 18.73818], [-99.1827, 18.73827], [-99.18266, 18.73821], [-99.1827, 18.73818]]]}}, {"id": "1356998", "type": "Feature", "properties": {"id": "1356998", "CVEGEO": "170240138039A055", "POBTOT": 0.0, "score_nse": 0.0, "NSE": null, "VIVTOT": 0.0, "GRAPROES": 0.0, "_ent": "17", "_mun": "024", "_loc": "0138"}, "geometry": {"type": "Polygon", "coordinates": [[[-99.18336, 18.73874], [-99.18312, 18.73882], [-99.1833, 18.73868], [-99.18336, 18.73874]]]}}, {"id": "1356999", "type": "Feature", "properties": {"id": "1356999", "CVEGEO": "170240138039A054", "POBTOT": 0.0, "score_nse": 0.0, "NSE": null, "VIVTOT": 0.0, "GRAPROES": 0.0, "_ent": "17", "_mun": "024", "_loc": "0138"}, "geometry": {"type": "Polygon", "coordinates": [[[-99.18544, 18.73869], [-99.18514, 18.73943], [-99.18507, 18.7394], [-99.18544, 18.73869]]]}}, {"id": "1357000", "type": "Feature", "properties": {"id": "1357000", "CVEGEO": "170240138039A053", "POBTOT": 0.0, "score_nse": 0.0, "NSE": null, "VIVTOT": 0.0, "GRAPROES": 0.0, "_ent": "17", "_mun": "024", "_loc": "0138"}, "geometry": {"type": "Polygon", "coordinates": [[[-99.18534, 18.73868], [-99.18501, 18.73866], [-99.18503, 18.7386], [-99.18534, 18.73868]]]}}, {"id": "1357001", "type": "Feature", "properties": {"id": "1357001", "CVEGEO": "170240138039A052", "POBTOT": 0.0, "score_nse": 0.0, "NSE": null, "VIVTOT": 0.0, "GRAPROES": 0.0, "_ent": "17", "_mun": "024", "_loc": "0138"}, "geometry": {"type": "Polygon", "coordinates": [[[-99.18495, 18.73873], [-99.18488, 18.73913], [-99.1848, 18.73912], [-99.18495, 18.73873]]]}}, {"id": "1357002", "type": "Feature", "properties": {"id": "1357002", "CVEGEO": "170240138039A051", "POBTOT": 0.0, "score_nse": 0.0, "NSE": null, "VIVTOT": 0.0, "GRAPROES": 0.0, "_ent": "17", "_mun": "024", "_loc": "0138"}, "geometry": {"type": "Polygon", "coordinates": [[[-99.18483, 18.7387], [-99.18474, 18.73917], [-99.18466, 18.73915], [-99.18483, 18.7387]]]}}, {"id": "1357003", "type": "Feature", "properties": {"id": "1357003", "CVEGEO": "170240138039A050", "POBTOT": 0.0, "score_nse": 0.0, "NSE": null, "VIVTOT": 0.0, "GRAPROES": 0.0, "_ent": "17", "_mun": "024", "_loc": "0138"}, "geometry": {"type": "Polygon", "coordinates": [[[-99.18497, 18.73857], [-99.18459, 18.73856], [-99.1846, 18.73848], [-99.18497, 18.73857]]]}}, {"id": "1357004", "type": "Feature", "properties": {"id": "1357004", "CVEGEO": "170240138039A049", "POBTOT": 0.0, "score_nse": 0.0, "NSE": null, "VIVTOT": 0.0, "GRAPROES": 0.0, "_ent": "17", "_mun": "024", "_loc": "0138"}, "geometry": {"type": "Polygon", "coordinates": [[[-99.18453, 18.73849], [-99.18446, 18.73854], [-99.18447, 18.73848], [-99.18453, 18.73849]]]}}, {"id": "1357005", "type": "Feature", "properties": {"id": "1357005", "CVEGEO": "170240138039A048", "POBTOT": 0.0, "score_nse": 0.0, "NSE": null, "VIVTOT": 0.0, "GRAPROES": 0.0, "_ent": "17", "_mun": "024", "_loc": "0138"}, "geometry": {"type": "Polygon", "coordinates": [[[-99.18449, 18.73859], [-99.18432, 18.7388], [-99.1844, 18.73857], [-99.18449, 18.73859]]]}}, {"id": "1357006", "type": "Feature", "properties": {"id": "1357006", "CVEGEO": "170240138039A037", "POBTOT": 0.0, "score_nse": 0.0, "NSE": null, "VIVTOT": 0.0, "GRAPROES": 0.0, "_ent": "17", "_mun": "024", "_loc": "0138"}, "geometry": {"type": "Polygon", "coordinates": [[[-99.1848, 18.73986], [-99.18468, 18.74015], [-99.18473, 18.73985], [-99.1848, 18.73986]]]}}, {"id": "1357007", "type": "Feature", "properties": {"id": "1357007", "CVEGEO": "170240138039A036", "POBTOT": 0.0, "score_nse": 0.0, "NSE": null, "VIVTOT": 0.0, "GRAPROES": 0.0, "_ent": "17", "_mun": "024", "_loc": "0138"}, "geometry": {"type": "Polygon", "coordinates": [[[-99.18503, 18.73958], [-99.18476, 18.73977], [-99.18496, 18.73953], [-99.18503, 18.73958]]]}}, {"id": "1357008", "type": "Feature", "properties": {"id": "1357008", "CVEGEO": "170240138039A035", "POBTOT": 0.0, "score_nse": 0.0, "NSE": null, "VIVTOT": 0.0, "GRAPROES": 0.0, "_ent": "17", "_mun": "024", "_loc": "0138"}, "geometry": {"type": "Polygon", "coordinates": [[[-99.18515, 18.73946], [-99.18482, 18.73938], [-99.18485, 18.73932], [-99.18515, 18.73946]]]}}, {"id": "1357009", "type": "Feature", "properties": {"id": "1357009", "CVEGEO": "170240138039A032", "POBTOT": 0.0, "score_nse": 0.0, "NSE": null, "VIVTOT": 0.0, "GRAPROES": 0.0, "_ent": "17", "_mun": "024", "_loc": "0138"}, "geometry": {"type": "Polygon", "coordinates": [[[-99.18452, 18.74029], [-99.18436, 18.74021], [-99.18452, 18.74023], [-99.18452, 18.74029]]]}}, {"id": "1357010", "type": "Feature", "properties": {"id": "1357010", "CVEGEO": "170240138039A031", "POBTOT": 0.0, "score_nse": 0.0, "NSE": null, "VIVTOT": 0.0, "GRAPROES": 0.0, "_ent": "17", "_mun": "024", "_loc": "0138"}, "geometry": {"type": "Polygon", "coordinates": [[[-99.18456, 18.74027], [-99.18472, 18.74021], [-99.18472, 18.74029], [-99.18456, 18.74027]]]}}, {"id": "1357011", "type": "Feature", "properties": {"id": "1357011", "CVEGEO": "170240138039A027", "POBTOT": 0.0, "score_nse": 0.0, "NSE": null, "VIVTOT": 0.0, "GRAPROES": 0.0, "_ent": "17", "_mun": "024", "_loc": "0138"}, "geometry": {"type": "Polygon", "coordinates": [[[-99.18542, 18.74033], [-99.18524, 18.74087], [-99.18535, 18.74032], [-99.18542, 18.74033]]]}}, {"id": "1357012", "type": "Feature", "properties": {"id": "1357012", "CVEGEO": "170240138039A026", "POBTOT": 0.0, "score_nse": 0.0, "NSE": null, "VIVTOT": 0.0, "GRAPROES": 0.0, "_ent": "17", "_mun": "024", "_loc": "0138"}, "geometry": {"type": "Polygon", "coordinates": [[[-99.18529, 18.74031], [-99.18515, 18.74038], [-99.18517, 18.74029], [-99.18529, 18.74031]]]}}, {"id": "1357013", "type": "Feature", "properties": {"id": "1357013", "CVEGEO": "170240138039A025", "POBTOT": 0.0, "score_nse": 0.0, "NSE": null, "VIVTOT": 0.0, "GRAPROES": 0.0, "_ent": "17", "_mun": "024", "_loc": "0138"}, "geometry": {"type": "Polygon", "coordinates": [[[-99.18514, 18.74027], [-99.18494, 18.74033], [-99.18495, 18.74025], [-99.18514, 18.74027]]]}}, {"id": "1357014", "type": "Feature", "properties": {"id": "1357014", "CVEGEO": "170240138039A022", "POBTOT": 0.0, "score_nse": 0.0, "NSE": null, "VIVTOT": 0.0, "GRAPROES": 0.0, "_ent": "17", "_mun": "024", "_loc": "0138"}, "geometry": {"type": "Polygon", "coordinates": [[[-99.1861, 18.74087], [-99.18612, 18.74106], [-99.18604, 18.74091], [-99.1861, 18.74087]]]}}, {"id": "1357015", "type": "Feature", "properties": {"id": "1357015", "CVEGEO": "170240138039A021", "POBTOT": 0.0, "score_nse": 0.0, "NSE": null, "VIVTOT": 0.0, "GRAPROES": 0.0, "_ent": "17", "_mun": "024", "_loc": "0138"}, "geometry": {"type": "Polygon", "coordinates": [[[-99.18599, 18.74082], [-99.18601, 18.74091], [-99.18596, 18.74088], [-99.18599, 18.74082]]]}}, {"id": "1357016", "type": "Feature", "properties": {"id": "1357016", "CVEGEO": "170240138039A020", "POBTOT": 0.0, "score_nse": 0.0, "NSE": null, "VIVTOT": 0.0, "GRAPROES": 0.0, "_ent": "17", "_mun": "024", "_loc": "0138"}, "geometry": {"type": "Polygon", "coordinates": [[[-99.18544, 18.74112], [-99.18535, 18.74111], [-99.18541, 18.74107], [-99.18544, 18.74112]]]}}, {"id": "1357017", "type": "Feature", "properties": {"id": "1357017", "CVEGEO": "170240138039A005", "POBTOT": 0.0, "score_nse": 0.0, "NSE": null, "VIVTOT": 0.0, "GRAPROES": 0.0, "_ent": "17", "_mun": "024", "_loc": "0138"}, "geometry": {"type": "Polygon", "coordinates": [[[-99.18606, 18.74173], [-99.18578, 18.74203], [-99.18572, 18.74198], [-99.18606, 18.74173]]]}}, {"id": "1357018", "type": "Feature", "properties": {"id": "1357018", "CVEGEO": "170240138039A004", "POBTOT": 0.0, "score_nse": 0.0, "NSE": null, "VIVTOT": 0.0, "GRAPROES": 0.0, "_ent": "17", "_mun": "024", "_loc": "0138"}, "geometry": {"type": "Polygon", "coordinates": [[[-99.18626, 18.74209], [-99.18594, 18.74222], [-99.18621, 18.74203], [-99.18626, 18.74209]]]}}, {"id": "1357019", "type": "Feature", "properties": {"id": "1357019", "CVEGEO": "170240138039A002", "POBTOT": 0.0, "score_nse": 0.0, "NSE": null, "VIVTOT": 0.0, "GRAPROES": 0.0, "_ent": "17", "_mun": "024", "_loc": "0138"}, "geometry": {"type": "Polygon", "coordinates": [[[-99.1859, 18.7408], [-99.18544, 18.74123], [-99.18539, 18.74117], [-99.1859, 18.7408]]]}}, {"id": "1357020", "type": "Feature", "properties": {"id": "1357020", "CVEGEO": "170240138039A001", "POBTOT": 0.0, "score_nse": 0.0, "NSE": null, "VIVTOT": 0.0, "GRAPROES": 0.0, "_ent": "17", "_mun": "024", "_loc": "0138"}, "geometry": {"type": "Polygon", "coordinates": [[[-99.18663, 18.74176], [-99.18637, 18.74206], [-99.18631, 18.742], [-99.18663, 18.74176]]]}}, {"id": "1357021", "type": "Feature", "properties": {"id": "1357021", "CVEGEO": "170240138039A017", "POBTOT": 0.0, "score_nse": 0.0, "NSE": null, "VIVTOT": 0.0, "GRAPROES": 0.0, "_ent": "17", "_mun": "024", "_loc": "0138"}, "geometry": {"type": "Polygon", "coordinates": [[[-99.18726, 18.74211], [-99.18718, 18.7422], [-99.18682, 18.74189], [-99.18694, 18.74181], [-99.18726, 18.74211]]]}}, {"id": "1357022", "type": "Feature", "properties": {"id": "1357022", "CVEGEO": "170240138039A016", "POBTOT": 0.0, "score_nse": 0.0, "NSE": null, "VIVTOT": 0.0, "GRAPROES": 0.0, "_ent": "17", "_mun": "024", "_loc": "0138"}, "geometry": {"type": "Polygon", "coordinates": [[[-99.18718, 18.74162], [-99.18732, 18.74157], [-99.18744, 18.7421], [-99.18731, 18.74213], [-99.18718, 18.74162]]]}}, {"id": "1357023", "type": "Feature", "properties": {"id": "1357023", "CVEGEO": "170240138039A015", "POBTOT": 0.0, "score_nse": 0.0, "NSE": null, "VIVTOT": 0.0, "GRAPROES": 0.0, "_ent": "17", "_mun": "024", "_loc": "0138"}, "geometry": {"type": "Polygon", "coordinates": [[[-99.18714, 18.74146], [-99.18698, 18.74168], [-99.18692, 18.74161], [-99.18714, 18.74146]]]}}, {"id": "1357024", "type": "Feature", "properties": {"id": "1357024", "CVEGEO": "170240138039A095", "POBTOT": 0.0, "score_nse": 0.0, "NSE": null, "VIVTOT": 0.0, "GRAPROES": 0.0, "_ent": "17", "_mun": "024", "_loc": "0138"}, "geometry": {"type": "Polygon", "coordinates": [[[-99.18363, 18.74001], [-99.18343, 18.74017], [-99.18357, 18.73996], [-99.18363, 18.74001]]]}}, {"id": "1357025", "type": "Feature", "properties": {"id": "1357025", "CVEGEO": "170240138039A094", "POBTOT": 0.0, "score_nse": 0.0, "NSE": null, "VIVTOT": 0.0, "GRAPROES": 0.0, "_ent": "17", "_mun": "024", "_loc": "0138"}, "geometry": {"type": "Polygon", "coordinates": [[[-99.18348, 18.74034], [-99.18357, 18.74048], [-99.18344, 18.74039], [-99.18348, 18.74034]]]}}, {"id": "1357026", "type": "Feature", "properties": {"id": "1357026", "CVEGEO": "170240138039A093", "POBTOT": 0.0, "score_nse": 0.0, "NSE": null, "VIVTOT": 0.0, "GRAPROES": 0.0, "_ent": "17", "_mun": "024", "_loc": "0138"}, "geometry": {"type": "Polygon", "coordinates": [[[-99.18417, 18.74114], [-99.18454, 18.74129], [-99.18416, 18.7412], [-99.18417, 18.74114]]]}}, {"id": "1357027", "type": "Feature", "properties": {"id": "1357027", "CVEGEO": "170240138039A092", "POBTOT": 0.0, "score_nse": 0.0, "NSE": null, "VIVTOT": 0.0, "GRAPROES": 0.0, "_ent": "17", "_mun": "024", "_loc": "0138"}, "geometry": {"type": "Polygon", "coordinates": [[[-99.18408, 18.74116], [-99.18401, 18.74129], [-99.18396, 18.74122], [-99.18408, 18.74116]]]}}, {"id": "1357028", "type": "Feature", "properties": {"id": "1357028", "CVEGEO": "170240138039A091", "POBTOT": 0.0, "score_nse": 0.0, "NSE": null, "VIVTOT": 0.0, "GRAPROES": 0.0, "_ent": "17", "_mun": "024", "_loc": "0138"}, "geometry": {"type": "Polygon", "coordinates": [[[-99.1839, 18.74128], [-99.18406, 18.74149], [-99.18384, 18.74136], [-99.1839, 18.74128]]]}}, {"id": "1357029", "type": "Feature", "properties": {"id": "1357029", "CVEGEO": "170240138039A090", "POBTOT": 0.0, "score_nse": 0.0, "NSE": null, "VIVTOT": 0.0, "GRAPROES": 0.0, "_ent": "17", "_mun": "024", "_loc": "0138"}, "geometry": {"type": "Polygon", "coordinates": [[[-99.18416, 18.74142], [-99.1843, 18.74161], [-99.1841, 18.74149], [-99.18416, 18.74142]]]}}, {"id": "1357030", "type": "Feature", "properties": {"id": "1357030", "CVEGEO": "170240138039A089", "POBTOT": 0.0, "score_nse": 0.0, "NSE": null, "VIVTOT": 0.0, "GRAPROES": 0.0, "_ent": "17", "_mun": "024", "_loc": "0138"}, "geometry": {"type": "Polygon", "coordinates": [[[-99.1845, 18.74181], [-99.18413, 18.74167], [-99.18417, 18.7416], [-99.1845, 18.74181]]]}}, {"id": "1357031", "type": "Feature", "properties": {"id": "1357031", "CVEGEO": "170240138039A088", "POBTOT": 0.0, "score_nse": 0.0, "NSE": null, "VIVTOT": 0.0, "GRAPROES": 0.0, "_ent": "17", "_mun": "024", "_loc": "0138"}, "geometry": {"type": "Polygon", "coordinates": [[[-99.18386, 18.74187], [-99.18413, 18.74158], [-99.18393, 18.74191], [-99.18386, 18.74187]]]}}, {"id": "1357032", "type": "Feature", "properties": {"id": "1357032", "CVEGEO": "170240138039A072", "POBTOT": 0.0, "score_nse": 0.0, "NSE": null, "VIVTOT": 0.0, "GRAPROES": 0.0, "_ent": "17", "_mun": "024", "_loc": "0138"}, "geometry": {"type": "Polygon", "coordinates": [[[-99.18661, 18.73966], [-99.18646, 18.7398], [-99.18642, 18.73971], [-99.18661, 18.73966]]]}}, {"id": "1357033", "type": "Feature", "properties": {"id": "1357033", "CVEGEO": "170240138039A071", "POBTOT": 0.0, "score_nse": 0.0, "NSE": null, "VIVTOT": 0.0, "GRAPROES": 0.0, "_ent": "17", "_mun": "024", "_loc": "0138"}, "geometry": {"type": "Polygon", "coordinates": [[[-99.18682, 18.73974], [-99.18665, 18.73957], [-99.18675, 18.73955], [-99.18682, 18.73974]]]}}, {"id": "1357034", "type": "Feature", "properties": {"id": "1357034", "CVEGEO": "170240138039A070", "POBTOT": 0.0, "score_nse": 0.0, "NSE": null, "VIVTOT": 0.0, "GRAPROES": 0.0, "_ent": "17", "_mun": "024", "_loc": "0138"}, "geometry": {"type": "Polygon", "coordinates": [[[-99.18674, 18.73947], [-99.18651, 18.73903], [-99.18661, 18.73901], [-99.18674, 18.73947]]]}}, {"id": "1357035", "type": "Feature", "properties": {"id": "1357035", "CVEGEO": "170240138039A069", "POBTOT": 0.0, "score_nse": 0.0, "NSE": null, "VIVTOT": 0.0, "GRAPROES": 0.0, "_ent": "17", "_mun": "024", "_loc": "0138"}, "geometry": {"type": "Polygon", "coordinates": [[[-99.18657, 18.73884], [-99.1862, 18.73889], [-99.1862, 18.73877], [-99.18657, 18.73884]]]}}, {"id": "1357036", "type": "Feature", "properties": {"id": "1357036", "CVEGEO": "170240138039A068", "POBTOT": 0.0, "score_nse": 0.0, "NSE": null, "VIVTOT": 0.0, "GRAPROES": 0.0, "_ent": "17", "_mun": "024", "_loc": "0138"}, "geometry": {"type": "Polygon", "coordinates": [[[-99.18631, 18.739], [-99.18621, 18.73933], [-99.1862, 18.73901], [-99.18631, 18.739]]]}}, {"id": "1357037", "type": "Feature", "properties": {"id": "1357037", "CVEGEO": "170240138039A067", "POBTOT": 0.0, "score_nse": 0.0, "NSE": null, "VIVTOT": 0.0, "GRAPROES": 0.0, "_ent": "17", "_mun": "024", "_loc": "0138"}, "geometry": {"type": "Polygon", "coordinates": [[[-99.18631, 18.73937], [-99.18614, 18.73959], [-99.1862, 18.73936], [-99.18631, 18.73937]]]}}, {"id": "1357038", "type": "Feature", "properties": {"id": "1357038", "CVEGEO": "170240138039A066", "POBTOT": 0.0, "score_nse": 0.0, "NSE": null, "VIVTOT": 0.0, "GRAPROES": 0.0, "_ent": "17", "_mun": "024", "_loc": "0138"}, "geometry": {"type": "Polygon", "coordinates": [[[-99.18626, 18.7396], [-99.18633, 18.73981], [-99.18618, 18.73965], [-99.18626, 18.7396]]]}}, {"id": "1357039", "type": "Feature", "properties": {"id": "1357039", "CVEGEO": "170240138039A065", "POBTOT": 0.0, "score_nse": 0.0, "NSE": null, "VIVTOT": 0.0, "GRAPROES": 0.0, "_ent": "17", "_mun": "024", "_loc": "0138"}, "geometry": {"type": "Polygon", "coordinates": [[[-99.18682, 18.74038], [-99.18673, 18.74054], [-99.18668, 18.74048], [-99.18682, 18.74038]]]}}, {"id": "1357040", "type": "Feature", "properties": {"id": "1357040", "CVEGEO": "170240138039A064", "POBTOT": 0.0, "score_nse": 0.0, "NSE": null, "VIVTOT": 0.0, "GRAPROES": 0.0, "_ent": "17", "_mun": "024", "_loc": "0138"}, "geometry": {"type": "Polygon", "coordinates": [[[-99.18693, 18.74028], [-99.18685, 18.74035], [-99.18686, 18.74027], [-99.18693, 18.74028]]]}}, {"id": "1357041", "type": "Feature", "properties": {"id": "1357041", "CVEGEO": "170240138039A063", "POBTOT": 0.0, "score_nse": 0.0, "NSE": null, "VIVTOT": 0.0, "GRAPROES": 0.0, "_ent": "17", "_mun": "024", "_loc": "0138"}, "geometry": {"type": "Polygon", "coordinates": [[[-99.18684, 18.73991], [-99.18684, 18.74024], [-99.18675, 18.73993], [-99.18684, 18.73991]]]}}, {"id": "1357042", "type": "Feature", "properties": {"id": "1357042", "CVEGEO": "170240138039A062", "POBTOT": 0.0, "score_nse": 0.0, "NSE": null, "VIVTOT": 0.0, "GRAPROES": 0.0, "_ent": "17", "_mun": "024", "_loc": "0138"}, "geometry": {"type": "Polygon", "coordinates": [[[-99.18671, 18.74003], [-99.18637, 18.74013], [-99.18634, 18.74002], [-99.18668, 18.73992], [-99.18671, 18.74003]]]}}, {"id": "1357043", "type": "Feature", "properties": {"id": "1357043", "CVEGEO": "170240138039A060", "POBTOT": 0.0, "score_nse": 0.0, "NSE": null, "VIVTOT": 0.0, "GRAPROES": 0.0, "_ent": "17", "_mun": "024", "_loc": "0138"}, "geometry": {"type": "Polygon", "coordinates": [[[-99.18667, 18.74057], [-99.18647, 18.74059], [-99.18663, 18.7405], [-99.18667, 18.74057]]]}}, {"id": "1357044", "type": "Feature", "properties": {"id": "1357044", "CVEGEO": "170240138039A059", "POBTOT": 0.0, "score_nse": 0.0, "NSE": null, "VIVTOT": 0.0, "GRAPROES": 0.0, "_ent": "17", "_mun": "024", "_loc": "0138"}, "geometry": {"type": "Polygon", "coordinates": [[[-99.18339, 18.73865], [-99.18339, 18.73833], [-99.18345, 18.73835], [-99.18339, 18.73865]]]}}, {"id": "1357045", "type": "Feature", "properties": {"id": "1357045", "CVEGEO": "170240138039A058", "POBTOT": 0.0, "score_nse": 0.0, "NSE": null, "VIVTOT": 0.0, "GRAPROES": 0.0, "_ent": "17", "_mun": "024", "_loc": "0138"}, "geometry": {"type": "Polygon", "coordinates": [[[-99.18291, 18.7382], [-99.18285, 18.73812], [-99.18342, 18.73829], [-99.18291, 18.7382]]]}}, {"id": "1357046", "type": "Feature", "properties": {"id": "1357046", "CVEGEO": "1702400130436026", "POBTOT": 6.0, "score_nse": 0.0, "NSE": "ND", "VIVTOT": 6.0, "GRAPROES": 12.0, "_ent": "17", "_mun": "024", "_loc": "0013"}, "geometry": {"type": "Polygon", "coordinates": [[[-99.18586, 18.70667], [-99.18598, 18.70653], [-99.18631, 18.70682], [-99.186, 18.70718], [-99.18586, 18.70667]]]}}, {"id": "1357047", "type": "Feature", "properties": {"id": "1357047", "CVEGEO": "1702400130436020", "POBTOT": 33.0, "score_nse": 0.0, "NSE": "ND", "VIVTOT": 18.0, "GRAPROES": 9.08, "_ent": "17", "_mun": "024", "_loc": "0013"}, "geometry": {"type": "Polygon", "coordinates": [[[-99.185, 18.70771], [-99.18549, 18.70711], [-99.18564, 18.7072], [-99.18551, 18.70709], [-99.18583, 18.7067], [-99.18596, 18.70721], [-99.18538, 18.70793], [-99.185, 18.70771]]]}}, {"id": "1357048", "type": "Feature", "properties": {"id": "1357048", "CVEGEO": "1702400130328004", "POBTOT": 11.0, "score_nse": 0.0, "NSE": "ND", "VIVTOT": 6.0, "GRAPROES": 9.27, "_ent": "17", "_mun": "024", "_loc": "0013"}, "geometry": {"type": "Polygon", "coordinates": [[[-99.18873, 18.672], [-99.18848, 18.67186], [-99.18845, 18.67133], [-99.18877, 18.67148], [-99.18873, 18.672]]]}}, {"id": "1357049", "type": "Feature", "properties": {"id": "1357049", "CVEGEO": "1702400130328003", "POBTOT": 30.0, "score_nse": 0.0, "NSE": "ND", "VIVTOT": 11.0, "GRAPROES": 8.88, "_ent": "17", "_mun": "024", "_loc": "0013"}, "geometry": {"type": "Polygon", "coordinates": [[[-99.18843, 18.67183], [-99.18783, 18.67152], [-99.18796, 18.67107], [-99.18841, 18.67129], [-99.18843, 18.67183]]]}}, {"id": "1357050", "type": "Feature", "properties": {"id": "1357050", "CVEGEO": "1702400130192030", "POBTOT": 55.0, "score_nse": 59.488, "NSE": "C", "VIVTOT": 15.0, "GRAPROES": 9.63, "_ent": "17", "_mun": "024", "_loc": "0013"}, "geometry": {"type": "Polygon", "coordinates": [[[-99.18774, 18.69875], [-99.18668, 18.699], [-99.18662, 18.69859], [-99.18763, 18.69846], [-99.18774, 18.69875]]]}}, {"id": "1357051", "type": "Feature", "properties": {"id": "1357051", "CVEGEO": "1702400130188031", "POBTOT": 83.0, "score_nse": 0.0, "NSE": "ND", "VIVTOT": 19.0, "GRAPROES": 8.81, "_ent": "17", "_mun": "024", "_loc": "0013"}, "geometry": {"type": "Polygon", "coordinates": [[[-99.18661, 18.6824], [-99.18688, 18.68203], [-99.18753, 18.68207], [-99.18752, 18.68251], [-99.18728, 18.68249], [-99.18728, 18.68229], [-99.18722, 18.68248], [-99.18661, 18.6824]]]}}, {"id": "1357052", "type": "Feature", "properties": {"id": "1357052", "CVEGEO": "1702400120099013", "POBTOT": 21.0, "score_nse": 0.0, "NSE": "ND", "VIVTOT": 7.0, "GRAPROES": 8.53, "_ent": "17", "_mun": "024", "_loc": "0012"}, "geometry": {"type": "Polygon", "coordinates": [[[-99.12302, 18.76251], [-99.12361, 18.76175], [-99.12382, 18.76187], [-99.12325, 18.76262], [-99.12302, 18.76251]]]}}, {"id": "1357053", "type": "Feature", "properties": {"id": "1357053", "CVEGEO": "170240009039A008", "POBTOT": 0.0, "score_nse": 0.0, "NSE": null, "VIVTOT": 0.0, "GRAPROES": 0.0, "_ent": "17", "_mun": "024", "_loc": "0009"}, "geometry": {"type": "Polygon", "coordinates": [[[-99.1077, 18.71313], [-99.10758, 18.71267], [-99.1085, 18.71224], [-99.10873, 18.71264], [-99.1077, 18.71313]]]}}, {"id": "1357054", "type": "Feature", "properties": {"id": "1357054", "CVEGEO": "170240005039A072", "POBTOT": 0.0, "score_nse": 0.0, "NSE": null, "VIVTOT": 0.0, "GRAPROES": 0.0, "_ent": "17", "_mun": "024", "_loc": "0005"}, "geometry": {"type": "Polygon", "coordinates": [[[-99.12165, 18.72532], [-99.12255, 18.72497], [-99.12281, 18.72561], [-99.1219, 18.72592], [-99.12165, 18.72532]]]}}, {"id": "1357055", "type": "Feature", "properties": {"id": "1357055", "CVEGEO": "1702400010309027", "POBTOT": 76.0, "score_nse": 0.0, "NSE": "ND", "VIVTOT": 24.0, "GRAPROES": 9.61, "_ent": "17", "_mun": "024", "_loc": "0001"}, "geometry": {"type": "Polygon", "coordinates": [[[-99.12258, 18.68851], [-99.12109, 18.68804], [-99.12136, 18.68719], [-99.12285, 18.68762], [-99.12258, 18.68851]]]}}, {"id": "1357056", "type": "Feature", "properties": {"id": "1357056", "CVEGEO": "1702400010296029", "POBTOT": 26.0, "score_nse": 0.0, "NSE": "ND", "VIVTOT": 14.0, "GRAPROES": 9.86, "_ent": "17", "_mun": "024", "_loc": "0001"}, "geometry": {"type": "Polygon", "coordinates": [[[-99.11432, 18.69263], [-99.1148, 18.69279], [-99.1147, 18.69354], [-99.11432, 18.69383], [-99.11396, 18.69374], [-99.11432, 18.69263]]]}}, {"id": "1357057", "type": "Feature", "properties": {"id": "1357057", "CVEGEO": "1702400010296021", "POBTOT": 57.0, "score_nse": 0.0, "NSE": "ND", "VIVTOT": 19.0, "GRAPROES": 8.1, "_ent": "17", "_mun": "024", "_loc": "0001"}, "geometry": {"type": "Polygon", "coordinates": [[[-99.11755, 18.69133], [-99.1185, 18.69161], [-99.11825, 18.69232], [-99.11733, 18.69204], [-99.11755, 18.69133]]]}}, {"id": "1357058", "type": "Feature", "properties": {"id": "1357058", "CVEGEO": "1702400010296020", "POBTOT": 81.0, "score_nse": 41.4048, "NSE": "D+", "VIVTOT": 31.0, "GRAPROES": 7.89, "_ent": "17", "_mun": "024", "_loc": "0001"}, "geometry": {"type": "Polygon", "coordinates": [[[-99.11556, 18.6915], [-99.11567, 18.69084], [-99.11749, 18.69131], [-99.11726, 18.69201], [-99.11556, 18.6915]]]}}, {"id": "1357059", "type": "Feature", "properties": {"id": "1357059", "CVEGEO": "1702400010281012", "POBTOT": 116.0, "score_nse": 0.0, "NSE": "ND", "VIVTOT": 39.0, "GRAPROES": 9.86, "_ent": "17", "_mun": "024", "_loc": "0001"}, "geometry": {"type": "Polygon", "coordinates": [[[-99.12684, 18.68064], [-99.12582, 18.68091], [-99.12593, 18.68024], [-99.127, 18.67965], [-99.12684, 18.68064]]]}}, {"id": "1357060", "type": "Feature", "properties": {"id": "1357060", "CVEGEO": "1702400010281008", "POBTOT": 36.0, "score_nse": 0.0, "NSE": "ND", "VIVTOT": 9.0, "GRAPROES": 11.46, "_ent": "17", "_mun": "024", "_loc": "0001"}, "geometry": {"type": "Polygon", "coordinates": [[[-99.12303, 18.68149], [-99.1234, 18.68148], [-99.12334, 18.6818], [-99.123, 18.68175], [-99.12303, 18.68149]]]}}, {"id": "1357061", "type": "Feature", "properties": {"id": "1357061", "CVEGEO": "1702400010277024", "POBTOT": 0.0, "score_nse": 0.0, "NSE": "ND", "VIVTOT": 0.0, "GRAPROES": 0.0, "_ent": "17", "_mun": "024", "_loc": "0001"}, "geometry": {"type": "Polygon", "coordinates": [[[-99.11782, 18.68392], [-99.11717, 18.68375], [-99.11739, 18.68304], [-99.11798, 18.6832], [-99.11782, 18.68392]]]}}, {"id": "1357062", "type": "Feature", "properties": {"id": "1357062", "CVEGEO": "1702400010277020", "POBTOT": 61.0, "score_nse": 61.3066, "NSE": "C", "VIVTOT": 23.0, "GRAPROES": 10.98, "_ent": "17", "_mun": "024", "_loc": "0001"}, "geometry": {"type": "Polygon", "coordinates": [[[-99.1196, 18.68168], [-99.11957, 18.6825], [-99.11897, 18.68239], [-99.11902, 18.68211], [-99.11895, 18.68238], [-99.11874, 18.68233], [-99.1188, 18.68137], [-99.1196, 18.68168]]]}}, {"id": "1357063", "type": "Feature", "properties": {"id": "1357063", "CVEGEO": "1702400130243027", "POBTOT": 15.0, "score_nse": 0.0, "NSE": "ND", "VIVTOT": 6.0, "GRAPROES": 10.38, "_ent": "17", "_mun": "024", "_loc": "0013"}, "geometry": {"type": "Polygon", "coordinates": [[[-99.18134, 18.68653], [-99.18144, 18.68595], [-99.18201, 18.68614], [-99.18195, 18.68664], [-99.18134, 18.68653]]]}}, {"id": "1357064", "type": "Feature", "properties": {"id": "1357064", "CVEGEO": "170240138039A073", "POBTOT": 0.0, "score_nse": 0.0, "NSE": null, "VIVTOT": 0.0, "GRAPROES": 0.0, "_ent": "17", "_mun": "024", "_loc": "0138"}, "geometry": {"type": "Polygon", "coordinates": [[[-99.18719, 18.73998], [-99.18715, 18.74011], [-99.18711, 18.74001], [-99.18719, 18.73998]]]}}, {"id": "1357065", "type": "Feature", "properties": {"id": "1357065", "CVEGEO": "1702400010281026", "POBTOT": 90.0, "score_nse": 53.3237, "NSE": "C-", "VIVTOT": 27.0, "GRAPROES": 8.03, "_ent": "17", "_mun": "024", "_loc": "0001"}, "geometry": {"type": "Polygon", "coordinates": [[[-99.12149, 18.67864], [-99.12116, 18.67979], [-99.12108, 18.68011], [-99.12068, 18.67941], [-99.1209, 18.6782], [-99.12149, 18.67864]]]}}, {"id": "1357066", "type": "Feature", "properties": {"id": "1357066", "CVEGEO": "1702400130243001", "POBTOT": 172.0, "score_nse": 0.0, "NSE": "ND", "VIVTOT": 52.0, "GRAPROES": 8.22, "_ent": "17", "_mun": "024", "_loc": "0013"}, "geometry": {"type": "Polygon", "coordinates": [[[-99.18429, 18.69504], [-99.1846, 18.68948], [-99.18487, 18.68943], [-99.18527, 18.69105], [-99.18526, 18.69162], [-99.185, 18.69317], [-99.18439, 18.69506], [-99.18429, 18.69504]]]}}, {"id": "1357067", "type": "Feature", "properties": {"id": "1357067", "CVEGEO": "1702400130188034", "POBTOT": 8.0, "score_nse": 0.0, "NSE": "ND", "VIVTOT": 5.0, "GRAPROES": 16.14, "_ent": "17", "_mun": "024", "_loc": "0013"}, "geometry": {"type": "Polygon", "coordinates": [[[-99.1887, 18.68292], [-99.18864, 18.68165], [-99.1889, 18.6818], [-99.18885, 18.68293], [-99.1887, 18.68292]]]}}, {"id": "1357068", "type": "Feature", "properties": {"id": "1357068", "CVEGEO": "1702400130436034", "POBTOT": 12.0, "score_nse": 0.0, "NSE": "ND", "VIVTOT": 7.0, "GRAPROES": 8.75, "_ent": "17", "_mun": "024", "_loc": "0013"}, "geometry": {"type": "Polygon", "coordinates": [[[-99.18426, 18.70727], [-99.18435, 18.70638], [-99.18511, 18.70686], [-99.18469, 18.70742], [-99.18426, 18.70727]]]}}, {"id": "1357069", "type": "Feature", "properties": {"id": "1357069", "CVEGEO": "170240138039A164", "POBTOT": 0.0, "score_nse": 0.0, "NSE": null, "VIVTOT": 0.0, "GRAPROES": 0.0, "_ent": "17", "_mun": "024", "_loc": "0138"}, "geometry": {"type": "Polygon", "coordinates": [[[-99.18414, 18.73864], [-99.18409, 18.73851], [-99.18417, 18.73854], [-99.18414, 18.73864]]]}}, {"id": "1357070", "type": "Feature", "properties": {"id": "1357070", "CVEGEO": "170240138039A166", "POBTOT": 0.0, "score_nse": 0.0, "NSE": null, "VIVTOT": 0.0, "GRAPROES": 0.0, "_ent": "17", "_mun": "024", "_loc": "0138"}, "geometry": {"type": "Polygon", "coordinates": [[[-99.18351, 18.73828], [-99.18426, 18.73838], [-99.18425, 18.73844], [-99.18351, 18.73828]]]}}, {"id": "1357071", "type": "Feature", "properties": {"id": "1357071", "CVEGEO": "170240138039A165", "POBTOT": 0.0, "score_nse": 0.0, "NSE": null, "VIVTOT": 0.0, "GRAPROES": 0.0, "_ent": "17", "_mun": "024", "_loc": "0138"}, "geometry": {"type": "Polygon", "coordinates": [[[-99.1835, 18.73874], [-99.18351, 18.73833], [-99.18358, 18.73834], [-99.1835, 18.73874]]]}}, {"id": "1357072", "type": "Feature", "properties": {"id": "1357072", "CVEGEO": "170240009039A009", "POBTOT": 0.0, "score_nse": 0.0, "NSE": null, "VIVTOT": 0.0, "GRAPROES": 0.0, "_ent": "17", "_mun": "024", "_loc": "0009"}, "geometry": {"type": "Polygon", "coordinates": [[[-99.10688, 18.71348], [-99.1068, 18.71303], [-99.10752, 18.7127], [-99.10766, 18.71313], [-99.10688, 18.71348]]]}}, {"id": "1357073", "type": "Feature", "properties": {"id": "1357073", "CVEGEO": "170240138039A116", "POBTOT": 0.0, "score_nse": 0.0, "NSE": null, "VIVTOT": 0.0, "GRAPROES": 0.0, "_ent": "17", "_mun": "024", "_loc": "0138"}, "geometry": {"type": "Polygon", "coordinates": [[[-99.18243, 18.73943], [-99.18228, 18.73946], [-99.18238, 18.73938], [-99.18243, 18.73943]]]}}, {"id": "1357074", "type": "Feature", "properties": {"id": "1357074", "CVEGEO": "170240138039A087", "POBTOT": 0.0, "score_nse": 0.0, "NSE": null, "VIVTOT": 0.0, "GRAPROES": 0.0, "_ent": "17", "_mun": "024", "_loc": "0138"}, "geometry": {"type": "Polygon", "coordinates": [[[-99.18488, 18.74187], [-99.1848, 18.74178], [-99.1849, 18.74181], [-99.18488, 18.74187]]]}}, {"id": "1357075", "type": "Feature", "properties": {"id": "1357075", "CVEGEO": "170240138039A086", "POBTOT": 0.0, "score_nse": 0.0, "NSE": null, "VIVTOT": 0.0, "GRAPROES": 0.0, "_ent": "17", "_mun": "024", "_loc": "0138"}, "geometry": {"type": "Polygon", "coordinates": [[[-99.18472, 18.7418], [-99.18469, 18.7419], [-99.18465, 18.74185], [-99.18472, 18.7418]]]}}, {"id": "1357076", "type": "Feature", "properties": {"id": "1357076", "CVEGEO": "170240138039A084", "POBTOT": 0.0, "score_nse": 0.0, "NSE": null, "VIVTOT": 0.0, "GRAPROES": 0.0, "_ent": "17", "_mun": "024", "_loc": "0138"}, "geometry": {"type": "Polygon", "coordinates": [[[-99.18467, 18.74203], [-99.1847, 18.74214], [-99.18463, 18.74207], [-99.18467, 18.74203]]]}}, {"id": "1357077", "type": "Feature", "properties": {"id": "1357077", "CVEGEO": "170240138039A083", "POBTOT": 0.0, "score_nse": 0.0, "NSE": null, "VIVTOT": 0.0, "GRAPROES": 0.0, "_ent": "17", "_mun": "024", "_loc": "0138"}, "geometry": {"type": "Polygon", "coordinates": [[[-99.18485, 18.7421], [-99.18477, 18.74215], [-99.18476, 18.74211], [-99.18485, 18.7421]]]}}, {"id": "1357078", "type": "Feature", "properties": {"id": "1357078", "CVEGEO": "170240138039A082", "POBTOT": 0.0, "score_nse": 0.0, "NSE": null, "VIVTOT": 0.0, "GRAPROES": 0.0, "_ent": "17", "_mun": "024", "_loc": "0138"}, "geometry": {"type": "Polygon", "coordinates": [[[-99.18714, 18.74086], [-99.1878, 18.74034], [-99.18807, 18.74044], [-99.18829, 18.74085], [-99.18714, 18.74086]]]}}, {"id": "1357079", "type": "Feature", "properties": {"id": "1357079", "CVEGEO": "170240138039A080", "POBTOT": 0.0, "score_nse": 0.0, "NSE": null, "VIVTOT": 0.0, "GRAPROES": 0.0, "_ent": "17", "_mun": "024", "_loc": "0138"}, "geometry": {"type": "Polygon", "coordinates": [[[-99.18733, 18.74031], [-99.18725, 18.74005], [-99.18736, 18.74002], [-99.18744, 18.74027], [-99.18733, 18.74031]]]}}, {"id": "1357080", "type": "Feature", "properties": {"id": "1357080", "CVEGEO": "170240138039A079", "POBTOT": 0.0, "score_nse": 0.0, "NSE": null, "VIVTOT": 0.0, "GRAPROES": 0.0, "_ent": "17", "_mun": "024", "_loc": "0138"}, "geometry": {"type": "Polygon", "coordinates": [[[-99.18733, 18.73993], [-99.18715, 18.73969], [-99.18724, 18.73967], [-99.18733, 18.73993]]]}}, {"id": "1357081", "type": "Feature", "properties": {"id": "1357081", "CVEGEO": "170240138039A078", "POBTOT": 0.0, "score_nse": 0.0, "NSE": null, "VIVTOT": 0.0, "GRAPROES": 0.0, "_ent": "17", "_mun": "024", "_loc": "0138"}, "geometry": {"type": "Polygon", "coordinates": [[[-99.18716, 18.73956], [-99.18714, 18.73967], [-99.18711, 18.73958], [-99.18716, 18.73956]]]}}, {"id": "1357082", "type": "Feature", "properties": {"id": "1357082", "CVEGEO": "170240138039A077", "POBTOT": 0.0, "score_nse": 0.0, "NSE": null, "VIVTOT": 0.0, "GRAPROES": 0.0, "_ent": "17", "_mun": "024", "_loc": "0138"}, "geometry": {"type": "Polygon", "coordinates": [[[-99.18696, 18.73963], [-99.18685, 18.73966], [-99.18678, 18.73944], [-99.1869, 18.73941], [-99.18696, 18.73963]]]}}, {"id": "1357083", "type": "Feature", "properties": {"id": "1357083", "CVEGEO": "170240138039A076", "POBTOT": 0.0, "score_nse": 0.0, "NSE": null, "VIVTOT": 0.0, "GRAPROES": 0.0, "_ent": "17", "_mun": "024", "_loc": "0138"}, "geometry": {"type": "Polygon", "coordinates": [[[-99.18693, 18.73965], [-99.18688, 18.73981], [-99.18684, 18.73967], [-99.18693, 18.73965]]]}}, {"id": "1357084", "type": "Feature", "properties": {"id": "1357084", "CVEGEO": "170240138039A075", "POBTOT": 0.0, "score_nse": 0.0, "NSE": null, "VIVTOT": 0.0, "GRAPROES": 0.0, "_ent": "17", "_mun": "024", "_loc": "0138"}, "geometry": {"type": "Polygon", "coordinates": [[[-99.18698, 18.7398], [-99.18693, 18.73995], [-99.18689, 18.73982], [-99.18698, 18.7398]]]}}, {"id": "1357085", "type": "Feature", "properties": {"id": "1357085", "CVEGEO": "170240138039A074", "POBTOT": 0.0, "score_nse": 0.0, "NSE": null, "VIVTOT": 0.0, "GRAPROES": 0.0, "_ent": "17", "_mun": "024", "_loc": "0138"}, "geometry": {"type": "Polygon", "coordinates": [[[-99.18703, 18.73994], [-99.18698, 18.74017], [-99.18693, 18.73997], [-99.18703, 18.73994]]]}}, {"id": "1357086", "type": "Feature", "properties": {"id": "1357086", "CVEGEO": "170240138039A046", "POBTOT": 0.0, "score_nse": 0.0, "NSE": null, "VIVTOT": 0.0, "GRAPROES": 0.0, "_ent": "17", "_mun": "024", "_loc": "0138"}, "geometry": {"type": "Polygon", "coordinates": [[[-99.18409, 18.73894], [-99.18392, 18.73892], [-99.18394, 18.73886], [-99.18409, 18.73894]]]}}, {"id": "1357087", "type": "Feature", "properties": {"id": "1357087", "CVEGEO": "170240138039A045", "POBTOT": 0.0, "score_nse": 0.0, "NSE": null, "VIVTOT": 0.0, "GRAPROES": 0.0, "_ent": "17", "_mun": "024", "_loc": "0138"}, "geometry": {"type": "Polygon", "coordinates": [[[-99.18388, 18.73891], [-99.18346, 18.73877], [-99.18389, 18.73885], [-99.18388, 18.73891]]]}}, {"id": "1357088", "type": "Feature", "properties": {"id": "1357088", "CVEGEO": "170240138039A044", "POBTOT": 0.0, "score_nse": 0.0, "NSE": null, "VIVTOT": 0.0, "GRAPROES": 0.0, "_ent": "17", "_mun": "024", "_loc": "0138"}, "geometry": {"type": "Polygon", "coordinates": [[[-99.18333, 18.73883], [-99.18325, 18.73898], [-99.1832, 18.73893], [-99.18333, 18.73883]]]}}, {"id": "1357089", "type": "Feature", "properties": {"id": "1357089", "CVEGEO": "170240138039A042", "POBTOT": 0.0, "score_nse": 0.0, "NSE": null, "VIVTOT": 0.0, "GRAPROES": 0.0, "_ent": "17", "_mun": "024", "_loc": "0138"}, "geometry": {"type": "Polygon", "coordinates": [[[-99.18366, 18.73932], [-99.18366, 18.73943], [-99.18361, 18.73937], [-99.18366, 18.73932]]]}}, {"id": "1357090", "type": "Feature", "properties": {"id": "1357090", "CVEGEO": "170240138039A041", "POBTOT": 0.0, "score_nse": 0.0, "NSE": null, "VIVTOT": 0.0, "GRAPROES": 0.0, "_ent": "17", "_mun": "024", "_loc": "0138"}, "geometry": {"type": "Polygon", "coordinates": [[[-99.18417, 18.73984], [-99.18452, 18.73924], [-99.18462, 18.73929], [-99.18427, 18.73989], [-99.18417, 18.73984]]]}}, {"id": "1357091", "type": "Feature", "properties": {"id": "1357091", "CVEGEO": "170240138039A040", "POBTOT": 0.0, "score_nse": 0.0, "NSE": null, "VIVTOT": 0.0, "GRAPROES": 0.0, "_ent": "17", "_mun": "024", "_loc": "0138"}, "geometry": {"type": "Polygon", "coordinates": [[[-99.18446, 18.73922], [-99.18426, 18.73926], [-99.18428, 18.73918], [-99.18446, 18.73922]]]}}, {"id": "1357092", "type": "Feature", "properties": {"id": "1357092", "CVEGEO": "170240138039A039", "POBTOT": 0.0, "score_nse": 0.0, "NSE": null, "VIVTOT": 0.0, "GRAPROES": 0.0, "_ent": "17", "_mun": "024", "_loc": "0138"}, "geometry": {"type": "Polygon", "coordinates": [[[-99.18397, 18.73951], [-99.18388, 18.73945], [-99.1842, 18.73922], [-99.18397, 18.73951]]]}}, {"id": "1357093", "type": "Feature", "properties": {"id": "1357093", "CVEGEO": "170240138039A038", "POBTOT": 0.0, "score_nse": 0.0, "NSE": null, "VIVTOT": 0.0, "GRAPROES": 0.0, "_ent": "17", "_mun": "024", "_loc": "0138"}, "geometry": {"type": "Polygon", "coordinates": [[[-99.18409, 18.73987], [-99.18414, 18.74006], [-99.18403, 18.73992], [-99.18409, 18.73987]]]}}, {"id": "1357094", "type": "Feature", "properties": {"id": "1357094", "CVEGEO": "170240138039A030", "POBTOT": 0.0, "score_nse": 0.0, "NSE": null, "VIVTOT": 0.0, "GRAPROES": 0.0, "_ent": "17", "_mun": "024", "_loc": "0138"}, "geometry": {"type": "Polygon", "coordinates": [[[-99.18547, 18.74107], [-99.18583, 18.74072], [-99.18588, 18.74078], [-99.18547, 18.74107]]]}}, {"id": "1357095", "type": "Feature", "properties": {"id": "1357095", "CVEGEO": "170240138039A029", "POBTOT": 0.0, "score_nse": 0.0, "NSE": null, "VIVTOT": 0.0, "GRAPROES": 0.0, "_ent": "17", "_mun": "024", "_loc": "0138"}, "geometry": {"type": "Polygon", "coordinates": [[[-99.18573, 18.74054], [-99.18573, 18.74075], [-99.18565, 18.74057], [-99.18573, 18.74054]]]}}, {"id": "1357096", "type": "Feature", "properties": {"id": "1357096", "CVEGEO": "170240138039A028", "POBTOT": 0.0, "score_nse": 0.0, "NSE": null, "VIVTOT": 0.0, "GRAPROES": 0.0, "_ent": "17", "_mun": "024", "_loc": "0138"}, "geometry": {"type": "Polygon", "coordinates": [[[-99.18553, 18.74035], [-99.18534, 18.74087], [-99.18545, 18.74034], [-99.18553, 18.74035]]]}}, {"id": "1357097", "type": "Feature", "properties": {"id": "1357097", "CVEGEO": "170240138039A023", "POBTOT": 0.0, "score_nse": 0.0, "NSE": null, "VIVTOT": 0.0, "GRAPROES": 0.0, "_ent": "17", "_mun": "024", "_loc": "0138"}, "geometry": {"type": "Polygon", "coordinates": [[[-99.18512, 18.74097], [-99.18511, 18.74112], [-99.18508, 18.741], [-99.18512, 18.74097]]]}}, {"id": "1357098", "type": "Feature", "properties": {"id": "1357098", "CVEGEO": "170240134039A012", "POBTOT": 0.0, "score_nse": 0.0, "NSE": null, "VIVTOT": 0.0, "GRAPROES": 0.0, "_ent": "17", "_mun": "024", "_loc": "0134"}, "geometry": {"type": "Polygon", "coordinates": [[[-99.19168, 18.7424], [-99.1919, 18.7432], [-99.19134, 18.74287], [-99.19168, 18.7424]]]}}, {"id": "1357099", "type": "Feature", "properties": {"id": "1357099", "CVEGEO": "170240134039A013", "POBTOT": 0.0, "score_nse": 0.0, "NSE": null, "VIVTOT": 0.0, "GRAPROES": 0.0, "_ent": "17", "_mun": "024", "_loc": "0134"}, "geometry": {"type": "Polygon", "coordinates": [[[-99.1913, 18.74285], [-99.19092, 18.74257], [-99.19152, 18.74181], [-99.19167, 18.74235], [-99.1913, 18.74285]]]}}, {"id": "1357100", "type": "Feature", "properties": {"id": "1357100", "CVEGEO": "170240134039A011", "POBTOT": 0.0, "score_nse": 0.0, "NSE": null, "VIVTOT": 0.0, "GRAPROES": 0.0, "_ent": "17", "_mun": "024", "_loc": "0134"}, "geometry": {"type": "Polygon", "coordinates": [[[-99.1914, 18.74107], [-99.19149, 18.74086], [-99.1917, 18.74121], [-99.19223, 18.74368], [-99.19197, 18.74364], [-99.1914, 18.74107]]]}}, {"id": "1357101", "type": "Feature", "properties": {"id": "1357101", "CVEGEO": "170240134039A007", "POBTOT": 0.0, "score_nse": 0.0, "NSE": null, "VIVTOT": 0.0, "GRAPROES": 0.0, "_ent": "17", "_mun": "024", "_loc": "0134"}, "geometry": {"type": "Polygon", "coordinates": [[[-99.19184, 18.74358], [-99.19071, 18.74302], [-99.18996, 18.74247], [-99.19, 18.74228], [-99.19016, 18.74207], [-99.19192, 18.74324], [-99.19184, 18.74358]]]}}, {"id": "1357102", "type": "Feature", "properties": {"id": "1357102", "CVEGEO": "170240134039A006", "POBTOT": 0.0, "score_nse": 0.0, "NSE": null, "VIVTOT": 0.0, "GRAPROES": 0.0, "_ent": "17", "_mun": "024", "_loc": "0134"}, "geometry": {"type": "Polygon", "coordinates": [[[-99.19087, 18.74254], [-99.19059, 18.74232], [-99.19098, 18.74183], [-99.19056, 18.74229], [-99.19019, 18.74205], [-99.19055, 18.74172], [-99.19101, 18.7416], [-99.19134, 18.74115], [-99.19151, 18.74175], [-99.19087, 18.74254]]]}}, {"id": "1357103", "type": "Feature", "properties": {"id": "1357103", "CVEGEO": "170240133039A010", "POBTOT": 0.0, "score_nse": 0.0, "NSE": null, "VIVTOT": 0.0, "GRAPROES": 0.0, "_ent": "17", "_mun": "024", "_loc": "0133"}, "geometry": {"type": "Polygon", "coordinates": [[[-99.15527, 18.6629], [-99.15568, 18.66244], [-99.15703, 18.66273], [-99.15704, 18.6631], [-99.15527, 18.6629]]]}}, {"id": "1357104", "type": "Feature", "properties": {"id": "1357104", "CVEGEO": "170240133039A009", "POBTOT": 0.0, "score_nse": 0.0, "NSE": null, "VIVTOT": 0.0, "GRAPROES": 0.0, "_ent": "17", "_mun": "024", "_loc": "0133"}, "geometry": {"type": "Polygon", "coordinates": [[[-99.15429, 18.66183], [-99.15394, 18.66303], [-99.15357, 18.66272], [-99.15387, 18.66168], [-99.15429, 18.66183]]]}}, {"id": "1357105", "type": "Feature", "properties": {"id": "1357105", "CVEGEO": "170240133039A008", "POBTOT": 0.0, "score_nse": 0.0, "NSE": null, "VIVTOT": 0.0, "GRAPROES": 0.0, "_ent": "17", "_mun": "024", "_loc": "0133"}, "geometry": {"type": "Polygon", "coordinates": [[[-99.15581, 18.6622], [-99.15462, 18.6636], [-99.15402, 18.6631], [-99.15435, 18.66182], [-99.15581, 18.6622]]]}}, {"id": "1357106", "type": "Feature", "properties": {"id": "1357106", "CVEGEO": "170240133039A006", "POBTOT": 0.0, "score_nse": 0.0, "NSE": null, "VIVTOT": 0.0, "GRAPROES": 0.0, "_ent": "17", "_mun": "024", "_loc": "0133"}, "geometry": {"type": "Polygon", "coordinates": [[[-99.15585, 18.66216], [-99.15436, 18.66177], [-99.15451, 18.66126], [-99.15618, 18.66175], [-99.15585, 18.66216]]]}}, {"id": "1357107", "type": "Feature", "properties": {"id": "1357107", "CVEGEO": "170240133039A005", "POBTOT": 0.0, "score_nse": 0.0, "NSE": null, "VIVTOT": 0.0, "GRAPROES": 0.0, "_ent": "17", "_mun": "024", "_loc": "0133"}, "geometry": {"type": "Polygon", "coordinates": [[[-99.15624, 18.66171], [-99.15552, 18.66148], [-99.15568, 18.66107], [-99.15653, 18.66136], [-99.15624, 18.66171]]]}}, {"id": "1357108", "type": "Feature", "properties": {"id": "1357108", "CVEGEO": "170240133039A003", "POBTOT": 0.0, "score_nse": 0.0, "NSE": null, "VIVTOT": 0.0, "GRAPROES": 0.0, "_ent": "17", "_mun": "024", "_loc": "0133"}, "geometry": {"type": "Polygon", "coordinates": [[[-99.15422, 18.6605], [-99.15433, 18.66016], [-99.15481, 18.66032], [-99.15469, 18.66066], [-99.15422, 18.6605]]]}}, {"id": "1357109", "type": "Feature", "properties": {"id": "1357109", "CVEGEO": "170240133039A002", "POBTOT": 0.0, "score_nse": 0.0, "NSE": null, "VIVTOT": 0.0, "GRAPROES": 0.0, "_ent": "17", "_mun": "024", "_loc": "0133"}, "geometry": {"type": "Polygon", "coordinates": [[[-99.15405, 18.66105], [-99.1542, 18.66055], [-99.15467, 18.66071], [-99.15448, 18.66119], [-99.15405, 18.66105]]]}}, {"id": "1357110", "type": "Feature", "properties": {"id": "1357110", "CVEGEO": "170240133039A001", "POBTOT": 0.0, "score_nse": 0.0, "NSE": null, "VIVTOT": 0.0, "GRAPROES": 0.0, "_ent": "17", "_mun": "024", "_loc": "0133"}, "geometry": {"type": "Polygon", "coordinates": [[[-99.15548, 18.66147], [-99.15453, 18.66121], [-99.15472, 18.66073], [-99.15564, 18.66105], [-99.15548, 18.66147]]]}}, {"id": "1357111", "type": "Feature", "properties": {"id": "1357111", "CVEGEO": "170240128039A015", "POBTOT": 0.0, "score_nse": 0.0, "NSE": null, "VIVTOT": 0.0, "GRAPROES": 0.0, "_ent": "17", "_mun": "024", "_loc": "0128"}, "geometry": {"type": "Polygon", "coordinates": [[[-99.18114, 18.67302], [-99.18078, 18.67301], [-99.1808, 18.67253], [-99.18126, 18.67253], [-99.18114, 18.67302]]]}}, {"id": "1357112", "type": "Feature", "properties": {"id": "1357112", "CVEGEO": "170240128039A014", "POBTOT": 0.0, "score_nse": 0.0, "NSE": null, "VIVTOT": 0.0, "GRAPROES": 0.0, "_ent": "17", "_mun": "024", "_loc": "0128"}, "geometry": {"type": "Polygon", "coordinates": [[[-99.18105, 18.67584], [-99.17993, 18.67587], [-99.17991, 18.67569], [-99.18104, 18.67569], [-99.18105, 18.67584]]]}}, {"id": "1357113", "type": "Feature", "properties": {"id": "1357113", "CVEGEO": "170240128039A013", "POBTOT": 0.0, "score_nse": 0.0, "NSE": null, "VIVTOT": 0.0, "GRAPROES": 0.0, "_ent": "17", "_mun": "024", "_loc": "0128"}, "geometry": {"type": "Polygon", "coordinates": [[[-99.18109, 18.67585], [-99.18107, 18.6757], [-99.18167, 18.67579], [-99.18164, 18.67583], [-99.18109, 18.67585]]]}}, {"id": "1357114", "type": "Feature", "properties": {"id": "1357114", "CVEGEO": "170240128039A011", "POBTOT": 0.0, "score_nse": 0.0, "NSE": null, "VIVTOT": 0.0, "GRAPROES": 0.0, "_ent": "17", "_mun": "024", "_loc": "0128"}, "geometry": {"type": "Polygon", "coordinates": [[[-99.18103, 18.67565], [-99.17991, 18.67567], [-99.17983, 18.67545], [-99.17997, 18.67528], [-99.18098, 18.67529], [-99.18103, 18.67565]]]}}, {"id": "1357115", "type": "Feature", "properties": {"id": "1357115", "CVEGEO": "170240128039A010", "POBTOT": 0.0, "score_nse": 0.0, "NSE": null, "VIVTOT": 0.0, "GRAPROES": 0.0, "_ent": "17", "_mun": "024", "_loc": "0128"}, "geometry": {"type": "Polygon", "coordinates": [[[-99.18165, 18.67365], [-99.1817, 18.67307], [-99.18195, 18.67305], [-99.18165, 18.67365]]]}}, {"id": "1357116", "type": "Feature", "properties": {"id": "1357116", "CVEGEO": "170240128039A009", "POBTOT": 0.0, "score_nse": 0.0, "NSE": null, "VIVTOT": 0.0, "GRAPROES": 0.0, "_ent": "17", "_mun": "024", "_loc": "0128"}, "geometry": {"type": "Polygon", "coordinates": [[[-99.18114, 18.67366], [-99.18127, 18.67307], [-99.18162, 18.67305], [-99.18156, 18.6737], [-99.18114, 18.67366]]]}}, {"id": "1357117", "type": "Feature", "properties": {"id": "1357117", "CVEGEO": "170240128039A007", "POBTOT": 0.0, "score_nse": 0.0, "NSE": null, "VIVTOT": 0.0, "GRAPROES": 0.0, "_ent": "17", "_mun": "024", "_loc": "0128"}, "geometry": {"type": "Polygon", "coordinates": [[[-99.18003, 18.67522], [-99.18024, 18.67483], [-99.18093, 18.67488], [-99.18098, 18.67525], [-99.18003, 18.67522]]]}}, {"id": "1357118", "type": "Feature", "properties": {"id": "1357118", "CVEGEO": "170240128039A004", "POBTOT": 0.0, "score_nse": 0.0, "NSE": null, "VIVTOT": 0.0, "GRAPROES": 0.0, "_ent": "17", "_mun": "024", "_loc": "0128"}, "geometry": {"type": "Polygon", "coordinates": [[[-99.1804, 18.67399], [-99.18045, 18.67367], [-99.18107, 18.67368], [-99.181, 18.67404], [-99.1804, 18.67399]]]}}, {"id": "1357119", "type": "Feature", "properties": {"id": "1357119", "CVEGEO": "170240128039A003", "POBTOT": 0.0, "score_nse": 0.0, "NSE": null, "VIVTOT": 0.0, "GRAPROES": 0.0, "_ent": "17", "_mun": "024", "_loc": "0128"}, "geometry": {"type": "Polygon", "coordinates": [[[-99.1803, 18.67431], [-99.18037, 18.67402], [-99.18102, 18.67407], [-99.18094, 18.67439], [-99.1803, 18.67431]]]}}, {"id": "1357120", "type": "Feature", "properties": {"id": "1357120", "CVEGEO": "170240126039A001", "POBTOT": 0.0, "score_nse": 0.0, "NSE": null, "VIVTOT": 0.0, "GRAPROES": 0.0, "_ent": "17", "_mun": "024", "_loc": "0126"}, "geometry": {"type": "Polygon", "coordinates": [[[-99.17858, 18.70841], [-99.17806, 18.70805], [-99.17896, 18.70737], [-99.17932, 18.70788], [-99.17858, 18.70841]]]}}, {"id": "1357121", "type": "Feature", "properties": {"id": "1357121", "CVEGEO": "170240123039A003", "POBTOT": 0.0, "score_nse": 0.0, "NSE": null, "VIVTOT": 0.0, "GRAPROES": 0.0, "_ent": "17", "_mun": "024", "_loc": "0123"}, "geometry": {"type": "Polygon", "coordinates": [[[-99.13974, 18.67365], [-99.1396, 18.67328], [-99.13971, 18.67308], [-99.14042, 18.673], [-99.13974, 18.67365]]]}}, {"id": "1357122", "type": "Feature", "properties": {"id": "1357122", "CVEGEO": "170240123039A001", "POBTOT": 0.0, "score_nse": 0.0, "NSE": null, "VIVTOT": 0.0, "GRAPROES": 0.0, "_ent": "17", "_mun": "024", "_loc": "0123"}, "geometry": {"type": "Polygon", "coordinates": [[[-99.14011, 18.67409], [-99.13967, 18.6738], [-99.14049, 18.67302], [-99.14071, 18.67307], [-99.14055, 18.67384], [-99.14011, 18.67409]]]}}, {"id": "1357123", "type": "Feature", "properties": {"id": "1357123", "CVEGEO": "170240123039A002", "POBTOT": 0.0, "score_nse": 0.0, "NSE": null, "VIVTOT": 0.0, "GRAPROES": 0.0, "_ent": "17", "_mun": "024", "_loc": "0123"}, "geometry": {"type": "Polygon", "coordinates": [[[-99.13986, 18.67427], [-99.13942, 18.67372], [-99.13943, 18.67366], [-99.14003, 18.67412], [-99.13986, 18.67427]]]}}, {"id": "1357124", "type": "Feature", "properties": {"id": "1357124", "CVEGEO": "170240122039A001", "POBTOT": 0.0, "score_nse": 0.0, "NSE": null, "VIVTOT": 0.0, "GRAPROES": 0.0, "_ent": "17", "_mun": "024", "_loc": "0122"}, "geometry": {"type": "Polygon", "coordinates": [[[-99.12838, 18.75705], [-99.13024, 18.7574], [-99.13042, 18.75769], [-99.13035, 18.75792], [-99.12816, 18.75736], [-99.12838, 18.75705]]]}}, {"id": "1357125", "type": "Feature", "properties": {"id": "1357125", "CVEGEO": "170240122039A007", "POBTOT": 0.0, "score_nse": 0.0, "NSE": null, "VIVTOT": 0.0, "GRAPROES": 0.0, "_ent": "17", "_mun": "024", "_loc": "0122"}, "geometry": {"type": "Polygon", "coordinates": [[[-99.12812, 18.75735], [-99.12729, 18.75709], [-99.12749, 18.75678], [-99.12832, 18.75704], [-99.12812, 18.75735]]]}}, {"id": "1357126", "type": "Feature", "properties": {"id": "1357126", "CVEGEO": "170240122039A006", "POBTOT": 0.0, "score_nse": 0.0, "NSE": null, "VIVTOT": 0.0, "GRAPROES": 0.0, "_ent": "17", "_mun": "024", "_loc": "0122"}, "geometry": {"type": "Polygon", "coordinates": [[[-99.12725, 18.75708], [-99.12661, 18.75688], [-99.12632, 18.75679], [-99.12651, 18.75648], [-99.12744, 18.75676], [-99.12725, 18.75708]]]}}, {"id": "1357127", "type": "Feature", "properties": {"id": "1357127", "CVEGEO": "170240122039A008", "POBTOT": 0.0, "score_nse": 0.0, "NSE": null, "VIVTOT": 0.0, "GRAPROES": 0.0, "_ent": "17", "_mun": "024", "_loc": "0122"}, "geometry": {"type": "Polygon", "coordinates": [[[-99.12859, 18.75667], [-99.13052, 18.75723], [-99.13044, 18.75763], [-99.13005, 18.7573], [-99.12841, 18.757], [-99.12859, 18.75667]]]}}, {"id": "1357128", "type": "Feature", "properties": {"id": "1357128", "CVEGEO": "170240122039A005", "POBTOT": 0.0, "score_nse": 0.0, "NSE": null, "VIVTOT": 0.0, "GRAPROES": 0.0, "_ent": "17", "_mun": "024", "_loc": "0122"}, "geometry": {"type": "Polygon", "coordinates": [[[-99.12965, 18.75897], [-99.12895, 18.75887], [-99.12914, 18.75847], [-99.12996, 18.7586], [-99.12965, 18.75897]]]}}, {"id": "1357129", "type": "Feature", "properties": {"id": "1357129", "CVEGEO": "170240122039A004", "POBTOT": 0.0, "score_nse": 0.0, "NSE": null, "VIVTOT": 0.0, "GRAPROES": 0.0, "_ent": "17", "_mun": "024", "_loc": "0122"}, "geometry": {"type": "Polygon", "coordinates": [[[-99.12996, 18.75855], [-99.12917, 18.75843], [-99.12935, 18.75806], [-99.13018, 18.75818], [-99.12996, 18.75855]]]}}, {"id": "1357130", "type": "Feature", "properties": {"id": "1357130", "CVEGEO": "170240122039A003", "POBTOT": 0.0, "score_nse": 0.0, "NSE": null, "VIVTOT": 0.0, "GRAPROES": 0.0, "_ent": "17", "_mun": "024", "_loc": "0122"}, "geometry": {"type": "Polygon", "coordinates": [[[-99.13033, 18.75815], [-99.13054, 18.7575], [-99.13136, 18.75773], [-99.13125, 18.7581], [-99.13033, 18.75815]]]}}, {"id": "1357131", "type": "Feature", "properties": {"id": "1357131", "CVEGEO": "170240122039A002", "POBTOT": 0.0, "score_nse": 0.0, "NSE": null, "VIVTOT": 0.0, "GRAPROES": 0.0, "_ent": "17", "_mun": "024", "_loc": "0122"}, "geometry": {"type": "Polygon", "coordinates": [[[-99.12881, 18.75627], [-99.1305, 18.75667], [-99.13063, 18.75675], [-99.13051, 18.75719], [-99.1286, 18.75662], [-99.12881, 18.75627]]]}}, {"id": "1357132", "type": "Feature", "properties": {"id": "1357132", "CVEGEO": "1702401180135004", "POBTOT": 0.0, "score_nse": 0.0, "NSE": null, "VIVTOT": 0.0, "GRAPROES": 0.0, "_ent": "17", "_mun": "024", "_loc": "0118"}, "geometry": {"type": "Polygon", "coordinates": [[[-99.12407, 18.77106], [-99.12433, 18.7703], [-99.1245, 18.7711], [-99.12407, 18.77106]]]}}, {"id": "1357133", "type": "Feature", "properties": {"id": "1357133", "CVEGEO": "1702401180135001", "POBTOT": 0.0, "score_nse": 0.0, "NSE": null, "VIVTOT": 0.0, "GRAPROES": 0.0, "_ent": "17", "_mun": "024", "_loc": "0118"}, "geometry": {"type": "Polygon", "coordinates": [[[-99.12455, 18.76974], [-99.12402, 18.77102], [-99.12389, 18.77102], [-99.12378, 18.77055], [-99.12416, 18.76965], [-99.12455, 18.76974]]]}}, {"id": "1357134", "type": "Feature", "properties": {"id": "1357134", "CVEGEO": "170240116039A012", "POBTOT": 0.0, "score_nse": 0.0, "NSE": null, "VIVTOT": 0.0, "GRAPROES": 0.0, "_ent": "17", "_mun": "024", "_loc": "0116"}, "geometry": {"type": "Polygon", "coordinates": [[[-99.18651, 18.70488], [-99.18609, 18.7048], [-99.18649, 18.70493], [-99.18637, 18.70529], [-99.18593, 18.70492], [-99.18599, 18.70458], [-99.18657, 18.70469], [-99.18651, 18.70488]]]}}, {"id": "1357135", "type": "Feature", "properties": {"id": "1357135", "CVEGEO": "170240116039A011", "POBTOT": 0.0, "score_nse": 0.0, "NSE": null, "VIVTOT": 0.0, "GRAPROES": 0.0, "_ent": "17", "_mun": "024", "_loc": "0116"}, "geometry": {"type": "Polygon", "coordinates": [[[-99.18731, 18.70383], [-99.188, 18.70424], [-99.18788, 18.70439], [-99.18708, 18.70395], [-99.18731, 18.70383]]]}}, {"id": "1357136", "type": "Feature", "properties": {"id": "1357136", "CVEGEO": "170240116039A005", "POBTOT": 0.0, "score_nse": 0.0, "NSE": null, "VIVTOT": 0.0, "GRAPROES": 0.0, "_ent": "17", "_mun": "024", "_loc": "0116"}, "geometry": {"type": "Polygon", "coordinates": [[[-99.18638, 18.70374], [-99.18694, 18.70269], [-99.18719, 18.70271], [-99.18672, 18.70347], [-99.18724, 18.70379], [-99.18701, 18.70394], [-99.18638, 18.70374]]]}}, {"id": "1357137", "type": "Feature", "properties": {"id": "1357137", "CVEGEO": "170240116039A002", "POBTOT": 0.0, "score_nse": 0.0, "NSE": null, "VIVTOT": 0.0, "GRAPROES": 0.0, "_ent": "17", "_mun": "024", "_loc": "0116"}, "geometry": {"type": "Polygon", "coordinates": [[[-99.18786, 18.70442], [-99.18743, 18.70497], [-99.18601, 18.70453], [-99.18617, 18.70422], [-99.18675, 18.70429], [-99.1862, 18.70417], [-99.18637, 18.70376], [-99.18786, 18.70442]]]}}, {"id": "1357138", "type": "Feature", "properties": {"id": "1357138", "CVEGEO": "170240116039A001", "POBTOT": 0.0, "score_nse": 0.0, "NSE": null, "VIVTOT": 0.0, "GRAPROES": 0.0, "_ent": "17", "_mun": "024", "_loc": "0116"}, "geometry": {"type": "Polygon", "coordinates": [[[-99.1866, 18.7047], [-99.18701, 18.70484], [-99.18692, 18.70513], [-99.18705, 18.70486], [-99.1874, 18.70502], [-99.18728, 18.70575], [-99.18687, 18.70544], [-99.18726, 18.7059], [-99.18641, 18.70531], [-99.1866, 18.7047]]]}}, {"id": "1357139", "type": "Feature", "properties": {"id": "1357139", "CVEGEO": "170240138039A012", "POBTOT": 0.0, "score_nse": 0.0, "NSE": null, "VIVTOT": 0.0, "GRAPROES": 0.0, "_ent": "17", "_mun": "024", "_loc": "0138"}, "geometry": {"type": "Polygon", "coordinates": [[[-99.18705, 18.74137], [-99.18687, 18.74156], [-99.18682, 18.74151], [-99.18705, 18.74137]]]}}, {"id": "1357140", "type": "Feature", "properties": {"id": "1357140", "CVEGEO": "170240116039A009", "POBTOT": 0.0, "score_nse": 0.0, "NSE": null, "VIVTOT": 0.0, "GRAPROES": 0.0, "_ent": "17", "_mun": "024", "_loc": "0116"}, "geometry": {"type": "Polygon", "coordinates": [[[-99.18668, 18.70907], [-99.18635, 18.70819], [-99.18659, 18.7079], [-99.1872, 18.7081], [-99.18668, 18.70907]]]}}, {"id": "1357141", "type": "Feature", "properties": {"id": "1357141", "CVEGEO": "170240116039A008", "POBTOT": 0.0, "score_nse": 0.0, "NSE": null, "VIVTOT": 0.0, "GRAPROES": 0.0, "_ent": "17", "_mun": "024", "_loc": "0116"}, "geometry": {"type": "Polygon", "coordinates": [[[-99.18624, 18.70787], [-99.18659, 18.70747], [-99.18742, 18.70771], [-99.18725, 18.70806], [-99.18659, 18.70785], [-99.18634, 18.70814], [-99.18624, 18.70787]]]}}, {"id": "1357142", "type": "Feature", "properties": {"id": "1357142", "CVEGEO": "170240116039A007", "POBTOT": 0.0, "score_nse": 0.0, "NSE": null, "VIVTOT": 0.0, "GRAPROES": 0.0, "_ent": "17", "_mun": "024", "_loc": "0116"}, "geometry": {"type": "Polygon", "coordinates": [[[-99.18734, 18.70377], [-99.18785, 18.70287], [-99.18856, 18.70343], [-99.18831, 18.70384], [-99.18786, 18.70358], [-99.18828, 18.70387], [-99.18804, 18.7042], [-99.18734, 18.70377]]]}}, {"id": "1357143", "type": "Feature", "properties": {"id": "1357143", "CVEGEO": "170240116039A006", "POBTOT": 0.0, "score_nse": 0.0, "NSE": null, "VIVTOT": 0.0, "GRAPROES": 0.0, "_ent": "17", "_mun": "024", "_loc": "0116"}, "geometry": {"type": "Polygon", "coordinates": [[[-99.18678, 18.70346], [-99.18724, 18.70272], [-99.18779, 18.70287], [-99.1873, 18.70375], [-99.18678, 18.70346]]]}}, {"id": "1357144", "type": "Feature", "properties": {"id": "1357144", "CVEGEO": "170240116039A004", "POBTOT": 0.0, "score_nse": 0.0, "NSE": null, "VIVTOT": 0.0, "GRAPROES": 0.0, "_ent": "17", "_mun": "024", "_loc": "0116"}, "geometry": {"type": "Polygon", "coordinates": [[[-99.18662, 18.70742], [-99.18699, 18.70699], [-99.18767, 18.70727], [-99.18744, 18.70767], [-99.18662, 18.70742]]]}}, {"id": "1357145", "type": "Feature", "properties": {"id": "1357145", "CVEGEO": "170240116039A003", "POBTOT": 0.0, "score_nse": 0.0, "NSE": null, "VIVTOT": 0.0, "GRAPROES": 0.0, "_ent": "17", "_mun": "024", "_loc": "0116"}, "geometry": {"type": "Polygon", "coordinates": [[[-99.18802, 18.7043], [-99.18871, 18.70433], [-99.18854, 18.70509], [-99.18766, 18.70479], [-99.18802, 18.7043]]]}}, {"id": "1357146", "type": "Feature", "properties": {"id": "1357146", "CVEGEO": "170240114039A014", "POBTOT": 0.0, "score_nse": 0.0, "NSE": null, "VIVTOT": 0.0, "GRAPROES": 0.0, "_ent": "17", "_mun": "024", "_loc": "0114"}, "geometry": {"type": "Polygon", "coordinates": [[[-99.18633, 18.70988], [-99.18657, 18.70925], [-99.18672, 18.70932], [-99.18707, 18.71022], [-99.18633, 18.70988]]]}}, {"id": "1357147", "type": "Feature", "properties": {"id": "1357147", "CVEGEO": "170240114039A013", "POBTOT": 0.0, "score_nse": 0.0, "NSE": null, "VIVTOT": 0.0, "GRAPROES": 0.0, "_ent": "17", "_mun": "024", "_loc": "0114"}, "geometry": {"type": "Polygon", "coordinates": [[[-99.18619, 18.71028], [-99.18632, 18.70991], [-99.18706, 18.71025], [-99.18719, 18.71071], [-99.18619, 18.71028]]]}}, {"id": "1357148", "type": "Feature", "properties": {"id": "1357148", "CVEGEO": "170240114039A012", "POBTOT": 0.0, "score_nse": 0.0, "NSE": null, "VIVTOT": 0.0, "GRAPROES": 0.0, "_ent": "17", "_mun": "024", "_loc": "0114"}, "geometry": {"type": "Polygon", "coordinates": [[[-99.18605, 18.7107], [-99.18618, 18.71031], [-99.18719, 18.71074], [-99.18694, 18.71112], [-99.18605, 18.7107]]]}}, {"id": "1357149", "type": "Feature", "properties": {"id": "1357149", "CVEGEO": "170240114039A007", "POBTOT": 0.0, "score_nse": 0.0, "NSE": null, "VIVTOT": 0.0, "GRAPROES": 0.0, "_ent": "17", "_mun": "024", "_loc": "0114"}, "geometry": {"type": "Polygon", "coordinates": [[[-99.18771, 18.71491], [-99.18837, 18.71503], [-99.1885, 18.71589], [-99.18758, 18.71572], [-99.18771, 18.71491]]]}}, {"id": "1357150", "type": "Feature", "properties": {"id": "1357150", "CVEGEO": "170240114039A006", "POBTOT": 0.0, "score_nse": 0.0, "NSE": null, "VIVTOT": 0.0, "GRAPROES": 0.0, "_ent": "17", "_mun": "024", "_loc": "0114"}, "geometry": {"type": "Polygon", "coordinates": [[[-99.18777, 18.71447], [-99.18823, 18.71454], [-99.18837, 18.71497], [-99.18771, 18.71484], [-99.18777, 18.71447]]]}}, {"id": "1357151", "type": "Feature", "properties": {"id": "1357151", "CVEGEO": "170240114039A005", "POBTOT": 0.0, "score_nse": 0.0, "NSE": null, "VIVTOT": 0.0, "GRAPROES": 0.0, "_ent": "17", "_mun": "024", "_loc": "0114"}, "geometry": {"type": "Polygon", "coordinates": [[[-99.18776, 18.71442], [-99.18789, 18.71339], [-99.18792, 18.71338], [-99.18824, 18.71448], [-99.18776, 18.71442]]]}}, {"id": "1357152", "type": "Feature", "properties": {"id": "1357152", "CVEGEO": "170240114039A003", "POBTOT": 0.0, "score_nse": 0.0, "NSE": null, "VIVTOT": 0.0, "GRAPROES": 0.0, "_ent": "17", "_mun": "024", "_loc": "0114"}, "geometry": {"type": "Polygon", "coordinates": [[[-99.18669, 18.71426], [-99.18688, 18.71291], [-99.18735, 18.71298], [-99.18718, 18.71432], [-99.18669, 18.71426]]]}}, {"id": "1357153", "type": "Feature", "properties": {"id": "1357153", "CVEGEO": "170240098039A003", "POBTOT": 0.0, "score_nse": 0.0, "NSE": null, "VIVTOT": 0.0, "GRAPROES": 0.0, "_ent": "17", "_mun": "024", "_loc": "0098"}, "geometry": {"type": "Polygon", "coordinates": [[[-99.19096, 18.69517], [-99.19087, 18.69484], [-99.19107, 18.69465], [-99.19113, 18.69493], [-99.19111, 18.69428], [-99.19152, 18.69421], [-99.19181, 18.69575], [-99.19155, 18.69613], [-99.19121, 18.69592], [-99.19128, 18.69571], [-99.19116, 18.69589], [-99.19077, 18.69562], [-99.19096, 18.69517]]]}}, {"id": "1357154", "type": "Feature", "properties": {"id": "1357154", "CVEGEO": "170240098039A009", "POBTOT": 0.0, "score_nse": 0.0, "NSE": null, "VIVTOT": 0.0, "GRAPROES": 0.0, "_ent": "17", "_mun": "024", "_loc": "0098"}, "geometry": {"type": "Polygon", "coordinates": [[[-99.19111, 18.69423], [-99.19059, 18.69393], [-99.19106, 18.6928], [-99.1913, 18.69289], [-99.19113, 18.69347], [-99.19134, 18.69291], [-99.19152, 18.69296], [-99.19147, 18.69356], [-99.19121, 18.69358], [-99.19147, 18.69359], [-99.19151, 18.69416], [-99.19111, 18.69423]]]}}, {"id": "1357155", "type": "Feature", "properties": {"id": "1357155", "CVEGEO": "170240098039A008", "POBTOT": 0.0, "score_nse": 0.0, "NSE": null, "VIVTOT": 0.0, "GRAPROES": 0.0, "_ent": "17", "_mun": "024", "_loc": "0098"}, "geometry": {"type": "Polygon", "coordinates": [[[-99.18961, 18.69742], [-99.18956, 18.69704], [-99.18983, 18.6957], [-99.1904, 18.69614], [-99.18961, 18.69742]]]}}, {"id": "1357156", "type": "Feature", "properties": {"id": "1357156", "CVEGEO": "170240098039A007", "POBTOT": 0.0, "score_nse": 0.0, "NSE": null, "VIVTOT": 0.0, "GRAPROES": 0.0, "_ent": "17", "_mun": "024", "_loc": "0098"}, "geometry": {"type": "Polygon", "coordinates": [[[-99.19027, 18.69749], [-99.18974, 18.69743], [-99.19044, 18.69615], [-99.19083, 18.69641], [-99.19027, 18.69749]]]}}, {"id": "1357157", "type": "Feature", "properties": {"id": "1357157", "CVEGEO": "170240098039A006", "POBTOT": 0.0, "score_nse": 0.0, "NSE": null, "VIVTOT": 0.0, "GRAPROES": 0.0, "_ent": "17", "_mun": "024", "_loc": "0098"}, "geometry": {"type": "Polygon", "coordinates": [[[-99.19034, 18.6975], [-99.1909, 18.69644], [-99.19125, 18.69664], [-99.1908, 18.6975], [-99.19034, 18.6975]]]}}, {"id": "1357158", "type": "Feature", "properties": {"id": "1357158", "CVEGEO": "170240098039A004", "POBTOT": 0.0, "score_nse": 0.0, "NSE": null, "VIVTOT": 0.0, "GRAPROES": 0.0, "_ent": "17", "_mun": "024", "_loc": "0098"}, "geometry": {"type": "Polygon", "coordinates": [[[-99.18987, 18.69563], [-99.18991, 18.69453], [-99.19033, 18.69396], [-99.19106, 18.69424], [-99.19107, 18.6946], [-99.19079, 18.69502], [-99.19092, 18.69528], [-99.1907, 18.69561], [-99.19045, 18.6955], [-99.19068, 18.69564], [-99.19042, 18.69604], [-99.18987, 18.69563]]]}}, {"id": "1357159", "type": "Feature", "properties": {"id": "1357159", "CVEGEO": "170240098039A002", "POBTOT": 0.0, "score_nse": 0.0, "NSE": null, "VIVTOT": 0.0, "GRAPROES": 0.0, "_ent": "17", "_mun": "024", "_loc": "0098"}, "geometry": {"type": "Polygon", "coordinates": [[[-99.19047, 18.69611], [-99.19072, 18.69567], [-99.19113, 18.69594], [-99.19087, 18.69635], [-99.19047, 18.69611]]]}}, {"id": "1357160", "type": "Feature", "properties": {"id": "1357160", "CVEGEO": "170240098039A001", "POBTOT": 0.0, "score_nse": 0.0, "NSE": null, "VIVTOT": 0.0, "GRAPROES": 0.0, "_ent": "17", "_mun": "024", "_loc": "0098"}, "geometry": {"type": "Polygon", "coordinates": [[[-99.19091, 18.69638], [-99.19117, 18.69596], [-99.19154, 18.69619], [-99.19128, 18.69661], [-99.19091, 18.69638]]]}}, {"id": "1357161", "type": "Feature", "properties": {"id": "1357161", "CVEGEO": "170240092039A004", "POBTOT": 0.0, "score_nse": 0.0, "NSE": null, "VIVTOT": 0.0, "GRAPROES": 0.0, "_ent": "17", "_mun": "024", "_loc": "0092"}, "geometry": {"type": "Polygon", "coordinates": [[[-99.14676, 18.66287], [-99.14845, 18.66242], [-99.14925, 18.66268], [-99.14878, 18.66372], [-99.14676, 18.66287]]]}}, {"id": "1357162", "type": "Feature", "properties": {"id": "1357162", "CVEGEO": "170240092039A002", "POBTOT": 0.0, "score_nse": 0.0, "NSE": null, "VIVTOT": 0.0, "GRAPROES": 0.0, "_ent": "17", "_mun": "024", "_loc": "0092"}, "geometry": {"type": "Polygon", "coordinates": [[[-99.14632, 18.66304], [-99.14665, 18.66288], [-99.14722, 18.66316], [-99.14711, 18.66339], [-99.14632, 18.66304]]]}}, {"id": "1357163", "type": "Feature", "properties": {"id": "1357163", "CVEGEO": "170240092039A003", "POBTOT": 0.0, "score_nse": 0.0, "NSE": null, "VIVTOT": 0.0, "GRAPROES": 0.0, "_ent": "17", "_mun": "024", "_loc": "0092"}, "geometry": {"type": "Polygon", "coordinates": [[[-99.14717, 18.66344], [-99.14731, 18.66317], [-99.14874, 18.66382], [-99.14865, 18.66404], [-99.14717, 18.66344]]]}}, {"id": "1357164", "type": "Feature", "properties": {"id": "1357164", "CVEGEO": "1702400890135011", "POBTOT": 0.0, "score_nse": 0.0, "NSE": null, "VIVTOT": 0.0, "GRAPROES": 0.0, "_ent": "17", "_mun": "024", "_loc": "0089"}, "geometry": {"type": "Polygon", "coordinates": [[[-99.10344, 18.74589], [-99.10265, 18.74593], [-99.10171, 18.74579], [-99.10232, 18.74509], [-99.10357, 18.74561], [-99.10344, 18.74589]]]}}, {"id": "1357165", "type": "Feature", "properties": {"id": "1357165", "CVEGEO": "1702400890135010", "POBTOT": 0.0, "score_nse": 0.0, "NSE": null, "VIVTOT": 0.0, "GRAPROES": 0.0, "_ent": "17", "_mun": "024", "_loc": "0089"}, "geometry": {"type": "Polygon", "coordinates": [[[-99.10533, 18.74408], [-99.10507, 18.74328], [-99.10654, 18.74389], [-99.10637, 18.7445], [-99.10533, 18.74408]]]}}, {"id": "1357166", "type": "Feature", "properties": {"id": "1357166", "CVEGEO": "1702400890135009", "POBTOT": 0.0, "score_nse": 0.0, "NSE": null, "VIVTOT": 0.0, "GRAPROES": 0.0, "_ent": "17", "_mun": "024", "_loc": "0089"}, "geometry": {"type": "Polygon", "coordinates": [[[-99.10506, 18.74318], [-99.10488, 18.74257], [-99.10614, 18.7423], [-99.10696, 18.74274], [-99.10675, 18.74309], [-99.10582, 18.74278], [-99.10671, 18.74317], [-99.10655, 18.7438], [-99.10506, 18.74318]]]}}, {"id": "1357167", "type": "Feature", "properties": {"id": "1357167", "CVEGEO": "1702400890135007", "POBTOT": 0.0, "score_nse": 0.0, "NSE": null, "VIVTOT": 0.0, "GRAPROES": 0.0, "_ent": "17", "_mun": "024", "_loc": "0089"}, "geometry": {"type": "Polygon", "coordinates": [[[-99.10484, 18.74249], [-99.10477, 18.74222], [-99.10507, 18.74179], [-99.10526, 18.74176], [-99.10605, 18.74225], [-99.10484, 18.74249]]]}}, {"id": "1357168", "type": "Feature", "properties": {"id": "1357168", "CVEGEO": "1702400890135005", "POBTOT": 0.0, "score_nse": 0.0, "NSE": null, "VIVTOT": 0.0, "GRAPROES": 0.0, "_ent": "17", "_mun": "024", "_loc": "0089"}, "geometry": {"type": "Polygon", "coordinates": [[[-99.1107, 18.74324], [-99.11071, 18.74285], [-99.11085, 18.74277], [-99.1117, 18.74359], [-99.11217, 18.74367], [-99.11166, 18.74424], [-99.11112, 18.74386], [-99.1107, 18.74324]]]}}, {"id": "1357169", "type": "Feature", "properties": {"id": "1357169", "CVEGEO": "1702400890135004", "POBTOT": 0.0, "score_nse": 0.0, "NSE": null, "VIVTOT": 0.0, "GRAPROES": 0.0, "_ent": "17", "_mun": "024", "_loc": "0089"}, "geometry": {"type": "Polygon", "coordinates": [[[-99.11261, 18.74305], [-99.11189, 18.74272], [-99.11023, 18.74157], [-99.11135, 18.74152], [-99.11298, 18.74253], [-99.11261, 18.74305]]]}}, {"id": "1357170", "type": "Feature", "properties": {"id": "1357170", "CVEGEO": "1702400890135003", "POBTOT": 0.0, "score_nse": 0.0, "NSE": null, "VIVTOT": 0.0, "GRAPROES": 0.0, "_ent": "17", "_mun": "024", "_loc": "0089"}, "geometry": {"type": "Polygon", "coordinates": [[[-99.11119, 18.74146], [-99.11016, 18.7415], [-99.10872, 18.74049], [-99.10917, 18.74004], [-99.11119, 18.74146]]]}}, {"id": "1357171", "type": "Feature", "properties": {"id": "1357171", "CVEGEO": "1702400890135002", "POBTOT": 0.0, "score_nse": 0.0, "NSE": null, "VIVTOT": 0.0, "GRAPROES": 0.0, "_ent": "17", "_mun": "024", "_loc": "0089"}, "geometry": {"type": "Polygon", "coordinates": [[[-99.10891, 18.74191], [-99.10838, 18.7414], [-99.1094, 18.74112], [-99.10995, 18.7415], [-99.10891, 18.74191]]]}}, {"id": "1357172", "type": "Feature", "properties": {"id": "1357172", "CVEGEO": "1702400890135001", "POBTOT": 0.0, "score_nse": 0.0, "NSE": null, "VIVTOT": 0.0, "GRAPROES": 0.0, "_ent": "17", "_mun": "024", "_loc": "0089"}, "geometry": {"type": "Polygon", "coordinates": [[[-99.1105, 18.74188], [-99.10936, 18.74257], [-99.10897, 18.74199], [-99.1101, 18.74158], [-99.1105, 18.74188]]]}}, {"id": "1357173", "type": "Feature", "properties": {"id": "1357173", "CVEGEO": "170240081039A079", "POBTOT": 0.0, "score_nse": 0.0, "NSE": null, "VIVTOT": 0.0, "GRAPROES": 0.0, "_ent": "17", "_mun": "024", "_loc": "0081"}, "geometry": {"type": "Polygon", "coordinates": [[[-99.11318, 18.70965], [-99.11357, 18.70953], [-99.11393, 18.71049], [-99.11356, 18.71059], [-99.11318, 18.70965]]]}}, {"id": "1357174", "type": "Feature", "properties": {"id": "1357174", "CVEGEO": "170240081039A078", "POBTOT": 0.0, "score_nse": 0.0, "NSE": null, "VIVTOT": 0.0, "GRAPROES": 0.0, "_ent": "17", "_mun": "024", "_loc": "0081"}, "geometry": {"type": "Polygon", "coordinates": [[[-99.11291, 18.70975], [-99.11312, 18.70968], [-99.11402, 18.71199], [-99.11386, 18.71205], [-99.11291, 18.70975]]]}}, {"id": "1357175", "type": "Feature", "properties": {"id": "1357175", "CVEGEO": "170240081039A077", "POBTOT": 0.0, "score_nse": 0.0, "NSE": null, "VIVTOT": 0.0, "GRAPROES": 0.0, "_ent": "17", "_mun": "024", "_loc": "0081"}, "geometry": {"type": "Polygon", "coordinates": [[[-99.11403, 18.71055], [-99.11442, 18.71039], [-99.11494, 18.71174], [-99.11453, 18.71184], [-99.11403, 18.71055]]]}}, {"id": "1357176", "type": "Feature", "properties": {"id": "1357176", "CVEGEO": "170240081039A075", "POBTOT": 0.0, "score_nse": 0.0, "NSE": null, "VIVTOT": 0.0, "GRAPROES": 0.0, "_ent": "17", "_mun": "024", "_loc": "0081"}, "geometry": {"type": "Polygon", "coordinates": [[[-99.11502, 18.71172], [-99.11448, 18.71038], [-99.11493, 18.71015], [-99.11585, 18.71148], [-99.11502, 18.71172]]]}}, {"id": "1357177", "type": "Feature", "properties": {"id": "1357177", "CVEGEO": "170240081039A074", "POBTOT": 0.0, "score_nse": 0.0, "NSE": null, "VIVTOT": 0.0, "GRAPROES": 0.0, "_ent": "17", "_mun": "024", "_loc": "0081"}, "geometry": {"type": "Polygon", "coordinates": [[[-99.11236, 18.70649], [-99.11229, 18.70555], [-99.11283, 18.70546], [-99.11307, 18.70637], [-99.11236, 18.70649]]]}}, {"id": "1357178", "type": "Feature", "properties": {"id": "1357178", "CVEGEO": "170240081039A073", "POBTOT": 0.0, "score_nse": 0.0, "NSE": null, "VIVTOT": 0.0, "GRAPROES": 0.0, "_ent": "17", "_mun": "024", "_loc": "0081"}, "geometry": {"type": "Polygon", "coordinates": [[[-99.11652, 18.71082], [-99.11705, 18.71071], [-99.11721, 18.7111], [-99.11666, 18.71126], [-99.11652, 18.71082]]]}}, {"id": "1357179", "type": "Feature", "properties": {"id": "1357179", "CVEGEO": "170240081039A072", "POBTOT": 0.0, "score_nse": 0.0, "NSE": null, "VIVTOT": 0.0, "GRAPROES": 0.0, "_ent": "17", "_mun": "024", "_loc": "0081"}, "geometry": {"type": "Polygon", "coordinates": [[[-99.11516, 18.71034], [-99.11558, 18.71024], [-99.1159, 18.71109], [-99.11576, 18.71117], [-99.11516, 18.71034]]]}}, {"id": "1357180", "type": "Feature", "properties": {"id": "1357180", "CVEGEO": "170240081039A071", "POBTOT": 0.0, "score_nse": 0.0, "NSE": null, "VIVTOT": 0.0, "GRAPROES": 0.0, "_ent": "17", "_mun": "024", "_loc": "0081"}, "geometry": {"type": "Polygon", "coordinates": [[[-99.1158, 18.7112], [-99.11599, 18.71105], [-99.11565, 18.71021], [-99.11614, 18.71006], [-99.11658, 18.71127], [-99.11592, 18.71148], [-99.1158, 18.7112]]]}}, {"id": "1357181", "type": "Feature", "properties": {"id": "1357181", "CVEGEO": "170240081039A070", "POBTOT": 0.0, "score_nse": 0.0, "NSE": null, "VIVTOT": 0.0, "GRAPROES": 0.0, "_ent": "17", "_mun": "024", "_loc": "0081"}, "geometry": {"type": "Polygon", "coordinates": [[[-99.11622, 18.71006], [-99.11672, 18.70992], [-99.11703, 18.71064], [-99.11647, 18.71076], [-99.11622, 18.71006]]]}}, {"id": "1357182", "type": "Feature", "properties": {"id": "1357182", "CVEGEO": "170240081039A068", "POBTOT": 0.0, "score_nse": 0.0, "NSE": null, "VIVTOT": 0.0, "GRAPROES": 0.0, "_ent": "17", "_mun": "024", "_loc": "0081"}, "geometry": {"type": "Polygon", "coordinates": [[[-99.11535, 18.70936], [-99.11633, 18.70907], [-99.11649, 18.70945], [-99.1155, 18.70973], [-99.11535, 18.70936]]]}}, {"id": "1357183", "type": "Feature", "properties": {"id": "1357183", "CVEGEO": "170240081039A066", "POBTOT": 0.0, "score_nse": 0.0, "NSE": null, "VIVTOT": 0.0, "GRAPROES": 0.0, "_ent": "17", "_mun": "024", "_loc": "0081"}, "geometry": {"type": "Polygon", "coordinates": [[[-99.11366, 18.70953], [-99.11378, 18.70895], [-99.11484, 18.71013], [-99.114, 18.71048], [-99.11388, 18.71014], [-99.11424, 18.70999], [-99.11384, 18.71004], [-99.11366, 18.70953]]]}}, {"id": "1357184", "type": "Feature", "properties": {"id": "1357184", "CVEGEO": "170240081039A065", "POBTOT": 0.0, "score_nse": 0.0, "NSE": null, "VIVTOT": 0.0, "GRAPROES": 0.0, "_ent": "17", "_mun": "024", "_loc": "0081"}, "geometry": {"type": "Polygon", "coordinates": [[[-99.1149, 18.71007], [-99.11431, 18.70947], [-99.11404, 18.70915], [-99.11446, 18.70897], [-99.1149, 18.71007]]]}}, {"id": "1357185", "type": "Feature", "properties": {"id": "1357185", "CVEGEO": "170240081039A064", "POBTOT": 0.0, "score_nse": 0.0, "NSE": null, "VIVTOT": 0.0, "GRAPROES": 0.0, "_ent": "17", "_mun": "024", "_loc": "0081"}, "geometry": {"type": "Polygon", "coordinates": [[[-99.11513, 18.71026], [-99.11453, 18.70894], [-99.11504, 18.70878], [-99.11561, 18.71015], [-99.11513, 18.71026]]]}}, {"id": "1357186", "type": "Feature", "properties": {"id": "1357186", "CVEGEO": "170240081039A063", "POBTOT": 0.0, "score_nse": 0.0, "NSE": null, "VIVTOT": 0.0, "GRAPROES": 0.0, "_ent": "17", "_mun": "024", "_loc": "0081"}, "geometry": {"type": "Polygon", "coordinates": [[[-99.11518, 18.70891], [-99.11616, 18.70865], [-99.11631, 18.70902], [-99.11532, 18.7093], [-99.11518, 18.70891]]]}}, {"id": "1357187", "type": "Feature", "properties": {"id": "1357187", "CVEGEO": "170240081039A062", "POBTOT": 0.0, "score_nse": 0.0, "NSE": null, "VIVTOT": 0.0, "GRAPROES": 0.0, "_ent": "17", "_mun": "024", "_loc": "0081"}, "geometry": {"type": "Polygon", "coordinates": [[[-99.11266, 18.70905], [-99.11225, 18.70874], [-99.11353, 18.70872], [-99.11371, 18.7089], [-99.11368, 18.70914], [-99.11323, 18.70921], [-99.11369, 18.70921], [-99.1137, 18.70944], [-99.11289, 18.70968], [-99.11266, 18.70905]]]}}, {"id": "1357188", "type": "Feature", "properties": {"id": "1357188", "CVEGEO": "170240081039A061", "POBTOT": 0.0, "score_nse": 0.0, "NSE": null, "VIVTOT": 0.0, "GRAPROES": 0.0, "_ent": "17", "_mun": "024", "_loc": "0081"}, "geometry": {"type": "Polygon", "coordinates": [[[-99.11383, 18.70889], [-99.11419, 18.70878], [-99.11421, 18.70899], [-99.11401, 18.70911], [-99.11383, 18.70889]]]}}, {"id": "1357189", "type": "Feature", "properties": {"id": "1357189", "CVEGEO": "170240081039A060", "POBTOT": 0.0, "score_nse": 0.0, "NSE": null, "VIVTOT": 0.0, "GRAPROES": 0.0, "_ent": "17", "_mun": "024", "_loc": "0081"}, "geometry": {"type": "Polygon", "coordinates": [[[-99.11423, 18.70876], [-99.11499, 18.70853], [-99.11502, 18.70872], [-99.11426, 18.70897], [-99.11423, 18.70876]]]}}, {"id": "1357190", "type": "Feature", "properties": {"id": "1357190", "CVEGEO": "170240081039A059", "POBTOT": 0.0, "score_nse": 0.0, "NSE": null, "VIVTOT": 0.0, "GRAPROES": 0.0, "_ent": "17", "_mun": "024", "_loc": "0081"}, "geometry": {"type": "Polygon", "coordinates": [[[-99.11517, 18.70886], [-99.11506, 18.70849], [-99.116, 18.70824], [-99.11614, 18.70861], [-99.11517, 18.70886]]]}}, {"id": "1357191", "type": "Feature", "properties": {"id": "1357191", "CVEGEO": "170240081039A058", "POBTOT": 0.0, "score_nse": 0.0, "NSE": null, "VIVTOT": 0.0, "GRAPROES": 0.0, "_ent": "17", "_mun": "024", "_loc": "0081"}, "geometry": {"type": "Polygon", "coordinates": [[[-99.11306, 18.70826], [-99.11337, 18.70863], [-99.1122, 18.70867], [-99.11192, 18.70837], [-99.11306, 18.70826]]]}}, {"id": "1357192", "type": "Feature", "properties": {"id": "1357192", "CVEGEO": "170240081039A057", "POBTOT": 0.0, "score_nse": 0.0, "NSE": null, "VIVTOT": 0.0, "GRAPROES": 0.0, "_ent": "17", "_mun": "024", "_loc": "0081"}, "geometry": {"type": "Polygon", "coordinates": [[[-99.11377, 18.70883], [-99.11342, 18.7085], [-99.11406, 18.70831], [-99.11417, 18.70871], [-99.11377, 18.70883]]]}}, {"id": "1357193", "type": "Feature", "properties": {"id": "1357193", "CVEGEO": "170240081039A055", "POBTOT": 0.0, "score_nse": 0.0, "NSE": null, "VIVTOT": 0.0, "GRAPROES": 0.0, "_ent": "17", "_mun": "024", "_loc": "0081"}, "geometry": {"type": "Polygon", "coordinates": [[[-99.11495, 18.70805], [-99.1159, 18.70781], [-99.11598, 18.70819], [-99.11504, 18.70844], [-99.11495, 18.70805]]]}}, {"id": "1357194", "type": "Feature", "properties": {"id": "1357194", "CVEGEO": "170240081039A052", "POBTOT": 0.0, "score_nse": 0.0, "NSE": null, "VIVTOT": 0.0, "GRAPROES": 0.0, "_ent": "17", "_mun": "024", "_loc": "0081"}, "geometry": {"type": "Polygon", "coordinates": [[[-99.11338, 18.70845], [-99.11304, 18.70806], [-99.11395, 18.70786], [-99.11403, 18.70825], [-99.11338, 18.70845]]]}}, {"id": "1357195", "type": "Feature", "properties": {"id": "1357195", "CVEGEO": "170240081039A050", "POBTOT": 0.0, "score_nse": 0.0, "NSE": null, "VIVTOT": 0.0, "GRAPROES": 0.0, "_ent": "17", "_mun": "024", "_loc": "0081"}, "geometry": {"type": "Polygon", "coordinates": [[[-99.11486, 18.70764], [-99.11581, 18.70737], [-99.1159, 18.70774], [-99.11493, 18.70799], [-99.11486, 18.70764]]]}}, {"id": "1357196", "type": "Feature", "properties": {"id": "1357196", "CVEGEO": "170240081039A047", "POBTOT": 0.0, "score_nse": 0.0, "NSE": null, "VIVTOT": 0.0, "GRAPROES": 0.0, "_ent": "17", "_mun": "024", "_loc": "0081"}, "geometry": {"type": "Polygon", "coordinates": [[[-99.11161, 18.70784], [-99.11151, 18.70749], [-99.11259, 18.70743], [-99.11274, 18.70777], [-99.11161, 18.70784]]]}}, {"id": "1357197", "type": "Feature", "properties": {"id": "1357197", "CVEGEO": "170240081039A046", "POBTOT": 0.0, "score_nse": 0.0, "NSE": null, "VIVTOT": 0.0, "GRAPROES": 0.0, "_ent": "17", "_mun": "024", "_loc": "0081"}, "geometry": {"type": "Polygon", "coordinates": [[[-99.113, 18.70801], [-99.1128, 18.70768], [-99.11392, 18.7074], [-99.11394, 18.70779], [-99.113, 18.70801]]]}}, {"id": "1357198", "type": "Feature", "properties": {"id": "1357198", "CVEGEO": "170240081039A045", "POBTOT": 0.0, "score_nse": 0.0, "NSE": null, "VIVTOT": 0.0, "GRAPROES": 0.0, "_ent": "17", "_mun": "024", "_loc": "0081"}, "geometry": {"type": "Polygon", "coordinates": [[[-99.114, 18.70738], [-99.11476, 18.70718], [-99.11478, 18.70756], [-99.11401, 18.70776], [-99.114, 18.70738]]]}}, {"id": "1357199", "type": "Feature", "properties": {"id": "1357199", "CVEGEO": "170240081039A044", "POBTOT": 0.0, "score_nse": 0.0, "NSE": null, "VIVTOT": 0.0, "GRAPROES": 0.0, "_ent": "17", "_mun": "024", "_loc": "0081"}, "geometry": {"type": "Polygon", "coordinates": [[[-99.11482, 18.70714], [-99.11576, 18.70692], [-99.11579, 18.70728], [-99.11485, 18.70755], [-99.11482, 18.70714]]]}}, {"id": "1357200", "type": "Feature", "properties": {"id": "1357200", "CVEGEO": "170240081039A041", "POBTOT": 0.0, "score_nse": 0.0, "NSE": null, "VIVTOT": 0.0, "GRAPROES": 0.0, "_ent": "17", "_mun": "024", "_loc": "0081"}, "geometry": {"type": "Polygon", "coordinates": [[[-99.1115, 18.70705], [-99.11242, 18.707], [-99.11254, 18.70736], [-99.11143, 18.70743], [-99.1115, 18.70705]]]}}, {"id": "1357201", "type": "Feature", "properties": {"id": "1357201", "CVEGEO": "170240081039A040", "POBTOT": 0.0, "score_nse": 0.0, "NSE": null, "VIVTOT": 0.0, "GRAPROES": 0.0, "_ent": "17", "_mun": "024", "_loc": "0081"}, "geometry": {"type": "Polygon", "coordinates": [[[-99.11278, 18.70761], [-99.11264, 18.70728], [-99.11324, 18.70712], [-99.11328, 18.70746], [-99.11278, 18.70761]]]}}, {"id": "1357202", "type": "Feature", "properties": {"id": "1357202", "CVEGEO": "170240081039A039", "POBTOT": 0.0, "score_nse": 0.0, "NSE": null, "VIVTOT": 0.0, "GRAPROES": 0.0, "_ent": "17", "_mun": "024", "_loc": "0081"}, "geometry": {"type": "Polygon", "coordinates": [[[-99.1133, 18.7071], [-99.11386, 18.70695], [-99.11391, 18.70733], [-99.11334, 18.70745], [-99.1133, 18.7071]]]}}, {"id": "1357203", "type": "Feature", "properties": {"id": "1357203", "CVEGEO": "170240081039A038", "POBTOT": 0.0, "score_nse": 0.0, "NSE": null, "VIVTOT": 0.0, "GRAPROES": 0.0, "_ent": "17", "_mun": "024", "_loc": "0081"}, "geometry": {"type": "Polygon", "coordinates": [[[-99.11394, 18.70693], [-99.11469, 18.70674], [-99.11474, 18.70712], [-99.11398, 18.7073], [-99.11394, 18.70693]]]}}, {"id": "1357204", "type": "Feature", "properties": {"id": "1357204", "CVEGEO": "170240081039A037", "POBTOT": 0.0, "score_nse": 0.0, "NSE": null, "VIVTOT": 0.0, "GRAPROES": 0.0, "_ent": "17", "_mun": "024", "_loc": "0081"}, "geometry": {"type": "Polygon", "coordinates": [[[-99.11476, 18.70672], [-99.11572, 18.70649], [-99.11575, 18.70687], [-99.11481, 18.70708], [-99.11476, 18.70672]]]}}, {"id": "1357205", "type": "Feature", "properties": {"id": "1357205", "CVEGEO": "170240081039A034", "POBTOT": 0.0, "score_nse": 0.0, "NSE": null, "VIVTOT": 0.0, "GRAPROES": 0.0, "_ent": "17", "_mun": "024", "_loc": "0081"}, "geometry": {"type": "Polygon", "coordinates": [[[-99.11259, 18.70723], [-99.11238, 18.70655], [-99.11307, 18.70642], [-99.11324, 18.70703], [-99.11259, 18.70723]]]}}, {"id": "1357206", "type": "Feature", "properties": {"id": "1357206", "CVEGEO": "170240081039A032", "POBTOT": 0.0, "score_nse": 0.0, "NSE": null, "VIVTOT": 0.0, "GRAPROES": 0.0, "_ent": "17", "_mun": "024", "_loc": "0081"}, "geometry": {"type": "Polygon", "coordinates": [[[-99.11389, 18.70647], [-99.11464, 18.70629], [-99.11468, 18.70667], [-99.11391, 18.70687], [-99.11389, 18.70647]]]}}, {"id": "1357207", "type": "Feature", "properties": {"id": "1357207", "CVEGEO": "170240081039A031", "POBTOT": 0.0, "score_nse": 0.0, "NSE": null, "VIVTOT": 0.0, "GRAPROES": 0.0, "_ent": "17", "_mun": "024", "_loc": "0081"}, "geometry": {"type": "Polygon", "coordinates": [[[-99.11472, 18.70627], [-99.11569, 18.70603], [-99.11569, 18.70641], [-99.11475, 18.70665], [-99.11472, 18.70627]]]}}, {"id": "1357208", "type": "Feature", "properties": {"id": "1357208", "CVEGEO": "170240081039A027", "POBTOT": 0.0, "score_nse": 0.0, "NSE": null, "VIVTOT": 0.0, "GRAPROES": 0.0, "_ent": "17", "_mun": "024", "_loc": "0081"}, "geometry": {"type": "Polygon", "coordinates": [[[-99.1112, 18.70521], [-99.11143, 18.70482], [-99.11233, 18.70478], [-99.11225, 18.70514], [-99.1112, 18.70521]]]}}, {"id": "1357209", "type": "Feature", "properties": {"id": "1357209", "CVEGEO": "170240081039A026", "POBTOT": 0.0, "score_nse": 0.0, "NSE": null, "VIVTOT": 0.0, "GRAPROES": 0.0, "_ent": "17", "_mun": "024", "_loc": "0081"}, "geometry": {"type": "Polygon", "coordinates": [[[-99.11107, 18.70566], [-99.11115, 18.7053], [-99.11225, 18.70523], [-99.1122, 18.70562], [-99.11107, 18.70566]]]}}, {"id": "1357210", "type": "Feature", "properties": {"id": "1357210", "CVEGEO": "170240081039A025", "POBTOT": 0.0, "score_nse": 0.0, "NSE": null, "VIVTOT": 0.0, "GRAPROES": 0.0, "_ent": "17", "_mun": "024", "_loc": "0081"}, "geometry": {"type": "Polygon", "coordinates": [[[-99.11106, 18.70574], [-99.1122, 18.7057], [-99.1122, 18.70607], [-99.11108, 18.70613], [-99.11106, 18.70574]]]}}, {"id": "1357211", "type": "Feature", "properties": {"id": "1357211", "CVEGEO": "170240081039A023", "POBTOT": 0.0, "score_nse": 0.0, "NSE": null, "VIVTOT": 0.0, "GRAPROES": 0.0, "_ent": "17", "_mun": "024", "_loc": "0081"}, "geometry": {"type": "Polygon", "coordinates": [[[-99.11114, 18.70622], [-99.1122, 18.70613], [-99.11225, 18.70651], [-99.11126, 18.70655], [-99.11114, 18.70622]]]}}, {"id": "1357212", "type": "Feature", "properties": {"id": "1357212", "CVEGEO": "170240081039A022", "POBTOT": 0.0, "score_nse": 0.0, "NSE": null, "VIVTOT": 0.0, "GRAPROES": 0.0, "_ent": "17", "_mun": "024", "_loc": "0081"}, "geometry": {"type": "Polygon", "coordinates": [[[-99.11133, 18.70662], [-99.11228, 18.70659], [-99.11236, 18.70693], [-99.11152, 18.70698], [-99.11133, 18.70662]]]}}, {"id": "1357213", "type": "Feature", "properties": {"id": "1357213", "CVEGEO": "170240081039A017", "POBTOT": 0.0, "score_nse": 0.0, "NSE": null, "VIVTOT": 0.0, "GRAPROES": 0.0, "_ent": "17", "_mun": "024", "_loc": "0081"}, "geometry": {"type": "Polygon", "coordinates": [[[-99.11143, 18.70457], [-99.11198, 18.70453], [-99.11236, 18.70451], [-99.11232, 18.70472], [-99.11144, 18.70477], [-99.11143, 18.70457]]]}}, {"id": "1357214", "type": "Feature", "properties": {"id": "1357214", "CVEGEO": "170240081039A016", "POBTOT": 0.0, "score_nse": 0.0, "NSE": null, "VIVTOT": 0.0, "GRAPROES": 0.0, "_ent": "17", "_mun": "024", "_loc": "0081"}, "geometry": {"type": "Polygon", "coordinates": [[[-99.11233, 18.7055], [-99.1124, 18.70479], [-99.11337, 18.70453], [-99.11348, 18.70514], [-99.11381, 18.70509], [-99.11382, 18.70642], [-99.1132, 18.70651], [-99.11285, 18.70538], [-99.11233, 18.7055]]]}}, {"id": "1357215", "type": "Feature", "properties": {"id": "1357215", "CVEGEO": "170240081039A015", "POBTOT": 0.0, "score_nse": 0.0, "NSE": null, "VIVTOT": 0.0, "GRAPROES": 0.0, "_ent": "17", "_mun": "024", "_loc": "0081"}, "geometry": {"type": "Polygon", "coordinates": [[[-99.11344, 18.70451], [-99.11376, 18.7044], [-99.11381, 18.70504], [-99.11352, 18.70508], [-99.11344, 18.70451]]]}}, {"id": "1357216", "type": "Feature", "properties": {"id": "1357216", "CVEGEO": "170240081039A014", "POBTOT": 0.0, "score_nse": 0.0, "NSE": null, "VIVTOT": 0.0, "GRAPROES": 0.0, "_ent": "17", "_mun": "024", "_loc": "0081"}, "geometry": {"type": "Polygon", "coordinates": [[[-99.1125, 18.7044], [-99.11365, 18.70395], [-99.11375, 18.70433], [-99.11243, 18.70472], [-99.1125, 18.7044]]]}}, {"id": "1357217", "type": "Feature", "properties": {"id": "1357217", "CVEGEO": "170240081039A011", "POBTOT": 0.0, "score_nse": 0.0, "NSE": null, "VIVTOT": 0.0, "GRAPROES": 0.0, "_ent": "17", "_mun": "024", "_loc": "0081"}, "geometry": {"type": "Polygon", "coordinates": [[[-99.11286, 18.70278], [-99.11294, 18.70236], [-99.11311, 18.70229], [-99.11323, 18.70264], [-99.11286, 18.70278]]]}}, {"id": "1357218", "type": "Feature", "properties": {"id": "1357218", "CVEGEO": "170240081039A010", "POBTOT": 0.0, "score_nse": 0.0, "NSE": null, "VIVTOT": 0.0, "GRAPROES": 0.0, "_ent": "17", "_mun": "024", "_loc": "0081"}, "geometry": {"type": "Polygon", "coordinates": [[[-99.11355, 18.69928], [-99.11242, 18.70434], [-99.11132, 18.70451], [-99.11148, 18.7029], [-99.11184, 18.70218], [-99.11248, 18.70158], [-99.11326, 18.69923], [-99.11355, 18.69928]]]}}, {"id": "1357219", "type": "Feature", "properties": {"id": "1357219", "CVEGEO": "170240081039A009", "POBTOT": 0.0, "score_nse": 0.0, "NSE": null, "VIVTOT": 0.0, "GRAPROES": 0.0, "_ent": "17", "_mun": "024", "_loc": "0081"}, "geometry": {"type": "Polygon", "coordinates": [[[-99.1126, 18.7039], [-99.11351, 18.70353], [-99.11364, 18.7039], [-99.11251, 18.70435], [-99.1126, 18.7039]]]}}, {"id": "1357220", "type": "Feature", "properties": {"id": "1357220", "CVEGEO": "170240081039A008", "POBTOT": 0.0, "score_nse": 0.0, "NSE": null, "VIVTOT": 0.0, "GRAPROES": 0.0, "_ent": "17", "_mun": "024", "_loc": "0081"}, "geometry": {"type": "Polygon", "coordinates": [[[-99.11357, 18.70351], [-99.11431, 18.70324], [-99.11445, 18.70358], [-99.1137, 18.70388], [-99.11357, 18.70351]]]}}, {"id": "1357221", "type": "Feature", "properties": {"id": "1357221", "CVEGEO": "170240081039A007", "POBTOT": 0.0, "score_nse": 0.0, "NSE": null, "VIVTOT": 0.0, "GRAPROES": 0.0, "_ent": "17", "_mun": "024", "_loc": "0081"}, "geometry": {"type": "Polygon", "coordinates": [[[-99.11437, 18.7032], [-99.11534, 18.70289], [-99.11537, 18.7032], [-99.11451, 18.70355], [-99.11437, 18.7032]]]}}, {"id": "1357222", "type": "Feature", "properties": {"id": "1357222", "CVEGEO": "170240081039A006", "POBTOT": 0.0, "score_nse": 0.0, "NSE": null, "VIVTOT": 0.0, "GRAPROES": 0.0, "_ent": "17", "_mun": "024", "_loc": "0081"}, "geometry": {"type": "Polygon", "coordinates": [[[-99.1142, 18.70279], [-99.11507, 18.70249], [-99.1153, 18.70254], [-99.11534, 18.70282], [-99.11433, 18.70314], [-99.1142, 18.70279]]]}}, {"id": "1357223", "type": "Feature", "properties": {"id": "1357223", "CVEGEO": "170240081039A004", "POBTOT": 0.0, "score_nse": 0.0, "NSE": null, "VIVTOT": 0.0, "GRAPROES": 0.0, "_ent": "17", "_mun": "024", "_loc": "0081"}, "geometry": {"type": "Polygon", "coordinates": [[[-99.1133, 18.70267], [-99.11396, 18.70242], [-99.11412, 18.70277], [-99.11342, 18.70301], [-99.1133, 18.70267]]]}}, {"id": "1357224", "type": "Feature", "properties": {"id": "1357224", "CVEGEO": "170240081039A003", "POBTOT": 0.0, "score_nse": 0.0, "NSE": null, "VIVTOT": 0.0, "GRAPROES": 0.0, "_ent": "17", "_mun": "024", "_loc": "0081"}, "geometry": {"type": "Polygon", "coordinates": [[[-99.11278, 18.7029], [-99.11325, 18.70271], [-99.11337, 18.70304], [-99.1127, 18.70333], [-99.11278, 18.7029]]]}}, {"id": "1357225", "type": "Feature", "properties": {"id": "1357225", "CVEGEO": "170240081039A002", "POBTOT": 0.0, "score_nse": 0.0, "NSE": null, "VIVTOT": 0.0, "GRAPROES": 0.0, "_ent": "17", "_mun": "024", "_loc": "0081"}, "geometry": {"type": "Polygon", "coordinates": [[[-99.1127, 18.70338], [-99.11339, 18.7031], [-99.1135, 18.70347], [-99.1126, 18.70384], [-99.1127, 18.70338]]]}}, {"id": "1357226", "type": "Feature", "properties": {"id": "1357226", "CVEGEO": "170240081039A001", "POBTOT": 0.0, "score_nse": 0.0, "NSE": null, "VIVTOT": 0.0, "GRAPROES": 0.0, "_ent": "17", "_mun": "024", "_loc": "0081"}, "geometry": {"type": "Polygon", "coordinates": [[[-99.11344, 18.70305], [-99.11415, 18.70282], [-99.11428, 18.70316], [-99.11355, 18.70345], [-99.11344, 18.70305]]]}}, {"id": "1357227", "type": "Feature", "properties": {"id": "1357227", "CVEGEO": "170240080039A011", "POBTOT": 0.0, "score_nse": 0.0, "NSE": null, "VIVTOT": 0.0, "GRAPROES": 0.0, "_ent": "17", "_mun": "024", "_loc": "0080"}, "geometry": {"type": "Polygon", "coordinates": [[[-99.13773, 18.71134], [-99.13669, 18.71056], [-99.13693, 18.71025], [-99.138, 18.7111], [-99.13773, 18.71134]]]}}, {"id": "1357228", "type": "Feature", "properties": {"id": "1357228", "CVEGEO": "170240080039A009", "POBTOT": 0.0, "score_nse": 0.0, "NSE": null, "VIVTOT": 0.0, "GRAPROES": 0.0, "_ent": "17", "_mun": "024", "_loc": "0080"}, "geometry": {"type": "Polygon", "coordinates": [[[-99.135, 18.7115], [-99.13444, 18.71092], [-99.13356, 18.71021], [-99.13399, 18.71011], [-99.13462, 18.7106], [-99.13534, 18.71131], [-99.135, 18.7115]]]}}, {"id": "1357229", "type": "Feature", "properties": {"id": "1357229", "CVEGEO": "170240080039A008", "POBTOT": 0.0, "score_nse": 0.0, "NSE": null, "VIVTOT": 0.0, "GRAPROES": 0.0, "_ent": "17", "_mun": "024", "_loc": "0080"}, "geometry": {"type": "Polygon", "coordinates": [[[-99.13735, 18.71165], [-99.1365, 18.71069], [-99.13665, 18.71059], [-99.13769, 18.71138], [-99.13735, 18.71165]]]}}, {"id": "1357230", "type": "Feature", "properties": {"id": "1357230", "CVEGEO": "170240015039A029", "POBTOT": 0.0, "score_nse": 0.0, "NSE": null, "VIVTOT": 0.0, "GRAPROES": 0.0, "_ent": "17", "_mun": "024", "_loc": "0015"}, "geometry": {"type": "Polygon", "coordinates": [[[-99.10669, 18.69708], [-99.10801, 18.69581], [-99.10851, 18.6955], [-99.10851, 18.6959], [-99.10808, 18.69661], [-99.10776, 18.69643], [-99.10708, 18.69732], [-99.10669, 18.69708]]]}}, {"id": "1357231", "type": "Feature", "properties": {"id": "1357231", "CVEGEO": "170240015039A028", "POBTOT": 0.0, "score_nse": 0.0, "NSE": null, "VIVTOT": 0.0, "GRAPROES": 0.0, "_ent": "17", "_mun": "024", "_loc": "0015"}, "geometry": {"type": "Polygon", "coordinates": [[[-99.10388, 18.69793], [-99.10283, 18.69717], [-99.10228, 18.69638], [-99.10314, 18.69693], [-99.10388, 18.69793]]]}}, {"id": "1357232", "type": "Feature", "properties": {"id": "1357232", "CVEGEO": "170240015039A027", "POBTOT": 0.0, "score_nse": 0.0, "NSE": null, "VIVTOT": 0.0, "GRAPROES": 0.0, "_ent": "17", "_mun": "024", "_loc": "0015"}, "geometry": {"type": "Polygon", "coordinates": [[[-99.10331, 18.69813], [-99.10296, 18.69775], [-99.1032, 18.69755], [-99.10374, 18.6979], [-99.10331, 18.69813]]]}}, {"id": "1357233", "type": "Feature", "properties": {"id": "1357233", "CVEGEO": "170240015039A026", "POBTOT": 0.0, "score_nse": 0.0, "NSE": null, "VIVTOT": 0.0, "GRAPROES": 0.0, "_ent": "17", "_mun": "024", "_loc": "0015"}, "geometry": {"type": "Polygon", "coordinates": [[[-99.10257, 18.69857], [-99.10236, 18.69821], [-99.10293, 18.69779], [-99.10328, 18.69815], [-99.10257, 18.69857]]]}}, {"id": "1357234", "type": "Feature", "properties": {"id": "1357234", "CVEGEO": "170240015039A025", "POBTOT": 0.0, "score_nse": 0.0, "NSE": null, "VIVTOT": 0.0, "GRAPROES": 0.0, "_ent": "17", "_mun": "024", "_loc": "0015"}, "geometry": {"type": "Polygon", "coordinates": [[[-99.10523, 18.70279], [-99.10512, 18.70203], [-99.10594, 18.70168], [-99.10602, 18.70214], [-99.10575, 18.70219], [-99.10602, 18.70217], [-99.10606, 18.70291], [-99.10581, 18.70298], [-99.10523, 18.70279]]]}}, {"id": "1357235", "type": "Feature", "properties": {"id": "1357235", "CVEGEO": "170240015039A024", "POBTOT": 0.0, "score_nse": 0.0, "NSE": null, "VIVTOT": 0.0, "GRAPROES": 0.0, "_ent": "17", "_mun": "024", "_loc": "0015"}, "geometry": {"type": "Polygon", "coordinates": [[[-99.10627, 18.70332], [-99.10618, 18.70243], [-99.10606, 18.70168], [-99.10618, 18.70167], [-99.10643, 18.70259], [-99.10645, 18.70331], [-99.10627, 18.70332]]]}}, {"id": "1357236", "type": "Feature", "properties": {"id": "1357236", "CVEGEO": "170240015039A023", "POBTOT": 0.0, "score_nse": 0.0, "NSE": null, "VIVTOT": 0.0, "GRAPROES": 0.0, "_ent": "17", "_mun": "024", "_loc": "0015"}, "geometry": {"type": "Polygon", "coordinates": [[[-99.10606, 18.70165], [-99.10599, 18.70114], [-99.10594, 18.70073], [-99.10623, 18.70077], [-99.10617, 18.70163], [-99.10606, 18.70165]]]}}, {"id": "1357237", "type": "Feature", "properties": {"id": "1357237", "CVEGEO": "170240015039A022", "POBTOT": 0.0, "score_nse": 0.0, "NSE": null, "VIVTOT": 0.0, "GRAPROES": 0.0, "_ent": "17", "_mun": "024", "_loc": "0015"}, "geometry": {"type": "Polygon", "coordinates": [[[-99.10628, 18.70076], [-99.10649, 18.70035], [-99.10633, 18.69961], [-99.10652, 18.69983], [-99.10657, 18.70057], [-99.10647, 18.70086], [-99.10628, 18.70076]]]}}, {"id": "1357238", "type": "Feature", "properties": {"id": "1357238", "CVEGEO": "170240015039A021", "POBTOT": 0.0, "score_nse": 0.0, "NSE": null, "VIVTOT": 0.0, "GRAPROES": 0.0, "_ent": "17", "_mun": "024", "_loc": "0015"}, "geometry": {"type": "Polygon", "coordinates": [[[-99.10763, 18.69828], [-99.10775, 18.69774], [-99.10809, 18.6978], [-99.10788, 18.69809], [-99.10807, 18.69818], [-99.10796, 18.69848], [-99.10763, 18.69828]]]}}, {"id": "1357239", "type": "Feature", "properties": {"id": "1357239", "CVEGEO": "170240015039A020", "POBTOT": 0.0, "score_nse": 0.0, "NSE": null, "VIVTOT": 0.0, "GRAPROES": 0.0, "_ent": "17", "_mun": "024", "_loc": "0015"}, "geometry": {"type": "Polygon", "coordinates": [[[-99.10749, 18.69822], [-99.10631, 18.69759], [-99.10663, 18.69713], [-99.10769, 18.69774], [-99.10749, 18.69822]]]}}, {"id": "1357240", "type": "Feature", "properties": {"id": "1357240", "CVEGEO": "170240015039A019", "POBTOT": 0.0, "score_nse": 0.0, "NSE": null, "VIVTOT": 0.0, "GRAPROES": 0.0, "_ent": "17", "_mun": "024", "_loc": "0015"}, "geometry": {"type": "Polygon", "coordinates": [[[-99.10424, 18.69841], [-99.10354, 18.69862], [-99.10335, 18.69819], [-99.10379, 18.69793], [-99.10424, 18.69841]]]}}, {"id": "1357241", "type": "Feature", "properties": {"id": "1357241", "CVEGEO": "170240015039A018", "POBTOT": 0.0, "score_nse": 0.0, "NSE": null, "VIVTOT": 0.0, "GRAPROES": 0.0, "_ent": "17", "_mun": "024", "_loc": "0015"}, "geometry": {"type": "Polygon", "coordinates": [[[-99.10347, 18.69864], [-99.10269, 18.69882], [-99.10259, 18.6986], [-99.10329, 18.69822], [-99.10347, 18.69864]]]}}, {"id": "1357242", "type": "Feature", "properties": {"id": "1357242", "CVEGEO": "170240015039A017", "POBTOT": 0.0, "score_nse": 0.0, "NSE": null, "VIVTOT": 0.0, "GRAPROES": 0.0, "_ent": "17", "_mun": "024", "_loc": "0015"}, "geometry": {"type": "Polygon", "coordinates": [[[-99.10305, 18.69964], [-99.10271, 18.69887], [-99.10352, 18.69869], [-99.1039, 18.69938], [-99.10305, 18.69964]]]}}, {"id": "1357243", "type": "Feature", "properties": {"id": "1357243", "CVEGEO": "170240015039A016", "POBTOT": 0.0, "score_nse": 0.0, "NSE": null, "VIVTOT": 0.0, "GRAPROES": 0.0, "_ent": "17", "_mun": "024", "_loc": "0015"}, "geometry": {"type": "Polygon", "coordinates": [[[-99.10326, 18.70005], [-99.10305, 18.69968], [-99.10394, 18.69943], [-99.1041, 18.69972], [-99.10326, 18.70005]]]}}, {"id": "1357244", "type": "Feature", "properties": {"id": "1357244", "CVEGEO": "170240015039A015", "POBTOT": 0.0, "score_nse": 0.0, "NSE": null, "VIVTOT": 0.0, "GRAPROES": 0.0, "_ent": "17", "_mun": "024", "_loc": "0015"}, "geometry": {"type": "Polygon", "coordinates": [[[-99.10424, 18.70021], [-99.10335, 18.7004], [-99.10326, 18.7001], [-99.10411, 18.69978], [-99.10424, 18.70021]]]}}, {"id": "1357245", "type": "Feature", "properties": {"id": "1357245", "CVEGEO": "170240015039A014", "POBTOT": 0.0, "score_nse": 0.0, "NSE": null, "VIVTOT": 0.0, "GRAPROES": 0.0, "_ent": "17", "_mun": "024", "_loc": "0015"}, "geometry": {"type": "Polygon", "coordinates": [[[-99.10384, 18.70148], [-99.10345, 18.70127], [-99.10336, 18.70043], [-99.10424, 18.70023], [-99.10439, 18.70082], [-99.10384, 18.70148]]]}}, {"id": "1357246", "type": "Feature", "properties": {"id": "1357246", "CVEGEO": "170240015039A013", "POBTOT": 0.0, "score_nse": 0.0, "NSE": null, "VIVTOT": 0.0, "GRAPROES": 0.0, "_ent": "17", "_mun": "024", "_loc": "0015"}, "geometry": {"type": "Polygon", "coordinates": [[[-99.10505, 18.70198], [-99.10426, 18.70195], [-99.1039, 18.70149], [-99.10447, 18.70086], [-99.10454, 18.70118], [-99.10449, 18.70085], [-99.10484, 18.70077], [-99.10505, 18.70198]]]}}, {"id": "1357247", "type": "Feature", "properties": {"id": "1357247", "CVEGEO": "170240015039A012", "POBTOT": 0.0, "score_nse": 0.0, "NSE": null, "VIVTOT": 0.0, "GRAPROES": 0.0, "_ent": "17", "_mun": "024", "_loc": "0015"}, "geometry": {"type": "Polygon", "coordinates": [[[-99.10517, 18.70195], [-99.1049, 18.70076], [-99.10583, 18.70063], [-99.10594, 18.70164], [-99.10517, 18.70195]]]}}, {"id": "1357248", "type": "Feature", "properties": {"id": "1357248", "CVEGEO": "170240015039A011", "POBTOT": 0.0, "score_nse": 0.0, "NSE": null, "VIVTOT": 0.0, "GRAPROES": 0.0, "_ent": "17", "_mun": "024", "_loc": "0015"}, "geometry": {"type": "Polygon", "coordinates": [[[-99.10617, 18.70072], [-99.10594, 18.7007], [-99.10583, 18.69993], [-99.10618, 18.69971], [-99.10642, 18.70031], [-99.10617, 18.70072]]]}}, {"id": "1357249", "type": "Feature", "properties": {"id": "1357249", "CVEGEO": "170240015039A010", "POBTOT": 0.0, "score_nse": 0.0, "NSE": null, "VIVTOT": 0.0, "GRAPROES": 0.0, "_ent": "17", "_mun": "024", "_loc": "0015"}, "geometry": {"type": "Polygon", "coordinates": [[[-99.1064, 18.69946], [-99.10573, 18.69893], [-99.10565, 18.69808], [-99.10597, 18.6977], [-99.10632, 18.69772], [-99.10754, 18.69836], [-99.10677, 18.69911], [-99.10666, 18.69866], [-99.10646, 18.69855], [-99.10674, 18.69916], [-99.1064, 18.69946]]]}}, {"id": "1357250", "type": "Feature", "properties": {"id": "1357250", "CVEGEO": "170240015039A009", "POBTOT": 0.0, "score_nse": 0.0, "NSE": null, "VIVTOT": 0.0, "GRAPROES": 0.0, "_ent": "17", "_mun": "024", "_loc": "0015"}, "geometry": {"type": "Polygon", "coordinates": [[[-99.10556, 18.69882], [-99.10513, 18.69819], [-99.10546, 18.69783], [-99.10558, 18.69786], [-99.10556, 18.69882]]]}}, {"id": "1357251", "type": "Feature", "properties": {"id": "1357251", "CVEGEO": "170240015039A008", "POBTOT": 0.0, "score_nse": 0.0, "NSE": null, "VIVTOT": 0.0, "GRAPROES": 0.0, "_ent": "17", "_mun": "024", "_loc": "0015"}, "geometry": {"type": "Polygon", "coordinates": [[[-99.10464, 18.69909], [-99.10396, 18.69937], [-99.10357, 18.69868], [-99.10426, 18.69847], [-99.10464, 18.69909]]]}}, {"id": "1357252", "type": "Feature", "properties": {"id": "1357252", "CVEGEO": "170240015039A006", "POBTOT": 0.0, "score_nse": 0.0, "NSE": null, "VIVTOT": 0.0, "GRAPROES": 0.0, "_ent": "17", "_mun": "024", "_loc": "0015"}, "geometry": {"type": "Polygon", "coordinates": [[[-99.10579, 18.70058], [-99.10445, 18.70079], [-99.10417, 18.69975], [-99.10512, 18.69947], [-99.10575, 18.7003], [-99.10579, 18.70058]]]}}, {"id": "1357253", "type": "Feature", "properties": {"id": "1357253", "CVEGEO": "170240015039A005", "POBTOT": 0.0, "score_nse": 0.0, "NSE": null, "VIVTOT": 0.0, "GRAPROES": 0.0, "_ent": "17", "_mun": "024", "_loc": "0015"}, "geometry": {"type": "Polygon", "coordinates": [[[-99.10578, 18.6993], [-99.10616, 18.69968], [-99.10582, 18.6999], [-99.10578, 18.6993]]]}}, {"id": "1357254", "type": "Feature", "properties": {"id": "1357254", "CVEGEO": "170240015039A004", "POBTOT": 0.0, "score_nse": 0.0, "NSE": null, "VIVTOT": 0.0, "GRAPROES": 0.0, "_ent": "17", "_mun": "024", "_loc": "0015"}, "geometry": {"type": "Polygon", "coordinates": [[[-99.10621, 18.69963], [-99.10575, 18.69924], [-99.10574, 18.69905], [-99.10633, 18.69954], [-99.10621, 18.69963]]]}}, {"id": "1357255", "type": "Feature", "properties": {"id": "1357255", "CVEGEO": "170240015039A003", "POBTOT": 0.0, "score_nse": 0.0, "NSE": null, "VIVTOT": 0.0, "GRAPROES": 0.0, "_ent": "17", "_mun": "024", "_loc": "0015"}, "geometry": {"type": "Polygon", "coordinates": [[[-99.10564, 18.6992], [-99.10493, 18.699], [-99.10412, 18.69789], [-99.10478, 18.69799], [-99.10564, 18.6992]]]}}, {"id": "1357256", "type": "Feature", "properties": {"id": "1357256", "CVEGEO": "170240015039A002", "POBTOT": 0.0, "score_nse": 0.0, "NSE": null, "VIVTOT": 0.0, "GRAPROES": 0.0, "_ent": "17", "_mun": "024", "_loc": "0015"}, "geometry": {"type": "Polygon", "coordinates": [[[-99.10563, 18.69947], [-99.1054, 18.69955], [-99.10496, 18.69913], [-99.10565, 18.69925], [-99.10563, 18.69947]]]}}, {"id": "1357257", "type": "Feature", "properties": {"id": "1357257", "CVEGEO": "170240138039A043", "POBTOT": 0.0, "score_nse": 0.0, "NSE": null, "VIVTOT": 0.0, "GRAPROES": 0.0, "_ent": "17", "_mun": "024", "_loc": "0138"}, "geometry": {"type": "Polygon", "coordinates": [[[-99.18338, 18.73899], [-99.18353, 18.73932], [-99.18331, 18.73905], [-99.18338, 18.73899]]]}}, {"id": "1357258", "type": "Feature", "properties": {"id": "1357258", "CVEGEO": "1702401180135002", "POBTOT": 0.0, "score_nse": 0.0, "NSE": null, "VIVTOT": 0.0, "GRAPROES": 0.0, "_ent": "17", "_mun": "024", "_loc": "0118"}, "geometry": {"type": "Polygon", "coordinates": [[[-99.12098, 18.76974], [-99.12159, 18.76853], [-99.12172, 18.76767], [-99.12163, 18.76626], [-99.12244, 18.76657], [-99.1226, 18.7661], [-99.12373, 18.76651], [-99.12446, 18.76757], [-99.1245, 18.76831], [-99.12432, 18.7692], [-99.12366, 18.77079], [-99.12098, 18.76974]]]}}, {"id": "1357259", "type": "Feature", "properties": {"id": "1357259", "CVEGEO": "170240081039A069", "POBTOT": 0.0, "score_nse": 0.0, "NSE": null, "VIVTOT": 0.0, "GRAPROES": 0.0, "_ent": "17", "_mun": "024", "_loc": "0081"}, "geometry": {"type": "Polygon", "coordinates": [[[-99.11552, 18.70977], [-99.11654, 18.7095], [-99.11668, 18.70986], [-99.11568, 18.71013], [-99.11552, 18.70977]]]}}, {"id": "1357260", "type": "Feature", "properties": {"id": "1357260", "CVEGEO": "170240081039A053", "POBTOT": 0.0, "score_nse": 0.0, "NSE": null, "VIVTOT": 0.0, "GRAPROES": 0.0, "_ent": "17", "_mun": "024", "_loc": "0081"}, "geometry": {"type": "Polygon", "coordinates": [[[-99.11186, 18.70829], [-99.11161, 18.70793], [-99.11276, 18.70786], [-99.113, 18.7082], [-99.11186, 18.70829]]]}}, {"id": "1357261", "type": "Feature", "properties": {"id": "1357261", "CVEGEO": "170240081039A051", "POBTOT": 0.0, "score_nse": 0.0, "NSE": null, "VIVTOT": 0.0, "GRAPROES": 0.0, "_ent": "17", "_mun": "024", "_loc": "0081"}, "geometry": {"type": "Polygon", "coordinates": [[[-99.11401, 18.70785], [-99.11478, 18.70766], [-99.11485, 18.70801], [-99.1141, 18.70823], [-99.11401, 18.70785]]]}}, {"id": "1357262", "type": "Feature", "properties": {"id": "1357262", "CVEGEO": "170240081039A033", "POBTOT": 0.0, "score_nse": 0.0, "NSE": null, "VIVTOT": 0.0, "GRAPROES": 0.0, "_ent": "17", "_mun": "024", "_loc": "0081"}, "geometry": {"type": "Polygon", "coordinates": [[[-99.1132, 18.70656], [-99.11382, 18.70647], [-99.11385, 18.70688], [-99.1133, 18.70702], [-99.1132, 18.70656]]]}}, {"id": "1357263", "type": "Feature", "properties": {"id": "1357263", "CVEGEO": "170240042039A018", "POBTOT": 0.0, "score_nse": 0.0, "NSE": null, "VIVTOT": 0.0, "GRAPROES": 0.0, "_ent": "17", "_mun": "024", "_loc": "0042"}, "geometry": {"type": "Polygon", "coordinates": [[[-99.13051, 18.67834], [-99.13047, 18.67822], [-99.13082, 18.67814], [-99.13085, 18.67827], [-99.13051, 18.67834]]]}}, {"id": "1357264", "type": "Feature", "properties": {"id": "1357264", "CVEGEO": "1702400160154063", "POBTOT": 0.0, "score_nse": 0.0, "NSE": null, "VIVTOT": 0.0, "GRAPROES": 0.0, "_ent": "17", "_mun": "024", "_loc": "0016"}, "geometry": {"type": "Polygon", "coordinates": [[[-99.00054, 18.64459], [-99.00031, 18.64413], [-99.00027, 18.64385], [-99.00043, 18.6438], [-99.00105, 18.64378], [-99.00248, 18.64423], [-99.00229, 18.64504], [-99.00054, 18.64459]]]}}, {"id": "1357265", "type": "Feature", "properties": {"id": "1357265", "CVEGEO": "1702400160154058", "POBTOT": 0.0, "score_nse": 0.0, "NSE": null, "VIVTOT": 0.0, "GRAPROES": 0.0, "_ent": "17", "_mun": "024", "_loc": "0016"}, "geometry": {"type": "Polygon", "coordinates": [[[-99.00889, 18.63828], [-99.009, 18.6382], [-99.00921, 18.63818], [-99.00914, 18.63842], [-99.00889, 18.63828]]]}}, {"id": "1357266", "type": "Feature", "properties": {"id": "1357266", "CVEGEO": "1702400160154052", "POBTOT": 0.0, "score_nse": 0.0, "NSE": null, "VIVTOT": 0.0, "GRAPROES": 0.0, "_ent": "17", "_mun": "024", "_loc": "0016"}, "geometry": {"type": "Polygon", "coordinates": [[[-99.00438, 18.64391], [-99.00449, 18.64393], [-99.00444, 18.64472], [-99.00416, 18.64465], [-99.00438, 18.64391]]]}}, {"id": "1357267", "type": "Feature", "properties": {"id": "1357267", "CVEGEO": "1702400130436032", "POBTOT": 15.0, "score_nse": 0.0, "NSE": "ND", "VIVTOT": 7.0, "GRAPROES": 8.33, "_ent": "17", "_mun": "024", "_loc": "0013"}, "geometry": {"type": "Polygon", "coordinates": [[[-99.18648, 18.70873], [-99.18668, 18.70921], [-99.1867, 18.70925], [-99.18625, 18.70904], [-99.18648, 18.70873]]]}}, {"id": "1357268", "type": "Feature", "properties": {"id": "1357268", "CVEGEO": "1702400130421036", "POBTOT": 20.0, "score_nse": 0.0, "NSE": "ND", "VIVTOT": 7.0, "GRAPROES": 8.59, "_ent": "17", "_mun": "024", "_loc": "0013"}, "geometry": {"type": "Polygon", "coordinates": [[[-99.18304, 18.71641], [-99.18302, 18.71588], [-99.18317, 18.71553], [-99.18336, 18.71556], [-99.18344, 18.71648], [-99.18304, 18.71641]]]}}, {"id": "1357269", "type": "Feature", "properties": {"id": "1357269", "CVEGEO": "1702400130188060", "POBTOT": 13.0, "score_nse": 0.0, "NSE": "ND", "VIVTOT": 5.0, "GRAPROES": 9.36, "_ent": "17", "_mun": "024", "_loc": "0013"}, "geometry": {"type": "Polygon", "coordinates": [[[-99.18871, 18.67867], [-99.18849, 18.67928], [-99.18772, 18.67919], [-99.1878, 18.67866], [-99.18871, 18.67867]]]}}, {"id": "1357270", "type": "Feature", "properties": {"id": "1357270", "CVEGEO": "1702400130188059", "POBTOT": 12.0, "score_nse": 0.0, "NSE": "ND", "VIVTOT": 8.0, "GRAPROES": 8.6, "_ent": "17", "_mun": "024", "_loc": "0013"}, "geometry": {"type": "Polygon", "coordinates": [[[-99.18848, 18.67932], [-99.18837, 18.67993], [-99.18762, 18.67985], [-99.18771, 18.67924], [-99.18848, 18.67932]]]}}, {"id": "1357271", "type": "Feature", "properties": {"id": "1357271", "CVEGEO": "1702400130188038", "POBTOT": 7.0, "score_nse": 0.0, "NSE": "ND", "VIVTOT": 7.0, "GRAPROES": 12.5, "_ent": "17", "_mun": "024", "_loc": "0013"}, "geometry": {"type": "Polygon", "coordinates": [[[-99.18838, 18.68], [-99.18851, 18.68106], [-99.18757, 18.68105], [-99.1876, 18.6799], [-99.18838, 18.68]]]}}, {"id": "1357272", "type": "Feature", "properties": {"id": "1357272", "CVEGEO": "1702400130436035", "POBTOT": 65.0, "score_nse": 0.0, "NSE": "ND", "VIVTOT": 25.0, "GRAPROES": 7.27, "_ent": "17", "_mun": "024", "_loc": "0013"}, "geometry": {"type": "Polygon", "coordinates": [[[-99.17916, 18.70836], [-99.17943, 18.70812], [-99.17939, 18.70789], [-99.1808, 18.70743], [-99.18118, 18.70822], [-99.18104, 18.7085], [-99.1793, 18.70848], [-99.17916, 18.70836]]]}}, {"id": "1357273", "type": "Feature", "properties": {"id": "1357273", "CVEGEO": "1702400130436008", "POBTOT": 78.0, "score_nse": 0.0, "NSE": "ND", "VIVTOT": 40.0, "GRAPROES": 8.75, "_ent": "17", "_mun": "024", "_loc": "0013"}, "geometry": {"type": "Polygon", "coordinates": [[[-99.18135, 18.70751], [-99.18131, 18.70692], [-99.18116, 18.70707], [-99.1813, 18.70756], [-99.18116, 18.70768], [-99.18089, 18.70738], [-99.18078, 18.70641], [-99.18128, 18.70549], [-99.18176, 18.70511], [-99.1821, 18.70582], [-99.18166, 18.70598], [-99.18211, 18.70587], [-99.18224, 18.70639], [-99.18182, 18.70646], [-99.18175, 18.70611], [-99.1818, 18.70646], [-99.181, 18.7066], [-99.18135, 18.70657], [-99.18143, 18.70684], [-99.1814, 18.70657], [-99.18183, 18.70649], [-99.18189, 18.7071], [-99.18135, 18.70751]]]}}, {"id": "1357274", "type": "Feature", "properties": {"id": "1357274", "CVEGEO": "1702400130421015", "POBTOT": 160.0, "score_nse": 48.1403, "NSE": "C-", "VIVTOT": 65.0, "GRAPROES": 9.52, "_ent": "17", "_mun": "024", "_loc": "0013"}, "geometry": {"type": "Polygon", "coordinates": [[[-99.18375, 18.71304], [-99.18419, 18.71309], [-99.18381, 18.713], [-99.18378, 18.71284], [-99.18425, 18.71242], [-99.18455, 18.71177], [-99.18483, 18.71183], [-99.18389, 18.71149], [-99.1839, 18.71073], [-99.18531, 18.71118], [-99.18391, 18.71065], [-99.18399, 18.71006], [-99.18422, 18.70965], [-99.18501, 18.70993], [-99.18492, 18.71044], [-99.18506, 18.70995], [-99.18549, 18.71009], [-99.18531, 18.71062], [-99.18552, 18.7101], [-99.1861, 18.7103], [-99.18595, 18.71073], [-99.18679, 18.71126], [-99.18641, 18.71189], [-99.18571, 18.71423], [-99.18577, 18.71523], [-99.18609, 18.71582], [-99.18474, 18.71555], [-99.18481, 18.71516], [-99.18338, 18.71489], [-99.18369, 18.71357], [-99.18451, 18.71353], [-99.18466, 18.71398], [-99.18454, 18.71348], [-99.1837, 18.71351], [-99.18375, 18.71304]]]}}, {"id": "1357275", "type": "Feature", "properties": {"id": "1357275", "CVEGEO": "1702400130421014", "POBTOT": 142.0, "score_nse": 60.0653, "NSE": "C", "VIVTOT": 49.0, "GRAPROES": 10.11, "_ent": "17", "_mun": "024", "_loc": "0013"}, "geometry": {"type": "Polygon", "coordinates": [[[-99.18183, 18.71409], [-99.18278, 18.71226], [-99.18301, 18.71216], [-99.18332, 18.71161], [-99.18357, 18.71065], [-99.18376, 18.7105], [-99.18347, 18.71327], [-99.18314, 18.71321], [-99.18317, 18.71294], [-99.18304, 18.71347], [-99.18313, 18.71325], [-99.18347, 18.7133], [-99.18341, 18.71392], [-99.1819, 18.7142], [-99.18183, 18.71409]]]}}, {"id": "1357276", "type": "Feature", "properties": {"id": "1357276", "CVEGEO": "1702400160154009", "POBTOT": 0.0, "score_nse": 0.0, "NSE": null, "VIVTOT": 0.0, "GRAPROES": 0.0, "_ent": "17", "_mun": "024", "_loc": "0016"}, "geometry": {"type": "Polygon", "coordinates": [[[-99.00334, 18.64104], [-99.00413, 18.64125], [-99.00394, 18.642], [-99.00315, 18.64179], [-99.00334, 18.64104]]]}}, {"id": "1357277", "type": "Feature", "properties": {"id": "1357277", "CVEGEO": "1702400130421010", "POBTOT": 72.0, "score_nse": 0.0, "NSE": "ND", "VIVTOT": 27.0, "GRAPROES": 9.67, "_ent": "17", "_mun": "024", "_loc": "0013"}, "geometry": {"type": "Polygon", "coordinates": [[[-99.18032, 18.7172], [-99.18081, 18.7167], [-99.18119, 18.71663], [-99.18118, 18.71681], [-99.18122, 18.71663], [-99.18242, 18.71641], [-99.18234, 18.71726], [-99.18173, 18.71742], [-99.18164, 18.71713], [-99.18032, 18.7172]]]}}, {"id": "1357278", "type": "Feature", "properties": {"id": "1357278", "CVEGEO": "1702400130421008", "POBTOT": 54.0, "score_nse": 0.0, "NSE": "ND", "VIVTOT": 21.0, "GRAPROES": 9.28, "_ent": "17", "_mun": "024", "_loc": "0013"}, "geometry": {"type": "Polygon", "coordinates": [[[-99.18416, 18.71849], [-99.18434, 18.71821], [-99.18414, 18.71843], [-99.18355, 18.71772], [-99.18375, 18.71764], [-99.18474, 18.71792], [-99.18379, 18.71761], [-99.18405, 18.7173], [-99.18476, 18.71735], [-99.18494, 18.71742], [-99.18485, 18.71759], [-99.18497, 18.71743], [-99.18586, 18.71762], [-99.18416, 18.71849]]]}}, {"id": "1357279", "type": "Feature", "properties": {"id": "1357279", "CVEGEO": "1702400130417001", "POBTOT": 39.0, "score_nse": 0.0, "NSE": "ND", "VIVTOT": 20.0, "GRAPROES": 8.57, "_ent": "17", "_mun": "024", "_loc": "0013"}, "geometry": {"type": "Polygon", "coordinates": [[[-99.19069, 18.67343], [-99.19025, 18.67302], [-99.19101, 18.67199], [-99.19119, 18.67198], [-99.191, 18.67228], [-99.19124, 18.67198], [-99.19151, 18.67197], [-99.19152, 18.67224], [-99.19069, 18.67343]]]}}, {"id": "1357280", "type": "Feature", "properties": {"id": "1357280", "CVEGEO": "1702400130243029", "POBTOT": 121.0, "score_nse": 50.182, "NSE": "C-", "VIVTOT": 32.0, "GRAPROES": 8.55, "_ent": "17", "_mun": "024", "_loc": "0013"}, "geometry": {"type": "Polygon", "coordinates": [[[-99.18297, 18.68857], [-99.18106, 18.68844], [-99.18116, 18.68754], [-99.18261, 18.68767], [-99.18265, 18.68816], [-99.18269, 18.68767], [-99.18305, 18.68748], [-99.18367, 18.68806], [-99.18352, 18.68867], [-99.18299, 18.68857], [-99.18299, 18.68835], [-99.18284, 18.68834], [-99.18297, 18.68857]]]}}, {"id": "1357281", "type": "Feature", "properties": {"id": "1357281", "CVEGEO": "1702400130192031", "POBTOT": 14.0, "score_nse": 0.0, "NSE": "ND", "VIVTOT": 5.0, "GRAPROES": 12.38, "_ent": "17", "_mun": "024", "_loc": "0013"}, "geometry": {"type": "Polygon", "coordinates": [[[-99.18585, 18.69754], [-99.18616, 18.69909], [-99.18533, 18.69919], [-99.18515, 18.69809], [-99.18561, 18.69732], [-99.18585, 18.69754]]]}}, {"id": "1357282", "type": "Feature", "properties": {"id": "1357282", "CVEGEO": "1702400130192004", "POBTOT": 92.0, "score_nse": 0.0, "NSE": "ND", "VIVTOT": 29.0, "GRAPROES": 9.29, "_ent": "17", "_mun": "024", "_loc": "0013"}, "geometry": {"type": "Polygon", "coordinates": [[[-99.18447, 18.6986], [-99.18476, 18.69852], [-99.18448, 18.69857], [-99.18461, 18.69796], [-99.18517, 18.69815], [-99.18528, 18.69919], [-99.18431, 18.69937], [-99.18447, 18.6986]]]}}, {"id": "1357283", "type": "Feature", "properties": {"id": "1357283", "CVEGEO": "1702400130192001", "POBTOT": 57.0, "score_nse": 0.0, "NSE": "ND", "VIVTOT": 18.0, "GRAPROES": 9.14, "_ent": "17", "_mun": "024", "_loc": "0013"}, "geometry": {"type": "Polygon", "coordinates": [[[-99.18369, 18.6986], [-99.18435, 18.69807], [-99.18455, 18.69797], [-99.18444, 18.69853], [-99.18425, 18.69858], [-99.18443, 18.69857], [-99.18427, 18.69938], [-99.18392, 18.69944], [-99.18369, 18.6986]]]}}, {"id": "1357284", "type": "Feature", "properties": {"id": "1357284", "CVEGEO": "1702400130188061", "POBTOT": 25.0, "score_nse": 0.0, "NSE": "ND", "VIVTOT": 13.0, "GRAPROES": 8.11, "_ent": "17", "_mun": "024", "_loc": "0013"}, "geometry": {"type": "Polygon", "coordinates": [[[-99.1889, 18.67864], [-99.18781, 18.67861], [-99.18789, 18.67792], [-99.18934, 18.67769], [-99.18921, 18.67837], [-99.1889, 18.67864]]]}}, {"id": "1357285", "type": "Feature", "properties": {"id": "1357285", "CVEGEO": "1702400130188025", "POBTOT": 94.0, "score_nse": 49.76, "NSE": "C-", "VIVTOT": 25.0, "GRAPROES": 7.52, "_ent": "17", "_mun": "024", "_loc": "0013"}, "geometry": {"type": "Polygon", "coordinates": [[[-99.18759, 18.68343], [-99.18761, 18.68258], [-99.18811, 18.68263], [-99.18827, 18.68354], [-99.18823, 18.68383], [-99.18804, 18.68376], [-99.188, 18.68381], [-99.18822, 18.68387], [-99.1881, 18.68434], [-99.18748, 18.68429], [-99.18772, 18.68358], [-99.18787, 18.68357], [-99.18759, 18.68343]]]}}, {"id": "1357286", "type": "Feature", "properties": {"id": "1357286", "CVEGEO": "1702400130173040", "POBTOT": 81.0, "score_nse": 0.0, "NSE": "ND", "VIVTOT": 32.0, "GRAPROES": 9.11, "_ent": "17", "_mun": "024", "_loc": "0013"}, "geometry": {"type": "Polygon", "coordinates": [[[-99.1821, 18.67043], [-99.18252, 18.6705], [-99.18261, 18.67246], [-99.18239, 18.67248], [-99.18234, 18.67195], [-99.18233, 18.67248], [-99.18175, 18.67249], [-99.18176, 18.67233], [-99.18205, 18.67232], [-99.18176, 18.67229], [-99.1821, 18.67043]]]}}, {"id": "1357287", "type": "Feature", "properties": {"id": "1357287", "CVEGEO": "1702400130065036", "POBTOT": 38.0, "score_nse": 51.6857, "NSE": "C-", "VIVTOT": 14.0, "GRAPROES": 9.14, "_ent": "17", "_mun": "024", "_loc": "0013"}, "geometry": {"type": "Polygon", "coordinates": [[[-99.18243, 18.70311], [-99.18171, 18.70314], [-99.18105, 18.70376], [-99.18058, 18.70281], [-99.18225, 18.7021], [-99.18231, 18.70232], [-99.18205, 18.7024], [-99.18232, 18.70236], [-99.1824, 18.70295], [-99.18193, 18.70297], [-99.1824, 18.70297], [-99.18243, 18.70311]]]}}, {"id": "1357288", "type": "Feature", "properties": {"id": "1357288", "CVEGEO": "1702400130065028", "POBTOT": 102.0, "score_nse": 0.0, "NSE": "ND", "VIVTOT": 36.0, "GRAPROES": 8.77, "_ent": "17", "_mun": "024", "_loc": "0013"}, "geometry": {"type": "Polygon", "coordinates": [[[-99.18332, 18.70184], [-99.1832, 18.70209], [-99.18334, 18.70186], [-99.18364, 18.70207], [-99.18344, 18.70245], [-99.18366, 18.7021], [-99.18441, 18.7027], [-99.18389, 18.70298], [-99.18362, 18.7027], [-99.18384, 18.70301], [-99.18261, 18.70372], [-99.18243, 18.70225], [-99.18268, 18.70137], [-99.18332, 18.70184]]]}}, {"id": "1357289", "type": "Feature", "properties": {"id": "1357289", "CVEGEO": "170240013053A001", "POBTOT": 24.0, "score_nse": 0.0, "NSE": "ND", "VIVTOT": 7.0, "GRAPROES": 9.65, "_ent": "17", "_mun": "024", "_loc": "0013"}, "geometry": {"type": "Polygon", "coordinates": [[[-99.18128, 18.673], [-99.18131, 18.67253], [-99.18169, 18.67254], [-99.18166, 18.67301], [-99.18128, 18.673]]]}}, {"id": "1357290", "type": "Feature", "properties": {"id": "1357290", "CVEGEO": "1702400130436033", "POBTOT": 3.0, "score_nse": 0.0, "NSE": "ND", "VIVTOT": 1.0, "GRAPROES": 0.0, "_ent": "17", "_mun": "024", "_loc": "0013"}, "geometry": {"type": "Polygon", "coordinates": [[[-99.18574, 18.70618], [-99.18609, 18.7063], [-99.18584, 18.70658], [-99.18574, 18.70618]]]}}, {"id": "1357291", "type": "Feature", "properties": {"id": "1357291", "CVEGEO": "1702400130436031", "POBTOT": 7.0, "score_nse": 0.0, "NSE": "ND", "VIVTOT": 6.0, "GRAPROES": 2.0, "_ent": "17", "_mun": "024", "_loc": "0013"}, "geometry": {"type": "Polygon", "coordinates": [[[-99.18643, 18.70688], [-99.1866, 18.70657], [-99.18706, 18.70679], [-99.18673, 18.70715], [-99.18643, 18.70688]]]}}, {"id": "1357292", "type": "Feature", "properties": {"id": "1357292", "CVEGEO": "1702400130436030", "POBTOT": 0.0, "score_nse": 10.0, "NSE": "E", "VIVTOT": 1.0, "GRAPROES": 0.0, "_ent": "17", "_mun": "024", "_loc": "0013"}, "geometry": {"type": "Polygon", "coordinates": [[[-99.18633, 18.70679], [-99.18601, 18.70649], [-99.18614, 18.70636], [-99.18656, 18.70654], [-99.18633, 18.70679]]]}}, {"id": "1357293", "type": "Feature", "properties": {"id": "1357293", "CVEGEO": "1702400130436029", "POBTOT": 11.0, "score_nse": 0.0, "NSE": "ND", "VIVTOT": 7.0, "GRAPROES": 9.44, "_ent": "17", "_mun": "024", "_loc": "0013"}, "geometry": {"type": "Polygon", "coordinates": [[[-99.18555, 18.71006], [-99.18582, 18.70963], [-99.18626, 18.70978], [-99.18613, 18.71025], [-99.18555, 18.71006]]]}}, {"id": "1357294", "type": "Feature", "properties": {"id": "1357294", "CVEGEO": "1702400130436028", "POBTOT": 17.0, "score_nse": 0.0, "NSE": "ND", "VIVTOT": 10.0, "GRAPROES": 9.62, "_ent": "17", "_mun": "024", "_loc": "0013"}, "geometry": {"type": "Polygon", "coordinates": [[[-99.18583, 18.7096], [-99.18619, 18.70907], [-99.18654, 18.70924], [-99.18631, 18.70974], [-99.18583, 18.7096]]]}}, {"id": "1357295", "type": "Feature", "properties": {"id": "1357295", "CVEGEO": "1702400130436027", "POBTOT": 39.0, "score_nse": 56.048, "NSE": "C", "VIVTOT": 10.0, "GRAPROES": 9.1, "_ent": "17", "_mun": "024", "_loc": "0013"}, "geometry": {"type": "Polygon", "coordinates": [[[-99.18647, 18.70866], [-99.1862, 18.70902], [-99.18583, 18.70882], [-99.1863, 18.70819], [-99.18647, 18.70866]]]}}, {"id": "1357296", "type": "Feature", "properties": {"id": "1357296", "CVEGEO": "1702400130436023", "POBTOT": 30.0, "score_nse": 52.2022, "NSE": "C-", "VIVTOT": 11.0, "GRAPROES": 10.05, "_ent": "17", "_mun": "024", "_loc": "0013"}, "geometry": {"type": "Polygon", "coordinates": [[[-99.18512, 18.70936], [-99.18577, 18.70886], [-99.18614, 18.70906], [-99.18579, 18.70959], [-99.18512, 18.70936]]]}}, {"id": "1357297", "type": "Feature", "properties": {"id": "1357297", "CVEGEO": "1702400130436022", "POBTOT": 20.0, "score_nse": 72.2623, "NSE": "C+", "VIVTOT": 7.0, "GRAPROES": 12.44, "_ent": "17", "_mun": "024", "_loc": "0013"}, "geometry": {"type": "Polygon", "coordinates": [[[-99.18628, 18.70814], [-99.18577, 18.70881], [-99.18534, 18.70859], [-99.18619, 18.70784], [-99.18628, 18.70814]]]}}, {"id": "1357298", "type": "Feature", "properties": {"id": "1357298", "CVEGEO": "1702400130436021", "POBTOT": 32.0, "score_nse": 0.0, "NSE": "ND", "VIVTOT": 18.0, "GRAPROES": 7.38, "_ent": "17", "_mun": "024", "_loc": "0013"}, "geometry": {"type": "Polygon", "coordinates": [[[-99.18542, 18.70794], [-99.18634, 18.70686], [-99.1867, 18.70718], [-99.18577, 18.70815], [-99.18542, 18.70794]]]}}, {"id": "1357299", "type": "Feature", "properties": {"id": "1357299", "CVEGEO": "1702400130436019", "POBTOT": 32.0, "score_nse": 0.0, "NSE": "ND", "VIVTOT": 10.0, "GRAPROES": 7.7, "_ent": "17", "_mun": "024", "_loc": "0013"}, "geometry": {"type": "Polygon", "coordinates": [[[-99.1852, 18.70686], [-99.18571, 18.70622], [-99.18581, 18.70663], [-99.18566, 18.70684], [-99.18547, 18.70708], [-99.1852, 18.70686]]]}}, {"id": "1357300", "type": "Feature", "properties": {"id": "1357300", "CVEGEO": "1702400130436018", "POBTOT": 21.0, "score_nse": 0.0, "NSE": "ND", "VIVTOT": 10.0, "GRAPROES": 9.76, "_ent": "17", "_mun": "024", "_loc": "0013"}, "geometry": {"type": "Polygon", "coordinates": [[[-99.18484, 18.70659], [-99.18537, 18.70595], [-99.18568, 18.70618], [-99.18515, 18.70682], [-99.18484, 18.70659]]]}}, {"id": "1357301", "type": "Feature", "properties": {"id": "1357301", "CVEGEO": "1702400130436017", "POBTOT": 3.0, "score_nse": 0.0, "NSE": "ND", "VIVTOT": 3.0, "GRAPROES": 0.0, "_ent": "17", "_mun": "024", "_loc": "0013"}, "geometry": {"type": "Polygon", "coordinates": [[[-99.18463, 18.70646], [-99.18515, 18.7058], [-99.18533, 18.70592], [-99.18482, 18.70656], [-99.18463, 18.70646]]]}}, {"id": "1357302", "type": "Feature", "properties": {"id": "1357302", "CVEGEO": "1702400130436016", "POBTOT": 72.0, "score_nse": 0.0, "NSE": "ND", "VIVTOT": 22.0, "GRAPROES": 7.78, "_ent": "17", "_mun": "024", "_loc": "0013"}, "geometry": {"type": "Polygon", "coordinates": [[[-99.17899, 18.71099], [-99.18006, 18.71062], [-99.18037, 18.71136], [-99.17942, 18.7118], [-99.17899, 18.71099]]]}}, {"id": "1357303", "type": "Feature", "properties": {"id": "1357303", "CVEGEO": "1702400130436015", "POBTOT": 53.0, "score_nse": 0.0, "NSE": "ND", "VIVTOT": 16.0, "GRAPROES": 8.0, "_ent": "17", "_mun": "024", "_loc": "0013"}, "geometry": {"type": "Polygon", "coordinates": [[[-99.18004, 18.71158], [-99.18003, 18.71178], [-99.18016, 18.71178], [-99.18007, 18.71156], [-99.18038, 18.71141], [-99.18083, 18.71246], [-99.17996, 18.71274], [-99.17942, 18.71184], [-99.18004, 18.71158]]]}}, {"id": "1357304", "type": "Feature", "properties": {"id": "1357304", "CVEGEO": "1702400130436014", "POBTOT": 146.0, "score_nse": 0.0, "NSE": "ND", "VIVTOT": 47.0, "GRAPROES": 9.93, "_ent": "17", "_mun": "024", "_loc": "0013"}, "geometry": {"type": "Polygon", "coordinates": [[[-99.18087, 18.71233], [-99.18044, 18.71137], [-99.18085, 18.71113], [-99.18097, 18.71129], [-99.18086, 18.71112], [-99.18108, 18.71099], [-99.18204, 18.71122], [-99.18175, 18.71233], [-99.18133, 18.71226], [-99.18138, 18.71192], [-99.18115, 18.71177], [-99.18133, 18.71193], [-99.18128, 18.71228], [-99.18087, 18.71233]]]}}, {"id": "1357305", "type": "Feature", "properties": {"id": "1357305", "CVEGEO": "1702400130436013", "POBTOT": 46.0, "score_nse": 62.7438, "NSE": "C", "VIVTOT": 17.0, "GRAPROES": 9.78, "_ent": "17", "_mun": "024", "_loc": "0013"}, "geometry": {"type": "Polygon", "coordinates": [[[-99.18426, 18.70962], [-99.18453, 18.70928], [-99.18576, 18.70963], [-99.1855, 18.71004], [-99.18426, 18.70962]]]}}, {"id": "1357306", "type": "Feature", "properties": {"id": "1357306", "CVEGEO": "1702400130436012", "POBTOT": 20.0, "score_nse": 0.0, "NSE": "ND", "VIVTOT": 10.0, "GRAPROES": 9.69, "_ent": "17", "_mun": "024", "_loc": "0013"}, "geometry": {"type": "Polygon", "coordinates": [[[-99.18529, 18.70861], [-99.18572, 18.70884], [-99.18503, 18.70938], [-99.18462, 18.70925], [-99.18529, 18.70861]]]}}, {"id": "1357307", "type": "Feature", "properties": {"id": "1357307", "CVEGEO": "1702400130436011", "POBTOT": 31.0, "score_nse": 0.0, "NSE": "ND", "VIVTOT": 7.0, "GRAPROES": 8.88, "_ent": "17", "_mun": "024", "_loc": "0013"}, "geometry": {"type": "Polygon", "coordinates": [[[-99.18494, 18.70853], [-99.18539, 18.70797], [-99.18574, 18.70817], [-99.18512, 18.70864], [-99.18494, 18.70853]]]}}, {"id": "1357308", "type": "Feature", "properties": {"id": "1357308", "CVEGEO": "1702400130436010", "POBTOT": 15.0, "score_nse": 0.0, "NSE": "ND", "VIVTOT": 8.0, "GRAPROES": 9.44, "_ent": "17", "_mun": "024", "_loc": "0013"}, "geometry": {"type": "Polygon", "coordinates": [[[-99.18498, 18.70774], [-99.18535, 18.70794], [-99.18489, 18.70851], [-99.18454, 18.70827], [-99.18498, 18.70774]]]}}, {"id": "1357309", "type": "Feature", "properties": {"id": "1357309", "CVEGEO": "1702400130436009", "POBTOT": 134.0, "score_nse": 0.0, "NSE": "ND", "VIVTOT": 50.0, "GRAPROES": 8.88, "_ent": "17", "_mun": "024", "_loc": "0013"}, "geometry": {"type": "Polygon", "coordinates": [[[-99.18515, 18.70573], [-99.1846, 18.70644], [-99.18433, 18.70633], [-99.1845, 18.70475], [-99.18525, 18.70499], [-99.18451, 18.70473], [-99.18458, 18.70411], [-99.18594, 18.70456], [-99.18588, 18.70518], [-99.18515, 18.70573]]]}}, {"id": "1357310", "type": "Feature", "properties": {"id": "1357310", "CVEGEO": "1702400130436006", "POBTOT": 0.0, "score_nse": 0.0, "NSE": "ND", "VIVTOT": 0.0, "GRAPROES": 0.0, "_ent": "17", "_mun": "024", "_loc": "0013"}, "geometry": {"type": "Polygon", "coordinates": [[[-99.18259, 18.71034], [-99.18293, 18.70905], [-99.18303, 18.70894], [-99.18354, 18.71045], [-99.18259, 18.71034]]]}}, {"id": "1357311", "type": "Feature", "properties": {"id": "1357311", "CVEGEO": "1702400130436005", "POBTOT": 54.0, "score_nse": 52.8493, "NSE": "C-", "VIVTOT": 18.0, "GRAPROES": 9.03, "_ent": "17", "_mun": "024", "_loc": "0013"}, "geometry": {"type": "Polygon", "coordinates": [[[-99.18405, 18.7098], [-99.18419, 18.70814], [-99.18421, 18.70812], [-99.18508, 18.70868], [-99.18405, 18.7098]]]}}, {"id": "1357312", "type": "Feature", "properties": {"id": "1357312", "CVEGEO": "1702400130436004", "POBTOT": 59.0, "score_nse": 0.0, "NSE": "ND", "VIVTOT": 19.0, "GRAPROES": 9.1, "_ent": "17", "_mun": "024", "_loc": "0013"}, "geometry": {"type": "Polygon", "coordinates": [[[-99.18543, 18.70711], [-99.18449, 18.70825], [-99.1842, 18.70806], [-99.18426, 18.70732], [-99.18469, 18.70745], [-99.18516, 18.70689], [-99.18543, 18.70711]]]}}, {"id": "1357313", "type": "Feature", "properties": {"id": "1357313", "CVEGEO": "1702400130436003", "POBTOT": 42.0, "score_nse": 0.0, "NSE": "ND", "VIVTOT": 22.0, "GRAPROES": 8.59, "_ent": "17", "_mun": "024", "_loc": "0013"}, "geometry": {"type": "Polygon", "coordinates": [[[-99.18401, 18.70725], [-99.18348, 18.70798], [-99.18312, 18.7071], [-99.1829, 18.70704], [-99.18328, 18.70664], [-99.18403, 18.70701], [-99.18403, 18.70724], [-99.18388, 18.70719], [-99.18381, 18.7073], [-99.18369, 18.70719], [-99.18382, 18.70733], [-99.18401, 18.70725]]]}}, {"id": "1357314", "type": "Feature", "properties": {"id": "1357314", "CVEGEO": "1702400130436002", "POBTOT": 100.0, "score_nse": 0.0, "NSE": "ND", "VIVTOT": 35.0, "GRAPROES": 8.61, "_ent": "17", "_mun": "024", "_loc": "0013"}, "geometry": {"type": "Polygon", "coordinates": [[[-99.18108, 18.70778], [-99.18195, 18.70713], [-99.1819, 18.70648], [-99.18227, 18.70644], [-99.18238, 18.70746], [-99.18301, 18.70888], [-99.18245, 18.7103], [-99.18256, 18.71043], [-99.18233, 18.71065], [-99.18108, 18.70778]]]}}, {"id": "1357315", "type": "Feature", "properties": {"id": "1357315", "CVEGEO": "1702400130436001", "POBTOT": 94.0, "score_nse": 0.0, "NSE": "ND", "VIVTOT": 43.0, "GRAPROES": 9.88, "_ent": "17", "_mun": "024", "_loc": "0013"}, "geometry": {"type": "Polygon", "coordinates": [[[-99.18347, 18.70871], [-99.18388, 18.70868], [-99.18378, 18.71028], [-99.18364, 18.71043], [-99.18252, 18.70747], [-99.18288, 18.70706], [-99.1831, 18.70711], [-99.18347, 18.70808], [-99.18405, 18.70727], [-99.18388, 18.70864], [-99.18347, 18.70871]]]}}, {"id": "1357316", "type": "Feature", "properties": {"id": "1357316", "CVEGEO": "1702400130421035", "POBTOT": 50.0, "score_nse": 0.0, "NSE": "ND", "VIVTOT": 14.0, "GRAPROES": 8.83, "_ent": "17", "_mun": "024", "_loc": "0013"}, "geometry": {"type": "Polygon", "coordinates": [[[-99.18037, 18.71663], [-99.17959, 18.71644], [-99.1798, 18.71587], [-99.18059, 18.71604], [-99.18037, 18.71663]]]}}, {"id": "1357317", "type": "Feature", "properties": {"id": "1357317", "CVEGEO": "1702400130421034", "POBTOT": 3.0, "score_nse": 0.0, "NSE": "ND", "VIVTOT": 2.0, "GRAPROES": 0.0, "_ent": "17", "_mun": "024", "_loc": "0013"}, "geometry": {"type": "Polygon", "coordinates": [[[-99.18568, 18.71753], [-99.18529, 18.71745], [-99.18502, 18.7174], [-99.18508, 18.71723], [-99.18576, 18.71735], [-99.18568, 18.71753]]]}}, {"id": "1357318", "type": "Feature", "properties": {"id": "1357318", "CVEGEO": "1702400130421033", "POBTOT": 12.0, "score_nse": 0.0, "NSE": "ND", "VIVTOT": 7.0, "GRAPROES": 11.83, "_ent": "17", "_mun": "024", "_loc": "0013"}, "geometry": {"type": "Polygon", "coordinates": [[[-99.1845, 18.71176], [-99.18421, 18.7124], [-99.18381, 18.71278], [-99.18387, 18.71154], [-99.1845, 18.71176]]]}}, {"id": "1357319", "type": "Feature", "properties": {"id": "1357319", "CVEGEO": "1702400130421032", "POBTOT": 17.0, "score_nse": 0.0, "NSE": "ND", "VIVTOT": 4.0, "GRAPROES": 8.13, "_ent": "17", "_mun": "024", "_loc": "0013"}, "geometry": {"type": "Polygon", "coordinates": [[[-99.18322, 18.71544], [-99.1834, 18.71497], [-99.18471, 18.71525], [-99.18465, 18.71553], [-99.18322, 18.71544]]]}}, {"id": "1357320", "type": "Feature", "properties": {"id": "1357320", "CVEGEO": "1702400130421031", "POBTOT": 27.0, "score_nse": 0.0, "NSE": "ND", "VIVTOT": 9.0, "GRAPROES": 7.75, "_ent": "17", "_mun": "024", "_loc": "0013"}, "geometry": {"type": "Polygon", "coordinates": [[[-99.18432, 18.7185], [-99.18513, 18.71908], [-99.18533, 18.71948], [-99.18483, 18.71973], [-99.18418, 18.71858], [-99.18432, 18.7185]]]}}, {"id": "1357321", "type": "Feature", "properties": {"id": "1357321", "CVEGEO": "1702400130421030", "POBTOT": 21.0, "score_nse": 0.0, "NSE": "ND", "VIVTOT": 9.0, "GRAPROES": 8.42, "_ent": "17", "_mun": "024", "_loc": "0013"}, "geometry": {"type": "Polygon", "coordinates": [[[-99.18155, 18.72052], [-99.18127, 18.71979], [-99.1814, 18.71967], [-99.18175, 18.72014], [-99.18231, 18.72026], [-99.18234, 18.72039], [-99.18155, 18.72052]]]}}, {"id": "1357322", "type": "Feature", "properties": {"id": "1357322", "CVEGEO": "1702400130421029", "POBTOT": 17.0, "score_nse": 0.0, "NSE": "ND", "VIVTOT": 5.0, "GRAPROES": 10.36, "_ent": "17", "_mun": "024", "_loc": "0013"}, "geometry": {"type": "Polygon", "coordinates": [[[-99.17955, 18.71905], [-99.17928, 18.71887], [-99.17916, 18.71841], [-99.17923, 18.71805], [-99.17938, 18.71799], [-99.17994, 18.71808], [-99.17955, 18.71905]]]}}, {"id": "1357323", "type": "Feature", "properties": {"id": "1357323", "CVEGEO": "1702400130421028", "POBTOT": 43.0, "score_nse": 0.0, "NSE": "ND", "VIVTOT": 15.0, "GRAPROES": 8.52, "_ent": "17", "_mun": "024", "_loc": "0013"}, "geometry": {"type": "Polygon", "coordinates": [[[-99.18006, 18.7198], [-99.17966, 18.71901], [-99.17997, 18.71814], [-99.18057, 18.71827], [-99.18137, 18.71959], [-99.18004, 18.72006], [-99.18006, 18.7198]]]}}, {"id": "1357324", "type": "Feature", "properties": {"id": "1357324", "CVEGEO": "1702400130421027", "POBTOT": 125.0, "score_nse": 0.0, "NSE": "ND", "VIVTOT": 44.0, "GRAPROES": 9.48, "_ent": "17", "_mun": "024", "_loc": "0013"}, "geometry": {"type": "Polygon", "coordinates": [[[-99.18101, 18.71892], [-99.18061, 18.71827], [-99.18221, 18.71844], [-99.18196, 18.71907], [-99.18143, 18.71955], [-99.18103, 18.71895], [-99.18134, 18.71893], [-99.18101, 18.71892]]]}}, {"id": "1357325", "type": "Feature", "properties": {"id": "1357325", "CVEGEO": "1702400130421026", "POBTOT": 22.0, "score_nse": 55.1076, "NSE": "C", "VIVTOT": 11.0, "GRAPROES": 10.0, "_ent": "17", "_mun": "024", "_loc": "0013"}, "geometry": {"type": "Polygon", "coordinates": [[[-99.18178, 18.72011], [-99.18142, 18.71965], [-99.1819, 18.71921], [-99.1823, 18.72023], [-99.18178, 18.72011]]]}}, {"id": "1357326", "type": "Feature", "properties": {"id": "1357326", "CVEGEO": "1702400130421023", "POBTOT": 88.0, "score_nse": 57.5257, "NSE": "C", "VIVTOT": 23.0, "GRAPROES": 9.34, "_ent": "17", "_mun": "024", "_loc": "0013"}, "geometry": {"type": "Polygon", "coordinates": [[[-99.18277, 18.7122], [-99.18248, 18.71057], [-99.1828, 18.71045], [-99.18352, 18.71058], [-99.18325, 18.71167], [-99.18277, 18.7122]]]}}, {"id": "1357327", "type": "Feature", "properties": {"id": "1357327", "CVEGEO": "1702400130421022", "POBTOT": 71.0, "score_nse": 0.0, "NSE": "ND", "VIVTOT": 32.0, "GRAPROES": 8.7, "_ent": "17", "_mun": "024", "_loc": "0013"}, "geometry": {"type": "Polygon", "coordinates": [[[-99.18188, 18.71234], [-99.18214, 18.7123], [-99.18183, 18.7123], [-99.18229, 18.71086], [-99.18262, 18.71143], [-99.18264, 18.71226], [-99.1825, 18.71216], [-99.1818, 18.71302], [-99.18188, 18.71234]]]}}, {"id": "1357328", "type": "Feature", "properties": {"id": "1357328", "CVEGEO": "1702400130421021", "POBTOT": 91.0, "score_nse": 46.801, "NSE": "C-", "VIVTOT": 27.0, "GRAPROES": 8.14, "_ent": "17", "_mun": "024", "_loc": "0013"}, "geometry": {"type": "Polygon", "coordinates": [[[-99.18002, 18.71805], [-99.18031, 18.71724], [-99.18061, 18.71721], [-99.1816, 18.71715], [-99.18169, 18.71744], [-99.18125, 18.71759], [-99.18109, 18.71825], [-99.18002, 18.71805]]]}}, {"id": "1357329", "type": "Feature", "properties": {"id": "1357329", "CVEGEO": "1702400130421020", "POBTOT": 31.0, "score_nse": 61.2564, "NSE": "C", "VIVTOT": 11.0, "GRAPROES": 10.43, "_ent": "17", "_mun": "024", "_loc": "0013"}, "geometry": {"type": "Polygon", "coordinates": [[[-99.18135, 18.71764], [-99.1817, 18.71749], [-99.18156, 18.71832], [-99.18123, 18.71827], [-99.18135, 18.71764]]]}}, {"id": "1357330", "type": "Feature", "properties": {"id": "1357330", "CVEGEO": "1702400130421019", "POBTOT": 112.0, "score_nse": 53.0529, "NSE": "C-", "VIVTOT": 36.0, "GRAPROES": 8.74, "_ent": "17", "_mun": "024", "_loc": "0013"}, "geometry": {"type": "Polygon", "coordinates": [[[-99.18175, 18.71749], [-99.18233, 18.71731], [-99.18222, 18.71841], [-99.18161, 18.71832], [-99.18175, 18.71749]]]}}, {"id": "1357331", "type": "Feature", "properties": {"id": "1357331", "CVEGEO": "1702400130421018", "POBTOT": 20.0, "score_nse": 0.0, "NSE": "ND", "VIVTOT": 7.0, "GRAPROES": 9.73, "_ent": "17", "_mun": "024", "_loc": "0013"}, "geometry": {"type": "Polygon", "coordinates": [[[-99.18236, 18.71795], [-99.18329, 18.71783], [-99.18364, 18.71822], [-99.18353, 18.71855], [-99.1823, 18.71831], [-99.18236, 18.71795]]]}}, {"id": "1357332", "type": "Feature", "properties": {"id": "1357332", "CVEGEO": "1702400130421016", "POBTOT": 37.0, "score_nse": 0.0, "NSE": "ND", "VIVTOT": 11.0, "GRAPROES": 7.58, "_ent": "17", "_mun": "024", "_loc": "0013"}, "geometry": {"type": "Polygon", "coordinates": [[[-99.18511, 18.71902], [-99.18434, 18.71849], [-99.18596, 18.71764], [-99.18616, 18.71772], [-99.18523, 18.71838], [-99.18511, 18.71902]]]}}, {"id": "1357333", "type": "Feature", "properties": {"id": "1357333", "CVEGEO": "1702400130421013", "POBTOT": 36.0, "score_nse": 0.0, "NSE": "ND", "VIVTOT": 13.0, "GRAPROES": 11.33, "_ent": "17", "_mun": "024", "_loc": "0013"}, "geometry": {"type": "Polygon", "coordinates": [[[-99.18177, 18.71404], [-99.18176, 18.71316], [-99.1824, 18.71243], [-99.18264, 18.71239], [-99.18177, 18.71404]]]}}, {"id": "1357334", "type": "Feature", "properties": {"id": "1357334", "CVEGEO": "1702400130421012", "POBTOT": 122.0, "score_nse": 59.4314, "NSE": "C", "VIVTOT": 31.0, "GRAPROES": 9.32, "_ent": "17", "_mun": "024", "_loc": "0013"}, "geometry": {"type": "Polygon", "coordinates": [[[-99.18161, 18.71362], [-99.18037, 18.71361], [-99.17997, 18.7128], [-99.18028, 18.71263], [-99.18048, 18.71291], [-99.18033, 18.71262], [-99.18089, 18.71249], [-99.18099, 18.71293], [-99.18091, 18.71238], [-99.18177, 18.71241], [-99.18161, 18.71362]]]}}, {"id": "1357335", "type": "Feature", "properties": {"id": "1357335", "CVEGEO": "1702400130421009", "POBTOT": 78.0, "score_nse": 43.3241, "NSE": "C-", "VIVTOT": 29.0, "GRAPROES": 8.51, "_ent": "17", "_mun": "024", "_loc": "0013"}, "geometry": {"type": "Polygon", "coordinates": [[[-99.18239, 18.71735], [-99.18255, 18.71666], [-99.1828, 18.7166], [-99.18327, 18.71779], [-99.18236, 18.7179], [-99.18238, 18.71769], [-99.1827, 18.71761], [-99.18237, 18.71767], [-99.18239, 18.71738], [-99.18261, 18.71733], [-99.18239, 18.71735]]]}}, {"id": "1357336", "type": "Feature", "properties": {"id": "1357336", "CVEGEO": "1702400130421007", "POBTOT": 50.0, "score_nse": 53.6564, "NSE": "C-", "VIVTOT": 18.0, "GRAPROES": 10.32, "_ent": "17", "_mun": "024", "_loc": "0013"}, "geometry": {"type": "Polygon", "coordinates": [[[-99.18224, 18.71489], [-99.18305, 18.71397], [-99.1834, 18.71399], [-99.18333, 18.71462], [-99.18321, 18.71485], [-99.18284, 18.71492], [-99.18239, 18.71533], [-99.18224, 18.71489]]]}}, {"id": "1357337", "type": "Feature", "properties": {"id": "1357337", "CVEGEO": "1702400130421006", "POBTOT": 42.0, "score_nse": 0.0, "NSE": "ND", "VIVTOT": 12.0, "GRAPROES": 8.85, "_ent": "17", "_mun": "024", "_loc": "0013"}, "geometry": {"type": "Polygon", "coordinates": [[[-99.18224, 18.71485], [-99.18194, 18.71422], [-99.18281, 18.71404], [-99.18224, 18.71485]]]}}, {"id": "1357338", "type": "Feature", "properties": {"id": "1357338", "CVEGEO": "1702400130421005", "POBTOT": 130.0, "score_nse": 55.2364, "NSE": "C", "VIVTOT": 45.0, "GRAPROES": 9.68, "_ent": "17", "_mun": "024", "_loc": "0013"}, "geometry": {"type": "Polygon", "coordinates": [[[-99.17995, 18.71568], [-99.18049, 18.71447], [-99.1803, 18.7137], [-99.1816, 18.71376], [-99.18171, 18.71407], [-99.18107, 18.71499], [-99.18074, 18.7149], [-99.18105, 18.71501], [-99.18059, 18.716], [-99.18001, 18.71589], [-99.17995, 18.71568]]]}}, {"id": "1357339", "type": "Feature", "properties": {"id": "1357339", "CVEGEO": "1702400130421003", "POBTOT": 11.0, "score_nse": 0.0, "NSE": "ND", "VIVTOT": 4.0, "GRAPROES": 13.6, "_ent": "17", "_mun": "024", "_loc": "0013"}, "geometry": {"type": "Polygon", "coordinates": [[[-99.18253, 18.71657], [-99.18243, 18.71581], [-99.18245, 18.7158], [-99.18276, 18.71607], [-99.18278, 18.71649], [-99.18253, 18.71657]]]}}, {"id": "1357340", "type": "Feature", "properties": {"id": "1357340", "CVEGEO": "1702400130421001", "POBTOT": 56.0, "score_nse": 0.0, "NSE": "ND", "VIVTOT": 11.0, "GRAPROES": 9.76, "_ent": "17", "_mun": "024", "_loc": "0013"}, "geometry": {"type": "Polygon", "coordinates": [[[-99.18238, 18.71537], [-99.18257, 18.71535], [-99.18284, 18.71501], [-99.18313, 18.71492], [-99.18275, 18.71598], [-99.18241, 18.71569], [-99.18238, 18.71537]]]}}, {"id": "1357341", "type": "Feature", "properties": {"id": "1357341", "CVEGEO": "1702400130417002", "POBTOT": 37.0, "score_nse": 0.0, "NSE": "ND", "VIVTOT": 10.0, "GRAPROES": 8.13, "_ent": "17", "_mun": "024", "_loc": "0013"}, "geometry": {"type": "Polygon", "coordinates": [[[-99.19041, 18.67377], [-99.18994, 18.67345], [-99.19021, 18.67309], [-99.19066, 18.67347], [-99.19041, 18.67377]]]}}, {"id": "1357342", "type": "Feature", "properties": {"id": "1357342", "CVEGEO": "1702400130328028", "POBTOT": 11.0, "score_nse": 0.0, "NSE": "ND", "VIVTOT": 6.0, "GRAPROES": 4.5, "_ent": "17", "_mun": "024", "_loc": "0013"}, "geometry": {"type": "Polygon", "coordinates": [[[-99.19158, 18.67171], [-99.19206, 18.6716], [-99.19197, 18.67191], [-99.1916, 18.67192], [-99.19158, 18.67171]]]}}, {"id": "1357343", "type": "Feature", "properties": {"id": "1357343", "CVEGEO": "1702400130328026", "POBTOT": 14.0, "score_nse": 0.0, "NSE": "ND", "VIVTOT": 11.0, "GRAPROES": 8.75, "_ent": "17", "_mun": "024", "_loc": "0013"}, "geometry": {"type": "Polygon", "coordinates": [[[-99.18581, 18.67179], [-99.18612, 18.67146], [-99.18642, 18.67127], [-99.18622, 18.67199], [-99.18581, 18.67179]]]}}, {"id": "1357344", "type": "Feature", "properties": {"id": "1357344", "CVEGEO": "1702400130328025", "POBTOT": 1.0, "score_nse": 0.0, "NSE": "ND", "VIVTOT": 2.0, "GRAPROES": 0.0, "_ent": "17", "_mun": "024", "_loc": "0013"}, "geometry": {"type": "Polygon", "coordinates": [[[-99.1916, 18.67259], [-99.19157, 18.67199], [-99.19194, 18.672], [-99.19177, 18.6725], [-99.1916, 18.67259]]]}}, {"id": "1357345", "type": "Feature", "properties": {"id": "1357345", "CVEGEO": "1702400130328024", "POBTOT": 167.0, "score_nse": 0.0, "NSE": "ND", "VIVTOT": 43.0, "GRAPROES": 9.73, "_ent": "17", "_mun": "024", "_loc": "0013"}, "geometry": {"type": "Polygon", "coordinates": [[[-99.19156, 18.67165], [-99.19135, 18.66963], [-99.19085, 18.66899], [-99.19123, 18.66852], [-99.19133, 18.66776], [-99.19172, 18.66913], [-99.19207, 18.67156], [-99.19156, 18.67165]]]}}, {"id": "1357346", "type": "Feature", "properties": {"id": "1357346", "CVEGEO": "1702400130328023", "POBTOT": 49.0, "score_nse": 62.1745, "NSE": "C", "VIVTOT": 16.0, "GRAPROES": 8.56, "_ent": "17", "_mun": "024", "_loc": "0013"}, "geometry": {"type": "Polygon", "coordinates": [[[-99.18647, 18.6713], [-99.18696, 18.67102], [-99.18665, 18.6721], [-99.18628, 18.672], [-99.18647, 18.6713]]]}}, {"id": "1357347", "type": "Feature", "properties": {"id": "1357347", "CVEGEO": "1702400130328022", "POBTOT": 35.0, "score_nse": 59.1333, "NSE": "C", "VIVTOT": 15.0, "GRAPROES": 10.9, "_ent": "17", "_mun": "024", "_loc": "0013"}, "geometry": {"type": "Polygon", "coordinates": [[[-99.19032, 18.67196], [-99.19081, 18.671], [-99.19092, 18.67054], [-99.19143, 18.67144], [-99.19151, 18.67194], [-99.19032, 18.67196]]]}}, {"id": "1357348", "type": "Feature", "properties": {"id": "1357348", "CVEGEO": "1702400130328021", "POBTOT": 80.0, "score_nse": 55.488, "NSE": "C", "VIVTOT": 32.0, "GRAPROES": 8.11, "_ent": "17", "_mun": "024", "_loc": "0013"}, "geometry": {"type": "Polygon", "coordinates": [[[-99.19142, 18.67105], [-99.19039, 18.66952], [-99.19081, 18.66902], [-99.1913, 18.66975], [-99.19142, 18.67105]]]}}, {"id": "1357349", "type": "Feature", "properties": {"id": "1357349", "CVEGEO": "1702400130328020", "POBTOT": 53.0, "score_nse": 54.312, "NSE": "C-", "VIVTOT": 15.0, "GRAPROES": 9.62, "_ent": "17", "_mun": "024", "_loc": "0013"}, "geometry": {"type": "Polygon", "coordinates": [[[-99.18725, 18.67167], [-99.18689, 18.67145], [-99.18703, 18.671], [-99.18745, 18.67094], [-99.18725, 18.67167]]]}}, {"id": "1357350", "type": "Feature", "properties": {"id": "1357350", "CVEGEO": "1702400130328019", "POBTOT": 18.0, "score_nse": 0.0, "NSE": "ND", "VIVTOT": 15.0, "GRAPROES": 7.0, "_ent": "17", "_mun": "024", "_loc": "0013"}, "geometry": {"type": "Polygon", "coordinates": [[[-99.18671, 18.67211], [-99.18688, 18.67152], [-99.18722, 18.67174], [-99.18709, 18.67221], [-99.18671, 18.67211]]]}}, {"id": "1357351", "type": "Feature", "properties": {"id": "1357351", "CVEGEO": "1702400130328018", "POBTOT": 250.0, "score_nse": 0.0, "NSE": "ND", "VIVTOT": 87.0, "GRAPROES": 8.48, "_ent": "17", "_mun": "024", "_loc": "0013"}, "geometry": {"type": "Polygon", "coordinates": [[[-99.18856, 18.67457], [-99.18773, 18.67438], [-99.18777, 18.67342], [-99.18866, 18.67324], [-99.18911, 18.6729], [-99.18951, 18.67321], [-99.18873, 18.67453], [-99.18956, 18.67324], [-99.18988, 18.67345], [-99.18958, 18.67383], [-99.18991, 18.67349], [-99.19022, 18.67368], [-99.18916, 18.67578], [-99.18869, 18.67557], [-99.18885, 18.67568], [-99.18854, 18.67616], [-99.18777, 18.67579], [-99.18726, 18.67529], [-99.18756, 18.67508], [-99.18831, 18.6754], [-99.1876, 18.67506], [-99.18784, 18.67487], [-99.18835, 18.67506], [-99.18786, 18.67482], [-99.18814, 18.67452], [-99.18856, 18.67457]]]}}, {"id": "1357352", "type": "Feature", "properties": {"id": "1357352", "CVEGEO": "1702400130328017", "POBTOT": 34.0, "score_nse": 0.0, "NSE": "ND", "VIVTOT": 14.0, "GRAPROES": 9.04, "_ent": "17", "_mun": "024", "_loc": "0013"}, "geometry": {"type": "Polygon", "coordinates": [[[-99.1899, 18.67342], [-99.18917, 18.67287], [-99.18958, 18.6726], [-99.19019, 18.67304], [-99.1899, 18.67342]]]}}, {"id": "1357353", "type": "Feature", "properties": {"id": "1357353", "CVEGEO": "1702400130328016", "POBTOT": 24.0, "score_nse": 0.0, "NSE": "ND", "VIVTOT": 17.0, "GRAPROES": 8.2, "_ent": "17", "_mun": "024", "_loc": "0013"}, "geometry": {"type": "Polygon", "coordinates": [[[-99.19022, 18.673], [-99.18963, 18.67256], [-99.18998, 18.67229], [-99.19047, 18.67263], [-99.19022, 18.673]]]}}, {"id": "1357354", "type": "Feature", "properties": {"id": "1357354", "CVEGEO": "1702400130328015", "POBTOT": 53.0, "score_nse": 52.5907, "NSE": "C-", "VIVTOT": 15.0, "GRAPROES": 7.92, "_ent": "17", "_mun": "024", "_loc": "0013"}, "geometry": {"type": "Polygon", "coordinates": [[[-99.19049, 18.6726], [-99.19001, 18.67227], [-99.19032, 18.672], [-99.19096, 18.672], [-99.19049, 18.6726]]]}}, {"id": "1357355", "type": "Feature", "properties": {"id": "1357355", "CVEGEO": "1702400130328014", "POBTOT": 32.0, "score_nse": 0.0, "NSE": "ND", "VIVTOT": 12.0, "GRAPROES": 5.68, "_ent": "17", "_mun": "024", "_loc": "0013"}, "geometry": {"type": "Polygon", "coordinates": [[[-99.18948, 18.67167], [-99.18993, 18.6711], [-99.19017, 18.67127], [-99.18973, 18.67185], [-99.18948, 18.67167]]]}}, {"id": "1357356", "type": "Feature", "properties": {"id": "1357356", "CVEGEO": "1702400130328013", "POBTOT": 101.0, "score_nse": 0.0, "NSE": "ND", "VIVTOT": 42.0, "GRAPROES": 9.47, "_ent": "17", "_mun": "024", "_loc": "0013"}, "geometry": {"type": "Polygon", "coordinates": [[[-99.18943, 18.67162], [-99.18916, 18.67128], [-99.19049, 18.66971], [-99.19073, 18.67009], [-99.18943, 18.67162]]]}}, {"id": "1357357", "type": "Feature", "properties": {"id": "1357357", "CVEGEO": "1702400130328012", "POBTOT": 93.0, "score_nse": 50.4915, "NSE": "C-", "VIVTOT": 32.0, "GRAPROES": 6.59, "_ent": "17", "_mun": "024", "_loc": "0013"}, "geometry": {"type": "Polygon", "coordinates": [[[-99.18882, 18.67149], [-99.18872, 18.67084], [-99.18956, 18.67043], [-99.19036, 18.66956], [-99.19045, 18.66966], [-99.18905, 18.67142], [-99.18882, 18.67149]]]}}, {"id": "1357358", "type": "Feature", "properties": {"id": "1357358", "CVEGEO": "1702400130328011", "POBTOT": 81.0, "score_nse": 0.0, "NSE": "ND", "VIVTOT": 37.0, "GRAPROES": 9.9, "_ent": "17", "_mun": "024", "_loc": "0013"}, "geometry": {"type": "Polygon", "coordinates": [[[-99.18731, 18.67171], [-99.18753, 18.67094], [-99.18868, 18.67086], [-99.18877, 18.67141], [-99.18791, 18.67104], [-99.18765, 18.67194], [-99.18731, 18.67171]]]}}, {"id": "1357359", "type": "Feature", "properties": {"id": "1357359", "CVEGEO": "1702400130328010", "POBTOT": 7.0, "score_nse": 0.0, "NSE": "ND", "VIVTOT": 5.0, "GRAPROES": 11.0, "_ent": "17", "_mun": "024", "_loc": "0013"}, "geometry": {"type": "Polygon", "coordinates": [[[-99.18715, 18.67222], [-99.18727, 18.67177], [-99.18763, 18.672], [-99.18753, 18.67233], [-99.18715, 18.67222]]]}}, {"id": "1357360", "type": "Feature", "properties": {"id": "1357360", "CVEGEO": "1702400130328009", "POBTOT": 27.0, "score_nse": 51.8137, "NSE": "C-", "VIVTOT": 14.0, "GRAPROES": 10.94, "_ent": "17", "_mun": "024", "_loc": "0013"}, "geometry": {"type": "Polygon", "coordinates": [[[-99.18766, 18.67209], [-99.18803, 18.67225], [-99.18796, 18.67244], [-99.18758, 18.67233], [-99.18766, 18.67209]]]}}, {"id": "1357361", "type": "Feature", "properties": {"id": "1357361", "CVEGEO": "1702400130328008", "POBTOT": 37.0, "score_nse": 48.1762, "NSE": "C-", "VIVTOT": 17.0, "GRAPROES": 7.41, "_ent": "17", "_mun": "024", "_loc": "0013"}, "geometry": {"type": "Polygon", "coordinates": [[[-99.18843, 18.67249], [-99.18819, 18.6733], [-99.18776, 18.67336], [-99.18809, 18.67229], [-99.18843, 18.67249]]]}}, {"id": "1357362", "type": "Feature", "properties": {"id": "1357362", "CVEGEO": "1702400130328007", "POBTOT": 38.0, "score_nse": 0.0, "NSE": "ND", "VIVTOT": 14.0, "GRAPROES": 7.69, "_ent": "17", "_mun": "024", "_loc": "0013"}, "geometry": {"type": "Polygon", "coordinates": [[[-99.18828, 18.67324], [-99.18848, 18.67252], [-99.18902, 18.67286], [-99.1887, 18.67316], [-99.18828, 18.67324]]]}}, {"id": "1357363", "type": "Feature", "properties": {"id": "1357363", "CVEGEO": "1702400130328006", "POBTOT": 31.0, "score_nse": 45.652, "NSE": "C-", "VIVTOT": 15.0, "GRAPROES": 7.39, "_ent": "17", "_mun": "024", "_loc": "0013"}, "geometry": {"type": "Polygon", "coordinates": [[[-99.18911, 18.67284], [-99.18882, 18.67266], [-99.18883, 18.67213], [-99.18952, 18.67254], [-99.18911, 18.67284]]]}}, {"id": "1357364", "type": "Feature", "properties": {"id": "1357364", "CVEGEO": "1702400130328005", "POBTOT": 172.0, "score_nse": 0.0, "NSE": "ND", "VIVTOT": 62.0, "GRAPROES": 7.39, "_ent": "17", "_mun": "024", "_loc": "0013"}, "geometry": {"type": "Polygon", "coordinates": [[[-99.1888, 18.67204], [-99.18881, 18.67155], [-99.1891, 18.67145], [-99.18941, 18.67166], [-99.1893, 18.67182], [-99.18946, 18.67169], [-99.18969, 18.67198], [-99.1902, 18.67127], [-99.18994, 18.67109], [-99.19076, 18.67014], [-99.19089, 18.67041], [-99.19076, 18.67096], [-99.19011, 18.67212], [-99.18958, 18.67251], [-99.1888, 18.67204]]]}}, {"id": "1357365", "type": "Feature", "properties": {"id": "1357365", "CVEGEO": "1702400130328002", "POBTOT": 33.0, "score_nse": 0.0, "NSE": "ND", "VIVTOT": 19.0, "GRAPROES": 8.46, "_ent": "17", "_mun": "024", "_loc": "0013"}, "geometry": {"type": "Polygon", "coordinates": [[[-99.18844, 18.67243], [-99.1877, 18.67197], [-99.18782, 18.67157], [-99.18841, 18.6719], [-99.18844, 18.67243]]]}}, {"id": "1357366", "type": "Feature", "properties": {"id": "1357366", "CVEGEO": "1702400130328001", "POBTOT": 18.0, "score_nse": 0.0, "NSE": "ND", "VIVTOT": 5.0, "GRAPROES": 10.0, "_ent": "17", "_mun": "024", "_loc": "0013"}, "geometry": {"type": "Polygon", "coordinates": [[[-99.18849, 18.67247], [-99.18849, 18.67221], [-99.18849, 18.67195], [-99.18878, 18.67211], [-99.1888, 18.67265], [-99.18849, 18.67247]]]}}, {"id": "1357367", "type": "Feature", "properties": {"id": "1357367", "CVEGEO": "1702400130313026", "POBTOT": 32.0, "score_nse": 0.0, "NSE": "ND", "VIVTOT": 15.0, "GRAPROES": 8.09, "_ent": "17", "_mun": "024", "_loc": "0013"}, "geometry": {"type": "Polygon", "coordinates": [[[-99.18736, 18.67318], [-99.18759, 18.6724], [-99.18796, 18.67249], [-99.18771, 18.67334], [-99.18736, 18.67318]]]}}, {"id": "1357368", "type": "Feature", "properties": {"id": "1357368", "CVEGEO": "1702400130313025", "POBTOT": 30.0, "score_nse": 59.1733, "NSE": "C", "VIVTOT": 15.0, "GRAPROES": 10.12, "_ent": "17", "_mun": "024", "_loc": "0013"}, "geometry": {"type": "Polygon", "coordinates": [[[-99.18693, 18.673], [-99.18713, 18.67228], [-99.1875, 18.67238], [-99.18731, 18.67314], [-99.18693, 18.673]]]}}, {"id": "1357369", "type": "Feature", "properties": {"id": "1357369", "CVEGEO": "1702400130313023", "POBTOT": 44.0, "score_nse": 56.8269, "NSE": "C", "VIVTOT": 21.0, "GRAPROES": 10.97, "_ent": "17", "_mun": "024", "_loc": "0013"}, "geometry": {"type": "Polygon", "coordinates": [[[-99.18604, 18.67276], [-99.18626, 18.67206], [-99.18664, 18.67216], [-99.18642, 18.67286], [-99.18604, 18.67276]]]}}, {"id": "1357370", "type": "Feature", "properties": {"id": "1357370", "CVEGEO": "1702400130313022", "POBTOT": 7.0, "score_nse": 0.0, "NSE": "ND", "VIVTOT": 7.0, "GRAPROES": 0.0, "_ent": "17", "_mun": "024", "_loc": "0013"}, "geometry": {"type": "Polygon", "coordinates": [[[-99.18562, 18.67265], [-99.18573, 18.67191], [-99.1862, 18.67205], [-99.18599, 18.67275], [-99.18562, 18.67265]]]}}, {"id": "1357371", "type": "Feature", "properties": {"id": "1357371", "CVEGEO": "1702400130313021", "POBTOT": 79.0, "score_nse": 0.0, "NSE": "ND", "VIVTOT": 46.0, "GRAPROES": 7.97, "_ent": "17", "_mun": "024", "_loc": "0013"}, "geometry": {"type": "Polygon", "coordinates": [[[-99.18556, 18.67387], [-99.18561, 18.67272], [-99.18721, 18.67317], [-99.1877, 18.67342], [-99.18767, 18.67436], [-99.18556, 18.67387]]]}}, {"id": "1357372", "type": "Feature", "properties": {"id": "1357372", "CVEGEO": "1702400130436025", "POBTOT": 11.0, "score_nse": 0.0, "NSE": "ND", "VIVTOT": 5.0, "GRAPROES": 9.0, "_ent": "17", "_mun": "024", "_loc": "0013"}, "geometry": {"type": "Polygon", "coordinates": [[[-99.18544, 18.70591], [-99.18564, 18.70583], [-99.1857, 18.70611], [-99.18544, 18.70591]]]}}, {"id": "1357373", "type": "Feature", "properties": {"id": "1357373", "CVEGEO": "1702400130313020", "POBTOT": 26.0, "score_nse": 63.3985, "NSE": "C", "VIVTOT": 11.0, "GRAPROES": 9.05, "_ent": "17", "_mun": "024", "_loc": "0013"}, "geometry": {"type": "Polygon", "coordinates": [[[-99.18671, 18.68144], [-99.1867, 18.68107], [-99.18751, 18.68112], [-99.18749, 18.68157], [-99.18671, 18.68144]]]}}, {"id": "1357374", "type": "Feature", "properties": {"id": "1357374", "CVEGEO": "1702400130313018", "POBTOT": 46.0, "score_nse": 0.0, "NSE": "ND", "VIVTOT": 15.0, "GRAPROES": 9.34, "_ent": "17", "_mun": "024", "_loc": "0013"}, "geometry": {"type": "Polygon", "coordinates": [[[-99.18711, 18.6743], [-99.18808, 18.67451], [-99.18807, 18.67457], [-99.18782, 18.67482], [-99.18705, 18.67466], [-99.18711, 18.6743]]]}}, {"id": "1357375", "type": "Feature", "properties": {"id": "1357375", "CVEGEO": "1702400130313017", "POBTOT": 34.0, "score_nse": 54.2627, "NSE": "C-", "VIVTOT": 19.0, "GRAPROES": 9.75, "_ent": "17", "_mun": "024", "_loc": "0013"}, "geometry": {"type": "Polygon", "coordinates": [[[-99.18529, 18.68116], [-99.18531, 18.67997], [-99.18616, 18.67999], [-99.18608, 18.68132], [-99.18529, 18.68116]]]}}, {"id": "1357376", "type": "Feature", "properties": {"id": "1357376", "CVEGEO": "1702400130313016", "POBTOT": 59.0, "score_nse": 0.0, "NSE": "ND", "VIVTOT": 15.0, "GRAPROES": 6.56, "_ent": "17", "_mun": "024", "_loc": "0013"}, "geometry": {"type": "Polygon", "coordinates": [[[-99.18621, 18.68], [-99.18663, 18.67999], [-99.18662, 18.68142], [-99.18616, 18.68134], [-99.1862, 18.68023], [-99.18645, 18.68023], [-99.18621, 18.6802], [-99.18621, 18.68]]]}}, {"id": "1357377", "type": "Feature", "properties": {"id": "1357377", "CVEGEO": "1702400130313015", "POBTOT": 100.0, "score_nse": 54.2497, "NSE": "C-", "VIVTOT": 31.0, "GRAPROES": 8.51, "_ent": "17", "_mun": "024", "_loc": "0013"}, "geometry": {"type": "Polygon", "coordinates": [[[-99.1867, 18.68048], [-99.18669, 18.67999], [-99.18751, 18.68021], [-99.1875, 18.68105], [-99.18673, 18.68102], [-99.1867, 18.68055], [-99.187, 18.68047], [-99.1867, 18.68048]]]}}, {"id": "1357378", "type": "Feature", "properties": {"id": "1357378", "CVEGEO": "1702400130313014", "POBTOT": 68.0, "score_nse": 0.0, "NSE": "ND", "VIVTOT": 17.0, "GRAPROES": 8.65, "_ent": "17", "_mun": "024", "_loc": "0013"}, "geometry": {"type": "Polygon", "coordinates": [[[-99.18707, 18.67999], [-99.18718, 18.67919], [-99.18763, 18.67923], [-99.18749, 18.68013], [-99.18707, 18.67999]]]}}, {"id": "1357379", "type": "Feature", "properties": {"id": "1357379", "CVEGEO": "1702400130313012", "POBTOT": 24.0, "score_nse": 0.0, "NSE": "ND", "VIVTOT": 13.0, "GRAPROES": 8.68, "_ent": "17", "_mun": "024", "_loc": "0013"}, "geometry": {"type": "Polygon", "coordinates": [[[-99.18693, 18.67546], [-99.18704, 18.67471], [-99.1878, 18.67485], [-99.18704, 18.67541], [-99.18693, 18.67546]]]}}, {"id": "1357380", "type": "Feature", "properties": {"id": "1357380", "CVEGEO": "1702400130313011", "POBTOT": 97.0, "score_nse": 54.6504, "NSE": "C-", "VIVTOT": 34.0, "GRAPROES": 10.38, "_ent": "17", "_mun": "024", "_loc": "0013"}, "geometry": {"type": "Polygon", "coordinates": [[[-99.18544, 18.67499], [-99.18554, 18.67393], [-99.18705, 18.67428], [-99.18697, 18.67465], [-99.18658, 18.67464], [-99.18695, 18.6747], [-99.18685, 18.6754], [-99.18594, 18.67515], [-99.18602, 18.67459], [-99.18589, 18.67508], [-99.18544, 18.67499]]]}}, {"id": "1357381", "type": "Feature", "properties": {"id": "1357381", "CVEGEO": "1702400130313010", "POBTOT": 165.0, "score_nse": 0.0, "NSE": "ND", "VIVTOT": 63.0, "GRAPROES": 9.73, "_ent": "17", "_mun": "024", "_loc": "0013"}, "geometry": {"type": "Polygon", "coordinates": [[[-99.18456, 18.67401], [-99.18542, 18.67243], [-99.18531, 18.67437], [-99.18499, 18.67436], [-99.185, 18.67388], [-99.1849, 18.67464], [-99.18499, 18.6744], [-99.18532, 18.67442], [-99.18515, 18.67758], [-99.18491, 18.67758], [-99.18444, 18.67475], [-99.18456, 18.67401]]]}}, {"id": "1357382", "type": "Feature", "properties": {"id": "1357382", "CVEGEO": "1702400130313009", "POBTOT": 32.0, "score_nse": 0.0, "NSE": "ND", "VIVTOT": 13.0, "GRAPROES": 9.71, "_ent": "17", "_mun": "024", "_loc": "0013"}, "geometry": {"type": "Polygon", "coordinates": [[[-99.18531, 18.67822], [-99.18536, 18.6775], [-99.18575, 18.67744], [-99.18568, 18.67824], [-99.18531, 18.67822]]]}}, {"id": "1357383", "type": "Feature", "properties": {"id": "1357383", "CVEGEO": "1702400130313008", "POBTOT": 63.0, "score_nse": 64.5767, "NSE": "C", "VIVTOT": 24.0, "GRAPROES": 9.96, "_ent": "17", "_mun": "024", "_loc": "0013"}, "geometry": {"type": "Polygon", "coordinates": [[[-99.18529, 18.67916], [-99.18532, 18.67827], [-99.18569, 18.67828], [-99.18572, 18.67854], [-99.18574, 18.67828], [-99.18625, 18.67831], [-99.18628, 18.67911], [-99.18529, 18.67916]]]}}, {"id": "1357384", "type": "Feature", "properties": {"id": "1357384", "CVEGEO": "1702400130313007", "POBTOT": 7.0, "score_nse": 0.0, "NSE": "ND", "VIVTOT": 7.0, "GRAPROES": 12.43, "_ent": "17", "_mun": "024", "_loc": "0013"}, "geometry": {"type": "Polygon", "coordinates": [[[-99.1853, 18.67928], [-99.18628, 18.67919], [-99.18628, 18.67994], [-99.1853, 18.67991], [-99.1853, 18.67928]]]}}, {"id": "1357385", "type": "Feature", "properties": {"id": "1357385", "CVEGEO": "1702400130313006", "POBTOT": 56.0, "score_nse": 0.0, "NSE": "ND", "VIVTOT": 19.0, "GRAPROES": 10.02, "_ent": "17", "_mun": "024", "_loc": "0013"}, "geometry": {"type": "Polygon", "coordinates": [[[-99.18713, 18.67917], [-99.18701, 18.68], [-99.18634, 18.67993], [-99.18635, 18.67917], [-99.18689, 18.67915], [-99.18684, 18.67943], [-99.18692, 18.67915], [-99.18713, 18.67917]]]}}, {"id": "1357386", "type": "Feature", "properties": {"id": "1357386", "CVEGEO": "1702400130313004", "POBTOT": 82.0, "score_nse": 0.0, "NSE": "ND", "VIVTOT": 38.0, "GRAPROES": 8.29, "_ent": "17", "_mun": "024", "_loc": "0013"}, "geometry": {"type": "Polygon", "coordinates": [[[-99.18625, 18.67641], [-99.18654, 18.6767], [-99.18644, 18.67687], [-99.18611, 18.67668], [-99.18643, 18.67688], [-99.18638, 18.67709], [-99.18536, 18.67712], [-99.18548, 18.67514], [-99.18599, 18.67532], [-99.18577, 18.67579], [-99.18598, 18.6754], [-99.18614, 18.67547], [-99.1862, 18.6753], [-99.18682, 18.67549], [-99.18625, 18.67641]]]}}, {"id": "1357387", "type": "Feature", "properties": {"id": "1357387", "CVEGEO": "1702400130313003", "POBTOT": 14.0, "score_nse": 0.0, "NSE": "ND", "VIVTOT": 6.0, "GRAPROES": 9.09, "_ent": "17", "_mun": "024", "_loc": "0013"}, "geometry": {"type": "Polygon", "coordinates": [[[-99.18538, 18.67716], [-99.18591, 18.67709], [-99.18625, 18.67711], [-99.18539, 18.67729], [-99.18538, 18.67716]]]}}, {"id": "1357388", "type": "Feature", "properties": {"id": "1357388", "CVEGEO": "1702400130313002", "POBTOT": 23.0, "score_nse": 0.0, "NSE": "ND", "VIVTOT": 11.0, "GRAPROES": 7.06, "_ent": "17", "_mun": "024", "_loc": "0013"}, "geometry": {"type": "Polygon", "coordinates": [[[-99.1858, 18.67744], [-99.18626, 18.6774], [-99.18622, 18.67826], [-99.18575, 18.67824], [-99.1858, 18.67744]]]}}, {"id": "1357389", "type": "Feature", "properties": {"id": "1357389", "CVEGEO": "1702400130313001", "POBTOT": 82.0, "score_nse": 61.2907, "NSE": "C", "VIVTOT": 31.0, "GRAPROES": 10.91, "_ent": "17", "_mun": "024", "_loc": "0013"}, "geometry": {"type": "Polygon", "coordinates": [[[-99.18781, 18.67795], [-99.18765, 18.67918], [-99.18636, 18.67911], [-99.1863, 18.67831], [-99.18712, 18.67828], [-99.18628, 18.67826], [-99.1862, 18.67774], [-99.18636, 18.67725], [-99.1866, 18.67731], [-99.1869, 18.67799], [-99.18781, 18.67795]]]}}, {"id": "1357390", "type": "Feature", "properties": {"id": "1357390", "CVEGEO": "1702400130313024", "POBTOT": 11.0, "score_nse": 0.0, "NSE": "ND", "VIVTOT": 10.0, "GRAPROES": 7.9, "_ent": "17", "_mun": "024", "_loc": "0013"}, "geometry": {"type": "Polygon", "coordinates": [[[-99.18669, 18.67217], [-99.18708, 18.67227], [-99.18687, 18.67297], [-99.1865, 18.67289], [-99.18669, 18.67217]]]}}, {"id": "1357391", "type": "Feature", "properties": {"id": "1357391", "CVEGEO": "1702400130243040", "POBTOT": 0.0, "score_nse": 0.0, "NSE": "ND", "VIVTOT": 0.0, "GRAPROES": 0.0, "_ent": "17", "_mun": "024", "_loc": "0013"}, "geometry": {"type": "Polygon", "coordinates": [[[-99.18236, 18.68303], [-99.18228, 18.68355], [-99.18195, 18.68348], [-99.18205, 18.68291], [-99.18236, 18.68303]]]}}, {"id": "1357392", "type": "Feature", "properties": {"id": "1357392", "CVEGEO": "1702400130243039", "POBTOT": 33.0, "score_nse": 48.2733, "NSE": "C-", "VIVTOT": 12.0, "GRAPROES": 7.32, "_ent": "17", "_mun": "024", "_loc": "0013"}, "geometry": {"type": "Polygon", "coordinates": [[[-99.1824, 18.68307], [-99.18325, 18.68338], [-99.18322, 18.68379], [-99.18233, 18.68357], [-99.1824, 18.68307]]]}}, {"id": "1357393", "type": "Feature", "properties": {"id": "1357393", "CVEGEO": "1702400130243038", "POBTOT": 54.0, "score_nse": 46.508, "NSE": "C-", "VIVTOT": 20.0, "GRAPROES": 8.53, "_ent": "17", "_mun": "024", "_loc": "0013"}, "geometry": {"type": "Polygon", "coordinates": [[[-99.18184, 18.68966], [-99.18108, 18.68956], [-99.18107, 18.68903], [-99.18141, 18.689], [-99.18107, 18.68899], [-99.18106, 18.68849], [-99.18194, 18.68848], [-99.18184, 18.68966]]]}}, {"id": "1357394", "type": "Feature", "properties": {"id": "1357394", "CVEGEO": "1702400130243037", "POBTOT": 22.0, "score_nse": 0.0, "NSE": "ND", "VIVTOT": 7.0, "GRAPROES": 10.65, "_ent": "17", "_mun": "024", "_loc": "0013"}, "geometry": {"type": "Polygon", "coordinates": [[[-99.18307, 18.6904], [-99.18167, 18.69019], [-99.1818, 18.6897], [-99.1832, 18.68992], [-99.18307, 18.6904]]]}}, {"id": "1357395", "type": "Feature", "properties": {"id": "1357395", "CVEGEO": "1702400130243035", "POBTOT": 120.0, "score_nse": 50.8968, "NSE": "C-", "VIVTOT": 39.0, "GRAPROES": 8.42, "_ent": "17", "_mun": "024", "_loc": "0013"}, "geometry": {"type": "Polygon", "coordinates": [[[-99.18207, 18.68287], [-99.18237, 18.68129], [-99.18351, 18.68091], [-99.18334, 18.68177], [-99.18366, 18.68357], [-99.18334, 18.68355], [-99.18322, 18.6833], [-99.18207, 18.68287]]]}}, {"id": "1357396", "type": "Feature", "properties": {"id": "1357396", "CVEGEO": "1702400130243034", "POBTOT": 28.0, "score_nse": 0.0, "NSE": "ND", "VIVTOT": 8.0, "GRAPROES": 10.76, "_ent": "17", "_mun": "024", "_loc": "0013"}, "geometry": {"type": "Polygon", "coordinates": [[[-99.18265, 18.68414], [-99.18308, 18.6838], [-99.18322, 18.68383], [-99.18323, 18.68426], [-99.18265, 18.68414]]]}}, {"id": "1357397", "type": "Feature", "properties": {"id": "1357397", "CVEGEO": "1702400130243032", "POBTOT": 87.0, "score_nse": 0.0, "NSE": "ND", "VIVTOT": 26.0, "GRAPROES": 8.58, "_ent": "17", "_mun": "024", "_loc": "0013"}, "geometry": {"type": "Polygon", "coordinates": [[[-99.18204, 18.68557], [-99.18201, 18.68607], [-99.18144, 18.68589], [-99.18195, 18.68354], [-99.18226, 18.6836], [-99.18198, 18.68489], [-99.18212, 18.68491], [-99.18206, 18.68554], [-99.18187, 18.68552], [-99.18204, 18.68557]]]}}, {"id": "1357398", "type": "Feature", "properties": {"id": "1357398", "CVEGEO": "1702400130243031", "POBTOT": 41.0, "score_nse": 0.0, "NSE": "ND", "VIVTOT": 17.0, "GRAPROES": 8.39, "_ent": "17", "_mun": "024", "_loc": "0013"}, "geometry": {"type": "Polygon", "coordinates": [[[-99.18325, 18.68987], [-99.1819, 18.68967], [-99.18202, 18.68849], [-99.18352, 18.68872], [-99.18325, 18.68987]]]}}, {"id": "1357399", "type": "Feature", "properties": {"id": "1357399", "CVEGEO": "1702400130243030", "POBTOT": 26.0, "score_nse": 68.3194, "NSE": "C", "VIVTOT": 7.0, "GRAPROES": 9.74, "_ent": "17", "_mun": "024", "_loc": "0013"}, "geometry": {"type": "Polygon", "coordinates": [[[-99.18263, 18.68764], [-99.18117, 18.68748], [-99.18123, 18.68717], [-99.18305, 18.68745], [-99.18263, 18.68764]]]}}, {"id": "1357400", "type": "Feature", "properties": {"id": "1357400", "CVEGEO": "1702400130243028", "POBTOT": 118.0, "score_nse": 49.7365, "NSE": "C-", "VIVTOT": 31.0, "GRAPROES": 8.21, "_ent": "17", "_mun": "024", "_loc": "0013"}, "geometry": {"type": "Polygon", "coordinates": [[[-99.18221, 18.68442], [-99.18211, 18.68476], [-99.18228, 18.68435], [-99.18255, 18.68418], [-99.18323, 18.68432], [-99.1833, 18.6845], [-99.18328, 18.68361], [-99.18365, 18.6836], [-99.18324, 18.68507], [-99.18205, 18.68485], [-99.18231, 18.68361], [-99.18303, 18.68379], [-99.18235, 18.68426], [-99.18221, 18.68442]]]}}, {"id": "1357401", "type": "Feature", "properties": {"id": "1357401", "CVEGEO": "1702400130243026", "POBTOT": 25.0, "score_nse": 0.0, "NSE": "ND", "VIVTOT": 11.0, "GRAPROES": 8.05, "_ent": "17", "_mun": "024", "_loc": "0013"}, "geometry": {"type": "Polygon", "coordinates": [[[-99.18194, 18.6867], [-99.1819, 18.68719], [-99.18124, 18.6871], [-99.18134, 18.68658], [-99.18194, 18.6867]]]}}, {"id": "1357402", "type": "Feature", "properties": {"id": "1357402", "CVEGEO": "1702400130243025", "POBTOT": 46.0, "score_nse": 0.0, "NSE": "ND", "VIVTOT": 13.0, "GRAPROES": 8.62, "_ent": "17", "_mun": "024", "_loc": "0013"}, "geometry": {"type": "Polygon", "coordinates": [[[-99.18353, 18.68895], [-99.18374, 18.68813], [-99.18436, 18.68919], [-99.18353, 18.68895]]]}}, {"id": "1357403", "type": "Feature", "properties": {"id": "1357403", "CVEGEO": "1702400130243024", "POBTOT": 56.0, "score_nse": 0.0, "NSE": "ND", "VIVTOT": 19.0, "GRAPROES": 7.15, "_ent": "17", "_mun": "024", "_loc": "0013"}, "geometry": {"type": "Polygon", "coordinates": [[[-99.18147, 18.69499], [-99.18263, 18.69268], [-99.18439, 18.69325], [-99.18423, 18.69497], [-99.18378, 18.69581], [-99.18147, 18.69499]]]}}, {"id": "1357404", "type": "Feature", "properties": {"id": "1357404", "CVEGEO": "1702400130243023", "POBTOT": 25.0, "score_nse": 0.0, "NSE": "ND", "VIVTOT": 8.0, "GRAPROES": 8.93, "_ent": "17", "_mun": "024", "_loc": "0013"}, "geometry": {"type": "Polygon", "coordinates": [[[-99.18384, 18.69582], [-99.18435, 18.69513], [-99.18408, 18.69592], [-99.18384, 18.69582]]]}}, {"id": "1357405", "type": "Feature", "properties": {"id": "1357405", "CVEGEO": "1702400130243022", "POBTOT": 9.0, "score_nse": 0.0, "NSE": "ND", "VIVTOT": 4.0, "GRAPROES": 7.86, "_ent": "17", "_mun": "024", "_loc": "0013"}, "geometry": {"type": "Polygon", "coordinates": [[[-99.18218, 18.68492], [-99.1831, 18.6851], [-99.18279, 18.68577], [-99.18212, 18.68555], [-99.18218, 18.68492]]]}}, {"id": "1357406", "type": "Feature", "properties": {"id": "1357406", "CVEGEO": "1702400130243020", "POBTOT": 26.0, "score_nse": 0.0, "NSE": "ND", "VIVTOT": 12.0, "GRAPROES": 8.35, "_ent": "17", "_mun": "024", "_loc": "0013"}, "geometry": {"type": "Polygon", "coordinates": [[[-99.18275, 18.6922], [-99.18354, 18.69243], [-99.18342, 18.69287], [-99.18262, 18.69261], [-99.18275, 18.6922]]]}}, {"id": "1357407", "type": "Feature", "properties": {"id": "1357407", "CVEGEO": "1702400130243019", "POBTOT": 16.0, "score_nse": 0.0, "NSE": "ND", "VIVTOT": 5.0, "GRAPROES": 11.0, "_ent": "17", "_mun": "024", "_loc": "0013"}, "geometry": {"type": "Polygon", "coordinates": [[[-99.18361, 18.69245], [-99.18434, 18.69268], [-99.18437, 18.69314], [-99.18348, 18.69287], [-99.18361, 18.69245]]]}}, {"id": "1357408", "type": "Feature", "properties": {"id": "1357408", "CVEGEO": "1702400130243018", "POBTOT": 23.0, "score_nse": 0.0, "NSE": "ND", "VIVTOT": 9.0, "GRAPROES": 7.93, "_ent": "17", "_mun": "024", "_loc": "0013"}, "geometry": {"type": "Polygon", "coordinates": [[[-99.18212, 18.68562], [-99.18279, 18.68581], [-99.18271, 18.68629], [-99.18206, 18.68608], [-99.18212, 18.68562]]]}}, {"id": "1357409", "type": "Feature", "properties": {"id": "1357409", "CVEGEO": "1702400130243016", "POBTOT": 4.0, "score_nse": 0.0, "NSE": "ND", "VIVTOT": 2.0, "GRAPROES": 0.0, "_ent": "17", "_mun": "024", "_loc": "0013"}, "geometry": {"type": "Polygon", "coordinates": [[[-99.18291, 18.69167], [-99.18366, 18.69192], [-99.18356, 18.69236], [-99.18277, 18.69211], [-99.18291, 18.69167]]]}}, {"id": "1357410", "type": "Feature", "properties": {"id": "1357410", "CVEGEO": "1702400130243015", "POBTOT": 10.0, "score_nse": 0.0, "NSE": "ND", "VIVTOT": 7.0, "GRAPROES": 9.11, "_ent": "17", "_mun": "024", "_loc": "0013"}, "geometry": {"type": "Polygon", "coordinates": [[[-99.18374, 18.69194], [-99.18439, 18.69214], [-99.18433, 18.69262], [-99.18362, 18.69238], [-99.18374, 18.69194]]]}}, {"id": "1357411", "type": "Feature", "properties": {"id": "1357411", "CVEGEO": "1702400130243014", "POBTOT": 28.0, "score_nse": 48.3692, "NSE": "C-", "VIVTOT": 13.0, "GRAPROES": 10.0, "_ent": "17", "_mun": "024", "_loc": "0013"}, "geometry": {"type": "Polygon", "coordinates": [[[-99.1827, 18.68634], [-99.18277, 18.68682], [-99.182, 18.68665], [-99.18206, 18.68614], [-99.1827, 18.68634]]]}}, {"id": "1357412", "type": "Feature", "properties": {"id": "1357412", "CVEGEO": "1702400130243011", "POBTOT": 52.0, "score_nse": 53.3938, "NSE": "C-", "VIVTOT": 26.0, "GRAPROES": 10.77, "_ent": "17", "_mun": "024", "_loc": "0013"}, "geometry": {"type": "Polygon", "coordinates": [[[-99.1829, 18.69161], [-99.18309, 18.69094], [-99.1844, 18.69129], [-99.18442, 18.69208], [-99.1829, 18.69161]]]}}, {"id": "1357413", "type": "Feature", "properties": {"id": "1357413", "CVEGEO": "1702400130243010", "POBTOT": 23.0, "score_nse": 0.0, "NSE": "ND", "VIVTOT": 11.0, "GRAPROES": 9.55, "_ent": "17", "_mun": "024", "_loc": "0013"}, "geometry": {"type": "Polygon", "coordinates": [[[-99.18201, 18.68673], [-99.18279, 18.68689], [-99.18297, 18.68728], [-99.18196, 18.68719], [-99.18201, 18.68673]]]}}, {"id": "1357414", "type": "Feature", "properties": {"id": "1357414", "CVEGEO": "1702400130243007", "POBTOT": 11.0, "score_nse": 0.0, "NSE": "ND", "VIVTOT": 7.0, "GRAPROES": 9.6, "_ent": "17", "_mun": "024", "_loc": "0013"}, "geometry": {"type": "Polygon", "coordinates": [[[-99.18309, 18.69087], [-99.18318, 18.6905], [-99.18445, 18.69079], [-99.18442, 18.69122], [-99.18309, 18.69087]]]}}, {"id": "1357415", "type": "Feature", "properties": {"id": "1357415", "CVEGEO": "1702400130243005", "POBTOT": 34.0, "score_nse": 0.0, "NSE": "ND", "VIVTOT": 13.0, "GRAPROES": 10.0, "_ent": "17", "_mun": "024", "_loc": "0013"}, "geometry": {"type": "Polygon", "coordinates": [[[-99.18444, 18.69072], [-99.18323, 18.69045], [-99.18334, 18.68994], [-99.18447, 18.69022], [-99.18444, 18.69072]]]}}, {"id": "1357416", "type": "Feature", "properties": {"id": "1357416", "CVEGEO": "1702400130243004", "POBTOT": 33.0, "score_nse": 0.0, "NSE": "ND", "VIVTOT": 14.0, "GRAPROES": 8.09, "_ent": "17", "_mun": "024", "_loc": "0013"}, "geometry": {"type": "Polygon", "coordinates": [[[-99.1804, 18.69417], [-99.18079, 18.69178], [-99.18075, 18.69091], [-99.18108, 18.68961], [-99.18174, 18.68969], [-99.18165, 18.69006], [-99.18109, 18.69003], [-99.18307, 18.69046], [-99.18249, 18.6926], [-99.18156, 18.69437], [-99.1804, 18.69417]]]}}, {"id": "1357417", "type": "Feature", "properties": {"id": "1357417", "CVEGEO": "1702400130436024", "POBTOT": 9.0, "score_nse": 0.0, "NSE": "ND", "VIVTOT": 2.0, "GRAPROES": 0.0, "_ent": "17", "_mun": "024", "_loc": "0013"}, "geometry": {"type": "Polygon", "coordinates": [[[-99.1852, 18.70575], [-99.1855, 18.70545], [-99.18552, 18.70545], [-99.18557, 18.70571], [-99.18539, 18.70589], [-99.1852, 18.70575]]]}}, {"id": "1357418", "type": "Feature", "properties": {"id": "1357418", "CVEGEO": "1702400130243003", "POBTOT": 65.0, "score_nse": 47.3874, "NSE": "C-", "VIVTOT": 21.0, "GRAPROES": 8.63, "_ent": "17", "_mun": "024", "_loc": "0013"}, "geometry": {"type": "Polygon", "coordinates": [[[-99.18347, 18.68946], [-99.18446, 18.68973], [-99.18447, 18.69016], [-99.18336, 18.68986], [-99.18347, 18.68946]]]}}, {"id": "1357419", "type": "Feature", "properties": {"id": "1357419", "CVEGEO": "1702400130192026", "POBTOT": 104.0, "score_nse": 0.0, "NSE": "ND", "VIVTOT": 30.0, "GRAPROES": 8.7, "_ent": "17", "_mun": "024", "_loc": "0013"}, "geometry": {"type": "Polygon", "coordinates": [[[-99.18559, 18.70391], [-99.18535, 18.7036], [-99.18591, 18.70355], [-99.18622, 18.70372], [-99.18595, 18.70452], [-99.18571, 18.70444], [-99.18582, 18.70413], [-99.18566, 18.70444], [-99.18463, 18.70404], [-99.18532, 18.70361], [-99.18559, 18.70391]]]}}, {"id": "1357420", "type": "Feature", "properties": {"id": "1357420", "CVEGEO": "1702400130192025", "POBTOT": 39.0, "score_nse": 63.8767, "NSE": "C", "VIVTOT": 12.0, "GRAPROES": 9.13, "_ent": "17", "_mun": "024", "_loc": "0013"}, "geometry": {"type": "Polygon", "coordinates": [[[-99.18613, 18.69864], [-99.18658, 18.69859], [-99.18666, 18.69904], [-99.18619, 18.69909], [-99.18613, 18.69864]]]}}, {"id": "1357421", "type": "Feature", "properties": {"id": "1357421", "CVEGEO": "1702400130192023", "POBTOT": 36.0, "score_nse": 0.0, "NSE": "ND", "VIVTOT": 17.0, "GRAPROES": 10.17, "_ent": "17", "_mun": "024", "_loc": "0013"}, "geometry": {"type": "Polygon", "coordinates": [[[-99.18585, 18.69916], [-99.18663, 18.6991], [-99.18691, 18.6993], [-99.18664, 18.69967], [-99.18579, 18.69951], [-99.18585, 18.69916]]]}}, {"id": "1357422", "type": "Feature", "properties": {"id": "1357422", "CVEGEO": "1702400130192022", "POBTOT": 60.0, "score_nse": 0.0, "NSE": "ND", "VIVTOT": 21.0, "GRAPROES": 9.77, "_ent": "17", "_mun": "024", "_loc": "0013"}, "geometry": {"type": "Polygon", "coordinates": [[[-99.187, 18.6993], [-99.18764, 18.69916], [-99.18697, 18.69927], [-99.1867, 18.69904], [-99.18803, 18.69872], [-99.18816, 18.7001], [-99.18777, 18.70012], [-99.187, 18.6993]]]}}, {"id": "1357423", "type": "Feature", "properties": {"id": "1357423", "CVEGEO": "1702400130192021", "POBTOT": 80.0, "score_nse": 0.0, "NSE": "ND", "VIVTOT": 26.0, "GRAPROES": 9.48, "_ent": "17", "_mun": "024", "_loc": "0013"}, "geometry": {"type": "Polygon", "coordinates": [[[-99.18658, 18.69984], [-99.187, 18.6994], [-99.18735, 18.69964], [-99.18775, 18.70018], [-99.18781, 18.70088], [-99.18745, 18.70084], [-99.18747, 18.70066], [-99.18742, 18.70083], [-99.18646, 18.70067], [-99.18658, 18.69984]]]}}, {"id": "1357424", "type": "Feature", "properties": {"id": "1357424", "CVEGEO": "1702400130192020", "POBTOT": 37.0, "score_nse": 0.0, "NSE": "ND", "VIVTOT": 12.0, "GRAPROES": 10.54, "_ent": "17", "_mun": "024", "_loc": "0013"}, "geometry": {"type": "Polygon", "coordinates": [[[-99.18646, 18.70071], [-99.18784, 18.70094], [-99.18778, 18.70139], [-99.18756, 18.70156], [-99.18638, 18.70114], [-99.18646, 18.70071]]]}}, {"id": "1357425", "type": "Feature", "properties": {"id": "1357425", "CVEGEO": "1702400130192017", "POBTOT": 62.0, "score_nse": 43.7367, "NSE": "C-", "VIVTOT": 24.0, "GRAPROES": 8.14, "_ent": "17", "_mun": "024", "_loc": "0013"}, "geometry": {"type": "Polygon", "coordinates": [[[-99.18472, 18.7026], [-99.18451, 18.70135], [-99.18538, 18.70109], [-99.1851, 18.70202], [-99.18472, 18.7026]]]}}, {"id": "1357426", "type": "Feature", "properties": {"id": "1357426", "CVEGEO": "1702400130192012", "POBTOT": 17.0, "score_nse": 0.0, "NSE": "ND", "VIVTOT": 7.0, "GRAPROES": 10.57, "_ent": "17", "_mun": "024", "_loc": "0013"}, "geometry": {"type": "Polygon", "coordinates": [[[-99.18406, 18.69661], [-99.18419, 18.69623], [-99.18486, 18.69647], [-99.18476, 18.69692], [-99.18406, 18.69661]]]}}, {"id": "1357427", "type": "Feature", "properties": {"id": "1357427", "CVEGEO": "1702400130192009", "POBTOT": 239.0, "score_nse": 48.073, "NSE": "C-", "VIVTOT": 80.0, "GRAPROES": 8.72, "_ent": "17", "_mun": "024", "_loc": "0013"}, "geometry": {"type": "Polygon", "coordinates": [[[-99.18456, 18.70012], [-99.18502, 18.69929], [-99.18528, 18.69926], [-99.18513, 18.69981], [-99.18533, 18.69923], [-99.1858, 18.69917], [-99.18556, 18.70005], [-99.18577, 18.69955], [-99.18661, 18.69969], [-99.18635, 18.70112], [-99.18579, 18.70105], [-99.18579, 18.70064], [-99.18575, 18.70105], [-99.18451, 18.70125], [-99.18409, 18.70004], [-99.18477, 18.70026], [-99.18502, 18.70025], [-99.18456, 18.70012]]]}}, {"id": "1357428", "type": "Feature", "properties": {"id": "1357428", "CVEGEO": "1702400130192008", "POBTOT": 46.0, "score_nse": 56.7973, "NSE": "C", "VIVTOT": 15.0, "GRAPROES": 8.44, "_ent": "17", "_mun": "024", "_loc": "0013"}, "geometry": {"type": "Polygon", "coordinates": [[[-99.18558, 18.6973], [-99.18536, 18.69768], [-99.18472, 18.6974], [-99.1848, 18.69699], [-99.18558, 18.6973]]]}}, {"id": "1357429", "type": "Feature", "properties": {"id": "1357429", "CVEGEO": "1702400130192007", "POBTOT": 16.0, "score_nse": 0.0, "NSE": "ND", "VIVTOT": 6.0, "GRAPROES": 8.07, "_ent": "17", "_mun": "024", "_loc": "0013"}, "geometry": {"type": "Polygon", "coordinates": [[[-99.18403, 18.69668], [-99.18475, 18.69697], [-99.18467, 18.69738], [-99.1839, 18.69708], [-99.18403, 18.69668]]]}}, {"id": "1357430", "type": "Feature", "properties": {"id": "1357430", "CVEGEO": "1702400130192006", "POBTOT": 3.0, "score_nse": 0.0, "NSE": "ND", "VIVTOT": 1.0, "GRAPROES": 0.0, "_ent": "17", "_mun": "024", "_loc": "0013"}, "geometry": {"type": "Polygon", "coordinates": [[[-99.18415, 18.69999], [-99.18394, 18.69951], [-99.18426, 18.69942], [-99.18415, 18.69999]]]}}, {"id": "1357431", "type": "Feature", "properties": {"id": "1357431", "CVEGEO": "1702400130192005", "POBTOT": 46.0, "score_nse": 45.8061, "NSE": "C-", "VIVTOT": 19.0, "GRAPROES": 8.19, "_ent": "17", "_mun": "024", "_loc": "0013"}, "geometry": {"type": "Polygon", "coordinates": [[[-99.18418, 18.7], [-99.1843, 18.69941], [-99.18497, 18.6993], [-99.1845, 18.7001], [-99.18418, 18.7]]]}}, {"id": "1357432", "type": "Feature", "properties": {"id": "1357432", "CVEGEO": "1702400130192003", "POBTOT": 25.0, "score_nse": 0.0, "NSE": "ND", "VIVTOT": 11.0, "GRAPROES": 9.78, "_ent": "17", "_mun": "024", "_loc": "0013"}, "geometry": {"type": "Polygon", "coordinates": [[[-99.18461, 18.69789], [-99.18471, 18.69744], [-99.18533, 18.69772], [-99.18511, 18.69809], [-99.18461, 18.69789]]]}}, {"id": "1357433", "type": "Feature", "properties": {"id": "1357433", "CVEGEO": "1702400130192002", "POBTOT": 54.0, "score_nse": 0.0, "NSE": "ND", "VIVTOT": 14.0, "GRAPROES": 10.47, "_ent": "17", "_mun": "024", "_loc": "0013"}, "geometry": {"type": "Polygon", "coordinates": [[[-99.18367, 18.69782], [-99.18391, 18.69717], [-99.18466, 18.69743], [-99.18456, 18.69789], [-99.18364, 18.69857], [-99.18367, 18.69782]]]}}, {"id": "1357434", "type": "Feature", "properties": {"id": "1357434", "CVEGEO": "1702400130188057", "POBTOT": 46.0, "score_nse": 53.9971, "NSE": "C-", "VIVTOT": 14.0, "GRAPROES": 9.24, "_ent": "17", "_mun": "024", "_loc": "0013"}, "geometry": {"type": "Polygon", "coordinates": [[[-99.18321, 18.68519], [-99.18379, 18.68534], [-99.18365, 18.68592], [-99.18298, 18.68575], [-99.18321, 18.68519]]]}}, {"id": "1357435", "type": "Feature", "properties": {"id": "1357435", "CVEGEO": "1702400130188055", "POBTOT": 29.0, "score_nse": 0.0, "NSE": "ND", "VIVTOT": 10.0, "GRAPROES": 8.9, "_ent": "17", "_mun": "024", "_loc": "0013"}, "geometry": {"type": "Polygon", "coordinates": [[[-99.18556, 18.68329], [-99.18672, 18.68396], [-99.18668, 18.68429], [-99.18544, 18.68394], [-99.18556, 18.68329]]]}}, {"id": "1357436", "type": "Feature", "properties": {"id": "1357436", "CVEGEO": "1702400130188054", "POBTOT": 35.0, "score_nse": 69.384, "NSE": "C", "VIVTOT": 10.0, "GRAPROES": 11.07, "_ent": "17", "_mun": "024", "_loc": "0013"}, "geometry": {"type": "Polygon", "coordinates": [[[-99.18481, 18.68376], [-99.18494, 18.68306], [-99.18551, 18.68326], [-99.18538, 18.68392], [-99.18481, 18.68376]]]}}, {"id": "1357437", "type": "Feature", "properties": {"id": "1357437", "CVEGEO": "1702400130188053", "POBTOT": 59.0, "score_nse": 0.0, "NSE": "ND", "VIVTOT": 20.0, "GRAPROES": 7.75, "_ent": "17", "_mun": "024", "_loc": "0013"}, "geometry": {"type": "Polygon", "coordinates": [[[-99.18442, 18.68885], [-99.18377, 18.68798], [-99.18416, 18.68622], [-99.18487, 18.68941], [-99.18459, 18.68944], [-99.18442, 18.68885]]]}}, {"id": "1357438", "type": "Feature", "properties": {"id": "1357438", "CVEGEO": "1702400130188052", "POBTOT": 32.0, "score_nse": 52.72, "NSE": "C-", "VIVTOT": 15.0, "GRAPROES": 10.0, "_ent": "17", "_mun": "024", "_loc": "0013"}, "geometry": {"type": "Polygon", "coordinates": [[[-99.18443, 18.6865], [-99.18435, 18.68584], [-99.18477, 18.68584], [-99.18473, 18.68656], [-99.18443, 18.6865]]]}}, {"id": "1357439", "type": "Feature", "properties": {"id": "1357439", "CVEGEO": "1702400130188050", "POBTOT": 205.0, "score_nse": 49.3514, "NSE": "C-", "VIVTOT": 71.0, "GRAPROES": 8.64, "_ent": "17", "_mun": "024", "_loc": "0013"}, "geometry": {"type": "Polygon", "coordinates": [[[-99.18707, 18.68729], [-99.18641, 18.6874], [-99.18651, 18.68676], [-99.18634, 18.68743], [-99.18604, 18.68745], [-99.18632, 18.68636], [-99.18644, 18.68637], [-99.18632, 18.68633], [-99.18651, 18.68554], [-99.18727, 18.68574], [-99.18706, 18.68645], [-99.18731, 18.68575], [-99.18824, 18.68611], [-99.18707, 18.68729]]]}}, {"id": "1357440", "type": "Feature", "properties": {"id": "1357440", "CVEGEO": "1702400130188049", "POBTOT": 5.0, "score_nse": 0.0, "NSE": "ND", "VIVTOT": 2.0, "GRAPROES": 0.0, "_ent": "17", "_mun": "024", "_loc": "0013"}, "geometry": {"type": "Polygon", "coordinates": [[[-99.18702, 18.68742], [-99.18753, 18.68682], [-99.18823, 18.68718], [-99.1886, 18.68688], [-99.18892, 18.68719], [-99.1881, 18.68776], [-99.18702, 18.68742]]]}}, {"id": "1357441", "type": "Feature", "properties": {"id": "1357441", "CVEGEO": "1702400130188048", "POBTOT": 23.0, "score_nse": 0.0, "NSE": "ND", "VIVTOT": 6.0, "GRAPROES": 7.06, "_ent": "17", "_mun": "024", "_loc": "0013"}, "geometry": {"type": "Polygon", "coordinates": [[[-99.18819, 18.6871], [-99.18763, 18.6868], [-99.18807, 18.68635], [-99.18854, 18.68684], [-99.18819, 18.6871]]]}}, {"id": "1357442", "type": "Feature", "properties": {"id": "1357442", "CVEGEO": "1702400130188047", "POBTOT": 17.0, "score_nse": 0.0, "NSE": "ND", "VIVTOT": 8.0, "GRAPROES": 7.92, "_ent": "17", "_mun": "024", "_loc": "0013"}, "geometry": {"type": "Polygon", "coordinates": [[[-99.1886, 18.68679], [-99.18811, 18.68632], [-99.18831, 18.68613], [-99.18903, 18.68642], [-99.1886, 18.68679]]]}}, {"id": "1357443", "type": "Feature", "properties": {"id": "1357443", "CVEGEO": "1702400130188046", "POBTOT": 16.0, "score_nse": 0.0, "NSE": "ND", "VIVTOT": 9.0, "GRAPROES": 8.82, "_ent": "17", "_mun": "024", "_loc": "0013"}, "geometry": {"type": "Polygon", "coordinates": [[[-99.18888, 18.68707], [-99.18864, 18.68684], [-99.18911, 18.68644], [-99.18959, 18.68671], [-99.18914, 18.68708], [-99.18888, 18.68707]]]}}, {"id": "1357444", "type": "Feature", "properties": {"id": "1357444", "CVEGEO": "1702400130188045", "POBTOT": 75.0, "score_nse": 0.0, "NSE": "ND", "VIVTOT": 25.0, "GRAPROES": 8.16, "_ent": "17", "_mun": "024", "_loc": "0013"}, "geometry": {"type": "Polygon", "coordinates": [[[-99.18834, 18.68609], [-99.18872, 18.68543], [-99.19004, 18.68603], [-99.18963, 18.68665], [-99.18834, 18.68609]]]}}, {"id": "1357445", "type": "Feature", "properties": {"id": "1357445", "CVEGEO": "1702400130188044", "POBTOT": 40.0, "score_nse": 0.0, "NSE": "ND", "VIVTOT": 17.0, "GRAPROES": 9.72, "_ent": "17", "_mun": "024", "_loc": "0013"}, "geometry": {"type": "Polygon", "coordinates": [[[-99.1903, 18.68571], [-99.1901, 18.68599], [-99.1888, 18.6854], [-99.18882, 18.68523], [-99.18937, 18.68526], [-99.1903, 18.68571]]]}}, {"id": "1357446", "type": "Feature", "properties": {"id": "1357446", "CVEGEO": "1702400130173046", "POBTOT": 31.0, "score_nse": 0.0, "NSE": "ND", "VIVTOT": 13.0, "GRAPROES": 8.69, "_ent": "17", "_mun": "024", "_loc": "0013"}, "geometry": {"type": "Polygon", "coordinates": [[[-99.18167, 18.67365], [-99.182, 18.67305], [-99.18269, 18.67306], [-99.18277, 18.6738], [-99.18206, 18.67373], [-99.18211, 18.67354], [-99.18202, 18.67371], [-99.18167, 18.67365]]]}}, {"id": "1357447", "type": "Feature", "properties": {"id": "1357447", "CVEGEO": "1702400130173045", "POBTOT": 43.0, "score_nse": 0.0, "NSE": "ND", "VIVTOT": 10.0, "GRAPROES": 6.48, "_ent": "17", "_mun": "024", "_loc": "0013"}, "geometry": {"type": "Polygon", "coordinates": [[[-99.18346, 18.68074], [-99.18423, 18.67938], [-99.18435, 18.67942], [-99.18354, 18.68084], [-99.18346, 18.68074]]]}}, {"id": "1357448", "type": "Feature", "properties": {"id": "1357448", "CVEGEO": "1702400130173044", "POBTOT": 25.0, "score_nse": 0.0, "NSE": "ND", "VIVTOT": 9.0, "GRAPROES": 8.28, "_ent": "17", "_mun": "024", "_loc": "0013"}, "geometry": {"type": "Polygon", "coordinates": [[[-99.18171, 18.67302], [-99.18175, 18.67252], [-99.18262, 18.67252], [-99.18268, 18.67302], [-99.18171, 18.67302]]]}}, {"id": "1357449", "type": "Feature", "properties": {"id": "1357449", "CVEGEO": "1702400130173043", "POBTOT": 30.0, "score_nse": 55.0113, "NSE": "C", "VIVTOT": 12.0, "GRAPROES": 9.88, "_ent": "17", "_mun": "024", "_loc": "0013"}, "geometry": {"type": "Polygon", "coordinates": [[[-99.18129, 18.67516], [-99.18236, 18.67507], [-99.18246, 18.67598], [-99.18216, 18.67601], [-99.18195, 18.67581], [-99.18249, 18.67654], [-99.18265, 18.67758], [-99.18157, 18.67777], [-99.182, 18.67675], [-99.18169, 18.6758], [-99.18129, 18.67516]]]}}, {"id": "1357450", "type": "Feature", "properties": {"id": "1357450", "CVEGEO": "1702400130173042", "POBTOT": 53.0, "score_nse": 55.2613, "NSE": "C", "VIVTOT": 15.0, "GRAPROES": 8.58, "_ent": "17", "_mun": "024", "_loc": "0013"}, "geometry": {"type": "Polygon", "coordinates": [[[-99.18424, 18.67934], [-99.18438, 18.67892], [-99.18419, 18.67819], [-99.18476, 18.67823], [-99.18451, 18.67906], [-99.18435, 18.67939], [-99.18424, 18.67934]]]}}, {"id": "1357451", "type": "Feature", "properties": {"id": "1357451", "CVEGEO": "1702400130173041", "POBTOT": 6.0, "score_nse": 0.0, "NSE": "ND", "VIVTOT": 3.0, "GRAPROES": 9.0, "_ent": "17", "_mun": "024", "_loc": "0013"}, "geometry": {"type": "Polygon", "coordinates": [[[-99.18337, 18.68083], [-99.1824, 18.68118], [-99.18237, 18.68115], [-99.18241, 18.68074], [-99.18337, 18.68083]]]}}, {"id": "1357452", "type": "Feature", "properties": {"id": "1357452", "CVEGEO": "1702400130173039", "POBTOT": 39.0, "score_nse": 0.0, "NSE": "ND", "VIVTOT": 13.0, "GRAPROES": 8.82, "_ent": "17", "_mun": "024", "_loc": "0013"}, "geometry": {"type": "Polygon", "coordinates": [[[-99.18255, 18.67959], [-99.18397, 18.6798], [-99.18362, 18.68018], [-99.18248, 18.68009], [-99.18255, 18.67959]]]}}, {"id": "1357453", "type": "Feature", "properties": {"id": "1357453", "CVEGEO": "1702400130173037", "POBTOT": 84.0, "score_nse": 50.3, "NSE": "C-", "VIVTOT": 25.0, "GRAPROES": 8.67, "_ent": "17", "_mun": "024", "_loc": "0013"}, "geometry": {"type": "Polygon", "coordinates": [[[-99.18416, 18.67821], [-99.18432, 18.6789], [-99.18265, 18.67868], [-99.18269, 18.67824], [-99.18316, 18.67824], [-99.1832, 18.67847], [-99.18321, 18.67824], [-99.18416, 18.67821]]]}}, {"id": "1357454", "type": "Feature", "properties": {"id": "1357454", "CVEGEO": "1702400130173032", "POBTOT": 47.0, "score_nse": 0.0, "NSE": "ND", "VIVTOT": 25.0, "GRAPROES": 9.64, "_ent": "17", "_mun": "024", "_loc": "0013"}, "geometry": {"type": "Polygon", "coordinates": [[[-99.1838, 18.68048], [-99.18507, 18.6806], [-99.18507, 18.68121], [-99.1836, 18.68086], [-99.1838, 18.68048]]]}}, {"id": "1357455", "type": "Feature", "properties": {"id": "1357455", "CVEGEO": "1702400130173031", "POBTOT": 1.0, "score_nse": 0.0, "NSE": "ND", "VIVTOT": 2.0, "GRAPROES": 0.0, "_ent": "17", "_mun": "024", "_loc": "0013"}, "geometry": {"type": "Polygon", "coordinates": [[[-99.18479, 18.67733], [-99.18481, 18.67763], [-99.1827, 18.67776], [-99.18479, 18.67733]]]}}, {"id": "1357456", "type": "Feature", "properties": {"id": "1357456", "CVEGEO": "1702400130173030", "POBTOT": 39.0, "score_nse": 45.3657, "NSE": "C-", "VIVTOT": 21.0, "GRAPROES": 8.14, "_ent": "17", "_mun": "024", "_loc": "0013"}, "geometry": {"type": "Polygon", "coordinates": [[[-99.18247, 18.67463], [-99.1828, 18.67433], [-99.18284, 18.67396], [-99.18329, 18.67404], [-99.18317, 18.67485], [-99.18247, 18.67463]]]}}, {"id": "1357457", "type": "Feature", "properties": {"id": "1357457", "CVEGEO": "1702400130173029", "POBTOT": 19.0, "score_nse": 0.0, "NSE": "ND", "VIVTOT": 6.0, "GRAPROES": 7.44, "_ent": "17", "_mun": "024", "_loc": "0013"}, "geometry": {"type": "Polygon", "coordinates": [[[-99.18173, 18.67449], [-99.18185, 18.67412], [-99.18274, 18.6743], [-99.1824, 18.67461], [-99.18173, 18.67449]]]}}, {"id": "1357458", "type": "Feature", "properties": {"id": "1357458", "CVEGEO": "1702400130173028", "POBTOT": 35.0, "score_nse": 49.2465, "NSE": "C-", "VIVTOT": 13.0, "GRAPROES": 9.23, "_ent": "17", "_mun": "024", "_loc": "0013"}, "geometry": {"type": "Polygon", "coordinates": [[[-99.1841, 18.68001], [-99.18506, 18.68009], [-99.18506, 18.68055], [-99.18385, 18.68044], [-99.1841, 18.68001]]]}}, {"id": "1357459", "type": "Feature", "properties": {"id": "1357459", "CVEGEO": "1702400130173027", "POBTOT": 69.0, "score_nse": 50.1283, "NSE": "C-", "VIVTOT": 28.0, "GRAPROES": 9.71, "_ent": "17", "_mun": "024", "_loc": "0013"}, "geometry": {"type": "Polygon", "coordinates": [[[-99.1842, 18.67996], [-99.1847, 18.67878], [-99.18488, 18.6776], [-99.18516, 18.67763], [-99.18509, 18.68003], [-99.1842, 18.67996]]]}}, {"id": "1357460", "type": "Feature", "properties": {"id": "1357460", "CVEGEO": "170240138039A019", "POBTOT": 0.0, "score_nse": 0.0, "NSE": null, "VIVTOT": 0.0, "GRAPROES": 0.0, "_ent": "17", "_mun": "024", "_loc": "0138"}, "geometry": {"type": "Polygon", "coordinates": [[[-99.1852, 18.74124], [-99.18519, 18.74132], [-99.18516, 18.74127], [-99.1852, 18.74124]]]}}, {"id": "1357461", "type": "Feature", "properties": {"id": "1357461", "CVEGEO": "1702400130173024", "POBTOT": 42.0, "score_nse": 63.1509, "NSE": "C", "VIVTOT": 11.0, "GRAPROES": 9.37, "_ent": "17", "_mun": "024", "_loc": "0013"}, "geometry": {"type": "Polygon", "coordinates": [[[-99.1825, 18.68016], [-99.18319, 18.6802], [-99.18365, 18.68024], [-99.18341, 18.68077], [-99.18245, 18.68067], [-99.1825, 18.68016]]]}}, {"id": "1357462", "type": "Feature", "properties": {"id": "1357462", "CVEGEO": "1702400130173023", "POBTOT": 207.0, "score_nse": 57.0409, "NSE": "C", "VIVTOT": 83.0, "GRAPROES": 10.02, "_ent": "17", "_mun": "024", "_loc": "0013"}, "geometry": {"type": "Polygon", "coordinates": [[[-99.18415, 18.67276], [-99.18388, 18.67272], [-99.18414, 18.67279], [-99.18404, 18.67334], [-99.18276, 18.67312], [-99.18256, 18.67052], [-99.18359, 18.67083], [-99.18351, 18.67166], [-99.183, 18.67166], [-99.18428, 18.67177], [-99.18419, 18.67252], [-99.18355, 18.67246], [-99.18343, 18.67207], [-99.18353, 18.67246], [-99.18295, 18.67242], [-99.18291, 18.6721], [-99.18289, 18.67248], [-99.18417, 18.67258], [-99.18415, 18.67276]]]}}, {"id": "1357463", "type": "Feature", "properties": {"id": "1357463", "CVEGEO": "1702400130173021", "POBTOT": 11.0, "score_nse": 0.0, "NSE": "ND", "VIVTOT": 7.0, "GRAPROES": 7.71, "_ent": "17", "_mun": "024", "_loc": "0013"}, "geometry": {"type": "Polygon", "coordinates": [[[-99.18273, 18.67815], [-99.18273, 18.6778], [-99.18315, 18.67777], [-99.18316, 18.67819], [-99.18273, 18.67815]]]}}, {"id": "1357464", "type": "Feature", "properties": {"id": "1357464", "CVEGEO": "1702400130173020", "POBTOT": 12.0, "score_nse": 64.9667, "NSE": "C", "VIVTOT": 6.0, "GRAPROES": 11.0, "_ent": "17", "_mun": "024", "_loc": "0013"}, "geometry": {"type": "Polygon", "coordinates": [[[-99.1832, 18.67777], [-99.18399, 18.67771], [-99.18413, 18.67815], [-99.18323, 18.67819], [-99.1832, 18.67777]]]}}, {"id": "1357465", "type": "Feature", "properties": {"id": "1357465", "CVEGEO": "1702400130173019", "POBTOT": 31.0, "score_nse": 0.0, "NSE": "ND", "VIVTOT": 16.0, "GRAPROES": 8.93, "_ent": "17", "_mun": "024", "_loc": "0013"}, "geometry": {"type": "Polygon", "coordinates": [[[-99.18402, 18.67771], [-99.18481, 18.67766], [-99.18476, 18.67817], [-99.18414, 18.67814], [-99.18402, 18.67771]]]}}, {"id": "1357466", "type": "Feature", "properties": {"id": "1357466", "CVEGEO": "1702400130173018", "POBTOT": 288.0, "score_nse": 0.0, "NSE": "ND", "VIVTOT": 84.0, "GRAPROES": 10.01, "_ent": "17", "_mun": "024", "_loc": "0013"}, "geometry": {"type": "Polygon", "coordinates": [[[-99.18397, 18.67414], [-99.18408, 18.6734], [-99.18442, 18.67343], [-99.1841, 18.67336], [-99.1842, 18.67275], [-99.18471, 18.67293], [-99.18422, 18.67271], [-99.18424, 18.67256], [-99.18466, 18.67254], [-99.18426, 18.67252], [-99.18434, 18.67177], [-99.18547, 18.67187], [-99.18491, 18.67315], [-99.18473, 18.67307], [-99.18491, 18.67316], [-99.18439, 18.67422], [-99.18397, 18.67414]]]}}, {"id": "1357467", "type": "Feature", "properties": {"id": "1357467", "CVEGEO": "1702400130173017", "POBTOT": 74.0, "score_nse": 45.7227, "NSE": "C-", "VIVTOT": 37.0, "GRAPROES": 9.25, "_ent": "17", "_mun": "024", "_loc": "0013"}, "geometry": {"type": "Polygon", "coordinates": [[[-99.18284, 18.67391], [-99.18278, 18.6732], [-99.18404, 18.6734], [-99.18392, 18.67412], [-99.18284, 18.67391]]]}}, {"id": "1357468", "type": "Feature", "properties": {"id": "1357468", "CVEGEO": "1702400130173016", "POBTOT": 51.0, "score_nse": 56.149, "NSE": "C", "VIVTOT": 16.0, "GRAPROES": 10.24, "_ent": "17", "_mun": "024", "_loc": "0013"}, "geometry": {"type": "Polygon", "coordinates": [[[-99.18199, 18.67377], [-99.18277, 18.67384], [-99.18277, 18.67425], [-99.18188, 18.67409], [-99.18199, 18.67377]]]}}, {"id": "1357469", "type": "Feature", "properties": {"id": "1357469", "CVEGEO": "1702400130173014", "POBTOT": 77.0, "score_nse": 0.0, "NSE": "ND", "VIVTOT": 20.0, "GRAPROES": 9.57, "_ent": "17", "_mun": "024", "_loc": "0013"}, "geometry": {"type": "Polygon", "coordinates": [[[-99.18383, 18.6765], [-99.18419, 18.67649], [-99.18436, 18.67729], [-99.18389, 18.6774], [-99.18383, 18.6765]]]}}, {"id": "1357470", "type": "Feature", "properties": {"id": "1357470", "CVEGEO": "1702400130173013", "POBTOT": 140.0, "score_nse": 0.0, "NSE": "ND", "VIVTOT": 47.0, "GRAPROES": 9.08, "_ent": "17", "_mun": "024", "_loc": "0013"}, "geometry": {"type": "Polygon", "coordinates": [[[-99.18382, 18.67591], [-99.18379, 18.67534], [-99.18443, 18.67537], [-99.18477, 18.67727], [-99.18442, 18.67729], [-99.18434, 18.67644], [-99.18383, 18.67646], [-99.18382, 18.67595], [-99.18429, 18.67593], [-99.18382, 18.67591]]]}}, {"id": "1357471", "type": "Feature", "properties": {"id": "1357471", "CVEGEO": "1702400130173011", "POBTOT": 54.0, "score_nse": 57.286, "NSE": "C", "VIVTOT": 20.0, "GRAPROES": 10.54, "_ent": "17", "_mun": "024", "_loc": "0013"}, "geometry": {"type": "Polygon", "coordinates": [[[-99.18334, 18.67405], [-99.18391, 18.67418], [-99.18371, 18.67528], [-99.18317, 18.67525], [-99.18334, 18.67405]]]}}, {"id": "1357472", "type": "Feature", "properties": {"id": "1357472", "CVEGEO": "1702400130173010", "POBTOT": 47.0, "score_nse": 41.312, "NSE": "D+", "VIVTOT": 14.0, "GRAPROES": 6.26, "_ent": "17", "_mun": "024", "_loc": "0013"}, "geometry": {"type": "Polygon", "coordinates": [[[-99.18244, 18.67515], [-99.18243, 18.67468], [-99.18316, 18.67489], [-99.18312, 18.67526], [-99.18244, 18.67515]]]}}, {"id": "1357473", "type": "Feature", "properties": {"id": "1357473", "CVEGEO": "170240080039A005", "POBTOT": 0.0, "score_nse": 0.0, "NSE": null, "VIVTOT": 0.0, "GRAPROES": 0.0, "_ent": "17", "_mun": "024", "_loc": "0080"}, "geometry": {"type": "Polygon", "coordinates": [[[-99.1357, 18.71175], [-99.13545, 18.71134], [-99.13576, 18.71113], [-99.13608, 18.71167], [-99.1357, 18.71175]]]}}, {"id": "1357474", "type": "Feature", "properties": {"id": "1357474", "CVEGEO": "170240080039A003", "POBTOT": 0.0, "score_nse": 0.0, "NSE": null, "VIVTOT": 0.0, "GRAPROES": 0.0, "_ent": "17", "_mun": "024", "_loc": "0080"}, "geometry": {"type": "Polygon", "coordinates": [[[-99.13609, 18.71088], [-99.13507, 18.70969], [-99.13542, 18.70952], [-99.1364, 18.71068], [-99.13609, 18.71088]]]}}, {"id": "1357475", "type": "Feature", "properties": {"id": "1357475", "CVEGEO": "1702400540135004", "POBTOT": 0.0, "score_nse": 0.0, "NSE": null, "VIVTOT": 0.0, "GRAPROES": 0.0, "_ent": "17", "_mun": "024", "_loc": "0054"}, "geometry": {"type": "Polygon", "coordinates": [[[-99.09139, 18.80497], [-99.09101, 18.80561], [-99.09068, 18.80555], [-99.09104, 18.80483], [-99.09139, 18.80497]]]}}, {"id": "1357476", "type": "Feature", "properties": {"id": "1357476", "CVEGEO": "1702400540135003", "POBTOT": 0.0, "score_nse": 0.0, "NSE": null, "VIVTOT": 0.0, "GRAPROES": 0.0, "_ent": "17", "_mun": "024", "_loc": "0054"}, "geometry": {"type": "Polygon", "coordinates": [[[-99.09096, 18.8041], [-99.0918, 18.80293], [-99.0931, 18.80291], [-99.09479, 18.80207], [-99.09516, 18.80251], [-99.0936, 18.8034], [-99.09239, 18.80376], [-99.09129, 18.80443], [-99.09096, 18.8041]]]}}, {"id": "1357477", "type": "Feature", "properties": {"id": "1357477", "CVEGEO": "170240081039A013", "POBTOT": 0.0, "score_nse": 0.0, "NSE": null, "VIVTOT": 0.0, "GRAPROES": 0.0, "_ent": "17", "_mun": "024", "_loc": "0081"}, "geometry": {"type": "Polygon", "coordinates": [[[-99.11392, 18.70639], [-99.1139, 18.70468], [-99.11371, 18.70395], [-99.11536, 18.70327], [-99.11544, 18.70409], [-99.11414, 18.70436], [-99.11546, 18.70417], [-99.11565, 18.70596], [-99.11392, 18.70639]]]}}, {"id": "1357478", "type": "Feature", "properties": {"id": "1357478", "CVEGEO": "1702400540135001", "POBTOT": 0.0, "score_nse": 0.0, "NSE": null, "VIVTOT": 0.0, "GRAPROES": 0.0, "_ent": "17", "_mun": "024", "_loc": "0054"}, "geometry": {"type": "Polygon", "coordinates": [[[-99.09088, 18.80579], [-99.09063, 18.80567], [-99.09065, 18.80563], [-99.09088, 18.80579]]]}}, {"id": "1357479", "type": "Feature", "properties": {"id": "1357479", "CVEGEO": "170240042039A023", "POBTOT": 0.0, "score_nse": 0.0, "NSE": null, "VIVTOT": 0.0, "GRAPROES": 0.0, "_ent": "17", "_mun": "024", "_loc": "0042"}, "geometry": {"type": "Polygon", "coordinates": [[[-99.13209, 18.67804], [-99.13189, 18.67724], [-99.13189, 18.67723], [-99.13211, 18.67722], [-99.13272, 18.67769], [-99.13267, 18.67792], [-99.13209, 18.67804]]]}}, {"id": "1357480", "type": "Feature", "properties": {"id": "1357480", "CVEGEO": "170240042039A022", "POBTOT": 0.0, "score_nse": 0.0, "NSE": null, "VIVTOT": 0.0, "GRAPROES": 0.0, "_ent": "17", "_mun": "024", "_loc": "0042"}, "geometry": {"type": "Polygon", "coordinates": [[[-99.13078, 18.67733], [-99.12965, 18.67799], [-99.12912, 18.67868], [-99.12861, 18.6788], [-99.12894, 18.67816], [-99.13019, 18.6772], [-99.13063, 18.67699], [-99.13078, 18.67733]]]}}, {"id": "1357481", "type": "Feature", "properties": {"id": "1357481", "CVEGEO": "170240042039A021", "POBTOT": 0.0, "score_nse": 0.0, "NSE": null, "VIVTOT": 0.0, "GRAPROES": 0.0, "_ent": "17", "_mun": "024", "_loc": "0042"}, "geometry": {"type": "Polygon", "coordinates": [[[-99.12953, 18.67855], [-99.1295, 18.67842], [-99.12985, 18.67834], [-99.12988, 18.67848], [-99.12953, 18.67855]]]}}, {"id": "1357482", "type": "Feature", "properties": {"id": "1357482", "CVEGEO": "170240042039A019", "POBTOT": 0.0, "score_nse": 0.0, "NSE": null, "VIVTOT": 0.0, "GRAPROES": 0.0, "_ent": "17", "_mun": "024", "_loc": "0042"}, "geometry": {"type": "Polygon", "coordinates": [[[-99.13011, 18.67843], [-99.13007, 18.6783], [-99.13042, 18.67823], [-99.13045, 18.67836], [-99.13011, 18.67843]]]}}, {"id": "1357483", "type": "Feature", "properties": {"id": "1357483", "CVEGEO": "170240042039A017", "POBTOT": 0.0, "score_nse": 0.0, "NSE": null, "VIVTOT": 0.0, "GRAPROES": 0.0, "_ent": "17", "_mun": "024", "_loc": "0042"}, "geometry": {"type": "Polygon", "coordinates": [[[-99.13094, 18.67833], [-99.1309, 18.67818], [-99.13123, 18.6781], [-99.13127, 18.67825], [-99.13094, 18.67833]]]}}, {"id": "1357484", "type": "Feature", "properties": {"id": "1357484", "CVEGEO": "170240042039A016", "POBTOT": 0.0, "score_nse": 0.0, "NSE": null, "VIVTOT": 0.0, "GRAPROES": 0.0, "_ent": "17", "_mun": "024", "_loc": "0042"}, "geometry": {"type": "Polygon", "coordinates": [[[-99.13129, 18.67817], [-99.13126, 18.67805], [-99.13162, 18.67798], [-99.13165, 18.67809], [-99.13129, 18.67817]]]}}, {"id": "1357485", "type": "Feature", "properties": {"id": "1357485", "CVEGEO": "170240042039A015", "POBTOT": 0.0, "score_nse": 0.0, "NSE": null, "VIVTOT": 0.0, "GRAPROES": 0.0, "_ent": "17", "_mun": "024", "_loc": "0042"}, "geometry": {"type": "Polygon", "coordinates": [[[-99.1317, 18.67808], [-99.13166, 18.67795], [-99.13202, 18.67789], [-99.13205, 18.67801], [-99.1317, 18.67808]]]}}, {"id": "1357486", "type": "Feature", "properties": {"id": "1357486", "CVEGEO": "170240042039A014", "POBTOT": 0.0, "score_nse": 0.0, "NSE": null, "VIVTOT": 0.0, "GRAPROES": 0.0, "_ent": "17", "_mun": "024", "_loc": "0042"}, "geometry": {"type": "Polygon", "coordinates": [[[-99.13201, 18.67785], [-99.13166, 18.67792], [-99.13162, 18.67779], [-99.13198, 18.67771], [-99.13201, 18.67785]]]}}, {"id": "1357487", "type": "Feature", "properties": {"id": "1357487", "CVEGEO": "170240042039A013", "POBTOT": 0.0, "score_nse": 0.0, "NSE": null, "VIVTOT": 0.0, "GRAPROES": 0.0, "_ent": "17", "_mun": "024", "_loc": "0042"}, "geometry": {"type": "Polygon", "coordinates": [[[-99.13162, 18.67776], [-99.13159, 18.67763], [-99.13194, 18.67755], [-99.13197, 18.67769], [-99.13162, 18.67776]]]}}, {"id": "1357488", "type": "Feature", "properties": {"id": "1357488", "CVEGEO": "170240042039A012", "POBTOT": 0.0, "score_nse": 0.0, "NSE": null, "VIVTOT": 0.0, "GRAPROES": 0.0, "_ent": "17", "_mun": "024", "_loc": "0042"}, "geometry": {"type": "Polygon", "coordinates": [[[-99.13074, 18.6776], [-99.1307, 18.67747], [-99.13106, 18.67739], [-99.13109, 18.67752], [-99.13074, 18.6776]]]}}, {"id": "1357489", "type": "Feature", "properties": {"id": "1357489", "CVEGEO": "170240042039A011", "POBTOT": 0.0, "score_nse": 0.0, "NSE": null, "VIVTOT": 0.0, "GRAPROES": 0.0, "_ent": "17", "_mun": "024", "_loc": "0042"}, "geometry": {"type": "Polygon", "coordinates": [[[-99.13003, 18.67811], [-99.12998, 18.67798], [-99.13034, 18.6779], [-99.13038, 18.67803], [-99.13003, 18.67811]]]}}, {"id": "1357490", "type": "Feature", "properties": {"id": "1357490", "CVEGEO": "170240042039A010", "POBTOT": 0.0, "score_nse": 0.0, "NSE": null, "VIVTOT": 0.0, "GRAPROES": 0.0, "_ent": "17", "_mun": "024", "_loc": "0042"}, "geometry": {"type": "Polygon", "coordinates": [[[-99.13006, 18.67828], [-99.13003, 18.67814], [-99.13038, 18.67807], [-99.13041, 18.6782], [-99.13006, 18.67828]]]}}, {"id": "1357491", "type": "Feature", "properties": {"id": "1357491", "CVEGEO": "170240042039A009", "POBTOT": 0.0, "score_nse": 0.0, "NSE": null, "VIVTOT": 0.0, "GRAPROES": 0.0, "_ent": "17", "_mun": "024", "_loc": "0042"}, "geometry": {"type": "Polygon", "coordinates": [[[-99.13045, 18.67818], [-99.13042, 18.67804], [-99.13079, 18.67797], [-99.13081, 18.6781], [-99.13045, 18.67818]]]}}, {"id": "1357492", "type": "Feature", "properties": {"id": "1357492", "CVEGEO": "170240042039A008", "POBTOT": 0.0, "score_nse": 0.0, "NSE": null, "VIVTOT": 0.0, "GRAPROES": 0.0, "_ent": "17", "_mun": "024", "_loc": "0042"}, "geometry": {"type": "Polygon", "coordinates": [[[-99.13093, 18.67812], [-99.13089, 18.67796], [-99.13117, 18.6779], [-99.13121, 18.67805], [-99.13093, 18.67812]]]}}, {"id": "1357493", "type": "Feature", "properties": {"id": "1357493", "CVEGEO": "170240042039A007", "POBTOT": 0.0, "score_nse": 0.0, "NSE": null, "VIVTOT": 0.0, "GRAPROES": 0.0, "_ent": "17", "_mun": "024", "_loc": "0042"}, "geometry": {"type": "Polygon", "coordinates": [[[-99.13126, 18.67801], [-99.13123, 18.67788], [-99.13158, 18.6778], [-99.13161, 18.67793], [-99.13126, 18.67801]]]}}, {"id": "1357494", "type": "Feature", "properties": {"id": "1357494", "CVEGEO": "170240042039A006", "POBTOT": 0.0, "score_nse": 0.0, "NSE": null, "VIVTOT": 0.0, "GRAPROES": 0.0, "_ent": "17", "_mun": "024", "_loc": "0042"}, "geometry": {"type": "Polygon", "coordinates": [[[-99.13123, 18.67784], [-99.13119, 18.67771], [-99.13154, 18.67764], [-99.13157, 18.67776], [-99.13123, 18.67784]]]}}, {"id": "1357495", "type": "Feature", "properties": {"id": "1357495", "CVEGEO": "170240042039A005", "POBTOT": 0.0, "score_nse": 0.0, "NSE": null, "VIVTOT": 0.0, "GRAPROES": 0.0, "_ent": "17", "_mun": "024", "_loc": "0042"}, "geometry": {"type": "Polygon", "coordinates": [[[-99.13118, 18.67767], [-99.13116, 18.67756], [-99.1315, 18.67747], [-99.13153, 18.6776], [-99.13118, 18.67767]]]}}, {"id": "1357496", "type": "Feature", "properties": {"id": "1357496", "CVEGEO": "170240042039A004", "POBTOT": 0.0, "score_nse": 0.0, "NSE": null, "VIVTOT": 0.0, "GRAPROES": 0.0, "_ent": "17", "_mun": "024", "_loc": "0042"}, "geometry": {"type": "Polygon", "coordinates": [[[-99.13077, 18.67776], [-99.13075, 18.67762], [-99.13109, 18.67755], [-99.13113, 18.67769], [-99.13077, 18.67776]]]}}, {"id": "1357497", "type": "Feature", "properties": {"id": "1357497", "CVEGEO": "170240042039A003", "POBTOT": 0.0, "score_nse": 0.0, "NSE": null, "VIVTOT": 0.0, "GRAPROES": 0.0, "_ent": "17", "_mun": "024", "_loc": "0042"}, "geometry": {"type": "Polygon", "coordinates": [[[-99.13038, 18.67785], [-99.13036, 18.67772], [-99.13071, 18.67766], [-99.13073, 18.67777], [-99.13038, 18.67785]]]}}, {"id": "1357498", "type": "Feature", "properties": {"id": "1357498", "CVEGEO": "170240042039A002", "POBTOT": 0.0, "score_nse": 0.0, "NSE": null, "VIVTOT": 0.0, "GRAPROES": 0.0, "_ent": "17", "_mun": "024", "_loc": "0042"}, "geometry": {"type": "Polygon", "coordinates": [[[-99.13041, 18.67802], [-99.13038, 18.67789], [-99.13074, 18.67781], [-99.13077, 18.67794], [-99.13041, 18.67802]]]}}, {"id": "1357499", "type": "Feature", "properties": {"id": "1357499", "CVEGEO": "170240031039A001", "POBTOT": 0.0, "score_nse": 0.0, "NSE": null, "VIVTOT": 0.0, "GRAPROES": 0.0, "_ent": "17", "_mun": "024", "_loc": "0031"}, "geometry": {"type": "Polygon", "coordinates": [[[-99.15422, 18.70537], [-99.15462, 18.70556], [-99.15471, 18.70577], [-99.15415, 18.70563], [-99.15422, 18.70537]]]}}, {"id": "1357500", "type": "Feature", "properties": {"id": "1357500", "CVEGEO": "170240030039A001", "POBTOT": 0.0, "score_nse": 0.0, "NSE": null, "VIVTOT": 0.0, "GRAPROES": 0.0, "_ent": "17", "_mun": "024", "_loc": "0030"}, "geometry": {"type": "Polygon", "coordinates": [[[-99.11803, 18.70505], [-99.11752, 18.7056], [-99.11777, 18.70745], [-99.11737, 18.7077], [-99.11711, 18.70543], [-99.11742, 18.70504], [-99.11803, 18.70505]]]}}, {"id": "1357501", "type": "Feature", "properties": {"id": "1357501", "CVEGEO": "1702400160154071", "POBTOT": 0.0, "score_nse": 0.0, "NSE": null, "VIVTOT": 0.0, "GRAPROES": 0.0, "_ent": "17", "_mun": "024", "_loc": "0016"}, "geometry": {"type": "Polygon", "coordinates": [[[-99.00787, 18.63785], [-99.00814, 18.63679], [-99.00814, 18.63789], [-99.00787, 18.63785]]]}}, {"id": "1357502", "type": "Feature", "properties": {"id": "1357502", "CVEGEO": "1702400160154056", "POBTOT": 0.0, "score_nse": 0.0, "NSE": null, "VIVTOT": 0.0, "GRAPROES": 0.0, "_ent": "17", "_mun": "024", "_loc": "0016"}, "geometry": {"type": "Polygon", "coordinates": [[[-99.0081, 18.63674], [-99.00782, 18.63781], [-99.00701, 18.6376], [-99.00709, 18.63724], [-99.00695, 18.63756], [-99.00622, 18.63742], [-99.00638, 18.63714], [-99.00734, 18.63674], [-99.008, 18.63668], [-99.0081, 18.63674]]]}}, {"id": "1357503", "type": "Feature", "properties": {"id": "1357503", "CVEGEO": "1702400160154070", "POBTOT": 0.0, "score_nse": 0.0, "NSE": null, "VIVTOT": 0.0, "GRAPROES": 0.0, "_ent": "17", "_mun": "024", "_loc": "0016"}, "geometry": {"type": "Polygon", "coordinates": [[[-99.00235, 18.63814], [-99.0029, 18.63817], [-99.00311, 18.63847], [-99.00292, 18.63915], [-99.00219, 18.63907], [-99.00235, 18.63814]]]}}, {"id": "1357504", "type": "Feature", "properties": {"id": "1357504", "CVEGEO": "1702400160154069", "POBTOT": 0.0, "score_nse": 0.0, "NSE": null, "VIVTOT": 0.0, "GRAPROES": 0.0, "_ent": "17", "_mun": "024", "_loc": "0016"}, "geometry": {"type": "Polygon", "coordinates": [[[-99.00422, 18.65187], [-99.00442, 18.64674], [-99.00488, 18.64674], [-99.0044, 18.65188], [-99.00422, 18.65187]]]}}, {"id": "1357505", "type": "Feature", "properties": {"id": "1357505", "CVEGEO": "170240042039A020", "POBTOT": 0.0, "score_nse": 0.0, "NSE": null, "VIVTOT": 0.0, "GRAPROES": 0.0, "_ent": "17", "_mun": "024", "_loc": "0042"}, "geometry": {"type": "Polygon", "coordinates": [[[-99.12992, 18.67846], [-99.12985, 18.67813], [-99.12997, 18.6781], [-99.13005, 18.67844], [-99.12992, 18.67846]]]}}, {"id": "1357506", "type": "Feature", "properties": {"id": "1357506", "CVEGEO": "1702400160154066", "POBTOT": 0.0, "score_nse": 0.0, "NSE": null, "VIVTOT": 0.0, "GRAPROES": 0.0, "_ent": "17", "_mun": "024", "_loc": "0016"}, "geometry": {"type": "Polygon", "coordinates": [[[-99.00678, 18.6428], [-99.00707, 18.64209], [-99.00743, 18.6422], [-99.00719, 18.64292], [-99.00678, 18.6428]]]}}, {"id": "1357507", "type": "Feature", "properties": {"id": "1357507", "CVEGEO": "1702400160154065", "POBTOT": 0.0, "score_nse": 0.0, "NSE": null, "VIVTOT": 0.0, "GRAPROES": 0.0, "_ent": "17", "_mun": "024", "_loc": "0016"}, "geometry": {"type": "Polygon", "coordinates": [[[-99.00949, 18.63807], [-99.00969, 18.63704], [-99.01056, 18.63665], [-99.01092, 18.63689], [-99.01096, 18.63717], [-99.01022, 18.63798], [-99.00949, 18.63807]]]}}, {"id": "1357508", "type": "Feature", "properties": {"id": "1357508", "CVEGEO": "1702400160154062", "POBTOT": 0.0, "score_nse": 0.0, "NSE": null, "VIVTOT": 0.0, "GRAPROES": 0.0, "_ent": "17", "_mun": "024", "_loc": "0016"}, "geometry": {"type": "Polygon", "coordinates": [[[-99.00233, 18.64506], [-99.00253, 18.64426], [-99.00323, 18.64446], [-99.00302, 18.64527], [-99.00233, 18.64506]]]}}, {"id": "1357509", "type": "Feature", "properties": {"id": "1357509", "CVEGEO": "1702400160154061", "POBTOT": 0.0, "score_nse": 0.0, "NSE": null, "VIVTOT": 0.0, "GRAPROES": 0.0, "_ent": "17", "_mun": "024", "_loc": "0016"}, "geometry": {"type": "Polygon", "coordinates": [[[-99.00308, 18.6452], [-99.0033, 18.64448], [-99.00443, 18.64478], [-99.00439, 18.64561], [-99.00308, 18.6452]]]}}, {"id": "1357510", "type": "Feature", "properties": {"id": "1357510", "CVEGEO": "1702400160154060", "POBTOT": 0.0, "score_nse": 0.0, "NSE": null, "VIVTOT": 0.0, "GRAPROES": 0.0, "_ent": "17", "_mun": "024", "_loc": "0016"}, "geometry": {"type": "Polygon", "coordinates": [[[-99.0045, 18.64479], [-99.00492, 18.64491], [-99.00472, 18.64569], [-99.00447, 18.64564], [-99.0045, 18.64479]]]}}, {"id": "1357511", "type": "Feature", "properties": {"id": "1357511", "CVEGEO": "1702400160154055", "POBTOT": 0.0, "score_nse": 0.0, "NSE": null, "VIVTOT": 0.0, "GRAPROES": 0.0, "_ent": "17", "_mun": "024", "_loc": "0016"}, "geometry": {"type": "Polygon", "coordinates": [[[-99.00175, 18.64397], [-99.00196, 18.64326], [-99.00266, 18.64344], [-99.00248, 18.64417], [-99.00175, 18.64397]]]}}, {"id": "1357512", "type": "Feature", "properties": {"id": "1357512", "CVEGEO": "1702400160154054", "POBTOT": 0.0, "score_nse": 0.0, "NSE": null, "VIVTOT": 0.0, "GRAPROES": 0.0, "_ent": "17", "_mun": "024", "_loc": "0016"}, "geometry": {"type": "Polygon", "coordinates": [[[-99.00272, 18.64344], [-99.00346, 18.64366], [-99.00324, 18.64443], [-99.00252, 18.6442], [-99.00272, 18.64344]]]}}, {"id": "1357513", "type": "Feature", "properties": {"id": "1357513", "CVEGEO": "1702400160154053", "POBTOT": 0.0, "score_nse": 0.0, "NSE": null, "VIVTOT": 0.0, "GRAPROES": 0.0, "_ent": "17", "_mun": "024", "_loc": "0016"}, "geometry": {"type": "Polygon", "coordinates": [[[-99.00351, 18.64366], [-99.00432, 18.64389], [-99.00412, 18.64464], [-99.00331, 18.64443], [-99.00351, 18.64366]]]}}, {"id": "1357514", "type": "Feature", "properties": {"id": "1357514", "CVEGEO": "1702400160154051", "POBTOT": 0.0, "score_nse": 0.0, "NSE": null, "VIVTOT": 0.0, "GRAPROES": 0.0, "_ent": "17", "_mun": "024", "_loc": "0016"}, "geometry": {"type": "Polygon", "coordinates": [[[-99.00457, 18.64394], [-99.00515, 18.64409], [-99.00494, 18.64484], [-99.00451, 18.64473], [-99.00457, 18.64394]]]}}, {"id": "1357515", "type": "Feature", "properties": {"id": "1357515", "CVEGEO": "1702400160154049", "POBTOT": 0.0, "score_nse": 0.0, "NSE": null, "VIVTOT": 0.0, "GRAPROES": 0.0, "_ent": "17", "_mun": "024", "_loc": "0016"}, "geometry": {"type": "Polygon", "coordinates": [[[-99.00567, 18.64423], [-99.00577, 18.64509], [-99.00499, 18.64486], [-99.00522, 18.6441], [-99.00567, 18.64423]]]}}, {"id": "1357516", "type": "Feature", "properties": {"id": "1357516", "CVEGEO": "1702400160154048", "POBTOT": 0.0, "score_nse": 0.0, "NSE": null, "VIVTOT": 0.0, "GRAPROES": 0.0, "_ent": "17", "_mun": "024", "_loc": "0016"}, "geometry": {"type": "Polygon", "coordinates": [[[-99.00755, 18.64197], [-99.00842, 18.6388], [-99.00898, 18.63873], [-99.00993, 18.63899], [-99.01007, 18.63933], [-99.0099, 18.64002], [-99.00925, 18.63991], [-99.00989, 18.64007], [-99.00978, 18.64049], [-99.00892, 18.64033], [-99.00977, 18.64053], [-99.00948, 18.64181], [-99.0087, 18.64212], [-99.00773, 18.64216], [-99.00755, 18.64197]]]}}, {"id": "1357517", "type": "Feature", "properties": {"id": "1357517", "CVEGEO": "1702400160154047", "POBTOT": 0.0, "score_nse": 0.0, "NSE": null, "VIVTOT": 0.0, "GRAPROES": 0.0, "_ent": "17", "_mun": "024", "_loc": "0016"}, "geometry": {"type": "Polygon", "coordinates": [[[-99.009, 18.6387], [-99.00869, 18.63869], [-99.00882, 18.63841], [-99.00911, 18.63847], [-99.009, 18.6387]]]}}, {"id": "1357518", "type": "Feature", "properties": {"id": "1357518", "CVEGEO": "1702400160154046", "POBTOT": 0.0, "score_nse": 0.0, "NSE": null, "VIVTOT": 0.0, "GRAPROES": 0.0, "_ent": "17", "_mun": "024", "_loc": "0016"}, "geometry": {"type": "Polygon", "coordinates": [[[-99.00787, 18.63788], [-99.00867, 18.63822], [-99.00872, 18.63845], [-99.00826, 18.63873], [-99.00766, 18.63864], [-99.00787, 18.63788]]]}}, {"id": "1357519", "type": "Feature", "properties": {"id": "1357519", "CVEGEO": "1702400160154045", "POBTOT": 0.0, "score_nse": 0.0, "NSE": null, "VIVTOT": 0.0, "GRAPROES": 0.0, "_ent": "17", "_mun": "024", "_loc": "0016"}, "geometry": {"type": "Polygon", "coordinates": [[[-99.00702, 18.63765], [-99.0078, 18.63787], [-99.00758, 18.63862], [-99.00681, 18.63841], [-99.00702, 18.63765]]]}}, {"id": "1357520", "type": "Feature", "properties": {"id": "1357520", "CVEGEO": "1702400160154044", "POBTOT": 0.0, "score_nse": 0.0, "NSE": null, "VIVTOT": 0.0, "GRAPROES": 0.0, "_ent": "17", "_mun": "024", "_loc": "0016"}, "geometry": {"type": "Polygon", "coordinates": [[[-99.00599, 18.63815], [-99.0062, 18.63748], [-99.00693, 18.63765], [-99.00674, 18.6384], [-99.00599, 18.63815]]]}}, {"id": "1357521", "type": "Feature", "properties": {"id": "1357521", "CVEGEO": "1702400160154043", "POBTOT": 0.0, "score_nse": 0.0, "NSE": null, "VIVTOT": 0.0, "GRAPROES": 0.0, "_ent": "17", "_mun": "024", "_loc": "0016"}, "geometry": {"type": "Polygon", "coordinates": [[[-99.001, 18.64372], [-99.00032, 18.64372], [-99.00029, 18.6435], [-99.00087, 18.64308], [-99.00139, 18.64234], [-99.00284, 18.64265], [-99.00267, 18.64338], [-99.00192, 18.64322], [-99.00184, 18.64309], [-99.00167, 18.64394], [-99.001, 18.64372]]]}}, {"id": "1357522", "type": "Feature", "properties": {"id": "1357522", "CVEGEO": "1702400160154042", "POBTOT": 0.0, "score_nse": 0.0, "NSE": null, "VIVTOT": 0.0, "GRAPROES": 0.0, "_ent": "17", "_mun": "024", "_loc": "0016"}, "geometry": {"type": "Polygon", "coordinates": [[[-99.00273, 18.64339], [-99.00291, 18.64265], [-99.00367, 18.64287], [-99.00347, 18.64362], [-99.00273, 18.64339]]]}}, {"id": "1357523", "type": "Feature", "properties": {"id": "1357523", "CVEGEO": "1702400160154041", "POBTOT": 0.0, "score_nse": 0.0, "NSE": null, "VIVTOT": 0.0, "GRAPROES": 0.0, "_ent": "17", "_mun": "024", "_loc": "0016"}, "geometry": {"type": "Polygon", "coordinates": [[[-99.00377, 18.64288], [-99.00455, 18.64309], [-99.00433, 18.64384], [-99.00355, 18.64361], [-99.00377, 18.64288]]]}}, {"id": "1357524", "type": "Feature", "properties": {"id": "1357524", "CVEGEO": "1702400160154040", "POBTOT": 0.0, "score_nse": 0.0, "NSE": null, "VIVTOT": 0.0, "GRAPROES": 0.0, "_ent": "17", "_mun": "024", "_loc": "0016"}, "geometry": {"type": "Polygon", "coordinates": [[[-99.0046, 18.64309], [-99.00537, 18.6433], [-99.00515, 18.64403], [-99.00454, 18.64388], [-99.0046, 18.64309]]]}}, {"id": "1357525", "type": "Feature", "properties": {"id": "1357525", "CVEGEO": "1702400160154034", "POBTOT": 0.0, "score_nse": 0.0, "NSE": null, "VIVTOT": 0.0, "GRAPROES": 0.0, "_ent": "17", "_mun": "024", "_loc": "0016"}, "geometry": {"type": "Polygon", "coordinates": [[[-99.00719, 18.64025], [-99.00741, 18.63951], [-99.00811, 18.63964], [-99.00791, 18.6404], [-99.00719, 18.64025]]]}}, {"id": "1357526", "type": "Feature", "properties": {"id": "1357526", "CVEGEO": "1702400160154033", "POBTOT": 0.0, "score_nse": 0.0, "NSE": null, "VIVTOT": 0.0, "GRAPROES": 0.0, "_ent": "17", "_mun": "024", "_loc": "0016"}, "geometry": {"type": "Polygon", "coordinates": [[[-99.00764, 18.6387], [-99.00828, 18.63886], [-99.00812, 18.63956], [-99.00743, 18.63942], [-99.00764, 18.6387]]]}}, {"id": "1357527", "type": "Feature", "properties": {"id": "1357527", "CVEGEO": "1702400160154032", "POBTOT": 0.0, "score_nse": 0.0, "NSE": null, "VIVTOT": 0.0, "GRAPROES": 0.0, "_ent": "17", "_mun": "024", "_loc": "0016"}, "geometry": {"type": "Polygon", "coordinates": [[[-99.00679, 18.63848], [-99.00757, 18.63868], [-99.00737, 18.6394], [-99.00659, 18.63922], [-99.00679, 18.63848]]]}}, {"id": "1357528", "type": "Feature", "properties": {"id": "1357528", "CVEGEO": "1702400160154031", "POBTOT": 0.0, "score_nse": 0.0, "NSE": null, "VIVTOT": 0.0, "GRAPROES": 0.0, "_ent": "17", "_mun": "024", "_loc": "0016"}, "geometry": {"type": "Polygon", "coordinates": [[[-99.00592, 18.63832], [-99.00672, 18.63846], [-99.00652, 18.6392], [-99.00574, 18.63901], [-99.00592, 18.63832]]]}}, {"id": "1357529", "type": "Feature", "properties": {"id": "1357529", "CVEGEO": "1702400160154027", "POBTOT": 0.0, "score_nse": 0.0, "NSE": null, "VIVTOT": 0.0, "GRAPROES": 0.0, "_ent": "17", "_mun": "024", "_loc": "0016"}, "geometry": {"type": "Polygon", "coordinates": [[[-99.00157, 18.63911], [-99.00147, 18.63951], [-99.0013, 18.63957], [-99.00098, 18.63885], [-99.00101, 18.63854], [-99.00231, 18.63814], [-99.00214, 18.63906], [-99.00157, 18.63911]]]}}, {"id": "1357530", "type": "Feature", "properties": {"id": "1357530", "CVEGEO": "170240031039A002", "POBTOT": 0.0, "score_nse": 0.0, "NSE": null, "VIVTOT": 0.0, "GRAPROES": 0.0, "_ent": "17", "_mun": "024", "_loc": "0031"}, "geometry": {"type": "Polygon", "coordinates": [[[-99.15412, 18.70562], [-99.15308, 18.70536], [-99.15317, 18.70506], [-99.15419, 18.70536], [-99.15412, 18.70562]]]}}, {"id": "1357531", "type": "Feature", "properties": {"id": "1357531", "CVEGEO": "1702400160154023", "POBTOT": 0.0, "score_nse": 0.0, "NSE": null, "VIVTOT": 0.0, "GRAPROES": 0.0, "_ent": "17", "_mun": "024", "_loc": "0016"}, "geometry": {"type": "Polygon", "coordinates": [[[-99.00287, 18.6426], [-99.00213, 18.64241], [-99.00231, 18.64164], [-99.00308, 18.64184], [-99.00287, 18.6426]]]}}, {"id": "1357532", "type": "Feature", "properties": {"id": "1357532", "CVEGEO": "1702400160154022", "POBTOT": 0.0, "score_nse": 0.0, "NSE": null, "VIVTOT": 0.0, "GRAPROES": 0.0, "_ent": "17", "_mun": "024", "_loc": "0016"}, "geometry": {"type": "Polygon", "coordinates": [[[-99.00294, 18.64261], [-99.00313, 18.64185], [-99.00391, 18.64207], [-99.0037, 18.64281], [-99.00294, 18.64261]]]}}, {"id": "1357533", "type": "Feature", "properties": {"id": "1357533", "CVEGEO": "1702400160154021", "POBTOT": 0.0, "score_nse": 0.0, "NSE": null, "VIVTOT": 0.0, "GRAPROES": 0.0, "_ent": "17", "_mun": "024", "_loc": "0016"}, "geometry": {"type": "Polygon", "coordinates": [[[-99.00376, 18.64281], [-99.00398, 18.64208], [-99.00475, 18.64228], [-99.00455, 18.64302], [-99.00376, 18.64281]]]}}, {"id": "1357534", "type": "Feature", "properties": {"id": "1357534", "CVEGEO": "1702400160154020", "POBTOT": 0.0, "score_nse": 0.0, "NSE": null, "VIVTOT": 0.0, "GRAPROES": 0.0, "_ent": "17", "_mun": "024", "_loc": "0016"}, "geometry": {"type": "Polygon", "coordinates": [[[-99.00461, 18.64305], [-99.00482, 18.64228], [-99.0056, 18.64247], [-99.00539, 18.64325], [-99.00461, 18.64305]]]}}, {"id": "1357535", "type": "Feature", "properties": {"id": "1357535", "CVEGEO": "1702400160154017", "POBTOT": 0.0, "score_nse": 0.0, "NSE": null, "VIVTOT": 0.0, "GRAPROES": 0.0, "_ent": "17", "_mun": "024", "_loc": "0016"}, "geometry": {"type": "Polygon", "coordinates": [[[-99.00657, 18.63927], [-99.00733, 18.63948], [-99.00714, 18.64022], [-99.00635, 18.64002], [-99.00657, 18.63927]]]}}, {"id": "1357536", "type": "Feature", "properties": {"id": "1357536", "CVEGEO": "1702400160154016", "POBTOT": 0.0, "score_nse": 0.0, "NSE": null, "VIVTOT": 0.0, "GRAPROES": 0.0, "_ent": "17", "_mun": "024", "_loc": "0016"}, "geometry": {"type": "Polygon", "coordinates": [[[-99.00572, 18.63906], [-99.0065, 18.63926], [-99.00629, 18.64001], [-99.00551, 18.63981], [-99.00572, 18.63906]]]}}, {"id": "1357537", "type": "Feature", "properties": {"id": "1357537", "CVEGEO": "1702400160154015", "POBTOT": 0.0, "score_nse": 0.0, "NSE": null, "VIVTOT": 0.0, "GRAPROES": 0.0, "_ent": "17", "_mun": "024", "_loc": "0016"}, "geometry": {"type": "Polygon", "coordinates": [[[-99.00487, 18.63883], [-99.00565, 18.63903], [-99.00544, 18.63979], [-99.00466, 18.63961], [-99.00487, 18.63883]]]}}, {"id": "1357538", "type": "Feature", "properties": {"id": "1357538", "CVEGEO": "1702400160154014", "POBTOT": 0.0, "score_nse": 0.0, "NSE": null, "VIVTOT": 0.0, "GRAPROES": 0.0, "_ent": "17", "_mun": "024", "_loc": "0016"}, "geometry": {"type": "Polygon", "coordinates": [[[-99.00461, 18.63959], [-99.00381, 18.63939], [-99.00403, 18.63863], [-99.00482, 18.63882], [-99.00461, 18.63959]]]}}, {"id": "1357539", "type": "Feature", "properties": {"id": "1357539", "CVEGEO": "1702400160154013", "POBTOT": 0.0, "score_nse": 0.0, "NSE": null, "VIVTOT": 0.0, "GRAPROES": 0.0, "_ent": "17", "_mun": "024", "_loc": "0016"}, "geometry": {"type": "Polygon", "coordinates": [[[-99.00317, 18.63845], [-99.00296, 18.6382], [-99.00346, 18.6381], [-99.00397, 18.63866], [-99.00377, 18.63937], [-99.00296, 18.63916], [-99.00317, 18.63845]]]}}, {"id": "1357540", "type": "Feature", "properties": {"id": "1357540", "CVEGEO": "1702400160154011", "POBTOT": 0.0, "score_nse": 0.0, "NSE": null, "VIVTOT": 0.0, "GRAPROES": 0.0, "_ent": "17", "_mun": "024", "_loc": "0016"}, "geometry": {"type": "Polygon", "coordinates": [[[-99.00255, 18.64076], [-99.00272, 18.64001], [-99.00352, 18.64021], [-99.00331, 18.64098], [-99.00255, 18.64076]]]}}, {"id": "1357541", "type": "Feature", "properties": {"id": "1357541", "CVEGEO": "1702400160154010", "POBTOT": 0.0, "score_nse": 0.0, "NSE": null, "VIVTOT": 0.0, "GRAPROES": 0.0, "_ent": "17", "_mun": "024", "_loc": "0016"}, "geometry": {"type": "Polygon", "coordinates": [[[-99.00233, 18.64161], [-99.00253, 18.64082], [-99.0033, 18.64103], [-99.00309, 18.64179], [-99.00233, 18.64161]]]}}, {"id": "1357542", "type": "Feature", "properties": {"id": "1357542", "CVEGEO": "1702400160154008", "POBTOT": 0.0, "score_nse": 0.0, "NSE": null, "VIVTOT": 0.0, "GRAPROES": 0.0, "_ent": "17", "_mun": "024", "_loc": "0016"}, "geometry": {"type": "Polygon", "coordinates": [[[-99.0042, 18.64127], [-99.00497, 18.64146], [-99.00477, 18.64219], [-99.004, 18.642], [-99.0042, 18.64127]]]}}, {"id": "1357543", "type": "Feature", "properties": {"id": "1357543", "CVEGEO": "1702400160154007", "POBTOT": 0.0, "score_nse": 0.0, "NSE": null, "VIVTOT": 0.0, "GRAPROES": 0.0, "_ent": "17", "_mun": "024", "_loc": "0016"}, "geometry": {"type": "Polygon", "coordinates": [[[-99.00505, 18.64149], [-99.00582, 18.64167], [-99.00561, 18.64241], [-99.00484, 18.64224], [-99.00505, 18.64149]]]}}, {"id": "1357544", "type": "Feature", "properties": {"id": "1357544", "CVEGEO": "1702400160154006", "POBTOT": 0.0, "score_nse": 0.0, "NSE": null, "VIVTOT": 0.0, "GRAPROES": 0.0, "_ent": "17", "_mun": "024", "_loc": "0016"}, "geometry": {"type": "Polygon", "coordinates": [[[-99.00525, 18.64067], [-99.00605, 18.64088], [-99.00584, 18.64162], [-99.00506, 18.64143], [-99.00525, 18.64067]]]}}, {"id": "1357545", "type": "Feature", "properties": {"id": "1357545", "CVEGEO": "1702400160154005", "POBTOT": 0.0, "score_nse": 0.0, "NSE": null, "VIVTOT": 0.0, "GRAPROES": 0.0, "_ent": "17", "_mun": "024", "_loc": "0016"}, "geometry": {"type": "Polygon", "coordinates": [[[-99.0055, 18.63987], [-99.00628, 18.64006], [-99.00607, 18.64082], [-99.00528, 18.64061], [-99.0055, 18.63987]]]}}, {"id": "1357546", "type": "Feature", "properties": {"id": "1357546", "CVEGEO": "1702400160154004", "POBTOT": 0.0, "score_nse": 0.0, "NSE": null, "VIVTOT": 0.0, "GRAPROES": 0.0, "_ent": "17", "_mun": "024", "_loc": "0016"}, "geometry": {"type": "Polygon", "coordinates": [[[-99.00464, 18.63965], [-99.00543, 18.63984], [-99.00522, 18.64059], [-99.00445, 18.6404], [-99.00464, 18.63965]]]}}, {"id": "1357547", "type": "Feature", "properties": {"id": "1357547", "CVEGEO": "1702400160154003", "POBTOT": 0.0, "score_nse": 0.0, "NSE": null, "VIVTOT": 0.0, "GRAPROES": 0.0, "_ent": "17", "_mun": "024", "_loc": "0016"}, "geometry": {"type": "Polygon", "coordinates": [[[-99.00378, 18.63944], [-99.00459, 18.63963], [-99.00438, 18.64038], [-99.00358, 18.64018], [-99.00378, 18.63944]]]}}, {"id": "1357548", "type": "Feature", "properties": {"id": "1357548", "CVEGEO": "1702400160154002", "POBTOT": 0.0, "score_nse": 0.0, "NSE": null, "VIVTOT": 0.0, "GRAPROES": 0.0, "_ent": "17", "_mun": "024", "_loc": "0016"}, "geometry": {"type": "Polygon", "coordinates": [[[-99.00358, 18.64026], [-99.00437, 18.64045], [-99.00417, 18.64119], [-99.00337, 18.64099], [-99.00358, 18.64026]]]}}, {"id": "1357549", "type": "Feature", "properties": {"id": "1357549", "CVEGEO": "1702400160154001", "POBTOT": 0.0, "score_nse": 0.0, "NSE": null, "VIVTOT": 0.0, "GRAPROES": 0.0, "_ent": "17", "_mun": "024", "_loc": "0016"}, "geometry": {"type": "Polygon", "coordinates": [[[-99.00442, 18.64045], [-99.00519, 18.64066], [-99.00499, 18.64141], [-99.0042, 18.6412], [-99.00442, 18.64045]]]}}, {"id": "1357550", "type": "Feature", "properties": {"id": "1357550", "CVEGEO": "170240015039A049", "POBTOT": 0.0, "score_nse": 0.0, "NSE": null, "VIVTOT": 0.0, "GRAPROES": 0.0, "_ent": "17", "_mun": "024", "_loc": "0015"}, "geometry": {"type": "Polygon", "coordinates": [[[-99.10103, 18.69401], [-99.1015, 18.69382], [-99.1021, 18.69601], [-99.10116, 18.69451], [-99.10103, 18.69401]]]}}, {"id": "1357551", "type": "Feature", "properties": {"id": "1357551", "CVEGEO": "170240015039A048", "POBTOT": 0.0, "score_nse": 0.0, "NSE": null, "VIVTOT": 0.0, "GRAPROES": 0.0, "_ent": "17", "_mun": "024", "_loc": "0015"}, "geometry": {"type": "Polygon", "coordinates": [[[-99.10117, 18.69274], [-99.10094, 18.6929], [-99.10085, 18.69243], [-99.10116, 18.69237], [-99.10117, 18.69274]]]}}, {"id": "1357552", "type": "Feature", "properties": {"id": "1357552", "CVEGEO": "170240015039A046", "POBTOT": 0.0, "score_nse": 0.0, "NSE": null, "VIVTOT": 0.0, "GRAPROES": 0.0, "_ent": "17", "_mun": "024", "_loc": "0015"}, "geometry": {"type": "Polygon", "coordinates": [[[-99.0971, 18.6936], [-99.09684, 18.69179], [-99.0996, 18.69188], [-99.09995, 18.69208], [-99.10017, 18.69274], [-99.09974, 18.69225], [-99.09954, 18.69238], [-99.09943, 18.69218], [-99.09746, 18.69305], [-99.0973, 18.69362], [-99.0971, 18.6936]]]}}, {"id": "1357553", "type": "Feature", "properties": {"id": "1357553", "CVEGEO": "170240015039A044", "POBTOT": 0.0, "score_nse": 0.0, "NSE": null, "VIVTOT": 0.0, "GRAPROES": 0.0, "_ent": "17", "_mun": "024", "_loc": "0015"}, "geometry": {"type": "Polygon", "coordinates": [[[-99.10051, 18.69345], [-99.10021, 18.69252], [-99.1004, 18.6925], [-99.10048, 18.69285], [-99.10101, 18.69321], [-99.10121, 18.69374], [-99.101, 18.69395], [-99.10075, 18.69353], [-99.10051, 18.69345]]]}}, {"id": "1357554", "type": "Feature", "properties": {"id": "1357554", "CVEGEO": "170240015039A043", "POBTOT": 0.0, "score_nse": 0.0, "NSE": null, "VIVTOT": 0.0, "GRAPROES": 0.0, "_ent": "17", "_mun": "024", "_loc": "0015"}, "geometry": {"type": "Polygon", "coordinates": [[[-99.10037, 18.69438], [-99.09959, 18.69245], [-99.09975, 18.69234], [-99.10012, 18.69275], [-99.1008, 18.69421], [-99.10037, 18.69438]]]}}, {"id": "1357555", "type": "Feature", "properties": {"id": "1357555", "CVEGEO": "170240015039A042", "POBTOT": 0.0, "score_nse": 0.0, "NSE": null, "VIVTOT": 0.0, "GRAPROES": 0.0, "_ent": "17", "_mun": "024", "_loc": "0015"}, "geometry": {"type": "Polygon", "coordinates": [[[-99.10109, 18.69434], [-99.10078, 18.69403], [-99.10053, 18.6935], [-99.10085, 18.69378], [-99.10109, 18.69434]]]}}, {"id": "1357556", "type": "Feature", "properties": {"id": "1357556", "CVEGEO": "170240015039A041", "POBTOT": 0.0, "score_nse": 0.0, "NSE": null, "VIVTOT": 0.0, "GRAPROES": 0.0, "_ent": "17", "_mun": "024", "_loc": "0015"}, "geometry": {"type": "Polygon", "coordinates": [[[-99.10109, 18.69476], [-99.10043, 18.69493], [-99.10036, 18.69442], [-99.10082, 18.69424], [-99.10109, 18.69476]]]}}, {"id": "1357557", "type": "Feature", "properties": {"id": "1357557", "CVEGEO": "170240015039A039", "POBTOT": 0.0, "score_nse": 0.0, "NSE": null, "VIVTOT": 0.0, "GRAPROES": 0.0, "_ent": "17", "_mun": "024", "_loc": "0015"}, "geometry": {"type": "Polygon", "coordinates": [[[-99.10149, 18.69377], [-99.10093, 18.693], [-99.10124, 18.69275], [-99.10149, 18.69377]]]}}, {"id": "1357558", "type": "Feature", "properties": {"id": "1357558", "CVEGEO": "170240015039A038", "POBTOT": 0.0, "score_nse": 0.0, "NSE": null, "VIVTOT": 0.0, "GRAPROES": 0.0, "_ent": "17", "_mun": "024", "_loc": "0015"}, "geometry": {"type": "Polygon", "coordinates": [[[-99.1004, 18.69496], [-99.10119, 18.69478], [-99.10161, 18.69534], [-99.10029, 18.69571], [-99.1004, 18.69496]]]}}, {"id": "1357559", "type": "Feature", "properties": {"id": "1357559", "CVEGEO": "170240015039A037", "POBTOT": 0.0, "score_nse": 0.0, "NSE": null, "VIVTOT": 0.0, "GRAPROES": 0.0, "_ent": "17", "_mun": "024", "_loc": "0015"}, "geometry": {"type": "Polygon", "coordinates": [[[-99.10187, 18.69691], [-99.10083, 18.69685], [-99.10028, 18.69577], [-99.10163, 18.69536], [-99.10241, 18.69669], [-99.10187, 18.69691]]]}}, {"id": "1357560", "type": "Feature", "properties": {"id": "1357560", "CVEGEO": "170240015039A036", "POBTOT": 0.0, "score_nse": 0.0, "NSE": null, "VIVTOT": 0.0, "GRAPROES": 0.0, "_ent": "17", "_mun": "024", "_loc": "0015"}, "geometry": {"type": "Polygon", "coordinates": [[[-99.10243, 18.69742], [-99.10195, 18.69696], [-99.10247, 18.69675], [-99.10275, 18.69716], [-99.10243, 18.69742]]]}}, {"id": "1357561", "type": "Feature", "properties": {"id": "1357561", "CVEGEO": "170240015039A035", "POBTOT": 0.0, "score_nse": 0.0, "NSE": null, "VIVTOT": 0.0, "GRAPROES": 0.0, "_ent": "17", "_mun": "024", "_loc": "0015"}, "geometry": {"type": "Polygon", "coordinates": [[[-99.10134, 18.69762], [-99.10073, 18.69698], [-99.10074, 18.69691], [-99.1019, 18.69696], [-99.10207, 18.69715], [-99.10134, 18.69762]]]}}, {"id": "1357562", "type": "Feature", "properties": {"id": "1357562", "CVEGEO": "170240015039A034", "POBTOT": 0.0, "score_nse": 0.0, "NSE": null, "VIVTOT": 0.0, "GRAPROES": 0.0, "_ent": "17", "_mun": "024", "_loc": "0015"}, "geometry": {"type": "Polygon", "coordinates": [[[-99.10608, 18.70332], [-99.1051, 18.70304], [-99.1052, 18.70282], [-99.10607, 18.70299], [-99.10608, 18.70332]]]}}, {"id": "1357563", "type": "Feature", "properties": {"id": "1357563", "CVEGEO": "170240015039A033", "POBTOT": 0.0, "score_nse": 0.0, "NSE": null, "VIVTOT": 0.0, "GRAPROES": 0.0, "_ent": "17", "_mun": "024", "_loc": "0015"}, "geometry": {"type": "Polygon", "coordinates": [[[-99.10353, 18.69726], [-99.10314, 18.69678], [-99.10212, 18.69605], [-99.10324, 18.69643], [-99.10365, 18.69721], [-99.10353, 18.69726]]]}}, {"id": "1357564", "type": "Feature", "properties": {"id": "1357564", "CVEGEO": "170240015039A032", "POBTOT": 0.0, "score_nse": 0.0, "NSE": null, "VIVTOT": 0.0, "GRAPROES": 0.0, "_ent": "17", "_mun": "024", "_loc": "0015"}, "geometry": {"type": "Polygon", "coordinates": [[[-99.10291, 18.69773], [-99.10247, 18.69746], [-99.10277, 18.69719], [-99.10314, 18.69753], [-99.10291, 18.69773]]]}}, {"id": "1357565", "type": "Feature", "properties": {"id": "1357565", "CVEGEO": "170240015039A031", "POBTOT": 0.0, "score_nse": 0.0, "NSE": null, "VIVTOT": 0.0, "GRAPROES": 0.0, "_ent": "17", "_mun": "024", "_loc": "0015"}, "geometry": {"type": "Polygon", "coordinates": [[[-99.10231, 18.69821], [-99.10149, 18.69799], [-99.10136, 18.69767], [-99.10209, 18.69717], [-99.10287, 18.69777], [-99.10231, 18.69821]]]}}, {"id": "1357566", "type": "Feature", "properties": {"id": "1357566", "CVEGEO": "1702400130173007", "POBTOT": 20.0, "score_nse": 0.0, "NSE": "ND", "VIVTOT": 5.0, "GRAPROES": 6.38, "_ent": "17", "_mun": "024", "_loc": "0013"}, "geometry": {"type": "Polygon", "coordinates": [[[-99.18243, 18.67641], [-99.18217, 18.67604], [-99.18246, 18.67604], [-99.18243, 18.67641]]]}}, {"id": "1357567", "type": "Feature", "properties": {"id": "1357567", "CVEGEO": "1702400130173006", "POBTOT": 59.0, "score_nse": 52.2317, "NSE": "C-", "VIVTOT": 24.0, "GRAPROES": 8.06, "_ent": "17", "_mun": "024", "_loc": "0013"}, "geometry": {"type": "Polygon", "coordinates": [[[-99.18113, 18.67456], [-99.18129, 18.67411], [-99.18164, 18.67373], [-99.18194, 18.67377], [-99.18168, 18.67447], [-99.18141, 18.6745], [-99.18234, 18.67466], [-99.18235, 18.67503], [-99.18128, 18.67513], [-99.18113, 18.67456]]]}}, {"id": "1357568", "type": "Feature", "properties": {"id": "1357568", "CVEGEO": "1702400130173005", "POBTOT": 90.0, "score_nse": 54.0414, "NSE": "C-", "VIVTOT": 28.0, "GRAPROES": 7.86, "_ent": "17", "_mun": "024", "_loc": "0013"}, "geometry": {"type": "Polygon", "coordinates": [[[-99.18272, 18.6776], [-99.18255, 18.67654], [-99.18313, 18.67653], [-99.18315, 18.67752], [-99.18272, 18.6776]]]}}, {"id": "1357569", "type": "Feature", "properties": {"id": "1357569", "CVEGEO": "1702400130173004", "POBTOT": 51.0, "score_nse": 54.964, "NSE": "C-", "VIVTOT": 20.0, "GRAPROES": 9.37, "_ent": "17", "_mun": "024", "_loc": "0013"}, "geometry": {"type": "Polygon", "coordinates": [[[-99.1832, 18.67648], [-99.18321, 18.676], [-99.18375, 18.67596], [-99.18378, 18.67646], [-99.1832, 18.67648]]]}}, {"id": "1357570", "type": "Feature", "properties": {"id": "1357570", "CVEGEO": "1702400130173003", "POBTOT": 1.0, "score_nse": 0.0, "NSE": "ND", "VIVTOT": 1.0, "GRAPROES": 0.0, "_ent": "17", "_mun": "024", "_loc": "0013"}, "geometry": {"type": "Polygon", "coordinates": [[[-99.18319, 18.67531], [-99.18372, 18.67534], [-99.18375, 18.67591], [-99.18321, 18.67594], [-99.18319, 18.67531]]]}}, {"id": "1357571", "type": "Feature", "properties": {"id": "1357571", "CVEGEO": "1702400130173002", "POBTOT": 59.0, "score_nse": 57.4577, "NSE": "C", "VIVTOT": 21.0, "GRAPROES": 9.78, "_ent": "17", "_mun": "024", "_loc": "0013"}, "geometry": {"type": "Polygon", "coordinates": [[[-99.1825, 18.67598], [-99.18246, 18.67529], [-99.18312, 18.67531], [-99.18314, 18.67595], [-99.1825, 18.67598]]]}}, {"id": "1357572", "type": "Feature", "properties": {"id": "1357572", "CVEGEO": "1702400130173001", "POBTOT": 26.0, "score_nse": 0.0, "NSE": "ND", "VIVTOT": 14.0, "GRAPROES": 8.31, "_ent": "17", "_mun": "024", "_loc": "0013"}, "geometry": {"type": "Polygon", "coordinates": [[[-99.18255, 18.6765], [-99.18251, 18.67603], [-99.18315, 18.67599], [-99.18316, 18.67648], [-99.18255, 18.6765]]]}}, {"id": "1357573", "type": "Feature", "properties": {"id": "1357573", "CVEGEO": "1702400130065050", "POBTOT": 81.0, "score_nse": 0.0, "NSE": "ND", "VIVTOT": 36.0, "GRAPROES": 9.49, "_ent": "17", "_mun": "024", "_loc": "0013"}, "geometry": {"type": "Polygon", "coordinates": [[[-99.17859, 18.70682], [-99.17899, 18.70523], [-99.1794, 18.70457], [-99.17897, 18.70377], [-99.17872, 18.70362], [-99.18051, 18.70281], [-99.1811, 18.70402], [-99.18037, 18.70476], [-99.17978, 18.70504], [-99.17893, 18.70599], [-99.17926, 18.70571], [-99.17962, 18.70618], [-99.1805, 18.70604], [-99.18064, 18.70618], [-99.18066, 18.707], [-99.1799, 18.70724], [-99.18067, 18.70703], [-99.18078, 18.7074], [-99.17937, 18.70785], [-99.17859, 18.70682]]]}}, {"id": "1357574", "type": "Feature", "properties": {"id": "1357574", "CVEGEO": "1702400130065049", "POBTOT": 26.0, "score_nse": 62.6369, "NSE": "C", "VIVTOT": 9.0, "GRAPROES": 12.24, "_ent": "17", "_mun": "024", "_loc": "0013"}, "geometry": {"type": "Polygon", "coordinates": [[[-99.18046, 18.706], [-99.17965, 18.70614], [-99.17929, 18.70566], [-99.17976, 18.70511], [-99.18046, 18.706]]]}}, {"id": "1357575", "type": "Feature", "properties": {"id": "1357575", "CVEGEO": "1702400130065046", "POBTOT": 77.0, "score_nse": 63.5649, "NSE": "C", "VIVTOT": 26.0, "GRAPROES": 9.11, "_ent": "17", "_mun": "024", "_loc": "0013"}, "geometry": {"type": "Polygon", "coordinates": [[[-99.17899, 18.69764], [-99.17893, 18.69788], [-99.17844, 18.69756], [-99.1782, 18.69691], [-99.17956, 18.69751], [-99.17945, 18.6981], [-99.17903, 18.69802], [-99.17911, 18.69771], [-99.17899, 18.69764]]]}}, {"id": "1357576", "type": "Feature", "properties": {"id": "1357576", "CVEGEO": "1702400130065044", "POBTOT": 0.0, "score_nse": 0.0, "NSE": "ND", "VIVTOT": 0.0, "GRAPROES": 0.0, "_ent": "17", "_mun": "024", "_loc": "0013"}, "geometry": {"type": "Polygon", "coordinates": [[[-99.17816, 18.69867], [-99.17825, 18.69883], [-99.178, 18.69877], [-99.178, 18.69874], [-99.17816, 18.69867]]]}}, {"id": "1357577", "type": "Feature", "properties": {"id": "1357577", "CVEGEO": "1702400130065043", "POBTOT": 0.0, "score_nse": 0.0, "NSE": "ND", "VIVTOT": 0.0, "GRAPROES": 0.0, "_ent": "17", "_mun": "024", "_loc": "0013"}, "geometry": {"type": "Polygon", "coordinates": [[[-99.18402, 18.70059], [-99.1832, 18.70051], [-99.18354, 18.69943], [-99.18368, 18.6994], [-99.18402, 18.70059]]]}}, {"id": "1357578", "type": "Feature", "properties": {"id": "1357578", "CVEGEO": "1702400130065042", "POBTOT": 91.0, "score_nse": 0.0, "NSE": "ND", "VIVTOT": 34.0, "GRAPROES": 8.5, "_ent": "17", "_mun": "024", "_loc": "0013"}, "geometry": {"type": "Polygon", "coordinates": [[[-99.18122, 18.69583], [-99.18149, 18.69509], [-99.18206, 18.69528], [-99.18192, 18.69601], [-99.18122, 18.69583]]]}}, {"id": "1357579", "type": "Feature", "properties": {"id": "1357579", "CVEGEO": "1702400130065041", "POBTOT": 66.0, "score_nse": 55.0596, "NSE": "C", "VIVTOT": 29.0, "GRAPROES": 9.69, "_ent": "17", "_mun": "024", "_loc": "0013"}, "geometry": {"type": "Polygon", "coordinates": [[[-99.18043, 18.70476], [-99.18114, 18.70406], [-99.18174, 18.70487], [-99.18091, 18.70563], [-99.18063, 18.70611], [-99.1798, 18.70507], [-99.18043, 18.70476]]]}}, {"id": "1357580", "type": "Feature", "properties": {"id": "1357580", "CVEGEO": "1702400130065040", "POBTOT": 15.0, "score_nse": 0.0, "NSE": "ND", "VIVTOT": 9.0, "GRAPROES": 8.46, "_ent": "17", "_mun": "024", "_loc": "0013"}, "geometry": {"type": "Polygon", "coordinates": [[[-99.18347, 18.69636], [-99.18381, 18.69589], [-99.18404, 18.69597], [-99.18388, 18.69653], [-99.18347, 18.69636]]]}}, {"id": "1357581", "type": "Feature", "properties": {"id": "1357581", "CVEGEO": "1702400130065039", "POBTOT": 44.0, "score_nse": 50.2752, "NSE": "C-", "VIVTOT": 19.0, "GRAPROES": 9.74, "_ent": "17", "_mun": "024", "_loc": "0013"}, "geometry": {"type": "Polygon", "coordinates": [[[-99.18106, 18.70381], [-99.18173, 18.70318], [-99.18254, 18.7032], [-99.18249, 18.7039], [-99.18186, 18.70479], [-99.18106, 18.70381]]]}}, {"id": "1357582", "type": "Feature", "properties": {"id": "1357582", "CVEGEO": "1702400130065038", "POBTOT": 251.0, "score_nse": 57.705, "NSE": "C", "VIVTOT": 81.0, "GRAPROES": 9.42, "_ent": "17", "_mun": "024", "_loc": "0013"}, "geometry": {"type": "Polygon", "coordinates": [[[-99.18234, 18.70636], [-99.18345, 18.70574], [-99.18278, 18.70605], [-99.18235, 18.70632], [-99.1821, 18.7055], [-99.18231, 18.70543], [-99.18242, 18.70527], [-99.18208, 18.70546], [-99.18192, 18.70497], [-99.18249, 18.70428], [-99.18265, 18.70376], [-99.18319, 18.70349], [-99.18436, 18.70406], [-99.18405, 18.70697], [-99.18322, 18.70659], [-99.18293, 18.70612], [-99.18317, 18.70663], [-99.18248, 18.70742], [-99.18234, 18.70636]]]}}, {"id": "1357583", "type": "Feature", "properties": {"id": "1357583", "CVEGEO": "1702400130173015", "POBTOT": 51.0, "score_nse": 0.0, "NSE": "ND", "VIVTOT": 21.0, "GRAPROES": 8.47, "_ent": "17", "_mun": "024", "_loc": "0013"}, "geometry": {"type": "Polygon", "coordinates": [[[-99.1832, 18.67748], [-99.18319, 18.67652], [-99.18377, 18.6765], [-99.18384, 18.67739], [-99.1832, 18.67748]]]}}, {"id": "1357584", "type": "Feature", "properties": {"id": "1357584", "CVEGEO": "1702400130065037", "POBTOT": 206.0, "score_nse": 48.8132, "NSE": "C-", "VIVTOT": 85.0, "GRAPROES": 8.99, "_ent": "17", "_mun": "024", "_loc": "0013"}, "geometry": {"type": "Polygon", "coordinates": [[[-99.17844, 18.70145], [-99.1782, 18.70131], [-99.17812, 18.70091], [-99.17839, 18.70092], [-99.17812, 18.70088], [-99.17803, 18.70013], [-99.17842, 18.69999], [-99.17928, 18.70116], [-99.17895, 18.70135], [-99.1793, 18.70118], [-99.18023, 18.70232], [-99.17915, 18.70294], [-99.1787, 18.70216], [-99.17911, 18.70297], [-99.17884, 18.70313], [-99.18026, 18.70237], [-99.18049, 18.70279], [-99.1787, 18.70358], [-99.17789, 18.70172], [-99.1782, 18.70134], [-99.17844, 18.70145]]]}}, {"id": "1357585", "type": "Feature", "properties": {"id": "1357585", "CVEGEO": "1702400130065034", "POBTOT": 39.0, "score_nse": 0.0, "NSE": "ND", "VIVTOT": 18.0, "GRAPROES": 10.92, "_ent": "17", "_mun": "024", "_loc": "0013"}, "geometry": {"type": "Polygon", "coordinates": [[[-99.17864, 18.70016], [-99.17924, 18.70002], [-99.17943, 18.70123], [-99.17923, 18.70101], [-99.17864, 18.70016]]]}}, {"id": "1357586", "type": "Feature", "properties": {"id": "1357586", "CVEGEO": "1702400130065033", "POBTOT": 27.0, "score_nse": 64.251, "NSE": "C", "VIVTOT": 8.0, "GRAPROES": 9.96, "_ent": "17", "_mun": "024", "_loc": "0013"}, "geometry": {"type": "Polygon", "coordinates": [[[-99.18033, 18.69546], [-99.1804, 18.69425], [-99.18155, 18.69447], [-99.1813, 18.69507], [-99.18033, 18.69546]]]}}, {"id": "1357587", "type": "Feature", "properties": {"id": "1357587", "CVEGEO": "1702400130065030", "POBTOT": 38.0, "score_nse": 0.0, "NSE": "ND", "VIVTOT": 17.0, "GRAPROES": 9.56, "_ent": "17", "_mun": "024", "_loc": "0013"}, "geometry": {"type": "Polygon", "coordinates": [[[-99.17861, 18.70012], [-99.17827, 18.69964], [-99.1792, 18.69951], [-99.17923, 18.69998], [-99.17861, 18.70012]]]}}, {"id": "1357588", "type": "Feature", "properties": {"id": "1357588", "CVEGEO": "1702400130065029", "POBTOT": 228.0, "score_nse": 55.7838, "NSE": "C", "VIVTOT": 84.0, "GRAPROES": 9.81, "_ent": "17", "_mun": "024", "_loc": "0013"}, "geometry": {"type": "Polygon", "coordinates": [[[-99.18181, 18.70147], [-99.18205, 18.70164], [-99.18218, 18.70205], [-99.18091, 18.70261], [-99.18082, 18.70246], [-99.18087, 18.70263], [-99.18055, 18.70275], [-99.18034, 18.70237], [-99.1807, 18.70219], [-99.18031, 18.70234], [-99.17953, 18.70134], [-99.17983, 18.70118], [-99.1795, 18.7013], [-99.17926, 18.69947], [-99.17984, 18.69957], [-99.18006, 18.69976], [-99.17988, 18.70005], [-99.18009, 18.69978], [-99.18065, 18.70027], [-99.18027, 18.70065], [-99.18044, 18.7005], [-99.18071, 18.7008], [-99.18047, 18.70048], [-99.18068, 18.70029], [-99.1812, 18.70079], [-99.18083, 18.70101], [-99.18124, 18.70081], [-99.1819, 18.7014], [-99.18181, 18.70147]]]}}, {"id": "1357589", "type": "Feature", "properties": {"id": "1357589", "CVEGEO": "1702400130065027", "POBTOT": 112.0, "score_nse": 0.0, "NSE": "ND", "VIVTOT": 43.0, "GRAPROES": 9.69, "_ent": "17", "_mun": "024", "_loc": "0013"}, "geometry": {"type": "Polygon", "coordinates": [[[-99.18211, 18.6953], [-99.1837, 18.69583], [-99.18338, 18.69633], [-99.18197, 18.69602], [-99.18211, 18.6953]]]}}, {"id": "1357590", "type": "Feature", "properties": {"id": "1357590", "CVEGEO": "1702400130065026", "POBTOT": 40.0, "score_nse": 51.6413, "NSE": "C-", "VIVTOT": 15.0, "GRAPROES": 8.42, "_ent": "17", "_mun": "024", "_loc": "0013"}, "geometry": {"type": "Polygon", "coordinates": [[[-99.18035, 18.69559], [-99.18056, 18.69542], [-99.18139, 18.69518], [-99.18115, 18.69582], [-99.18035, 18.69559]]]}}, {"id": "1357591", "type": "Feature", "properties": {"id": "1357591", "CVEGEO": "1702400130065025", "POBTOT": 88.0, "score_nse": 0.0, "NSE": "ND", "VIVTOT": 31.0, "GRAPROES": 9.89, "_ent": "17", "_mun": "024", "_loc": "0013"}, "geometry": {"type": "Polygon", "coordinates": [[[-99.17495, 18.69713], [-99.17498, 18.69619], [-99.17549, 18.69463], [-99.17691, 18.69494], [-99.17706, 18.69434], [-99.1787, 18.69476], [-99.17857, 18.69576], [-99.17943, 18.6952], [-99.18028, 18.69522], [-99.1803, 18.69554], [-99.17938, 18.69595], [-99.17915, 18.69597], [-99.17913, 18.69565], [-99.17911, 18.69597], [-99.17869, 18.69602], [-99.17867, 18.69592], [-99.1783, 18.69639], [-99.17709, 18.69695], [-99.17495, 18.69713]]]}}, {"id": "1357592", "type": "Feature", "properties": {"id": "1357592", "CVEGEO": "1702400130065022", "POBTOT": 58.0, "score_nse": 53.7811, "NSE": "C-", "VIVTOT": 22.0, "GRAPROES": 9.83, "_ent": "17", "_mun": "024", "_loc": "0013"}, "geometry": {"type": "Polygon", "coordinates": [[[-99.17824, 18.69959], [-99.17795, 18.69881], [-99.17911, 18.69908], [-99.17921, 18.69945], [-99.17824, 18.69959]]]}}, {"id": "1357593", "type": "Feature", "properties": {"id": "1357593", "CVEGEO": "1702400130065020", "POBTOT": 28.0, "score_nse": 0.0, "NSE": "ND", "VIVTOT": 17.0, "GRAPROES": 8.25, "_ent": "17", "_mun": "024", "_loc": "0013"}, "geometry": {"type": "Polygon", "coordinates": [[[-99.18276, 18.70133], [-99.18323, 18.70054], [-99.18404, 18.70067], [-99.18454, 18.70235], [-99.18451, 18.70266], [-99.18276, 18.70133]]]}}, {"id": "1357594", "type": "Feature", "properties": {"id": "1357594", "CVEGEO": "1702400130065019", "POBTOT": 53.0, "score_nse": 48.2956, "NSE": "C-", "VIVTOT": 22.0, "GRAPROES": 8.59, "_ent": "17", "_mun": "024", "_loc": "0013"}, "geometry": {"type": "Polygon", "coordinates": [[[-99.18343, 18.69814], [-99.18364, 18.69934], [-99.18349, 18.69934], [-99.18304, 18.69784], [-99.18312, 18.6972], [-99.18371, 18.69721], [-99.18343, 18.69814]]]}}, {"id": "1357595", "type": "Feature", "properties": {"id": "1357595", "CVEGEO": "1702400130065018", "POBTOT": 8.0, "score_nse": 0.0, "NSE": "ND", "VIVTOT": 4.0, "GRAPROES": 7.8, "_ent": "17", "_mun": "024", "_loc": "0013"}, "geometry": {"type": "Polygon", "coordinates": [[[-99.18307, 18.69716], [-99.18344, 18.69641], [-99.18384, 18.69658], [-99.18365, 18.69718], [-99.18307, 18.69716]]]}}, {"id": "1357596", "type": "Feature", "properties": {"id": "1357596", "CVEGEO": "1702400130065017", "POBTOT": 73.0, "score_nse": 56.2633, "NSE": "C", "VIVTOT": 29.0, "GRAPROES": 10.05, "_ent": "17", "_mun": "024", "_loc": "0013"}, "geometry": {"type": "Polygon", "coordinates": [[[-99.18176, 18.69701], [-99.18196, 18.69607], [-99.18333, 18.69637], [-99.1829, 18.6971], [-99.18176, 18.69701]]]}}, {"id": "1357597", "type": "Feature", "properties": {"id": "1357597", "CVEGEO": "1702400130065016", "POBTOT": 71.0, "score_nse": 0.0, "NSE": "ND", "VIVTOT": 25.0, "GRAPROES": 9.75, "_ent": "17", "_mun": "024", "_loc": "0013"}, "geometry": {"type": "Polygon", "coordinates": [[[-99.18091, 18.69686], [-99.1812, 18.69587], [-99.1819, 18.69605], [-99.18171, 18.69702], [-99.18091, 18.69686]]]}}, {"id": "1357598", "type": "Feature", "properties": {"id": "1357598", "CVEGEO": "1702400130065015", "POBTOT": 94.0, "score_nse": 0.0, "NSE": "ND", "VIVTOT": 36.0, "GRAPROES": 9.69, "_ent": "17", "_mun": "024", "_loc": "0013"}, "geometry": {"type": "Polygon", "coordinates": [[[-99.17958, 18.69598], [-99.18002, 18.69592], [-99.18026, 18.69617], [-99.18015, 18.69597], [-99.17987, 18.69584], [-99.18026, 18.69564], [-99.18112, 18.69587], [-99.18085, 18.69681], [-99.17966, 18.69662], [-99.17958, 18.69598]]]}}, {"id": "1357599", "type": "Feature", "properties": {"id": "1357599", "CVEGEO": "1702400130065014", "POBTOT": 42.0, "score_nse": 53.9021, "NSE": "C-", "VIVTOT": 17.0, "GRAPROES": 9.83, "_ent": "17", "_mun": "024", "_loc": "0013"}, "geometry": {"type": "Polygon", "coordinates": [[[-99.17864, 18.69615], [-99.17952, 18.69599], [-99.17961, 18.69661], [-99.17846, 18.69632], [-99.17864, 18.69615]]]}}, {"id": "1357600", "type": "Feature", "properties": {"id": "1357600", "CVEGEO": "1702400130065013", "POBTOT": 97.0, "score_nse": 68.8032, "NSE": "C", "VIVTOT": 33.0, "GRAPROES": 10.79, "_ent": "17", "_mun": "024", "_loc": "0013"}, "geometry": {"type": "Polygon", "coordinates": [[[-99.17846, 18.69637], [-99.1796, 18.69666], [-99.17957, 18.69746], [-99.17784, 18.69664], [-99.17846, 18.69637]]]}}, {"id": "1357601", "type": "Feature", "properties": {"id": "1357601", "CVEGEO": "1702400130065011", "POBTOT": 99.0, "score_nse": 54.6866, "NSE": "C-", "VIVTOT": 39.0, "GRAPROES": 10.0, "_ent": "17", "_mun": "024", "_loc": "0013"}, "geometry": {"type": "Polygon", "coordinates": [[[-99.17893, 18.6981], [-99.17823, 18.69861], [-99.17782, 18.69867], [-99.17766, 18.69702], [-99.1778, 18.69674], [-99.17818, 18.6969], [-99.17842, 18.69758], [-99.17901, 18.69805], [-99.17837, 18.69798], [-99.17838, 18.69816], [-99.17843, 18.69804], [-99.17893, 18.6981]]]}}, {"id": "1357602", "type": "Feature", "properties": {"id": "1357602", "CVEGEO": "1702400130065010", "POBTOT": 63.0, "score_nse": 61.7806, "NSE": "C", "VIVTOT": 26.0, "GRAPROES": 10.27, "_ent": "17", "_mun": "024", "_loc": "0013"}, "geometry": {"type": "Polygon", "coordinates": [[[-99.1785, 18.69889], [-99.17832, 18.69884], [-99.17827, 18.69863], [-99.17905, 18.69806], [-99.17944, 18.69814], [-99.17915, 18.69905], [-99.17854, 18.6989], [-99.17856, 18.69877], [-99.1785, 18.69889]]]}}, {"id": "1357603", "type": "Feature", "properties": {"id": "1357603", "CVEGEO": "1702400130065035", "POBTOT": 22.0, "score_nse": 52.03, "NSE": "C-", "VIVTOT": 12.0, "GRAPROES": 8.44, "_ent": "17", "_mun": "024", "_loc": "0013"}, "geometry": {"type": "Polygon", "coordinates": [[[-99.18319, 18.70346], [-99.18447, 18.70277], [-99.18432, 18.704], [-99.18319, 18.70346]]]}}, {"id": "1357604", "type": "Feature", "properties": {"id": "1357604", "CVEGEO": "1702400130065009", "POBTOT": 150.0, "score_nse": 55.1511, "NSE": "C", "VIVTOT": 56.0, "GRAPROES": 9.16, "_ent": "17", "_mun": "024", "_loc": "0013"}, "geometry": {"type": "Polygon", "coordinates": [[[-99.1795, 18.69816], [-99.18054, 18.69831], [-99.18032, 18.69919], [-99.17992, 18.6991], [-99.18029, 18.69923], [-99.17973, 18.69921], [-99.18031, 18.69925], [-99.18011, 18.69971], [-99.17976, 18.69948], [-99.17927, 18.69942], [-99.17919, 18.69907], [-99.1795, 18.69816]]]}}, {"id": "1357605", "type": "Feature", "properties": {"id": "1357605", "CVEGEO": "1702400130065008", "POBTOT": 103.0, "score_nse": 0.0, "NSE": "ND", "VIVTOT": 38.0, "GRAPROES": 9.28, "_ent": "17", "_mun": "024", "_loc": "0013"}, "geometry": {"type": "Polygon", "coordinates": [[[-99.18017, 18.69975], [-99.1806, 18.69832], [-99.18178, 18.6988], [-99.18063, 18.70016], [-99.18017, 18.69975]]]}}, {"id": "1357606", "type": "Feature", "properties": {"id": "1357606", "CVEGEO": "1702400130065007", "POBTOT": 283.0, "score_nse": 54.213, "NSE": "C-", "VIVTOT": 113.0, "GRAPROES": 9.64, "_ent": "17", "_mun": "024", "_loc": "0013"}, "geometry": {"type": "Polygon", "coordinates": [[[-99.18218, 18.70189], [-99.18179, 18.70121], [-99.18224, 18.70047], [-99.18176, 18.70118], [-99.18127, 18.70076], [-99.18166, 18.70061], [-99.18125, 18.70073], [-99.18066, 18.70019], [-99.18108, 18.69973], [-99.18214, 18.70009], [-99.18194, 18.69998], [-99.18202, 18.69977], [-99.18191, 18.69996], [-99.18112, 18.69966], [-99.18186, 18.6988], [-99.18341, 18.6994], [-99.18323, 18.69981], [-99.183, 18.69971], [-99.18327, 18.69986], [-99.18218, 18.70189]]]}}, {"id": "1357607", "type": "Feature", "properties": {"id": "1357607", "CVEGEO": "1702400130065006", "POBTOT": 54.0, "score_nse": 46.5733, "NSE": "C-", "VIVTOT": 27.0, "GRAPROES": 9.22, "_ent": "17", "_mun": "024", "_loc": "0013"}, "geometry": {"type": "Polygon", "coordinates": [[[-99.18243, 18.69812], [-99.18284, 18.6983], [-99.18318, 18.69919], [-99.18192, 18.69873], [-99.18243, 18.69812]]]}}, {"id": "1357608", "type": "Feature", "properties": {"id": "1357608", "CVEGEO": "1702400130065005", "POBTOT": 33.0, "score_nse": 0.0, "NSE": "ND", "VIVTOT": 13.0, "GRAPROES": 9.54, "_ent": "17", "_mun": "024", "_loc": "0013"}, "geometry": {"type": "Polygon", "coordinates": [[[-99.18293, 18.69752], [-99.18293, 18.69785], [-99.18338, 18.69928], [-99.18287, 18.69826], [-99.18248, 18.69807], [-99.18293, 18.69752]]]}}, {"id": "1357609", "type": "Feature", "properties": {"id": "1357609", "CVEGEO": "1702400130065004", "POBTOT": 64.0, "score_nse": 48.1886, "NSE": "C-", "VIVTOT": 35.0, "GRAPROES": 9.49, "_ent": "17", "_mun": "024", "_loc": "0013"}, "geometry": {"type": "Polygon", "coordinates": [[[-99.1808, 18.69773], [-99.18082, 18.69744], [-99.18111, 18.69747], [-99.18082, 18.69742], [-99.18088, 18.69698], [-99.18215, 18.69709], [-99.18212, 18.69749], [-99.18218, 18.69709], [-99.18286, 18.69715], [-99.18279, 18.69759], [-99.18244, 18.69805], [-99.1808, 18.69773]]]}}, {"id": "1357610", "type": "Feature", "properties": {"id": "1357610", "CVEGEO": "1702400130065003", "POBTOT": 69.0, "score_nse": 60.305, "NSE": "C", "VIVTOT": 27.0, "GRAPROES": 9.71, "_ent": "17", "_mun": "024", "_loc": "0013"}, "geometry": {"type": "Polygon", "coordinates": [[[-99.18026, 18.69713], [-99.17969, 18.69712], [-99.17967, 18.69667], [-99.18083, 18.69687], [-99.18072, 18.69772], [-99.17963, 18.69749], [-99.1797, 18.69715], [-99.18026, 18.69713]]]}}, {"id": "1357611", "type": "Feature", "properties": {"id": "1357611", "CVEGEO": "1702400130065002", "POBTOT": 22.0, "score_nse": 51.339, "NSE": "C-", "VIVTOT": 16.0, "GRAPROES": 11.47, "_ent": "17", "_mun": "024", "_loc": "0013"}, "geometry": {"type": "Polygon", "coordinates": [[[-99.18056, 18.69824], [-99.17951, 18.69811], [-99.17962, 18.69754], [-99.1807, 18.69778], [-99.18056, 18.69824]]]}}, {"id": "1357612", "type": "Feature", "properties": {"id": "1357612", "CVEGEO": "1702400130065001", "POBTOT": 79.0, "score_nse": 63.3898, "NSE": "C", "VIVTOT": 33.0, "GRAPROES": 10.69, "_ent": "17", "_mun": "024", "_loc": "0013"}, "geometry": {"type": "Polygon", "coordinates": [[[-99.18179, 18.69824], [-99.18186, 18.69801], [-99.18237, 18.69812], [-99.18185, 18.69872], [-99.18062, 18.69824], [-99.18077, 18.69777], [-99.18184, 18.698], [-99.18179, 18.69824]]]}}, {"id": "1357613", "type": "Feature", "properties": {"id": "1357613", "CVEGEO": "1702400120099018", "POBTOT": 113.0, "score_nse": 0.0, "NSE": "ND", "VIVTOT": 64.0, "GRAPROES": 7.51, "_ent": "17", "_mun": "024", "_loc": "0012"}, "geometry": {"type": "Polygon", "coordinates": [[[-99.12388, 18.76654], [-99.12259, 18.76602], [-99.12262, 18.76563], [-99.12278, 18.76549], [-99.12257, 18.76561], [-99.1224, 18.76647], [-99.12162, 18.76621], [-99.12179, 18.76483], [-99.12216, 18.76496], [-99.12212, 18.76552], [-99.12232, 18.76426], [-99.12218, 18.76492], [-99.1218, 18.7648], [-99.12212, 18.76354], [-99.12268, 18.76392], [-99.12268, 18.76447], [-99.12273, 18.76404], [-99.12317, 18.76424], [-99.12324, 18.76467], [-99.1238, 18.76566], [-99.12388, 18.76654]]]}}, {"id": "1357614", "type": "Feature", "properties": {"id": "1357614", "CVEGEO": "1702400120493005", "POBTOT": 28.0, "score_nse": 0.0, "NSE": "ND", "VIVTOT": 8.0, "GRAPROES": 10.0, "_ent": "17", "_mun": "024", "_loc": "0012"}, "geometry": {"type": "Polygon", "coordinates": [[[-99.12748, 18.75671], [-99.12654, 18.75643], [-99.12674, 18.75612], [-99.12767, 18.75639], [-99.12748, 18.75671]]]}}, {"id": "1357615", "type": "Feature", "properties": {"id": "1357615", "CVEGEO": "1702400120493004", "POBTOT": 8.0, "score_nse": 0.0, "NSE": "ND", "VIVTOT": 8.0, "GRAPROES": 0.0, "_ent": "17", "_mun": "024", "_loc": "0012"}, "geometry": {"type": "Polygon", "coordinates": [[[-99.12835, 18.75698], [-99.12752, 18.75673], [-99.12773, 18.7564], [-99.12855, 18.75664], [-99.12835, 18.75698]]]}}, {"id": "1357616", "type": "Feature", "properties": {"id": "1357616", "CVEGEO": "1702400120493003", "POBTOT": 3.0, "score_nse": 0.0, "NSE": "ND", "VIVTOT": 4.0, "GRAPROES": 0.0, "_ent": "17", "_mun": "024", "_loc": "0012"}, "geometry": {"type": "Polygon", "coordinates": [[[-99.12786, 18.75601], [-99.12693, 18.75582], [-99.1274, 18.75497], [-99.12817, 18.75511], [-99.12786, 18.75601]]]}}, {"id": "1357617", "type": "Feature", "properties": {"id": "1357617", "CVEGEO": "1702400120493002", "POBTOT": 11.0, "score_nse": 0.0, "NSE": "ND", "VIVTOT": 7.0, "GRAPROES": 10.88, "_ent": "17", "_mun": "024", "_loc": "0012"}, "geometry": {"type": "Polygon", "coordinates": [[[-99.12784, 18.75608], [-99.12763, 18.75633], [-99.12676, 18.75608], [-99.12686, 18.75586], [-99.12784, 18.75608]]]}}, {"id": "1357618", "type": "Feature", "properties": {"id": "1357618", "CVEGEO": "1702400120493001", "POBTOT": 12.0, "score_nse": 0.0, "NSE": "ND", "VIVTOT": 6.0, "GRAPROES": 11.67, "_ent": "17", "_mun": "024", "_loc": "0012"}, "geometry": {"type": "Polygon", "coordinates": [[[-99.12848, 18.75659], [-99.12777, 18.75636], [-99.12791, 18.75607], [-99.12878, 18.75627], [-99.12848, 18.75659]]]}}, {"id": "1357619", "type": "Feature", "properties": {"id": "1357619", "CVEGEO": "1702400120489001", "POBTOT": 25.0, "score_nse": 0.0, "NSE": "ND", "VIVTOT": 11.0, "GRAPROES": 7.47, "_ent": "17", "_mun": "024", "_loc": "0012"}, "geometry": {"type": "Polygon", "coordinates": [[[-99.12658, 18.75724], [-99.12642, 18.75787], [-99.12599, 18.75773], [-99.12614, 18.75707], [-99.12658, 18.75724]]]}}, {"id": "1357620", "type": "Feature", "properties": {"id": "1357620", "CVEGEO": "1702400120474002", "POBTOT": 7.0, "score_nse": 0.0, "NSE": "ND", "VIVTOT": 3.0, "GRAPROES": 8.0, "_ent": "17", "_mun": "024", "_loc": "0012"}, "geometry": {"type": "Polygon", "coordinates": [[[-99.12496, 18.7681], [-99.12459, 18.76803], [-99.12453, 18.76753], [-99.12487, 18.76746], [-99.12496, 18.7681]]]}}, {"id": "1357621", "type": "Feature", "properties": {"id": "1357621", "CVEGEO": "1702400120351002", "POBTOT": 0.0, "score_nse": 10.0, "NSE": "E", "VIVTOT": 11.0, "GRAPROES": 0.0, "_ent": "17", "_mun": "024", "_loc": "0012"}, "geometry": {"type": "Polygon", "coordinates": [[[-99.12669, 18.75021], [-99.12681, 18.74911], [-99.12728, 18.74908], [-99.12752, 18.75131], [-99.12671, 18.75324], [-99.12581, 18.75362], [-99.12669, 18.75021]]]}}, {"id": "1357622", "type": "Feature", "properties": {"id": "1357622", "CVEGEO": "1702400120351001", "POBTOT": 4.0, "score_nse": 0.0, "NSE": "ND", "VIVTOT": 12.0, "GRAPROES": 0.0, "_ent": "17", "_mun": "024", "_loc": "0012"}, "geometry": {"type": "Polygon", "coordinates": [[[-99.12558, 18.75356], [-99.12449, 18.75329], [-99.12476, 18.75211], [-99.12618, 18.7496], [-99.12648, 18.74821], [-99.12645, 18.75022], [-99.12558, 18.75356]]]}}, {"id": "1357623", "type": "Feature", "properties": {"id": "1357623", "CVEGEO": "1702400120258009", "POBTOT": 0.0, "score_nse": 10.0, "NSE": "E", "VIVTOT": 5.0, "GRAPROES": 0.0, "_ent": "17", "_mun": "024", "_loc": "0012"}, "geometry": {"type": "Polygon", "coordinates": [[[-99.11505, 18.75632], [-99.11516, 18.75584], [-99.11597, 18.75602], [-99.11585, 18.75651], [-99.11505, 18.75632]]]}}, {"id": "1357624", "type": "Feature", "properties": {"id": "1357624", "CVEGEO": "1702400120258007", "POBTOT": 0.0, "score_nse": 10.0, "NSE": "E", "VIVTOT": 10.0, "GRAPROES": 0.0, "_ent": "17", "_mun": "024", "_loc": "0012"}, "geometry": {"type": "Polygon", "coordinates": [[[-99.11706, 18.75558], [-99.11401, 18.75485], [-99.11404, 18.75461], [-99.11327, 18.75445], [-99.11357, 18.75415], [-99.11674, 18.7547], [-99.11705, 18.7551], [-99.11706, 18.75558]]]}}, {"id": "1357625", "type": "Feature", "properties": {"id": "1357625", "CVEGEO": "1702400120258002", "POBTOT": 12.0, "score_nse": 31.5802, "NSE": "D+", "VIVTOT": 96.0, "GRAPROES": 9.58, "_ent": "17", "_mun": "024", "_loc": "0012"}, "geometry": {"type": "Polygon", "coordinates": [[[-99.11778, 18.75828], [-99.11341, 18.75719], [-99.11335, 18.75683], [-99.11295, 18.75628], [-99.11275, 18.75443], [-99.11397, 18.75465], [-99.11394, 18.75489], [-99.11714, 18.75566], [-99.11706, 18.75598], [-99.11728, 18.75696], [-99.11687, 18.7562], [-99.11393, 18.75542], [-99.11432, 18.7556], [-99.11387, 18.75597], [-99.11373, 18.75644], [-99.1146, 18.7567], [-99.11445, 18.75653], [-99.11465, 18.75628], [-99.11706, 18.75689], [-99.11713, 18.75704], [-99.11557, 18.75671], [-99.11716, 18.75711], [-99.11778, 18.75828]]]}}, {"id": "1357626", "type": "Feature", "properties": {"id": "1357626", "CVEGEO": "1702400120258001", "POBTOT": 0.0, "score_nse": 0.0, "NSE": "ND", "VIVTOT": 0.0, "GRAPROES": 0.0, "_ent": "17", "_mun": "024", "_loc": "0012"}, "geometry": {"type": "Polygon", "coordinates": [[[-99.1138, 18.75639], [-99.11391, 18.756], [-99.11437, 18.75565], [-99.11508, 18.75581], [-99.11499, 18.75627], [-99.1146, 18.7562], [-99.11436, 18.75651], [-99.1138, 18.75639]]]}}, {"id": "1357627", "type": "Feature", "properties": {"id": "1357627", "CVEGEO": "1702400120120024", "POBTOT": 0.0, "score_nse": 10.0, "NSE": "E", "VIVTOT": 4.0, "GRAPROES": 0.0, "_ent": "17", "_mun": "024", "_loc": "0012"}, "geometry": {"type": "Polygon", "coordinates": [[[-99.11703, 18.74431], [-99.11693, 18.74409], [-99.11757, 18.74281], [-99.11796, 18.74387], [-99.11779, 18.74414], [-99.11703, 18.74431]]]}}, {"id": "1357628", "type": "Feature", "properties": {"id": "1357628", "CVEGEO": "1702400120120023", "POBTOT": 2.0, "score_nse": 0.0, "NSE": "ND", "VIVTOT": 15.0, "GRAPROES": 0.0, "_ent": "17", "_mun": "024", "_loc": "0012"}, "geometry": {"type": "Polygon", "coordinates": [[[-99.12225, 18.74946], [-99.12192, 18.74816], [-99.12111, 18.74618], [-99.12224, 18.74585], [-99.12328, 18.74915], [-99.12225, 18.74946]]]}}, {"id": "1357629", "type": "Feature", "properties": {"id": "1357629", "CVEGEO": "1702400120120021", "POBTOT": 2.0, "score_nse": 0.0, "NSE": "ND", "VIVTOT": 7.0, "GRAPROES": 0.0, "_ent": "17", "_mun": "024", "_loc": "0012"}, "geometry": {"type": "Polygon", "coordinates": [[[-99.12381, 18.75314], [-99.12265, 18.75286], [-99.12269, 18.75236], [-99.12379, 18.75258], [-99.12464, 18.75109], [-99.1251, 18.75136], [-99.12419, 18.75294], [-99.12381, 18.75314]]]}}, {"id": "1357630", "type": "Feature", "properties": {"id": "1357630", "CVEGEO": "1702400120120020", "POBTOT": 31.0, "score_nse": 31.0961, "NSE": "D+", "VIVTOT": 116.0, "GRAPROES": 9.0, "_ent": "17", "_mun": "024", "_loc": "0012"}, "geometry": {"type": "Polygon", "coordinates": [[[-99.12469, 18.74207], [-99.1253, 18.74296], [-99.12575, 18.7462], [-99.12627, 18.74683], [-99.12644, 18.74795], [-99.12604, 18.74966], [-99.12516, 18.75128], [-99.12463, 18.75104], [-99.12375, 18.75252], [-99.12269, 18.75226], [-99.12262, 18.75062], [-99.1223, 18.74954], [-99.12344, 18.74919], [-99.12231, 18.74576], [-99.12107, 18.74609], [-99.12025, 18.74368], [-99.12034, 18.74344], [-99.12219, 18.74277], [-99.12117, 18.74027], [-99.11824, 18.74121], [-99.11682, 18.74409], [-99.11699, 18.74441], [-99.11656, 18.7449], [-99.11648, 18.74512], [-99.11708, 18.74441], [-99.1178, 18.7442], [-99.1181, 18.74432], [-99.11893, 18.74671], [-99.11619, 18.74772], [-99.11447, 18.75172], [-99.11447, 18.75324], [-99.11456, 18.75342], [-99.11501, 18.75359], [-99.11708, 18.75363], [-99.12061, 18.75449], [-99.12066, 18.7553], [-99.1203, 18.7554], [-99.12026, 18.75561], [-99.1208, 18.75716], [-99.1214, 18.75714], [-99.12155, 18.75806], [-99.11988, 18.75843], [-99.12001, 18.75791], [-99.12002, 18.75746], [-99.11996, 18.7579], [-99.11955, 18.75785], [-99.11954, 18.75755], [-99.11951, 18.75789], [-99.11993, 18.75795], [-99.11953, 18.75903], [-99.11818, 18.7587], [-99.11737, 18.75743], [-99.11713, 18.756], [-99.1172, 18.75536], [-99.11675, 18.75449], [-99.11674, 18.75462], [-99.11655, 18.7546], [-99.11353, 18.75409], [-99.11314, 18.75439], [-99.11277, 18.75435], [-99.11394, 18.75321], [-99.11399, 18.75215], [-99.11376, 18.75172], [-99.11453, 18.75026], [-99.11508, 18.74865], [-99.11589, 18.74715], [-99.11693, 18.74666], [-99.11673, 18.74595], [-99.1159, 18.74532], [-99.11598, 18.74453], [-99.11665, 18.74329], [-99.11687, 18.74246], [-99.1177, 18.74156], [-99.11778, 18.74092], [-99.11847, 18.74053], [-99.12372, 18.73904], [-99.12407, 18.73964], [-99.12536, 18.73973], [-99.12643, 18.7467], [-99.12582, 18.74611], [-99.12535, 18.74292], [-99.12455, 18.74163], [-99.12431, 18.74158], [-99.12428, 18.74177], [-99.12469, 18.74207]]]}}, {"id": "1357631", "type": "Feature", "properties": {"id": "1357631", "CVEGEO": "1702400120120019", "POBTOT": 3.0, "score_nse": 0.0, "NSE": "ND", "VIVTOT": 9.0, "GRAPROES": 0.0, "_ent": "17", "_mun": "024", "_loc": "0012"}, "geometry": {"type": "Polygon", "coordinates": [[[-99.1196, 18.74183], [-99.12146, 18.74123], [-99.12172, 18.74192], [-99.11985, 18.74254], [-99.1196, 18.74183]]]}}, {"id": "1357632", "type": "Feature", "properties": {"id": "1357632", "CVEGEO": "1702400120120017", "POBTOT": 5.0, "score_nse": 0.0, "NSE": "ND", "VIVTOT": 9.0, "GRAPROES": 0.0, "_ent": "17", "_mun": "024", "_loc": "0012"}, "geometry": {"type": "Polygon", "coordinates": [[[-99.11559, 18.75118], [-99.11493, 18.751], [-99.11624, 18.74779], [-99.11782, 18.74724], [-99.11702, 18.74895], [-99.11685, 18.74903], [-99.11604, 18.751], [-99.11559, 18.75118]]]}}, {"id": "1357633", "type": "Feature", "properties": {"id": "1357633", "CVEGEO": "1702400120120016", "POBTOT": 0.0, "score_nse": 10.0, "NSE": "E", "VIVTOT": 5.0, "GRAPROES": 0.0, "_ent": "17", "_mun": "024", "_loc": "0012"}, "geometry": {"type": "Polygon", "coordinates": [[[-99.12034, 18.74331], [-99.12009, 18.74315], [-99.11986, 18.74263], [-99.12177, 18.742], [-99.12203, 18.74281], [-99.12034, 18.74331]]]}}, {"id": "1357634", "type": "Feature", "properties": {"id": "1357634", "CVEGEO": "1702400120120015", "POBTOT": 0.0, "score_nse": 10.0, "NSE": "E", "VIVTOT": 8.0, "GRAPROES": 0.0, "_ent": "17", "_mun": "024", "_loc": "0012"}, "geometry": {"type": "Polygon", "coordinates": [[[-99.11831, 18.7413], [-99.11917, 18.74103], [-99.11999, 18.74325], [-99.11988, 18.74347], [-99.11913, 18.74371], [-99.11831, 18.7413]]]}}, {"id": "1357635", "type": "Feature", "properties": {"id": "1357635", "CVEGEO": "1702400120120011", "POBTOT": 0.0, "score_nse": 10.0, "NSE": "E", "VIVTOT": 8.0, "GRAPROES": 0.0, "_ent": "17", "_mun": "024", "_loc": "0012"}, "geometry": {"type": "Polygon", "coordinates": [[[-99.11708, 18.75153], [-99.11846, 18.74829], [-99.11886, 18.74976], [-99.11814, 18.75158], [-99.11806, 18.75177], [-99.11708, 18.75153]]]}}, {"id": "1357636", "type": "Feature", "properties": {"id": "1357636", "CVEGEO": "1702400120120009", "POBTOT": 0.0, "score_nse": 10.0, "NSE": "E", "VIVTOT": 4.0, "GRAPROES": 0.0, "_ent": "17", "_mun": "024", "_loc": "0012"}, "geometry": {"type": "Polygon", "coordinates": [[[-99.11966, 18.75216], [-99.11841, 18.75187], [-99.11838, 18.75181], [-99.11946, 18.75151], [-99.11966, 18.75216]]]}}, {"id": "1357637", "type": "Feature", "properties": {"id": "1357637", "CVEGEO": "1702400120120008", "POBTOT": 0.0, "score_nse": 10.0, "NSE": "E", "VIVTOT": 7.0, "GRAPROES": 0.0, "_ent": "17", "_mun": "024", "_loc": "0012"}, "geometry": {"type": "Polygon", "coordinates": [[[-99.12113, 18.75252], [-99.11979, 18.7522], [-99.11956, 18.75145], [-99.12122, 18.75101], [-99.12148, 18.75118], [-99.12113, 18.75252]]]}}, {"id": "1357638", "type": "Feature", "properties": {"id": "1357638", "CVEGEO": "1702400120120007", "POBTOT": 0.0, "score_nse": 10.0, "NSE": "E", "VIVTOT": 6.0, "GRAPROES": 0.0, "_ent": "17", "_mun": "024", "_loc": "0012"}, "geometry": {"type": "Polygon", "coordinates": [[[-99.12253, 18.75277], [-99.12124, 18.75253], [-99.1216, 18.75119], [-99.12253, 18.75277]]]}}, {"id": "1357639", "type": "Feature", "properties": {"id": "1357639", "CVEGEO": "1702400120120006", "POBTOT": 0.0, "score_nse": 10.0, "NSE": "E", "VIVTOT": 6.0, "GRAPROES": 0.0, "_ent": "17", "_mun": "024", "_loc": "0012"}, "geometry": {"type": "Polygon", "coordinates": [[[-99.12258, 18.75259], [-99.12176, 18.75114], [-99.12188, 18.75082], [-99.12253, 18.75067], [-99.12258, 18.75259]]]}}, {"id": "1357640", "type": "Feature", "properties": {"id": "1357640", "CVEGEO": "1702400120120005", "POBTOT": 0.0, "score_nse": 10.0, "NSE": "E", "VIVTOT": 18.0, "GRAPROES": 0.0, "_ent": "17", "_mun": "024", "_loc": "0012"}, "geometry": {"type": "Polygon", "coordinates": [[[-99.12185, 18.75075], [-99.12153, 18.75056], [-99.12021, 18.74676], [-99.12041, 18.74639], [-99.12102, 18.74621], [-99.12169, 18.74809], [-99.12166, 18.74836], [-99.12187, 18.74861], [-99.12254, 18.75054], [-99.12185, 18.75075]]]}}, {"id": "1357641", "type": "Feature", "properties": {"id": "1357641", "CVEGEO": "1702400120120004", "POBTOT": 0.0, "score_nse": 10.0, "NSE": "E", "VIVTOT": 9.0, "GRAPROES": 0.0, "_ent": "17", "_mun": "024", "_loc": "0012"}, "geometry": {"type": "Polygon", "coordinates": [[[-99.12037, 18.74629], [-99.11994, 18.74603], [-99.11917, 18.74382], [-99.11989, 18.74358], [-99.12015, 18.74372], [-99.12099, 18.74611], [-99.12037, 18.74629]]]}}, {"id": "1357642", "type": "Feature", "properties": {"id": "1357642", "CVEGEO": "1702400120120003", "POBTOT": 0.0, "score_nse": 10.0, "NSE": "E", "VIVTOT": 7.0, "GRAPROES": 0.0, "_ent": "17", "_mun": "024", "_loc": "0012"}, "geometry": {"type": "Polygon", "coordinates": [[[-99.11904, 18.74671], [-99.11817, 18.74429], [-99.11832, 18.74409], [-99.11904, 18.74385], [-99.11985, 18.74613], [-99.11966, 18.74653], [-99.11904, 18.74671]]]}}, {"id": "1357643", "type": "Feature", "properties": {"id": "1357643", "CVEGEO": "1702400120120002", "POBTOT": 4.0, "score_nse": 0.0, "NSE": "ND", "VIVTOT": 11.0, "GRAPROES": 0.0, "_ent": "17", "_mun": "024", "_loc": "0012"}, "geometry": {"type": "Polygon", "coordinates": [[[-99.11958, 18.75134], [-99.11817, 18.74708], [-99.11899, 18.74679], [-99.12047, 18.75111], [-99.11958, 18.75134]]]}}, {"id": "1357644", "type": "Feature", "properties": {"id": "1357644", "CVEGEO": "1702400120120001", "POBTOT": 6.0, "score_nse": 0.0, "NSE": "ND", "VIVTOT": 14.0, "GRAPROES": 0.0, "_ent": "17", "_mun": "024", "_loc": "0012"}, "geometry": {"type": "Polygon", "coordinates": [[[-99.12056, 18.75108], [-99.11908, 18.74678], [-99.1197, 18.74661], [-99.12008, 18.7468], [-99.12067, 18.74845], [-99.12058, 18.74862], [-99.12143, 18.75056], [-99.12125, 18.75089], [-99.12056, 18.75108]]]}}, {"id": "1357645", "type": "Feature", "properties": {"id": "1357645", "CVEGEO": "1702400120116042", "POBTOT": 7.0, "score_nse": 0.0, "NSE": "ND", "VIVTOT": 4.0, "GRAPROES": 0.0, "_ent": "17", "_mun": "024", "_loc": "0012"}, "geometry": {"type": "Polygon", "coordinates": [[[-99.12607, 18.75985], [-99.12556, 18.75975], [-99.12566, 18.75949], [-99.12603, 18.75948], [-99.12626, 18.75887], [-99.12625, 18.7595], [-99.12607, 18.75985]]]}}, {"id": "1357646", "type": "Feature", "properties": {"id": "1357646", "CVEGEO": "1702400120116041", "POBTOT": 18.0, "score_nse": 0.0, "NSE": "ND", "VIVTOT": 11.0, "GRAPROES": 10.17, "_ent": "17", "_mun": "024", "_loc": "0012"}, "geometry": {"type": "Polygon", "coordinates": [[[-99.12898, 18.75862], [-99.12694, 18.75797], [-99.12653, 18.75757], [-99.12663, 18.75726], [-99.12925, 18.75808], [-99.12898, 18.75862]]]}}, {"id": "1357647", "type": "Feature", "properties": {"id": "1357647", "CVEGEO": "1702400120116039", "POBTOT": 25.0, "score_nse": 0.0, "NSE": "ND", "VIVTOT": 15.0, "GRAPROES": 10.29, "_ent": "17", "_mun": "024", "_loc": "0012"}, "geometry": {"type": "Polygon", "coordinates": [[[-99.12981, 18.75811], [-99.12616, 18.75702], [-99.12627, 18.75684], [-99.13033, 18.75795], [-99.13026, 18.75816], [-99.12981, 18.75811]]]}}, {"id": "1357648", "type": "Feature", "properties": {"id": "1357648", "CVEGEO": "1702400120116038", "POBTOT": 14.0, "score_nse": 0.0, "NSE": "ND", "VIVTOT": 5.0, "GRAPROES": 9.6, "_ent": "17", "_mun": "024", "_loc": "0012"}, "geometry": {"type": "Polygon", "coordinates": [[[-99.1256, 18.7576], [-99.12565, 18.75723], [-99.12605, 18.75707], [-99.12594, 18.75772], [-99.1256, 18.7576]]]}}, {"id": "1357649", "type": "Feature", "properties": {"id": "1357649", "CVEGEO": "1702400120120018", "POBTOT": 0.0, "score_nse": 10.0, "NSE": "E", "VIVTOT": 6.0, "GRAPROES": 0.0, "_ent": "17", "_mun": "024", "_loc": "0012"}, "geometry": {"type": "Polygon", "coordinates": [[[-99.11928, 18.74098], [-99.12109, 18.7404], [-99.12143, 18.74113], [-99.11957, 18.74174], [-99.11928, 18.74098]]]}}, {"id": "1357650", "type": "Feature", "properties": {"id": "1357650", "CVEGEO": "1702400120116033", "POBTOT": 7.0, "score_nse": 0.0, "NSE": "ND", "VIVTOT": 3.0, "GRAPROES": 9.43, "_ent": "17", "_mun": "024", "_loc": "0012"}, "geometry": {"type": "Polygon", "coordinates": [[[-99.1253, 18.76264], [-99.12494, 18.76244], [-99.12559, 18.76205], [-99.12588, 18.76227], [-99.1253, 18.76264]]]}}, {"id": "1357651", "type": "Feature", "properties": {"id": "1357651", "CVEGEO": "1702400120120014", "POBTOT": 0.0, "score_nse": 10.0, "NSE": "E", "VIVTOT": 3.0, "GRAPROES": 0.0, "_ent": "17", "_mun": "024", "_loc": "0012"}, "geometry": {"type": "Polygon", "coordinates": [[[-99.11829, 18.74399], [-99.11805, 18.74383], [-99.11762, 18.74266], [-99.11821, 18.74148], [-99.11905, 18.74371], [-99.11829, 18.74399]]]}}, {"id": "1357652", "type": "Feature", "properties": {"id": "1357652", "CVEGEO": "1702400120120012", "POBTOT": 0.0, "score_nse": 10.0, "NSE": "E", "VIVTOT": 14.0, "GRAPROES": 0.0, "_ent": "17", "_mun": "024", "_loc": "0012"}, "geometry": {"type": "Polygon", "coordinates": [[[-99.11625, 18.75134], [-99.11613, 18.751], [-99.11684, 18.74952], [-99.11702, 18.74948], [-99.11711, 18.749], [-99.11808, 18.74712], [-99.11841, 18.74819], [-99.117, 18.75149], [-99.11625, 18.75134]]]}}, {"id": "1357653", "type": "Feature", "properties": {"id": "1357653", "CVEGEO": "1702400120120010", "POBTOT": 2.0, "score_nse": 0.0, "NSE": "ND", "VIVTOT": 3.0, "GRAPROES": 0.0, "_ent": "17", "_mun": "024", "_loc": "0012"}, "geometry": {"type": "Polygon", "coordinates": [[[-99.11896, 18.74988], [-99.11946, 18.7514], [-99.11824, 18.75176], [-99.11819, 18.75171], [-99.11896, 18.74988]]]}}, {"id": "1357654", "type": "Feature", "properties": {"id": "1357654", "CVEGEO": "1702400120116028", "POBTOT": 0.0, "score_nse": 10.0, "NSE": "E", "VIVTOT": 2.0, "GRAPROES": 0.0, "_ent": "17", "_mun": "024", "_loc": "0012"}, "geometry": {"type": "Polygon", "coordinates": [[[-99.12661, 18.7614], [-99.12629, 18.76124], [-99.12614, 18.76059], [-99.12725, 18.76094], [-99.12708, 18.76129], [-99.12661, 18.7614]]]}}, {"id": "1357655", "type": "Feature", "properties": {"id": "1357655", "CVEGEO": "1702400120116026", "POBTOT": 6.0, "score_nse": 0.0, "NSE": "ND", "VIVTOT": 8.0, "GRAPROES": 0.0, "_ent": "17", "_mun": "024", "_loc": "0012"}, "geometry": {"type": "Polygon", "coordinates": [[[-99.11482, 18.75343], [-99.11458, 18.75319], [-99.11458, 18.75176], [-99.11489, 18.75112], [-99.11563, 18.7513], [-99.11588, 18.75162], [-99.11537, 18.75351], [-99.11482, 18.75343]]]}}, {"id": "1357656", "type": "Feature", "properties": {"id": "1357656", "CVEGEO": "1702400120116024", "POBTOT": 5.0, "score_nse": 0.0, "NSE": "ND", "VIVTOT": 3.0, "GRAPROES": 0.0, "_ent": "17", "_mun": "024", "_loc": "0012"}, "geometry": {"type": "Polygon", "coordinates": [[[-99.12586, 18.76146], [-99.12631, 18.76132], [-99.12655, 18.76144], [-99.12577, 18.76191], [-99.12586, 18.76146]]]}}, {"id": "1357657", "type": "Feature", "properties": {"id": "1357657", "CVEGEO": "1702400120116023", "POBTOT": 0.0, "score_nse": 10.0, "NSE": "E", "VIVTOT": 5.0, "GRAPROES": 0.0, "_ent": "17", "_mun": "024", "_loc": "0012"}, "geometry": {"type": "Polygon", "coordinates": [[[-99.11648, 18.75346], [-99.11545, 18.75349], [-99.11598, 18.75158], [-99.11628, 18.75147], [-99.11696, 18.75161], [-99.11648, 18.75346]]]}}, {"id": "1357658", "type": "Feature", "properties": {"id": "1357658", "CVEGEO": "1702400120116022", "POBTOT": 28.0, "score_nse": 0.0, "NSE": "ND", "VIVTOT": 13.0, "GRAPROES": 6.0, "_ent": "17", "_mun": "024", "_loc": "0012"}, "geometry": {"type": "Polygon", "coordinates": [[[-99.12527, 18.76132], [-99.12456, 18.76114], [-99.1241, 18.76054], [-99.12495, 18.76025], [-99.12527, 18.76132]]]}}, {"id": "1357659", "type": "Feature", "properties": {"id": "1357659", "CVEGEO": "1702400120116020", "POBTOT": 0.0, "score_nse": 10.0, "NSE": "E", "VIVTOT": 5.0, "GRAPROES": 0.0, "_ent": "17", "_mun": "024", "_loc": "0012"}, "geometry": {"type": "Polygon", "coordinates": [[[-99.11752, 18.7536], [-99.11657, 18.75347], [-99.11702, 18.75163], [-99.11801, 18.75188], [-99.11752, 18.7536]]]}}, {"id": "1357660", "type": "Feature", "properties": {"id": "1357660", "CVEGEO": "1702400120116019", "POBTOT": 28.0, "score_nse": 52.016, "NSE": "C-", "VIVTOT": 14.0, "GRAPROES": 10.13, "_ent": "17", "_mun": "024", "_loc": "0012"}, "geometry": {"type": "Polygon", "coordinates": [[[-99.12389, 18.76044], [-99.12417, 18.7596], [-99.12537, 18.75997], [-99.12402, 18.76055], [-99.12389, 18.76044]]]}}, {"id": "1357661", "type": "Feature", "properties": {"id": "1357661", "CVEGEO": "1702400120116018", "POBTOT": 58.0, "score_nse": 48.8259, "NSE": "C-", "VIVTOT": 19.0, "GRAPROES": 8.56, "_ent": "17", "_mun": "024", "_loc": "0012"}, "geometry": {"type": "Polygon", "coordinates": [[[-99.12725, 18.76089], [-99.1261, 18.76052], [-99.12595, 18.76014], [-99.12557, 18.75987], [-99.12741, 18.76008], [-99.12749, 18.7604], [-99.12725, 18.76089]]]}}, {"id": "1357662", "type": "Feature", "properties": {"id": "1357662", "CVEGEO": "1702400120116017", "POBTOT": 0.0, "score_nse": 10.0, "NSE": "E", "VIVTOT": 7.0, "GRAPROES": 0.0, "_ent": "17", "_mun": "024", "_loc": "0012"}, "geometry": {"type": "Polygon", "coordinates": [[[-99.11761, 18.75363], [-99.1181, 18.7519], [-99.11904, 18.75214], [-99.11855, 18.75386], [-99.11761, 18.75363]]]}}, {"id": "1357663", "type": "Feature", "properties": {"id": "1357663", "CVEGEO": "1702400120116015", "POBTOT": 67.0, "score_nse": 49.3746, "NSE": "C-", "VIVTOT": 34.0, "GRAPROES": 10.09, "_ent": "17", "_mun": "024", "_loc": "0012"}, "geometry": {"type": "Polygon", "coordinates": [[[-99.12419, 18.75955], [-99.12471, 18.75756], [-99.12561, 18.75736], [-99.12552, 18.7576], [-99.1259, 18.75777], [-99.12593, 18.75818], [-99.12533, 18.75809], [-99.12595, 18.75823], [-99.12605, 18.7585], [-99.12522, 18.75841], [-99.12605, 18.75853], [-99.12622, 18.75884], [-99.12601, 18.75946], [-99.12565, 18.75948], [-99.12542, 18.75993], [-99.12419, 18.75955]]]}}, {"id": "1357664", "type": "Feature", "properties": {"id": "1357664", "CVEGEO": "1702400120116013", "POBTOT": 0.0, "score_nse": 10.0, "NSE": "E", "VIVTOT": 3.0, "GRAPROES": 0.0, "_ent": "17", "_mun": "024", "_loc": "0012"}, "geometry": {"type": "Polygon", "coordinates": [[[-99.11866, 18.75389], [-99.11913, 18.75212], [-99.12009, 18.75236], [-99.11962, 18.75414], [-99.11866, 18.75389]]]}}, {"id": "1357665", "type": "Feature", "properties": {"id": "1357665", "CVEGEO": "1702400120116012", "POBTOT": 0.0, "score_nse": 10.0, "NSE": "E", "VIVTOT": 10.0, "GRAPROES": 0.0, "_ent": "17", "_mun": "024", "_loc": "0012"}, "geometry": {"type": "Polygon", "coordinates": [[[-99.12308, 18.75699], [-99.12313, 18.75627], [-99.12363, 18.75586], [-99.124, 18.75528], [-99.12451, 18.75539], [-99.12418, 18.75663], [-99.12308, 18.75699]]]}}, {"id": "1357666", "type": "Feature", "properties": {"id": "1357666", "CVEGEO": "1702400120116011", "POBTOT": 0.0, "score_nse": 10.0, "NSE": "E", "VIVTOT": 3.0, "GRAPROES": 0.0, "_ent": "17", "_mun": "024", "_loc": "0012"}, "geometry": {"type": "Polygon", "coordinates": [[[-99.12397, 18.75516], [-99.12444, 18.7534], [-99.12499, 18.75355], [-99.12454, 18.75526], [-99.12397, 18.75516]]]}}, {"id": "1357667", "type": "Feature", "properties": {"id": "1357667", "CVEGEO": "1702400120116010", "POBTOT": 0.0, "score_nse": 10.0, "NSE": "E", "VIVTOT": 6.0, "GRAPROES": 0.0, "_ent": "17", "_mun": "024", "_loc": "0012"}, "geometry": {"type": "Polygon", "coordinates": [[[-99.11971, 18.75414], [-99.12015, 18.75239], [-99.1211, 18.75261], [-99.12064, 18.75437], [-99.11971, 18.75414]]]}}, {"id": "1357668", "type": "Feature", "properties": {"id": "1357668", "CVEGEO": "1702400120116009", "POBTOT": 0.0, "score_nse": 10.0, "NSE": "E", "VIVTOT": 9.0, "GRAPROES": 0.0, "_ent": "17", "_mun": "024", "_loc": "0012"}, "geometry": {"type": "Polygon", "coordinates": [[[-99.12086, 18.75705], [-99.12035, 18.75551], [-99.1207, 18.75535], [-99.12099, 18.75587], [-99.12163, 18.75634], [-99.12149, 18.757], [-99.12086, 18.75705]]]}}, {"id": "1357669", "type": "Feature", "properties": {"id": "1357669", "CVEGEO": "1702400120116007", "POBTOT": 6.0, "score_nse": 0.0, "NSE": "ND", "VIVTOT": 22.0, "GRAPROES": 0.0, "_ent": "17", "_mun": "024", "_loc": "0012"}, "geometry": {"type": "Polygon", "coordinates": [[[-99.122, 18.75787], [-99.12187, 18.75715], [-99.12212, 18.75646], [-99.12302, 18.75631], [-99.12296, 18.757], [-99.12307, 18.75709], [-99.12395, 18.75689], [-99.12427, 18.75666], [-99.12512, 18.75356], [-99.12567, 18.75371], [-99.12464, 18.75733], [-99.122, 18.75787]]]}}, {"id": "1357670", "type": "Feature", "properties": {"id": "1357670", "CVEGEO": "1702400120116006", "POBTOT": 0.0, "score_nse": 10.0, "NSE": "E", "VIVTOT": 9.0, "GRAPROES": 0.0, "_ent": "17", "_mun": "024", "_loc": "0012"}, "geometry": {"type": "Polygon", "coordinates": [[[-99.1221, 18.75636], [-99.12239, 18.75553], [-99.12283, 18.75538], [-99.12309, 18.75506], [-99.12388, 18.75525], [-99.12312, 18.75615], [-99.1221, 18.75636]]]}}, {"id": "1357671", "type": "Feature", "properties": {"id": "1357671", "CVEGEO": "1702400120116004", "POBTOT": 0.0, "score_nse": 0.0, "NSE": "ND", "VIVTOT": 0.0, "GRAPROES": 0.0, "_ent": "17", "_mun": "024", "_loc": "0012"}, "geometry": {"type": "Polygon", "coordinates": [[[-99.12213, 18.75542], [-99.12178, 18.75522], [-99.12159, 18.75485], [-99.12206, 18.75395], [-99.12222, 18.75325], [-99.12212, 18.75286], [-99.12349, 18.75316], [-99.12315, 18.7533], [-99.12283, 18.75473], [-99.1229, 18.75503], [-99.12259, 18.75538], [-99.12213, 18.75542]]]}}, {"id": "1357672", "type": "Feature", "properties": {"id": "1357672", "CVEGEO": "1702400120116003", "POBTOT": 0.0, "score_nse": 10.0, "NSE": "E", "VIVTOT": 10.0, "GRAPROES": 0.0, "_ent": "17", "_mun": "024", "_loc": "0012"}, "geometry": {"type": "Polygon", "coordinates": [[[-99.12072, 18.7544], [-99.12121, 18.75262], [-99.12197, 18.75283], [-99.12154, 18.75462], [-99.12072, 18.7544]]]}}, {"id": "1357673", "type": "Feature", "properties": {"id": "1357673", "CVEGEO": "1702400120116002", "POBTOT": 0.0, "score_nse": 10.0, "NSE": "E", "VIVTOT": 7.0, "GRAPROES": 0.0, "_ent": "17", "_mun": "024", "_loc": "0012"}, "geometry": {"type": "Polygon", "coordinates": [[[-99.12135, 18.75607], [-99.12083, 18.75542], [-99.12072, 18.75446], [-99.12153, 18.75468], [-99.12161, 18.75512], [-99.12188, 18.75542], [-99.12166, 18.75623], [-99.12135, 18.75607]]]}}, {"id": "1357674", "type": "Feature", "properties": {"id": "1357674", "CVEGEO": "1702400120101041", "POBTOT": 23.0, "score_nse": 0.0, "NSE": "ND", "VIVTOT": 8.0, "GRAPROES": 7.16, "_ent": "17", "_mun": "024", "_loc": "0012"}, "geometry": {"type": "Polygon", "coordinates": [[[-99.1255, 18.76357], [-99.12483, 18.76325], [-99.12533, 18.76272], [-99.12594, 18.76306], [-99.1255, 18.76357]]]}}, {"id": "1357675", "type": "Feature", "properties": {"id": "1357675", "CVEGEO": "1702400120101040", "POBTOT": 4.0, "score_nse": 0.0, "NSE": "ND", "VIVTOT": 2.0, "GRAPROES": 0.0, "_ent": "17", "_mun": "024", "_loc": "0012"}, "geometry": {"type": "Polygon", "coordinates": [[[-99.12456, 18.76443], [-99.12402, 18.76432], [-99.12395, 18.76396], [-99.12449, 18.76407], [-99.12456, 18.76443]]]}}, {"id": "1357676", "type": "Feature", "properties": {"id": "1357676", "CVEGEO": "1702400120101039", "POBTOT": 7.0, "score_nse": 0.0, "NSE": "ND", "VIVTOT": 1.0, "GRAPROES": 0.0, "_ent": "17", "_mun": "024", "_loc": "0012"}, "geometry": {"type": "Polygon", "coordinates": [[[-99.12379, 18.76479], [-99.12367, 18.76453], [-99.12365, 18.76435], [-99.12398, 18.76439], [-99.12405, 18.76481], [-99.12379, 18.76479]]]}}, {"id": "1357677", "type": "Feature", "properties": {"id": "1357677", "CVEGEO": "1702400120101037", "POBTOT": 0.0, "score_nse": 0.0, "NSE": "ND", "VIVTOT": 0.0, "GRAPROES": 0.0, "_ent": "17", "_mun": "024", "_loc": "0012"}, "geometry": {"type": "Polygon", "coordinates": [[[-99.12618, 18.76467], [-99.12526, 18.7643], [-99.12556, 18.76369], [-99.12605, 18.7639], [-99.12618, 18.76467]]]}}, {"id": "1357678", "type": "Feature", "properties": {"id": "1357678", "CVEGEO": "1702400120101036", "POBTOT": 8.0, "score_nse": 0.0, "NSE": "ND", "VIVTOT": 3.0, "GRAPROES": 7.8, "_ent": "17", "_mun": "024", "_loc": "0012"}, "geometry": {"type": "Polygon", "coordinates": [[[-99.1242, 18.7648], [-99.12406, 18.76437], [-99.1246, 18.76452], [-99.12468, 18.76484], [-99.1242, 18.7648]]]}}, {"id": "1357679", "type": "Feature", "properties": {"id": "1357679", "CVEGEO": "1702400120101025", "POBTOT": 0.0, "score_nse": 0.0, "NSE": "ND", "VIVTOT": 0.0, "GRAPROES": 0.0, "_ent": "17", "_mun": "024", "_loc": "0012"}, "geometry": {"type": "Polygon", "coordinates": [[[-99.12539, 18.76488], [-99.12472, 18.76483], [-99.12466, 18.76453], [-99.1253, 18.76464], [-99.12539, 18.76488]]]}}, {"id": "1357680", "type": "Feature", "properties": {"id": "1357680", "CVEGEO": "1702400120101022", "POBTOT": 0.0, "score_nse": 0.0, "NSE": "ND", "VIVTOT": 0.0, "GRAPROES": 0.0, "_ent": "17", "_mun": "024", "_loc": "0012"}, "geometry": {"type": "Polygon", "coordinates": [[[-99.12623, 18.76509], [-99.12544, 18.76486], [-99.12526, 18.76437], [-99.12618, 18.76476], [-99.12623, 18.76509]]]}}, {"id": "1357681", "type": "Feature", "properties": {"id": "1357681", "CVEGEO": "1702400120101011", "POBTOT": 20.0, "score_nse": 0.0, "NSE": "ND", "VIVTOT": 8.0, "GRAPROES": 5.82, "_ent": "17", "_mun": "024", "_loc": "0012"}, "geometry": {"type": "Polygon", "coordinates": [[[-99.12398, 18.76432], [-99.12321, 18.76421], [-99.12309, 18.76356], [-99.1239, 18.76397], [-99.12398, 18.76432]]]}}, {"id": "1357682", "type": "Feature", "properties": {"id": "1357682", "CVEGEO": "1702400120101009", "POBTOT": 0.0, "score_nse": 10.0, "NSE": "E", "VIVTOT": 2.0, "GRAPROES": 0.0, "_ent": "17", "_mun": "024", "_loc": "0012"}, "geometry": {"type": "Polygon", "coordinates": [[[-99.12527, 18.76458], [-99.12464, 18.76446], [-99.12458, 18.76409], [-99.12519, 18.76434], [-99.12527, 18.76458]]]}}, {"id": "1357683", "type": "Feature", "properties": {"id": "1357683", "CVEGEO": "1702400120101007", "POBTOT": 0.0, "score_nse": 0.0, "NSE": "ND", "VIVTOT": 0.0, "GRAPROES": 0.0, "_ent": "17", "_mun": "024", "_loc": "0012"}, "geometry": {"type": "Polygon", "coordinates": [[[-99.12609, 18.76383], [-99.12564, 18.76362], [-99.126, 18.76311], [-99.12662, 18.76344], [-99.12622, 18.76415], [-99.12609, 18.76383]]]}}, {"id": "1357684", "type": "Feature", "properties": {"id": "1357684", "CVEGEO": "1702400120101006", "POBTOT": 4.0, "score_nse": 0.0, "NSE": "ND", "VIVTOT": 3.0, "GRAPROES": 0.0, "_ent": "17", "_mun": "024", "_loc": "0012"}, "geometry": {"type": "Polygon", "coordinates": [[[-99.1245, 18.76302], [-99.12491, 18.76248], [-99.12526, 18.76268], [-99.12477, 18.76321], [-99.1245, 18.76302]]]}}, {"id": "1357685", "type": "Feature", "properties": {"id": "1357685", "CVEGEO": "1702400120101004", "POBTOT": 23.0, "score_nse": 0.0, "NSE": "ND", "VIVTOT": 10.0, "GRAPROES": 9.12, "_ent": "17", "_mun": "024", "_loc": "0012"}, "geometry": {"type": "Polygon", "coordinates": [[[-99.12411, 18.76348], [-99.12386, 18.76343], [-99.12392, 18.76316], [-99.12456, 18.7623], [-99.12483, 18.76248], [-99.12411, 18.76348]]]}}, {"id": "1357686", "type": "Feature", "properties": {"id": "1357686", "CVEGEO": "1702400120101002", "POBTOT": 4.0, "score_nse": 0.0, "NSE": "ND", "VIVTOT": 4.0, "GRAPROES": 0.0, "_ent": "17", "_mun": "024", "_loc": "0012"}, "geometry": {"type": "Polygon", "coordinates": [[[-99.12437, 18.76399], [-99.12393, 18.7639], [-99.12389, 18.76351], [-99.12422, 18.76358], [-99.12437, 18.76399]]]}}, {"id": "1357687", "type": "Feature", "properties": {"id": "1357687", "CVEGEO": "1702400130243002", "POBTOT": 17.0, "score_nse": 0.0, "NSE": "ND", "VIVTOT": 12.0, "GRAPROES": 8.07, "_ent": "17", "_mun": "024", "_loc": "0013"}, "geometry": {"type": "Polygon", "coordinates": [[[-99.18354, 18.689], [-99.18438, 18.68925], [-99.18446, 18.68968], [-99.18343, 18.6894], [-99.18354, 18.689]]]}}, {"id": "1357688", "type": "Feature", "properties": {"id": "1357688", "CVEGEO": "1702400120099043", "POBTOT": 14.0, "score_nse": 0.0, "NSE": "ND", "VIVTOT": 3.0, "GRAPROES": 0.0, "_ent": "17", "_mun": "024", "_loc": "0012"}, "geometry": {"type": "Polygon", "coordinates": [[[-99.12208, 18.76285], [-99.12245, 18.76224], [-99.12256, 18.76231], [-99.12219, 18.7629], [-99.12208, 18.76285]]]}}, {"id": "1357689", "type": "Feature", "properties": {"id": "1357689", "CVEGEO": "1702400120099040", "POBTOT": 6.0, "score_nse": 0.0, "NSE": "ND", "VIVTOT": 4.0, "GRAPROES": 0.0, "_ent": "17", "_mun": "024", "_loc": "0012"}, "geometry": {"type": "Polygon", "coordinates": [[[-99.12344, 18.76108], [-99.12388, 18.76052], [-99.12402, 18.76063], [-99.12354, 18.76114], [-99.12344, 18.76108]]]}}, {"id": "1357690", "type": "Feature", "properties": {"id": "1357690", "CVEGEO": "1702400120099039", "POBTOT": 21.0, "score_nse": 0.0, "NSE": "ND", "VIVTOT": 7.0, "GRAPROES": 9.18, "_ent": "17", "_mun": "024", "_loc": "0012"}, "geometry": {"type": "Polygon", "coordinates": [[[-99.12257, 18.76226], [-99.12248, 18.7622], [-99.1231, 18.7615], [-99.12312, 18.76161], [-99.12257, 18.76226]]]}}, {"id": "1357691", "type": "Feature", "properties": {"id": "1357691", "CVEGEO": "1702400120099038", "POBTOT": 10.0, "score_nse": 0.0, "NSE": "ND", "VIVTOT": 5.0, "GRAPROES": 9.0, "_ent": "17", "_mun": "024", "_loc": "0012"}, "geometry": {"type": "Polygon", "coordinates": [[[-99.12479, 18.76233], [-99.12458, 18.76223], [-99.12509, 18.7618], [-99.1255, 18.76202], [-99.12479, 18.76233]]]}}, {"id": "1357692", "type": "Feature", "properties": {"id": "1357692", "CVEGEO": "1702400120099037", "POBTOT": 55.0, "score_nse": 0.0, "NSE": "ND", "VIVTOT": 18.0, "GRAPROES": 7.46, "_ent": "17", "_mun": "024", "_loc": "0012"}, "geometry": {"type": "Polygon", "coordinates": [[[-99.12455, 18.7622], [-99.1242, 18.76203], [-99.12494, 18.76135], [-99.12581, 18.76148], [-99.12573, 18.76191], [-99.12555, 18.762], [-99.12509, 18.76176], [-99.12455, 18.7622]]]}}, {"id": "1357693", "type": "Feature", "properties": {"id": "1357693", "CVEGEO": "1702400120099036", "POBTOT": 23.0, "score_nse": 0.0, "NSE": "ND", "VIVTOT": 8.0, "GRAPROES": 6.27, "_ent": "17", "_mun": "024", "_loc": "0012"}, "geometry": {"type": "Polygon", "coordinates": [[[-99.12351, 18.76273], [-99.12329, 18.76264], [-99.12386, 18.76188], [-99.12409, 18.76203], [-99.12351, 18.76273]]]}}, {"id": "1357694", "type": "Feature", "properties": {"id": "1357694", "CVEGEO": "1702400120099035", "POBTOT": 15.0, "score_nse": 0.0, "NSE": "ND", "VIVTOT": 7.0, "GRAPROES": 9.0, "_ent": "17", "_mun": "024", "_loc": "0012"}, "geometry": {"type": "Polygon", "coordinates": [[[-99.12307, 18.76318], [-99.12328, 18.76267], [-99.12358, 18.76278], [-99.12412, 18.76205], [-99.1245, 18.76226], [-99.12405, 18.76272], [-99.12381, 18.76341], [-99.12307, 18.76318]]]}}, {"id": "1357695", "type": "Feature", "properties": {"id": "1357695", "CVEGEO": "1702400120099034", "POBTOT": 9.0, "score_nse": 0.0, "NSE": "ND", "VIVTOT": 5.0, "GRAPROES": 5.57, "_ent": "17", "_mun": "024", "_loc": "0012"}, "geometry": {"type": "Polygon", "coordinates": [[[-99.12388, 18.76387], [-99.12304, 18.76351], [-99.12306, 18.76323], [-99.12381, 18.76347], [-99.12388, 18.76387]]]}}, {"id": "1357696", "type": "Feature", "properties": {"id": "1357696", "CVEGEO": "1702400120099032", "POBTOT": 31.0, "score_nse": 0.0, "NSE": "ND", "VIVTOT": 16.0, "GRAPROES": 8.11, "_ent": "17", "_mun": "024", "_loc": "0012"}, "geometry": {"type": "Polygon", "coordinates": [[[-99.12124, 18.76689], [-99.12145, 18.76561], [-99.12164, 18.76562], [-99.12152, 18.76689], [-99.12124, 18.76689]]]}}, {"id": "1357697", "type": "Feature", "properties": {"id": "1357697", "CVEGEO": "1702400120099031", "POBTOT": 9.0, "score_nse": 0.0, "NSE": "ND", "VIVTOT": 4.0, "GRAPROES": 0.0, "_ent": "17", "_mun": "024", "_loc": "0012"}, "geometry": {"type": "Polygon", "coordinates": [[[-99.12151, 18.76556], [-99.12157, 18.76519], [-99.12165, 18.76521], [-99.12163, 18.76557], [-99.12151, 18.76556]]]}}, {"id": "1357698", "type": "Feature", "properties": {"id": "1357698", "CVEGEO": "1702400120099030", "POBTOT": 65.0, "score_nse": 0.0, "NSE": "ND", "VIVTOT": 37.0, "GRAPROES": 10.83, "_ent": "17", "_mun": "024", "_loc": "0012"}, "geometry": {"type": "Polygon", "coordinates": [[[-99.11819, 18.76476], [-99.11825, 18.76393], [-99.11946, 18.76432], [-99.11921, 18.76507], [-99.11819, 18.76476]]]}}, {"id": "1357699", "type": "Feature", "properties": {"id": "1357699", "CVEGEO": "1702400120099027", "POBTOT": 14.0, "score_nse": 0.0, "NSE": "ND", "VIVTOT": 11.0, "GRAPROES": 9.18, "_ent": "17", "_mun": "024", "_loc": "0012"}, "geometry": {"type": "Polygon", "coordinates": [[[-99.12413, 18.762], [-99.12387, 18.76185], [-99.12402, 18.76163], [-99.12456, 18.76118], [-99.12491, 18.76131], [-99.12413, 18.762]]]}}, {"id": "1357700", "type": "Feature", "properties": {"id": "1357700", "CVEGEO": "1702400120099026", "POBTOT": 15.0, "score_nse": 0.0, "NSE": "ND", "VIVTOT": 7.0, "GRAPROES": 6.83, "_ent": "17", "_mun": "024", "_loc": "0012"}, "geometry": {"type": "Polygon", "coordinates": [[[-99.12378, 18.76181], [-99.12363, 18.76173], [-99.12433, 18.76092], [-99.12453, 18.76115], [-99.12378, 18.76181]]]}}, {"id": "1357701", "type": "Feature", "properties": {"id": "1357701", "CVEGEO": "1702400120099025", "POBTOT": 37.0, "score_nse": 50.9533, "NSE": "C-", "VIVTOT": 15.0, "GRAPROES": 9.15, "_ent": "17", "_mun": "024", "_loc": "0012"}, "geometry": {"type": "Polygon", "coordinates": [[[-99.12358, 18.76169], [-99.12329, 18.76153], [-99.12408, 18.76067], [-99.12428, 18.76087], [-99.12358, 18.76169]]]}}, {"id": "1357702", "type": "Feature", "properties": {"id": "1357702", "CVEGEO": "1702400120099024", "POBTOT": 3.0, "score_nse": 0.0, "NSE": "ND", "VIVTOT": 3.0, "GRAPROES": 0.0, "_ent": "17", "_mun": "024", "_loc": "0012"}, "geometry": {"type": "Polygon", "coordinates": [[[-99.12318, 18.76157], [-99.1234, 18.76112], [-99.12354, 18.76118], [-99.12318, 18.76157]]]}}, {"id": "1357703", "type": "Feature", "properties": {"id": "1357703", "CVEGEO": "1702400120099023", "POBTOT": 9.0, "score_nse": 0.0, "NSE": "ND", "VIVTOT": 4.0, "GRAPROES": 9.0, "_ent": "17", "_mun": "024", "_loc": "0012"}, "geometry": {"type": "Polygon", "coordinates": [[[-99.12204, 18.76326], [-99.12198, 18.76303], [-99.12205, 18.7629], [-99.12204, 18.76326]]]}}, {"id": "1357704", "type": "Feature", "properties": {"id": "1357704", "CVEGEO": "1702400120099022", "POBTOT": 46.0, "score_nse": 0.0, "NSE": "ND", "VIVTOT": 16.0, "GRAPROES": 10.74, "_ent": "17", "_mun": "024", "_loc": "0012"}, "geometry": {"type": "Polygon", "coordinates": [[[-99.11956, 18.76428], [-99.11977, 18.76349], [-99.12052, 18.76372], [-99.12022, 18.7645], [-99.11956, 18.76428]]]}}, {"id": "1357705", "type": "Feature", "properties": {"id": "1357705", "CVEGEO": "1702400120099020", "POBTOT": 137.0, "score_nse": 0.0, "NSE": "ND", "VIVTOT": 47.0, "GRAPROES": 9.48, "_ent": "17", "_mun": "024", "_loc": "0012"}, "geometry": {"type": "Polygon", "coordinates": [[[-99.12058, 18.76695], [-99.12061, 18.76675], [-99.11956, 18.76637], [-99.11981, 18.76566], [-99.11873, 18.76534], [-99.11854, 18.76597], [-99.11782, 18.76577], [-99.11809, 18.76479], [-99.11925, 18.76515], [-99.11953, 18.76434], [-99.12021, 18.76456], [-99.11995, 18.76521], [-99.12025, 18.7646], [-99.1215, 18.76513], [-99.12109, 18.76709], [-99.12058, 18.76695]]]}}, {"id": "1357706", "type": "Feature", "properties": {"id": "1357706", "CVEGEO": "1702400120099012", "POBTOT": 19.0, "score_nse": 0.0, "NSE": "ND", "VIVTOT": 5.0, "GRAPROES": 9.63, "_ent": "17", "_mun": "024", "_loc": "0012"}, "geometry": {"type": "Polygon", "coordinates": [[[-99.12283, 18.7624], [-99.12264, 18.76228], [-99.12304, 18.76175], [-99.12325, 18.76159], [-99.12355, 18.76173], [-99.12283, 18.7624]]]}}, {"id": "1357707", "type": "Feature", "properties": {"id": "1357707", "CVEGEO": "1702400120099011", "POBTOT": 43.0, "score_nse": 59.513, "NSE": "C", "VIVTOT": 16.0, "GRAPROES": 10.41, "_ent": "17", "_mun": "024", "_loc": "0012"}, "geometry": {"type": "Polygon", "coordinates": [[[-99.12186, 18.76322], [-99.12089, 18.76291], [-99.12102, 18.7626], [-99.12199, 18.76289], [-99.12186, 18.76322]]]}}, {"id": "1357708", "type": "Feature", "properties": {"id": "1357708", "CVEGEO": "1702400120099010", "POBTOT": 148.0, "score_nse": 0.0, "NSE": "ND", "VIVTOT": 52.0, "GRAPROES": 9.93, "_ent": "17", "_mun": "024", "_loc": "0012"}, "geometry": {"type": "Polygon", "coordinates": [[[-99.1215, 18.76506], [-99.12025, 18.76452], [-99.1205, 18.7639], [-99.12089, 18.76401], [-99.12052, 18.76386], [-99.12086, 18.76298], [-99.12185, 18.76331], [-99.1215, 18.76506]]]}}, {"id": "1357709", "type": "Feature", "properties": {"id": "1357709", "CVEGEO": "1702400120101001", "POBTOT": 14.0, "score_nse": 0.0, "NSE": "ND", "VIVTOT": 8.0, "GRAPROES": 8.56, "_ent": "17", "_mun": "024", "_loc": "0012"}, "geometry": {"type": "Polygon", "coordinates": [[[-99.12428, 18.76352], [-99.12441, 18.76302], [-99.12475, 18.76328], [-99.12452, 18.76396], [-99.12428, 18.76352]]]}}, {"id": "1357710", "type": "Feature", "properties": {"id": "1357710", "CVEGEO": "1702400120099008", "POBTOT": 13.0, "score_nse": 0.0, "NSE": "ND", "VIVTOT": 3.0, "GRAPROES": 0.0, "_ent": "17", "_mun": "024", "_loc": "0012"}, "geometry": {"type": "Polygon", "coordinates": [[[-99.12261, 18.76384], [-99.12215, 18.76352], [-99.12218, 18.76335], [-99.12267, 18.76349], [-99.12261, 18.76384]]]}}, {"id": "1357711", "type": "Feature", "properties": {"id": "1357711", "CVEGEO": "1702400120099007", "POBTOT": 16.0, "score_nse": 0.0, "NSE": "ND", "VIVTOT": 7.0, "GRAPROES": 4.4, "_ent": "17", "_mun": "024", "_loc": "0012"}, "geometry": {"type": "Polygon", "coordinates": [[[-99.12274, 18.76401], [-99.1227, 18.7635], [-99.12303, 18.76358], [-99.12316, 18.76421], [-99.12274, 18.76401]]]}}, {"id": "1357712", "type": "Feature", "properties": {"id": "1357712", "CVEGEO": "1702400120099004", "POBTOT": 8.0, "score_nse": 37.512, "NSE": "D+", "VIVTOT": 5.0, "GRAPROES": 11.29, "_ent": "17", "_mun": "024", "_loc": "0012"}, "geometry": {"type": "Polygon", "coordinates": [[[-99.123, 18.76316], [-99.12266, 18.76309], [-99.12295, 18.7625], [-99.12323, 18.76266], [-99.123, 18.76316]]]}}, {"id": "1357713", "type": "Feature", "properties": {"id": "1357713", "CVEGEO": "1702400120099003", "POBTOT": 20.0, "score_nse": 0.0, "NSE": "ND", "VIVTOT": 5.0, "GRAPROES": 9.71, "_ent": "17", "_mun": "024", "_loc": "0012"}, "geometry": {"type": "Polygon", "coordinates": [[[-99.12224, 18.76298], [-99.12262, 18.76232], [-99.12291, 18.76248], [-99.12263, 18.76307], [-99.12224, 18.76298]]]}}, {"id": "1357714", "type": "Feature", "properties": {"id": "1357714", "CVEGEO": "1702400120099002", "POBTOT": 25.0, "score_nse": 67.0177, "NSE": "C", "VIVTOT": 7.0, "GRAPROES": 9.58, "_ent": "17", "_mun": "024", "_loc": "0012"}, "geometry": {"type": "Polygon", "coordinates": [[[-99.12263, 18.76341], [-99.12209, 18.76329], [-99.12218, 18.76301], [-99.12263, 18.76314], [-99.12263, 18.76341]]]}}, {"id": "1357715", "type": "Feature", "properties": {"id": "1357715", "CVEGEO": "1702400120099001", "POBTOT": 4.0, "score_nse": 0.0, "NSE": "ND", "VIVTOT": 2.0, "GRAPROES": 0.0, "_ent": "17", "_mun": "024", "_loc": "0012"}, "geometry": {"type": "Polygon", "coordinates": [[[-99.12269, 18.76345], [-99.12267, 18.76314], [-99.123, 18.76322], [-99.12298, 18.76352], [-99.12269, 18.76345]]]}}, {"id": "1357716", "type": "Feature", "properties": {"id": "1357716", "CVEGEO": "1702400120050028", "POBTOT": 223.0, "score_nse": 52.9664, "NSE": "C-", "VIVTOT": 82.0, "GRAPROES": 8.92, "_ent": "17", "_mun": "024", "_loc": "0012"}, "geometry": {"type": "Polygon", "coordinates": [[[-99.11677, 18.76389], [-99.11536, 18.76341], [-99.11525, 18.76379], [-99.11378, 18.76334], [-99.11429, 18.76185], [-99.11393, 18.76175], [-99.11415, 18.76112], [-99.11596, 18.76169], [-99.1157, 18.76156], [-99.11606, 18.76046], [-99.11779, 18.76097], [-99.11724, 18.76258], [-99.11556, 18.76209], [-99.11566, 18.76181], [-99.11545, 18.76205], [-99.11554, 18.76174], [-99.11538, 18.76201], [-99.11488, 18.76187], [-99.11495, 18.76155], [-99.11485, 18.76189], [-99.11721, 18.76263], [-99.1169, 18.76347], [-99.11609, 18.76324], [-99.116, 18.76342], [-99.11611, 18.7633], [-99.1169, 18.76352], [-99.11677, 18.76389]]]}}, {"id": "1357717", "type": "Feature", "properties": {"id": "1357717", "CVEGEO": "1702400120050026", "POBTOT": 69.0, "score_nse": 55.8981, "NSE": "C", "VIVTOT": 27.0, "GRAPROES": 9.07, "_ent": "17", "_mun": "024", "_loc": "0012"}, "geometry": {"type": "Polygon", "coordinates": [[[-99.11833, 18.75957], [-99.11859, 18.75883], [-99.11914, 18.75903], [-99.11908, 18.75921], [-99.11918, 18.75904], [-99.11954, 18.75912], [-99.11934, 18.75984], [-99.11833, 18.75957]]]}}, {"id": "1357718", "type": "Feature", "properties": {"id": "1357718", "CVEGEO": "1702400120050022", "POBTOT": 56.0, "score_nse": 47.6297, "NSE": "C-", "VIVTOT": 29.0, "GRAPROES": 8.48, "_ent": "17", "_mun": "024", "_loc": "0012"}, "geometry": {"type": "Polygon", "coordinates": [[[-99.11667, 18.76427], [-99.11696, 18.76353], [-99.11819, 18.76392], [-99.11803, 18.76471], [-99.11667, 18.76427]]]}}, {"id": "1357719", "type": "Feature", "properties": {"id": "1357719", "CVEGEO": "1702400120050021", "POBTOT": 72.0, "score_nse": 0.0, "NSE": "ND", "VIVTOT": 28.0, "GRAPROES": 10.36, "_ent": "17", "_mun": "024", "_loc": "0012"}, "geometry": {"type": "Polygon", "coordinates": [[[-99.12199, 18.76282], [-99.12102, 18.76256], [-99.12119, 18.7621], [-99.1214, 18.76213], [-99.12122, 18.76207], [-99.12156, 18.76118], [-99.12218, 18.76138], [-99.1221, 18.76168], [-99.12223, 18.7615], [-99.12268, 18.76184], [-99.12199, 18.76282]]]}}, {"id": "1357720", "type": "Feature", "properties": {"id": "1357720", "CVEGEO": "1702400120050020", "POBTOT": 166.0, "score_nse": 0.0, "NSE": "ND", "VIVTOT": 86.0, "GRAPROES": 9.44, "_ent": "17", "_mun": "024", "_loc": "0012"}, "geometry": {"type": "Polygon", "coordinates": [[[-99.12251, 18.76168], [-99.12219, 18.76106], [-99.12206, 18.761], [-99.12219, 18.7613], [-99.12055, 18.76083], [-99.12068, 18.76027], [-99.12115, 18.76036], [-99.12072, 18.76024], [-99.12093, 18.75951], [-99.12066, 18.76022], [-99.1202, 18.76008], [-99.12028, 18.75968], [-99.12015, 18.76007], [-99.11938, 18.75988], [-99.11956, 18.75916], [-99.12023, 18.75858], [-99.1222, 18.75805], [-99.12235, 18.75812], [-99.12235, 18.75911], [-99.12349, 18.75979], [-99.12344, 18.76002], [-99.12359, 18.75976], [-99.12246, 18.75905], [-99.12244, 18.75808], [-99.1246, 18.75758], [-99.12372, 18.76054], [-99.12272, 18.7618], [-99.12251, 18.76168]]]}}, {"id": "1357721", "type": "Feature", "properties": {"id": "1357721", "CVEGEO": "1702400120050019", "POBTOT": 47.0, "score_nse": 56.7061, "NSE": "C", "VIVTOT": 17.0, "GRAPROES": 9.93, "_ent": "17", "_mun": "024", "_loc": "0012"}, "geometry": {"type": "Polygon", "coordinates": [[[-99.1205, 18.76084], [-99.11925, 18.76049], [-99.11939, 18.75993], [-99.12066, 18.76027], [-99.1205, 18.76084]]]}}, {"id": "1357722", "type": "Feature", "properties": {"id": "1357722", "CVEGEO": "1702400120050018", "POBTOT": 85.0, "score_nse": 60.7211, "NSE": "C", "VIVTOT": 33.0, "GRAPROES": 9.56, "_ent": "17", "_mun": "024", "_loc": "0012"}, "geometry": {"type": "Polygon", "coordinates": [[[-99.11916, 18.76044], [-99.11813, 18.76017], [-99.11831, 18.75963], [-99.11931, 18.75989], [-99.11916, 18.76044]]]}}, {"id": "1357723", "type": "Feature", "properties": {"id": "1357723", "CVEGEO": "1702400120050017", "POBTOT": 92.0, "score_nse": 0.0, "NSE": "ND", "VIVTOT": 45.0, "GRAPROES": 9.96, "_ent": "17", "_mun": "024", "_loc": "0012"}, "geometry": {"type": "Polygon", "coordinates": [[[-99.11799, 18.76013], [-99.11487, 18.75924], [-99.11475, 18.75823], [-99.1143, 18.75772], [-99.11405, 18.75766], [-99.11336, 18.75831], [-99.11314, 18.75805], [-99.11321, 18.75721], [-99.11785, 18.75841], [-99.11812, 18.75873], [-99.11852, 18.75885], [-99.11844, 18.75911], [-99.11808, 18.75896], [-99.11693, 18.75863], [-99.11664, 18.7586], [-99.11842, 18.75916], [-99.11799, 18.76013]]]}}, {"id": "1357724", "type": "Feature", "properties": {"id": "1357724", "CVEGEO": "1702400120050016", "POBTOT": 38.0, "score_nse": 0.0, "NSE": "ND", "VIVTOT": 15.0, "GRAPROES": 11.06, "_ent": "17", "_mun": "024", "_loc": "0012"}, "geometry": {"type": "Polygon", "coordinates": [[[-99.11561, 18.76154], [-99.11379, 18.76095], [-99.11431, 18.76051], [-99.11487, 18.75966], [-99.11492, 18.75935], [-99.11625, 18.75971], [-99.11561, 18.76154]]]}}, {"id": "1357725", "type": "Feature", "properties": {"id": "1357725", "CVEGEO": "1702400120050015", "POBTOT": 84.0, "score_nse": 56.5138, "NSE": "C", "VIVTOT": 32.0, "GRAPROES": 9.81, "_ent": "17", "_mun": "024", "_loc": "0012"}, "geometry": {"type": "Polygon", "coordinates": [[[-99.1182, 18.76385], [-99.11697, 18.76345], [-99.11725, 18.76266], [-99.11843, 18.76305], [-99.1182, 18.76385]]]}}, {"id": "1357726", "type": "Feature", "properties": {"id": "1357726", "CVEGEO": "1702400120050014", "POBTOT": 64.0, "score_nse": 59.7638, "NSE": "C", "VIVTOT": 17.0, "GRAPROES": 10.09, "_ent": "17", "_mun": "024", "_loc": "0012"}, "geometry": {"type": "Polygon", "coordinates": [[[-99.11826, 18.76388], [-99.11848, 18.76305], [-99.11973, 18.76349], [-99.11946, 18.76425], [-99.11826, 18.76388]]]}}, {"id": "1357727", "type": "Feature", "properties": {"id": "1357727", "CVEGEO": "1702400120050013", "POBTOT": 27.0, "score_nse": 72.5964, "NSE": "C+", "VIVTOT": 11.0, "GRAPROES": 12.08, "_ent": "17", "_mun": "024", "_loc": "0012"}, "geometry": {"type": "Polygon", "coordinates": [[[-99.12054, 18.76365], [-99.11979, 18.76343], [-99.11997, 18.76272], [-99.1208, 18.76297], [-99.12054, 18.76365]]]}}, {"id": "1357728", "type": "Feature", "properties": {"id": "1357728", "CVEGEO": "1702400130173012", "POBTOT": 23.0, "score_nse": 55.934, "NSE": "C", "VIVTOT": 12.0, "GRAPROES": 12.0, "_ent": "17", "_mun": "024", "_loc": "0013"}, "geometry": {"type": "Polygon", "coordinates": [[[-99.18442, 18.67532], [-99.1838, 18.6753], [-99.18397, 18.67419], [-99.18441, 18.67427], [-99.18442, 18.67532]]]}}, {"id": "1357729", "type": "Feature", "properties": {"id": "1357729", "CVEGEO": "1702400120050011", "POBTOT": 41.0, "score_nse": 54.908, "NSE": "C-", "VIVTOT": 25.0, "GRAPROES": 10.42, "_ent": "17", "_mun": "024", "_loc": "0012"}, "geometry": {"type": "Polygon", "coordinates": [[[-99.12019, 18.76228], [-99.12055, 18.7609], [-99.12151, 18.76117], [-99.12098, 18.76253], [-99.12019, 18.76228]]]}}, {"id": "1357730", "type": "Feature", "properties": {"id": "1357730", "CVEGEO": "1702400120050010", "POBTOT": 71.0, "score_nse": 0.0, "NSE": "ND", "VIVTOT": 29.0, "GRAPROES": 9.38, "_ent": "17", "_mun": "024", "_loc": "0012"}, "geometry": {"type": "Polygon", "coordinates": [[[-99.11898, 18.76141], [-99.11923, 18.76054], [-99.12049, 18.76089], [-99.12021, 18.76176], [-99.11898, 18.76141]]]}}, {"id": "1357731", "type": "Feature", "properties": {"id": "1357731", "CVEGEO": "1702400120050009", "POBTOT": 64.0, "score_nse": 0.0, "NSE": "ND", "VIVTOT": 26.0, "GRAPROES": 10.44, "_ent": "17", "_mun": "024", "_loc": "0012"}, "geometry": {"type": "Polygon", "coordinates": [[[-99.11878, 18.7618], [-99.11767, 18.76148], [-99.11811, 18.76022], [-99.11916, 18.76052], [-99.11878, 18.7618]]]}}, {"id": "1357732", "type": "Feature", "properties": {"id": "1357732", "CVEGEO": "1702400120050008", "POBTOT": 137.0, "score_nse": 0.0, "NSE": "ND", "VIVTOT": 56.0, "GRAPROES": 9.53, "_ent": "17", "_mun": "024", "_loc": "0012"}, "geometry": {"type": "Polygon", "coordinates": [[[-99.11781, 18.76091], [-99.11651, 18.76054], [-99.11662, 18.76024], [-99.11644, 18.76051], [-99.11609, 18.76041], [-99.11633, 18.75973], [-99.11715, 18.75997], [-99.11713, 18.76015], [-99.11719, 18.75999], [-99.11806, 18.76022], [-99.11781, 18.76091]]]}}, {"id": "1357733", "type": "Feature", "properties": {"id": "1357733", "CVEGEO": "1702400120050007", "POBTOT": 123.0, "score_nse": 0.0, "NSE": "ND", "VIVTOT": 36.0, "GRAPROES": 9.04, "_ent": "17", "_mun": "024", "_loc": "0012"}, "geometry": {"type": "Polygon", "coordinates": [[[-99.11764, 18.76602], [-99.11482, 18.76507], [-99.11541, 18.76351], [-99.11675, 18.76393], [-99.11645, 18.76462], [-99.11649, 18.76464], [-99.11662, 18.76429], [-99.11802, 18.76478], [-99.11764, 18.76602]]]}}, {"id": "1357734", "type": "Feature", "properties": {"id": "1357734", "CVEGEO": "1702400120050006", "POBTOT": 3.0, "score_nse": 0.0, "NSE": "ND", "VIVTOT": 2.0, "GRAPROES": 0.0, "_ent": "17", "_mun": "024", "_loc": "0012"}, "geometry": {"type": "Polygon", "coordinates": [[[-99.11911, 18.76319], [-99.11851, 18.76299], [-99.1186, 18.76271], [-99.11922, 18.76292], [-99.11911, 18.76319]]]}}, {"id": "1357735", "type": "Feature", "properties": {"id": "1357735", "CVEGEO": "1702400120050005", "POBTOT": 46.0, "score_nse": 0.0, "NSE": "ND", "VIVTOT": 26.0, "GRAPROES": 9.14, "_ent": "17", "_mun": "024", "_loc": "0012"}, "geometry": {"type": "Polygon", "coordinates": [[[-99.11925, 18.76326], [-99.11939, 18.76255], [-99.11994, 18.76271], [-99.11974, 18.76342], [-99.11925, 18.76326]]]}}, {"id": "1357736", "type": "Feature", "properties": {"id": "1357736", "CVEGEO": "1702400120050004", "POBTOT": 13.0, "score_nse": 0.0, "NSE": "ND", "VIVTOT": 4.0, "GRAPROES": 10.4, "_ent": "17", "_mun": "024", "_loc": "0012"}, "geometry": {"type": "Polygon", "coordinates": [[[-99.11993, 18.76262], [-99.11873, 18.76225], [-99.11897, 18.76146], [-99.12018, 18.76184], [-99.11993, 18.76262]]]}}, {"id": "1357737", "type": "Feature", "properties": {"id": "1357737", "CVEGEO": "1702400120050003", "POBTOT": 46.0, "score_nse": 63.4258, "NSE": "C", "VIVTOT": 18.0, "GRAPROES": 9.9, "_ent": "17", "_mun": "024", "_loc": "0012"}, "geometry": {"type": "Polygon", "coordinates": [[[-99.11748, 18.76202], [-99.11766, 18.76154], [-99.11875, 18.76188], [-99.11861, 18.76239], [-99.11748, 18.76202]]]}}, {"id": "1357738", "type": "Feature", "properties": {"id": "1357738", "CVEGEO": "1702400120050002", "POBTOT": 63.0, "score_nse": 53.7533, "NSE": "C-", "VIVTOT": 27.0, "GRAPROES": 9.41, "_ent": "17", "_mun": "024", "_loc": "0012"}, "geometry": {"type": "Polygon", "coordinates": [[[-99.11844, 18.76299], [-99.11727, 18.7626], [-99.11745, 18.76209], [-99.1186, 18.76245], [-99.11844, 18.76299]]]}}, {"id": "1357739", "type": "Feature", "properties": {"id": "1357739", "CVEGEO": "1702400120050001", "POBTOT": 0.0, "score_nse": 0.0, "NSE": "ND", "VIVTOT": 0.0, "GRAPROES": 0.0, "_ent": "17", "_mun": "024", "_loc": "0012"}, "geometry": {"type": "Polygon", "coordinates": [[[-99.11861, 18.76265], [-99.1187, 18.76231], [-99.11934, 18.76252], [-99.11923, 18.76286], [-99.11861, 18.76265]]]}}, {"id": "1357740", "type": "Feature", "properties": {"id": "1357740", "CVEGEO": "170240011039A042", "POBTOT": 0.0, "score_nse": 0.0, "NSE": null, "VIVTOT": 0.0, "GRAPROES": 0.0, "_ent": "17", "_mun": "024", "_loc": "0011"}, "geometry": {"type": "Polygon", "coordinates": [[[-99.16097, 18.73492], [-99.15974, 18.73479], [-99.15976, 18.7343], [-99.16077, 18.73439], [-99.16097, 18.73492]]]}}, {"id": "1357741", "type": "Feature", "properties": {"id": "1357741", "CVEGEO": "170240009039A039", "POBTOT": 0.0, "score_nse": 0.0, "NSE": null, "VIVTOT": 0.0, "GRAPROES": 0.0, "_ent": "17", "_mun": "024", "_loc": "0009"}, "geometry": {"type": "Polygon", "coordinates": [[[-99.10901, 18.71002], [-99.10977, 18.71008], [-99.11044, 18.71129], [-99.10986, 18.7112], [-99.10932, 18.71135], [-99.10865, 18.71025], [-99.10901, 18.71002]]]}}, {"id": "1357742", "type": "Feature", "properties": {"id": "1357742", "CVEGEO": "170240009039A036", "POBTOT": 0.0, "score_nse": 0.0, "NSE": null, "VIVTOT": 0.0, "GRAPROES": 0.0, "_ent": "17", "_mun": "024", "_loc": "0009"}, "geometry": {"type": "Polygon", "coordinates": [[[-99.10385, 18.7117], [-99.10457, 18.71157], [-99.10468, 18.71197], [-99.10396, 18.71217], [-99.10385, 18.7117]]]}}, {"id": "1357743", "type": "Feature", "properties": {"id": "1357743", "CVEGEO": "170240009039A035", "POBTOT": 0.0, "score_nse": 0.0, "NSE": null, "VIVTOT": 0.0, "GRAPROES": 0.0, "_ent": "17", "_mun": "024", "_loc": "0009"}, "geometry": {"type": "Polygon", "coordinates": [[[-99.10471, 18.71202], [-99.10483, 18.71239], [-99.10405, 18.71262], [-99.10394, 18.71223], [-99.10471, 18.71202]]]}}, {"id": "1357744", "type": "Feature", "properties": {"id": "1357744", "CVEGEO": "170240009039A034", "POBTOT": 0.0, "score_nse": 0.0, "NSE": null, "VIVTOT": 0.0, "GRAPROES": 0.0, "_ent": "17", "_mun": "024", "_loc": "0009"}, "geometry": {"type": "Polygon", "coordinates": [[[-99.10485, 18.71243], [-99.10499, 18.71284], [-99.10497, 18.71319], [-99.10464, 18.71311], [-99.10447, 18.71255], [-99.10485, 18.71243]]]}}, {"id": "1357745", "type": "Feature", "properties": {"id": "1357745", "CVEGEO": "170240009039A033", "POBTOT": 0.0, "score_nse": 0.0, "NSE": null, "VIVTOT": 0.0, "GRAPROES": 0.0, "_ent": "17", "_mun": "024", "_loc": "0009"}, "geometry": {"type": "Polygon", "coordinates": [[[-99.10756, 18.71529], [-99.10672, 18.71562], [-99.10506, 18.71537], [-99.10524, 18.71501], [-99.10601, 18.71528], [-99.10679, 18.71488], [-99.10731, 18.71501], [-99.10747, 18.71489], [-99.10756, 18.71529]]]}}, {"id": "1357746", "type": "Feature", "properties": {"id": "1357746", "CVEGEO": "170240009039A032", "POBTOT": 0.0, "score_nse": 0.0, "NSE": null, "VIVTOT": 0.0, "GRAPROES": 0.0, "_ent": "17", "_mun": "024", "_loc": "0009"}, "geometry": {"type": "Polygon", "coordinates": [[[-99.10547, 18.71296], [-99.10503, 18.71314], [-99.10478, 18.71201], [-99.10514, 18.71188], [-99.10547, 18.71296]]]}}, {"id": "1357747", "type": "Feature", "properties": {"id": "1357747", "CVEGEO": "170240009039A031", "POBTOT": 0.0, "score_nse": 0.0, "NSE": null, "VIVTOT": 0.0, "GRAPROES": 0.0, "_ent": "17", "_mun": "024", "_loc": "0009"}, "geometry": {"type": "Polygon", "coordinates": [[[-99.10664, 18.71485], [-99.10653, 18.71445], [-99.10723, 18.71417], [-99.10737, 18.71488], [-99.10664, 18.71485]]]}}, {"id": "1357748", "type": "Feature", "properties": {"id": "1357748", "CVEGEO": "170240009039A027", "POBTOT": 0.0, "score_nse": 0.0, "NSE": null, "VIVTOT": 0.0, "GRAPROES": 0.0, "_ent": "17", "_mun": "024", "_loc": "0009"}, "geometry": {"type": "Polygon", "coordinates": [[[-99.10563, 18.71164], [-99.10475, 18.71194], [-99.10463, 18.71155], [-99.10555, 18.71137], [-99.10563, 18.71164]]]}}, {"id": "1357749", "type": "Feature", "properties": {"id": "1357749", "CVEGEO": "170240009039A026", "POBTOT": 0.0, "score_nse": 0.0, "NSE": null, "VIVTOT": 0.0, "GRAPROES": 0.0, "_ent": "17", "_mun": "024", "_loc": "0009"}, "geometry": {"type": "Polygon", "coordinates": [[[-99.10551, 18.71296], [-99.10522, 18.71193], [-99.10539, 18.7118], [-99.10573, 18.71286], [-99.10551, 18.71296]]]}}, {"id": "1357750", "type": "Feature", "properties": {"id": "1357750", "CVEGEO": "170240009039A025", "POBTOT": 0.0, "score_nse": 0.0, "NSE": null, "VIVTOT": 0.0, "GRAPROES": 0.0, "_ent": "17", "_mun": "024", "_loc": "0009"}, "geometry": {"type": "Polygon", "coordinates": [[[-99.1053, 18.71366], [-99.10517, 18.71316], [-99.10546, 18.71305], [-99.10557, 18.71353], [-99.1053, 18.71366]]]}}, {"id": "1357751", "type": "Feature", "properties": {"id": "1357751", "CVEGEO": "170240009039A024", "POBTOT": 0.0, "score_nse": 0.0, "NSE": null, "VIVTOT": 0.0, "GRAPROES": 0.0, "_ent": "17", "_mun": "024", "_loc": "0009"}, "geometry": {"type": "Polygon", "coordinates": [[[-99.10682, 18.71357], [-99.10615, 18.71413], [-99.10467, 18.714], [-99.10457, 18.71387], [-99.10558, 18.71358], [-99.10565, 18.71392], [-99.10682, 18.71357]]]}}, {"id": "1357752", "type": "Feature", "properties": {"id": "1357752", "CVEGEO": "170240009039A023", "POBTOT": 0.0, "score_nse": 0.0, "NSE": null, "VIVTOT": 0.0, "GRAPROES": 0.0, "_ent": "17", "_mun": "024", "_loc": "0009"}, "geometry": {"type": "Polygon", "coordinates": [[[-99.10612, 18.71457], [-99.10607, 18.71421], [-99.10647, 18.71401], [-99.1069, 18.71353], [-99.10767, 18.71317], [-99.1077, 18.71388], [-99.10612, 18.71457]]]}}, {"id": "1357753", "type": "Feature", "properties": {"id": "1357753", "CVEGEO": "170240009039A022", "POBTOT": 0.0, "score_nse": 0.0, "NSE": null, "VIVTOT": 0.0, "GRAPROES": 0.0, "_ent": "17", "_mun": "024", "_loc": "0009"}, "geometry": {"type": "Polygon", "coordinates": [[[-99.10762, 18.71527], [-99.10728, 18.71413], [-99.10751, 18.71393], [-99.10792, 18.71403], [-99.10809, 18.71384], [-99.10849, 18.71378], [-99.10776, 18.71387], [-99.10773, 18.71316], [-99.10876, 18.71268], [-99.10935, 18.71363], [-99.10932, 18.71415], [-99.10796, 18.71511], [-99.10762, 18.71527]]]}}, {"id": "1357754", "type": "Feature", "properties": {"id": "1357754", "CVEGEO": "170240009039A021", "POBTOT": 0.0, "score_nse": 0.0, "NSE": null, "VIVTOT": 0.0, "GRAPROES": 0.0, "_ent": "17", "_mun": "024", "_loc": "0009"}, "geometry": {"type": "Polygon", "coordinates": [[[-99.10943, 18.71369], [-99.10884, 18.71267], [-99.1096, 18.71229], [-99.11021, 18.71334], [-99.10943, 18.71369]]]}}, {"id": "1357755", "type": "Feature", "properties": {"id": "1357755", "CVEGEO": "170240009039A020", "POBTOT": 0.0, "score_nse": 0.0, "NSE": null, "VIVTOT": 0.0, "GRAPROES": 0.0, "_ent": "17", "_mun": "024", "_loc": "0009"}, "geometry": {"type": "Polygon", "coordinates": [[[-99.10879, 18.7126], [-99.10856, 18.71221], [-99.10935, 18.71183], [-99.10957, 18.71223], [-99.10879, 18.7126]]]}}, {"id": "1357756", "type": "Feature", "properties": {"id": "1357756", "CVEGEO": "170240009039A019", "POBTOT": 0.0, "score_nse": 0.0, "NSE": null, "VIVTOT": 0.0, "GRAPROES": 0.0, "_ent": "17", "_mun": "024", "_loc": "0009"}, "geometry": {"type": "Polygon", "coordinates": [[[-99.10852, 18.71218], [-99.10827, 18.71177], [-99.10907, 18.71136], [-99.10933, 18.7118], [-99.10852, 18.71218]]]}}, {"id": "1357757", "type": "Feature", "properties": {"id": "1357757", "CVEGEO": "170240009039A018", "POBTOT": 0.0, "score_nse": 0.0, "NSE": null, "VIVTOT": 0.0, "GRAPROES": 0.0, "_ent": "17", "_mun": "024", "_loc": "0009"}, "geometry": {"type": "Polygon", "coordinates": [[[-99.10806, 18.71138], [-99.10784, 18.71086], [-99.10855, 18.71057], [-99.10905, 18.71134], [-99.10824, 18.71171], [-99.10808, 18.71142], [-99.10835, 18.71128], [-99.10806, 18.71138]]]}}, {"id": "1357758", "type": "Feature", "properties": {"id": "1357758", "CVEGEO": "170240010039A020", "POBTOT": 0.0, "score_nse": 0.0, "NSE": null, "VIVTOT": 0.0, "GRAPROES": 0.0, "_ent": "17", "_mun": "024", "_loc": "0010"}, "geometry": {"type": "Polygon", "coordinates": [[[-99.15037, 18.70198], [-99.15126, 18.70209], [-99.15104, 18.70297], [-99.15019, 18.70282], [-99.15037, 18.70198]]]}}, {"id": "1357759", "type": "Feature", "properties": {"id": "1357759", "CVEGEO": "170240009039A017", "POBTOT": 0.0, "score_nse": 0.0, "NSE": null, "VIVTOT": 0.0, "GRAPROES": 0.0, "_ent": "17", "_mun": "024", "_loc": "0009"}, "geometry": {"type": "Polygon", "coordinates": [[[-99.10921, 18.71125], [-99.10858, 18.71052], [-99.10782, 18.71081], [-99.1075, 18.70973], [-99.10798, 18.70955], [-99.10836, 18.71018], [-99.10879, 18.7105], [-99.10921, 18.71125]]]}}, {"id": "1357760", "type": "Feature", "properties": {"id": "1357760", "CVEGEO": "170240009039A016", "POBTOT": 0.0, "score_nse": 0.0, "NSE": null, "VIVTOT": 0.0, "GRAPROES": 0.0, "_ent": "17", "_mun": "024", "_loc": "0009"}, "geometry": {"type": "Polygon", "coordinates": [[[-99.10703, 18.71114], [-99.10659, 18.71008], [-99.10745, 18.70975], [-99.10777, 18.71083], [-99.10703, 18.71114]]]}}, {"id": "1357761", "type": "Feature", "properties": {"id": "1357761", "CVEGEO": "170240009039A015", "POBTOT": 0.0, "score_nse": 0.0, "NSE": null, "VIVTOT": 0.0, "GRAPROES": 0.0, "_ent": "17", "_mun": "024", "_loc": "0009"}, "geometry": {"type": "Polygon", "coordinates": [[[-99.10637, 18.71138], [-99.10611, 18.71074], [-99.1067, 18.71053], [-99.10699, 18.71117], [-99.10637, 18.71138]]]}}, {"id": "1357762", "type": "Feature", "properties": {"id": "1357762", "CVEGEO": "170240009039A014", "POBTOT": 0.0, "score_nse": 0.0, "NSE": null, "VIVTOT": 0.0, "GRAPROES": 0.0, "_ent": "17", "_mun": "024", "_loc": "0009"}, "geometry": {"type": "Polygon", "coordinates": [[[-99.10634, 18.71139], [-99.1057, 18.71163], [-99.10551, 18.7111], [-99.1061, 18.71088], [-99.10634, 18.71139]]]}}, {"id": "1357763", "type": "Feature", "properties": {"id": "1357763", "CVEGEO": "170240009039A013", "POBTOT": 0.0, "score_nse": 0.0, "NSE": null, "VIVTOT": 0.0, "GRAPROES": 0.0, "_ent": "17", "_mun": "024", "_loc": "0009"}, "geometry": {"type": "Polygon", "coordinates": [[[-99.10577, 18.71285], [-99.10541, 18.71179], [-99.10563, 18.71171], [-99.10595, 18.71277], [-99.10577, 18.71285]]]}}, {"id": "1357764", "type": "Feature", "properties": {"id": "1357764", "CVEGEO": "170240009039A012", "POBTOT": 0.0, "score_nse": 0.0, "NSE": null, "VIVTOT": 0.0, "GRAPROES": 0.0, "_ent": "17", "_mun": "024", "_loc": "0009"}, "geometry": {"type": "Polygon", "coordinates": [[[-99.10563, 18.7135], [-99.10552, 18.71301], [-99.1059, 18.71287], [-99.10601, 18.71333], [-99.10563, 18.7135]]]}}, {"id": "1357765", "type": "Feature", "properties": {"id": "1357765", "CVEGEO": "170240009039A011", "POBTOT": 0.0, "score_nse": 0.0, "NSE": null, "VIVTOT": 0.0, "GRAPROES": 0.0, "_ent": "17", "_mun": "024", "_loc": "0009"}, "geometry": {"type": "Polygon", "coordinates": [[[-99.10603, 18.7138], [-99.1057, 18.71387], [-99.10564, 18.71356], [-99.106, 18.71339], [-99.10603, 18.7138]]]}}, {"id": "1357766", "type": "Feature", "properties": {"id": "1357766", "CVEGEO": "170240009039A010", "POBTOT": 0.0, "score_nse": 0.0, "NSE": null, "VIVTOT": 0.0, "GRAPROES": 0.0, "_ent": "17", "_mun": "024", "_loc": "0009"}, "geometry": {"type": "Polygon", "coordinates": [[[-99.10678, 18.71352], [-99.10644, 18.71367], [-99.10608, 18.71377], [-99.10605, 18.71336], [-99.10675, 18.71304], [-99.10678, 18.71352]]]}}, {"id": "1357767", "type": "Feature", "properties": {"id": "1357767", "CVEGEO": "1702400130188043", "POBTOT": 28.0, "score_nse": 0.0, "NSE": "ND", "VIVTOT": 10.0, "GRAPROES": 8.16, "_ent": "17", "_mun": "024", "_loc": "0013"}, "geometry": {"type": "Polygon", "coordinates": [[[-99.18875, 18.68515], [-99.1888, 18.6836], [-99.18935, 18.6852], [-99.18875, 18.68515]]]}}, {"id": "1357768", "type": "Feature", "properties": {"id": "1357768", "CVEGEO": "1702400130188040", "POBTOT": 53.0, "score_nse": 47.139, "NSE": "C-", "VIVTOT": 16.0, "GRAPROES": 8.39, "_ent": "17", "_mun": "024", "_loc": "0013"}, "geometry": {"type": "Polygon", "coordinates": [[[-99.18819, 18.68435], [-99.18832, 18.68356], [-99.18818, 18.68263], [-99.18863, 18.68269], [-99.18877, 18.68437], [-99.18819, 18.68435]]]}}, {"id": "1357769", "type": "Feature", "properties": {"id": "1357769", "CVEGEO": "1702400130188039", "POBTOT": 27.0, "score_nse": 0.0, "NSE": "ND", "VIVTOT": 13.0, "GRAPROES": 8.88, "_ent": "17", "_mun": "024", "_loc": "0013"}, "geometry": {"type": "Polygon", "coordinates": [[[-99.18342, 18.68181], [-99.18357, 18.68092], [-99.18383, 18.681], [-99.18363, 18.68184], [-99.18342, 18.68181]]]}}, {"id": "1357770", "type": "Feature", "properties": {"id": "1357770", "CVEGEO": "1702400130188037", "POBTOT": 32.0, "score_nse": 60.9154, "NSE": "C", "VIVTOT": 13.0, "GRAPROES": 11.29, "_ent": "17", "_mun": "024", "_loc": "0013"}, "geometry": {"type": "Polygon", "coordinates": [[[-99.18389, 18.68102], [-99.18443, 18.68113], [-99.18425, 18.68198], [-99.1837, 18.68186], [-99.18389, 18.68102]]]}}, {"id": "1357771", "type": "Feature", "properties": {"id": "1357771", "CVEGEO": "1702400130188036", "POBTOT": 24.0, "score_nse": 0.0, "NSE": "ND", "VIVTOT": 13.0, "GRAPROES": 10.53, "_ent": "17", "_mun": "024", "_loc": "0013"}, "geometry": {"type": "Polygon", "coordinates": [[[-99.18756, 18.6811], [-99.18854, 18.68113], [-99.18859, 18.68157], [-99.18756, 18.68156], [-99.18756, 18.6811]]]}}, {"id": "1357772", "type": "Feature", "properties": {"id": "1357772", "CVEGEO": "1702400130188035", "POBTOT": 36.0, "score_nse": 64.3431, "NSE": "C", "VIVTOT": 13.0, "GRAPROES": 11.31, "_ent": "17", "_mun": "024", "_loc": "0013"}, "geometry": {"type": "Polygon", "coordinates": [[[-99.18434, 18.68201], [-99.18452, 18.68116], [-99.18508, 18.68128], [-99.18492, 18.68214], [-99.18434, 18.68201]]]}}, {"id": "1357773", "type": "Feature", "properties": {"id": "1357773", "CVEGEO": "1702400130188033", "POBTOT": 24.0, "score_nse": 0.0, "NSE": "ND", "VIVTOT": 12.0, "GRAPROES": 10.48, "_ent": "17", "_mun": "024", "_loc": "0013"}, "geometry": {"type": "Polygon", "coordinates": [[[-99.18758, 18.68208], [-99.1886, 18.68216], [-99.18861, 18.68263], [-99.18758, 18.68251], [-99.18758, 18.68208]]]}}, {"id": "1357774", "type": "Feature", "properties": {"id": "1357774", "CVEGEO": "1702400130188032", "POBTOT": 36.0, "score_nse": 53.1677, "NSE": "C-", "VIVTOT": 13.0, "GRAPROES": 9.15, "_ent": "17", "_mun": "024", "_loc": "0013"}, "geometry": {"type": "Polygon", "coordinates": [[[-99.18757, 18.68163], [-99.18858, 18.68164], [-99.18859, 18.68211], [-99.18758, 18.68203], [-99.18757, 18.68163]]]}}, {"id": "1357775", "type": "Feature", "properties": {"id": "1357775", "CVEGEO": "1702400130188030", "POBTOT": 28.0, "score_nse": 0.0, "NSE": "ND", "VIVTOT": 10.0, "GRAPROES": 8.52, "_ent": "17", "_mun": "024", "_loc": "0013"}, "geometry": {"type": "Polygon", "coordinates": [[[-99.1869, 18.68198], [-99.1872, 18.68162], [-99.18749, 18.68163], [-99.18752, 18.68202], [-99.1869, 18.68198]]]}}, {"id": "1357776", "type": "Feature", "properties": {"id": "1357776", "CVEGEO": "1702400130188029", "POBTOT": 41.0, "score_nse": 74.3691, "NSE": "C+", "VIVTOT": 14.0, "GRAPROES": 11.94, "_ent": "17", "_mun": "024", "_loc": "0013"}, "geometry": {"type": "Polygon", "coordinates": [[[-99.18526, 18.6819], [-99.18533, 18.68126], [-99.1871, 18.68163], [-99.18663, 18.68226], [-99.18526, 18.6819]]]}}, {"id": "1357777", "type": "Feature", "properties": {"id": "1357777", "CVEGEO": "1702400130188028", "POBTOT": 42.0, "score_nse": 52.2578, "NSE": "C-", "VIVTOT": 18.0, "GRAPROES": 8.34, "_ent": "17", "_mun": "024", "_loc": "0013"}, "geometry": {"type": "Polygon", "coordinates": [[[-99.18404, 18.68291], [-99.18359, 18.68282], [-99.18342, 18.68186], [-99.18424, 18.68204], [-99.18404, 18.68291]]]}}, {"id": "1357778", "type": "Feature", "properties": {"id": "1357778", "CVEGEO": "1702400130188027", "POBTOT": 40.0, "score_nse": 0.0, "NSE": "ND", "VIVTOT": 20.0, "GRAPROES": 8.23, "_ent": "17", "_mun": "024", "_loc": "0013"}, "geometry": {"type": "Polygon", "coordinates": [[[-99.18802, 18.68506], [-99.18816, 18.68441], [-99.18874, 18.68443], [-99.18871, 18.68515], [-99.18802, 18.68506]]]}}, {"id": "1357779", "type": "Feature", "properties": {"id": "1357779", "CVEGEO": "1702400130188026", "POBTOT": 138.0, "score_nse": 0.0, "NSE": "ND", "VIVTOT": 45.0, "GRAPROES": 9.87, "_ent": "17", "_mun": "024", "_loc": "0013"}, "geometry": {"type": "Polygon", "coordinates": [[[-99.18672, 18.68431], [-99.18677, 18.68392], [-99.18582, 18.68336], [-99.18633, 18.68275], [-99.18768, 18.68356], [-99.18742, 18.68431], [-99.18728, 18.6843], [-99.18735, 18.68384], [-99.18721, 18.68431], [-99.18672, 18.68431]]]}}, {"id": "1357780", "type": "Feature", "properties": {"id": "1357780", "CVEGEO": "1702400130188024", "POBTOT": 36.0, "score_nse": 0.0, "NSE": "ND", "VIVTOT": 21.0, "GRAPROES": 8.93, "_ent": "17", "_mun": "024", "_loc": "0013"}, "geometry": {"type": "Polygon", "coordinates": [[[-99.18635, 18.6827], [-99.18656, 18.68244], [-99.18754, 18.68256], [-99.18752, 18.68337], [-99.18635, 18.6827]]]}}, {"id": "1357781", "type": "Feature", "properties": {"id": "1357781", "CVEGEO": "1702400130188022", "POBTOT": 29.0, "score_nse": 58.2262, "NSE": "C", "VIVTOT": 9.0, "GRAPROES": 9.33, "_ent": "17", "_mun": "024", "_loc": "0013"}, "geometry": {"type": "Polygon", "coordinates": [[[-99.18412, 18.68291], [-99.18431, 18.68206], [-99.18491, 18.6822], [-99.1847, 18.68307], [-99.18412, 18.68291]]]}}, {"id": "1357782", "type": "Feature", "properties": {"id": "1357782", "CVEGEO": "1702400130188021", "POBTOT": 57.0, "score_nse": 57.3076, "NSE": "C", "VIVTOT": 18.0, "GRAPROES": 9.44, "_ent": "17", "_mun": "024", "_loc": "0013"}, "geometry": {"type": "Polygon", "coordinates": [[[-99.1837, 18.68356], [-99.18371, 18.68289], [-99.18473, 18.68313], [-99.18452, 18.68382], [-99.1837, 18.68356]]]}}, {"id": "1357783", "type": "Feature", "properties": {"id": "1357783", "CVEGEO": "1702400130188020", "POBTOT": 77.0, "score_nse": 0.0, "NSE": "ND", "VIVTOT": 28.0, "GRAPROES": 10.91, "_ent": "17", "_mun": "024", "_loc": "0013"}, "geometry": {"type": "Polygon", "coordinates": [[[-99.18363, 18.68429], [-99.18371, 18.68361], [-99.18418, 18.68376], [-99.18382, 18.68529], [-99.18329, 18.68514], [-99.18363, 18.68429]]]}}, {"id": "1357784", "type": "Feature", "properties": {"id": "1357784", "CVEGEO": "1702400130188019", "POBTOT": 15.0, "score_nse": 0.0, "NSE": "ND", "VIVTOT": 12.0, "GRAPROES": 9.5, "_ent": "17", "_mun": "024", "_loc": "0013"}, "geometry": {"type": "Polygon", "coordinates": [[[-99.18286, 18.68647], [-99.18296, 18.68578], [-99.18364, 18.68596], [-99.18349, 18.68662], [-99.18286, 18.68647]]]}}, {"id": "1357785", "type": "Feature", "properties": {"id": "1357785", "CVEGEO": "1702400130188018", "POBTOT": 58.0, "score_nse": 0.0, "NSE": "ND", "VIVTOT": 21.0, "GRAPROES": 10.19, "_ent": "17", "_mun": "024", "_loc": "0013"}, "geometry": {"type": "Polygon", "coordinates": [[[-99.1831, 18.68728], [-99.18286, 18.68654], [-99.18347, 18.68667], [-99.18335, 18.6872], [-99.18383, 18.68729], [-99.18368, 18.68785], [-99.1831, 18.68728]]]}}, {"id": "1357786", "type": "Feature", "properties": {"id": "1357786", "CVEGEO": "1702400130188017", "POBTOT": 4.0, "score_nse": 0.0, "NSE": "ND", "VIVTOT": 5.0, "GRAPROES": 0.0, "_ent": "17", "_mun": "024", "_loc": "0013"}, "geometry": {"type": "Polygon", "coordinates": [[[-99.18354, 18.68671], [-99.1839, 18.68678], [-99.18385, 18.68723], [-99.18345, 18.68716], [-99.18354, 18.68671]]]}}, {"id": "1357787", "type": "Feature", "properties": {"id": "1357787", "CVEGEO": "1702400130188016", "POBTOT": 28.0, "score_nse": 0.0, "NSE": "ND", "VIVTOT": 11.0, "GRAPROES": 8.83, "_ent": "17", "_mun": "024", "_loc": "0013"}, "geometry": {"type": "Polygon", "coordinates": [[[-99.18455, 18.68719], [-99.18445, 18.68665], [-99.18519, 18.68657], [-99.18517, 18.68726], [-99.18455, 18.68719]]]}}, {"id": "1357788", "type": "Feature", "properties": {"id": "1357788", "CVEGEO": "1702400130188015", "POBTOT": 14.0, "score_nse": 0.0, "NSE": "ND", "VIVTOT": 5.0, "GRAPROES": 6.75, "_ent": "17", "_mun": "024", "_loc": "0013"}, "geometry": {"type": "Polygon", "coordinates": [[[-99.18524, 18.68716], [-99.18526, 18.68656], [-99.18572, 18.68648], [-99.18564, 18.68737], [-99.18524, 18.68716]]]}}, {"id": "1357789", "type": "Feature", "properties": {"id": "1357789", "CVEGEO": "1702400130188014", "POBTOT": 26.0, "score_nse": 59.71, "NSE": "C", "VIVTOT": 12.0, "GRAPROES": 10.13, "_ent": "17", "_mun": "024", "_loc": "0013"}, "geometry": {"type": "Polygon", "coordinates": [[[-99.18571, 18.6873], [-99.18579, 18.68645], [-99.18627, 18.6863], [-99.18597, 18.68741], [-99.18571, 18.6873]]]}}, {"id": "1357790", "type": "Feature", "properties": {"id": "1357790", "CVEGEO": "1702400130188013", "POBTOT": 102.0, "score_nse": 47.8897, "NSE": "C-", "VIVTOT": 39.0, "GRAPROES": 9.33, "_ent": "17", "_mun": "024", "_loc": "0013"}, "geometry": {"type": "Polygon", "coordinates": [[[-99.18831, 18.68607], [-99.18653, 18.68549], [-99.18664, 18.68497], [-99.18868, 18.68519], [-99.18862, 18.68566], [-99.18831, 18.68607]]]}}, {"id": "1357791", "type": "Feature", "properties": {"id": "1357791", "CVEGEO": "1702400130188012", "POBTOT": 72.0, "score_nse": 52.4891, "NSE": "C-", "VIVTOT": 22.0, "GRAPROES": 9.76, "_ent": "17", "_mun": "024", "_loc": "0013"}, "geometry": {"type": "Polygon", "coordinates": [[[-99.18664, 18.68491], [-99.18673, 18.68438], [-99.18809, 18.68441], [-99.18795, 18.68507], [-99.18664, 18.68491]]]}}, {"id": "1357792", "type": "Feature", "properties": {"id": "1357792", "CVEGEO": "1702400130188011", "POBTOT": 45.0, "score_nse": 57.8493, "NSE": "C", "VIVTOT": 18.0, "GRAPROES": 10.2, "_ent": "17", "_mun": "024", "_loc": "0013"}, "geometry": {"type": "Polygon", "coordinates": [[[-99.18525, 18.68196], [-99.18656, 18.68233], [-99.18578, 18.68332], [-99.18493, 18.68301], [-99.18525, 18.68196]]]}}, {"id": "1357793", "type": "Feature", "properties": {"id": "1357793", "CVEGEO": "1702400130188010", "POBTOT": 28.0, "score_nse": 0.0, "NSE": "ND", "VIVTOT": 10.0, "GRAPROES": 7.79, "_ent": "17", "_mun": "024", "_loc": "0013"}, "geometry": {"type": "Polygon", "coordinates": [[[-99.18425, 18.6838], [-99.18451, 18.68387], [-99.18416, 18.68538], [-99.18387, 18.6853], [-99.18425, 18.6838]]]}}, {"id": "1357794", "type": "Feature", "properties": {"id": "1357794", "CVEGEO": "1702400130188009", "POBTOT": 17.0, "score_nse": 0.0, "NSE": "ND", "VIVTOT": 12.0, "GRAPROES": 6.54, "_ent": "17", "_mun": "024", "_loc": "0013"}, "geometry": {"type": "Polygon", "coordinates": [[[-99.18356, 18.68664], [-99.18387, 18.68536], [-99.18419, 18.68545], [-99.18395, 18.68674], [-99.18356, 18.68664]]]}}, {"id": "1357795", "type": "Feature", "properties": {"id": "1357795", "CVEGEO": "1702400130188008", "POBTOT": 67.0, "score_nse": 53.808, "NSE": "C-", "VIVTOT": 25.0, "GRAPROES": 9.85, "_ent": "17", "_mun": "024", "_loc": "0013"}, "geometry": {"type": "Polygon", "coordinates": [[[-99.18479, 18.68655], [-99.18481, 18.68582], [-99.18435, 18.68582], [-99.18441, 18.68537], [-99.18516, 18.68537], [-99.18518, 18.68652], [-99.18479, 18.68655]]]}}, {"id": "1357796", "type": "Feature", "properties": {"id": "1357796", "CVEGEO": "1702400130188007", "POBTOT": 62.0, "score_nse": 50.3956, "NSE": "C-", "VIVTOT": 27.0, "GRAPROES": 8.96, "_ent": "17", "_mun": "024", "_loc": "0013"}, "geometry": {"type": "Polygon", "coordinates": [[[-99.18525, 18.68652], [-99.18522, 18.68537], [-99.18548, 18.68538], [-99.18544, 18.68565], [-99.18552, 18.68538], [-99.18579, 18.68538], [-99.18573, 18.68642], [-99.18525, 18.68652]]]}}, {"id": "1357797", "type": "Feature", "properties": {"id": "1357797", "CVEGEO": "1702400130188006", "POBTOT": 69.0, "score_nse": 0.0, "NSE": "ND", "VIVTOT": 23.0, "GRAPROES": 9.61, "_ent": "17", "_mun": "024", "_loc": "0013"}, "geometry": {"type": "Polygon", "coordinates": [[[-99.1858, 18.6864], [-99.18586, 18.68538], [-99.18649, 18.68539], [-99.1863, 18.68623], [-99.1858, 18.6864]]]}}, {"id": "1357798", "type": "Feature", "properties": {"id": "1357798", "CVEGEO": "1702400130188004", "POBTOT": 75.0, "score_nse": 0.0, "NSE": "ND", "VIVTOT": 22.0, "GRAPROES": 9.08, "_ent": "17", "_mun": "024", "_loc": "0013"}, "geometry": {"type": "Polygon", "coordinates": [[[-99.18541, 18.68399], [-99.18668, 18.68437], [-99.1866, 18.6849], [-99.18523, 18.6847], [-99.18541, 18.68399]]]}}, {"id": "1357799", "type": "Feature", "properties": {"id": "1357799", "CVEGEO": "1702400130188003", "POBTOT": 27.0, "score_nse": 62.7618, "NSE": "C", "VIVTOT": 11.0, "GRAPROES": 9.83, "_ent": "17", "_mun": "024", "_loc": "0013"}, "geometry": {"type": "Polygon", "coordinates": [[[-99.18458, 18.68455], [-99.18474, 18.68379], [-99.18533, 18.68398], [-99.18515, 18.68469], [-99.18458, 18.68455]]]}}, {"id": "1357800", "type": "Feature", "properties": {"id": "1357800", "CVEGEO": "1702400130188002", "POBTOT": 9.0, "score_nse": 0.0, "NSE": "ND", "VIVTOT": 5.0, "GRAPROES": 0.0, "_ent": "17", "_mun": "024", "_loc": "0013"}, "geometry": {"type": "Polygon", "coordinates": [[[-99.18445, 18.68531], [-99.18456, 18.68461], [-99.18515, 18.68475], [-99.18516, 18.68532], [-99.18445, 18.68531]]]}}, {"id": "1357801", "type": "Feature", "properties": {"id": "1357801", "CVEGEO": "1702400130188001", "POBTOT": 29.0, "score_nse": 65.103, "NSE": "C", "VIVTOT": 8.0, "GRAPROES": 11.58, "_ent": "17", "_mun": "024", "_loc": "0013"}, "geometry": {"type": "Polygon", "coordinates": [[[-99.1852, 18.68522], [-99.18519, 18.68478], [-99.18657, 18.68497], [-99.18649, 18.6853], [-99.1852, 18.68522]]]}}, {"id": "1357802", "type": "Feature", "properties": {"id": "1357802", "CVEGEO": "170240009039A007", "POBTOT": 0.0, "score_nse": 0.0, "NSE": null, "VIVTOT": 0.0, "GRAPROES": 0.0, "_ent": "17", "_mun": "024", "_loc": "0009"}, "geometry": {"type": "Polygon", "coordinates": [[[-99.10757, 18.71264], [-99.10745, 18.71217], [-99.10822, 18.71179], [-99.10849, 18.71221], [-99.10757, 18.71264]]]}}, {"id": "1357803", "type": "Feature", "properties": {"id": "1357803", "CVEGEO": "170240009039A006", "POBTOT": 0.0, "score_nse": 0.0, "NSE": null, "VIVTOT": 0.0, "GRAPROES": 0.0, "_ent": "17", "_mun": "024", "_loc": "0009"}, "geometry": {"type": "Polygon", "coordinates": [[[-99.10741, 18.71209], [-99.10706, 18.7112], [-99.10779, 18.7109], [-99.10818, 18.71174], [-99.10741, 18.71209]]]}}, {"id": "1357804", "type": "Feature", "properties": {"id": "1357804", "CVEGEO": "170240009039A005", "POBTOT": 0.0, "score_nse": 0.0, "NSE": null, "VIVTOT": 0.0, "GRAPROES": 0.0, "_ent": "17", "_mun": "024", "_loc": "0009"}, "geometry": {"type": "Polygon", "coordinates": [[[-99.10667, 18.71245], [-99.10638, 18.71145], [-99.10702, 18.71122], [-99.10737, 18.71211], [-99.10667, 18.71245]]]}}, {"id": "1357805", "type": "Feature", "properties": {"id": "1357805", "CVEGEO": "170240009039A004", "POBTOT": 0.0, "score_nse": 0.0, "NSE": null, "VIVTOT": 0.0, "GRAPROES": 0.0, "_ent": "17", "_mun": "024", "_loc": "0009"}, "geometry": {"type": "Polygon", "coordinates": [[[-99.10623, 18.71264], [-99.10593, 18.71164], [-99.10631, 18.71148], [-99.10661, 18.71246], [-99.10623, 18.71264]]]}}, {"id": "1357806", "type": "Feature", "properties": {"id": "1357806", "CVEGEO": "170240009039A003", "POBTOT": 0.0, "score_nse": 0.0, "NSE": null, "VIVTOT": 0.0, "GRAPROES": 0.0, "_ent": "17", "_mun": "024", "_loc": "0009"}, "geometry": {"type": "Polygon", "coordinates": [[[-99.106, 18.71274], [-99.10569, 18.71171], [-99.10586, 18.71164], [-99.10619, 18.71265], [-99.106, 18.71274]]]}}, {"id": "1357807", "type": "Feature", "properties": {"id": "1357807", "CVEGEO": "170240009039A002", "POBTOT": 0.0, "score_nse": 0.0, "NSE": null, "VIVTOT": 0.0, "GRAPROES": 0.0, "_ent": "17", "_mun": "024", "_loc": "0009"}, "geometry": {"type": "Polygon", "coordinates": [[[-99.10606, 18.71331], [-99.10595, 18.71284], [-99.10663, 18.71254], [-99.10676, 18.713], [-99.10606, 18.71331]]]}}, {"id": "1357808", "type": "Feature", "properties": {"id": "1357808", "CVEGEO": "170240009039A001", "POBTOT": 0.0, "score_nse": 0.0, "NSE": null, "VIVTOT": 0.0, "GRAPROES": 0.0, "_ent": "17", "_mun": "024", "_loc": "0009"}, "geometry": {"type": "Polygon", "coordinates": [[[-99.10682, 18.71298], [-99.10669, 18.71251], [-99.10738, 18.71221], [-99.10752, 18.71265], [-99.10682, 18.71298]]]}}, {"id": "1357809", "type": "Feature", "properties": {"id": "1357809", "CVEGEO": "1702400070366062", "POBTOT": 76.0, "score_nse": 0.0, "NSE": "ND", "VIVTOT": 25.0, "GRAPROES": 8.25, "_ent": "17", "_mun": "024", "_loc": "0007"}, "geometry": {"type": "Polygon", "coordinates": [[[-99.1479, 18.6811], [-99.14816, 18.68117], [-99.14724, 18.68102], [-99.14712, 18.67996], [-99.14747, 18.67995], [-99.14712, 18.67994], [-99.14701, 18.67949], [-99.14653, 18.67884], [-99.1467, 18.67841], [-99.14696, 18.67846], [-99.1467, 18.67886], [-99.14787, 18.67963], [-99.1477, 18.68061], [-99.14812, 18.6807], [-99.1479, 18.6811]]]}}, {"id": "1357810", "type": "Feature", "properties": {"id": "1357810", "CVEGEO": "1702400070366061", "POBTOT": 56.0, "score_nse": 46.1082, "NSE": "C-", "VIVTOT": 23.0, "GRAPROES": 8.85, "_ent": "17", "_mun": "024", "_loc": "0007"}, "geometry": {"type": "Polygon", "coordinates": [[[-99.14482, 18.67427], [-99.1453, 18.6731], [-99.14479, 18.67426], [-99.1446, 18.67326], [-99.14507, 18.67223], [-99.14538, 18.67199], [-99.14779, 18.67113], [-99.14683, 18.6719], [-99.14589, 18.67339], [-99.14482, 18.67427]]]}}, {"id": "1357811", "type": "Feature", "properties": {"id": "1357811", "CVEGEO": "170240009039A038", "POBTOT": 0.0, "score_nse": 0.0, "NSE": null, "VIVTOT": 0.0, "GRAPROES": 0.0, "_ent": "17", "_mun": "024", "_loc": "0009"}, "geometry": {"type": "Polygon", "coordinates": [[[-99.10376, 18.71112], [-99.1044, 18.71093], [-99.10445, 18.7111], [-99.10378, 18.71125], [-99.10376, 18.71112]]]}}, {"id": "1357812", "type": "Feature", "properties": {"id": "1357812", "CVEGEO": "1702400070366055", "POBTOT": 39.0, "score_nse": 0.0, "NSE": "ND", "VIVTOT": 16.0, "GRAPROES": 10.13, "_ent": "17", "_mun": "024", "_loc": "0007"}, "geometry": {"type": "Polygon", "coordinates": [[[-99.14714, 18.68101], [-99.14667, 18.68093], [-99.14648, 18.68056], [-99.14664, 18.68048], [-99.14647, 18.68054], [-99.14615, 18.67983], [-99.14698, 18.6797], [-99.14714, 18.68101]]]}}, {"id": "1357813", "type": "Feature", "properties": {"id": "1357813", "CVEGEO": "1702400070366030", "POBTOT": 71.0, "score_nse": 0.0, "NSE": "ND", "VIVTOT": 31.0, "GRAPROES": 9.13, "_ent": "17", "_mun": "024", "_loc": "0007"}, "geometry": {"type": "Polygon", "coordinates": [[[-99.14424, 18.68134], [-99.14299, 18.68104], [-99.1429, 18.68053], [-99.14334, 18.68041], [-99.14289, 18.68049], [-99.14286, 18.68034], [-99.1436, 18.68016], [-99.1436, 18.68044], [-99.14365, 18.68016], [-99.14405, 18.68011], [-99.14448, 18.68028], [-99.14431, 18.68058], [-99.14397, 18.68061], [-99.14427, 18.68063], [-99.14423, 18.6808], [-99.14394, 18.68085], [-99.14428, 18.68087], [-99.14424, 18.68134]]]}}, {"id": "1357814", "type": "Feature", "properties": {"id": "1357814", "CVEGEO": "1702400070366001", "POBTOT": 136.0, "score_nse": 0.0, "NSE": "ND", "VIVTOT": 55.0, "GRAPROES": 10.19, "_ent": "17", "_mun": "024", "_loc": "0007"}, "geometry": {"type": "Polygon", "coordinates": [[[-99.1383, 18.67846], [-99.13503, 18.67842], [-99.13813, 18.67682], [-99.13961, 18.67488], [-99.14092, 18.67638], [-99.14063, 18.6766], [-99.141, 18.67704], [-99.14159, 18.67664], [-99.1415, 18.67641], [-99.14295, 18.67601], [-99.14297, 18.67774], [-99.14283, 18.67809], [-99.14257, 18.67816], [-99.14281, 18.67812], [-99.14262, 18.6784], [-99.14188, 18.67892], [-99.14152, 18.67902], [-99.14149, 18.67857], [-99.14147, 18.67903], [-99.1401, 18.67884], [-99.14012, 18.67794], [-99.14004, 18.67882], [-99.1383, 18.67846]]]}}, {"id": "1357815", "type": "Feature", "properties": {"id": "1357815", "CVEGEO": "1702400070506011", "POBTOT": 14.0, "score_nse": 0.0, "NSE": "ND", "VIVTOT": 6.0, "GRAPROES": 6.91, "_ent": "17", "_mun": "024", "_loc": "0007"}, "geometry": {"type": "Polygon", "coordinates": [[[-99.13505, 18.68244], [-99.13472, 18.68221], [-99.13531, 18.68184], [-99.13545, 18.68213], [-99.13505, 18.68244]]]}}, {"id": "1357816", "type": "Feature", "properties": {"id": "1357816", "CVEGEO": "1702400070506009", "POBTOT": 14.0, "score_nse": 0.0, "NSE": "ND", "VIVTOT": 4.0, "GRAPROES": 9.1, "_ent": "17", "_mun": "024", "_loc": "0007"}, "geometry": {"type": "Polygon", "coordinates": [[[-99.13455, 18.68221], [-99.13409, 18.68269], [-99.1338, 18.68233], [-99.13429, 18.68214], [-99.13455, 18.68221]]]}}, {"id": "1357817", "type": "Feature", "properties": {"id": "1357817", "CVEGEO": "1702400070506008", "POBTOT": 0.0, "score_nse": 10.0, "NSE": "E", "VIVTOT": 2.0, "GRAPROES": 0.0, "_ent": "17", "_mun": "024", "_loc": "0007"}, "geometry": {"type": "Polygon", "coordinates": [[[-99.13405, 18.68271], [-99.13367, 18.68311], [-99.13339, 18.68276], [-99.13377, 18.68237], [-99.13405, 18.68271]]]}}, {"id": "1357818", "type": "Feature", "properties": {"id": "1357818", "CVEGEO": "1702400070506007", "POBTOT": 11.0, "score_nse": 0.0, "NSE": "ND", "VIVTOT": 5.0, "GRAPROES": 8.7, "_ent": "17", "_mun": "024", "_loc": "0007"}, "geometry": {"type": "Polygon", "coordinates": [[[-99.13423, 18.68328], [-99.13372, 18.68314], [-99.13418, 18.68267], [-99.13458, 18.68287], [-99.13423, 18.68328]]]}}, {"id": "1357819", "type": "Feature", "properties": {"id": "1357819", "CVEGEO": "1702400070506006", "POBTOT": 16.0, "score_nse": 0.0, "NSE": "ND", "VIVTOT": 4.0, "GRAPROES": 9.7, "_ent": "17", "_mun": "024", "_loc": "0007"}, "geometry": {"type": "Polygon", "coordinates": [[[-99.13474, 18.6835], [-99.13421, 18.68338], [-99.13466, 18.68292], [-99.13508, 18.68314], [-99.13474, 18.6835]]]}}, {"id": "1357820", "type": "Feature", "properties": {"id": "1357820", "CVEGEO": "1702400070506005", "POBTOT": 0.0, "score_nse": 0.0, "NSE": "ND", "VIVTOT": 0.0, "GRAPROES": 0.0, "_ent": "17", "_mun": "024", "_loc": "0007"}, "geometry": {"type": "Polygon", "coordinates": [[[-99.13531, 18.6836], [-99.13486, 18.68356], [-99.13478, 18.68353], [-99.13513, 18.68318], [-99.13554, 18.68339], [-99.13531, 18.6836]]]}}, {"id": "1357821", "type": "Feature", "properties": {"id": "1357821", "CVEGEO": "1702400070506004", "POBTOT": 0.0, "score_nse": 10.0, "NSE": "E", "VIVTOT": 2.0, "GRAPROES": 0.0, "_ent": "17", "_mun": "024", "_loc": "0007"}, "geometry": {"type": "Polygon", "coordinates": [[[-99.13569, 18.68324], [-99.13518, 18.68314], [-99.13541, 18.68287], [-99.13563, 18.68295], [-99.13569, 18.68324]]]}}, {"id": "1357822", "type": "Feature", "properties": {"id": "1357822", "CVEGEO": "1702400070506002", "POBTOT": 24.0, "score_nse": 0.0, "NSE": "ND", "VIVTOT": 7.0, "GRAPROES": 9.56, "_ent": "17", "_mun": "024", "_loc": "0007"}, "geometry": {"type": "Polygon", "coordinates": [[[-99.13424, 18.68263], [-99.13461, 18.68224], [-99.13501, 18.68248], [-99.13464, 18.68285], [-99.13424, 18.68263]]]}}, {"id": "1357823", "type": "Feature", "properties": {"id": "1357823", "CVEGEO": "1702400070506001", "POBTOT": 7.0, "score_nse": 0.0, "NSE": "ND", "VIVTOT": 4.0, "GRAPROES": 0.0, "_ent": "17", "_mun": "024", "_loc": "0007"}, "geometry": {"type": "Polygon", "coordinates": [[[-99.13537, 18.68285], [-99.13512, 18.6831], [-99.1347, 18.68288], [-99.13504, 18.68253], [-99.13537, 18.68285]]]}}, {"id": "1357824", "type": "Feature", "properties": {"id": "1357824", "CVEGEO": "1702400070366063", "POBTOT": 61.0, "score_nse": 0.0, "NSE": "ND", "VIVTOT": 20.0, "GRAPROES": 9.67, "_ent": "17", "_mun": "024", "_loc": "0007"}, "geometry": {"type": "Polygon", "coordinates": [[[-99.14482, 18.67437], [-99.14499, 18.67453], [-99.14472, 18.67476], [-99.14554, 18.67558], [-99.1454, 18.67571], [-99.14462, 18.67493], [-99.14455, 18.67459], [-99.14482, 18.67437]]]}}, {"id": "1357825", "type": "Feature", "properties": {"id": "1357825", "CVEGEO": "1702400070366060", "POBTOT": 0.0, "score_nse": 0.0, "NSE": "ND", "VIVTOT": 0.0, "GRAPROES": 0.0, "_ent": "17", "_mun": "024", "_loc": "0007"}, "geometry": {"type": "Polygon", "coordinates": [[[-99.14074, 18.67662], [-99.14118, 18.67628], [-99.14155, 18.67658], [-99.14103, 18.67696], [-99.14074, 18.67662]]]}}, {"id": "1357826", "type": "Feature", "properties": {"id": "1357826", "CVEGEO": "1702400070366059", "POBTOT": 27.0, "score_nse": 0.0, "NSE": "ND", "VIVTOT": 11.0, "GRAPROES": 10.18, "_ent": "17", "_mun": "024", "_loc": "0007"}, "geometry": {"type": "Polygon", "coordinates": [[[-99.14396, 18.67524], [-99.14366, 18.67597], [-99.14326, 18.67585], [-99.14332, 18.67558], [-99.14324, 18.67585], [-99.14311, 18.67577], [-99.14331, 18.67504], [-99.14396, 18.67524]]]}}, {"id": "1357827", "type": "Feature", "properties": {"id": "1357827", "CVEGEO": "1702400070366058", "POBTOT": 33.0, "score_nse": 52.9633, "NSE": "C-", "VIVTOT": 12.0, "GRAPROES": 9.35, "_ent": "17", "_mun": "024", "_loc": "0007"}, "geometry": {"type": "Polygon", "coordinates": [[[-99.1431, 18.6772], [-99.14309, 18.67646], [-99.14306, 18.67607], [-99.14338, 18.67654], [-99.14336, 18.67719], [-99.1431, 18.6772]]]}}, {"id": "1357828", "type": "Feature", "properties": {"id": "1357828", "CVEGEO": "1702400070366057", "POBTOT": 21.0, "score_nse": 0.0, "NSE": "ND", "VIVTOT": 7.0, "GRAPROES": 7.17, "_ent": "17", "_mun": "024", "_loc": "0007"}, "geometry": {"type": "Polygon", "coordinates": [[[-99.14828, 18.68278], [-99.14746, 18.68169], [-99.14727, 18.6811], [-99.14808, 18.68123], [-99.14834, 18.68144], [-99.14866, 18.6827], [-99.14828, 18.68278]]]}}, {"id": "1357829", "type": "Feature", "properties": {"id": "1357829", "CVEGEO": "1702400070366054", "POBTOT": 62.0, "score_nse": 0.0, "NSE": "ND", "VIVTOT": 24.0, "GRAPROES": 9.09, "_ent": "17", "_mun": "024", "_loc": "0007"}, "geometry": {"type": "Polygon", "coordinates": [[[-99.14699, 18.67965], [-99.14607, 18.67981], [-99.14554, 18.67971], [-99.14568, 18.67882], [-99.14647, 18.67889], [-99.14699, 18.67965]]]}}, {"id": "1357830", "type": "Feature", "properties": {"id": "1357830", "CVEGEO": "1702400070366053", "POBTOT": 1.0, "score_nse": 0.0, "NSE": "ND", "VIVTOT": 1.0, "GRAPROES": 0.0, "_ent": "17", "_mun": "024", "_loc": "0007"}, "geometry": {"type": "Polygon", "coordinates": [[[-99.14736, 18.67128], [-99.14533, 18.67195], [-99.1452, 18.67205], [-99.14549, 18.67086], [-99.14659, 18.67104], [-99.14709, 18.67093], [-99.14736, 18.67128]]]}}, {"id": "1357831", "type": "Feature", "properties": {"id": "1357831", "CVEGEO": "1702400070366052", "POBTOT": 64.0, "score_nse": 45.016, "NSE": "C-", "VIVTOT": 23.0, "GRAPROES": 7.76, "_ent": "17", "_mun": "024", "_loc": "0007"}, "geometry": {"type": "Polygon", "coordinates": [[[-99.14398, 18.67376], [-99.14355, 18.67321], [-99.14372, 18.67309], [-99.14354, 18.67319], [-99.14327, 18.67278], [-99.14448, 18.67203], [-99.14537, 18.6711], [-99.14514, 18.67211], [-99.14495, 18.67195], [-99.14504, 18.67219], [-99.14462, 18.6726], [-99.14398, 18.67376]]]}}, {"id": "1357832", "type": "Feature", "properties": {"id": "1357832", "CVEGEO": "1702400070366051", "POBTOT": 14.0, "score_nse": 0.0, "NSE": "ND", "VIVTOT": 10.0, "GRAPROES": 10.77, "_ent": "17", "_mun": "024", "_loc": "0007"}, "geometry": {"type": "Polygon", "coordinates": [[[-99.14363, 18.67438], [-99.14314, 18.67378], [-99.14366, 18.67347], [-99.14394, 18.67381], [-99.14363, 18.67438]]]}}, {"id": "1357833", "type": "Feature", "properties": {"id": "1357833", "CVEGEO": "1702400070366050", "POBTOT": 27.0, "score_nse": 0.0, "NSE": "ND", "VIVTOT": 4.0, "GRAPROES": 11.25, "_ent": "17", "_mun": "024", "_loc": "0007"}, "geometry": {"type": "Polygon", "coordinates": [[[-99.1431, 18.67375], [-99.14276, 18.67302], [-99.14321, 18.67281], [-99.14365, 18.67342], [-99.1431, 18.67375]]]}}, {"id": "1357834", "type": "Feature", "properties": {"id": "1357834", "CVEGEO": "170240009039A030", "POBTOT": 0.0, "score_nse": 0.0, "NSE": null, "VIVTOT": 0.0, "GRAPROES": 0.0, "_ent": "17", "_mun": "024", "_loc": "0009"}, "geometry": {"type": "Polygon", "coordinates": [[[-99.10669, 18.7105], [-99.1061, 18.7107], [-99.10599, 18.71034], [-99.10652, 18.7101], [-99.10669, 18.7105]]]}}, {"id": "1357835", "type": "Feature", "properties": {"id": "1357835", "CVEGEO": "1702400070366049", "POBTOT": 10.0, "score_nse": 0.0, "NSE": "ND", "VIVTOT": 7.0, "GRAPROES": 12.78, "_ent": "17", "_mun": "024", "_loc": "0007"}, "geometry": {"type": "Polygon", "coordinates": [[[-99.14304, 18.67414], [-99.14288, 18.67399], [-99.14217, 18.6733], [-99.14264, 18.67308], [-99.14321, 18.67399], [-99.14304, 18.67414]]]}}, {"id": "1357836", "type": "Feature", "properties": {"id": "1357836", "CVEGEO": "1702400070366048", "POBTOT": 0.0, "score_nse": 0.0, "NSE": "ND", "VIVTOT": 0.0, "GRAPROES": 0.0, "_ent": "17", "_mun": "024", "_loc": "0007"}, "geometry": {"type": "Polygon", "coordinates": [[[-99.13542, 18.6812], [-99.13519, 18.68139], [-99.13507, 18.68106], [-99.13542, 18.6812]]]}}, {"id": "1357837", "type": "Feature", "properties": {"id": "1357837", "CVEGEO": "1702400070366045", "POBTOT": 20.0, "score_nse": 0.0, "NSE": "ND", "VIVTOT": 9.0, "GRAPROES": 7.2, "_ent": "17", "_mun": "024", "_loc": "0007"}, "geometry": {"type": "Polygon", "coordinates": [[[-99.14488, 18.68183], [-99.14431, 18.68165], [-99.14338, 18.68158], [-99.14371, 18.68119], [-99.14483, 18.68147], [-99.14488, 18.68183]]]}}, {"id": "1357838", "type": "Feature", "properties": {"id": "1357838", "CVEGEO": "1702400070366044", "POBTOT": 79.0, "score_nse": 0.0, "NSE": "ND", "VIVTOT": 30.0, "GRAPROES": 8.16, "_ent": "17", "_mun": "024", "_loc": "0007"}, "geometry": {"type": "Polygon", "coordinates": [[[-99.14583, 18.68506], [-99.14524, 18.68476], [-99.14504, 18.68377], [-99.1449, 18.6815], [-99.14429, 18.68137], [-99.14431, 18.68063], [-99.1449, 18.6811], [-99.14552, 18.68239], [-99.14543, 18.68316], [-99.14568, 18.6838], [-99.14604, 18.6842], [-99.14605, 18.68479], [-99.14686, 18.68499], [-99.14583, 18.68506]]]}}, {"id": "1357839", "type": "Feature", "properties": {"id": "1357839", "CVEGEO": "1702400070366043", "POBTOT": 111.0, "score_nse": 57.3663, "NSE": "C", "VIVTOT": 42.0, "GRAPROES": 10.46, "_ent": "17", "_mun": "024", "_loc": "0007"}, "geometry": {"type": "Polygon", "coordinates": [[[-99.14508, 18.68127], [-99.14438, 18.68063], [-99.14452, 18.68038], [-99.14467, 18.68046], [-99.14482, 18.68044], [-99.14411, 18.68009], [-99.14431, 18.67943], [-99.14614, 18.67991], [-99.14661, 18.68099], [-99.14711, 18.68107], [-99.14615, 18.68187], [-99.14508, 18.68127]]]}}, {"id": "1357840", "type": "Feature", "properties": {"id": "1357840", "CVEGEO": "1702400070366040", "POBTOT": 74.0, "score_nse": 41.3648, "NSE": "D+", "VIVTOT": 38.0, "GRAPROES": 8.43, "_ent": "17", "_mun": "024", "_loc": "0007"}, "geometry": {"type": "Polygon", "coordinates": [[[-99.14372, 18.676], [-99.14393, 18.67549], [-99.14427, 18.67563], [-99.14395, 18.67546], [-99.14451, 18.67462], [-99.14456, 18.67496], [-99.14549, 18.67579], [-99.14521, 18.67642], [-99.14442, 18.6762], [-99.14443, 18.67608], [-99.14438, 18.67618], [-99.14372, 18.676]]]}}, {"id": "1357841", "type": "Feature", "properties": {"id": "1357841", "CVEGEO": "1702400070366039", "POBTOT": 84.0, "score_nse": 44.0935, "NSE": "C-", "VIVTOT": 27.0, "GRAPROES": 8.57, "_ent": "17", "_mun": "024", "_loc": "0007"}, "geometry": {"type": "Polygon", "coordinates": [[[-99.14399, 18.6752], [-99.14334, 18.67501], [-99.14468, 18.67259], [-99.14495, 18.67235], [-99.14453, 18.67345], [-99.14475, 18.67435], [-99.14414, 18.67484], [-99.14399, 18.6752]]]}}, {"id": "1357842", "type": "Feature", "properties": {"id": "1357842", "CVEGEO": "170240009039A037", "POBTOT": 0.0, "score_nse": 0.0, "NSE": null, "VIVTOT": 0.0, "GRAPROES": 0.0, "_ent": "17", "_mun": "024", "_loc": "0009"}, "geometry": {"type": "Polygon", "coordinates": [[[-99.10445, 18.71115], [-99.10454, 18.71152], [-99.10385, 18.71165], [-99.10379, 18.71129], [-99.10445, 18.71115]]]}}, {"id": "1357843", "type": "Feature", "properties": {"id": "1357843", "CVEGEO": "1702400070366038", "POBTOT": 46.0, "score_nse": 55.1515, "NSE": "C", "VIVTOT": 16.0, "GRAPROES": 8.89, "_ent": "17", "_mun": "024", "_loc": "0007"}, "geometry": {"type": "Polygon", "coordinates": [[[-99.14329, 18.67498], [-99.14278, 18.67474], [-99.14325, 18.67404], [-99.14357, 18.67448], [-99.14329, 18.67498]]]}}, {"id": "1357844", "type": "Feature", "properties": {"id": "1357844", "CVEGEO": "1702400070366037", "POBTOT": 43.0, "score_nse": 0.0, "NSE": "ND", "VIVTOT": 16.0, "GRAPROES": 7.93, "_ent": "17", "_mun": "024", "_loc": "0007"}, "geometry": {"type": "Polygon", "coordinates": [[[-99.14273, 18.6747], [-99.14212, 18.67438], [-99.14256, 18.67374], [-99.14305, 18.67419], [-99.14273, 18.6747]]]}}, {"id": "1357845", "type": "Feature", "properties": {"id": "1357845", "CVEGEO": "1702400070366036", "POBTOT": 85.0, "score_nse": 0.0, "NSE": "ND", "VIVTOT": 27.0, "GRAPROES": 9.32, "_ent": "17", "_mun": "024", "_loc": "0007"}, "geometry": {"type": "Polygon", "coordinates": [[[-99.14207, 18.67435], [-99.14109, 18.6738], [-99.1421, 18.67333], [-99.14252, 18.67369], [-99.14236, 18.67394], [-99.14223, 18.67387], [-99.14235, 18.67396], [-99.14207, 18.67435]]]}}, {"id": "1357846", "type": "Feature", "properties": {"id": "1357846", "CVEGEO": "1702400070366035", "POBTOT": 18.0, "score_nse": 22.6, "NSE": "D", "VIVTOT": 5.0, "GRAPROES": 4.5, "_ent": "17", "_mun": "024", "_loc": "0007"}, "geometry": {"type": "Polygon", "coordinates": [[[-99.13506, 18.68095], [-99.13684, 18.67884], [-99.13648, 18.67859], [-99.13735, 18.67863], [-99.13506, 18.68095]]]}}, {"id": "1357847", "type": "Feature", "properties": {"id": "1357847", "CVEGEO": "1702400070366034", "POBTOT": 135.0, "score_nse": 46.56, "NSE": "C-", "VIVTOT": 35.0, "GRAPROES": 7.95, "_ent": "17", "_mun": "024", "_loc": "0007"}, "geometry": {"type": "Polygon", "coordinates": [[[-99.13543, 18.68116], [-99.13509, 18.68101], [-99.137, 18.67894], [-99.13743, 18.67867], [-99.13774, 18.67867], [-99.13627, 18.68053], [-99.13543, 18.68116]]]}}, {"id": "1357848", "type": "Feature", "properties": {"id": "1357848", "CVEGEO": "1702400070366033", "POBTOT": 53.0, "score_nse": 44.9815, "NSE": "C-", "VIVTOT": 21.0, "GRAPROES": 7.21, "_ent": "17", "_mun": "024", "_loc": "0007"}, "geometry": {"type": "Polygon", "coordinates": [[[-99.13606, 18.68144], [-99.13551, 18.6812], [-99.13663, 18.6802], [-99.13709, 18.68039], [-99.13606, 18.68144]]]}}, {"id": "1357849", "type": "Feature", "properties": {"id": "1357849", "CVEGEO": "1702400070366029", "POBTOT": 113.0, "score_nse": 55.0944, "NSE": "C", "VIVTOT": 36.0, "GRAPROES": 9.68, "_ent": "17", "_mun": "024", "_loc": "0007"}, "geometry": {"type": "Polygon", "coordinates": [[[-99.14409, 18.67994], [-99.14281, 18.68023], [-99.14272, 18.67876], [-99.14427, 18.67941], [-99.1441, 18.6799], [-99.14353, 18.67973], [-99.14409, 18.67994]]]}}, {"id": "1357850", "type": "Feature", "properties": {"id": "1357850", "CVEGEO": "1702400070366028", "POBTOT": 84.0, "score_nse": 0.0, "NSE": "ND", "VIVTOT": 34.0, "GRAPROES": 9.81, "_ent": "17", "_mun": "024", "_loc": "0007"}, "geometry": {"type": "Polygon", "coordinates": [[[-99.14549, 18.6797], [-99.14496, 18.67956], [-99.14502, 18.67939], [-99.14492, 18.67954], [-99.1436, 18.67906], [-99.14369, 18.67885], [-99.14387, 18.67891], [-99.14371, 18.67882], [-99.14378, 18.67871], [-99.14441, 18.67887], [-99.14445, 18.6791], [-99.14451, 18.67882], [-99.14513, 18.6788], [-99.14514, 18.67901], [-99.14517, 18.6788], [-99.14564, 18.67882], [-99.14549, 18.6797]]]}}, {"id": "1357851", "type": "Feature", "properties": {"id": "1357851", "CVEGEO": "1702400070366027", "POBTOT": 44.0, "score_nse": 33.7645, "NSE": "D+", "VIVTOT": 17.0, "GRAPROES": 6.97, "_ent": "17", "_mun": "024", "_loc": "0007"}, "geometry": {"type": "Polygon", "coordinates": [[[-99.14648, 18.67882], [-99.14585, 18.67878], [-99.14582, 18.67866], [-99.14581, 18.67878], [-99.14542, 18.67872], [-99.14542, 18.67859], [-99.14539, 18.67873], [-99.14456, 18.67876], [-99.14476, 18.67801], [-99.14706, 18.67767], [-99.14712, 18.67789], [-99.14676, 18.67812], [-99.14648, 18.67882]]]}}, {"id": "1357852", "type": "Feature", "properties": {"id": "1357852", "CVEGEO": "1702400070366026", "POBTOT": 152.0, "score_nse": 47.3015, "NSE": "C-", "VIVTOT": 65.0, "GRAPROES": 8.94, "_ent": "17", "_mun": "024", "_loc": "0007"}, "geometry": {"type": "Polygon", "coordinates": [[[-99.14405, 18.67875], [-99.14367, 18.67831], [-99.14347, 18.67682], [-99.14418, 18.67702], [-99.14411, 18.67731], [-99.14435, 18.67744], [-99.14416, 18.67728], [-99.14428, 18.67682], [-99.14459, 18.67686], [-99.14429, 18.67679], [-99.14441, 18.67624], [-99.14518, 18.67646], [-99.14431, 18.67801], [-99.14471, 18.67802], [-99.14452, 18.67876], [-99.14405, 18.67875]]]}}, {"id": "1357853", "type": "Feature", "properties": {"id": "1357853", "CVEGEO": "1702400070366025", "POBTOT": 58.0, "score_nse": 0.0, "NSE": "ND", "VIVTOT": 16.0, "GRAPROES": 8.6, "_ent": "17", "_mun": "024", "_loc": "0007"}, "geometry": {"type": "Polygon", "coordinates": [[[-99.14419, 18.67696], [-99.14347, 18.67677], [-99.1437, 18.67603], [-99.14436, 18.67622], [-99.14419, 18.67696]]]}}, {"id": "1357854", "type": "Feature", "properties": {"id": "1357854", "CVEGEO": "1702400070366024", "POBTOT": 23.0, "score_nse": 0.0, "NSE": "ND", "VIVTOT": 5.0, "GRAPROES": 9.25, "_ent": "17", "_mun": "024", "_loc": "0007"}, "geometry": {"type": "Polygon", "coordinates": [[[-99.1435, 18.67645], [-99.14304, 18.67592], [-99.14308, 18.67583], [-99.14364, 18.67599], [-99.1435, 18.67645]]]}}, {"id": "1357855", "type": "Feature", "properties": {"id": "1357855", "CVEGEO": "1702400070366023", "POBTOT": 11.0, "score_nse": 0.0, "NSE": "ND", "VIVTOT": 5.0, "GRAPROES": 8.67, "_ent": "17", "_mun": "024", "_loc": "0007"}, "geometry": {"type": "Polygon", "coordinates": [[[-99.14301, 18.67589], [-99.14295, 18.67525], [-99.14308, 18.67494], [-99.14327, 18.67502], [-99.14301, 18.67589]]]}}, {"id": "1357856", "type": "Feature", "properties": {"id": "1357856", "CVEGEO": "1702400070366022", "POBTOT": 54.0, "score_nse": 47.3876, "NSE": "C-", "VIVTOT": 21.0, "GRAPROES": 8.5, "_ent": "17", "_mun": "024", "_loc": "0007"}, "geometry": {"type": "Polygon", "coordinates": [[[-99.14294, 18.67585], [-99.14236, 18.67545], [-99.14276, 18.67478], [-99.14305, 18.67493], [-99.14289, 18.67528], [-99.14294, 18.67585]]]}}, {"id": "1357857", "type": "Feature", "properties": {"id": "1357857", "CVEGEO": "1702400070366021", "POBTOT": 42.0, "score_nse": 50.0901, "NSE": "C-", "VIVTOT": 19.0, "GRAPROES": 8.77, "_ent": "17", "_mun": "024", "_loc": "0007"}, "geometry": {"type": "Polygon", "coordinates": [[[-99.14231, 18.67541], [-99.14168, 18.67499], [-99.14209, 18.67443], [-99.14269, 18.67475], [-99.14231, 18.67541]]]}}, {"id": "1357858", "type": "Feature", "properties": {"id": "1357858", "CVEGEO": "1702400070366020", "POBTOT": 54.0, "score_nse": 0.0, "NSE": "ND", "VIVTOT": 20.0, "GRAPROES": 10.34, "_ent": "17", "_mun": "024", "_loc": "0007"}, "geometry": {"type": "Polygon", "coordinates": [[[-99.14158, 18.67493], [-99.14099, 18.67452], [-99.14093, 18.67388], [-99.14203, 18.67439], [-99.14158, 18.67493]]]}}, {"id": "1357859", "type": "Feature", "properties": {"id": "1357859", "CVEGEO": "1702400070366019", "POBTOT": 15.0, "score_nse": 0.0, "NSE": "ND", "VIVTOT": 6.0, "GRAPROES": 9.0, "_ent": "17", "_mun": "024", "_loc": "0007"}, "geometry": {"type": "Polygon", "coordinates": [[[-99.14029, 18.6742], [-99.14075, 18.674], [-99.14094, 18.67457], [-99.14086, 18.67453], [-99.14029, 18.6742]]]}}, {"id": "1357860", "type": "Feature", "properties": {"id": "1357860", "CVEGEO": "1702400070366017", "POBTOT": 6.0, "score_nse": 0.0, "NSE": "ND", "VIVTOT": 2.0, "GRAPROES": 0.0, "_ent": "17", "_mun": "024", "_loc": "0007"}, "geometry": {"type": "Polygon", "coordinates": [[[-99.13866, 18.67883], [-99.13771, 18.67859], [-99.13772, 18.67856], [-99.13893, 18.67864], [-99.13866, 18.67883]]]}}, {"id": "1357861", "type": "Feature", "properties": {"id": "1357861", "CVEGEO": "1702400070366016", "POBTOT": 70.0, "score_nse": 0.0, "NSE": "ND", "VIVTOT": 27.0, "GRAPROES": 9.58, "_ent": "17", "_mun": "024", "_loc": "0007"}, "geometry": {"type": "Polygon", "coordinates": [[[-99.13936, 18.68066], [-99.13865, 18.68045], [-99.13894, 18.67949], [-99.13874, 18.67887], [-99.1389, 18.67875], [-99.14036, 18.68018], [-99.13936, 18.68066]]]}}, {"id": "1357862", "type": "Feature", "properties": {"id": "1357862", "CVEGEO": "1702400070366015", "POBTOT": 50.0, "score_nse": 0.0, "NSE": "ND", "VIVTOT": 15.0, "GRAPROES": 8.83, "_ent": "17", "_mun": "024", "_loc": "0007"}, "geometry": {"type": "Polygon", "coordinates": [[[-99.14134, 18.68119], [-99.14042, 18.6815], [-99.14033, 18.68101], [-99.14125, 18.6808], [-99.14134, 18.68119]]]}}, {"id": "1357863", "type": "Feature", "properties": {"id": "1357863", "CVEGEO": "1702400070366014", "POBTOT": 139.0, "score_nse": 44.6329, "NSE": "C-", "VIVTOT": 54.0, "GRAPROES": 8.55, "_ent": "17", "_mun": "024", "_loc": "0007"}, "geometry": {"type": "Polygon", "coordinates": [[[-99.14217, 18.68181], [-99.14239, 18.68191], [-99.14236, 18.68205], [-99.14133, 18.68242], [-99.14123, 18.68212], [-99.14144, 18.6813], [-99.14161, 18.68176], [-99.14157, 18.68142], [-99.14141, 18.68121], [-99.14177, 18.68111], [-99.1414, 18.68118], [-99.14131, 18.68078], [-99.1422, 18.68059], [-99.14217, 18.68181]]]}}, {"id": "1357864", "type": "Feature", "properties": {"id": "1357864", "CVEGEO": "1702400070366013", "POBTOT": 73.0, "score_nse": 0.0, "NSE": "ND", "VIVTOT": 28.0, "GRAPROES": 9.41, "_ent": "17", "_mun": "024", "_loc": "0007"}, "geometry": {"type": "Polygon", "coordinates": [[[-99.143, 18.68109], [-99.14367, 18.68117], [-99.14312, 18.68171], [-99.14259, 18.6819], [-99.14221, 18.68183], [-99.14225, 18.68059], [-99.14284, 18.68045], [-99.14291, 18.68081], [-99.14268, 18.68087], [-99.14292, 18.68083], [-99.14291, 18.68131], [-99.143, 18.68109]]]}}, {"id": "1357865", "type": "Feature", "properties": {"id": "1357865", "CVEGEO": "1702400070366012", "POBTOT": 77.0, "score_nse": 0.0, "NSE": "ND", "VIVTOT": 24.0, "GRAPROES": 8.97, "_ent": "17", "_mun": "024", "_loc": "0007"}, "geometry": {"type": "Polygon", "coordinates": [[[-99.14277, 18.68035], [-99.14224, 18.68052], [-99.14202, 18.6795], [-99.14267, 18.67956], [-99.14277, 18.68035]]]}}, {"id": "1357866", "type": "Feature", "properties": {"id": "1357866", "CVEGEO": "1702400070366011", "POBTOT": 41.0, "score_nse": 0.0, "NSE": "ND", "VIVTOT": 10.0, "GRAPROES": 8.1, "_ent": "17", "_mun": "024", "_loc": "0007"}, "geometry": {"type": "Polygon", "coordinates": [[[-99.14267, 18.6795], [-99.14201, 18.67944], [-99.14199, 18.67895], [-99.14243, 18.67866], [-99.14259, 18.67872], [-99.14267, 18.6795]]]}}, {"id": "1357867", "type": "Feature", "properties": {"id": "1357867", "CVEGEO": "1702400070366010", "POBTOT": 95.0, "score_nse": 53.645, "NSE": "C-", "VIVTOT": 33.0, "GRAPROES": 9.63, "_ent": "17", "_mun": "024", "_loc": "0007"}, "geometry": {"type": "Polygon", "coordinates": [[[-99.14355, 18.67904], [-99.14293, 18.67879], [-99.14303, 18.67859], [-99.14289, 18.67878], [-99.14249, 18.67861], [-99.14289, 18.67812], [-99.1431, 18.67723], [-99.14336, 18.67721], [-99.14361, 18.67832], [-99.1435, 18.67837], [-99.14362, 18.67834], [-99.14373, 18.67858], [-99.14355, 18.67904]]]}}, {"id": "1357868", "type": "Feature", "properties": {"id": "1357868", "CVEGEO": "1702400070366009", "POBTOT": 32.0, "score_nse": 0.0, "NSE": "ND", "VIVTOT": 12.0, "GRAPROES": 8.25, "_ent": "17", "_mun": "024", "_loc": "0007"}, "geometry": {"type": "Polygon", "coordinates": [[[-99.142, 18.67622], [-99.14232, 18.67551], [-99.14292, 18.67594], [-99.142, 18.67622]]]}}, {"id": "1357869", "type": "Feature", "properties": {"id": "1357869", "CVEGEO": "1702400070366008", "POBTOT": 57.0, "score_nse": 0.0, "NSE": "ND", "VIVTOT": 18.0, "GRAPROES": 8.6, "_ent": "17", "_mun": "024", "_loc": "0007"}, "geometry": {"type": "Polygon", "coordinates": [[[-99.14193, 18.67606], [-99.14146, 18.67585], [-99.141, 18.6756], [-99.1413, 18.67526], [-99.14164, 18.67549], [-99.14186, 18.6752], [-99.14227, 18.67548], [-99.14193, 18.67606]]]}}, {"id": "1357870", "type": "Feature", "properties": {"id": "1357870", "CVEGEO": "1702400070366007", "POBTOT": 0.0, "score_nse": 0.0, "NSE": "ND", "VIVTOT": 0.0, "GRAPROES": 0.0, "_ent": "17", "_mun": "024", "_loc": "0007"}, "geometry": {"type": "Polygon", "coordinates": [[[-99.14137, 18.67518], [-99.14152, 18.67499], [-99.14179, 18.67516], [-99.14165, 18.67534], [-99.14137, 18.67518]]]}}, {"id": "1357871", "type": "Feature", "properties": {"id": "1357871", "CVEGEO": "1702400070366006", "POBTOT": 67.0, "score_nse": 0.0, "NSE": "ND", "VIVTOT": 24.0, "GRAPROES": 7.36, "_ent": "17", "_mun": "024", "_loc": "0007"}, "geometry": {"type": "Polygon", "coordinates": [[[-99.14096, 18.67558], [-99.13979, 18.67465], [-99.14024, 18.67424], [-99.14121, 18.67479], [-99.14102, 18.6751], [-99.14125, 18.67481], [-99.14148, 18.67494], [-99.14096, 18.67558]]]}}, {"id": "1357872", "type": "Feature", "properties": {"id": "1357872", "CVEGEO": "1702400070366005", "POBTOT": 99.0, "score_nse": 0.0, "NSE": "ND", "VIVTOT": 34.0, "GRAPROES": 7.63, "_ent": "17", "_mun": "024", "_loc": "0007"}, "geometry": {"type": "Polygon", "coordinates": [[[-99.14155, 18.67634], [-99.14085, 18.6762], [-99.13964, 18.67486], [-99.13977, 18.67468], [-99.14094, 18.67564], [-99.14194, 18.67613], [-99.14197, 18.67623], [-99.14155, 18.67634]]]}}, {"id": "1357873", "type": "Feature", "properties": {"id": "1357873", "CVEGEO": "1702400070366004", "POBTOT": 28.0, "score_nse": 0.0, "NSE": "ND", "VIVTOT": 11.0, "GRAPROES": 10.15, "_ent": "17", "_mun": "024", "_loc": "0007"}, "geometry": {"type": "Polygon", "coordinates": [[[-99.14057, 18.68033], [-99.13893, 18.67871], [-99.13898, 18.67865], [-99.14074, 18.67904], [-99.14062, 18.67913], [-99.14057, 18.68033]]]}}, {"id": "1357874", "type": "Feature", "properties": {"id": "1357874", "CVEGEO": "1702400070366003", "POBTOT": 18.0, "score_nse": 0.0, "NSE": "ND", "VIVTOT": 5.0, "GRAPROES": 13.0, "_ent": "17", "_mun": "024", "_loc": "0007"}, "geometry": {"type": "Polygon", "coordinates": [[[-99.1406, 18.6809], [-99.13979, 18.68094], [-99.13939, 18.6807], [-99.14038, 18.68021], [-99.1406, 18.68043], [-99.1406, 18.6809]]]}}, {"id": "1357875", "type": "Feature", "properties": {"id": "1357875", "CVEGEO": "1702400070366002", "POBTOT": 118.0, "score_nse": 0.0, "NSE": "ND", "VIVTOT": 40.0, "GRAPROES": 10.49, "_ent": "17", "_mun": "024", "_loc": "0007"}, "geometry": {"type": "Polygon", "coordinates": [[[-99.14151, 18.68066], [-99.14067, 18.68083], [-99.14067, 18.6791], [-99.14194, 18.67896], [-99.14215, 18.68053], [-99.14165, 18.68063], [-99.14152, 18.6803], [-99.14151, 18.68066]]]}}, {"id": "1357876", "type": "Feature", "properties": {"id": "1357876", "CVEGEO": "1702400060154025", "POBTOT": 0.0, "score_nse": 0.0, "NSE": null, "VIVTOT": 0.0, "GRAPROES": 0.0, "_ent": "17", "_mun": "024", "_loc": "0006"}, "geometry": {"type": "Polygon", "coordinates": [[[-99.04502, 18.58138], [-99.04553, 18.58062], [-99.04643, 18.58138], [-99.04603, 18.58199], [-99.04502, 18.58138]]]}}, {"id": "1357877", "type": "Feature", "properties": {"id": "1357877", "CVEGEO": "1702400060154024", "POBTOT": 0.0, "score_nse": 0.0, "NSE": null, "VIVTOT": 0.0, "GRAPROES": 0.0, "_ent": "17", "_mun": "024", "_loc": "0006"}, "geometry": {"type": "Polygon", "coordinates": [[[-99.04401, 18.58073], [-99.04418, 18.5805], [-99.04548, 18.58061], [-99.04498, 18.58135], [-99.04401, 18.58073]]]}}, {"id": "1357878", "type": "Feature", "properties": {"id": "1357878", "CVEGEO": "1702400060154023", "POBTOT": 0.0, "score_nse": 0.0, "NSE": null, "VIVTOT": 0.0, "GRAPROES": 0.0, "_ent": "17", "_mun": "024", "_loc": "0006"}, "geometry": {"type": "Polygon", "coordinates": [[[-99.04027, 18.5828], [-99.03974, 18.58161], [-99.03969, 18.58071], [-99.03994, 18.57985], [-99.04027, 18.57936], [-99.04225, 18.58067], [-99.04169, 18.58089], [-99.04083, 18.58238], [-99.04027, 18.5828]]]}}, {"id": "1357879", "type": "Feature", "properties": {"id": "1357879", "CVEGEO": "1702400060154022", "POBTOT": 0.0, "score_nse": 0.0, "NSE": null, "VIVTOT": 0.0, "GRAPROES": 0.0, "_ent": "17", "_mun": "024", "_loc": "0006"}, "geometry": {"type": "Polygon", "coordinates": [[[-99.04028, 18.58286], [-99.04065, 18.58258], [-99.04141, 18.58304], [-99.04099, 18.58363], [-99.04075, 18.58373], [-99.04028, 18.58286]]]}}, {"id": "1357880", "type": "Feature", "properties": {"id": "1357880", "CVEGEO": "1702400060154021", "POBTOT": 0.0, "score_nse": 0.0, "NSE": null, "VIVTOT": 0.0, "GRAPROES": 0.0, "_ent": "17", "_mun": "024", "_loc": "0006"}, "geometry": {"type": "Polygon", "coordinates": [[[-99.04158, 18.58427], [-99.04102, 18.58368], [-99.04147, 18.58307], [-99.04211, 18.58347], [-99.04158, 18.58427]]]}}, {"id": "1357881", "type": "Feature", "properties": {"id": "1357881", "CVEGEO": "1702400060154018", "POBTOT": 0.0, "score_nse": 0.0, "NSE": null, "VIVTOT": 0.0, "GRAPROES": 0.0, "_ent": "17", "_mun": "024", "_loc": "0006"}, "geometry": {"type": "Polygon", "coordinates": [[[-99.0458, 18.58411], [-99.04565, 18.58368], [-99.04517, 18.58338], [-99.04557, 18.58275], [-99.04651, 18.58332], [-99.04621, 18.58381], [-99.0458, 18.58411]]]}}, {"id": "1357882", "type": "Feature", "properties": {"id": "1357882", "CVEGEO": "1702400060154015", "POBTOT": 0.0, "score_nse": 0.0, "NSE": null, "VIVTOT": 0.0, "GRAPROES": 0.0, "_ent": "17", "_mun": "024", "_loc": "0006"}, "geometry": {"type": "Polygon", "coordinates": [[[-99.04357, 18.58144], [-99.04399, 18.5808], [-99.04495, 18.58141], [-99.04455, 18.58204], [-99.04357, 18.58144]]]}}, {"id": "1357883", "type": "Feature", "properties": {"id": "1357883", "CVEGEO": "1702400060154014", "POBTOT": 0.0, "score_nse": 0.0, "NSE": null, "VIVTOT": 0.0, "GRAPROES": 0.0, "_ent": "17", "_mun": "024", "_loc": "0006"}, "geometry": {"type": "Polygon", "coordinates": [[[-99.04287, 18.58101], [-99.04313, 18.58062], [-99.04408, 18.58053], [-99.04352, 18.58139], [-99.04287, 18.58101]]]}}, {"id": "1357884", "type": "Feature", "properties": {"id": "1357884", "CVEGEO": "1702400060154013", "POBTOT": 0.0, "score_nse": 0.0, "NSE": null, "VIVTOT": 0.0, "GRAPROES": 0.0, "_ent": "17", "_mun": "024", "_loc": "0006"}, "geometry": {"type": "Polygon", "coordinates": [[[-99.04104, 18.57856], [-99.04279, 18.57847], [-99.04484, 18.57942], [-99.04413, 18.58046], [-99.04309, 18.58055], [-99.04281, 18.58097], [-99.04045, 18.57941], [-99.04065, 18.5789], [-99.04104, 18.57856]]]}}, {"id": "1357885", "type": "Feature", "properties": {"id": "1357885", "CVEGEO": "1702400060154010", "POBTOT": 0.0, "score_nse": 0.0, "NSE": null, "VIVTOT": 0.0, "GRAPROES": 0.0, "_ent": "17", "_mun": "024", "_loc": "0006"}, "geometry": {"type": "Polygon", "coordinates": [[[-99.04071, 18.58253], [-99.04119, 18.58195], [-99.04187, 18.58237], [-99.04144, 18.58298], [-99.04071, 18.58253]]]}}, {"id": "1357886", "type": "Feature", "properties": {"id": "1357886", "CVEGEO": "1702400060154008", "POBTOT": 0.0, "score_nse": 0.0, "NSE": null, "VIVTOT": 0.0, "GRAPROES": 0.0, "_ent": "17", "_mun": "024", "_loc": "0006"}, "geometry": {"type": "Polygon", "coordinates": [[[-99.04222, 18.58346], [-99.04263, 18.58283], [-99.04359, 18.58344], [-99.04318, 18.58406], [-99.04222, 18.58346]]]}}, {"id": "1357887", "type": "Feature", "properties": {"id": "1357887", "CVEGEO": "1702400060154007", "POBTOT": 0.0, "score_nse": 0.0, "NSE": null, "VIVTOT": 0.0, "GRAPROES": 0.0, "_ent": "17", "_mun": "024", "_loc": "0006"}, "geometry": {"type": "Polygon", "coordinates": [[[-99.04294, 18.58443], [-99.04365, 18.58347], [-99.04529, 18.58448], [-99.04509, 18.58545], [-99.04485, 18.58525], [-99.04459, 18.58454], [-99.04399, 18.58406], [-99.04386, 18.58402], [-99.04304, 18.58456], [-99.04294, 18.58443]]]}}, {"id": "1357888", "type": "Feature", "properties": {"id": "1357888", "CVEGEO": "1702400060154003", "POBTOT": 0.0, "score_nse": 0.0, "NSE": null, "VIVTOT": 0.0, "GRAPROES": 0.0, "_ent": "17", "_mun": "024", "_loc": "0006"}, "geometry": {"type": "Polygon", "coordinates": [[[-99.04239, 18.58168], [-99.04283, 18.58106], [-99.04348, 18.58146], [-99.04305, 18.58207], [-99.04239, 18.58168]]]}}, {"id": "1357889", "type": "Feature", "properties": {"id": "1357889", "CVEGEO": "1702400060154002", "POBTOT": 0.0, "score_nse": 0.0, "NSE": null, "VIVTOT": 0.0, "GRAPROES": 0.0, "_ent": "17", "_mun": "024", "_loc": "0006"}, "geometry": {"type": "Polygon", "coordinates": [[[-99.04196, 18.58235], [-99.04237, 18.58173], [-99.043, 18.58213], [-99.0426, 18.58273], [-99.04196, 18.58235]]]}}, {"id": "1357890", "type": "Feature", "properties": {"id": "1357890", "CVEGEO": "1702400060154001", "POBTOT": 0.0, "score_nse": 0.0, "NSE": null, "VIVTOT": 0.0, "GRAPROES": 0.0, "_ent": "17", "_mun": "024", "_loc": "0006"}, "geometry": {"type": "Polygon", "coordinates": [[[-99.04307, 18.58217], [-99.04405, 18.58276], [-99.04364, 18.58338], [-99.04267, 18.58278], [-99.04307, 18.58217]]]}}, {"id": "1357891", "type": "Feature", "properties": {"id": "1357891", "CVEGEO": "170240005039A082", "POBTOT": 0.0, "score_nse": 0.0, "NSE": null, "VIVTOT": 0.0, "GRAPROES": 0.0, "_ent": "17", "_mun": "024", "_loc": "0005"}, "geometry": {"type": "Polygon", "coordinates": [[[-99.12112, 18.71411], [-99.12043, 18.71433], [-99.12009, 18.71342], [-99.1207, 18.71322], [-99.12112, 18.71411]]]}}, {"id": "1357892", "type": "Feature", "properties": {"id": "1357892", "CVEGEO": "170240005039A081", "POBTOT": 0.0, "score_nse": 0.0, "NSE": null, "VIVTOT": 0.0, "GRAPROES": 0.0, "_ent": "17", "_mun": "024", "_loc": "0005"}, "geometry": {"type": "Polygon", "coordinates": [[[-99.11686, 18.71545], [-99.11748, 18.71528], [-99.11751, 18.71611], [-99.11692, 18.71627], [-99.11686, 18.71545]]]}}, {"id": "1357893", "type": "Feature", "properties": {"id": "1357893", "CVEGEO": "170240005039A080", "POBTOT": 0.0, "score_nse": 0.0, "NSE": null, "VIVTOT": 0.0, "GRAPROES": 0.0, "_ent": "17", "_mun": "024", "_loc": "0005"}, "geometry": {"type": "Polygon", "coordinates": [[[-99.12538, 18.71999], [-99.12526, 18.71985], [-99.12505, 18.7195], [-99.12526, 18.71944], [-99.12538, 18.71999]]]}}, {"id": "1357894", "type": "Feature", "properties": {"id": "1357894", "CVEGEO": "170240005039A079", "POBTOT": 0.0, "score_nse": 0.0, "NSE": null, "VIVTOT": 0.0, "GRAPROES": 0.0, "_ent": "17", "_mun": "024", "_loc": "0005"}, "geometry": {"type": "Polygon", "coordinates": [[[-99.1252, 18.7194], [-99.12448, 18.71961], [-99.12438, 18.71936], [-99.12512, 18.71916], [-99.1252, 18.7194]]]}}, {"id": "1357895", "type": "Feature", "properties": {"id": "1357895", "CVEGEO": "170240005039A078", "POBTOT": 0.0, "score_nse": 0.0, "NSE": null, "VIVTOT": 0.0, "GRAPROES": 0.0, "_ent": "17", "_mun": "024", "_loc": "0005"}, "geometry": {"type": "Polygon", "coordinates": [[[-99.11995, 18.71545], [-99.11931, 18.71372], [-99.12003, 18.71344], [-99.12071, 18.71525], [-99.11995, 18.71545]]]}}, {"id": "1357896", "type": "Feature", "properties": {"id": "1357896", "CVEGEO": "170240005039A077", "POBTOT": 0.0, "score_nse": 0.0, "NSE": null, "VIVTOT": 0.0, "GRAPROES": 0.0, "_ent": "17", "_mun": "024", "_loc": "0005"}, "geometry": {"type": "Polygon", "coordinates": [[[-99.11666, 18.7114], [-99.11722, 18.71123], [-99.11744, 18.71183], [-99.11689, 18.712], [-99.11666, 18.7114]]]}}, {"id": "1357897", "type": "Feature", "properties": {"id": "1357897", "CVEGEO": "170240005039A076", "POBTOT": 0.0, "score_nse": 0.0, "NSE": null, "VIVTOT": 0.0, "GRAPROES": 0.0, "_ent": "17", "_mun": "024", "_loc": "0005"}, "geometry": {"type": "Polygon", "coordinates": [[[-99.11626, 18.71216], [-99.11599, 18.71161], [-99.11658, 18.71141], [-99.11679, 18.71202], [-99.11626, 18.71216]]]}}, {"id": "1357898", "type": "Feature", "properties": {"id": "1357898", "CVEGEO": "170240005039A075", "POBTOT": 0.0, "score_nse": 0.0, "NSE": null, "VIVTOT": 0.0, "GRAPROES": 0.0, "_ent": "17", "_mun": "024", "_loc": "0005"}, "geometry": {"type": "Polygon", "coordinates": [[[-99.1178, 18.71227], [-99.11736, 18.71113], [-99.11807, 18.71091], [-99.11855, 18.71201], [-99.1178, 18.71227]]]}}, {"id": "1357899", "type": "Feature", "properties": {"id": "1357899", "CVEGEO": "170240005039A074", "POBTOT": 0.0, "score_nse": 0.0, "NSE": null, "VIVTOT": 0.0, "GRAPROES": 0.0, "_ent": "17", "_mun": "024", "_loc": "0005"}, "geometry": {"type": "Polygon", "coordinates": [[[-99.11691, 18.71207], [-99.11747, 18.71191], [-99.11777, 18.7126], [-99.11715, 18.71278], [-99.11691, 18.71207]]]}}, {"id": "1357900", "type": "Feature", "properties": {"id": "1357900", "CVEGEO": "170240005039A073", "POBTOT": 0.0, "score_nse": 0.0, "NSE": null, "VIVTOT": 0.0, "GRAPROES": 0.0, "_ent": "17", "_mun": "024", "_loc": "0005"}, "geometry": {"type": "Polygon", "coordinates": [[[-99.1165, 18.71294], [-99.11627, 18.71225], [-99.11685, 18.71208], [-99.11707, 18.71279], [-99.1165, 18.71294]]]}}, {"id": "1357901", "type": "Feature", "properties": {"id": "1357901", "CVEGEO": "170240005039A071", "POBTOT": 0.0, "score_nse": 0.0, "NSE": null, "VIVTOT": 0.0, "GRAPROES": 0.0, "_ent": "17", "_mun": "024", "_loc": "0005"}, "geometry": {"type": "Polygon", "coordinates": [[[-99.11719, 18.71283], [-99.11777, 18.71268], [-99.11805, 18.71335], [-99.11743, 18.71353], [-99.11719, 18.71283]]]}}, {"id": "1357902", "type": "Feature", "properties": {"id": "1357902", "CVEGEO": "170240005039A070", "POBTOT": 0.0, "score_nse": 0.0, "NSE": null, "VIVTOT": 0.0, "GRAPROES": 0.0, "_ent": "17", "_mun": "024", "_loc": "0005"}, "geometry": {"type": "Polygon", "coordinates": [[[-99.11651, 18.71301], [-99.1171, 18.71286], [-99.11734, 18.71357], [-99.11666, 18.71374], [-99.11651, 18.71301]]]}}, {"id": "1357903", "type": "Feature", "properties": {"id": "1357903", "CVEGEO": "170240005039A069", "POBTOT": 0.0, "score_nse": 0.0, "NSE": null, "VIVTOT": 0.0, "GRAPROES": 0.0, "_ent": "17", "_mun": "024", "_loc": "0005"}, "geometry": {"type": "Polygon", "coordinates": [[[-99.1159, 18.71156], [-99.11641, 18.71301], [-99.11665, 18.71416], [-99.11578, 18.71423], [-99.11586, 18.7126], [-99.11572, 18.71201], [-99.11532, 18.71174], [-99.1159, 18.71156]]]}}, {"id": "1357904", "type": "Feature", "properties": {"id": "1357904", "CVEGEO": "1702400060154016", "POBTOT": 0.0, "score_nse": 0.0, "NSE": null, "VIVTOT": 0.0, "GRAPROES": 0.0, "_ent": "17", "_mun": "024", "_loc": "0006"}, "geometry": {"type": "Polygon", "coordinates": [[[-99.0446, 18.58207], [-99.045, 18.58145], [-99.04598, 18.58204], [-99.04558, 18.58265], [-99.0446, 18.58207]]]}}, {"id": "1357905", "type": "Feature", "properties": {"id": "1357905", "CVEGEO": "170240005039A068", "POBTOT": 0.0, "score_nse": 0.0, "NSE": null, "VIVTOT": 0.0, "GRAPROES": 0.0, "_ent": "17", "_mun": "024", "_loc": "0005"}, "geometry": {"type": "Polygon", "coordinates": [[[-99.12165, 18.72523], [-99.12139, 18.72455], [-99.12225, 18.72419], [-99.12251, 18.72488], [-99.12165, 18.72523]]]}}, {"id": "1357906", "type": "Feature", "properties": {"id": "1357906", "CVEGEO": "170240005039A066", "POBTOT": 0.0, "score_nse": 0.0, "NSE": null, "VIVTOT": 0.0, "GRAPROES": 0.0, "_ent": "17", "_mun": "024", "_loc": "0005"}, "geometry": {"type": "Polygon", "coordinates": [[[-99.12468, 18.71791], [-99.12528, 18.71768], [-99.12581, 18.71889], [-99.12514, 18.71909], [-99.12468, 18.71791]]]}}, {"id": "1357907", "type": "Feature", "properties": {"id": "1357907", "CVEGEO": "170240005039A065", "POBTOT": 0.0, "score_nse": 0.0, "NSE": null, "VIVTOT": 0.0, "GRAPROES": 0.0, "_ent": "17", "_mun": "024", "_loc": "0005"}, "geometry": {"type": "Polygon", "coordinates": [[[-99.12414, 18.71671], [-99.12485, 18.71641], [-99.12525, 18.71764], [-99.12462, 18.71787], [-99.12414, 18.71671]]]}}, {"id": "1357908", "type": "Feature", "properties": {"id": "1357908", "CVEGEO": "170240005039A064", "POBTOT": 0.0, "score_nse": 0.0, "NSE": null, "VIVTOT": 0.0, "GRAPROES": 0.0, "_ent": "17", "_mun": "024", "_loc": "0005"}, "geometry": {"type": "Polygon", "coordinates": [[[-99.12415, 18.71665], [-99.12325, 18.71458], [-99.1238, 18.71442], [-99.12444, 18.71531], [-99.12483, 18.71633], [-99.12415, 18.71665]]]}}, {"id": "1357909", "type": "Feature", "properties": {"id": "1357909", "CVEGEO": "170240005039A063", "POBTOT": 0.0, "score_nse": 0.0, "NSE": null, "VIVTOT": 0.0, "GRAPROES": 0.0, "_ent": "17", "_mun": "024", "_loc": "0005"}, "geometry": {"type": "Polygon", "coordinates": [[[-99.1175, 18.71434], [-99.11746, 18.71359], [-99.11809, 18.71343], [-99.11835, 18.71411], [-99.1175, 18.71434]]]}}, {"id": "1357910", "type": "Feature", "properties": {"id": "1357910", "CVEGEO": "170240005039A062", "POBTOT": 0.0, "score_nse": 0.0, "NSE": null, "VIVTOT": 0.0, "GRAPROES": 0.0, "_ent": "17", "_mun": "024", "_loc": "0005"}, "geometry": {"type": "Polygon", "coordinates": [[[-99.11678, 18.71454], [-99.11672, 18.7138], [-99.11738, 18.71363], [-99.11744, 18.71437], [-99.11678, 18.71454]]]}}, {"id": "1357911", "type": "Feature", "properties": {"id": "1357911", "CVEGEO": "170240005039A061", "POBTOT": 0.0, "score_nse": 0.0, "NSE": null, "VIVTOT": 0.0, "GRAPROES": 0.0, "_ent": "17", "_mun": "024", "_loc": "0005"}, "geometry": {"type": "Polygon", "coordinates": [[[-99.11667, 18.71422], [-99.11669, 18.71469], [-99.11574, 18.71477], [-99.11576, 18.7143], [-99.11667, 18.71422]]]}}, {"id": "1357912", "type": "Feature", "properties": {"id": "1357912", "CVEGEO": "170240005039A059", "POBTOT": 0.0, "score_nse": 0.0, "NSE": null, "VIVTOT": 0.0, "GRAPROES": 0.0, "_ent": "17", "_mun": "024", "_loc": "0005"}, "geometry": {"type": "Polygon", "coordinates": [[[-99.12292, 18.72535], [-99.12229, 18.72377], [-99.12298, 18.72356], [-99.12247, 18.7222], [-99.12176, 18.72242], [-99.12164, 18.72212], [-99.12261, 18.72188], [-99.12383, 18.72526], [-99.123, 18.72555], [-99.12293, 18.72537], [-99.12361, 18.72512], [-99.12292, 18.72535]]]}}, {"id": "1357913", "type": "Feature", "properties": {"id": "1357913", "CVEGEO": "170240005039A058", "POBTOT": 0.0, "score_nse": 0.0, "NSE": null, "VIVTOT": 0.0, "GRAPROES": 0.0, "_ent": "17", "_mun": "024", "_loc": "0005"}, "geometry": {"type": "Polygon", "coordinates": [[[-99.12386, 18.71815], [-99.12461, 18.71794], [-99.1251, 18.7191], [-99.12434, 18.71931], [-99.12386, 18.71815]]]}}, {"id": "1357914", "type": "Feature", "properties": {"id": "1357914", "CVEGEO": "170240005039A057", "POBTOT": 0.0, "score_nse": 0.0, "NSE": null, "VIVTOT": 0.0, "GRAPROES": 0.0, "_ent": "17", "_mun": "024", "_loc": "0005"}, "geometry": {"type": "Polygon", "coordinates": [[[-99.12335, 18.71694], [-99.12407, 18.71671], [-99.12457, 18.71785], [-99.12383, 18.71808], [-99.12335, 18.71694]]]}}, {"id": "1357915", "type": "Feature", "properties": {"id": "1357915", "CVEGEO": "170240005039A056", "POBTOT": 0.0, "score_nse": 0.0, "NSE": null, "VIVTOT": 0.0, "GRAPROES": 0.0, "_ent": "17", "_mun": "024", "_loc": "0005"}, "geometry": {"type": "Polygon", "coordinates": [[[-99.12294, 18.71593], [-99.12363, 18.71571], [-99.12404, 18.71665], [-99.12334, 18.71687], [-99.12294, 18.71593]]]}}, {"id": "1357916", "type": "Feature", "properties": {"id": "1357916", "CVEGEO": "170240005039A055", "POBTOT": 0.0, "score_nse": 0.0, "NSE": null, "VIVTOT": 0.0, "GRAPROES": 0.0, "_ent": "17", "_mun": "024", "_loc": "0005"}, "geometry": {"type": "Polygon", "coordinates": [[[-99.12247, 18.71485], [-99.12317, 18.71461], [-99.12359, 18.71565], [-99.12294, 18.71587], [-99.12247, 18.71485]]]}}, {"id": "1357917", "type": "Feature", "properties": {"id": "1357917", "CVEGEO": "170240005039A054", "POBTOT": 0.0, "score_nse": 0.0, "NSE": null, "VIVTOT": 0.0, "GRAPROES": 0.0, "_ent": "17", "_mun": "024", "_loc": "0005"}, "geometry": {"type": "Polygon", "coordinates": [[[-99.12204, 18.71395], [-99.1227, 18.71372], [-99.12315, 18.71455], [-99.12244, 18.71478], [-99.12204, 18.71395]]]}}, {"id": "1357918", "type": "Feature", "properties": {"id": "1357918", "CVEGEO": "170240005039A053", "POBTOT": 0.0, "score_nse": 0.0, "NSE": null, "VIVTOT": 0.0, "GRAPROES": 0.0, "_ent": "17", "_mun": "024", "_loc": "0005"}, "geometry": {"type": "Polygon", "coordinates": [[[-99.12119, 18.7141], [-99.12048, 18.71259], [-99.12096, 18.71245], [-99.12185, 18.71391], [-99.12119, 18.7141]]]}}, {"id": "1357919", "type": "Feature", "properties": {"id": "1357919", "CVEGEO": "170240005039A052", "POBTOT": 0.0, "score_nse": 0.0, "NSE": null, "VIVTOT": 0.0, "GRAPROES": 0.0, "_ent": "17", "_mun": "024", "_loc": "0005"}, "geometry": {"type": "Polygon", "coordinates": [[[-99.11751, 18.71441], [-99.11838, 18.71416], [-99.11865, 18.71487], [-99.11754, 18.71518], [-99.11751, 18.71441]]]}}, {"id": "1357920", "type": "Feature", "properties": {"id": "1357920", "CVEGEO": "170240005039A051", "POBTOT": 0.0, "score_nse": 0.0, "NSE": null, "VIVTOT": 0.0, "GRAPROES": 0.0, "_ent": "17", "_mun": "024", "_loc": "0005"}, "geometry": {"type": "Polygon", "coordinates": [[[-99.11685, 18.71538], [-99.11678, 18.71461], [-99.11745, 18.71444], [-99.11746, 18.7152], [-99.11685, 18.71538]]]}}, {"id": "1357921", "type": "Feature", "properties": {"id": "1357921", "CVEGEO": "170240005039A050", "POBTOT": 0.0, "score_nse": 0.0, "NSE": null, "VIVTOT": 0.0, "GRAPROES": 0.0, "_ent": "17", "_mun": "024", "_loc": "0005"}, "geometry": {"type": "Polygon", "coordinates": [[[-99.11675, 18.71521], [-99.1159, 18.71526], [-99.11575, 18.71481], [-99.11672, 18.71475], [-99.11675, 18.71521]]]}}, {"id": "1357922", "type": "Feature", "properties": {"id": "1357922", "CVEGEO": "170240005039A049", "POBTOT": 0.0, "score_nse": 0.0, "NSE": null, "VIVTOT": 0.0, "GRAPROES": 0.0, "_ent": "17", "_mun": "024", "_loc": "0005"}, "geometry": {"type": "Polygon", "coordinates": [[[-99.12099, 18.72327], [-99.12182, 18.72301], [-99.12204, 18.72355], [-99.12115, 18.7238], [-99.12099, 18.72327]]]}}, {"id": "1357923", "type": "Feature", "properties": {"id": "1357923", "CVEGEO": "170240005039A047", "POBTOT": 0.0, "score_nse": 0.0, "NSE": null, "VIVTOT": 0.0, "GRAPROES": 0.0, "_ent": "17", "_mun": "024", "_loc": "0005"}, "geometry": {"type": "Polygon", "coordinates": [[[-99.12306, 18.71843], [-99.1238, 18.71821], [-99.12424, 18.71933], [-99.12352, 18.71954], [-99.12306, 18.71843]]]}}, {"id": "1357924", "type": "Feature", "properties": {"id": "1357924", "CVEGEO": "170240005039A046", "POBTOT": 0.0, "score_nse": 0.0, "NSE": null, "VIVTOT": 0.0, "GRAPROES": 0.0, "_ent": "17", "_mun": "024", "_loc": "0005"}, "geometry": {"type": "Polygon", "coordinates": [[[-99.1226, 18.71721], [-99.12327, 18.71698], [-99.12377, 18.7181], [-99.12303, 18.71832], [-99.1226, 18.71721]]]}}, {"id": "1357925", "type": "Feature", "properties": {"id": "1357925", "CVEGEO": "170240005039A045", "POBTOT": 0.0, "score_nse": 0.0, "NSE": null, "VIVTOT": 0.0, "GRAPROES": 0.0, "_ent": "17", "_mun": "024", "_loc": "0005"}, "geometry": {"type": "Polygon", "coordinates": [[[-99.12212, 18.71617], [-99.12285, 18.71594], [-99.12326, 18.71691], [-99.12254, 18.71714], [-99.12212, 18.71617]]]}}, {"id": "1357926", "type": "Feature", "properties": {"id": "1357926", "CVEGEO": "170240005039A044", "POBTOT": 0.0, "score_nse": 0.0, "NSE": null, "VIVTOT": 0.0, "GRAPROES": 0.0, "_ent": "17", "_mun": "024", "_loc": "0005"}, "geometry": {"type": "Polygon", "coordinates": [[[-99.12162, 18.71508], [-99.12238, 18.71486], [-99.12283, 18.71586], [-99.1221, 18.7161], [-99.12162, 18.71508]]]}}, {"id": "1357927", "type": "Feature", "properties": {"id": "1357927", "CVEGEO": "170240005039A043", "POBTOT": 0.0, "score_nse": 0.0, "NSE": null, "VIVTOT": 0.0, "GRAPROES": 0.0, "_ent": "17", "_mun": "024", "_loc": "0005"}, "geometry": {"type": "Polygon", "coordinates": [[[-99.12124, 18.71415], [-99.12193, 18.71396], [-99.12235, 18.71479], [-99.12161, 18.71499], [-99.12124, 18.71415]]]}}, {"id": "1357928", "type": "Feature", "properties": {"id": "1357928", "CVEGEO": "170240005039A042", "POBTOT": 0.0, "score_nse": 0.0, "NSE": null, "VIVTOT": 0.0, "GRAPROES": 0.0, "_ent": "17", "_mun": "024", "_loc": "0005"}, "geometry": {"type": "Polygon", "coordinates": [[[-99.12048, 18.71439], [-99.12118, 18.71418], [-99.12153, 18.71502], [-99.12079, 18.71523], [-99.12048, 18.71439]]]}}, {"id": "1357929", "type": "Feature", "properties": {"id": "1357929", "CVEGEO": "170240005039A041", "POBTOT": 0.0, "score_nse": 0.0, "NSE": null, "VIVTOT": 0.0, "GRAPROES": 0.0, "_ent": "17", "_mun": "024", "_loc": "0005"}, "geometry": {"type": "Polygon", "coordinates": [[[-99.12007, 18.71338], [-99.11934, 18.71175], [-99.11999, 18.7134], [-99.1193, 18.71367], [-99.11813, 18.71093], [-99.1194, 18.71055], [-99.12069, 18.71319], [-99.12007, 18.71338]]]}}, {"id": "1357930", "type": "Feature", "properties": {"id": "1357930", "CVEGEO": "170240005039A040", "POBTOT": 0.0, "score_nse": 0.0, "NSE": null, "VIVTOT": 0.0, "GRAPROES": 0.0, "_ent": "17", "_mun": "024", "_loc": "0005"}, "geometry": {"type": "Polygon", "coordinates": [[[-99.11912, 18.7157], [-99.11784, 18.71233], [-99.11857, 18.71207], [-99.11988, 18.71547], [-99.11912, 18.7157]]]}}, {"id": "1357931", "type": "Feature", "properties": {"id": "1357931", "CVEGEO": "170240005039A039", "POBTOT": 0.0, "score_nse": 0.0, "NSE": null, "VIVTOT": 0.0, "GRAPROES": 0.0, "_ent": "17", "_mun": "024", "_loc": "0005"}, "geometry": {"type": "Polygon", "coordinates": [[[-99.11757, 18.71526], [-99.11869, 18.71494], [-99.11897, 18.71571], [-99.11764, 18.71607], [-99.11757, 18.71526]]]}}, {"id": "1357932", "type": "Feature", "properties": {"id": "1357932", "CVEGEO": "170240005039A038", "POBTOT": 0.0, "score_nse": 0.0, "NSE": null, "VIVTOT": 0.0, "GRAPROES": 0.0, "_ent": "17", "_mun": "024", "_loc": "0005"}, "geometry": {"type": "Polygon", "coordinates": [[[-99.11578, 18.71647], [-99.11568, 18.7162], [-99.11601, 18.7156], [-99.11592, 18.71534], [-99.11675, 18.71527], [-99.11685, 18.71632], [-99.11578, 18.71647]]]}}, {"id": "1357933", "type": "Feature", "properties": {"id": "1357933", "CVEGEO": "170240005039A037", "POBTOT": 0.0, "score_nse": 0.0, "NSE": null, "VIVTOT": 0.0, "GRAPROES": 0.0, "_ent": "17", "_mun": "024", "_loc": "0005"}, "geometry": {"type": "Polygon", "coordinates": [[[-99.12077, 18.72267], [-99.1216, 18.72241], [-99.12181, 18.72294], [-99.12095, 18.7232], [-99.12077, 18.72267]]]}}, {"id": "1357934", "type": "Feature", "properties": {"id": "1357934", "CVEGEO": "170240005039A036", "POBTOT": 0.0, "score_nse": 0.0, "NSE": null, "VIVTOT": 0.0, "GRAPROES": 0.0, "_ent": "17", "_mun": "024", "_loc": "0005"}, "geometry": {"type": "Polygon", "coordinates": [[[-99.12346, 18.71962], [-99.12354, 18.71982], [-99.12264, 18.71988], [-99.12346, 18.71962]]]}}, {"id": "1357935", "type": "Feature", "properties": {"id": "1357935", "CVEGEO": "170240005039A031", "POBTOT": 0.0, "score_nse": 0.0, "NSE": null, "VIVTOT": 0.0, "GRAPROES": 0.0, "_ent": "17", "_mun": "024", "_loc": "0005"}, "geometry": {"type": "Polygon", "coordinates": [[[-99.11999, 18.71553], [-99.12073, 18.71532], [-99.12122, 18.71631], [-99.1204, 18.71657], [-99.11999, 18.71553]]]}}, {"id": "1357936", "type": "Feature", "properties": {"id": "1357936", "CVEGEO": "170240005039A030", "POBTOT": 0.0, "score_nse": 0.0, "NSE": null, "VIVTOT": 0.0, "GRAPROES": 0.0, "_ent": "17", "_mun": "024", "_loc": "0005"}, "geometry": {"type": "Polygon", "coordinates": [[[-99.11914, 18.71576], [-99.11993, 18.71555], [-99.12034, 18.7166], [-99.11958, 18.71683], [-99.11914, 18.71576]]]}}, {"id": "1357937", "type": "Feature", "properties": {"id": "1357937", "CVEGEO": "170240005039A029", "POBTOT": 0.0, "score_nse": 0.0, "NSE": null, "VIVTOT": 0.0, "GRAPROES": 0.0, "_ent": "17", "_mun": "024", "_loc": "0005"}, "geometry": {"type": "Polygon", "coordinates": [[[-99.11862, 18.71595], [-99.11902, 18.71582], [-99.11945, 18.71686], [-99.11899, 18.71699], [-99.11862, 18.71595]]]}}, {"id": "1357938", "type": "Feature", "properties": {"id": "1357938", "CVEGEO": "170240005039A028", "POBTOT": 0.0, "score_nse": 0.0, "NSE": null, "VIVTOT": 0.0, "GRAPROES": 0.0, "_ent": "17", "_mun": "024", "_loc": "0005"}, "geometry": {"type": "Polygon", "coordinates": [[[-99.11799, 18.71725], [-99.11766, 18.7162], [-99.11852, 18.71595], [-99.11886, 18.71702], [-99.11799, 18.71725]]]}}, {"id": "1357939", "type": "Feature", "properties": {"id": "1357939", "CVEGEO": "170240005039A027", "POBTOT": 0.0, "score_nse": 0.0, "NSE": null, "VIVTOT": 0.0, "GRAPROES": 0.0, "_ent": "17", "_mun": "024", "_loc": "0005"}, "geometry": {"type": "Polygon", "coordinates": [[[-99.11693, 18.71637], [-99.11759, 18.71621], [-99.11792, 18.71728], [-99.11715, 18.71749], [-99.11693, 18.71637]]]}}, {"id": "1357940", "type": "Feature", "properties": {"id": "1357940", "CVEGEO": "170240005039A026", "POBTOT": 0.0, "score_nse": 0.0, "NSE": null, "VIVTOT": 0.0, "GRAPROES": 0.0, "_ent": "17", "_mun": "024", "_loc": "0005"}, "geometry": {"type": "Polygon", "coordinates": [[[-99.11679, 18.71644], [-99.11699, 18.71753], [-99.11573, 18.71789], [-99.11572, 18.71672], [-99.11679, 18.71644]]]}}, {"id": "1357941", "type": "Feature", "properties": {"id": "1357941", "CVEGEO": "170240005039A025", "POBTOT": 0.0, "score_nse": 0.0, "NSE": null, "VIVTOT": 0.0, "GRAPROES": 0.0, "_ent": "17", "_mun": "024", "_loc": "0005"}, "geometry": {"type": "Polygon", "coordinates": [[[-99.11704, 18.71762], [-99.11732, 18.71875], [-99.11619, 18.71908], [-99.11574, 18.71799], [-99.11704, 18.71762]]]}}, {"id": "1357942", "type": "Feature", "properties": {"id": "1357942", "CVEGEO": "170240005039A024", "POBTOT": 0.0, "score_nse": 0.0, "NSE": null, "VIVTOT": 0.0, "GRAPROES": 0.0, "_ent": "17", "_mun": "024", "_loc": "0005"}, "geometry": {"type": "Polygon", "coordinates": [[[-99.11733, 18.71884], [-99.1177, 18.71992], [-99.11693, 18.72014], [-99.11628, 18.71915], [-99.11733, 18.71884]]]}}, {"id": "1357943", "type": "Feature", "properties": {"id": "1357943", "CVEGEO": "170240005039A023", "POBTOT": 0.0, "score_nse": 0.0, "NSE": null, "VIVTOT": 0.0, "GRAPROES": 0.0, "_ent": "17", "_mun": "024", "_loc": "0005"}, "geometry": {"type": "Polygon", "coordinates": [[[-99.11772, 18.72001], [-99.11804, 18.7209], [-99.11743, 18.72134], [-99.11727, 18.72068], [-99.11696, 18.72025], [-99.11772, 18.72001]]]}}, {"id": "1357944", "type": "Feature", "properties": {"id": "1357944", "CVEGEO": "170240005039A022", "POBTOT": 0.0, "score_nse": 0.0, "NSE": null, "VIVTOT": 0.0, "GRAPROES": 0.0, "_ent": "17", "_mun": "024", "_loc": "0005"}, "geometry": {"type": "Polygon", "coordinates": [[[-99.1175, 18.72141], [-99.11807, 18.72097], [-99.1187, 18.72192], [-99.11832, 18.72212], [-99.11761, 18.72179], [-99.1175, 18.72141]]]}}, {"id": "1357945", "type": "Feature", "properties": {"id": "1357945", "CVEGEO": "170240005039A021", "POBTOT": 0.0, "score_nse": 0.0, "NSE": null, "VIVTOT": 0.0, "GRAPROES": 0.0, "_ent": "17", "_mun": "024", "_loc": "0005"}, "geometry": {"type": "Polygon", "coordinates": [[[-99.11992, 18.72287], [-99.11974, 18.72275], [-99.11911, 18.72224], [-99.11951, 18.72208], [-99.11992, 18.72287]]]}}, {"id": "1357946", "type": "Feature", "properties": {"id": "1357946", "CVEGEO": "170240005039A020", "POBTOT": 0.0, "score_nse": 0.0, "NSE": null, "VIVTOT": 0.0, "GRAPROES": 0.0, "_ent": "17", "_mun": "024", "_loc": "0005"}, "geometry": {"type": "Polygon", "coordinates": [[[-99.11994, 18.72283], [-99.11957, 18.72207], [-99.1204, 18.72179], [-99.12067, 18.72261], [-99.11994, 18.72283]]]}}, {"id": "1357947", "type": "Feature", "properties": {"id": "1357947", "CVEGEO": "170240005039A019", "POBTOT": 0.0, "score_nse": 0.0, "NSE": null, "VIVTOT": 0.0, "GRAPROES": 0.0, "_ent": "17", "_mun": "024", "_loc": "0005"}, "geometry": {"type": "Polygon", "coordinates": [[[-99.12051, 18.72175], [-99.12126, 18.72152], [-99.12157, 18.72234], [-99.12077, 18.72258], [-99.12051, 18.72175]]]}}, {"id": "1357948", "type": "Feature", "properties": {"id": "1357948", "CVEGEO": "170240005039A018", "POBTOT": 0.0, "score_nse": 0.0, "NSE": null, "VIVTOT": 0.0, "GRAPROES": 0.0, "_ent": "17", "_mun": "024", "_loc": "0005"}, "geometry": {"type": "Polygon", "coordinates": [[[-99.12134, 18.71892], [-99.12214, 18.71869], [-99.12256, 18.71983], [-99.12182, 18.72005], [-99.12134, 18.71892]]]}}, {"id": "1357949", "type": "Feature", "properties": {"id": "1357949", "CVEGEO": "170240005039A017", "POBTOT": 0.0, "score_nse": 0.0, "NSE": null, "VIVTOT": 0.0, "GRAPROES": 0.0, "_ent": "17", "_mun": "024", "_loc": "0005"}, "geometry": {"type": "Polygon", "coordinates": [[[-99.12088, 18.71777], [-99.12168, 18.71749], [-99.12208, 18.71861], [-99.1213, 18.71885], [-99.12088, 18.71777]]]}}, {"id": "1357950", "type": "Feature", "properties": {"id": "1357950", "CVEGEO": "170240005039A016", "POBTOT": 0.0, "score_nse": 0.0, "NSE": null, "VIVTOT": 0.0, "GRAPROES": 0.0, "_ent": "17", "_mun": "024", "_loc": "0005"}, "geometry": {"type": "Polygon", "coordinates": [[[-99.12043, 18.71665], [-99.12126, 18.7164], [-99.12165, 18.71742], [-99.12085, 18.71767], [-99.12043, 18.71665]]]}}, {"id": "1357951", "type": "Feature", "properties": {"id": "1357951", "CVEGEO": "170240005039A015", "POBTOT": 0.0, "score_nse": 0.0, "NSE": null, "VIVTOT": 0.0, "GRAPROES": 0.0, "_ent": "17", "_mun": "024", "_loc": "0005"}, "geometry": {"type": "Polygon", "coordinates": [[[-99.11959, 18.7169], [-99.12037, 18.71668], [-99.12075, 18.7177], [-99.11999, 18.71793], [-99.11959, 18.7169]]]}}, {"id": "1357952", "type": "Feature", "properties": {"id": "1357952", "CVEGEO": "170240005039A012", "POBTOT": 0.0, "score_nse": 0.0, "NSE": null, "VIVTOT": 0.0, "GRAPROES": 0.0, "_ent": "17", "_mun": "024", "_loc": "0005"}, "geometry": {"type": "Polygon", "coordinates": [[[-99.11714, 18.7176], [-99.11794, 18.71734], [-99.11827, 18.71845], [-99.11745, 18.7187], [-99.11714, 18.7176]]]}}, {"id": "1357953", "type": "Feature", "properties": {"id": "1357953", "CVEGEO": "170240005039A011", "POBTOT": 0.0, "score_nse": 0.0, "NSE": null, "VIVTOT": 0.0, "GRAPROES": 0.0, "_ent": "17", "_mun": "024", "_loc": "0005"}, "geometry": {"type": "Polygon", "coordinates": [[[-99.11744, 18.71879], [-99.11831, 18.71856], [-99.11863, 18.71961], [-99.11783, 18.71986], [-99.11744, 18.71879]]]}}, {"id": "1357954", "type": "Feature", "properties": {"id": "1357954", "CVEGEO": "170240005039A010", "POBTOT": 0.0, "score_nse": 0.0, "NSE": null, "VIVTOT": 0.0, "GRAPROES": 0.0, "_ent": "17", "_mun": "024", "_loc": "0005"}, "geometry": {"type": "Polygon", "coordinates": [[[-99.11815, 18.72084], [-99.11784, 18.71998], [-99.11867, 18.7197], [-99.11893, 18.72052], [-99.11815, 18.72084]]]}}, {"id": "1357955", "type": "Feature", "properties": {"id": "1357955", "CVEGEO": "170240005039A009", "POBTOT": 0.0, "score_nse": 0.0, "NSE": null, "VIVTOT": 0.0, "GRAPROES": 0.0, "_ent": "17", "_mun": "024", "_loc": "0005"}, "geometry": {"type": "Polygon", "coordinates": [[[-99.11863, 18.72172], [-99.1182, 18.72093], [-99.11895, 18.72062], [-99.11947, 18.722], [-99.11907, 18.72216], [-99.11863, 18.72172]]]}}, {"id": "1357956", "type": "Feature", "properties": {"id": "1357956", "CVEGEO": "170240005039A003", "POBTOT": 0.0, "score_nse": 0.0, "NSE": null, "VIVTOT": 0.0, "GRAPROES": 0.0, "_ent": "17", "_mun": "024", "_loc": "0005"}, "geometry": {"type": "Polygon", "coordinates": [[[-99.1184, 18.71853], [-99.11923, 18.71828], [-99.11959, 18.71932], [-99.11875, 18.71959], [-99.1184, 18.71853]]]}}, {"id": "1357957", "type": "Feature", "properties": {"id": "1357957", "CVEGEO": "170240005039A002", "POBTOT": 0.0, "score_nse": 0.0, "NSE": null, "VIVTOT": 0.0, "GRAPROES": 0.0, "_ent": "17", "_mun": "024", "_loc": "0005"}, "geometry": {"type": "Polygon", "coordinates": [[[-99.11877, 18.7197], [-99.11961, 18.71942], [-99.12, 18.72058], [-99.11913, 18.72084], [-99.11877, 18.7197]]]}}, {"id": "1357958", "type": "Feature", "properties": {"id": "1357958", "CVEGEO": "170240005039A001", "POBTOT": 0.0, "score_nse": 0.0, "NSE": null, "VIVTOT": 0.0, "GRAPROES": 0.0, "_ent": "17", "_mun": "024", "_loc": "0005"}, "geometry": {"type": "Polygon", "coordinates": [[[-99.11972, 18.71939], [-99.12037, 18.71921], [-99.12081, 18.72035], [-99.1201, 18.72056], [-99.11972, 18.71939]]]}}, {"id": "1357959", "type": "Feature", "properties": {"id": "1357959", "CVEGEO": "1702400040135031", "POBTOT": 0.0, "score_nse": 0.0, "NSE": null, "VIVTOT": 0.0, "GRAPROES": 0.0, "_ent": "17", "_mun": "024", "_loc": "0004"}, "geometry": {"type": "Polygon", "coordinates": [[[-99.10592, 18.8152], [-99.10615, 18.81456], [-99.10746, 18.81517], [-99.1072, 18.81597], [-99.10592, 18.8152]]]}}, {"id": "1357960", "type": "Feature", "properties": {"id": "1357960", "CVEGEO": "1702400040135030", "POBTOT": 0.0, "score_nse": 0.0, "NSE": null, "VIVTOT": 0.0, "GRAPROES": 0.0, "_ent": "17", "_mun": "024", "_loc": "0004"}, "geometry": {"type": "Polygon", "coordinates": [[[-99.10445, 18.81955], [-99.10511, 18.82015], [-99.10508, 18.82038], [-99.10488, 18.82038], [-99.10442, 18.81998], [-99.10426, 18.81974], [-99.10445, 18.81955]]]}}, {"id": "1357961", "type": "Feature", "properties": {"id": "1357961", "CVEGEO": "1702400040135029", "POBTOT": 0.0, "score_nse": 0.0, "NSE": null, "VIVTOT": 0.0, "GRAPROES": 0.0, "_ent": "17", "_mun": "024", "_loc": "0004"}, "geometry": {"type": "Polygon", "coordinates": [[[-99.10709, 18.82126], [-99.10694, 18.8209], [-99.1088, 18.82213], [-99.1085, 18.8228], [-99.10712, 18.82232], [-99.1059, 18.82151], [-99.10511, 18.82004], [-99.10512, 18.8194], [-99.10593, 18.81996], [-99.10623, 18.82047], [-99.10688, 18.82087], [-99.10709, 18.82126]]]}}, {"id": "1357962", "type": "Feature", "properties": {"id": "1357962", "CVEGEO": "1702400040135028", "POBTOT": 0.0, "score_nse": 0.0, "NSE": null, "VIVTOT": 0.0, "GRAPROES": 0.0, "_ent": "17", "_mun": "024", "_loc": "0004"}, "geometry": {"type": "Polygon", "coordinates": [[[-99.10863, 18.81696], [-99.10986, 18.8178], [-99.10925, 18.81855], [-99.1089, 18.81876], [-99.10842, 18.81793], [-99.1087, 18.81771], [-99.10838, 18.81788], [-99.10822, 18.81737], [-99.10785, 18.81706], [-99.10863, 18.81696]]]}}, {"id": "1357963", "type": "Feature", "properties": {"id": "1357963", "CVEGEO": "1702400040135027", "POBTOT": 0.0, "score_nse": 0.0, "NSE": null, "VIVTOT": 0.0, "GRAPROES": 0.0, "_ent": "17", "_mun": "024", "_loc": "0004"}, "geometry": {"type": "Polygon", "coordinates": [[[-99.10721, 18.81302], [-99.10621, 18.81421], [-99.10596, 18.81508], [-99.10575, 18.81509], [-99.10573, 18.8139], [-99.10616, 18.81243], [-99.10672, 18.81258], [-99.10721, 18.81302]]]}}, {"id": "1357964", "type": "Feature", "properties": {"id": "1357964", "CVEGEO": "1702400040135026", "POBTOT": 0.0, "score_nse": 0.0, "NSE": null, "VIVTOT": 0.0, "GRAPROES": 0.0, "_ent": "17", "_mun": "024", "_loc": "0004"}, "geometry": {"type": "Polygon", "coordinates": [[[-99.105, 18.81422], [-99.10513, 18.81437], [-99.10498, 18.81505], [-99.10544, 18.81532], [-99.1051, 18.81586], [-99.1042, 18.81565], [-99.105, 18.81422]]]}}, {"id": "1357965", "type": "Feature", "properties": {"id": "1357965", "CVEGEO": "1702400040135025", "POBTOT": 0.0, "score_nse": 0.0, "NSE": null, "VIVTOT": 0.0, "GRAPROES": 0.0, "_ent": "17", "_mun": "024", "_loc": "0004"}, "geometry": {"type": "Polygon", "coordinates": [[[-99.10359, 18.81668], [-99.10389, 18.81589], [-99.10446, 18.81573], [-99.10394, 18.81679], [-99.10359, 18.81668]]]}}, {"id": "1357966", "type": "Feature", "properties": {"id": "1357966", "CVEGEO": "1702400040135024", "POBTOT": 0.0, "score_nse": 0.0, "NSE": null, "VIVTOT": 0.0, "GRAPROES": 0.0, "_ent": "17", "_mun": "024", "_loc": "0004"}, "geometry": {"type": "Polygon", "coordinates": [[[-99.10399, 18.81681], [-99.10452, 18.8157], [-99.10506, 18.81589], [-99.10445, 18.81699], [-99.10399, 18.81681]]]}}, {"id": "1357967", "type": "Feature", "properties": {"id": "1357967", "CVEGEO": "1702400040135023", "POBTOT": 0.0, "score_nse": 0.0, "NSE": null, "VIVTOT": 0.0, "GRAPROES": 0.0, "_ent": "17", "_mun": "024", "_loc": "0004"}, "geometry": {"type": "Polygon", "coordinates": [[[-99.10511, 18.8191], [-99.10504, 18.81997], [-99.10499, 18.82], [-99.10446, 18.81952], [-99.10485, 18.81888], [-99.10511, 18.8191]]]}}, {"id": "1357968", "type": "Feature", "properties": {"id": "1357968", "CVEGEO": "1702400040135022", "POBTOT": 0.0, "score_nse": 0.0, "NSE": null, "VIVTOT": 0.0, "GRAPROES": 0.0, "_ent": "17", "_mun": "024", "_loc": "0004"}, "geometry": {"type": "Polygon", "coordinates": [[[-99.10838, 18.81797], [-99.10884, 18.81875], [-99.10861, 18.81892], [-99.10813, 18.8181], [-99.10838, 18.81797]]]}}, {"id": "1357969", "type": "Feature", "properties": {"id": "1357969", "CVEGEO": "1702400040135021", "POBTOT": 0.0, "score_nse": 0.0, "NSE": null, "VIVTOT": 0.0, "GRAPROES": 0.0, "_ent": "17", "_mun": "024", "_loc": "0004"}, "geometry": {"type": "Polygon", "coordinates": [[[-99.10752, 18.81521], [-99.10908, 18.81602], [-99.10856, 18.81691], [-99.10809, 18.81696], [-99.10652, 18.81639], [-99.10593, 18.81561], [-99.10599, 18.81527], [-99.10723, 18.81605], [-99.10752, 18.81521]]]}}, {"id": "1357970", "type": "Feature", "properties": {"id": "1357970", "CVEGEO": "1702400040135020", "POBTOT": 0.0, "score_nse": 0.0, "NSE": null, "VIVTOT": 0.0, "GRAPROES": 0.0, "_ent": "17", "_mun": "024", "_loc": "0004"}, "geometry": {"type": "Polygon", "coordinates": [[[-99.10643, 18.81638], [-99.1057, 18.81645], [-99.10573, 18.8152], [-99.10595, 18.81529], [-99.10589, 18.81568], [-99.10643, 18.81638]]]}}, {"id": "1357971", "type": "Feature", "properties": {"id": "1357971", "CVEGEO": "1702400040135019", "POBTOT": 0.0, "score_nse": 0.0, "NSE": null, "VIVTOT": 0.0, "GRAPROES": 0.0, "_ent": "17", "_mun": "024", "_loc": "0004"}, "geometry": {"type": "Polygon", "coordinates": [[[-99.1056, 18.81525], [-99.10565, 18.81641], [-99.1052, 18.81661], [-99.10486, 18.81655], [-99.1056, 18.81525]]]}}, {"id": "1357972", "type": "Feature", "properties": {"id": "1357972", "CVEGEO": "1702400040135018", "POBTOT": 0.0, "score_nse": 0.0, "NSE": null, "VIVTOT": 0.0, "GRAPROES": 0.0, "_ent": "17", "_mun": "024", "_loc": "0004"}, "geometry": {"type": "Polygon", "coordinates": [[[-99.10514, 18.81699], [-99.10503, 18.81725], [-99.10454, 18.81698], [-99.10482, 18.81661], [-99.10514, 18.81699]]]}}, {"id": "1357973", "type": "Feature", "properties": {"id": "1357973", "CVEGEO": "1702400040135017", "POBTOT": 0.0, "score_nse": 0.0, "NSE": null, "VIVTOT": 0.0, "GRAPROES": 0.0, "_ent": "17", "_mun": "024", "_loc": "0004"}, "geometry": {"type": "Polygon", "coordinates": [[[-99.10493, 18.81723], [-99.10484, 18.81781], [-99.10454, 18.81784], [-99.1044, 18.81739], [-99.1045, 18.81704], [-99.10493, 18.81723]]]}}, {"id": "1357974", "type": "Feature", "properties": {"id": "1357974", "CVEGEO": "170240002039A017", "POBTOT": 0.0, "score_nse": 0.0, "NSE": null, "VIVTOT": 0.0, "GRAPROES": 0.0, "_ent": "17", "_mun": "024", "_loc": "0002"}, "geometry": {"type": "Polygon", "coordinates": [[[-99.15898, 18.71489], [-99.16007, 18.71524], [-99.15966, 18.71605], [-99.15865, 18.7152], [-99.15898, 18.71489]]]}}, {"id": "1357975", "type": "Feature", "properties": {"id": "1357975", "CVEGEO": "170240002039A016", "POBTOT": 0.0, "score_nse": 0.0, "NSE": null, "VIVTOT": 0.0, "GRAPROES": 0.0, "_ent": "17", "_mun": "024", "_loc": "0002"}, "geometry": {"type": "Polygon", "coordinates": [[[-99.15614, 18.71105], [-99.15668, 18.71111], [-99.15713, 18.71292], [-99.15776, 18.71367], [-99.15812, 18.71368], [-99.15844, 18.71407], [-99.15951, 18.71427], [-99.15941, 18.71502], [-99.15643, 18.71358], [-99.15614, 18.71105]]]}}, {"id": "1357976", "type": "Feature", "properties": {"id": "1357976", "CVEGEO": "170240002039A015", "POBTOT": 0.0, "score_nse": 0.0, "NSE": null, "VIVTOT": 0.0, "GRAPROES": 0.0, "_ent": "17", "_mun": "024", "_loc": "0002"}, "geometry": {"type": "Polygon", "coordinates": [[[-99.15569, 18.71332], [-99.1563, 18.71364], [-99.15633, 18.71437], [-99.15565, 18.71407], [-99.15569, 18.71332]]]}}, {"id": "1357977", "type": "Feature", "properties": {"id": "1357977", "CVEGEO": "170240002039A014", "POBTOT": 0.0, "score_nse": 0.0, "NSE": null, "VIVTOT": 0.0, "GRAPROES": 0.0, "_ent": "17", "_mun": "024", "_loc": "0002"}, "geometry": {"type": "Polygon", "coordinates": [[[-99.1547, 18.71368], [-99.15515, 18.71295], [-99.15564, 18.71324], [-99.15559, 18.71405], [-99.1547, 18.71368]]]}}, {"id": "1357978", "type": "Feature", "properties": {"id": "1357978", "CVEGEO": "170240002039A013", "POBTOT": 0.0, "score_nse": 0.0, "NSE": null, "VIVTOT": 0.0, "GRAPROES": 0.0, "_ent": "17", "_mun": "024", "_loc": "0002"}, "geometry": {"type": "Polygon", "coordinates": [[[-99.15457, 18.7145], [-99.15467, 18.71372], [-99.15558, 18.7141], [-99.15557, 18.71489], [-99.15457, 18.7145]]]}}, {"id": "1357979", "type": "Feature", "properties": {"id": "1357979", "CVEGEO": "170240002039A012", "POBTOT": 0.0, "score_nse": 0.0, "NSE": null, "VIVTOT": 0.0, "GRAPROES": 0.0, "_ent": "17", "_mun": "024", "_loc": "0002"}, "geometry": {"type": "Polygon", "coordinates": [[[-99.15474, 18.71629], [-99.15457, 18.71454], [-99.15557, 18.71494], [-99.15551, 18.71622], [-99.15474, 18.71629]]]}}, {"id": "1357980", "type": "Feature", "properties": {"id": "1357980", "CVEGEO": "170240002039A011", "POBTOT": 0.0, "score_nse": 0.0, "NSE": null, "VIVTOT": 0.0, "GRAPROES": 0.0, "_ent": "17", "_mun": "024", "_loc": "0002"}, "geometry": {"type": "Polygon", "coordinates": [[[-99.15472, 18.71653], [-99.1547, 18.7164], [-99.15553, 18.7163], [-99.15632, 18.71658], [-99.15595, 18.71748], [-99.15619, 18.71766], [-99.15523, 18.71794], [-99.15489, 18.71755], [-99.15529, 18.71719], [-99.15534, 18.7166], [-99.1556, 18.71653], [-99.15472, 18.71653]]]}}, {"id": "1357981", "type": "Feature", "properties": {"id": "1357981", "CVEGEO": "170240002039A010", "POBTOT": 0.0, "score_nse": 0.0, "NSE": null, "VIVTOT": 0.0, "GRAPROES": 0.0, "_ent": "17", "_mun": "024", "_loc": "0002"}, "geometry": {"type": "Polygon", "coordinates": [[[-99.1568, 18.71663], [-99.15717, 18.71704], [-99.15653, 18.71765], [-99.15633, 18.71774], [-99.15597, 18.71747], [-99.15635, 18.71669], [-99.1565, 18.71678], [-99.1568, 18.71663]]]}}, {"id": "1357982", "type": "Feature", "properties": {"id": "1357982", "CVEGEO": "170240002039A009", "POBTOT": 0.0, "score_nse": 0.0, "NSE": null, "VIVTOT": 0.0, "GRAPROES": 0.0, "_ent": "17", "_mun": "024", "_loc": "0002"}, "geometry": {"type": "Polygon", "coordinates": [[[-99.15792, 18.71755], [-99.15682, 18.71828], [-99.15638, 18.71782], [-99.15721, 18.71707], [-99.15792, 18.71755]]]}}, {"id": "1357983", "type": "Feature", "properties": {"id": "1357983", "CVEGEO": "170240002039A008", "POBTOT": 0.0, "score_nse": 0.0, "NSE": null, "VIVTOT": 0.0, "GRAPROES": 0.0, "_ent": "17", "_mun": "024", "_loc": "0002"}, "geometry": {"type": "Polygon", "coordinates": [[[-99.15826, 18.7176], [-99.15725, 18.71701], [-99.15749, 18.71668], [-99.15745, 18.71645], [-99.15825, 18.71611], [-99.15868, 18.71643], [-99.15827, 18.71694], [-99.15826, 18.7176]]]}}, {"id": "1357984", "type": "Feature", "properties": {"id": "1357984", "CVEGEO": "170240002039A007", "POBTOT": 0.0, "score_nse": 0.0, "NSE": null, "VIVTOT": 0.0, "GRAPROES": 0.0, "_ent": "17", "_mun": "024", "_loc": "0002"}, "geometry": {"type": "Polygon", "coordinates": [[[-99.1589, 18.71649], [-99.15808, 18.71578], [-99.15862, 18.71525], [-99.15963, 18.71612], [-99.1589, 18.71649]]]}}, {"id": "1357985", "type": "Feature", "properties": {"id": "1357985", "CVEGEO": "170240002039A006", "POBTOT": 0.0, "score_nse": 0.0, "NSE": null, "VIVTOT": 0.0, "GRAPROES": 0.0, "_ent": "17", "_mun": "024", "_loc": "0002"}, "geometry": {"type": "Polygon", "coordinates": [[[-99.15801, 18.71573], [-99.15729, 18.71474], [-99.15751, 18.71419], [-99.15894, 18.71486], [-99.15801, 18.71573]]]}}, {"id": "1357986", "type": "Feature", "properties": {"id": "1357986", "CVEGEO": "170240002039A005", "POBTOT": 0.0, "score_nse": 0.0, "NSE": null, "VIVTOT": 0.0, "GRAPROES": 0.0, "_ent": "17", "_mun": "024", "_loc": "0002"}, "geometry": {"type": "Polygon", "coordinates": [[[-99.15724, 18.71466], [-99.15695, 18.71416], [-99.1564, 18.71363], [-99.15746, 18.71417], [-99.15724, 18.71466]]]}}, {"id": "1357987", "type": "Feature", "properties": {"id": "1357987", "CVEGEO": "170240002039A004", "POBTOT": 0.0, "score_nse": 0.0, "NSE": null, "VIVTOT": 0.0, "GRAPROES": 0.0, "_ent": "17", "_mun": "024", "_loc": "0002"}, "geometry": {"type": "Polygon", "coordinates": [[[-99.15658, 18.71473], [-99.15637, 18.71417], [-99.15639, 18.71379], [-99.15704, 18.71449], [-99.15658, 18.71473]]]}}, {"id": "1357988", "type": "Feature", "properties": {"id": "1357988", "CVEGEO": "170240002039A003", "POBTOT": 0.0, "score_nse": 0.0, "NSE": null, "VIVTOT": 0.0, "GRAPROES": 0.0, "_ent": "17", "_mun": "024", "_loc": "0002"}, "geometry": {"type": "Polygon", "coordinates": [[[-99.15562, 18.71491], [-99.15564, 18.71412], [-99.15638, 18.71445], [-99.15667, 18.71535], [-99.15562, 18.71491]]]}}, {"id": "1357989", "type": "Feature", "properties": {"id": "1357989", "CVEGEO": "170240002039A002", "POBTOT": 0.0, "score_nse": 0.0, "NSE": null, "VIVTOT": 0.0, "GRAPROES": 0.0, "_ent": "17", "_mun": "024", "_loc": "0002"}, "geometry": {"type": "Polygon", "coordinates": [[[-99.15562, 18.71496], [-99.15667, 18.71542], [-99.15667, 18.71593], [-99.15645, 18.71578], [-99.15667, 18.71596], [-99.15663, 18.71618], [-99.15604, 18.71631], [-99.15557, 18.71622], [-99.15562, 18.71496]]]}}, {"id": "1357990", "type": "Feature", "properties": {"id": "1357990", "CVEGEO": "170240002039A001", "POBTOT": 0.0, "score_nse": 0.0, "NSE": null, "VIVTOT": 0.0, "GRAPROES": 0.0, "_ent": "17", "_mun": "024", "_loc": "0002"}, "geometry": {"type": "Polygon", "coordinates": [[[-99.15721, 18.71698], [-99.15685, 18.71654], [-99.1566, 18.71477], [-99.15707, 18.71453], [-99.15822, 18.71607], [-99.15737, 18.71643], [-99.15738, 18.71677], [-99.15721, 18.71698]]]}}, {"id": "1357991", "type": "Feature", "properties": {"id": "1357991", "CVEGEO": "1702400010440003", "POBTOT": 2.0, "score_nse": 0.0, "NSE": "ND", "VIVTOT": 2.0, "GRAPROES": 0.0, "_ent": "17", "_mun": "024", "_loc": "0001"}, "geometry": {"type": "Polygon", "coordinates": [[[-99.11972, 18.69857], [-99.11967, 18.69878], [-99.11949, 18.69934], [-99.11938, 18.69852], [-99.11972, 18.69857]]]}}, {"id": "1357992", "type": "Feature", "properties": {"id": "1357992", "CVEGEO": "1702400010440001", "POBTOT": 10.0, "score_nse": 30.168, "NSE": "D+", "VIVTOT": 4.0, "GRAPROES": 7.0, "_ent": "17", "_mun": "024", "_loc": "0001"}, "geometry": {"type": "Polygon", "coordinates": [[[-99.11937, 18.69808], [-99.11983, 18.69819], [-99.11973, 18.69855], [-99.11938, 18.6985], [-99.11937, 18.69808]]]}}, {"id": "1357993", "type": "Feature", "properties": {"id": "1357993", "CVEGEO": "1702400010296039", "POBTOT": 38.0, "score_nse": 0.0, "NSE": "ND", "VIVTOT": 13.0, "GRAPROES": 9.0, "_ent": "17", "_mun": "024", "_loc": "0001"}, "geometry": {"type": "Polygon", "coordinates": [[[-99.12234, 18.6928], [-99.12337, 18.69329], [-99.1233, 18.69364], [-99.12218, 18.69343], [-99.12234, 18.6928]]]}}, {"id": "1357994", "type": "Feature", "properties": {"id": "1357994", "CVEGEO": "1702400010296027", "POBTOT": 26.0, "score_nse": 0.0, "NSE": "ND", "VIVTOT": 11.0, "GRAPROES": 9.47, "_ent": "17", "_mun": "024", "_loc": "0001"}, "geometry": {"type": "Polygon", "coordinates": [[[-99.11954, 18.69777], [-99.11885, 18.69756], [-99.11898, 18.69704], [-99.11945, 18.69714], [-99.11876, 18.69693], [-99.11879, 18.69674], [-99.11973, 18.69701], [-99.11954, 18.69777]]]}}, {"id": "1357995", "type": "Feature", "properties": {"id": "1357995", "CVEGEO": "1702400010239002", "POBTOT": 82.0, "score_nse": 55.2342, "NSE": "C", "VIVTOT": 27.0, "GRAPROES": 9.22, "_ent": "17", "_mun": "024", "_loc": "0001"}, "geometry": {"type": "Polygon", "coordinates": [[[-99.12346, 18.67838], [-99.12316, 18.67926], [-99.12232, 18.67828], [-99.12103, 18.67766], [-99.1211, 18.67745], [-99.12098, 18.67764], [-99.1204, 18.67728], [-99.12015, 18.67763], [-99.11996, 18.67751], [-99.12044, 18.67704], [-99.12108, 18.67687], [-99.12212, 18.67741], [-99.12346, 18.67838]]]}}, {"id": "1357996", "type": "Feature", "properties": {"id": "1357996", "CVEGEO": "1702400010510018", "POBTOT": 1.0, "score_nse": 0.0, "NSE": "ND", "VIVTOT": 1.0, "GRAPROES": 0.0, "_ent": "17", "_mun": "024", "_loc": "0001"}, "geometry": {"type": "Polygon", "coordinates": [[[-99.13384, 18.67549], [-99.13285, 18.67543], [-99.13297, 18.67485], [-99.13331, 18.67447], [-99.13402, 18.67448], [-99.13384, 18.67549]]]}}, {"id": "1357997", "type": "Feature", "properties": {"id": "1357997", "CVEGEO": "1702400010510017", "POBTOT": 0.0, "score_nse": 0.0, "NSE": "ND", "VIVTOT": 0.0, "GRAPROES": 0.0, "_ent": "17", "_mun": "024", "_loc": "0001"}, "geometry": {"type": "Polygon", "coordinates": [[[-99.13406, 18.67449], [-99.13504, 18.67555], [-99.1339, 18.67551], [-99.13406, 18.67449]]]}}, {"id": "1357998", "type": "Feature", "properties": {"id": "1357998", "CVEGEO": "170240005039A014", "POBTOT": 0.0, "score_nse": 0.0, "NSE": null, "VIVTOT": 0.0, "GRAPROES": 0.0, "_ent": "17", "_mun": "024", "_loc": "0005"}, "geometry": {"type": "Polygon", "coordinates": [[[-99.11898, 18.71709], [-99.11947, 18.71693], [-99.11986, 18.71797], [-99.11935, 18.71812], [-99.11898, 18.71709]]]}}, {"id": "1357999", "type": "Feature", "properties": {"id": "1357999", "CVEGEO": "1702400010510016", "POBTOT": 2.0, "score_nse": 0.0, "NSE": "ND", "VIVTOT": 2.0, "GRAPROES": 0.0, "_ent": "17", "_mun": "024", "_loc": "0001"}, "geometry": {"type": "Polygon", "coordinates": [[[-99.13505, 18.67561], [-99.13445, 18.67607], [-99.1338, 18.67603], [-99.13392, 18.67555], [-99.13505, 18.67561]]]}}, {"id": "1358000", "type": "Feature", "properties": {"id": "1358000", "CVEGEO": "1702400010510015", "POBTOT": 0.0, "score_nse": 10.0, "NSE": "E", "VIVTOT": 1.0, "GRAPROES": 0.0, "_ent": "17", "_mun": "024", "_loc": "0001"}, "geometry": {"type": "Polygon", "coordinates": [[[-99.13147, 18.67674], [-99.13056, 18.67649], [-99.13057, 18.67644], [-99.13152, 18.6765], [-99.13147, 18.67674]]]}}, {"id": "1358001", "type": "Feature", "properties": {"id": "1358001", "CVEGEO": "1702400010510014", "POBTOT": 0.0, "score_nse": 0.0, "NSE": "ND", "VIVTOT": 0.0, "GRAPROES": 0.0, "_ent": "17", "_mun": "024", "_loc": "0001"}, "geometry": {"type": "Polygon", "coordinates": [[[-99.1326, 18.67655], [-99.13235, 18.67673], [-99.13156, 18.67675], [-99.13162, 18.67649], [-99.13175, 18.67648], [-99.1326, 18.67655]]]}}, {"id": "1358002", "type": "Feature", "properties": {"id": "1358002", "CVEGEO": "170240011039A041", "POBTOT": 0.0, "score_nse": 0.0, "NSE": null, "VIVTOT": 0.0, "GRAPROES": 0.0, "_ent": "17", "_mun": "024", "_loc": "0011"}, "geometry": {"type": "Polygon", "coordinates": [[[-99.16396, 18.7299], [-99.16405, 18.73041], [-99.16371, 18.73035], [-99.16375, 18.72988], [-99.16396, 18.7299]]]}}, {"id": "1358003", "type": "Feature", "properties": {"id": "1358003", "CVEGEO": "170240011039A040", "POBTOT": 0.0, "score_nse": 0.0, "NSE": null, "VIVTOT": 0.0, "GRAPROES": 0.0, "_ent": "17", "_mun": "024", "_loc": "0011"}, "geometry": {"type": "Polygon", "coordinates": [[[-99.1638, 18.72916], [-99.1638, 18.72873], [-99.16397, 18.72922], [-99.1638, 18.72916]]]}}, {"id": "1358004", "type": "Feature", "properties": {"id": "1358004", "CVEGEO": "170240011039A039", "POBTOT": 0.0, "score_nse": 0.0, "NSE": null, "VIVTOT": 0.0, "GRAPROES": 0.0, "_ent": "17", "_mun": "024", "_loc": "0011"}, "geometry": {"type": "Polygon", "coordinates": [[[-99.16374, 18.72984], [-99.16386, 18.72961], [-99.16392, 18.72987], [-99.16374, 18.72984]]]}}, {"id": "1358005", "type": "Feature", "properties": {"id": "1358005", "CVEGEO": "170240011039A038", "POBTOT": 0.0, "score_nse": 0.0, "NSE": null, "VIVTOT": 0.0, "GRAPROES": 0.0, "_ent": "17", "_mun": "024", "_loc": "0011"}, "geometry": {"type": "Polygon", "coordinates": [[[-99.1591, 18.73292], [-99.15635, 18.73261], [-99.15633, 18.73036], [-99.15826, 18.73111], [-99.15805, 18.73166], [-99.1583, 18.73113], [-99.15887, 18.7314], [-99.15879, 18.73167], [-99.15891, 18.73143], [-99.15951, 18.73171], [-99.1591, 18.73292]]]}}, {"id": "1358006", "type": "Feature", "properties": {"id": "1358006", "CVEGEO": "170240011039A035", "POBTOT": 0.0, "score_nse": 0.0, "NSE": null, "VIVTOT": 0.0, "GRAPROES": 0.0, "_ent": "17", "_mun": "024", "_loc": "0011"}, "geometry": {"type": "Polygon", "coordinates": [[[-99.16348, 18.72459], [-99.16358, 18.72571], [-99.16381, 18.72581], [-99.1637, 18.72601], [-99.16319, 18.72589], [-99.16348, 18.72459]]]}}, {"id": "1358007", "type": "Feature", "properties": {"id": "1358007", "CVEGEO": "1702400120050012", "POBTOT": 21.0, "score_nse": 0.0, "NSE": "ND", "VIVTOT": 7.0, "GRAPROES": 11.38, "_ent": "17", "_mun": "024", "_loc": "0012"}, "geometry": {"type": "Polygon", "coordinates": [[[-99.12083, 18.76289], [-99.12, 18.76264], [-99.1201, 18.76231], [-99.12096, 18.76258], [-99.12083, 18.76289]]]}}, {"id": "1358008", "type": "Feature", "properties": {"id": "1358008", "CVEGEO": "170240011039A034", "POBTOT": 0.0, "score_nse": 0.0, "NSE": null, "VIVTOT": 0.0, "GRAPROES": 0.0, "_ent": "17", "_mun": "024", "_loc": "0011"}, "geometry": {"type": "Polygon", "coordinates": [[[-99.1632, 18.72549], [-99.16296, 18.72623], [-99.16281, 18.72628], [-99.16242, 18.72562], [-99.16253, 18.72547], [-99.1632, 18.72549]]]}}, {"id": "1358009", "type": "Feature", "properties": {"id": "1358009", "CVEGEO": "170240011039A033", "POBTOT": 0.0, "score_nse": 0.0, "NSE": null, "VIVTOT": 0.0, "GRAPROES": 0.0, "_ent": "17", "_mun": "024", "_loc": "0011"}, "geometry": {"type": "Polygon", "coordinates": [[[-99.16259, 18.72599], [-99.16237, 18.72604], [-99.16218, 18.72593], [-99.16239, 18.72565], [-99.16259, 18.72599]]]}}, {"id": "1358010", "type": "Feature", "properties": {"id": "1358010", "CVEGEO": "170240011039A032", "POBTOT": 0.0, "score_nse": 0.0, "NSE": null, "VIVTOT": 0.0, "GRAPROES": 0.0, "_ent": "17", "_mun": "024", "_loc": "0011"}, "geometry": {"type": "Polygon", "coordinates": [[[-99.16238, 18.72615], [-99.16264, 18.72603], [-99.16273, 18.72628], [-99.16237, 18.72631], [-99.16238, 18.72615]]]}}, {"id": "1358011", "type": "Feature", "properties": {"id": "1358011", "CVEGEO": "170240011039A031", "POBTOT": 0.0, "score_nse": 0.0, "NSE": null, "VIVTOT": 0.0, "GRAPROES": 0.0, "_ent": "17", "_mun": "024", "_loc": "0011"}, "geometry": {"type": "Polygon", "coordinates": [[[-99.16235, 18.72632], [-99.16218, 18.72595], [-99.16231, 18.72595], [-99.16235, 18.72632]]]}}, {"id": "1358012", "type": "Feature", "properties": {"id": "1358012", "CVEGEO": "170240011039A030", "POBTOT": 0.0, "score_nse": 0.0, "NSE": null, "VIVTOT": 0.0, "GRAPROES": 0.0, "_ent": "17", "_mun": "024", "_loc": "0011"}, "geometry": {"type": "Polygon", "coordinates": [[[-99.16229, 18.7264], [-99.16271, 18.72635], [-99.16265, 18.72685], [-99.16225, 18.72653], [-99.16229, 18.7264]]]}}, {"id": "1358013", "type": "Feature", "properties": {"id": "1358013", "CVEGEO": "170240011039A029", "POBTOT": 0.0, "score_nse": 0.0, "NSE": null, "VIVTOT": 0.0, "GRAPROES": 0.0, "_ent": "17", "_mun": "024", "_loc": "0011"}, "geometry": {"type": "Polygon", "coordinates": [[[-99.15883, 18.7341], [-99.15915, 18.73296], [-99.15967, 18.733], [-99.15971, 18.73422], [-99.15883, 18.7341]]]}}, {"id": "1358014", "type": "Feature", "properties": {"id": "1358014", "CVEGEO": "170240011039A028", "POBTOT": 0.0, "score_nse": 0.0, "NSE": null, "VIVTOT": 0.0, "GRAPROES": 0.0, "_ent": "17", "_mun": "024", "_loc": "0011"}, "geometry": {"type": "Polygon", "coordinates": [[[-99.15973, 18.73299], [-99.16026, 18.73301], [-99.16075, 18.73432], [-99.15976, 18.73425], [-99.15973, 18.73299]]]}}, {"id": "1358015", "type": "Feature", "properties": {"id": "1358015", "CVEGEO": "170240011039A026", "POBTOT": 0.0, "score_nse": 0.0, "NSE": null, "VIVTOT": 0.0, "GRAPROES": 0.0, "_ent": "17", "_mun": "024", "_loc": "0011"}, "geometry": {"type": "Polygon", "coordinates": [[[-99.16379, 18.72923], [-99.16399, 18.72925], [-99.16414, 18.72983], [-99.16419, 18.73037], [-99.16408, 18.73041], [-99.16379, 18.72923]]]}}, {"id": "1358016", "type": "Feature", "properties": {"id": "1358016", "CVEGEO": "170240011039A025", "POBTOT": 0.0, "score_nse": 0.0, "NSE": null, "VIVTOT": 0.0, "GRAPROES": 0.0, "_ent": "17", "_mun": "024", "_loc": "0011"}, "geometry": {"type": "Polygon", "coordinates": [[[-99.16339, 18.72825], [-99.16366, 18.72861], [-99.16367, 18.72865], [-99.1632, 18.72849], [-99.16339, 18.72825]]]}}, {"id": "1358017", "type": "Feature", "properties": {"id": "1358017", "CVEGEO": "170240011039A024", "POBTOT": 0.0, "score_nse": 0.0, "NSE": null, "VIVTOT": 0.0, "GRAPROES": 0.0, "_ent": "17", "_mun": "024", "_loc": "0011"}, "geometry": {"type": "Polygon", "coordinates": [[[-99.16315, 18.72845], [-99.16236, 18.7279], [-99.16243, 18.72759], [-99.16273, 18.72773], [-99.16242, 18.72752], [-99.16233, 18.72771], [-99.16134, 18.72739], [-99.16148, 18.72704], [-99.1613, 18.72738], [-99.16083, 18.72728], [-99.16102, 18.72644], [-99.16212, 18.72644], [-99.16278, 18.72714], [-99.1634, 18.72812], [-99.16315, 18.72845]]]}}, {"id": "1358018", "type": "Feature", "properties": {"id": "1358018", "CVEGEO": "170240011039A023", "POBTOT": 0.0, "score_nse": 0.0, "NSE": null, "VIVTOT": 0.0, "GRAPROES": 0.0, "_ent": "17", "_mun": "024", "_loc": "0011"}, "geometry": {"type": "Polygon", "coordinates": [[[-99.15764, 18.73269], [-99.15908, 18.73299], [-99.15884, 18.73388], [-99.15775, 18.73359], [-99.15882, 18.73395], [-99.1586, 18.7347], [-99.15672, 18.73429], [-99.15679, 18.73271], [-99.15764, 18.73269]]]}}, {"id": "1358019", "type": "Feature", "properties": {"id": "1358019", "CVEGEO": "170240011039A022", "POBTOT": 0.0, "score_nse": 0.0, "NSE": null, "VIVTOT": 0.0, "GRAPROES": 0.0, "_ent": "17", "_mun": "024", "_loc": "0011"}, "geometry": {"type": "Polygon", "coordinates": [[[-99.15945, 18.73197], [-99.15997, 18.73229], [-99.16023, 18.73297], [-99.15916, 18.73292], [-99.15945, 18.73197]]]}}, {"id": "1358020", "type": "Feature", "properties": {"id": "1358020", "CVEGEO": "170240011039A021", "POBTOT": 0.0, "score_nse": 0.0, "NSE": null, "VIVTOT": 0.0, "GRAPROES": 0.0, "_ent": "17", "_mun": "024", "_loc": "0011"}, "geometry": {"type": "Polygon", "coordinates": [[[-99.16068, 18.73394], [-99.1601, 18.73227], [-99.16158, 18.73225], [-99.16217, 18.73309], [-99.16199, 18.73413], [-99.16068, 18.73394]]]}}, {"id": "1358021", "type": "Feature", "properties": {"id": "1358021", "CVEGEO": "170240011039A019", "POBTOT": 0.0, "score_nse": 0.0, "NSE": null, "VIVTOT": 0.0, "GRAPROES": 0.0, "_ent": "17", "_mun": "024", "_loc": "0011"}, "geometry": {"type": "Polygon", "coordinates": [[[-99.16291, 18.73018], [-99.16362, 18.73038], [-99.16353, 18.73119], [-99.16369, 18.7304], [-99.164, 18.73051], [-99.16409, 18.73084], [-99.16319, 18.73175], [-99.16276, 18.73104], [-99.16291, 18.73018]]]}}, {"id": "1358022", "type": "Feature", "properties": {"id": "1358022", "CVEGEO": "170240011039A018", "POBTOT": 0.0, "score_nse": 0.0, "NSE": null, "VIVTOT": 0.0, "GRAPROES": 0.0, "_ent": "17", "_mun": "024", "_loc": "0011"}, "geometry": {"type": "Polygon", "coordinates": [[[-99.16349, 18.72945], [-99.16355, 18.72917], [-99.16375, 18.72921], [-99.16365, 18.73032], [-99.16291, 18.73014], [-99.16295, 18.7298], [-99.16324, 18.72983], [-99.16296, 18.72975], [-99.16306, 18.72906], [-99.16352, 18.72917], [-99.16349, 18.72945]]]}}, {"id": "1358023", "type": "Feature", "properties": {"id": "1358023", "CVEGEO": "170240011039A017", "POBTOT": 0.0, "score_nse": 0.0, "NSE": null, "VIVTOT": 0.0, "GRAPROES": 0.0, "_ent": "17", "_mun": "024", "_loc": "0011"}, "geometry": {"type": "Polygon", "coordinates": [[[-99.16323, 18.72855], [-99.16374, 18.72872], [-99.16375, 18.72916], [-99.16299, 18.72899], [-99.16323, 18.72855]]]}}, {"id": "1358024", "type": "Feature", "properties": {"id": "1358024", "CVEGEO": "170240138039A018", "POBTOT": 0.0, "score_nse": 0.0, "NSE": null, "VIVTOT": 0.0, "GRAPROES": 0.0, "_ent": "17", "_mun": "024", "_loc": "0138"}, "geometry": {"type": "Polygon", "coordinates": [[[-99.18529, 18.74133], [-99.18529, 18.74141], [-99.18524, 18.74136], [-99.18529, 18.74133]]]}}, {"id": "1358025", "type": "Feature", "properties": {"id": "1358025", "CVEGEO": "170240011039A016", "POBTOT": 0.0, "score_nse": 0.0, "NSE": null, "VIVTOT": 0.0, "GRAPROES": 0.0, "_ent": "17", "_mun": "024", "_loc": "0011"}, "geometry": {"type": "Polygon", "coordinates": [[[-99.16209, 18.72878], [-99.16234, 18.72794], [-99.1632, 18.72852], [-99.16294, 18.72898], [-99.16209, 18.72878]]]}}, {"id": "1358026", "type": "Feature", "properties": {"id": "1358026", "CVEGEO": "170240011039A015", "POBTOT": 0.0, "score_nse": 0.0, "NSE": null, "VIVTOT": 0.0, "GRAPROES": 0.0, "_ent": "17", "_mun": "024", "_loc": "0011"}, "geometry": {"type": "Polygon", "coordinates": [[[-99.16106, 18.72763], [-99.16117, 18.72742], [-99.1623, 18.7278], [-99.16215, 18.72828], [-99.16174, 18.72815], [-99.16213, 18.72833], [-99.16199, 18.72877], [-99.16052, 18.72839], [-99.16075, 18.72739], [-99.16112, 18.7274], [-99.16106, 18.72763]]]}}, {"id": "1358027", "type": "Feature", "properties": {"id": "1358027", "CVEGEO": "170240011039A014", "POBTOT": 0.0, "score_nse": 0.0, "NSE": null, "VIVTOT": 0.0, "GRAPROES": 0.0, "_ent": "17", "_mun": "024", "_loc": "0011"}, "geometry": {"type": "Polygon", "coordinates": [[[-99.15946, 18.72818], [-99.15973, 18.72704], [-99.16067, 18.72738], [-99.16044, 18.7284], [-99.15946, 18.72818]]]}}, {"id": "1358028", "type": "Feature", "properties": {"id": "1358028", "CVEGEO": "170240011039A013", "POBTOT": 0.0, "score_nse": 0.0, "NSE": null, "VIVTOT": 0.0, "GRAPROES": 0.0, "_ent": "17", "_mun": "024", "_loc": "0011"}, "geometry": {"type": "Polygon", "coordinates": [[[-99.15871, 18.72775], [-99.15867, 18.72658], [-99.15967, 18.72697], [-99.15945, 18.7279], [-99.15871, 18.72775]]]}}, {"id": "1358029", "type": "Feature", "properties": {"id": "1358029", "CVEGEO": "170240011039A011", "POBTOT": 0.0, "score_nse": 0.0, "NSE": null, "VIVTOT": 0.0, "GRAPROES": 0.0, "_ent": "17", "_mun": "024", "_loc": "0011"}, "geometry": {"type": "Polygon", "coordinates": [[[-99.15777, 18.73039], [-99.15844, 18.73061], [-99.15827, 18.73106], [-99.15756, 18.73072], [-99.15777, 18.73039]]]}}, {"id": "1358030", "type": "Feature", "properties": {"id": "1358030", "CVEGEO": "170240011039A010", "POBTOT": 0.0, "score_nse": 0.0, "NSE": null, "VIVTOT": 0.0, "GRAPROES": 0.0, "_ent": "17", "_mun": "024", "_loc": "0011"}, "geometry": {"type": "Polygon", "coordinates": [[[-99.15858, 18.7303], [-99.15909, 18.7308], [-99.15888, 18.73136], [-99.15831, 18.73109], [-99.15858, 18.7303]]]}}, {"id": "1358031", "type": "Feature", "properties": {"id": "1358031", "CVEGEO": "170240011039A009", "POBTOT": 0.0, "score_nse": 0.0, "NSE": null, "VIVTOT": 0.0, "GRAPROES": 0.0, "_ent": "17", "_mun": "024", "_loc": "0011"}, "geometry": {"type": "Polygon", "coordinates": [[[-99.15915, 18.7308], [-99.15887, 18.73046], [-99.15906, 18.73025], [-99.15992, 18.73045], [-99.1595, 18.73166], [-99.15894, 18.73137], [-99.15915, 18.7308]]]}}, {"id": "1358032", "type": "Feature", "properties": {"id": "1358032", "CVEGEO": "170240011039A008", "POBTOT": 0.0, "score_nse": 0.0, "NSE": null, "VIVTOT": 0.0, "GRAPROES": 0.0, "_ent": "17", "_mun": "024", "_loc": "0011"}, "geometry": {"type": "Polygon", "coordinates": [[[-99.16138, 18.73134], [-99.16155, 18.73217], [-99.15998, 18.73222], [-99.15951, 18.73188], [-99.16, 18.73046], [-99.1615, 18.73083], [-99.16138, 18.7313], [-99.16106, 18.73123], [-99.16064, 18.73131], [-99.16138, 18.73134]]]}}, {"id": "1358033", "type": "Feature", "properties": {"id": "1358033", "CVEGEO": "170240011039A007", "POBTOT": 0.0, "score_nse": 0.0, "NSE": null, "VIVTOT": 0.0, "GRAPROES": 0.0, "_ent": "17", "_mun": "024", "_loc": "0011"}, "geometry": {"type": "Polygon", "coordinates": [[[-99.16184, 18.73241], [-99.16148, 18.73164], [-99.16156, 18.73084], [-99.16273, 18.73107], [-99.16313, 18.73193], [-99.16305, 18.73224], [-99.16328, 18.73275], [-99.16294, 18.73302], [-99.16252, 18.73285], [-99.16237, 18.73295], [-99.16184, 18.73241]]]}}, {"id": "1358034", "type": "Feature", "properties": {"id": "1358034", "CVEGEO": "170240011039A006", "POBTOT": 0.0, "score_nse": 0.0, "NSE": null, "VIVTOT": 0.0, "GRAPROES": 0.0, "_ent": "17", "_mun": "024", "_loc": "0011"}, "geometry": {"type": "Polygon", "coordinates": [[[-99.16177, 18.73005], [-99.16279, 18.73036], [-99.1627, 18.73101], [-99.1616, 18.7308], [-99.16177, 18.73005]]]}}, {"id": "1358035", "type": "Feature", "properties": {"id": "1358035", "CVEGEO": "170240011039A005", "POBTOT": 0.0, "score_nse": 0.0, "NSE": null, "VIVTOT": 0.0, "GRAPROES": 0.0, "_ent": "17", "_mun": "024", "_loc": "0011"}, "geometry": {"type": "Polygon", "coordinates": [[[-99.16208, 18.72887], [-99.16301, 18.72906], [-99.16281, 18.73031], [-99.16178, 18.73001], [-99.16208, 18.72887]]]}}, {"id": "1358036", "type": "Feature", "properties": {"id": "1358036", "CVEGEO": "170240011039A004", "POBTOT": 0.0, "score_nse": 0.0, "NSE": null, "VIVTOT": 0.0, "GRAPROES": 0.0, "_ent": "17", "_mun": "024", "_loc": "0011"}, "geometry": {"type": "Polygon", "coordinates": [[[-99.16084, 18.72894], [-99.16042, 18.7288], [-99.16048, 18.72848], [-99.16201, 18.72883], [-99.16174, 18.72984], [-99.16026, 18.72946], [-99.16041, 18.72884], [-99.16084, 18.72894]]]}}, {"id": "1358037", "type": "Feature", "properties": {"id": "1358037", "CVEGEO": "170240011039A003", "POBTOT": 0.0, "score_nse": 0.0, "NSE": null, "VIVTOT": 0.0, "GRAPROES": 0.0, "_ent": "17", "_mun": "024", "_loc": "0011"}, "geometry": {"type": "Polygon", "coordinates": [[[-99.1595, 18.72864], [-99.15947, 18.72844], [-99.15945, 18.72862], [-99.1592, 18.72869], [-99.15875, 18.72781], [-99.15944, 18.72793], [-99.15938, 18.72822], [-99.16042, 18.72846], [-99.16019, 18.72943], [-99.15961, 18.72926], [-99.15922, 18.72874], [-99.1595, 18.72864]]]}}, {"id": "1358038", "type": "Feature", "properties": {"id": "1358038", "CVEGEO": "170240011039A002", "POBTOT": 0.0, "score_nse": 0.0, "NSE": null, "VIVTOT": 0.0, "GRAPROES": 0.0, "_ent": "17", "_mun": "024", "_loc": "0011"}, "geometry": {"type": "Polygon", "coordinates": [[[-99.1596, 18.72933], [-99.16015, 18.7295], [-99.15994, 18.73041], [-99.1595, 18.7303], [-99.1596, 18.72933]]]}}, {"id": "1358039", "type": "Feature", "properties": {"id": "1358039", "CVEGEO": "170240011039A001", "POBTOT": 0.0, "score_nse": 0.0, "NSE": null, "VIVTOT": 0.0, "GRAPROES": 0.0, "_ent": "17", "_mun": "024", "_loc": "0011"}, "geometry": {"type": "Polygon", "coordinates": [[[-99.16025, 18.72951], [-99.16173, 18.72991], [-99.16152, 18.73077], [-99.16002, 18.73042], [-99.16025, 18.72951]]]}}, {"id": "1358040", "type": "Feature", "properties": {"id": "1358040", "CVEGEO": "170240010039A025", "POBTOT": 0.0, "score_nse": 0.0, "NSE": null, "VIVTOT": 0.0, "GRAPROES": 0.0, "_ent": "17", "_mun": "024", "_loc": "0010"}, "geometry": {"type": "Polygon", "coordinates": [[[-99.15656, 18.70121], [-99.1567, 18.69989], [-99.15796, 18.69978], [-99.15854, 18.69945], [-99.16054, 18.6995], [-99.16018, 18.70025], [-99.15962, 18.70065], [-99.15933, 18.70213], [-99.15807, 18.70155], [-99.15656, 18.70121]]]}}, {"id": "1358041", "type": "Feature", "properties": {"id": "1358041", "CVEGEO": "170240010039A024", "POBTOT": 0.0, "score_nse": 0.0, "NSE": null, "VIVTOT": 0.0, "GRAPROES": 0.0, "_ent": "17", "_mun": "024", "_loc": "0010"}, "geometry": {"type": "Polygon", "coordinates": [[[-99.15755, 18.69978], [-99.15656, 18.69977], [-99.15706, 18.69884], [-99.15749, 18.69923], [-99.15755, 18.69978]]]}}, {"id": "1358042", "type": "Feature", "properties": {"id": "1358042", "CVEGEO": "170240010039A022", "POBTOT": 0.0, "score_nse": 0.0, "NSE": null, "VIVTOT": 0.0, "GRAPROES": 0.0, "_ent": "17", "_mun": "024", "_loc": "0010"}, "geometry": {"type": "Polygon", "coordinates": [[[-99.15533, 18.70132], [-99.15548, 18.69962], [-99.15665, 18.69992], [-99.15651, 18.70121], [-99.15533, 18.70132]]]}}, {"id": "1358043", "type": "Feature", "properties": {"id": "1358043", "CVEGEO": "170240010039A021", "POBTOT": 0.0, "score_nse": 0.0, "NSE": null, "VIVTOT": 0.0, "GRAPROES": 0.0, "_ent": "17", "_mun": "024", "_loc": "0010"}, "geometry": {"type": "Polygon", "coordinates": [[[-99.15476, 18.69793], [-99.15487, 18.69708], [-99.15599, 18.69779], [-99.15586, 18.69813], [-99.15476, 18.69793]]]}}, {"id": "1358044", "type": "Feature", "properties": {"id": "1358044", "CVEGEO": "170240010039A019", "POBTOT": 0.0, "score_nse": 0.0, "NSE": null, "VIVTOT": 0.0, "GRAPROES": 0.0, "_ent": "17", "_mun": "024", "_loc": "0010"}, "geometry": {"type": "Polygon", "coordinates": [[[-99.15132, 18.7021], [-99.15224, 18.7022], [-99.15197, 18.70311], [-99.1511, 18.70297], [-99.15132, 18.7021]]]}}, {"id": "1358045", "type": "Feature", "properties": {"id": "1358045", "CVEGEO": "170240010039A018", "POBTOT": 0.0, "score_nse": 0.0, "NSE": null, "VIVTOT": 0.0, "GRAPROES": 0.0, "_ent": "17", "_mun": "024", "_loc": "0010"}, "geometry": {"type": "Polygon", "coordinates": [[[-99.1523, 18.70222], [-99.15316, 18.70234], [-99.15287, 18.70323], [-99.15204, 18.70311], [-99.1523, 18.70222]]]}}, {"id": "1358046", "type": "Feature", "properties": {"id": "1358046", "CVEGEO": "170240010039A017", "POBTOT": 0.0, "score_nse": 0.0, "NSE": null, "VIVTOT": 0.0, "GRAPROES": 0.0, "_ent": "17", "_mun": "024", "_loc": "0010"}, "geometry": {"type": "Polygon", "coordinates": [[[-99.14895, 18.70274], [-99.14927, 18.7], [-99.15069, 18.70017], [-99.1504, 18.70147], [-99.14995, 18.70141], [-99.1504, 18.7015], [-99.15032, 18.70188], [-99.14997, 18.70182], [-99.15031, 18.70192], [-99.15012, 18.70286], [-99.15292, 18.70327], [-99.15344, 18.7017], [-99.15395, 18.70182], [-99.15428, 18.70216], [-99.1537, 18.70375], [-99.15317, 18.7044], [-99.15095, 18.70379], [-99.1494, 18.70311], [-99.14895, 18.70274]]]}}, {"id": "1358047", "type": "Feature", "properties": {"id": "1358047", "CVEGEO": "170240010039A016", "POBTOT": 0.0, "score_nse": 0.0, "NSE": null, "VIVTOT": 0.0, "GRAPROES": 0.0, "_ent": "17", "_mun": "024", "_loc": "0010"}, "geometry": {"type": "Polygon", "coordinates": [[[-99.15465, 18.69947], [-99.1554, 18.69962], [-99.15535, 18.70031], [-99.15455, 18.70025], [-99.15465, 18.69947]]]}}, {"id": "1358048", "type": "Feature", "properties": {"id": "1358048", "CVEGEO": "170240010039A015", "POBTOT": 0.0, "score_nse": 0.0, "NSE": null, "VIVTOT": 0.0, "GRAPROES": 0.0, "_ent": "17", "_mun": "024", "_loc": "0010"}, "geometry": {"type": "Polygon", "coordinates": [[[-99.15467, 18.69936], [-99.15475, 18.69796], [-99.15585, 18.69815], [-99.15559, 18.69905], [-99.15587, 18.6991], [-99.15573, 18.6996], [-99.15467, 18.69936]]]}}, {"id": "1358049", "type": "Feature", "properties": {"id": "1358049", "CVEGEO": "170240010039A014", "POBTOT": 0.0, "score_nse": 0.0, "NSE": null, "VIVTOT": 0.0, "GRAPROES": 0.0, "_ent": "17", "_mun": "024", "_loc": "0010"}, "geometry": {"type": "Polygon", "coordinates": [[[-99.15378, 18.69932], [-99.15356, 18.69708], [-99.1548, 18.69718], [-99.15455, 18.69938], [-99.15378, 18.69932]]]}}, {"id": "1358050", "type": "Feature", "properties": {"id": "1358050", "CVEGEO": "170240010039A013", "POBTOT": 0.0, "score_nse": 0.0, "NSE": null, "VIVTOT": 0.0, "GRAPROES": 0.0, "_ent": "17", "_mun": "024", "_loc": "0010"}, "geometry": {"type": "Polygon", "coordinates": [[[-99.15294, 18.69924], [-99.15234, 18.69836], [-99.15242, 18.69649], [-99.15331, 18.69703], [-99.15353, 18.69732], [-99.15369, 18.6993], [-99.15294, 18.69924]]]}}, {"id": "1358051", "type": "Feature", "properties": {"id": "1358051", "CVEGEO": "170240010039A012", "POBTOT": 0.0, "score_nse": 0.0, "NSE": null, "VIVTOT": 0.0, "GRAPROES": 0.0, "_ent": "17", "_mun": "024", "_loc": "0010"}, "geometry": {"type": "Polygon", "coordinates": [[[-99.15037, 18.70191], [-99.15076, 18.70023], [-99.1516, 18.70058], [-99.15127, 18.70203], [-99.15037, 18.70191]]]}}, {"id": "1358052", "type": "Feature", "properties": {"id": "1358052", "CVEGEO": "170240010039A011", "POBTOT": 0.0, "score_nse": 0.0, "NSE": null, "VIVTOT": 0.0, "GRAPROES": 0.0, "_ent": "17", "_mun": "024", "_loc": "0010"}, "geometry": {"type": "Polygon", "coordinates": [[[-99.15167, 18.70067], [-99.15263, 18.70077], [-99.15225, 18.70216], [-99.15134, 18.70205], [-99.15167, 18.70067]]]}}, {"id": "1358053", "type": "Feature", "properties": {"id": "1358053", "CVEGEO": "170240010039A010", "POBTOT": 0.0, "score_nse": 0.0, "NSE": null, "VIVTOT": 0.0, "GRAPROES": 0.0, "_ent": "17", "_mun": "024", "_loc": "0010"}, "geometry": {"type": "Polygon", "coordinates": [[[-99.15269, 18.7008], [-99.15355, 18.7009], [-99.15318, 18.70229], [-99.15232, 18.70216], [-99.15269, 18.7008]]]}}, {"id": "1358054", "type": "Feature", "properties": {"id": "1358054", "CVEGEO": "170240010039A009", "POBTOT": 0.0, "score_nse": 0.0, "NSE": null, "VIVTOT": 0.0, "GRAPROES": 0.0, "_ent": "17", "_mun": "024", "_loc": "0010"}, "geometry": {"type": "Polygon", "coordinates": [[[-99.15345, 18.70167], [-99.15358, 18.70131], [-99.15384, 18.70175], [-99.15345, 18.70167]]]}}, {"id": "1358055", "type": "Feature", "properties": {"id": "1358055", "CVEGEO": "170240010039A008", "POBTOT": 0.0, "score_nse": 0.0, "NSE": null, "VIVTOT": 0.0, "GRAPROES": 0.0, "_ent": "17", "_mun": "024", "_loc": "0010"}, "geometry": {"type": "Polygon", "coordinates": [[[-99.15388, 18.70171], [-99.15377, 18.70149], [-99.15365, 18.70129], [-99.15392, 18.70139], [-99.15388, 18.70171]]]}}, {"id": "1358056", "type": "Feature", "properties": {"id": "1358056", "CVEGEO": "170240010039A007", "POBTOT": 0.0, "score_nse": 0.0, "NSE": null, "VIVTOT": 0.0, "GRAPROES": 0.0, "_ent": "17", "_mun": "024", "_loc": "0010"}, "geometry": {"type": "Polygon", "coordinates": [[[-99.15439, 18.70206], [-99.15394, 18.70174], [-99.15402, 18.70141], [-99.15366, 18.70124], [-99.15363, 18.70105], [-99.15438, 18.70115], [-99.15442, 18.7013], [-99.15453, 18.70031], [-99.15536, 18.70037], [-99.15527, 18.70133], [-99.1546, 18.70136], [-99.15439, 18.70206]]]}}, {"id": "1358057", "type": "Feature", "properties": {"id": "1358057", "CVEGEO": "170240010039A006", "POBTOT": 0.0, "score_nse": 0.0, "NSE": null, "VIVTOT": 0.0, "GRAPROES": 0.0, "_ent": "17", "_mun": "024", "_loc": "0010"}, "geometry": {"type": "Polygon", "coordinates": [[[-99.15369, 18.70024], [-99.15448, 18.7003], [-99.15438, 18.70109], [-99.1536, 18.70099], [-99.15369, 18.70024]]]}}, {"id": "1358058", "type": "Feature", "properties": {"id": "1358058", "CVEGEO": "170240010039A005", "POBTOT": 0.0, "score_nse": 0.0, "NSE": null, "VIVTOT": 0.0, "GRAPROES": 0.0, "_ent": "17", "_mun": "024", "_loc": "0010"}, "geometry": {"type": "Polygon", "coordinates": [[[-99.15379, 18.69941], [-99.15459, 18.69946], [-99.15449, 18.70026], [-99.1537, 18.70018], [-99.15379, 18.69941]]]}}, {"id": "1358059", "type": "Feature", "properties": {"id": "1358059", "CVEGEO": "170240010039A004", "POBTOT": 0.0, "score_nse": 0.0, "NSE": null, "VIVTOT": 0.0, "GRAPROES": 0.0, "_ent": "17", "_mun": "024", "_loc": "0010"}, "geometry": {"type": "Polygon", "coordinates": [[[-99.15292, 18.69934], [-99.15371, 18.6994], [-99.15363, 18.70017], [-99.15286, 18.7001], [-99.15292, 18.69934]]]}}, {"id": "1358060", "type": "Feature", "properties": {"id": "1358060", "CVEGEO": "170240010039A002", "POBTOT": 0.0, "score_nse": 0.0, "NSE": null, "VIVTOT": 0.0, "GRAPROES": 0.0, "_ent": "17", "_mun": "024", "_loc": "0010"}, "geometry": {"type": "Polygon", "coordinates": [[[-99.15281, 18.70031], [-99.15302, 18.7006], [-99.15314, 18.7008], [-99.15269, 18.70073], [-99.15281, 18.70031]]]}}, {"id": "1358061", "type": "Feature", "properties": {"id": "1358061", "CVEGEO": "170240010039A001", "POBTOT": 0.0, "score_nse": 0.0, "NSE": null, "VIVTOT": 0.0, "GRAPROES": 0.0, "_ent": "17", "_mun": "024", "_loc": "0010"}, "geometry": {"type": "Polygon", "coordinates": [[[-99.15317, 18.7008], [-99.15285, 18.70017], [-99.15364, 18.70024], [-99.15357, 18.70086], [-99.15317, 18.7008]]]}}, {"id": "1358062", "type": "Feature", "properties": {"id": "1358062", "CVEGEO": "170240009039A040", "POBTOT": 0.0, "score_nse": 0.0, "NSE": null, "VIVTOT": 0.0, "GRAPROES": 0.0, "_ent": "17", "_mun": "024", "_loc": "0009"}, "geometry": {"type": "Polygon", "coordinates": [[[-99.1084, 18.71014], [-99.10803, 18.70927], [-99.10846, 18.70937], [-99.10893, 18.70998], [-99.10855, 18.71021], [-99.1084, 18.71014]]]}}, {"id": "1358063", "type": "Feature", "properties": {"id": "1358063", "CVEGEO": "1702400010510013", "POBTOT": 4.0, "score_nse": 0.0, "NSE": "ND", "VIVTOT": 2.0, "GRAPROES": 0.0, "_ent": "17", "_mun": "024", "_loc": "0001"}, "geometry": {"type": "Polygon", "coordinates": [[[-99.12946, 18.67631], [-99.12917, 18.67623], [-99.12943, 18.67602], [-99.12946, 18.67631]]]}}, {"id": "1358064", "type": "Feature", "properties": {"id": "1358064", "CVEGEO": "1702400010510012", "POBTOT": 17.0, "score_nse": 0.0, "NSE": "ND", "VIVTOT": 8.0, "GRAPROES": 10.29, "_ent": "17", "_mun": "024", "_loc": "0001"}, "geometry": {"type": "Polygon", "coordinates": [[[-99.1304, 18.67635], [-99.1295, 18.67633], [-99.12949, 18.67598], [-99.12962, 18.67585], [-99.13058, 18.67588], [-99.1304, 18.67635]]]}}, {"id": "1358065", "type": "Feature", "properties": {"id": "1358065", "CVEGEO": "1702400010510011", "POBTOT": 11.0, "score_nse": 0.0, "NSE": "ND", "VIVTOT": 5.0, "GRAPROES": 10.57, "_ent": "17", "_mun": "024", "_loc": "0001"}, "geometry": {"type": "Polygon", "coordinates": [[[-99.13155, 18.67642], [-99.1306, 18.67635], [-99.13066, 18.6759], [-99.13167, 18.67594], [-99.13155, 18.67642]]]}}, {"id": "1358066", "type": "Feature", "properties": {"id": "1358066", "CVEGEO": "1702400010510010", "POBTOT": 11.0, "score_nse": 0.0, "NSE": "ND", "VIVTOT": 6.0, "GRAPROES": 10.5, "_ent": "17", "_mun": "024", "_loc": "0001"}, "geometry": {"type": "Polygon", "coordinates": [[[-99.13261, 18.6765], [-99.13161, 18.67643], [-99.13173, 18.67593], [-99.13269, 18.67601], [-99.13261, 18.6765]]]}}, {"id": "1358067", "type": "Feature", "properties": {"id": "1358067", "CVEGEO": "1702400010510009", "POBTOT": 8.0, "score_nse": 0.0, "NSE": "ND", "VIVTOT": 5.0, "GRAPROES": 0.0, "_ent": "17", "_mun": "024", "_loc": "0001"}, "geometry": {"type": "Polygon", "coordinates": [[[-99.13355, 18.6768], [-99.13307, 18.67693], [-99.13259, 18.67677], [-99.13265, 18.67656], [-99.1336, 18.6766], [-99.13355, 18.6768]]]}}, {"id": "1358068", "type": "Feature", "properties": {"id": "1358068", "CVEGEO": "1702400010510008", "POBTOT": 0.0, "score_nse": 10.0, "NSE": "E", "VIVTOT": 1.0, "GRAPROES": 0.0, "_ent": "17", "_mun": "024", "_loc": "0001"}, "geometry": {"type": "Polygon", "coordinates": [[[-99.13265, 18.6765], [-99.13274, 18.676], [-99.13372, 18.67607], [-99.13363, 18.67656], [-99.13265, 18.6765]]]}}, {"id": "1358069", "type": "Feature", "properties": {"id": "1358069", "CVEGEO": "1702400010510007", "POBTOT": 0.0, "score_nse": 0.0, "NSE": "ND", "VIVTOT": 0.0, "GRAPROES": 0.0, "_ent": "17", "_mun": "024", "_loc": "0001"}, "geometry": {"type": "Polygon", "coordinates": [[[-99.13276, 18.67597], [-99.13284, 18.67547], [-99.13381, 18.67555], [-99.13373, 18.67604], [-99.13276, 18.67597]]]}}, {"id": "1358070", "type": "Feature", "properties": {"id": "1358070", "CVEGEO": "1702400010510006", "POBTOT": 0.0, "score_nse": 10.0, "NSE": "E", "VIVTOT": 1.0, "GRAPROES": 0.0, "_ent": "17", "_mun": "024", "_loc": "0001"}, "geometry": {"type": "Polygon", "coordinates": [[[-99.13183, 18.67538], [-99.13186, 18.67517], [-99.13282, 18.67518], [-99.13278, 18.67544], [-99.13183, 18.67538]]]}}, {"id": "1358071", "type": "Feature", "properties": {"id": "1358071", "CVEGEO": "1702400010510005", "POBTOT": 2.0, "score_nse": 0.0, "NSE": "ND", "VIVTOT": 1.0, "GRAPROES": 0.0, "_ent": "17", "_mun": "024", "_loc": "0001"}, "geometry": {"type": "Polygon", "coordinates": [[[-99.13078, 18.67531], [-99.13085, 18.67494], [-99.1318, 18.67516], [-99.13178, 18.67537], [-99.13078, 18.67531]]]}}, {"id": "1358072", "type": "Feature", "properties": {"id": "1358072", "CVEGEO": "1702400010510004", "POBTOT": 2.0, "score_nse": 0.0, "NSE": "ND", "VIVTOT": 2.0, "GRAPROES": 0.0, "_ent": "17", "_mun": "024", "_loc": "0001"}, "geometry": {"type": "Polygon", "coordinates": [[[-99.13068, 18.67531], [-99.13022, 18.67528], [-99.13077, 18.67492], [-99.13068, 18.67531]]]}}, {"id": "1358073", "type": "Feature", "properties": {"id": "1358073", "CVEGEO": "1702400010510003", "POBTOT": 0.0, "score_nse": 0.0, "NSE": "ND", "VIVTOT": 0.0, "GRAPROES": 0.0, "_ent": "17", "_mun": "024", "_loc": "0001"}, "geometry": {"type": "Polygon", "coordinates": [[[-99.13056, 18.67583], [-99.12969, 18.67582], [-99.12968, 18.6758], [-99.13017, 18.67532], [-99.13067, 18.67535], [-99.13056, 18.67583]]]}}, {"id": "1358074", "type": "Feature", "properties": {"id": "1358074", "CVEGEO": "1702400010510002", "POBTOT": 20.0, "score_nse": 0.0, "NSE": "ND", "VIVTOT": 8.0, "GRAPROES": 8.38, "_ent": "17", "_mun": "024", "_loc": "0001"}, "geometry": {"type": "Polygon", "coordinates": [[[-99.13165, 18.67589], [-99.13067, 18.67582], [-99.13073, 18.67537], [-99.13174, 18.67543], [-99.13165, 18.67589]]]}}, {"id": "1358075", "type": "Feature", "properties": {"id": "1358075", "CVEGEO": "1702400010510001", "POBTOT": 11.0, "score_nse": 0.0, "NSE": "ND", "VIVTOT": 5.0, "GRAPROES": 9.6, "_ent": "17", "_mun": "024", "_loc": "0001"}, "geometry": {"type": "Polygon", "coordinates": [[[-99.1327, 18.67596], [-99.13175, 18.67589], [-99.13182, 18.67543], [-99.13279, 18.6755], [-99.1327, 18.67596]]]}}, {"id": "1358076", "type": "Feature", "properties": {"id": "1358076", "CVEGEO": "170240001046A008", "POBTOT": 0.0, "score_nse": 0.0, "NSE": "ND", "VIVTOT": 0.0, "GRAPROES": 0.0, "_ent": "17", "_mun": "024", "_loc": "0001"}, "geometry": {"type": "Polygon", "coordinates": [[[-99.12876, 18.67559], [-99.12895, 18.67505], [-99.1292, 18.67482], [-99.12959, 18.67495], [-99.12927, 18.67566], [-99.12876, 18.67559]]]}}, {"id": "1358077", "type": "Feature", "properties": {"id": "1358077", "CVEGEO": "170240001046A007", "POBTOT": 0.0, "score_nse": 0.0, "NSE": "ND", "VIVTOT": 0.0, "GRAPROES": 0.0, "_ent": "17", "_mun": "024", "_loc": "0001"}, "geometry": {"type": "Polygon", "coordinates": [[[-99.1296, 18.67574], [-99.12922, 18.67612], [-99.12917, 18.67612], [-99.12931, 18.6757], [-99.1296, 18.67574]]]}}, {"id": "1358078", "type": "Feature", "properties": {"id": "1358078", "CVEGEO": "170240001046A006", "POBTOT": 0.0, "score_nse": 0.0, "NSE": "ND", "VIVTOT": 0.0, "GRAPROES": 0.0, "_ent": "17", "_mun": "024", "_loc": "0001"}, "geometry": {"type": "Polygon", "coordinates": [[[-99.12841, 18.67735], [-99.12823, 18.67773], [-99.12807, 18.67769], [-99.12819, 18.67722], [-99.12841, 18.67735]]]}}, {"id": "1358079", "type": "Feature", "properties": {"id": "1358079", "CVEGEO": "170240001046A005", "POBTOT": 4.0, "score_nse": 0.0, "NSE": "ND", "VIVTOT": 1.0, "GRAPROES": 0.0, "_ent": "17", "_mun": "024", "_loc": "0001"}, "geometry": {"type": "Polygon", "coordinates": [[[-99.12898, 18.67638], [-99.12852, 18.67633], [-99.12874, 18.67564], [-99.12924, 18.67571], [-99.12898, 18.67638]]]}}, {"id": "1358080", "type": "Feature", "properties": {"id": "1358080", "CVEGEO": "170240001046A004", "POBTOT": 9.0, "score_nse": 0.0, "NSE": "ND", "VIVTOT": 3.0, "GRAPROES": 0.0, "_ent": "17", "_mun": "024", "_loc": "0001"}, "geometry": {"type": "Polygon", "coordinates": [[[-99.12952, 18.6764], [-99.13045, 18.67641], [-99.1305, 18.67646], [-99.12952, 18.67684], [-99.12952, 18.6764]]]}}, {"id": "1358081", "type": "Feature", "properties": {"id": "1358081", "CVEGEO": "170240001046A003", "POBTOT": 10.0, "score_nse": 0.0, "NSE": "ND", "VIVTOT": 4.0, "GRAPROES": 9.78, "_ent": "17", "_mun": "024", "_loc": "0001"}, "geometry": {"type": "Polygon", "coordinates": [[[-99.12821, 18.67715], [-99.12849, 18.67638], [-99.12894, 18.67642], [-99.12848, 18.67722], [-99.12821, 18.67715]]]}}, {"id": "1358082", "type": "Feature", "properties": {"id": "1358082", "CVEGEO": "170240001046A002", "POBTOT": 9.0, "score_nse": 0.0, "NSE": "ND", "VIVTOT": 2.0, "GRAPROES": 0.0, "_ent": "17", "_mun": "024", "_loc": "0001"}, "geometry": {"type": "Polygon", "coordinates": [[[-99.12932, 18.67565], [-99.12967, 18.67498], [-99.13029, 18.67513], [-99.12964, 18.67572], [-99.12932, 18.67565]]]}}, {"id": "1358083", "type": "Feature", "properties": {"id": "1358083", "CVEGEO": "170240001046A001", "POBTOT": 17.0, "score_nse": 0.0, "NSE": "ND", "VIVTOT": 7.0, "GRAPROES": 11.77, "_ent": "17", "_mun": "024", "_loc": "0001"}, "geometry": {"type": "Polygon", "coordinates": [[[-99.12942, 18.67689], [-99.12867, 18.67721], [-99.12851, 18.67729], [-99.12908, 18.67633], [-99.12945, 18.67637], [-99.12942, 18.67689]]]}}, {"id": "1358084", "type": "Feature", "properties": {"id": "1358084", "CVEGEO": "1702400010455001", "POBTOT": 47.0, "score_nse": 0.0, "NSE": "ND", "VIVTOT": 18.0, "GRAPROES": 7.31, "_ent": "17", "_mun": "024", "_loc": "0001"}, "geometry": {"type": "Polygon", "coordinates": [[[-99.11886, 18.69607], [-99.11856, 18.69752], [-99.11819, 18.69745], [-99.1181, 18.69592], [-99.11886, 18.69607]]]}}, {"id": "1358085", "type": "Feature", "properties": {"id": "1358085", "CVEGEO": "1702400010402009", "POBTOT": 14.0, "score_nse": 0.0, "NSE": "ND", "VIVTOT": 8.0, "GRAPROES": 9.8, "_ent": "17", "_mun": "024", "_loc": "0001"}, "geometry": {"type": "Polygon", "coordinates": [[[-99.1328, 18.67692], [-99.13347, 18.6769], [-99.13334, 18.67785], [-99.13279, 18.67768], [-99.1328, 18.67692]]]}}, {"id": "1358086", "type": "Feature", "properties": {"id": "1358086", "CVEGEO": "1702400010402008", "POBTOT": 18.0, "score_nse": 0.0, "NSE": "ND", "VIVTOT": 9.0, "GRAPROES": 11.54, "_ent": "17", "_mun": "024", "_loc": "0001"}, "geometry": {"type": "Polygon", "coordinates": [[[-99.1327, 18.67716], [-99.13272, 18.67752], [-99.13252, 18.67751], [-99.13218, 18.67718], [-99.1327, 18.67716]]]}}, {"id": "1358087", "type": "Feature", "properties": {"id": "1358087", "CVEGEO": "1702400010402007", "POBTOT": 118.0, "score_nse": 50.604, "NSE": "C-", "VIVTOT": 76.0, "GRAPROES": 11.1, "_ent": "17", "_mun": "024", "_loc": "0001"}, "geometry": {"type": "Polygon", "coordinates": [[[-99.1309, 18.67675], [-99.13249, 18.67681], [-99.13277, 18.67691], [-99.13277, 18.67709], [-99.1311, 18.67712], [-99.1309, 18.67675]]]}}, {"id": "1358088", "type": "Feature", "properties": {"id": "1358088", "CVEGEO": "1702400010402006", "POBTOT": 20.0, "score_nse": 0.0, "NSE": "ND", "VIVTOT": 10.0, "GRAPROES": 9.31, "_ent": "17", "_mun": "024", "_loc": "0001"}, "geometry": {"type": "Polygon", "coordinates": [[[-99.13071, 18.6769], [-99.13083, 18.67686], [-99.13101, 18.67725], [-99.13087, 18.6773], [-99.13071, 18.6769]]]}}, {"id": "1358089", "type": "Feature", "properties": {"id": "1358089", "CVEGEO": "1702400010402005", "POBTOT": 9.0, "score_nse": 0.0, "NSE": "ND", "VIVTOT": 5.0, "GRAPROES": 12.5, "_ent": "17", "_mun": "024", "_loc": "0001"}, "geometry": {"type": "Polygon", "coordinates": [[[-99.12855, 18.67869], [-99.12773, 18.67914], [-99.12793, 18.67863], [-99.12855, 18.67869]]]}}, {"id": "1358090", "type": "Feature", "properties": {"id": "1358090", "CVEGEO": "1702400010402004", "POBTOT": 194.0, "score_nse": 57.3059, "NSE": "C", "VIVTOT": 95.0, "GRAPROES": 11.1, "_ent": "17", "_mun": "024", "_loc": "0001"}, "geometry": {"type": "Polygon", "coordinates": [[[-99.12854, 18.67735], [-99.13033, 18.67657], [-99.13075, 18.67663], [-99.13081, 18.67677], [-99.12877, 18.67758], [-99.12854, 18.67735]]]}}, {"id": "1358091", "type": "Feature", "properties": {"id": "1358091", "CVEGEO": "1702400010402003", "POBTOT": 96.0, "score_nse": 52.896, "NSE": "C-", "VIVTOT": 50.0, "GRAPROES": 11.26, "_ent": "17", "_mun": "024", "_loc": "0001"}, "geometry": {"type": "Polygon", "coordinates": [[[-99.1284, 18.6775], [-99.12863, 18.67762], [-99.12825, 18.67855], [-99.12797, 18.67852], [-99.1284, 18.6775]]]}}, {"id": "1358092", "type": "Feature", "properties": {"id": "1358092", "CVEGEO": "1702400010402002", "POBTOT": 50.0, "score_nse": 61.324, "NSE": "C", "VIVTOT": 25.0, "GRAPROES": 12.05, "_ent": "17", "_mun": "024", "_loc": "0001"}, "geometry": {"type": "Polygon", "coordinates": [[[-99.12879, 18.67774], [-99.12908, 18.67789], [-99.12845, 18.67868], [-99.12837, 18.67859], [-99.12879, 18.67774]]]}}, {"id": "1358093", "type": "Feature", "properties": {"id": "1358093", "CVEGEO": "1702400010402001", "POBTOT": 54.0, "score_nse": 58.4828, "NSE": "C", "VIVTOT": 23.0, "GRAPROES": 11.7, "_ent": "17", "_mun": "024", "_loc": "0001"}, "geometry": {"type": "Polygon", "coordinates": [[[-99.12884, 18.67764], [-99.1301, 18.67707], [-99.13037, 18.677], [-99.12913, 18.67786], [-99.12884, 18.67764]]]}}, {"id": "1358094", "type": "Feature", "properties": {"id": "1358094", "CVEGEO": "1702400010309043", "POBTOT": 4.0, "score_nse": 0.0, "NSE": "ND", "VIVTOT": 1.0, "GRAPROES": 0.0, "_ent": "17", "_mun": "024", "_loc": "0001"}, "geometry": {"type": "Polygon", "coordinates": [[[-99.11751, 18.68787], [-99.11725, 18.68806], [-99.11736, 18.68771], [-99.11751, 18.68787]]]}}, {"id": "1358095", "type": "Feature", "properties": {"id": "1358095", "CVEGEO": "1702400010309039", "POBTOT": 40.0, "score_nse": 70.2607, "NSE": "C+", "VIVTOT": 12.0, "GRAPROES": 11.9, "_ent": "17", "_mun": "024", "_loc": "0001"}, "geometry": {"type": "Polygon", "coordinates": [[[-99.11677, 18.68487], [-99.11628, 18.68653], [-99.11565, 18.68638], [-99.11604, 18.68492], [-99.11622, 18.68475], [-99.11677, 18.68487]]]}}, {"id": "1358096", "type": "Feature", "properties": {"id": "1358096", "CVEGEO": "1702400010309038", "POBTOT": 69.0, "score_nse": 0.0, "NSE": "ND", "VIVTOT": 21.0, "GRAPROES": 8.55, "_ent": "17", "_mun": "024", "_loc": "0001"}, "geometry": {"type": "Polygon", "coordinates": [[[-99.12127, 18.69151], [-99.12103, 18.69232], [-99.11982, 18.69198], [-99.12007, 18.69125], [-99.12099, 18.69151], [-99.12094, 18.69177], [-99.12111, 18.6913], [-99.12127, 18.69151]]]}}, {"id": "1358097", "type": "Feature", "properties": {"id": "1358097", "CVEGEO": "1702400010309037", "POBTOT": 41.0, "score_nse": 0.0, "NSE": "ND", "VIVTOT": 16.0, "GRAPROES": 8.03, "_ent": "17", "_mun": "024", "_loc": "0001"}, "geometry": {"type": "Polygon", "coordinates": [[[-99.12224, 18.6926], [-99.12114, 18.69229], [-99.1214, 18.69146], [-99.12184, 18.69188], [-99.12224, 18.6926]]]}}, {"id": "1358098", "type": "Feature", "properties": {"id": "1358098", "CVEGEO": "1702400010309035", "POBTOT": 34.0, "score_nse": 0.0, "NSE": "ND", "VIVTOT": 10.0, "GRAPROES": 8.61, "_ent": "17", "_mun": "024", "_loc": "0001"}, "geometry": {"type": "Polygon", "coordinates": [[[-99.11945, 18.68563], [-99.11922, 18.68652], [-99.11865, 18.68637], [-99.11893, 18.68548], [-99.11945, 18.68563]]]}}, {"id": "1358099", "type": "Feature", "properties": {"id": "1358099", "CVEGEO": "170240005039A005", "POBTOT": 0.0, "score_nse": 0.0, "NSE": null, "VIVTOT": 0.0, "GRAPROES": 0.0, "_ent": "17", "_mun": "024", "_loc": "0005"}, "geometry": {"type": "Polygon", "coordinates": [[[-99.12001, 18.71803], [-99.12081, 18.71779], [-99.12123, 18.71885], [-99.12044, 18.71909], [-99.12001, 18.71803]]]}}, {"id": "1358100", "type": "Feature", "properties": {"id": "1358100", "CVEGEO": "1702400010309033", "POBTOT": 90.0, "score_nse": 60.8243, "NSE": "C", "VIVTOT": 37.0, "GRAPROES": 11.37, "_ent": "17", "_mun": "024", "_loc": "0001"}, "geometry": {"type": "Polygon", "coordinates": [[[-99.11685, 18.68678], [-99.11748, 18.68506], [-99.11826, 18.68527], [-99.11789, 18.68611], [-99.1177, 18.68606], [-99.11787, 18.68613], [-99.11755, 18.687], [-99.11685, 18.68678]]]}}, {"id": "1358101", "type": "Feature", "properties": {"id": "1358101", "CVEGEO": "1702400010309032", "POBTOT": 31.0, "score_nse": 53.0093, "NSE": "C-", "VIVTOT": 19.0, "GRAPROES": 11.64, "_ent": "17", "_mun": "024", "_loc": "0001"}, "geometry": {"type": "Polygon", "coordinates": [[[-99.11741, 18.68506], [-99.11678, 18.68676], [-99.11635, 18.68658], [-99.11682, 18.6849], [-99.11741, 18.68506]]]}}, {"id": "1358102", "type": "Feature", "properties": {"id": "1358102", "CVEGEO": "1702400010309030", "POBTOT": 20.0, "score_nse": 63.8023, "NSE": "C", "VIVTOT": 7.0, "GRAPROES": 9.71, "_ent": "17", "_mun": "024", "_loc": "0001"}, "geometry": {"type": "Polygon", "coordinates": [[[-99.12099, 18.69144], [-99.12008, 18.6912], [-99.12024, 18.69076], [-99.12107, 18.69128], [-99.12099, 18.69144]]]}}, {"id": "1358103", "type": "Feature", "properties": {"id": "1358103", "CVEGEO": "1702400010309029", "POBTOT": 67.0, "score_nse": 44.4819, "NSE": "C-", "VIVTOT": 23.0, "GRAPROES": 7.36, "_ent": "17", "_mun": "024", "_loc": "0001"}, "geometry": {"type": "Polygon", "coordinates": [[[-99.12123, 18.69128], [-99.12025, 18.6907], [-99.12048, 18.68997], [-99.12148, 18.69063], [-99.12123, 18.69128]]]}}, {"id": "1358104", "type": "Feature", "properties": {"id": "1358104", "CVEGEO": "1702400010309026", "POBTOT": 81.0, "score_nse": 0.0, "NSE": "ND", "VIVTOT": 29.0, "GRAPROES": 10.71, "_ent": "17", "_mun": "024", "_loc": "0001"}, "geometry": {"type": "Polygon", "coordinates": [[[-99.12164, 18.68622], [-99.12312, 18.68664], [-99.12302, 18.68706], [-99.12253, 18.68693], [-99.12298, 18.68714], [-99.12287, 18.68755], [-99.12139, 18.68714], [-99.12164, 18.68622]]]}}, {"id": "1358105", "type": "Feature", "properties": {"id": "1358105", "CVEGEO": "1702400010309025", "POBTOT": 77.0, "score_nse": 51.7785, "NSE": "C-", "VIVTOT": 32.0, "GRAPROES": 9.75, "_ent": "17", "_mun": "024", "_loc": "0001"}, "geometry": {"type": "Polygon", "coordinates": [[[-99.12062, 18.68592], [-99.12158, 18.6862], [-99.12133, 18.68712], [-99.1203, 18.6868], [-99.12062, 18.68592]]]}}, {"id": "1358106", "type": "Feature", "properties": {"id": "1358106", "CVEGEO": "1702400010309024", "POBTOT": 29.0, "score_nse": 59.2436, "NSE": "C", "VIVTOT": 18.0, "GRAPROES": 12.54, "_ent": "17", "_mun": "024", "_loc": "0001"}, "geometry": {"type": "Polygon", "coordinates": [[[-99.12025, 18.6868], [-99.11928, 18.68653], [-99.11954, 18.68565], [-99.12055, 18.6859], [-99.12025, 18.6868]]]}}, {"id": "1358107", "type": "Feature", "properties": {"id": "1358107", "CVEGEO": "1702400010309023", "POBTOT": 3.0, "score_nse": 0.0, "NSE": "ND", "VIVTOT": 3.0, "GRAPROES": 0.0, "_ent": "17", "_mun": "024", "_loc": "0001"}, "geometry": {"type": "Polygon", "coordinates": [[[-99.11928, 18.68657], [-99.11972, 18.68671], [-99.11922, 18.68681], [-99.11928, 18.68657]]]}}, {"id": "1358108", "type": "Feature", "properties": {"id": "1358108", "CVEGEO": "1702400010309022", "POBTOT": 35.0, "score_nse": 78.7582, "NSE": "C+", "VIVTOT": 11.0, "GRAPROES": 12.17, "_ent": "17", "_mun": "024", "_loc": "0001"}, "geometry": {"type": "Polygon", "coordinates": [[[-99.11912, 18.68686], [-99.11844, 18.68726], [-99.11835, 18.68723], [-99.11865, 18.6864], [-99.11922, 18.68655], [-99.11912, 18.68686]]]}}, {"id": "1358109", "type": "Feature", "properties": {"id": "1358109", "CVEGEO": "1702400010309021", "POBTOT": 24.0, "score_nse": 58.2582, "NSE": "C", "VIVTOT": 11.0, "GRAPROES": 10.2, "_ent": "17", "_mun": "024", "_loc": "0001"}, "geometry": {"type": "Polygon", "coordinates": [[[-99.11758, 18.6871], [-99.1183, 18.68736], [-99.11762, 18.6878], [-99.11741, 18.68765], [-99.11758, 18.6871]]]}}, {"id": "1358110", "type": "Feature", "properties": {"id": "1358110", "CVEGEO": "1702400010309020", "POBTOT": 89.0, "score_nse": 58.5206, "NSE": "C", "VIVTOT": 35.0, "GRAPROES": 10.16, "_ent": "17", "_mun": "024", "_loc": "0001"}, "geometry": {"type": "Polygon", "coordinates": [[[-99.11753, 18.68709], [-99.11719, 18.68809], [-99.11612, 18.68882], [-99.11681, 18.68686], [-99.11753, 18.68709]]]}}, {"id": "1358111", "type": "Feature", "properties": {"id": "1358111", "CVEGEO": "1702400010309019", "POBTOT": 130.0, "score_nse": 69.0043, "NSE": "C", "VIVTOT": 41.0, "GRAPROES": 11.09, "_ent": "17", "_mun": "024", "_loc": "0001"}, "geometry": {"type": "Polygon", "coordinates": [[[-99.11678, 18.68683], [-99.11604, 18.6889], [-99.11561, 18.68915], [-99.11633, 18.68665], [-99.11678, 18.68683]]]}}, {"id": "1358112", "type": "Feature", "properties": {"id": "1358112", "CVEGEO": "1702400010309018", "POBTOT": 4.0, "score_nse": 0.0, "NSE": "ND", "VIVTOT": 3.0, "GRAPROES": 0.0, "_ent": "17", "_mun": "024", "_loc": "0001"}, "geometry": {"type": "Polygon", "coordinates": [[[-99.11557, 18.69013], [-99.11528, 18.69036], [-99.11553, 18.68934], [-99.11596, 18.68907], [-99.11557, 18.69013]]]}}, {"id": "1358113", "type": "Feature", "properties": {"id": "1358113", "CVEGEO": "1702400010309017", "POBTOT": 115.0, "score_nse": 51.4029, "NSE": "C-", "VIVTOT": 39.0, "GRAPROES": 8.5, "_ent": "17", "_mun": "024", "_loc": "0001"}, "geometry": {"type": "Polygon", "coordinates": [[[-99.11735, 18.69034], [-99.1173, 18.69117], [-99.1168, 18.69103], [-99.11682, 18.69089], [-99.11677, 18.69102], [-99.11567, 18.69079], [-99.1157, 18.69019], [-99.11641, 18.68996], [-99.11735, 18.69034]]]}}, {"id": "1358114", "type": "Feature", "properties": {"id": "1358114", "CVEGEO": "1702400010309016", "POBTOT": 173.0, "score_nse": 48.3155, "NSE": "C-", "VIVTOT": 57.0, "GRAPROES": 8.26, "_ent": "17", "_mun": "024", "_loc": "0001"}, "geometry": {"type": "Polygon", "coordinates": [[[-99.11876, 18.69083], [-99.11852, 18.69155], [-99.11736, 18.6912], [-99.11726, 18.69079], [-99.1174, 18.69034], [-99.11876, 18.69083]]]}}, {"id": "1358115", "type": "Feature", "properties": {"id": "1358115", "CVEGEO": "1702400010309015", "POBTOT": 104.0, "score_nse": 60.2032, "NSE": "C", "VIVTOT": 37.0, "GRAPROES": 9.63, "_ent": "17", "_mun": "024", "_loc": "0001"}, "geometry": {"type": "Polygon", "coordinates": [[[-99.11999, 18.69122], [-99.11976, 18.69195], [-99.1186, 18.69157], [-99.11884, 18.69087], [-99.11999, 18.69122]]]}}, {"id": "1358116", "type": "Feature", "properties": {"id": "1358116", "CVEGEO": "1702400010309014", "POBTOT": 60.0, "score_nse": 52.9922, "NSE": "C-", "VIVTOT": 21.0, "GRAPROES": 9.33, "_ent": "17", "_mun": "024", "_loc": "0001"}, "geometry": {"type": "Polygon", "coordinates": [[[-99.12065, 18.68912], [-99.1197, 18.68849], [-99.11996, 18.68777], [-99.121, 18.6881], [-99.12065, 18.68912]]]}}, {"id": "1358117", "type": "Feature", "properties": {"id": "1358117", "CVEGEO": "1702400010309013", "POBTOT": 36.0, "score_nse": 0.0, "NSE": "ND", "VIVTOT": 11.0, "GRAPROES": 11.19, "_ent": "17", "_mun": "024", "_loc": "0001"}, "geometry": {"type": "Polygon", "coordinates": [[[-99.12027, 18.68685], [-99.12131, 18.68717], [-99.12101, 18.68802], [-99.11998, 18.6877], [-99.12027, 18.68685]]]}}, {"id": "1358118", "type": "Feature", "properties": {"id": "1358118", "CVEGEO": "1702400010309012", "POBTOT": 28.0, "score_nse": 62.316, "NSE": "C", "VIVTOT": 10.0, "GRAPROES": 8.78, "_ent": "17", "_mun": "024", "_loc": "0001"}, "geometry": {"type": "Polygon", "coordinates": [[[-99.11923, 18.68688], [-99.12023, 18.68685], [-99.11996, 18.68768], [-99.11904, 18.68742], [-99.11923, 18.68688]]]}}, {"id": "1358119", "type": "Feature", "properties": {"id": "1358119", "CVEGEO": "1702400010309011", "POBTOT": 9.0, "score_nse": 0.0, "NSE": "ND", "VIVTOT": 3.0, "GRAPROES": 8.71, "_ent": "17", "_mun": "024", "_loc": "0001"}, "geometry": {"type": "Polygon", "coordinates": [[[-99.11895, 18.68739], [-99.11849, 18.68727], [-99.11911, 18.68693], [-99.11895, 18.68739]]]}}, {"id": "1358120", "type": "Feature", "properties": {"id": "1358120", "CVEGEO": "1702400010309010", "POBTOT": 52.0, "score_nse": 68.3136, "NSE": "C", "VIVTOT": 17.0, "GRAPROES": 11.84, "_ent": "17", "_mun": "024", "_loc": "0001"}, "geometry": {"type": "Polygon", "coordinates": [[[-99.11847, 18.68735], [-99.11873, 18.68753], [-99.11819, 18.68809], [-99.11767, 18.68788], [-99.11847, 18.68735]]]}}, {"id": "1358121", "type": "Feature", "properties": {"id": "1358121", "CVEGEO": "1702400010309009", "POBTOT": 61.0, "score_nse": 57.46, "NSE": "C", "VIVTOT": 25.0, "GRAPROES": 9.57, "_ent": "17", "_mun": "024", "_loc": "0001"}, "geometry": {"type": "Polygon", "coordinates": [[[-99.11814, 18.68812], [-99.11647, 18.68979], [-99.11571, 18.69007], [-99.11604, 18.68904], [-99.11618, 18.68892], [-99.11642, 18.68908], [-99.11621, 18.68889], [-99.1176, 18.68793], [-99.11814, 18.68812]]]}}, {"id": "1358122", "type": "Feature", "properties": {"id": "1358122", "CVEGEO": "1702400010309008", "POBTOT": 101.0, "score_nse": 0.0, "NSE": "ND", "VIVTOT": 32.0, "GRAPROES": 9.33, "_ent": "17", "_mun": "024", "_loc": "0001"}, "geometry": {"type": "Polygon", "coordinates": [[[-99.11908, 18.68995], [-99.11877, 18.69077], [-99.11747, 18.6903], [-99.11833, 18.68953], [-99.11908, 18.68995]]]}}, {"id": "1358123", "type": "Feature", "properties": {"id": "1358123", "CVEGEO": "1702400010309006", "POBTOT": 83.0, "score_nse": 0.0, "NSE": "ND", "VIVTOT": 27.0, "GRAPROES": 9.2, "_ent": "17", "_mun": "024", "_loc": "0001"}, "geometry": {"type": "Polygon", "coordinates": [[[-99.12039, 18.69001], [-99.12017, 18.69063], [-99.11916, 18.68994], [-99.11941, 18.68931], [-99.12039, 18.69001]]]}}, {"id": "1358124", "type": "Feature", "properties": {"id": "1358124", "CVEGEO": "1702400010309005", "POBTOT": 77.0, "score_nse": 0.0, "NSE": "ND", "VIVTOT": 24.0, "GRAPROES": 10.61, "_ent": "17", "_mun": "024", "_loc": "0001"}, "geometry": {"type": "Polygon", "coordinates": [[[-99.11968, 18.68859], [-99.12062, 18.68923], [-99.12044, 18.68984], [-99.11944, 18.68922], [-99.11968, 18.68859]]]}}, {"id": "1358125", "type": "Feature", "properties": {"id": "1358125", "CVEGEO": "1702400010309004", "POBTOT": 44.0, "score_nse": 0.0, "NSE": "ND", "VIVTOT": 15.0, "GRAPROES": 8.33, "_ent": "17", "_mun": "024", "_loc": "0001"}, "geometry": {"type": "Polygon", "coordinates": [[[-99.1198, 18.68799], [-99.11938, 18.68917], [-99.11882, 18.68882], [-99.1198, 18.68799]]]}}, {"id": "1358126", "type": "Feature", "properties": {"id": "1358126", "CVEGEO": "1702400010309003", "POBTOT": 81.0, "score_nse": 0.0, "NSE": "ND", "VIVTOT": 30.0, "GRAPROES": 10.33, "_ent": "17", "_mun": "024", "_loc": "0001"}, "geometry": {"type": "Polygon", "coordinates": [[[-99.11991, 18.68776], [-99.11875, 18.6888], [-99.11804, 18.68838], [-99.11887, 18.68759], [-99.11991, 18.68776]]]}}, {"id": "1358127", "type": "Feature", "properties": {"id": "1358127", "CVEGEO": "1702400010309002", "POBTOT": 64.0, "score_nse": 59.227, "NSE": "C", "VIVTOT": 24.0, "GRAPROES": 10.1, "_ent": "17", "_mun": "024", "_loc": "0001"}, "geometry": {"type": "Polygon", "coordinates": [[[-99.11796, 18.68985], [-99.1174, 18.69027], [-99.11649, 18.68993], [-99.11798, 18.68843], [-99.11868, 18.68886], [-99.11796, 18.68985]]]}}, {"id": "1358128", "type": "Feature", "properties": {"id": "1358128", "CVEGEO": "1702400010309001", "POBTOT": 53.0, "score_nse": 0.0, "NSE": "ND", "VIVTOT": 18.0, "GRAPROES": 7.88, "_ent": "17", "_mun": "024", "_loc": "0001"}, "geometry": {"type": "Polygon", "coordinates": [[[-99.11933, 18.68925], [-99.11908, 18.68989], [-99.11835, 18.68948], [-99.11875, 18.68889], [-99.11933, 18.68925]]]}}, {"id": "1358129", "type": "Feature", "properties": {"id": "1358129", "CVEGEO": "1702400010296054", "POBTOT": 55.0, "score_nse": 45.024, "NSE": "C-", "VIVTOT": 18.0, "GRAPROES": 8.45, "_ent": "17", "_mun": "024", "_loc": "0001"}, "geometry": {"type": "Polygon", "coordinates": [[[-99.11348, 18.69537], [-99.11316, 18.69421], [-99.11312, 18.69377], [-99.11348, 18.69379], [-99.11348, 18.69537]]]}}, {"id": "1358130", "type": "Feature", "properties": {"id": "1358130", "CVEGEO": "1702400010296052", "POBTOT": 45.0, "score_nse": 49.1583, "NSE": "C-", "VIVTOT": 14.0, "GRAPROES": 9.29, "_ent": "17", "_mun": "024", "_loc": "0001"}, "geometry": {"type": "Polygon", "coordinates": [[[-99.11704, 18.69287], [-99.11796, 18.69317], [-99.11772, 18.69385], [-99.1168, 18.69355], [-99.11704, 18.69287]]]}}, {"id": "1358131", "type": "Feature", "properties": {"id": "1358131", "CVEGEO": "1702400010296051", "POBTOT": 18.0, "score_nse": 0.0, "NSE": "ND", "VIVTOT": 6.0, "GRAPROES": 9.75, "_ent": "17", "_mun": "024", "_loc": "0001"}, "geometry": {"type": "Polygon", "coordinates": [[[-99.12049, 18.69642], [-99.12029, 18.69715], [-99.11979, 18.697], [-99.11997, 18.69631], [-99.12049, 18.69642]]]}}, {"id": "1358132", "type": "Feature", "properties": {"id": "1358132", "CVEGEO": "1702400010296050", "POBTOT": 5.0, "score_nse": 0.0, "NSE": "ND", "VIVTOT": 4.0, "GRAPROES": 9.8, "_ent": "17", "_mun": "024", "_loc": "0001"}, "geometry": {"type": "Polygon", "coordinates": [[[-99.11503, 18.69484], [-99.11522, 18.69623], [-99.11557, 18.69701], [-99.11521, 18.69689], [-99.11473, 18.69636], [-99.11461, 18.69522], [-99.11503, 18.69484]]]}}, {"id": "1358133", "type": "Feature", "properties": {"id": "1358133", "CVEGEO": "1702400010296046", "POBTOT": 19.0, "score_nse": 0.0, "NSE": "ND", "VIVTOT": 5.0, "GRAPROES": 8.07, "_ent": "17", "_mun": "024", "_loc": "0001"}, "geometry": {"type": "Polygon", "coordinates": [[[-99.11882, 18.69755], [-99.11863, 18.69749], [-99.11874, 18.69697], [-99.11894, 18.69703], [-99.11882, 18.69755]]]}}, {"id": "1358134", "type": "Feature", "properties": {"id": "1358134", "CVEGEO": "1702400010296045", "POBTOT": 104.0, "score_nse": 0.0, "NSE": "ND", "VIVTOT": 33.0, "GRAPROES": 8.11, "_ent": "17", "_mun": "024", "_loc": "0001"}, "geometry": {"type": "Polygon", "coordinates": [[[-99.12043, 18.69314], [-99.12013, 18.69391], [-99.11989, 18.69378], [-99.11997, 18.69352], [-99.11986, 18.69377], [-99.11806, 18.69312], [-99.11829, 18.69242], [-99.11938, 18.69279], [-99.11931, 18.69303], [-99.11939, 18.69279], [-99.12043, 18.69314]]]}}, {"id": "1358135", "type": "Feature", "properties": {"id": "1358135", "CVEGEO": "1702400010296043", "POBTOT": 0.0, "score_nse": 0.0, "NSE": "ND", "VIVTOT": 0.0, "GRAPROES": 0.0, "_ent": "17", "_mun": "024", "_loc": "0001"}, "geometry": {"type": "Polygon", "coordinates": [[[-99.11562, 18.69024], [-99.11552, 18.69125], [-99.11514, 18.69116], [-99.11524, 18.69052], [-99.11562, 18.69024]]]}}, {"id": "1358136", "type": "Feature", "properties": {"id": "1358136", "CVEGEO": "1702400010296041", "POBTOT": 9.0, "score_nse": 0.0, "NSE": "ND", "VIVTOT": 2.0, "GRAPROES": 0.0, "_ent": "17", "_mun": "024", "_loc": "0001"}, "geometry": {"type": "Polygon", "coordinates": [[[-99.11373, 18.69799], [-99.11358, 18.69922], [-99.11326, 18.69921], [-99.11338, 18.69815], [-99.11373, 18.69799]]]}}, {"id": "1358137", "type": "Feature", "properties": {"id": "1358137", "CVEGEO": "1702400010296040", "POBTOT": 109.0, "score_nse": 0.0, "NSE": "ND", "VIVTOT": 44.0, "GRAPROES": 7.99, "_ent": "17", "_mun": "024", "_loc": "0001"}, "geometry": {"type": "Polygon", "coordinates": [[[-99.11342, 18.70022], [-99.11381, 18.69798], [-99.11416, 18.69763], [-99.11458, 18.69761], [-99.11528, 18.70244], [-99.11419, 18.70272], [-99.11405, 18.70239], [-99.11433, 18.70231], [-99.11405, 18.70234], [-99.11384, 18.70196], [-99.11296, 18.70232], [-99.11341, 18.70028], [-99.11384, 18.70033], [-99.11342, 18.70022]]]}}, {"id": "1358138", "type": "Feature", "properties": {"id": "1358138", "CVEGEO": "1702400010296038", "POBTOT": 165.0, "score_nse": 43.8214, "NSE": "C-", "VIVTOT": 64.0, "GRAPROES": 7.99, "_ent": "17", "_mun": "024", "_loc": "0001"}, "geometry": {"type": "Polygon", "coordinates": [[[-99.11344, 18.6916], [-99.11435, 18.6903], [-99.11542, 18.68945], [-99.1152, 18.69033], [-99.11422, 18.69222], [-99.11344, 18.6916]]]}}, {"id": "1358139", "type": "Feature", "properties": {"id": "1358139", "CVEGEO": "1702400010296037", "POBTOT": 96.0, "score_nse": 48.536, "NSE": "C-", "VIVTOT": 34.0, "GRAPROES": 8.18, "_ent": "17", "_mun": "024", "_loc": "0001"}, "geometry": {"type": "Polygon", "coordinates": [[[-99.11349, 18.69373], [-99.11312, 18.69372], [-99.1131, 18.69308], [-99.11341, 18.69167], [-99.11418, 18.69226], [-99.11369, 18.69306], [-99.11349, 18.69373]]]}}, {"id": "1358140", "type": "Feature", "properties": {"id": "1358140", "CVEGEO": "1702400010296036", "POBTOT": 22.0, "score_nse": 0.0, "NSE": "ND", "VIVTOT": 6.0, "GRAPROES": 8.28, "_ent": "17", "_mun": "024", "_loc": "0001"}, "geometry": {"type": "Polygon", "coordinates": [[[-99.1134, 18.6954], [-99.11412, 18.69674], [-99.11404, 18.69758], [-99.11383, 18.69783], [-99.11368, 18.69643], [-99.1134, 18.6954]]]}}, {"id": "1358141", "type": "Feature", "properties": {"id": "1358141", "CVEGEO": "1702400010296035", "POBTOT": 19.0, "score_nse": 0.0, "NSE": "ND", "VIVTOT": 5.0, "GRAPROES": 9.15, "_ent": "17", "_mun": "024", "_loc": "0001"}, "geometry": {"type": "Polygon", "coordinates": [[[-99.11421, 18.69754], [-99.11465, 18.69679], [-99.11476, 18.69765], [-99.11421, 18.69754]]]}}, {"id": "1358142", "type": "Feature", "properties": {"id": "1358142", "CVEGEO": "1702400010296033", "POBTOT": 19.0, "score_nse": 0.0, "NSE": "ND", "VIVTOT": 5.0, "GRAPROES": 9.5, "_ent": "17", "_mun": "024", "_loc": "0001"}, "geometry": {"type": "Polygon", "coordinates": [[[-99.12028, 18.69721], [-99.12008, 18.69796], [-99.11959, 18.69779], [-99.11979, 18.69706], [-99.12028, 18.69721]]]}}, {"id": "1358143", "type": "Feature", "properties": {"id": "1358143", "CVEGEO": "1702400010296031", "POBTOT": 52.0, "score_nse": 0.0, "NSE": "ND", "VIVTOT": 18.0, "GRAPROES": 6.68, "_ent": "17", "_mun": "024", "_loc": "0001"}, "geometry": {"type": "Polygon", "coordinates": [[[-99.12109, 18.69235], [-99.12227, 18.69268], [-99.12209, 18.6934], [-99.12086, 18.6931], [-99.12109, 18.69235]]]}}, {"id": "1358144", "type": "Feature", "properties": {"id": "1358144", "CVEGEO": "170240005039A013", "POBTOT": 0.0, "score_nse": 0.0, "NSE": null, "VIVTOT": 0.0, "GRAPROES": 0.0, "_ent": "17", "_mun": "024", "_loc": "0005"}, "geometry": {"type": "Polygon", "coordinates": [[[-99.11805, 18.71735], [-99.1189, 18.71712], [-99.11922, 18.71818], [-99.1184, 18.71842], [-99.11805, 18.71735]]]}}, {"id": "1358145", "type": "Feature", "properties": {"id": "1358145", "CVEGEO": "1702400010296030", "POBTOT": 68.0, "score_nse": 52.2966, "NSE": "C-", "VIVTOT": 21.0, "GRAPROES": 8.65, "_ent": "17", "_mun": "024", "_loc": "0001"}, "geometry": {"type": "Polygon", "coordinates": [[[-99.11414, 18.69254], [-99.11447, 18.692], [-99.11511, 18.69065], [-99.11481, 18.69275], [-99.11414, 18.69254]]]}}, {"id": "1358146", "type": "Feature", "properties": {"id": "1358146", "CVEGEO": "1702400010296028", "POBTOT": 190.0, "score_nse": 45.4941, "NSE": "C-", "VIVTOT": 67.0, "GRAPROES": 9.16, "_ent": "17", "_mun": "024", "_loc": "0001"}, "geometry": {"type": "Polygon", "coordinates": [[[-99.11454, 18.69689], [-99.11441, 18.69724], [-99.11414, 18.69744], [-99.11418, 18.69655], [-99.11357, 18.6954], [-99.1136, 18.6938], [-99.11411, 18.69258], [-99.11425, 18.69264], [-99.1139, 18.69379], [-99.1143, 18.69388], [-99.11466, 18.69364], [-99.11448, 18.69534], [-99.11454, 18.69689]]]}}, {"id": "1358147", "type": "Feature", "properties": {"id": "1358147", "CVEGEO": "1702400010296023", "POBTOT": 81.0, "score_nse": 44.3269, "NSE": "C-", "VIVTOT": 35.0, "GRAPROES": 7.77, "_ent": "17", "_mun": "024", "_loc": "0001"}, "geometry": {"type": "Polygon", "coordinates": [[[-99.11982, 18.69203], [-99.12103, 18.69238], [-99.12079, 18.69309], [-99.1196, 18.69273], [-99.11982, 18.69203]]]}}, {"id": "1358148", "type": "Feature", "properties": {"id": "1358148", "CVEGEO": "1702400010296022", "POBTOT": 28.0, "score_nse": 47.035, "NSE": "C-", "VIVTOT": 16.0, "GRAPROES": 11.13, "_ent": "17", "_mun": "024", "_loc": "0001"}, "geometry": {"type": "Polygon", "coordinates": [[[-99.11856, 18.69165], [-99.11974, 18.69202], [-99.11951, 18.69271], [-99.11832, 18.69235], [-99.11856, 18.69165]]]}}, {"id": "1358149", "type": "Feature", "properties": {"id": "1358149", "CVEGEO": "1702400010296019", "POBTOT": 66.0, "score_nse": 0.0, "NSE": "ND", "VIVTOT": 23.0, "GRAPROES": 9.09, "_ent": "17", "_mun": "024", "_loc": "0001"}, "geometry": {"type": "Polygon", "coordinates": [[[-99.11513, 18.6912], [-99.11553, 18.69131], [-99.1155, 18.69154], [-99.11591, 18.69165], [-99.11568, 18.69234], [-99.11502, 18.69212], [-99.11513, 18.6912]]]}}, {"id": "1358150", "type": "Feature", "properties": {"id": "1358150", "CVEGEO": "1702400010296018", "POBTOT": 160.0, "score_nse": 0.0, "NSE": "ND", "VIVTOT": 68.0, "GRAPROES": 8.92, "_ent": "17", "_mun": "024", "_loc": "0001"}, "geometry": {"type": "Polygon", "coordinates": [[[-99.11501, 18.6922], [-99.11566, 18.69241], [-99.11496, 18.69482], [-99.11478, 18.695], [-99.11468, 18.69492], [-99.11491, 18.69302], [-99.11507, 18.69305], [-99.11492, 18.69301], [-99.11501, 18.6922]]]}}, {"id": "1358151", "type": "Feature", "properties": {"id": "1358151", "CVEGEO": "1702400010296016", "POBTOT": 37.0, "score_nse": 0.0, "NSE": "ND", "VIVTOT": 12.0, "GRAPROES": 7.25, "_ent": "17", "_mun": "024", "_loc": "0001"}, "geometry": {"type": "Polygon", "coordinates": [[[-99.11805, 18.696], [-99.11813, 18.69738], [-99.11814, 18.69743], [-99.11778, 18.69738], [-99.11759, 18.69579], [-99.11805, 18.696]]]}}, {"id": "1358152", "type": "Feature", "properties": {"id": "1358152", "CVEGEO": "1702400010296015", "POBTOT": 28.0, "score_nse": 0.0, "NSE": "ND", "VIVTOT": 12.0, "GRAPROES": 5.64, "_ent": "17", "_mun": "024", "_loc": "0001"}, "geometry": {"type": "Polygon", "coordinates": [[[-99.11903, 18.69528], [-99.11887, 18.69601], [-99.11809, 18.69585], [-99.1181, 18.6949], [-99.11903, 18.69528]]]}}, {"id": "1358153", "type": "Feature", "properties": {"id": "1358153", "CVEGEO": "1702400010296014", "POBTOT": 98.0, "score_nse": 43.6513, "NSE": "C-", "VIVTOT": 34.0, "GRAPROES": 7.59, "_ent": "17", "_mun": "024", "_loc": "0001"}, "geometry": {"type": "Polygon", "coordinates": [[[-99.12003, 18.69549], [-99.11814, 18.69485], [-99.11831, 18.69413], [-99.12024, 18.69481], [-99.12003, 18.69549]]]}}, {"id": "1358154", "type": "Feature", "properties": {"id": "1358154", "CVEGEO": "1702400010296013", "POBTOT": 38.0, "score_nse": 0.0, "NSE": "ND", "VIVTOT": 27.0, "GRAPROES": 8.16, "_ent": "17", "_mun": "024", "_loc": "0001"}, "geometry": {"type": "Polygon", "coordinates": [[[-99.12046, 18.69417], [-99.12026, 18.69477], [-99.11832, 18.69408], [-99.11848, 18.69333], [-99.12046, 18.69417]]]}}, {"id": "1358155", "type": "Feature", "properties": {"id": "1358155", "CVEGEO": "1702400010296010", "POBTOT": 101.0, "score_nse": 48.602, "NSE": "C-", "VIVTOT": 36.0, "GRAPROES": 8.1, "_ent": "17", "_mun": "024", "_loc": "0001"}, "geometry": {"type": "Polygon", "coordinates": [[[-99.11572, 18.69237], [-99.11596, 18.69167], [-99.11725, 18.69208], [-99.117, 18.69276], [-99.11632, 18.69256], [-99.11639, 18.69237], [-99.1163, 18.69254], [-99.11572, 18.69237]]]}}, {"id": "1358156", "type": "Feature", "properties": {"id": "1358156", "CVEGEO": "1702400010296009", "POBTOT": 14.0, "score_nse": 0.0, "NSE": "ND", "VIVTOT": 6.0, "GRAPROES": 8.64, "_ent": "17", "_mun": "024", "_loc": "0001"}, "geometry": {"type": "Polygon", "coordinates": [[[-99.11656, 18.69285], [-99.11699, 18.69284], [-99.11673, 18.69357], [-99.1162, 18.69341], [-99.11656, 18.69285]]]}}, {"id": "1358157", "type": "Feature", "properties": {"id": "1358157", "CVEGEO": "1702400010296008", "POBTOT": 94.0, "score_nse": 45.8563, "NSE": "C-", "VIVTOT": 37.0, "GRAPROES": 8.99, "_ent": "17", "_mun": "024", "_loc": "0001"}, "geometry": {"type": "Polygon", "coordinates": [[[-99.11617, 18.69334], [-99.11591, 18.69327], [-99.11615, 18.69338], [-99.11502, 18.6947], [-99.11573, 18.69243], [-99.11658, 18.69271], [-99.11617, 18.69334]]]}}, {"id": "1358158", "type": "Feature", "properties": {"id": "1358158", "CVEGEO": "1702400010296007", "POBTOT": 54.0, "score_nse": 38.9694, "NSE": "D+", "VIVTOT": 28.0, "GRAPROES": 8.75, "_ent": "17", "_mun": "024", "_loc": "0001"}, "geometry": {"type": "Polygon", "coordinates": [[[-99.11634, 18.69478], [-99.11661, 18.69559], [-99.11648, 18.69771], [-99.11492, 18.69794], [-99.11475, 18.6964], [-99.11519, 18.69696], [-99.11581, 18.69721], [-99.11591, 18.6972], [-99.11597, 18.69709], [-99.11577, 18.69625], [-99.11588, 18.69717], [-99.11536, 18.69657], [-99.11508, 18.69477], [-99.11536, 18.69451], [-99.11634, 18.69478]]]}}, {"id": "1358159", "type": "Feature", "properties": {"id": "1358159", "CVEGEO": "1702400010296006", "POBTOT": 47.0, "score_nse": 0.0, "NSE": "ND", "VIVTOT": 16.0, "GRAPROES": 7.13, "_ent": "17", "_mun": "024", "_loc": "0001"}, "geometry": {"type": "Polygon", "coordinates": [[[-99.11761, 18.69576], [-99.11749, 18.69507], [-99.11757, 18.6947], [-99.11806, 18.69488], [-99.11795, 18.69528], [-99.11803, 18.69585], [-99.11761, 18.69576]]]}}, {"id": "1358160", "type": "Feature", "properties": {"id": "1358160", "CVEGEO": "1702400010296005", "POBTOT": 64.0, "score_nse": 47.3345, "NSE": "C-", "VIVTOT": 22.0, "GRAPROES": 8.58, "_ent": "17", "_mun": "024", "_loc": "0001"}, "geometry": {"type": "Polygon", "coordinates": [[[-99.11841, 18.69332], [-99.11809, 18.69481], [-99.11758, 18.69463], [-99.11804, 18.69319], [-99.11841, 18.69332]]]}}, {"id": "1358161", "type": "Feature", "properties": {"id": "1358161", "CVEGEO": "1702400010296004", "POBTOT": 20.0, "score_nse": 0.0, "NSE": "ND", "VIVTOT": 5.0, "GRAPROES": 7.2, "_ent": "17", "_mun": "024", "_loc": "0001"}, "geometry": {"type": "Polygon", "coordinates": [[[-99.11679, 18.69361], [-99.1177, 18.69391], [-99.11751, 18.6946], [-99.11654, 18.69432], [-99.11679, 18.69361]]]}}, {"id": "1358162", "type": "Feature", "properties": {"id": "1358162", "CVEGEO": "1702400010296003", "POBTOT": 22.0, "score_nse": 0.0, "NSE": "ND", "VIVTOT": 15.0, "GRAPROES": 8.05, "_ent": "17", "_mun": "024", "_loc": "0001"}, "geometry": {"type": "Polygon", "coordinates": [[[-99.11647, 18.69429], [-99.11572, 18.69408], [-99.11617, 18.69344], [-99.11671, 18.69361], [-99.11647, 18.69429]]]}}, {"id": "1358163", "type": "Feature", "properties": {"id": "1358163", "CVEGEO": "1702400010281029", "POBTOT": 65.0, "score_nse": 68.1655, "NSE": "C", "VIVTOT": 22.0, "GRAPROES": 11.15, "_ent": "17", "_mun": "024", "_loc": "0001"}, "geometry": {"type": "Polygon", "coordinates": [[[-99.11859, 18.68126], [-99.11875, 18.68054], [-99.11974, 18.68078], [-99.11961, 18.68153], [-99.11859, 18.68126]]]}}, {"id": "1358164", "type": "Feature", "properties": {"id": "1358164", "CVEGEO": "1702400010281028", "POBTOT": 60.0, "score_nse": 0.0, "NSE": "ND", "VIVTOT": 20.0, "GRAPROES": 8.49, "_ent": "17", "_mun": "024", "_loc": "0001"}, "geometry": {"type": "Polygon", "coordinates": [[[-99.12759, 18.67936], [-99.12876, 18.67893], [-99.12846, 18.67934], [-99.12763, 18.67956], [-99.12759, 18.67936]]]}}, {"id": "1358165", "type": "Feature", "properties": {"id": "1358165", "CVEGEO": "1702400010281027", "POBTOT": 287.0, "score_nse": 45.2996, "NSE": "C-", "VIVTOT": 91.0, "GRAPROES": 7.75, "_ent": "17", "_mun": "024", "_loc": "0001"}, "geometry": {"type": "Polygon", "coordinates": [[[-99.12799, 18.67768], [-99.1272, 18.67762], [-99.1282, 18.67777], [-99.12801, 18.67822], [-99.12701, 18.67815], [-99.12797, 18.67829], [-99.12784, 18.67862], [-99.12757, 18.67871], [-99.12669, 18.67857], [-99.12701, 18.67673], [-99.12808, 18.67416], [-99.12767, 18.67392], [-99.12804, 18.67356], [-99.12869, 18.67427], [-99.12931, 18.67465], [-99.12916, 18.67479], [-99.12863, 18.67449], [-99.12908, 18.67482], [-99.12891, 18.67502], [-99.12863, 18.6749], [-99.12889, 18.67506], [-99.1288, 18.67534], [-99.12821, 18.67528], [-99.12875, 18.67538], [-99.12868, 18.67559], [-99.12785, 18.67548], [-99.12866, 18.67568], [-99.12849, 18.67619], [-99.12767, 18.676], [-99.12847, 18.67625], [-99.12834, 18.67664], [-99.1275, 18.67652], [-99.12832, 18.67671], [-99.12816, 18.67714], [-99.12731, 18.67706], [-99.12814, 18.6772], [-99.12799, 18.67768]]]}}, {"id": "1358166", "type": "Feature", "properties": {"id": "1358166", "CVEGEO": "1702400010281024", "POBTOT": 63.0, "score_nse": 42.0371, "NSE": "C-", "VIVTOT": 21.0, "GRAPROES": 8.43, "_ent": "17", "_mun": "024", "_loc": "0001"}, "geometry": {"type": "Polygon", "coordinates": [[[-99.11978, 18.68069], [-99.11986, 18.68029], [-99.12093, 18.68054], [-99.12082, 18.68093], [-99.11978, 18.68069]]]}}, {"id": "1358167", "type": "Feature", "properties": {"id": "1358167", "CVEGEO": "1702400010281023", "POBTOT": 87.0, "score_nse": 0.0, "NSE": "ND", "VIVTOT": 28.0, "GRAPROES": 10.15, "_ent": "17", "_mun": "024", "_loc": "0001"}, "geometry": {"type": "Polygon", "coordinates": [[[-99.11979, 18.68079], [-99.12079, 18.68101], [-99.1206, 18.68174], [-99.11966, 18.68155], [-99.11979, 18.68079]]]}}, {"id": "1358168", "type": "Feature", "properties": {"id": "1358168", "CVEGEO": "1702400010281022", "POBTOT": 26.0, "score_nse": 0.0, "NSE": "ND", "VIVTOT": 12.0, "GRAPROES": 8.8, "_ent": "17", "_mun": "024", "_loc": "0001"}, "geometry": {"type": "Polygon", "coordinates": [[[-99.12785, 18.68036], [-99.12697, 18.68059], [-99.12709, 18.6798], [-99.1278, 18.6796], [-99.1278, 18.68001], [-99.12803, 18.67997], [-99.12785, 18.68036]]]}}, {"id": "1358169", "type": "Feature", "properties": {"id": "1358169", "CVEGEO": "1702400010281021", "POBTOT": 23.0, "score_nse": 0.0, "NSE": "ND", "VIVTOT": 8.0, "GRAPROES": 10.33, "_ent": "17", "_mun": "024", "_loc": "0001"}, "geometry": {"type": "Polygon", "coordinates": [[[-99.12749, 18.67941], [-99.12762, 18.67958], [-99.1271, 18.67972], [-99.12711, 18.67961], [-99.12749, 18.67941]]]}}, {"id": "1358170", "type": "Feature", "properties": {"id": "1358170", "CVEGEO": "1702400010281020", "POBTOT": 54.0, "score_nse": 0.0, "NSE": "ND", "VIVTOT": 17.0, "GRAPROES": 8.59, "_ent": "17", "_mun": "024", "_loc": "0001"}, "geometry": {"type": "Polygon", "coordinates": [[[-99.12628, 18.6785], [-99.12671, 18.67746], [-99.12684, 18.67719], [-99.12664, 18.67853], [-99.12628, 18.6785]]]}}, {"id": "1358171", "type": "Feature", "properties": {"id": "1358171", "CVEGEO": "1702400010281018", "POBTOT": 18.0, "score_nse": 0.0, "NSE": "ND", "VIVTOT": 8.0, "GRAPROES": 5.87, "_ent": "17", "_mun": "024", "_loc": "0001"}, "geometry": {"type": "Polygon", "coordinates": [[[-99.12219, 18.67912], [-99.12206, 18.67931], [-99.12141, 18.6792], [-99.12156, 18.67861], [-99.12219, 18.67912]]]}}, {"id": "1358172", "type": "Feature", "properties": {"id": "1358172", "CVEGEO": "1702400010281017", "POBTOT": 99.0, "score_nse": 0.0, "NSE": "ND", "VIVTOT": 42.0, "GRAPROES": 8.79, "_ent": "17", "_mun": "024", "_loc": "0001"}, "geometry": {"type": "Polygon", "coordinates": [[[-99.12093, 18.68095], [-99.12112, 18.68021], [-99.12237, 18.68047], [-99.12207, 18.6812], [-99.12093, 18.68095]]]}}, {"id": "1358173", "type": "Feature", "properties": {"id": "1358173", "CVEGEO": "1702400010281014", "POBTOT": 197.0, "score_nse": 0.0, "NSE": "ND", "VIVTOT": 76.0, "GRAPROES": 10.86, "_ent": "17", "_mun": "024", "_loc": "0001"}, "geometry": {"type": "Polygon", "coordinates": [[[-99.12548, 18.68496], [-99.12552, 18.68621], [-99.12553, 18.68496], [-99.1254, 18.68439], [-99.12587, 18.68331], [-99.12697, 18.6824], [-99.12803, 18.68199], [-99.12847, 18.68168], [-99.1286, 18.68149], [-99.12924, 18.67957], [-99.12925, 18.67884], [-99.1324, 18.6782], [-99.13233, 18.67925], [-99.13277, 18.6794], [-99.13251, 18.67994], [-99.13265, 18.68026], [-99.13242, 18.68028], [-99.13219, 18.68073], [-99.13183, 18.68087], [-99.13159, 18.68124], [-99.13132, 18.68256], [-99.13145, 18.68279], [-99.1309, 18.68299], [-99.13137, 18.68355], [-99.13045, 18.68389], [-99.13027, 18.6841], [-99.13024, 18.68457], [-99.12968, 18.6843], [-99.12945, 18.6844], [-99.12978, 18.68493], [-99.12937, 18.68526], [-99.12947, 18.68572], [-99.12766, 18.68621], [-99.12505, 18.68762], [-99.12395, 18.68778], [-99.12293, 18.68757], [-99.12373, 18.68458], [-99.12503, 18.68479], [-99.12374, 18.68453], [-99.12425, 18.68269], [-99.12546, 18.6829], [-99.12635, 18.68266], [-99.12548, 18.68286], [-99.1256, 18.68219], [-99.12593, 18.6822], [-99.1256, 18.68216], [-99.12567, 18.68172], [-99.12677, 18.68143], [-99.12666, 18.68257], [-99.12683, 18.68141], [-99.12771, 18.68119], [-99.12761, 18.68166], [-99.12806, 18.68173], [-99.12771, 18.68154], [-99.12792, 18.68061], [-99.12864, 18.68069], [-99.12793, 18.68057], [-99.12809, 18.67999], [-99.12889, 18.6789], [-99.12919, 18.67883], [-99.12918, 18.67952], [-99.12843, 18.68165], [-99.12695, 18.68236], [-99.12583, 18.6833], [-99.12534, 18.6844], [-99.12548, 18.68496]]]}}, {"id": "1358174", "type": "Feature", "properties": {"id": "1358174", "CVEGEO": "1702400010277012", "POBTOT": 163.0, "score_nse": 0.0, "NSE": "ND", "VIVTOT": 53.0, "GRAPROES": 10.27, "_ent": "17", "_mun": "024", "_loc": "0001"}, "geometry": {"type": "Polygon", "coordinates": [[[-99.12067, 18.68182], [-99.12272, 18.68232], [-99.12248, 18.68315], [-99.1204, 18.68268], [-99.12067, 18.68182]]]}}, {"id": "1358175", "type": "Feature", "properties": {"id": "1358175", "CVEGEO": "1702400010277011", "POBTOT": 92.0, "score_nse": 0.0, "NSE": "ND", "VIVTOT": 32.0, "GRAPROES": 8.93, "_ent": "17", "_mun": "024", "_loc": "0001"}, "geometry": {"type": "Polygon", "coordinates": [[[-99.1206, 18.68181], [-99.12033, 18.68266], [-99.11966, 18.68252], [-99.11968, 18.6816], [-99.1206, 18.68181]]]}}, {"id": "1358176", "type": "Feature", "properties": {"id": "1358176", "CVEGEO": "1702400010277010", "POBTOT": 20.0, "score_nse": 87.74, "NSE": "A/B", "VIVTOT": 5.0, "GRAPROES": 14.67, "_ent": "17", "_mun": "024", "_loc": "0001"}, "geometry": {"type": "Polygon", "coordinates": [[[-99.11964, 18.68354], [-99.11937, 18.68448], [-99.11889, 18.68436], [-99.11945, 18.6835], [-99.11964, 18.68354]]]}}, {"id": "1358177", "type": "Feature", "properties": {"id": "1358177", "CVEGEO": "1702400010277009", "POBTOT": 55.0, "score_nse": 54.8535, "NSE": "C-", "VIVTOT": 21.0, "GRAPROES": 9.21, "_ent": "17", "_mun": "024", "_loc": "0001"}, "geometry": {"type": "Polygon", "coordinates": [[[-99.11908, 18.68533], [-99.11837, 18.68522], [-99.11884, 18.68441], [-99.11936, 18.68455], [-99.11908, 18.68533]]]}}, {"id": "1358178", "type": "Feature", "properties": {"id": "1358178", "CVEGEO": "1702400010277008", "POBTOT": 58.0, "score_nse": 52.276, "NSE": "C-", "VIVTOT": 24.0, "GRAPROES": 9.82, "_ent": "17", "_mun": "024", "_loc": "0001"}, "geometry": {"type": "Polygon", "coordinates": [[[-99.11978, 18.68466], [-99.11949, 18.68555], [-99.11911, 18.68543], [-99.11941, 18.68456], [-99.11978, 18.68466]]]}}, {"id": "1358179", "type": "Feature", "properties": {"id": "1358179", "CVEGEO": "1702400010277007", "POBTOT": 90.0, "score_nse": 0.0, "NSE": "ND", "VIVTOT": 35.0, "GRAPROES": 10.6, "_ent": "17", "_mun": "024", "_loc": "0001"}, "geometry": {"type": "Polygon", "coordinates": [[[-99.1208, 18.6848], [-99.12058, 18.68583], [-99.11956, 18.68556], [-99.11983, 18.68466], [-99.1208, 18.6848]]]}}, {"id": "1358180", "type": "Feature", "properties": {"id": "1358180", "CVEGEO": "1702400010277006", "POBTOT": 104.0, "score_nse": 0.0, "NSE": "ND", "VIVTOT": 32.0, "GRAPROES": 9.24, "_ent": "17", "_mun": "024", "_loc": "0001"}, "geometry": {"type": "Polygon", "coordinates": [[[-99.12086, 18.68484], [-99.12193, 18.68507], [-99.12178, 18.68559], [-99.12083, 18.68524], [-99.12086, 18.68484]]]}}, {"id": "1358181", "type": "Feature", "properties": {"id": "1358181", "CVEGEO": "1702400010277005", "POBTOT": 106.0, "score_nse": 53.1131, "NSE": "C-", "VIVTOT": 35.0, "GRAPROES": 9.89, "_ent": "17", "_mun": "024", "_loc": "0001"}, "geometry": {"type": "Polygon", "coordinates": [[[-99.1222, 18.68416], [-99.12196, 18.685], [-99.12085, 18.68477], [-99.12098, 18.6838], [-99.1222, 18.68416]]]}}, {"id": "1358182", "type": "Feature", "properties": {"id": "1358182", "CVEGEO": "1702400010277004", "POBTOT": 209.0, "score_nse": 0.0, "NSE": "ND", "VIVTOT": 57.0, "GRAPROES": 10.52, "_ent": "17", "_mun": "024", "_loc": "0001"}, "geometry": {"type": "Polygon", "coordinates": [[[-99.12039, 18.68276], [-99.12246, 18.68323], [-99.12222, 18.68411], [-99.12012, 18.68357], [-99.12039, 18.68276]]]}}, {"id": "1358183", "type": "Feature", "properties": {"id": "1358183", "CVEGEO": "1702400010277003", "POBTOT": 38.0, "score_nse": 54.6336, "NSE": "C-", "VIVTOT": 17.0, "GRAPROES": 10.8, "_ent": "17", "_mun": "024", "_loc": "0001"}, "geometry": {"type": "Polygon", "coordinates": [[[-99.12028, 18.68275], [-99.12003, 18.68357], [-99.11881, 18.68336], [-99.11881, 18.68301], [-99.11868, 18.68297], [-99.11855, 18.68295], [-99.11848, 18.68325], [-99.11808, 18.68312], [-99.11831, 18.68232], [-99.11874, 18.68242], [-99.11867, 18.68279], [-99.11877, 18.68243], [-99.12028, 18.68275]]]}}, {"id": "1358184", "type": "Feature", "properties": {"id": "1358184", "CVEGEO": "1702400010277002", "POBTOT": 50.0, "score_nse": 56.663, "NSE": "C", "VIVTOT": 21.0, "GRAPROES": 10.61, "_ent": "17", "_mun": "024", "_loc": "0001"}, "geometry": {"type": "Polygon", "coordinates": [[[-99.12001, 18.68362], [-99.11978, 18.68459], [-99.11943, 18.68448], [-99.11969, 18.68355], [-99.12001, 18.68362]]]}}, {"id": "1358185", "type": "Feature", "properties": {"id": "1358185", "CVEGEO": "1702400010277001", "POBTOT": 76.0, "score_nse": 53.5476, "NSE": "C-", "VIVTOT": 33.0, "GRAPROES": 10.2, "_ent": "17", "_mun": "024", "_loc": "0001"}, "geometry": {"type": "Polygon", "coordinates": [[[-99.12092, 18.68387], [-99.12081, 18.68477], [-99.11984, 18.68461], [-99.12009, 18.68361], [-99.12092, 18.68387]]]}}, {"id": "1358186", "type": "Feature", "properties": {"id": "1358186", "CVEGEO": "1702400010239006", "POBTOT": 4.0, "score_nse": 0.0, "NSE": "ND", "VIVTOT": 3.0, "GRAPROES": 0.0, "_ent": "17", "_mun": "024", "_loc": "0001"}, "geometry": {"type": "Polygon", "coordinates": [[[-99.12067, 18.67806], [-99.12068, 18.67749], [-99.121, 18.67768], [-99.12086, 18.67811], [-99.12067, 18.67806]]]}}, {"id": "1358187", "type": "Feature", "properties": {"id": "1358187", "CVEGEO": "1702400010239005", "POBTOT": 55.0, "score_nse": 55.7067, "NSE": "C", "VIVTOT": 19.0, "GRAPROES": 10.14, "_ent": "17", "_mun": "024", "_loc": "0001"}, "geometry": {"type": "Polygon", "coordinates": [[[-99.12059, 18.67825], [-99.12064, 18.67811], [-99.12085, 18.67815], [-99.12064, 18.67929], [-99.12019, 18.67816], [-99.1202, 18.67765], [-99.12041, 18.67734], [-99.12062, 18.67745], [-99.12059, 18.67825]]]}}, {"id": "1358188", "type": "Feature", "properties": {"id": "1358188", "CVEGEO": "1702400010239001", "POBTOT": 59.0, "score_nse": 0.0, "NSE": "ND", "VIVTOT": 28.0, "GRAPROES": 8.48, "_ent": "17", "_mun": "024", "_loc": "0001"}, "geometry": {"type": "Polygon", "coordinates": [[[-99.11819, 18.67888], [-99.11842, 18.67899], [-99.11759, 18.68202], [-99.11375, 18.68089], [-99.11463, 18.67968], [-99.11767, 18.6805], [-99.11819, 18.67888]]]}}, {"id": "1358189", "type": "Feature", "properties": {"id": "1358189", "CVEGEO": "1702400010224001", "POBTOT": 6.0, "score_nse": 0.0, "NSE": "ND", "VIVTOT": 8.0, "GRAPROES": 7.6, "_ent": "17", "_mun": "024", "_loc": "0001"}, "geometry": {"type": "Polygon", "coordinates": [[[-99.12293, 18.68764], [-99.12446, 18.68784], [-99.12521, 18.68765], [-99.12782, 18.68627], [-99.13031, 18.68572], [-99.13036, 18.68601], [-99.13057, 18.68616], [-99.13025, 18.68666], [-99.13064, 18.68714], [-99.1302, 18.68738], [-99.13006, 18.68763], [-99.13057, 18.68781], [-99.1303, 18.68801], [-99.13039, 18.68827], [-99.13127, 18.6881], [-99.13126, 18.68835], [-99.13149, 18.68853], [-99.13091, 18.68846], [-99.13066, 18.68898], [-99.1299, 18.68887], [-99.12975, 18.68912], [-99.13004, 18.68925], [-99.13005, 18.6894], [-99.12975, 18.68918], [-99.12938, 18.68923], [-99.12923, 18.68946], [-99.12937, 18.68965], [-99.1299, 18.68959], [-99.12977, 18.69004], [-99.12924, 18.69026], [-99.12713, 18.68969], [-99.12638, 18.68927], [-99.12481, 18.68914], [-99.12269, 18.68853], [-99.12293, 18.68764]]]}}, {"id": "1358190", "type": "Feature", "properties": {"id": "1358190", "CVEGEO": "1702400010296001", "POBTOT": 15.0, "score_nse": 0.0, "NSE": "ND", "VIVTOT": 7.0, "GRAPROES": 7.08, "_ent": "17", "_mun": "024", "_loc": "0001"}, "geometry": {"type": "Polygon", "coordinates": [[[-99.11745, 18.69503], [-99.11725, 18.69511], [-99.11708, 18.69492], [-99.11639, 18.69475], [-99.11653, 18.69438], [-99.11751, 18.69467], [-99.11745, 18.69503]]]}}, {"id": "1358191", "type": "Feature", "properties": {"id": "1358191", "CVEGEO": "1702400010281038", "POBTOT": 134.0, "score_nse": 45.0593, "NSE": "C-", "VIVTOT": 44.0, "GRAPROES": 7.66, "_ent": "17", "_mun": "024", "_loc": "0001"}, "geometry": {"type": "Polygon", "coordinates": [[[-99.12639, 18.6766], [-99.12673, 18.67579], [-99.12672, 18.67496], [-99.12697, 18.67418], [-99.12799, 18.6734], [-99.12745, 18.67415], [-99.127, 18.67645], [-99.12661, 18.67645], [-99.12526, 18.67964], [-99.12498, 18.67999], [-99.12428, 18.68011], [-99.1237, 18.67996], [-99.12348, 18.67945], [-99.12321, 18.67928], [-99.12352, 18.67842], [-99.12412, 18.6785], [-99.1251, 18.67817], [-99.12639, 18.6766]]]}}, {"id": "1358192", "type": "Feature", "properties": {"id": "1358192", "CVEGEO": "1702400010281035", "POBTOT": 12.0, "score_nse": 0.0, "NSE": "ND", "VIVTOT": 3.0, "GRAPROES": 7.88, "_ent": "17", "_mun": "024", "_loc": "0001"}, "geometry": {"type": "Polygon", "coordinates": [[[-99.12671, 18.67867], [-99.12782, 18.67869], [-99.1276, 18.67919], [-99.12684, 18.6796], [-99.12671, 18.67867]]]}}, {"id": "1358193", "type": "Feature", "properties": {"id": "1358193", "CVEGEO": "1702400010281032", "POBTOT": 81.0, "score_nse": 0.0, "NSE": "ND", "VIVTOT": 20.0, "GRAPROES": 7.64, "_ent": "17", "_mun": "024", "_loc": "0001"}, "geometry": {"type": "Polygon", "coordinates": [[[-99.12711, 18.6763], [-99.12762, 18.67394], [-99.128, 18.67417], [-99.12711, 18.6763]]]}}, {"id": "1358194", "type": "Feature", "properties": {"id": "1358194", "CVEGEO": "1702400010277015", "POBTOT": 77.0, "score_nse": 0.0, "NSE": "ND", "VIVTOT": 32.0, "GRAPROES": 10.41, "_ent": "17", "_mun": "024", "_loc": "0001"}, "geometry": {"type": "Polygon", "coordinates": [[[-99.12225, 18.6842], [-99.12365, 18.68457], [-99.12347, 18.68528], [-99.12203, 18.68503], [-99.12225, 18.6842]]]}}, {"id": "1358195", "type": "Feature", "properties": {"id": "1358195", "CVEGEO": "1702400010277014", "POBTOT": 57.0, "score_nse": 42.2433, "NSE": "C-", "VIVTOT": 24.0, "GRAPROES": 8.43, "_ent": "17", "_mun": "024", "_loc": "0001"}, "geometry": {"type": "Polygon", "coordinates": [[[-99.12253, 18.68324], [-99.12393, 18.68356], [-99.12367, 18.68452], [-99.12228, 18.68415], [-99.12253, 18.68324]]]}}, {"id": "1358196", "type": "Feature", "properties": {"id": "1358196", "CVEGEO": "1702400010277013", "POBTOT": 104.0, "score_nse": 0.0, "NSE": "ND", "VIVTOT": 35.0, "GRAPROES": 8.59, "_ent": "17", "_mun": "024", "_loc": "0001"}, "geometry": {"type": "Polygon", "coordinates": [[[-99.12278, 18.68235], [-99.12414, 18.68267], [-99.12395, 18.68347], [-99.12254, 18.68316], [-99.12278, 18.68235]]]}}, {"id": "1358197", "type": "Feature", "properties": {"id": "1358197", "CVEGEO": "170240001021A003", "POBTOT": 56.0, "score_nse": 67.3666, "NSE": "C", "VIVTOT": 23.0, "GRAPROES": 11.45, "_ent": "17", "_mun": "024", "_loc": "0001"}, "geometry": {"type": "Polygon", "coordinates": [[[-99.11303, 18.69119], [-99.11315, 18.69057], [-99.11422, 18.6893], [-99.11453, 18.68914], [-99.11568, 18.6874], [-99.11506, 18.68719], [-99.11526, 18.68632], [-99.11624, 18.68658], [-99.11547, 18.68929], [-99.11405, 18.69047], [-99.11335, 18.69152], [-99.11303, 18.69119]]]}}, {"id": "1358198", "type": "Feature", "properties": {"id": "1358198", "CVEGEO": "170240001021A001", "POBTOT": 16.0, "score_nse": 0.0, "NSE": "ND", "VIVTOT": 10.0, "GRAPROES": 8.08, "_ent": "17", "_mun": "024", "_loc": "0001"}, "geometry": {"type": "Polygon", "coordinates": [[[-99.1133, 18.69156], [-99.11298, 18.69276], [-99.11296, 18.69373], [-99.11366, 18.6967], [-99.11377, 18.69782], [-99.11338, 18.69792], [-99.11341, 18.69743], [-99.11305, 18.69719], [-99.11147, 18.69682], [-99.11209, 18.69586], [-99.11205, 18.6947], [-99.1116, 18.69398], [-99.11181, 18.69361], [-99.11047, 18.69313], [-99.11012, 18.69254], [-99.11, 18.69184], [-99.11093, 18.69195], [-99.11094, 18.69238], [-99.11286, 18.69278], [-99.11304, 18.69128], [-99.1133, 18.69156]]]}}, {"id": "1358199", "type": "Feature", "properties": {"id": "1358199", "CVEGEO": "1702400010281013", "POBTOT": 51.0, "score_nse": 59.0573, "NSE": "C", "VIVTOT": 15.0, "GRAPROES": 9.59, "_ent": "17", "_mun": "024", "_loc": "0001"}, "geometry": {"type": "Polygon", "coordinates": [[[-99.127, 18.68066], [-99.12789, 18.68042], [-99.12773, 18.68113], [-99.1269, 18.68134], [-99.127, 18.68066]]]}}, {"id": "1358200", "type": "Feature", "properties": {"id": "1358200", "CVEGEO": "1702400010281011", "POBTOT": 143.0, "score_nse": 52.9805, "NSE": "C-", "VIVTOT": 48.0, "GRAPROES": 8.47, "_ent": "17", "_mun": "024", "_loc": "0001"}, "geometry": {"type": "Polygon", "coordinates": [[[-99.12275, 18.67944], [-99.1209, 18.67813], [-99.12104, 18.6777], [-99.12243, 18.67844], [-99.12315, 18.6793], [-99.12299, 18.67953], [-99.12275, 18.67944]]]}}, {"id": "1358201", "type": "Feature", "properties": {"id": "1358201", "CVEGEO": "1702400010281010", "POBTOT": 186.0, "score_nse": 48.6916, "NSE": "C-", "VIVTOT": 55.0, "GRAPROES": 8.14, "_ent": "17", "_mun": "024", "_loc": "0001"}, "geometry": {"type": "Polygon", "coordinates": [[[-99.1227, 18.68051], [-99.12114, 18.68017], [-99.12141, 18.67924], [-99.12208, 18.67935], [-99.12224, 18.6791], [-99.12296, 18.67956], [-99.12272, 18.6801], [-99.12259, 18.68009], [-99.12272, 18.68013], [-99.1227, 18.68051]]]}}, {"id": "1358202", "type": "Feature", "properties": {"id": "1358202", "CVEGEO": "1702400010281009", "POBTOT": 42.0, "score_nse": 0.0, "NSE": "ND", "VIVTOT": 22.0, "GRAPROES": 8.94, "_ent": "17", "_mun": "024", "_loc": "0001"}, "geometry": {"type": "Polygon", "coordinates": [[[-99.12248, 18.68049], [-99.12269, 18.68053], [-99.12259, 18.68131], [-99.12215, 18.68122], [-99.12248, 18.68049]]]}}, {"id": "1358203", "type": "Feature", "properties": {"id": "1358203", "CVEGEO": "1702400010281007", "POBTOT": 52.0, "score_nse": 0.0, "NSE": "ND", "VIVTOT": 15.0, "GRAPROES": 9.26, "_ent": "17", "_mun": "024", "_loc": "0001"}, "geometry": {"type": "Polygon", "coordinates": [[[-99.12426, 18.68267], [-99.12446, 18.68201], [-99.12558, 18.68175], [-99.1254, 18.68287], [-99.12426, 18.68267]]]}}, {"id": "1358204", "type": "Feature", "properties": {"id": "1358204", "CVEGEO": "1702400010281005", "POBTOT": 44.0, "score_nse": 48.2684, "NSE": "C-", "VIVTOT": 19.0, "GRAPROES": 8.5, "_ent": "17", "_mun": "024", "_loc": "0001"}, "geometry": {"type": "Polygon", "coordinates": [[[-99.12587, 18.68097], [-99.1261, 18.68091], [-99.1269, 18.68069], [-99.12678, 18.68137], [-99.12568, 18.68164], [-99.12587, 18.68097]]]}}, {"id": "1358205", "type": "Feature", "properties": {"id": "1358205", "CVEGEO": "1702400010281004", "POBTOT": 68.0, "score_nse": 54.9203, "NSE": "C-", "VIVTOT": 26.0, "GRAPROES": 9.87, "_ent": "17", "_mun": "024", "_loc": "0001"}, "geometry": {"type": "Polygon", "coordinates": [[[-99.12571, 18.68094], [-99.12497, 18.68114], [-99.12461, 18.68124], [-99.12466, 18.68085], [-99.12586, 18.68025], [-99.12571, 18.68094]]]}}, {"id": "1358206", "type": "Feature", "properties": {"id": "1358206", "CVEGEO": "1702400010281003", "POBTOT": 368.0, "score_nse": 47.3586, "NSE": "C-", "VIVTOT": 126.0, "GRAPROES": 8.57, "_ent": "17", "_mun": "024", "_loc": "0001"}, "geometry": {"type": "Polygon", "coordinates": [[[-99.12698, 18.67648], [-99.12623, 18.67853], [-99.12663, 18.67857], [-99.12659, 18.67934], [-99.12676, 18.67964], [-99.1234, 18.68134], [-99.12266, 18.68134], [-99.12272, 18.68089], [-99.12369, 18.68078], [-99.12271, 18.68083], [-99.1228, 18.67996], [-99.12311, 18.67946], [-99.12343, 18.67991], [-99.12319, 18.67931], [-99.12381, 18.68007], [-99.125, 18.68003], [-99.12531, 18.67963], [-99.12663, 18.67648], [-99.12698, 18.67648]]]}}, {"id": "1358207", "type": "Feature", "properties": {"id": "1358207", "CVEGEO": "1702400010296002", "POBTOT": 36.0, "score_nse": 0.0, "NSE": "ND", "VIVTOT": 11.0, "GRAPROES": 9.43, "_ent": "17", "_mun": "024", "_loc": "0001"}, "geometry": {"type": "Polygon", "coordinates": [[[-99.1154, 18.69449], [-99.11571, 18.69413], [-99.11646, 18.69437], [-99.11634, 18.69474], [-99.1154, 18.69449]]]}}, {"id": "1358208", "type": "Feature", "properties": {"id": "1358208", "CVEGEO": "1702400010281037", "POBTOT": 9.0, "score_nse": 0.0, "NSE": "ND", "VIVTOT": 5.0, "GRAPROES": 11.5, "_ent": "17", "_mun": "024", "_loc": "0001"}, "geometry": {"type": "Polygon", "coordinates": [[[-99.12789, 18.67956], [-99.12841, 18.6794], [-99.12806, 18.67993], [-99.12785, 18.67995], [-99.12789, 18.67956]]]}}, {"id": "1358209", "type": "Feature", "properties": {"id": "1358209", "CVEGEO": "1702400010281002", "POBTOT": 103.0, "score_nse": 0.0, "NSE": "ND", "VIVTOT": 47.0, "GRAPROES": 9.0, "_ent": "17", "_mun": "024", "_loc": "0001"}, "geometry": {"type": "Polygon", "coordinates": [[[-99.1235, 18.68143], [-99.12462, 18.68091], [-99.12447, 18.68161], [-99.12409, 18.68153], [-99.12445, 18.68164], [-99.12441, 18.68193], [-99.12409, 18.68187], [-99.1244, 18.68195], [-99.12419, 18.68261], [-99.12322, 18.68238], [-99.1235, 18.68143]]]}}, {"id": "1358210", "type": "Feature", "properties": {"id": "1358210", "CVEGEO": "1702400010281001", "POBTOT": 32.0, "score_nse": 0.0, "NSE": "ND", "VIVTOT": 19.0, "GRAPROES": 10.9, "_ent": "17", "_mun": "024", "_loc": "0001"}, "geometry": {"type": "Polygon", "coordinates": [[[-99.12572, 18.68101], [-99.1256, 18.68167], [-99.12447, 18.68194], [-99.1246, 18.68129], [-99.12572, 18.68101]]]}}, {"id": "1358211", "type": "Feature", "properties": {"id": "1358211", "CVEGEO": "1702400010277032", "POBTOT": 6.0, "score_nse": 0.0, "NSE": "ND", "VIVTOT": 3.0, "GRAPROES": 13.6, "_ent": "17", "_mun": "024", "_loc": "0001"}, "geometry": {"type": "Polygon", "coordinates": [[[-99.11854, 18.68328], [-99.11857, 18.68308], [-99.11876, 18.68304], [-99.11878, 18.68335], [-99.11854, 18.68328]]]}}, {"id": "1358212", "type": "Feature", "properties": {"id": "1358212", "CVEGEO": "1702400010277027", "POBTOT": 53.0, "score_nse": 73.6707, "NSE": "C+", "VIVTOT": 15.0, "GRAPROES": 11.66, "_ent": "17", "_mun": "024", "_loc": "0001"}, "geometry": {"type": "Polygon", "coordinates": [[[-99.11878, 18.68138], [-99.11872, 18.68233], [-99.11831, 18.68224], [-99.11856, 18.68131], [-99.11878, 18.68138]]]}}, {"id": "1358213", "type": "Feature", "properties": {"id": "1358213", "CVEGEO": "1702400010277026", "POBTOT": 152.0, "score_nse": 59.8691, "NSE": "C", "VIVTOT": 53.0, "GRAPROES": 10.17, "_ent": "17", "_mun": "024", "_loc": "0001"}, "geometry": {"type": "Polygon", "coordinates": [[[-99.1187, 18.68053], [-99.11827, 18.68222], [-99.11763, 18.68203], [-99.11777, 18.68156], [-99.11795, 18.6816], [-99.11778, 18.68153], [-99.1182, 18.68042], [-99.1187, 18.68053]]]}}, {"id": "1358214", "type": "Feature", "properties": {"id": "1358214", "CVEGEO": "1702400010277025", "POBTOT": 46.0, "score_nse": 68.9853, "NSE": "C", "VIVTOT": 21.0, "GRAPROES": 12.31, "_ent": "17", "_mun": "024", "_loc": "0001"}, "geometry": {"type": "Polygon", "coordinates": [[[-99.11738, 18.68295], [-99.11763, 18.68209], [-99.11825, 18.6823], [-99.11802, 18.68312], [-99.11738, 18.68295]]]}}, {"id": "1358215", "type": "Feature", "properties": {"id": "1358215", "CVEGEO": "1702400010277023", "POBTOT": 53.0, "score_nse": 0.0, "NSE": "ND", "VIVTOT": 28.0, "GRAPROES": 12.48, "_ent": "17", "_mun": "024", "_loc": "0001"}, "geometry": {"type": "Polygon", "coordinates": [[[-99.11781, 18.68398], [-99.11744, 18.68499], [-99.11684, 18.68484], [-99.11711, 18.6838], [-99.11781, 18.68398]]]}}, {"id": "1358216", "type": "Feature", "properties": {"id": "1358216", "CVEGEO": "1702400010277018", "POBTOT": 54.0, "score_nse": 62.0927, "NSE": "C", "VIVTOT": 22.0, "GRAPROES": 10.76, "_ent": "17", "_mun": "024", "_loc": "0001"}, "geometry": {"type": "Polygon", "coordinates": [[[-99.11878, 18.68439], [-99.11831, 18.68522], [-99.11749, 18.68501], [-99.11784, 18.6841], [-99.11878, 18.68439]]]}}, {"id": "1358217", "type": "Feature", "properties": {"id": "1358217", "CVEGEO": "1702400010277017", "POBTOT": 4.0, "score_nse": 0.0, "NSE": "ND", "VIVTOT": 4.0, "GRAPROES": 10.25, "_ent": "17", "_mun": "024", "_loc": "0001"}, "geometry": {"type": "Polygon", "coordinates": [[[-99.12157, 18.68612], [-99.12065, 18.68587], [-99.12078, 18.68551], [-99.12175, 18.68563], [-99.12157, 18.68612]]]}}, {"id": "1358218", "type": "Feature", "properties": {"id": "1358218", "CVEGEO": "1702400010277016", "POBTOT": 52.0, "score_nse": 54.6341, "NSE": "C-", "VIVTOT": 19.0, "GRAPROES": 10.59, "_ent": "17", "_mun": "024", "_loc": "0001"}, "geometry": {"type": "Polygon", "coordinates": [[[-99.12209, 18.6851], [-99.12343, 18.68535], [-99.12314, 18.68658], [-99.12166, 18.68616], [-99.12209, 18.6851]]]}}, {"id": "1358219", "type": "Feature", "properties": {"id": "1358219", "CVEGEO": "1702400040135016", "POBTOT": 0.0, "score_nse": 0.0, "NSE": null, "VIVTOT": 0.0, "GRAPROES": 0.0, "_ent": "17", "_mun": "024", "_loc": "0004"}, "geometry": {"type": "Polygon", "coordinates": [[[-99.10486, 18.81854], [-99.10476, 18.81903], [-99.10443, 18.81943], [-99.10436, 18.81905], [-99.10457, 18.81823], [-99.10486, 18.81854]]]}}, {"id": "1358220", "type": "Feature", "properties": {"id": "1358220", "CVEGEO": "1702400040135015", "POBTOT": 0.0, "score_nse": 0.0, "NSE": null, "VIVTOT": 0.0, "GRAPROES": 0.0, "_ent": "17", "_mun": "024", "_loc": "0004"}, "geometry": {"type": "Polygon", "coordinates": [[[-99.10566, 18.81886], [-99.10622, 18.81928], [-99.10593, 18.81988], [-99.10524, 18.81937], [-99.10566, 18.81886]]]}}, {"id": "1358221", "type": "Feature", "properties": {"id": "1358221", "CVEGEO": "1702400040135014", "POBTOT": 0.0, "score_nse": 0.0, "NSE": null, "VIVTOT": 0.0, "GRAPROES": 0.0, "_ent": "17", "_mun": "024", "_loc": "0004"}, "geometry": {"type": "Polygon", "coordinates": [[[-99.10656, 18.81956], [-99.10636, 18.82024], [-99.10684, 18.8208], [-99.10638, 18.82058], [-99.106, 18.81998], [-99.10638, 18.81916], [-99.10656, 18.81956]]]}}, {"id": "1358222", "type": "Feature", "properties": {"id": "1358222", "CVEGEO": "1702400040135013", "POBTOT": 0.0, "score_nse": 0.0, "NSE": null, "VIVTOT": 0.0, "GRAPROES": 0.0, "_ent": "17", "_mun": "024", "_loc": "0004"}, "geometry": {"type": "Polygon", "coordinates": [[[-99.10706, 18.81817], [-99.10743, 18.81848], [-99.1066, 18.81946], [-99.10642, 18.819], [-99.10706, 18.81817]]]}}, {"id": "1358223", "type": "Feature", "properties": {"id": "1358223", "CVEGEO": "1702400040135012", "POBTOT": 0.0, "score_nse": 0.0, "NSE": null, "VIVTOT": 0.0, "GRAPROES": 0.0, "_ent": "17", "_mun": "024", "_loc": "0004"}, "geometry": {"type": "Polygon", "coordinates": [[[-99.10782, 18.81706], [-99.10821, 18.81742], [-99.10834, 18.81792], [-99.10808, 18.81809], [-99.10818, 18.81869], [-99.10758, 18.81851], [-99.10707, 18.81813], [-99.10728, 18.81784], [-99.10664, 18.81742], [-99.10691, 18.81727], [-99.10733, 18.81733], [-99.10748, 18.81752], [-99.1074, 18.81734], [-99.10782, 18.81706]]]}}, {"id": "1358224", "type": "Feature", "properties": {"id": "1358224", "CVEGEO": "1702400040135011", "POBTOT": 0.0, "score_nse": 0.0, "NSE": null, "VIVTOT": 0.0, "GRAPROES": 0.0, "_ent": "17", "_mun": "024", "_loc": "0004"}, "geometry": {"type": "Polygon", "coordinates": [[[-99.10787, 18.81693], [-99.10737, 18.81728], [-99.10682, 18.81719], [-99.10716, 18.81664], [-99.10787, 18.81693]]]}}, {"id": "1358225", "type": "Feature", "properties": {"id": "1358225", "CVEGEO": "1702400040135010", "POBTOT": 0.0, "score_nse": 0.0, "NSE": null, "VIVTOT": 0.0, "GRAPROES": 0.0, "_ent": "17", "_mun": "024", "_loc": "0004"}, "geometry": {"type": "Polygon", "coordinates": [[[-99.10617, 18.81645], [-99.10617, 18.81664], [-99.10626, 18.81644], [-99.10705, 18.81662], [-99.10659, 18.81738], [-99.1061, 18.81709], [-99.10562, 18.81704], [-99.10569, 18.81649], [-99.10617, 18.81645]]]}}, {"id": "1358226", "type": "Feature", "properties": {"id": "1358226", "CVEGEO": "1702400040135009", "POBTOT": 0.0, "score_nse": 0.0, "NSE": null, "VIVTOT": 0.0, "GRAPROES": 0.0, "_ent": "17", "_mun": "024", "_loc": "0004"}, "geometry": {"type": "Polygon", "coordinates": [[[-99.10565, 18.81652], [-99.10552, 18.81714], [-99.10498, 18.81665], [-99.10536, 18.81663], [-99.10565, 18.81652]]]}}, {"id": "1358227", "type": "Feature", "properties": {"id": "1358227", "CVEGEO": "1702400040135008", "POBTOT": 0.0, "score_nse": 0.0, "NSE": null, "VIVTOT": 0.0, "GRAPROES": 0.0, "_ent": "17", "_mun": "024", "_loc": "0004"}, "geometry": {"type": "Polygon", "coordinates": [[[-99.10523, 18.81693], [-99.10546, 18.8172], [-99.10541, 18.81742], [-99.10506, 18.81727], [-99.10523, 18.81693]]]}}, {"id": "1358228", "type": "Feature", "properties": {"id": "1358228", "CVEGEO": "1702400040135007", "POBTOT": 0.0, "score_nse": 0.0, "NSE": null, "VIVTOT": 0.0, "GRAPROES": 0.0, "_ent": "17", "_mun": "024", "_loc": "0004"}, "geometry": {"type": "Polygon", "coordinates": [[[-99.10539, 18.81747], [-99.10499, 18.81834], [-99.10471, 18.81828], [-99.10458, 18.81788], [-99.10486, 18.81784], [-99.10505, 18.81733], [-99.10539, 18.81747]]]}}, {"id": "1358229", "type": "Feature", "properties": {"id": "1358229", "CVEGEO": "1702400040135006", "POBTOT": 0.0, "score_nse": 0.0, "NSE": null, "VIVTOT": 0.0, "GRAPROES": 0.0, "_ent": "17", "_mun": "024", "_loc": "0004"}, "geometry": {"type": "Polygon", "coordinates": [[[-99.10543, 18.81764], [-99.10609, 18.81813], [-99.10526, 18.81918], [-99.10489, 18.81882], [-99.10543, 18.81764]]]}}, {"id": "1358230", "type": "Feature", "properties": {"id": "1358230", "CVEGEO": "1702400040135005", "POBTOT": 0.0, "score_nse": 0.0, "NSE": null, "VIVTOT": 0.0, "GRAPROES": 0.0, "_ent": "17", "_mun": "024", "_loc": "0004"}, "geometry": {"type": "Polygon", "coordinates": [[[-99.10613, 18.81817], [-99.10669, 18.81853], [-99.10624, 18.81925], [-99.10567, 18.81884], [-99.10613, 18.81817]]]}}, {"id": "1358231", "type": "Feature", "properties": {"id": "1358231", "CVEGEO": "1702400040135004", "POBTOT": 0.0, "score_nse": 0.0, "NSE": null, "VIVTOT": 0.0, "GRAPROES": 0.0, "_ent": "17", "_mun": "024", "_loc": "0004"}, "geometry": {"type": "Polygon", "coordinates": [[[-99.10703, 18.81811], [-99.10641, 18.81775], [-99.10661, 18.81745], [-99.10723, 18.81785], [-99.10703, 18.81811]]]}}, {"id": "1358232", "type": "Feature", "properties": {"id": "1358232", "CVEGEO": "1702400040135003", "POBTOT": 0.0, "score_nse": 0.0, "NSE": null, "VIVTOT": 0.0, "GRAPROES": 0.0, "_ent": "17", "_mun": "024", "_loc": "0004"}, "geometry": {"type": "Polygon", "coordinates": [[[-99.10562, 18.81707], [-99.10607, 18.81711], [-99.10657, 18.81742], [-99.10628, 18.81782], [-99.10553, 18.81735], [-99.10562, 18.81707]]]}}, {"id": "1358233", "type": "Feature", "properties": {"id": "1358233", "CVEGEO": "1702400040135002", "POBTOT": 0.0, "score_nse": 0.0, "NSE": null, "VIVTOT": 0.0, "GRAPROES": 0.0, "_ent": "17", "_mun": "024", "_loc": "0004"}, "geometry": {"type": "Polygon", "coordinates": [[[-99.10613, 18.81807], [-99.10551, 18.81764], [-99.1055, 18.81741], [-99.10626, 18.81785], [-99.10613, 18.81807]]]}}, {"id": "1358234", "type": "Feature", "properties": {"id": "1358234", "CVEGEO": "1702400040135001", "POBTOT": 0.0, "score_nse": 0.0, "NSE": null, "VIVTOT": 0.0, "GRAPROES": 0.0, "_ent": "17", "_mun": "024", "_loc": "0004"}, "geometry": {"type": "Polygon", "coordinates": [[[-99.10678, 18.81843], [-99.10617, 18.81813], [-99.10635, 18.81782], [-99.10698, 18.81815], [-99.10678, 18.81843]]]}}, {"id": "1358235", "type": "Feature", "properties": {"id": "1358235", "CVEGEO": "170240002039A028", "POBTOT": 0.0, "score_nse": 0.0, "NSE": null, "VIVTOT": 0.0, "GRAPROES": 0.0, "_ent": "17", "_mun": "024", "_loc": "0002"}, "geometry": {"type": "Polygon", "coordinates": [[[-99.15966, 18.71427], [-99.16049, 18.71438], [-99.16059, 18.71457], [-99.16097, 18.71469], [-99.16028, 18.7152], [-99.15946, 18.71503], [-99.15966, 18.71427]]]}}, {"id": "1358236", "type": "Feature", "properties": {"id": "1358236", "CVEGEO": "170240002039A026", "POBTOT": 0.0, "score_nse": 0.0, "NSE": null, "VIVTOT": 0.0, "GRAPROES": 0.0, "_ent": "17", "_mun": "024", "_loc": "0002"}, "geometry": {"type": "Polygon", "coordinates": [[[-99.15528, 18.71698], [-99.15499, 18.71747], [-99.15476, 18.71663], [-99.15529, 18.71661], [-99.15528, 18.71698]]]}}, {"id": "1358237", "type": "Feature", "properties": {"id": "1358237", "CVEGEO": "170240002039A025", "POBTOT": 0.0, "score_nse": 0.0, "NSE": null, "VIVTOT": 0.0, "GRAPROES": 0.0, "_ent": "17", "_mun": "024", "_loc": "0002"}, "geometry": {"type": "Polygon", "coordinates": [[[-99.15807, 18.72078], [-99.15788, 18.72065], [-99.15747, 18.72077], [-99.15717, 18.72061], [-99.15713, 18.72008], [-99.15654, 18.71973], [-99.15697, 18.71904], [-99.15626, 18.71876], [-99.1563, 18.71855], [-99.15691, 18.7183], [-99.15746, 18.71845], [-99.15831, 18.71815], [-99.15843, 18.71858], [-99.15794, 18.71928], [-99.15822, 18.72002], [-99.15807, 18.72078]]]}}, {"id": "1358238", "type": "Feature", "properties": {"id": "1358238", "CVEGEO": "170240002039A024", "POBTOT": 0.0, "score_nse": 0.0, "NSE": null, "VIVTOT": 0.0, "GRAPROES": 0.0, "_ent": "17", "_mun": "024", "_loc": "0002"}, "geometry": {"type": "Polygon", "coordinates": [[[-99.15465, 18.71641], [-99.15486, 18.71751], [-99.15452, 18.71756], [-99.1538, 18.71732], [-99.15339, 18.71744], [-99.15238, 18.71666], [-99.15311, 18.71679], [-99.15465, 18.71641]]]}}, {"id": "1358239", "type": "Feature", "properties": {"id": "1358239", "CVEGEO": "170240002039A023", "POBTOT": 0.0, "score_nse": 0.0, "NSE": null, "VIVTOT": 0.0, "GRAPROES": 0.0, "_ent": "17", "_mun": "024", "_loc": "0002"}, "geometry": {"type": "Polygon", "coordinates": [[[-99.1555, 18.71805], [-99.15505, 18.71858], [-99.15487, 18.71857], [-99.1534, 18.71753], [-99.15377, 18.71739], [-99.15444, 18.71762], [-99.1548, 18.71757], [-99.1552, 18.71797], [-99.1555, 18.71805]]]}}, {"id": "1358240", "type": "Feature", "properties": {"id": "1358240", "CVEGEO": "170240002039A021", "POBTOT": 0.0, "score_nse": 0.0, "NSE": null, "VIVTOT": 0.0, "GRAPROES": 0.0, "_ent": "17", "_mun": "024", "_loc": "0002"}, "geometry": {"type": "Polygon", "coordinates": [[[-99.15831, 18.7181], [-99.15739, 18.71839], [-99.15697, 18.71825], [-99.15795, 18.71765], [-99.15822, 18.7178], [-99.15831, 18.7181]]]}}, {"id": "1358241", "type": "Feature", "properties": {"id": "1358241", "CVEGEO": "170240002039A020", "POBTOT": 0.0, "score_nse": 0.0, "NSE": null, "VIVTOT": 0.0, "GRAPROES": 0.0, "_ent": "17", "_mun": "024", "_loc": "0002"}, "geometry": {"type": "Polygon", "coordinates": [[[-99.15828, 18.71777], [-99.15832, 18.7176], [-99.15899, 18.71784], [-99.15963, 18.71832], [-99.1592, 18.71887], [-99.15828, 18.71777]]]}}, {"id": "1358242", "type": "Feature", "properties": {"id": "1358242", "CVEGEO": "170240002039A019", "POBTOT": 0.0, "score_nse": 0.0, "NSE": null, "VIVTOT": 0.0, "GRAPROES": 0.0, "_ent": "17", "_mun": "024", "_loc": "0002"}, "geometry": {"type": "Polygon", "coordinates": [[[-99.15835, 18.71754], [-99.1584, 18.7168], [-99.15873, 18.71647], [-99.15943, 18.71691], [-99.15982, 18.71736], [-99.15938, 18.71799], [-99.15835, 18.71754]]]}}, {"id": "1358243", "type": "Feature", "properties": {"id": "1358243", "CVEGEO": "170240002039A018", "POBTOT": 0.0, "score_nse": 0.0, "NSE": null, "VIVTOT": 0.0, "GRAPROES": 0.0, "_ent": "17", "_mun": "024", "_loc": "0002"}, "geometry": {"type": "Polygon", "coordinates": [[[-99.15961, 18.717], [-99.15897, 18.71653], [-99.15964, 18.71619], [-99.16024, 18.71681], [-99.15961, 18.717]]]}}, {"id": "1358244", "type": "Feature", "properties": {"id": "1358244", "CVEGEO": "170240138039A013", "POBTOT": 0.0, "score_nse": 0.0, "NSE": null, "VIVTOT": 0.0, "GRAPROES": 0.0, "_ent": "17", "_mun": "024", "_loc": "0138"}, "geometry": {"type": "Polygon", "coordinates": [[[-99.18678, 18.74158], [-99.18677, 18.74167], [-99.18672, 18.74162], [-99.18678, 18.74158]]]}}, {"id": "1358245", "type": "Feature", "properties": {"id": "1358245", "CVEGEO": "170240138039A011", "POBTOT": 0.0, "score_nse": 0.0, "NSE": null, "VIVTOT": 0.0, "GRAPROES": 0.0, "_ent": "17", "_mun": "024", "_loc": "0138"}, "geometry": {"type": "Polygon", "coordinates": [[[-99.18699, 18.74105], [-99.18697, 18.74133], [-99.1869, 18.74108], [-99.18699, 18.74105]]]}}, {"id": "1358246", "type": "Feature", "properties": {"id": "1358246", "CVEGEO": "170240138039A010", "POBTOT": 0.0, "score_nse": 0.0, "NSE": null, "VIVTOT": 0.0, "GRAPROES": 0.0, "_ent": "17", "_mun": "024", "_loc": "0138"}, "geometry": {"type": "Polygon", "coordinates": [[[-99.18682, 18.74108], [-99.18677, 18.74117], [-99.18674, 18.74112], [-99.18682, 18.74108]]]}}, {"id": "1358247", "type": "Feature", "properties": {"id": "1358247", "CVEGEO": "170240138039A009", "POBTOT": 0.0, "score_nse": 0.0, "NSE": null, "VIVTOT": 0.0, "GRAPROES": 0.0, "_ent": "17", "_mun": "024", "_loc": "0138"}, "geometry": {"type": "Polygon", "coordinates": [[[-99.18653, 18.7414], [-99.18658, 18.74167], [-99.18645, 18.74143], [-99.18653, 18.7414]]]}}, {"id": "1358248", "type": "Feature", "properties": {"id": "1358248", "CVEGEO": "170240081039A012", "POBTOT": 0.0, "score_nse": 0.0, "NSE": null, "VIVTOT": 0.0, "GRAPROES": 0.0, "_ent": "17", "_mun": "024", "_loc": "0081"}, "geometry": {"type": "Polygon", "coordinates": [[[-99.11316, 18.70228], [-99.11379, 18.70204], [-99.11393, 18.70239], [-99.11326, 18.70263], [-99.11316, 18.70228]]]}}, {"id": "1358249", "type": "Feature", "properties": {"id": "1358249", "CVEGEO": "170240081039A056", "POBTOT": 0.0, "score_nse": 0.0, "NSE": null, "VIVTOT": 0.0, "GRAPROES": 0.0, "_ent": "17", "_mun": "024", "_loc": "0081"}, "geometry": {"type": "Polygon", "coordinates": [[[-99.11412, 18.7083], [-99.11489, 18.70807], [-99.11498, 18.70846], [-99.11423, 18.70868], [-99.11412, 18.7083]]]}}, {"id": "1358250", "type": "Feature", "properties": {"id": "1358250", "CVEGEO": "170240042039A001", "POBTOT": 0.0, "score_nse": 0.0, "NSE": null, "VIVTOT": 0.0, "GRAPROES": 0.0, "_ent": "17", "_mun": "024", "_loc": "0042"}, "geometry": {"type": "Polygon", "coordinates": [[[-99.13082, 18.67793], [-99.13079, 18.6778], [-99.13114, 18.67772], [-99.13117, 18.67785], [-99.13082, 18.67793]]]}}, {"id": "1358251", "type": "Feature", "properties": {"id": "1358251", "CVEGEO": "170240133039A007", "POBTOT": 0.0, "score_nse": 0.0, "NSE": null, "VIVTOT": 0.0, "GRAPROES": 0.0, "_ent": "17", "_mun": "024", "_loc": "0133"}, "geometry": {"type": "Polygon", "coordinates": [[[-99.15429, 18.66176], [-99.15389, 18.66163], [-99.15405, 18.6611], [-99.15447, 18.66124], [-99.15429, 18.66176]]]}}, {"id": "1358252", "type": "Feature", "properties": {"id": "1358252", "CVEGEO": "1702400060154006", "POBTOT": 0.0, "score_nse": 0.0, "NSE": null, "VIVTOT": 0.0, "GRAPROES": 0.0, "_ent": "17", "_mun": "024", "_loc": "0006"}, "geometry": {"type": "Polygon", "coordinates": [[[-99.04369, 18.58342], [-99.04411, 18.58279], [-99.04506, 18.58339], [-99.04466, 18.58401], [-99.04369, 18.58342]]]}}, {"id": "1358253", "type": "Feature", "properties": {"id": "1358253", "CVEGEO": "1702400120258003", "POBTOT": 1.0, "score_nse": 0.0, "NSE": "ND", "VIVTOT": 13.0, "GRAPROES": 0.0, "_ent": "17", "_mun": "024", "_loc": "0012"}, "geometry": {"type": "Polygon", "coordinates": [[[-99.11615, 18.75659], [-99.11629, 18.75609], [-99.11657, 18.75616], [-99.11644, 18.75667], [-99.11615, 18.75659]]]}}, {"id": "1358254", "type": "Feature", "properties": {"id": "1358254", "CVEGEO": "1702400060154004", "POBTOT": 0.0, "score_nse": 0.0, "NSE": null, "VIVTOT": 0.0, "GRAPROES": 0.0, "_ent": "17", "_mun": "024", "_loc": "0006"}, "geometry": {"type": "Polygon", "coordinates": [[[-99.04311, 18.5821], [-99.04354, 18.58149], [-99.0445, 18.58209], [-99.04409, 18.5827], [-99.04311, 18.5821]]]}}, {"id": "1358255", "type": "Feature", "properties": {"id": "1358255", "CVEGEO": "1702400060154005", "POBTOT": 0.0, "score_nse": 0.0, "NSE": null, "VIVTOT": 0.0, "GRAPROES": 0.0, "_ent": "17", "_mun": "024", "_loc": "0006"}, "geometry": {"type": "Polygon", "coordinates": [[[-99.04415, 18.58274], [-99.04457, 18.58213], [-99.04551, 18.5827], [-99.04511, 18.58333], [-99.04415, 18.58274]]]}}, {"id": "1358256", "type": "Feature", "properties": {"id": "1358256", "CVEGEO": "170240005039A035", "POBTOT": 0.0, "score_nse": 0.0, "NSE": null, "VIVTOT": 0.0, "GRAPROES": 0.0, "_ent": "17", "_mun": "024", "_loc": "0005"}, "geometry": {"type": "Polygon", "coordinates": [[[-99.12222, 18.7187], [-99.12298, 18.71845], [-99.12344, 18.71956], [-99.12263, 18.71981], [-99.12222, 18.7187]]]}}, {"id": "1358257", "type": "Feature", "properties": {"id": "1358257", "CVEGEO": "170240005039A034", "POBTOT": 0.0, "score_nse": 0.0, "NSE": null, "VIVTOT": 0.0, "GRAPROES": 0.0, "_ent": "17", "_mun": "024", "_loc": "0005"}, "geometry": {"type": "Polygon", "coordinates": [[[-99.12175, 18.71749], [-99.1225, 18.71725], [-99.12296, 18.71835], [-99.12216, 18.71859], [-99.12175, 18.71749]]]}}, {"id": "1358258", "type": "Feature", "properties": {"id": "1358258", "CVEGEO": "170240005039A060", "POBTOT": 0.0, "score_nse": 0.0, "NSE": null, "VIVTOT": 0.0, "GRAPROES": 0.0, "_ent": "17", "_mun": "024", "_loc": "0005"}, "geometry": {"type": "Polygon", "coordinates": [[[-99.12117, 18.72388], [-99.12205, 18.7236], [-99.12224, 18.72411], [-99.12135, 18.72447], [-99.12117, 18.72388]]]}}, {"id": "1358259", "type": "Feature", "properties": {"id": "1358259", "CVEGEO": "170240005039A033", "POBTOT": 0.0, "score_nse": 0.0, "NSE": null, "VIVTOT": 0.0, "GRAPROES": 0.0, "_ent": "17", "_mun": "024", "_loc": "0005"}, "geometry": {"type": "Polygon", "coordinates": [[[-99.12133, 18.71638], [-99.12205, 18.71616], [-99.12247, 18.71716], [-99.12174, 18.71741], [-99.12133, 18.71638]]]}}, {"id": "1358260", "type": "Feature", "properties": {"id": "1358260", "CVEGEO": "170240005039A032", "POBTOT": 0.0, "score_nse": 0.0, "NSE": null, "VIVTOT": 0.0, "GRAPROES": 0.0, "_ent": "17", "_mun": "024", "_loc": "0005"}, "geometry": {"type": "Polygon", "coordinates": [[[-99.12081, 18.7153], [-99.12156, 18.71509], [-99.12202, 18.7161], [-99.1213, 18.71631], [-99.12081, 18.7153]]]}}, {"id": "1358261", "type": "Feature", "properties": {"id": "1358261", "CVEGEO": "170240005039A008", "POBTOT": 0.0, "score_nse": 0.0, "NSE": null, "VIVTOT": 0.0, "GRAPROES": 0.0, "_ent": "17", "_mun": "024", "_loc": "0005"}, "geometry": {"type": "Polygon", "coordinates": [[[-99.11916, 18.7209], [-99.12003, 18.72064], [-99.12039, 18.7217], [-99.11954, 18.72199], [-99.11916, 18.7209]]]}}, {"id": "1358262", "type": "Feature", "properties": {"id": "1358262", "CVEGEO": "170240005039A007", "POBTOT": 0.0, "score_nse": 0.0, "NSE": null, "VIVTOT": 0.0, "GRAPROES": 0.0, "_ent": "17", "_mun": "024", "_loc": "0005"}, "geometry": {"type": "Polygon", "coordinates": [[[-99.12017, 18.72062], [-99.12082, 18.72041], [-99.12123, 18.72145], [-99.12052, 18.72167], [-99.12017, 18.72062]]]}}, {"id": "1358263", "type": "Feature", "properties": {"id": "1358263", "CVEGEO": "170240005039A006", "POBTOT": 0.0, "score_nse": 0.0, "NSE": null, "VIVTOT": 0.0, "GRAPROES": 0.0, "_ent": "17", "_mun": "024", "_loc": "0005"}, "geometry": {"type": "Polygon", "coordinates": [[[-99.12051, 18.71917], [-99.12127, 18.71893], [-99.12174, 18.72007], [-99.12097, 18.7203], [-99.12051, 18.71917]]]}}, {"id": "1358264", "type": "Feature", "properties": {"id": "1358264", "CVEGEO": "170240138039A149", "POBTOT": 0.0, "score_nse": 0.0, "NSE": null, "VIVTOT": 0.0, "GRAPROES": 0.0, "_ent": "17", "_mun": "024", "_loc": "0138"}, "geometry": {"type": "Polygon", "coordinates": [[[-99.1858, 18.74219], [-99.1862, 18.74195], [-99.1861, 18.74184], [-99.18578, 18.74212], [-99.18559, 18.74177], [-99.1858, 18.74146], [-99.18611, 18.7413], [-99.1861, 18.74147], [-99.18633, 18.74137], [-99.18617, 18.74129], [-99.18658, 18.74113], [-99.18653, 18.74128], [-99.18695, 18.74096], [-99.18723, 18.74139], [-99.18698, 18.74091], [-99.18767, 18.74035], [-99.18813, 18.74051], [-99.1883, 18.74086], [-99.18715, 18.74087], [-99.18746, 18.74212], [-99.1872, 18.74222], [-99.18673, 18.74181], [-99.18593, 18.74234], [-99.1858, 18.74219]]]}}, {"id": "1358265", "type": "Feature", "properties": {"id": "1358265", "CVEGEO": "170240138039A148", "POBTOT": 0.0, "score_nse": 0.0, "NSE": null, "VIVTOT": 0.0, "GRAPROES": 0.0, "_ent": "17", "_mun": "024", "_loc": "0138"}, "geometry": {"type": "Polygon", "coordinates": [[[-99.1871, 18.7406], [-99.18678, 18.73944], [-99.1866, 18.73884], [-99.18705, 18.73896], [-99.18748, 18.73998], [-99.18754, 18.7402], [-99.1871, 18.7406]]]}}, {"id": "1358266", "type": "Feature", "properties": {"id": "1358266", "CVEGEO": "170240138039A144", "POBTOT": 0.0, "score_nse": 0.0, "NSE": null, "VIVTOT": 0.0, "GRAPROES": 0.0, "_ent": "17", "_mun": "024", "_loc": "0138"}, "geometry": {"type": "Polygon", "coordinates": [[[-99.1805, 18.73978], [-99.18064, 18.73914], [-99.18043, 18.73883], [-99.18064, 18.73844], [-99.18155, 18.73844], [-99.18076, 18.73834], [-99.1811, 18.73822], [-99.18225, 18.73831], [-99.18281, 18.73883], [-99.18267, 18.73902], [-99.18236, 18.73858], [-99.18201, 18.73847], [-99.18199, 18.7386], [-99.18221, 18.73863], [-99.18262, 18.73906], [-99.18236, 18.73924], [-99.18206, 18.73879], [-99.18163, 18.73869], [-99.18161, 18.73882], [-99.18192, 18.73886], [-99.18231, 18.73928], [-99.18206, 18.73948], [-99.1818, 18.7391], [-99.18126, 18.73904], [-99.18124, 18.73917], [-99.18174, 18.73923], [-99.18203, 18.73951], [-99.18172, 18.73985], [-99.18108, 18.73948], [-99.18171, 18.73991], [-99.18154, 18.74021], [-99.18083, 18.73981], [-99.18152, 18.74025], [-99.18139, 18.7405], [-99.1805, 18.73978]]]}}, {"id": "1358267", "type": "Feature", "properties": {"id": "1358267", "CVEGEO": "170240002039A027", "POBTOT": 0.0, "score_nse": 0.0, "NSE": null, "VIVTOT": 0.0, "GRAPROES": 0.0, "_ent": "17", "_mun": "024", "_loc": "0002"}, "geometry": {"type": "Polygon", "coordinates": [[[-99.16125, 18.71844], [-99.1598, 18.71838], [-99.15946, 18.71804], [-99.15992, 18.71738], [-99.15965, 18.71708], [-99.1605, 18.71672], [-99.1603, 18.71678], [-99.15972, 18.71608], [-99.15985, 18.71587], [-99.1602, 18.71613], [-99.15987, 18.71582], [-99.16015, 18.71525], [-99.16044, 18.71521], [-99.16084, 18.71487], [-99.16164, 18.71525], [-99.1624, 18.71477], [-99.16281, 18.71476], [-99.16314, 18.71505], [-99.16197, 18.7162], [-99.16214, 18.71767], [-99.16134, 18.71819], [-99.16125, 18.71844]]]}}, {"id": "1358268", "type": "Feature", "properties": {"id": "1358268", "CVEGEO": "1702400010309034", "POBTOT": 142.0, "score_nse": 0.0, "NSE": "ND", "VIVTOT": 54.0, "GRAPROES": 10.33, "_ent": "17", "_mun": "024", "_loc": "0001"}, "geometry": {"type": "Polygon", "coordinates": [[[-99.11832, 18.6853], [-99.11888, 18.68546], [-99.11827, 18.6872], [-99.11762, 18.68702], [-99.11832, 18.6853]]]}}, {"id": "1358269", "type": "Feature", "properties": {"id": "1358269", "CVEGEO": "1702400010309028", "POBTOT": 240.0, "score_nse": 43.0908, "NSE": "C-", "VIVTOT": 88.0, "GRAPROES": 7.87, "_ent": "17", "_mun": "024", "_loc": "0001"}, "geometry": {"type": "Polygon", "coordinates": [[[-99.12308, 18.69209], [-99.12445, 18.6919], [-99.12543, 18.69231], [-99.1254, 18.69253], [-99.12457, 18.6929], [-99.12442, 18.69273], [-99.12348, 18.69326], [-99.12268, 18.69293], [-99.12315, 18.69262], [-99.12348, 18.69294], [-99.12368, 18.69284], [-99.12347, 18.69288], [-99.12318, 18.69261], [-99.12389, 18.69228], [-99.12466, 18.69222], [-99.12369, 18.69229], [-99.12263, 18.6929], [-99.12238, 18.69275], [-99.1221, 18.69207], [-99.12126, 18.6913], [-99.12152, 18.69064], [-99.12167, 18.69065], [-99.1218, 18.68995], [-99.12163, 18.6906], [-99.12048, 18.68988], [-99.12107, 18.68812], [-99.12512, 18.68933], [-99.12496, 18.69108], [-99.12454, 18.69124], [-99.12437, 18.69184], [-99.12353, 18.69187], [-99.12308, 18.69209]]]}}, {"id": "1358270", "type": "Feature", "properties": {"id": "1358270", "CVEGEO": "1702400010296025", "POBTOT": 12.0, "score_nse": 0.0, "NSE": "ND", "VIVTOT": 6.0, "GRAPROES": 7.67, "_ent": "17", "_mun": "024", "_loc": "0001"}, "geometry": {"type": "Polygon", "coordinates": [[[-99.12002, 18.69557], [-99.11968, 18.69694], [-99.1188, 18.69669], [-99.1191, 18.6953], [-99.12002, 18.69557]]]}}, {"id": "1358271", "type": "Feature", "properties": {"id": "1358271", "CVEGEO": "1702400010296011", "POBTOT": 92.0, "score_nse": 53.6887, "NSE": "C-", "VIVTOT": 27.0, "GRAPROES": 8.71, "_ent": "17", "_mun": "024", "_loc": "0001"}, "geometry": {"type": "Polygon", "coordinates": [[[-99.11731, 18.6921], [-99.11823, 18.69241], [-99.11799, 18.69309], [-99.11708, 18.6928], [-99.11731, 18.6921]]]}}, {"id": "1358272", "type": "Feature", "properties": {"id": "1358272", "CVEGEO": "1702400010277028", "POBTOT": 33.0, "score_nse": 0.0, "NSE": "ND", "VIVTOT": 14.0, "GRAPROES": 12.44, "_ent": "17", "_mun": "024", "_loc": "0001"}, "geometry": {"type": "Polygon", "coordinates": [[[-99.11758, 18.68207], [-99.11675, 18.68482], [-99.11522, 18.6845], [-99.11553, 18.68336], [-99.11653, 18.6836], [-99.11694, 18.6824], [-99.11567, 18.68206], [-99.11581, 18.68152], [-99.11758, 18.68207]]]}}, {"id": "1358273", "type": "Feature", "properties": {"id": "1358273", "CVEGEO": "1702400010277019", "POBTOT": 52.0, "score_nse": 71.8455, "NSE": "C+", "VIVTOT": 21.0, "GRAPROES": 13.13, "_ent": "17", "_mun": "024", "_loc": "0001"}, "geometry": {"type": "Polygon", "coordinates": [[[-99.11928, 18.68363], [-99.11881, 18.68433], [-99.11786, 18.68404], [-99.11811, 18.68317], [-99.11928, 18.68363]]]}}, {"id": "1358274", "type": "Feature", "properties": {"id": "1358274", "CVEGEO": "170240128039A001", "POBTOT": 0.0, "score_nse": 0.0, "NSE": null, "VIVTOT": 0.0, "GRAPROES": 0.0, "_ent": "17", "_mun": "024", "_loc": "0128"}, "geometry": {"type": "Polygon", "coordinates": [[[-99.1816, 18.67374], [-99.18113, 18.67434], [-99.18126, 18.67512], [-99.18102, 18.6751], [-99.18113, 18.67369], [-99.1816, 18.67374]]]}}, {"id": "1358275", "type": "Feature", "properties": {"id": "1358275", "CVEGEO": "170240098039A011", "POBTOT": 0.0, "score_nse": 0.0, "NSE": null, "VIVTOT": 0.0, "GRAPROES": 0.0, "_ent": "17", "_mun": "024", "_loc": "0098"}, "geometry": {"type": "Polygon", "coordinates": [[[-99.19112, 18.69276], [-99.1923, 18.69173], [-99.1925, 18.69199], [-99.19177, 18.69249], [-99.19155, 18.6929], [-99.19112, 18.69276]]]}}, {"id": "1358276", "type": "Feature", "properties": {"id": "1358276", "CVEGEO": "170240098039A012", "POBTOT": 0.0, "score_nse": 0.0, "NSE": null, "VIVTOT": 0.0, "GRAPROES": 0.0, "_ent": "17", "_mun": "024", "_loc": "0098"}, "geometry": {"type": "Polygon", "coordinates": [[[-99.19331, 18.69558], [-99.19289, 18.69558], [-99.19297, 18.69452], [-99.19344, 18.69455], [-99.19331, 18.69558]]]}}, {"id": "1358277", "type": "Feature", "properties": {"id": "1358277", "CVEGEO": "170240098039A013", "POBTOT": 0.0, "score_nse": 0.0, "NSE": null, "VIVTOT": 0.0, "GRAPROES": 0.0, "_ent": "17", "_mun": "024", "_loc": "0098"}, "geometry": {"type": "Polygon", "coordinates": [[[-99.19058, 18.69821], [-99.19069, 18.69759], [-99.19133, 18.69755], [-99.19176, 18.69774], [-99.19169, 18.69818], [-99.19058, 18.69821]]]}}, {"id": "1358278", "type": "Feature", "properties": {"id": "1358278", "CVEGEO": "170240125039A005", "POBTOT": 0.0, "score_nse": 0.0, "NSE": null, "VIVTOT": 0.0, "GRAPROES": 0.0, "_ent": "17", "_mun": "024", "_loc": "0125"}, "geometry": {"type": "Polygon", "coordinates": [[[-99.13491, 18.67505], [-99.13535, 18.67503], [-99.13534, 18.67586], [-99.13516, 18.67603], [-99.13459, 18.67606], [-99.13514, 18.67569], [-99.13491, 18.67505]]]}}, {"id": "1358279", "type": "Feature", "properties": {"id": "1358279", "CVEGEO": "170240125039A002", "POBTOT": 0.0, "score_nse": 0.0, "NSE": null, "VIVTOT": 0.0, "GRAPROES": 0.0, "_ent": "17", "_mun": "024", "_loc": "0125"}, "geometry": {"type": "Polygon", "coordinates": [[[-99.13399, 18.67655], [-99.13373, 18.67655], [-99.13379, 18.67611], [-99.13436, 18.67615], [-99.13399, 18.67655]]]}}, {"id": "1358280", "type": "Feature", "properties": {"id": "1358280", "CVEGEO": "170240125039A003", "POBTOT": 0.0, "score_nse": 0.0, "NSE": null, "VIVTOT": 0.0, "GRAPROES": 0.0, "_ent": "17", "_mun": "024", "_loc": "0125"}, "geometry": {"type": "Polygon", "coordinates": [[[-99.13439, 18.67678], [-99.13391, 18.67677], [-99.13448, 18.67616], [-99.13469, 18.67615], [-99.13439, 18.67678]]]}}, {"id": "1358281", "type": "Feature", "properties": {"id": "1358281", "CVEGEO": "170240125039A004", "POBTOT": 0.0, "score_nse": 0.0, "NSE": null, "VIVTOT": 0.0, "GRAPROES": 0.0, "_ent": "17", "_mun": "024", "_loc": "0125"}, "geometry": {"type": "Polygon", "coordinates": [[[-99.13353, 18.67772], [-99.13357, 18.67739], [-99.13452, 18.67742], [-99.13434, 18.67781], [-99.13353, 18.67772]]]}}, {"id": "1358282", "type": "Feature", "properties": {"id": "1358282", "CVEGEO": "170240138039A014", "POBTOT": 0.0, "score_nse": 0.0, "NSE": null, "VIVTOT": 0.0, "GRAPROES": 0.0, "_ent": "17", "_mun": "024", "_loc": "0138"}, "geometry": {"type": "Polygon", "coordinates": [[[-99.18692, 18.74172], [-99.18672, 18.74178], [-99.18686, 18.74166], [-99.18692, 18.74172]]]}}, {"id": "1358283", "type": "Feature", "properties": {"id": "1358283", "CVEGEO": "1702400120116005", "POBTOT": 0.0, "score_nse": 10.0, "NSE": "E", "VIVTOT": 11.0, "GRAPROES": 0.0, "_ent": "17", "_mun": "024", "_loc": "0012"}, "geometry": {"type": "Polygon", "coordinates": [[[-99.1239, 18.75515], [-99.1231, 18.75494], [-99.12359, 18.75319], [-99.12436, 18.7534], [-99.1239, 18.75515]]]}}, {"id": "1358284", "type": "Feature", "properties": {"id": "1358284", "CVEGEO": "170240015039A007", "POBTOT": 0.0, "score_nse": 0.0, "NSE": null, "VIVTOT": 0.0, "GRAPROES": 0.0, "_ent": "17", "_mun": "024", "_loc": "0015"}, "geometry": {"type": "Polygon", "coordinates": [[[-99.10414, 18.69972], [-99.104, 18.69942], [-99.10474, 18.69915], [-99.10508, 18.69943], [-99.10414, 18.69972]]]}}, {"id": "1358285", "type": "Feature", "properties": {"id": "1358285", "CVEGEO": "1702400160154030", "POBTOT": 0.0, "score_nse": 0.0, "NSE": null, "VIVTOT": 0.0, "GRAPROES": 0.0, "_ent": "17", "_mun": "024", "_loc": "0016"}, "geometry": {"type": "Polygon", "coordinates": [[[-99.00511, 18.63805], [-99.00583, 18.63823], [-99.00567, 18.639], [-99.00488, 18.6388], [-99.00511, 18.63805]]]}}, {"id": "1358286", "type": "Feature", "properties": {"id": "1358286", "CVEGEO": "170240138039A024", "POBTOT": 0.0, "score_nse": 0.0, "NSE": null, "VIVTOT": 0.0, "GRAPROES": 0.0, "_ent": "17", "_mun": "024", "_loc": "0138"}, "geometry": {"type": "Polygon", "coordinates": [[[-99.18505, 18.74086], [-99.18493, 18.74104], [-99.18496, 18.74085], [-99.18505, 18.74086]]]}}, {"id": "1358287", "type": "Feature", "properties": {"id": "1358287", "CVEGEO": "170240138039A106", "POBTOT": 0.0, "score_nse": 0.0, "NSE": null, "VIVTOT": 0.0, "GRAPROES": 0.0, "_ent": "17", "_mun": "024", "_loc": "0138"}, "geometry": {"type": "Polygon", "coordinates": [[[-99.1824, 18.73986], [-99.18265, 18.73956], [-99.18271, 18.73963], [-99.1824, 18.73986]]]}}, {"id": "1358288", "type": "Feature", "properties": {"id": "1358288", "CVEGEO": "170240138039A111", "POBTOT": 0.0, "score_nse": 0.0, "NSE": null, "VIVTOT": 0.0, "GRAPROES": 0.0, "_ent": "17", "_mun": "024", "_loc": "0138"}, "geometry": {"type": "Polygon", "coordinates": [[[-99.18312, 18.73932], [-99.18274, 18.73949], [-99.18306, 18.73925], [-99.18312, 18.73932]]]}}, {"id": "1358289", "type": "Feature", "properties": {"id": "1358289", "CVEGEO": "170240138039A115", "POBTOT": 0.0, "score_nse": 0.0, "NSE": null, "VIVTOT": 0.0, "GRAPROES": 0.0, "_ent": "17", "_mun": "024", "_loc": "0138"}, "geometry": {"type": "Polygon", "coordinates": [[[-99.18232, 18.73959], [-99.18218, 18.73954], [-99.18223, 18.73949], [-99.18232, 18.73959]]]}}, {"id": "1358290", "type": "Feature", "properties": {"id": "1358290", "CVEGEO": "170240138039A117", "POBTOT": 0.0, "score_nse": 0.0, "NSE": null, "VIVTOT": 0.0, "GRAPROES": 0.0, "_ent": "17", "_mun": "024", "_loc": "0138"}, "geometry": {"type": "Polygon", "coordinates": [[[-99.18267, 18.73916], [-99.18262, 18.7393], [-99.18257, 18.73925], [-99.18267, 18.73916]]]}}, {"id": "1358291", "type": "Feature", "properties": {"id": "1358291", "CVEGEO": "170240138039A118", "POBTOT": 0.0, "score_nse": 0.0, "NSE": null, "VIVTOT": 0.0, "GRAPROES": 0.0, "_ent": "17", "_mun": "024", "_loc": "0138"}, "geometry": {"type": "Polygon", "coordinates": [[[-99.1828, 18.73923], [-99.18279, 18.73908], [-99.18286, 18.73918], [-99.1828, 18.73923]]]}}, {"id": "1358292", "type": "Feature", "properties": {"id": "1358292", "CVEGEO": "170240138039A142", "POBTOT": 0.0, "score_nse": 0.0, "NSE": null, "VIVTOT": 0.0, "GRAPROES": 0.0, "_ent": "17", "_mun": "024", "_loc": "0138"}, "geometry": {"type": "Polygon", "coordinates": [[[-99.18448, 18.74191], [-99.18433, 18.74207], [-99.18397, 18.74191], [-99.18436, 18.74223], [-99.18265, 18.74102], [-99.18299, 18.74061], [-99.18304, 18.74076], [-99.18339, 18.74085], [-99.18321, 18.74057], [-99.18303, 18.74057], [-99.18317, 18.74039], [-99.18358, 18.74063], [-99.18341, 18.74033], [-99.18322, 18.74034], [-99.18355, 18.7399], [-99.18395, 18.7403], [-99.18386, 18.7404], [-99.18399, 18.74057], [-99.18399, 18.74033], [-99.18457, 18.74104], [-99.18424, 18.74089], [-99.18444, 18.74114], [-99.1846, 18.74108], [-99.18477, 18.74129], [-99.18464, 18.74122], [-99.18436, 18.74165], [-99.18472, 18.74144], [-99.18454, 18.74179], [-99.18482, 18.74134], [-99.18504, 18.74156], [-99.18505, 18.74196], [-99.18484, 18.7423], [-99.18438, 18.7421], [-99.18448, 18.74191]]]}}, {"id": "1358293", "type": "Feature", "properties": {"id": "1358293", "CVEGEO": "170240138039A143", "POBTOT": 0.0, "score_nse": 0.0, "NSE": null, "VIVTOT": 0.0, "GRAPROES": 0.0, "_ent": "17", "_mun": "024", "_loc": "0138"}, "geometry": {"type": "Polygon", "coordinates": [[[-99.18143, 18.74054], [-99.18176, 18.73997], [-99.18166, 18.74032], [-99.18192, 18.74034], [-99.18186, 18.74008], [-99.18205, 18.74023], [-99.18178, 18.73992], [-99.18192, 18.73975], [-99.18214, 18.74013], [-99.18204, 18.73976], [-99.18239, 18.74006], [-99.18203, 18.73966], [-99.18194, 18.73971], [-99.1828, 18.73904], [-99.183, 18.73917], [-99.18221, 18.73976], [-99.18304, 18.7392], [-99.18349, 18.73978], [-99.18339, 18.73997], [-99.183, 18.7396], [-99.18326, 18.73994], [-99.18319, 18.74006], [-99.18337, 18.74001], [-99.18316, 18.74029], [-99.18268, 18.73984], [-99.183, 18.74025], [-99.18284, 18.74043], [-99.18311, 18.74033], [-99.18251, 18.74104], [-99.18143, 18.74054]]]}}, {"id": "1358294", "type": "Feature", "properties": {"id": "1358294", "CVEGEO": "170240138039A146", "POBTOT": 0.0, "score_nse": 0.0, "NSE": null, "VIVTOT": 0.0, "GRAPROES": 0.0, "_ent": "17", "_mun": "024", "_loc": "0138"}, "geometry": {"type": "Polygon", "coordinates": [[[-99.18684, 18.73977], [-99.18623, 18.74001], [-99.1862, 18.73877], [-99.18658, 18.73883], [-99.18684, 18.73977]]]}}, {"id": "1358295", "type": "Feature", "properties": {"id": "1358295", "CVEGEO": "170240138039A147", "POBTOT": 0.0, "score_nse": 0.0, "NSE": null, "VIVTOT": 0.0, "GRAPROES": 0.0, "_ent": "17", "_mun": "024", "_loc": "0138"}, "geometry": {"type": "Polygon", "coordinates": [[[-99.18652, 18.74083], [-99.18689, 18.7406], [-99.18651, 18.74078], [-99.1863, 18.73999], [-99.18686, 18.73981], [-99.18706, 18.74061], [-99.18652, 18.74083]]]}}, {"id": "1358296", "type": "Feature", "properties": {"id": "1358296", "CVEGEO": "170240138039A150", "POBTOT": 0.0, "score_nse": 0.0, "NSE": null, "VIVTOT": 0.0, "GRAPROES": 0.0, "_ent": "17", "_mun": "024", "_loc": "0138"}, "geometry": {"type": "Polygon", "coordinates": [[[-99.1856, 18.74256], [-99.18534, 18.74226], [-99.18539, 18.74222], [-99.1856, 18.74256]]]}}, {"id": "1358297", "type": "Feature", "properties": {"id": "1358297", "CVEGEO": "170240138039A151", "POBTOT": 0.0, "score_nse": 0.0, "NSE": null, "VIVTOT": 0.0, "GRAPROES": 0.0, "_ent": "17", "_mun": "024", "_loc": "0138"}, "geometry": {"type": "Polygon", "coordinates": [[[-99.18502, 18.74299], [-99.18498, 18.74256], [-99.18504, 18.74255], [-99.18502, 18.74299]]]}}, {"id": "1358298", "type": "Feature", "properties": {"id": "1358298", "CVEGEO": "170240138039A139", "POBTOT": 0.0, "score_nse": 0.0, "NSE": null, "VIVTOT": 0.0, "GRAPROES": 0.0, "_ent": "17", "_mun": "024", "_loc": "0138"}, "geometry": {"type": "Polygon", "coordinates": [[[-99.18094, 18.73798], [-99.18104, 18.73789], [-99.18101, 18.738], [-99.18094, 18.73798]]]}}, {"id": "1358299", "type": "Feature", "properties": {"id": "1358299", "CVEGEO": "170240138039A163", "POBTOT": 0.0, "score_nse": 0.0, "NSE": null, "VIVTOT": 0.0, "GRAPROES": 0.0, "_ent": "17", "_mun": "024", "_loc": "0138"}, "geometry": {"type": "Polygon", "coordinates": [[[-99.18386, 18.73879], [-99.18353, 18.73874], [-99.184, 18.73878], [-99.18386, 18.73879]]]}}, {"id": "1358300", "type": "Feature", "properties": {"id": "1358300", "CVEGEO": "170240005039A004", "POBTOT": 0.0, "score_nse": 0.0, "NSE": null, "VIVTOT": 0.0, "GRAPROES": 0.0, "_ent": "17", "_mun": "024", "_loc": "0005"}, "geometry": {"type": "Polygon", "coordinates": [[[-99.11937, 18.71823], [-99.11992, 18.71806], [-99.12032, 18.71912], [-99.11972, 18.7193], [-99.11937, 18.71823]]]}}, {"id": "1358301", "type": "Feature", "properties": {"id": "1358301", "CVEGEO": "170240138039A085", "POBTOT": 0.0, "score_nse": 0.0, "NSE": null, "VIVTOT": 0.0, "GRAPROES": 0.0, "_ent": "17", "_mun": "024", "_loc": "0138"}, "geometry": {"type": "Polygon", "coordinates": [[[-99.18466, 18.74193], [-99.18461, 18.74201], [-99.18461, 18.74193], [-99.18466, 18.74193]]]}}, {"id": "1358302", "type": "Feature", "properties": {"id": "1358302", "CVEGEO": "170240138039A006", "POBTOT": 0.0, "score_nse": 0.0, "NSE": null, "VIVTOT": 0.0, "GRAPROES": 0.0, "_ent": "17", "_mun": "024", "_loc": "0138"}, "geometry": {"type": "Polygon", "coordinates": [[[-99.18656, 18.74166], [-99.18639, 18.74159], [-99.18647, 18.74154], [-99.18656, 18.74166]]]}}, {"id": "1358303", "type": "Feature", "properties": {"id": "1358303", "CVEGEO": "170240138039A007", "POBTOT": 0.0, "score_nse": 0.0, "NSE": null, "VIVTOT": 0.0, "GRAPROES": 0.0, "_ent": "17", "_mun": "024", "_loc": "0138"}, "geometry": {"type": "Polygon", "coordinates": [[[-99.186, 18.74163], [-99.1857, 18.74194], [-99.18565, 18.74188], [-99.186, 18.74163]]]}}, {"id": "1358304", "type": "Feature", "properties": {"id": "1358304", "CVEGEO": "170240116039A013", "POBTOT": 0.0, "score_nse": 0.0, "NSE": null, "VIVTOT": 0.0, "GRAPROES": 0.0, "_ent": "17", "_mun": "024", "_loc": "0116"}, "geometry": {"type": "Polygon", "coordinates": [[[-99.18882, 18.70522], [-99.18904, 18.70534], [-99.18884, 18.70646], [-99.18862, 18.70631], [-99.18882, 18.70522]]]}}, {"id": "1358305", "type": "Feature", "properties": {"id": "1358305", "CVEGEO": "170240015039A040", "POBTOT": 0.0, "score_nse": 0.0, "NSE": null, "VIVTOT": 0.0, "GRAPROES": 0.0, "_ent": "17", "_mun": "024", "_loc": "0015"}, "geometry": {"type": "Polygon", "coordinates": [[[-99.09963, 18.69528], [-99.09904, 18.69434], [-99.09733, 18.69368], [-99.09751, 18.69307], [-99.09942, 18.69221], [-99.10032, 18.69445], [-99.10034, 18.69495], [-99.10012, 18.69529], [-99.09963, 18.69528]]]}}, {"id": "1358306", "type": "Feature", "properties": {"id": "1358306", "CVEGEO": "170240009039A041", "POBTOT": 0.0, "score_nse": 0.0, "NSE": null, "VIVTOT": 0.0, "GRAPROES": 0.0, "_ent": "17", "_mun": "024", "_loc": "0009"}, "geometry": {"type": "Polygon", "coordinates": [[[-99.10399, 18.71263], [-99.10335, 18.71282], [-99.10284, 18.7131], [-99.10286, 18.71253], [-99.1039, 18.71224], [-99.10399, 18.71263]]]}}, {"id": "1358307", "type": "Feature", "properties": {"id": "1358307", "CVEGEO": "170240009039A042", "POBTOT": 0.0, "score_nse": 0.0, "NSE": null, "VIVTOT": 0.0, "GRAPROES": 0.0, "_ent": "17", "_mun": "024", "_loc": "0009"}, "geometry": {"type": "Polygon", "coordinates": [[[-99.10389, 18.71218], [-99.10285, 18.71247], [-99.10286, 18.7119], [-99.10379, 18.71171], [-99.10389, 18.71218]]]}}, {"id": "1358308", "type": "Feature", "properties": {"id": "1358308", "CVEGEO": "1702400070366064", "POBTOT": 0.0, "score_nse": 10.0, "NSE": "E", "VIVTOT": 3.0, "GRAPROES": 0.0, "_ent": "17", "_mun": "024", "_loc": "0007"}, "geometry": {"type": "Polygon", "coordinates": [[[-99.14161, 18.68284], [-99.14113, 18.68314], [-99.14096, 18.68248], [-99.14117, 18.68209], [-99.14125, 18.68243], [-99.14161, 18.68284]]]}}, {"id": "1358309", "type": "Feature", "properties": {"id": "1358309", "CVEGEO": "1702400070366065", "POBTOT": 40.0, "score_nse": 0.0, "NSE": "ND", "VIVTOT": 13.0, "GRAPROES": 7.69, "_ent": "17", "_mun": "024", "_loc": "0007"}, "geometry": {"type": "Polygon", "coordinates": [[[-99.13973, 18.68096], [-99.13965, 18.6815], [-99.13928, 18.68149], [-99.139, 18.68108], [-99.13859, 18.68085], [-99.13864, 18.68053], [-99.13973, 18.68096]]]}}, {"id": "1358310", "type": "Feature", "properties": {"id": "1358310", "CVEGEO": "1702400070366031", "POBTOT": 75.0, "score_nse": 0.0, "NSE": "ND", "VIVTOT": 31.0, "GRAPROES": 7.88, "_ent": "17", "_mun": "024", "_loc": "0007"}, "geometry": {"type": "Polygon", "coordinates": [[[-99.14036, 18.68222], [-99.14041, 18.68154], [-99.1406, 18.68152], [-99.14059, 18.682], [-99.14064, 18.6815], [-99.14137, 18.68123], [-99.14137, 18.68155], [-99.14092, 18.68249], [-99.14107, 18.68313], [-99.14076, 18.68319], [-99.14036, 18.68222]]]}}, {"id": "1358311", "type": "Feature", "properties": {"id": "1358311", "CVEGEO": "1702400070506003", "POBTOT": 170.0, "score_nse": 45.0645, "NSE": "C-", "VIVTOT": 61.0, "GRAPROES": 8.83, "_ent": "17", "_mun": "024", "_loc": "0007"}, "geometry": {"type": "Polygon", "coordinates": [[[-99.13833, 18.68133], [-99.13763, 18.68127], [-99.13743, 18.68096], [-99.13671, 18.68167], [-99.13742, 18.68104], [-99.1376, 18.68135], [-99.13624, 18.68237], [-99.13611, 18.68149], [-99.13716, 18.68038], [-99.13664, 18.68017], [-99.13785, 18.67868], [-99.13862, 18.67887], [-99.13888, 18.6793], [-99.13833, 18.68133]]]}}, {"id": "1358312", "type": "Feature", "properties": {"id": "1358312", "CVEGEO": "1702400070506012", "POBTOT": 58.0, "score_nse": 50.385, "NSE": "C-", "VIVTOT": 23.0, "GRAPROES": 8.38, "_ent": "17", "_mun": "024", "_loc": "0007"}, "geometry": {"type": "Polygon", "coordinates": [[[-99.13567, 18.68291], [-99.13508, 18.68249], [-99.13549, 18.68219], [-99.1356, 18.68226], [-99.13525, 18.6815], [-99.13548, 18.68123], [-99.13605, 18.68147], [-99.1362, 18.6824], [-99.13553, 18.68275], [-99.13567, 18.68291]]]}}, {"id": "1358313", "type": "Feature", "properties": {"id": "1358313", "CVEGEO": "170240138039A167", "POBTOT": 0.0, "score_nse": 0.0, "NSE": null, "VIVTOT": 0.0, "GRAPROES": 0.0, "_ent": "17", "_mun": "024", "_loc": "0138"}, "geometry": {"type": "Polygon", "coordinates": [[[-99.17966, 18.73952], [-99.1795, 18.73952], [-99.17954, 18.73946], [-99.17966, 18.73952]]]}}, {"id": "1358314", "type": "Feature", "properties": {"id": "1358314", "CVEGEO": "170240138039A168", "POBTOT": 0.0, "score_nse": 0.0, "NSE": null, "VIVTOT": 0.0, "GRAPROES": 0.0, "_ent": "17", "_mun": "024", "_loc": "0138"}, "geometry": {"type": "Polygon", "coordinates": [[[-99.17984, 18.73965], [-99.17944, 18.73974], [-99.17943, 18.73966], [-99.17984, 18.73965]]]}}, {"id": "1358315", "type": "Feature", "properties": {"id": "1358315", "CVEGEO": "170240138039A169", "POBTOT": 0.0, "score_nse": 0.0, "NSE": null, "VIVTOT": 0.0, "GRAPROES": 0.0, "_ent": "17", "_mun": "024", "_loc": "0138"}, "geometry": {"type": "Polygon", "coordinates": [[[-99.17947, 18.7394], [-99.17922, 18.73974], [-99.17937, 18.73936], [-99.17947, 18.7394]]]}}, {"id": "1358316", "type": "Feature", "properties": {"id": "1358316", "CVEGEO": "170240138039A170", "POBTOT": 0.0, "score_nse": 0.0, "NSE": null, "VIVTOT": 0.0, "GRAPROES": 0.0, "_ent": "17", "_mun": "024", "_loc": "0138"}, "geometry": {"type": "Polygon", "coordinates": [[[-99.17921, 18.73978], [-99.17918, 18.74004], [-99.1791, 18.74001], [-99.17921, 18.73978]]]}}, {"id": "1358317", "type": "Feature", "properties": {"id": "1358317", "CVEGEO": "170240138039A171", "POBTOT": 0.0, "score_nse": 0.0, "NSE": null, "VIVTOT": 0.0, "GRAPROES": 0.0, "_ent": "17", "_mun": "024", "_loc": "0138"}, "geometry": {"type": "Polygon", "coordinates": [[[-99.17982, 18.74005], [-99.1795, 18.74014], [-99.1795, 18.74005], [-99.17982, 18.74005]]]}}, {"id": "1358318", "type": "Feature", "properties": {"id": "1358318", "CVEGEO": "170240138039A172", "POBTOT": 0.0, "score_nse": 0.0, "NSE": null, "VIVTOT": 0.0, "GRAPROES": 0.0, "_ent": "17", "_mun": "024", "_loc": "0138"}, "geometry": {"type": "Polygon", "coordinates": [[[-99.17947, 18.74015], [-99.17906, 18.74018], [-99.17947, 18.74006], [-99.17947, 18.74015]]]}}, {"id": "1358319", "type": "Feature", "properties": {"id": "1358319", "CVEGEO": "170240138039A173", "POBTOT": 0.0, "score_nse": 0.0, "NSE": null, "VIVTOT": 0.0, "GRAPROES": 0.0, "_ent": "17", "_mun": "024", "_loc": "0138"}, "geometry": {"type": "Polygon", "coordinates": [[[-99.18487, 18.74096], [-99.18488, 18.74086], [-99.18493, 18.74092], [-99.18487, 18.74096]]]}}, {"id": "1358320", "type": "Feature", "properties": {"id": "1358320", "CVEGEO": "170240138039A174", "POBTOT": 0.0, "score_nse": 0.0, "NSE": null, "VIVTOT": 0.0, "GRAPROES": 0.0, "_ent": "17", "_mun": "024", "_loc": "0138"}, "geometry": {"type": "Polygon", "coordinates": [[[-99.18454, 18.74056], [-99.18464, 18.74049], [-99.18489, 18.74077], [-99.18478, 18.74084], [-99.18454, 18.74056]]]}}, {"id": "1358321", "type": "Feature", "properties": {"id": "1358321", "CVEGEO": "170240138039A175", "POBTOT": 0.0, "score_nse": 0.0, "NSE": null, "VIVTOT": 0.0, "GRAPROES": 0.0, "_ent": "17", "_mun": "024", "_loc": "0138"}, "geometry": {"type": "Polygon", "coordinates": [[[-99.18006, 18.73923], [-99.18002, 18.73907], [-99.1801, 18.73909], [-99.18006, 18.73923]]]}}, {"id": "1358322", "type": "Feature", "properties": {"id": "1358322", "CVEGEO": "170240138039A176", "POBTOT": 0.0, "score_nse": 0.0, "NSE": null, "VIVTOT": 0.0, "GRAPROES": 0.0, "_ent": "17", "_mun": "024", "_loc": "0138"}, "geometry": {"type": "Polygon", "coordinates": [[[-99.18008, 18.73907], [-99.17973, 18.73886], [-99.18012, 18.73897], [-99.18008, 18.73907]]]}}, {"id": "1358323", "type": "Feature", "properties": {"id": "1358323", "CVEGEO": "170240138039A177", "POBTOT": 0.0, "score_nse": 0.0, "NSE": null, "VIVTOT": 0.0, "GRAPROES": 0.0, "_ent": "17", "_mun": "024", "_loc": "0138"}, "geometry": {"type": "Polygon", "coordinates": [[[-99.18343, 18.74118], [-99.18372, 18.74136], [-99.18341, 18.74126], [-99.18343, 18.74118]]]}}, {"id": "1358324", "type": "Feature", "properties": {"id": "1358324", "CVEGEO": "170240138039A178", "POBTOT": 0.0, "score_nse": 0.0, "NSE": null, "VIVTOT": 0.0, "GRAPROES": 0.0, "_ent": "17", "_mun": "024", "_loc": "0138"}, "geometry": {"type": "Polygon", "coordinates": [[[-99.18377, 18.7412], [-99.1841, 18.7411], [-99.18381, 18.74126], [-99.18377, 18.7412]]]}}, {"id": "1358325", "type": "Feature", "properties": {"id": "1358325", "CVEGEO": "170240138039A179", "POBTOT": 0.0, "score_nse": 0.0, "NSE": null, "VIVTOT": 0.0, "GRAPROES": 0.0, "_ent": "17", "_mun": "024", "_loc": "0138"}, "geometry": {"type": "Polygon", "coordinates": [[[-99.18359, 18.74096], [-99.18352, 18.74114], [-99.18346, 18.7411], [-99.18359, 18.74096]]]}}, {"id": "1358326", "type": "Feature", "properties": {"id": "1358326", "CVEGEO": "170240138039A180", "POBTOT": 0.0, "score_nse": 0.0, "NSE": null, "VIVTOT": 0.0, "GRAPROES": 0.0, "_ent": "17", "_mun": "024", "_loc": "0138"}, "geometry": {"type": "Polygon", "coordinates": [[[-99.18413, 18.74101], [-99.18429, 18.74112], [-99.18412, 18.74109], [-99.18413, 18.74101]]]}}, {"id": "1358327", "type": "Feature", "properties": {"id": "1358327", "CVEGEO": "170240138039A181", "POBTOT": 0.0, "score_nse": 0.0, "NSE": null, "VIVTOT": 0.0, "GRAPROES": 0.0, "_ent": "17", "_mun": "024", "_loc": "0138"}, "geometry": {"type": "Polygon", "coordinates": [[[-99.18338, 18.74091], [-99.18342, 18.74105], [-99.18332, 18.74099], [-99.18338, 18.74091]]]}}, {"id": "1358328", "type": "Feature", "properties": {"id": "1358328", "CVEGEO": "170240138039A182", "POBTOT": 0.0, "score_nse": 0.0, "NSE": null, "VIVTOT": 0.0, "GRAPROES": 0.0, "_ent": "17", "_mun": "024", "_loc": "0138"}, "geometry": {"type": "Polygon", "coordinates": [[[-99.18314, 18.74074], [-99.18337, 18.74089], [-99.18329, 18.741], [-99.18306, 18.74085], [-99.18314, 18.74074]]]}}, {"id": "1358329", "type": "Feature", "properties": {"id": "1358329", "CVEGEO": "170240138039A183", "POBTOT": 0.0, "score_nse": 0.0, "NSE": null, "VIVTOT": 0.0, "GRAPROES": 0.0, "_ent": "17", "_mun": "024", "_loc": "0138"}, "geometry": {"type": "Polygon", "coordinates": [[[-99.1836, 18.74084], [-99.18381, 18.74098], [-99.18357, 18.74091], [-99.1836, 18.74084]]]}}, {"id": "1358330", "type": "Feature", "properties": {"id": "1358330", "CVEGEO": "170240138039A184", "POBTOT": 0.0, "score_nse": 0.0, "NSE": null, "VIVTOT": 0.0, "GRAPROES": 0.0, "_ent": "17", "_mun": "024", "_loc": "0138"}, "geometry": {"type": "Polygon", "coordinates": [[[-99.18387, 18.74082], [-99.1842, 18.7407], [-99.18391, 18.74088], [-99.18387, 18.74082]]]}}, {"id": "1358331", "type": "Feature", "properties": {"id": "1358331", "CVEGEO": "170240138039A185", "POBTOT": 0.0, "score_nse": 0.0, "NSE": null, "VIVTOT": 0.0, "GRAPROES": 0.0, "_ent": "17", "_mun": "024", "_loc": "0138"}, "geometry": {"type": "Polygon", "coordinates": [[[-99.1841, 18.74084], [-99.18429, 18.7408], [-99.18415, 18.7409], [-99.1841, 18.74084]]]}}, {"id": "1358332", "type": "Feature", "properties": {"id": "1358332", "CVEGEO": "170240138039A186", "POBTOT": 0.0, "score_nse": 0.0, "NSE": null, "VIVTOT": 0.0, "GRAPROES": 0.0, "_ent": "17", "_mun": "024", "_loc": "0138"}, "geometry": {"type": "Polygon", "coordinates": [[[-99.18362, 18.74069], [-99.18356, 18.74078], [-99.18322, 18.74057], [-99.18329, 18.74048], [-99.18362, 18.74069]]]}}, {"id": "1358333", "type": "Feature", "properties": {"id": "1358333", "CVEGEO": "170240138039A187", "POBTOT": 0.0, "score_nse": 0.0, "NSE": null, "VIVTOT": 0.0, "GRAPROES": 0.0, "_ent": "17", "_mun": "024", "_loc": "0138"}, "geometry": {"type": "Polygon", "coordinates": [[[-99.18364, 18.7407], [-99.18374, 18.74079], [-99.18364, 18.74079], [-99.18364, 18.7407]]]}}, {"id": "1358334", "type": "Feature", "properties": {"id": "1358334", "CVEGEO": "170240138039A188", "POBTOT": 0.0, "score_nse": 0.0, "NSE": null, "VIVTOT": 0.0, "GRAPROES": 0.0, "_ent": "17", "_mun": "024", "_loc": "0138"}, "geometry": {"type": "Polygon", "coordinates": [[[-99.18365, 18.74048], [-99.18374, 18.74067], [-99.18365, 18.74067], [-99.18365, 18.74048]]]}}, {"id": "1358335", "type": "Feature", "properties": {"id": "1358335", "CVEGEO": "170240138039A189", "POBTOT": 0.0, "score_nse": 0.0, "NSE": null, "VIVTOT": 0.0, "GRAPROES": 0.0, "_ent": "17", "_mun": "024", "_loc": "0138"}, "geometry": {"type": "Polygon", "coordinates": [[[-99.18369, 18.74025], [-99.18376, 18.74046], [-99.18368, 18.74045], [-99.18369, 18.74025]]]}}, {"id": "1358336", "type": "Feature", "properties": {"id": "1358336", "CVEGEO": "1702400160154024", "POBTOT": 0.0, "score_nse": 0.0, "NSE": null, "VIVTOT": 0.0, "GRAPROES": 0.0, "_ent": "17", "_mun": "024", "_loc": "0016"}, "geometry": {"type": "Polygon", "coordinates": [[[-99.00144, 18.64223], [-99.00183, 18.64071], [-99.00248, 18.64081], [-99.00222, 18.64193], [-99.00193, 18.64195], [-99.0022, 18.64203], [-99.00209, 18.6424], [-99.00144, 18.64223]]]}}, {"id": "1358337", "type": "Feature", "properties": {"id": "1358337", "CVEGEO": "170240011039A037", "POBTOT": 0.0, "score_nse": 0.0, "NSE": null, "VIVTOT": 0.0, "GRAPROES": 0.0, "_ent": "17", "_mun": "024", "_loc": "0011"}, "geometry": {"type": "Polygon", "coordinates": [[[-99.16161, 18.73562], [-99.16121, 18.73556], [-99.16068, 18.73401], [-99.16198, 18.73418], [-99.16161, 18.73562]]]}}, {"id": "1358338", "type": "Feature", "properties": {"id": "1358338", "CVEGEO": "1702400540135002", "POBTOT": 0.0, "score_nse": 0.0, "NSE": null, "VIVTOT": 0.0, "GRAPROES": 0.0, "_ent": "17", "_mun": "024", "_loc": "0054"}, "geometry": {"type": "Polygon", "coordinates": [[[-99.09169, 18.80504], [-99.09175, 18.80633], [-99.09127, 18.80632], [-99.09128, 18.80597], [-99.09124, 18.80616], [-99.09087, 18.80591], [-99.09169, 18.80504]]]}}, {"id": "1358339", "type": "Feature", "properties": {"id": "1358339", "CVEGEO": "170240138039A145", "POBTOT": 0.0, "score_nse": 0.0, "NSE": null, "VIVTOT": 0.0, "GRAPROES": 0.0, "_ent": "17", "_mun": "024", "_loc": "0138"}, "geometry": {"type": "Polygon", "coordinates": [[[-99.18539, 18.74145], [-99.18509, 18.74125], [-99.18527, 18.74111], [-99.18545, 18.74134], [-99.1859, 18.74104], [-99.18546, 18.74127], [-99.1853, 18.74108], [-99.18553, 18.74089], [-99.18564, 18.74039], [-99.18548, 18.74087], [-99.1853, 18.74097], [-99.18517, 18.74046], [-99.18512, 18.74077], [-99.18526, 18.741], [-99.18503, 18.74117], [-99.18423, 18.7402], [-99.18448, 18.74009], [-99.18466, 18.73978], [-99.1842, 18.74018], [-99.18374, 18.73963], [-99.1838, 18.73952], [-99.18406, 18.73965], [-99.18382, 18.73948], [-99.18412, 18.73911], [-99.18498, 18.73924], [-99.18509, 18.73896], [-99.18499, 18.73918], [-99.18473, 18.73919], [-99.18455, 18.73914], [-99.18464, 18.7388], [-99.18449, 18.73913], [-99.1842, 18.73905], [-99.18428, 18.73873], [-99.18363, 18.7386], [-99.18418, 18.7388], [-99.18397, 18.73916], [-99.18391, 18.73894], [-99.18368, 18.73925], [-99.1839, 18.73922], [-99.18362, 18.73951], [-99.18296, 18.73871], [-99.18319, 18.73873], [-99.18279, 18.73825], [-99.18293, 18.73866], [-99.18241, 18.73816], [-99.18135, 18.73804], [-99.18086, 18.73815], [-99.18088, 18.73784], [-99.18078, 18.73799], [-99.18073, 18.73782], [-99.18064, 18.73795], [-99.18058, 18.73779], [-99.18042, 18.73789], [-99.18083, 18.73817], [-99.18034, 18.73863], [-99.18002, 18.73942], [-99.17955, 18.73904], [-99.1796, 18.73921], [-99.17944, 18.7392], [-99.17996, 18.73961], [-99.17933, 18.73928], [-99.17993, 18.73966], [-99.17989, 18.7398], [-99.17932, 18.73983], [-99.17949, 18.73985], [-99.17951, 18.74004], [-99.17956, 18.73986], [-99.1797, 18.74004], [-99.17972, 18.73985], [-99.17986, 18.73984], [-99.17982, 18.74016], [-99.17903, 18.74021], [-99.17929, 18.73933], [-99.17952, 18.73883], [-99.17925, 18.73815], [-99.1793, 18.73751], [-99.18412, 18.73831], [-99.18555, 18.7387], [-99.18482, 18.73984], [-99.18478, 18.74022], [-99.18568, 18.74035], [-99.18619, 18.74104], [-99.18539, 18.74145]]]}}, {"id": "1358340", "type": "Feature", "properties": {"id": "1358340", "CVEGEO": "1702400120101016", "POBTOT": 6.0, "score_nse": 0.0, "NSE": "ND", "VIVTOT": 3.0, "GRAPROES": 0.0, "_ent": "17", "_mun": "024", "_loc": "0012"}, "geometry": {"type": "Polygon", "coordinates": [[[-99.12599, 18.76301], [-99.12535, 18.76266], [-99.1259, 18.76229], [-99.12636, 18.76263], [-99.12599, 18.76301]]]}}, {"id": "1358341", "type": "Feature", "properties": {"id": "1358341", "CVEGEO": "1702400120101003", "POBTOT": 3.0, "score_nse": 0.0, "NSE": "ND", "VIVTOT": 2.0, "GRAPROES": 0.0, "_ent": "17", "_mun": "024", "_loc": "0012"}, "geometry": {"type": "Polygon", "coordinates": [[[-99.12708, 18.76367], [-99.12601, 18.76303], [-99.12637, 18.76266], [-99.12734, 18.7632], [-99.12708, 18.76367]]]}}, {"id": "1358342", "type": "Feature", "properties": {"id": "1358342", "CVEGEO": "170240098039A015", "POBTOT": 0.0, "score_nse": 0.0, "NSE": null, "VIVTOT": 0.0, "GRAPROES": 0.0, "_ent": "17", "_mun": "024", "_loc": "0098"}, "geometry": {"type": "Polygon", "coordinates": [[[-99.18922, 18.70004], [-99.18953, 18.69757], [-99.19062, 18.69759], [-99.19048, 18.69834], [-99.19081, 18.69839], [-99.19049, 18.70001], [-99.18992, 18.70002], [-99.18975, 18.69983], [-99.18958, 18.70002], [-99.18922, 18.70004]]]}}, {"id": "1358343", "type": "Feature", "properties": {"id": "1358343", "CVEGEO": "170240098039A016", "POBTOT": 0.0, "score_nse": 0.0, "NSE": null, "VIVTOT": 0.0, "GRAPROES": 0.0, "_ent": "17", "_mun": "024", "_loc": "0098"}, "geometry": {"type": "Polygon", "coordinates": [[[-99.19158, 18.69412], [-99.19152, 18.69355], [-99.19157, 18.69297], [-99.1919, 18.69307], [-99.19193, 18.69369], [-99.19215, 18.69395], [-99.19212, 18.69412], [-99.19158, 18.69412]]]}}, {"id": "1358344", "type": "Feature", "properties": {"id": "1358344", "CVEGEO": "170240098039A017", "POBTOT": 0.0, "score_nse": 0.0, "NSE": null, "VIVTOT": 0.0, "GRAPROES": 0.0, "_ent": "17", "_mun": "024", "_loc": "0098"}, "geometry": {"type": "Polygon", "coordinates": [[[-99.19159, 18.69292], [-99.19179, 18.69253], [-99.19252, 18.69202], [-99.19257, 18.69241], [-99.19189, 18.693], [-99.19159, 18.69292]]]}}, {"id": "1358345", "type": "Feature", "properties": {"id": "1358345", "CVEGEO": "170240015039A052", "POBTOT": 0.0, "score_nse": 0.0, "NSE": null, "VIVTOT": 0.0, "GRAPROES": 0.0, "_ent": "17", "_mun": "024", "_loc": "0015"}, "geometry": {"type": "Polygon", "coordinates": [[[-99.10508, 18.70304], [-99.1048, 18.7028], [-99.10426, 18.70198], [-99.10471, 18.70193], [-99.10512, 18.70209], [-99.10526, 18.70253], [-99.10508, 18.70304]]]}}, {"id": "1358346", "type": "Feature", "properties": {"id": "1358346", "CVEGEO": "170240005039A048", "POBTOT": 0.0, "score_nse": 0.0, "NSE": null, "VIVTOT": 0.0, "GRAPROES": 0.0, "_ent": "17", "_mun": "024", "_loc": "0005"}, "geometry": {"type": "Polygon", "coordinates": [[[-99.12354, 18.7196], [-99.12431, 18.71939], [-99.12478, 18.72049], [-99.1239, 18.72058], [-99.12354, 18.7196]]]}}, {"id": "1358347", "type": "Feature", "properties": {"id": "1358347", "CVEGEO": "170240010039A003", "POBTOT": 0.0, "score_nse": 0.0, "NSE": null, "VIVTOT": 0.0, "GRAPROES": 0.0, "_ent": "17", "_mun": "024", "_loc": "0010"}, "geometry": {"type": "Polygon", "coordinates": [[[-99.14857, 18.69908], [-99.14836, 18.69972], [-99.14766, 18.69951], [-99.14819, 18.69656], [-99.149, 18.69728], [-99.14977, 18.6974], [-99.15017, 18.69772], [-99.15112, 18.69797], [-99.15095, 18.69907], [-99.15194, 18.69921], [-99.15098, 18.69904], [-99.15116, 18.69797], [-99.15229, 18.69839], [-99.15283, 18.6993], [-99.15238, 18.69934], [-99.15283, 18.69934], [-99.15263, 18.70073], [-99.15168, 18.70057], [-99.15021, 18.70001], [-99.1503, 18.69917], [-99.15018, 18.70001], [-99.14958, 18.70001], [-99.14965, 18.69949], [-99.14953, 18.7], [-99.14928, 18.69995], [-99.14933, 18.69951], [-99.14924, 18.69994], [-99.1484, 18.69973], [-99.14857, 18.69908]]]}}, {"id": "1358348", "type": "Feature", "properties": {"id": "1358348", "CVEGEO": "170240125039A001", "POBTOT": 0.0, "score_nse": 0.0, "NSE": null, "VIVTOT": 0.0, "GRAPROES": 0.0, "_ent": "17", "_mun": "024", "_loc": "0125"}, "geometry": {"type": "Polygon", "coordinates": [[[-99.13422, 18.67732], [-99.13358, 18.6773], [-99.13365, 18.67685], [-99.13432, 18.67687], [-99.13422, 18.67732]]]}}, {"id": "1358349", "type": "Feature", "properties": {"id": "1358349", "CVEGEO": "170240125039A006", "POBTOT": 0.0, "score_nse": 0.0, "NSE": null, "VIVTOT": 0.0, "GRAPROES": 0.0, "_ent": "17", "_mun": "024", "_loc": "0125"}, "geometry": {"type": "Polygon", "coordinates": [[[-99.13451, 18.67734], [-99.13425, 18.67733], [-99.13435, 18.67687], [-99.1346, 18.67688], [-99.13451, 18.67734]]]}}, {"id": "1358350", "type": "Feature", "properties": {"id": "1358350", "CVEGEO": "170240080039A010", "POBTOT": 0.0, "score_nse": 0.0, "NSE": null, "VIVTOT": 0.0, "GRAPROES": 0.0, "_ent": "17", "_mun": "024", "_loc": "0080"}, "geometry": {"type": "Polygon", "coordinates": [[[-99.13686, 18.71021], [-99.13663, 18.71051], [-99.13612, 18.71024], [-99.13548, 18.7095], [-99.13569, 18.70938], [-99.13686, 18.71021]]]}}, {"id": "1358351", "type": "Feature", "properties": {"id": "1358351", "CVEGEO": "170240080039A002", "POBTOT": 0.0, "score_nse": 0.0, "NSE": null, "VIVTOT": 0.0, "GRAPROES": 0.0, "_ent": "17", "_mun": "024", "_loc": "0080"}, "geometry": {"type": "Polygon", "coordinates": [[[-99.13407, 18.7101], [-99.135, 18.7097], [-99.13602, 18.7109], [-99.1354, 18.71128], [-99.13407, 18.7101]]]}}, {"id": "1358352", "type": "Feature", "properties": {"id": "1358352", "CVEGEO": "170240116039A014", "POBTOT": 0.0, "score_nse": 0.0, "NSE": null, "VIVTOT": 0.0, "GRAPROES": 0.0, "_ent": "17", "_mun": "024", "_loc": "0116"}, "geometry": {"type": "Polygon", "coordinates": [[[-99.18809, 18.70424], [-99.1884, 18.70383], [-99.18864, 18.70343], [-99.1889, 18.70386], [-99.18887, 18.70425], [-99.18809, 18.70424]]]}}, {"id": "1358353", "type": "Feature", "properties": {"id": "1358353", "CVEGEO": "170240011039A027", "POBTOT": 0.0, "score_nse": 0.0, "NSE": null, "VIVTOT": 0.0, "GRAPROES": 0.0, "_ent": "17", "_mun": "024", "_loc": "0011"}, "geometry": {"type": "Polygon", "coordinates": [[[-99.16098, 18.73497], [-99.16116, 18.73555], [-99.15875, 18.73539], [-99.15833, 18.73556], [-99.15859, 18.73501], [-99.15923, 18.73504], [-99.1586, 18.73496], [-99.15881, 18.73416], [-99.1597, 18.73428], [-99.15968, 18.73483], [-99.16098, 18.73497]]]}}, {"id": "1358354", "type": "Feature", "properties": {"id": "1358354", "CVEGEO": "170240092039A006", "POBTOT": 0.0, "score_nse": 0.0, "NSE": null, "VIVTOT": 0.0, "GRAPROES": 0.0, "_ent": "17", "_mun": "024", "_loc": "0092"}, "geometry": {"type": "Polygon", "coordinates": [[[-99.15037, 18.66027], [-99.14932, 18.66002], [-99.14954, 18.65939], [-99.15001, 18.659], [-99.15081, 18.65926], [-99.15037, 18.66027]]]}}, {"id": "1358355", "type": "Feature", "properties": {"id": "1358355", "CVEGEO": "170240092039A007", "POBTOT": 0.0, "score_nse": 0.0, "NSE": null, "VIVTOT": 0.0, "GRAPROES": 0.0, "_ent": "17", "_mun": "024", "_loc": "0092"}, "geometry": {"type": "Polygon", "coordinates": [[[-99.14978, 18.66147], [-99.14887, 18.66109], [-99.14933, 18.66008], [-99.15034, 18.66033], [-99.14978, 18.66147]]]}}, {"id": "1358356", "type": "Feature", "properties": {"id": "1358356", "CVEGEO": "170240092039A010", "POBTOT": 0.0, "score_nse": 0.0, "NSE": null, "VIVTOT": 0.0, "GRAPROES": 0.0, "_ent": "17", "_mun": "024", "_loc": "0092"}, "geometry": {"type": "Polygon", "coordinates": [[[-99.1466, 18.66834], [-99.14562, 18.668], [-99.14581, 18.66762], [-99.14679, 18.66797], [-99.1466, 18.66834]]]}}, {"id": "1358357", "type": "Feature", "properties": {"id": "1358357", "CVEGEO": "170240005039A083", "POBTOT": 0.0, "score_nse": 0.0, "NSE": null, "VIVTOT": 0.0, "GRAPROES": 0.0, "_ent": "17", "_mun": "024", "_loc": "0005"}, "geometry": {"type": "Polygon", "coordinates": [[[-99.1207, 18.72266], [-99.12103, 18.72357], [-99.12128, 18.72433], [-99.12101, 18.72437], [-99.12051, 18.72392], [-99.11984, 18.72298], [-99.1207, 18.72266]]]}}, {"id": "1358358", "type": "Feature", "properties": {"id": "1358358", "CVEGEO": "1702400130192010", "POBTOT": 26.0, "score_nse": 55.1547, "NSE": "C", "VIVTOT": 9.0, "GRAPROES": 9.11, "_ent": "17", "_mun": "024", "_loc": "0013"}, "geometry": {"type": "Polygon", "coordinates": [[[-99.18472, 18.70273], [-99.18543, 18.70283], [-99.18543, 18.70306], [-99.18548, 18.70283], [-99.18617, 18.70293], [-99.18592, 18.7035], [-99.18549, 18.7035], [-99.18461, 18.70401], [-99.18472, 18.70273]]]}}, {"id": "1358359", "type": "Feature", "properties": {"id": "1358359", "CVEGEO": "1702400070366056", "POBTOT": 186.0, "score_nse": 46.1006, "NSE": "C-", "VIVTOT": 73.0, "GRAPROES": 8.24, "_ent": "17", "_mun": "024", "_loc": "0007"}, "geometry": {"type": "Polygon", "coordinates": [[[-99.14844, 18.68553], [-99.14802, 18.68494], [-99.14613, 18.68481], [-99.1461, 18.68427], [-99.14632, 18.68427], [-99.1461, 18.68425], [-99.14565, 18.68352], [-99.14653, 18.6832], [-99.14643, 18.6836], [-99.1465, 18.68404], [-99.14654, 18.68408], [-99.14686, 18.68408], [-99.14654, 18.68404], [-99.14646, 18.6836], [-99.14656, 18.68324], [-99.14714, 18.68345], [-99.14722, 18.68251], [-99.14711, 18.68338], [-99.14655, 18.68314], [-99.14612, 18.6833], [-99.146, 18.6828], [-99.14633, 18.68267], [-99.14596, 18.68277], [-99.14608, 18.68332], [-99.14563, 18.68349], [-99.14548, 18.6831], [-99.14561, 18.68246], [-99.1461, 18.68251], [-99.14619, 18.68244], [-99.14624, 18.68227], [-99.14607, 18.68247], [-99.1456, 18.6824], [-99.1451, 18.68132], [-99.1462, 18.68192], [-99.14718, 18.68107], [-99.14736, 18.68166], [-99.14829, 18.68289], [-99.14882, 18.68403], [-99.14888, 18.68443], [-99.14844, 18.68553]]]}}, {"id": "1358360", "type": "Feature", "properties": {"id": "1358360", "CVEGEO": "1702400120116030", "POBTOT": 143.0, "score_nse": 0.0, "NSE": "ND", "VIVTOT": 52.0, "GRAPROES": 6.8, "_ent": "17", "_mun": "024", "_loc": "0012"}, "geometry": {"type": "Polygon", "coordinates": [[[-99.12672, 18.76284], [-99.12563, 18.76203], [-99.12713, 18.76132], [-99.12729, 18.76096], [-99.12791, 18.761], [-99.12732, 18.7609], [-99.12756, 18.7604], [-99.1275, 18.76012], [-99.12772, 18.75986], [-99.12877, 18.75933], [-99.12955, 18.75954], [-99.12987, 18.75995], [-99.12994, 18.75996], [-99.12957, 18.7595], [-99.12879, 18.75929], [-99.12891, 18.75891], [-99.12927, 18.759], [-99.12958, 18.75931], [-99.13068, 18.7596], [-99.1305, 18.76032], [-99.13011, 18.76059], [-99.12947, 18.76032], [-99.12936, 18.76015], [-99.12954, 18.76], [-99.12898, 18.75978], [-99.12825, 18.76005], [-99.12808, 18.7607], [-99.12823, 18.76096], [-99.12816, 18.76166], [-99.12763, 18.76165], [-99.12704, 18.76207], [-99.12691, 18.76223], [-99.12713, 18.76237], [-99.12672, 18.76284]]]}}, {"id": "1358361", "type": "Feature", "properties": {"id": "1358361", "CVEGEO": "1702400120116037", "POBTOT": 37.0, "score_nse": 0.0, "NSE": "ND", "VIVTOT": 23.0, "GRAPROES": 9.55, "_ent": "17", "_mun": "024", "_loc": "0012"}, "geometry": {"type": "Polygon", "coordinates": [[[-99.12476, 18.75738], [-99.12572, 18.75368], [-99.12678, 18.75328], [-99.12761, 18.75132], [-99.12735, 18.749], [-99.12785, 18.74896], [-99.12799, 18.7516], [-99.12697, 18.75406], [-99.12765, 18.75437], [-99.12611, 18.7568], [-99.12568, 18.75713], [-99.12476, 18.75738]]]}}, {"id": "1358362", "type": "Feature", "properties": {"id": "1358362", "CVEGEO": "170240005039A067", "POBTOT": 0.0, "score_nse": 0.0, "NSE": null, "VIVTOT": 0.0, "GRAPROES": 0.0, "_ent": "17", "_mun": "024", "_loc": "0005"}, "geometry": {"type": "Polygon", "coordinates": [[[-99.1245, 18.71967], [-99.12501, 18.7195], [-99.12559, 18.72031], [-99.12485, 18.72046], [-99.1245, 18.71967]]]}}, {"id": "1358363", "type": "Feature", "properties": {"id": "1358363", "CVEGEO": "170240080039A007", "POBTOT": 0.0, "score_nse": 0.0, "NSE": null, "VIVTOT": 0.0, "GRAPROES": 0.0, "_ent": "17", "_mun": "024", "_loc": "0080"}, "geometry": {"type": "Polygon", "coordinates": [[[-99.13646, 18.71065], [-99.13623, 18.71041], [-99.13625, 18.71038], [-99.13658, 18.71054], [-99.13646, 18.71065]]]}}, {"id": "1358364", "type": "Feature", "properties": {"id": "1358364", "CVEGEO": "170240131039A001", "POBTOT": 0.0, "score_nse": 0.0, "NSE": null, "VIVTOT": 0.0, "GRAPROES": 0.0, "_ent": "17", "_mun": "024", "_loc": "0131"}, "geometry": {"type": "Polygon", "coordinates": [[[-99.18587, 18.71972], [-99.18533, 18.7199], [-99.18546, 18.71958], [-99.18536, 18.71921], [-99.18588, 18.71946], [-99.18587, 18.71972]]]}}, {"id": "1358365", "type": "Feature", "properties": {"id": "1358365", "CVEGEO": "170240131039A002", "POBTOT": 0.0, "score_nse": 0.0, "NSE": null, "VIVTOT": 0.0, "GRAPROES": 0.0, "_ent": "17", "_mun": "024", "_loc": "0131"}, "geometry": {"type": "Polygon", "coordinates": [[[-99.18676, 18.71858], [-99.18612, 18.7187], [-99.18586, 18.71931], [-99.18566, 18.71893], [-99.18548, 18.7188], [-99.18587, 18.71943], [-99.18536, 18.71916], [-99.18534, 18.7184], [-99.18576, 18.71816], [-99.18673, 18.71829], [-99.18676, 18.71858]]]}}, {"id": "1358366", "type": "Feature", "properties": {"id": "1358366", "CVEGEO": "1702400890135013", "POBTOT": 0.0, "score_nse": 0.0, "NSE": null, "VIVTOT": 0.0, "GRAPROES": 0.0, "_ent": "17", "_mun": "024", "_loc": "0089"}, "geometry": {"type": "Polygon", "coordinates": [[[-99.11225, 18.74363], [-99.11176, 18.74352], [-99.11085, 18.74268], [-99.11099, 18.74242], [-99.11078, 18.742], [-99.1126, 18.74313], [-99.11225, 18.74363]]]}}, {"id": "1358367", "type": "Feature", "properties": {"id": "1358367", "CVEGEO": "1702400160154068", "POBTOT": 0.0, "score_nse": 0.0, "NSE": null, "VIVTOT": 0.0, "GRAPROES": 0.0, "_ent": "17", "_mun": "024", "_loc": "0016"}, "geometry": {"type": "Polygon", "coordinates": [[[-99.00561, 18.64591], [-99.00579, 18.64515], [-99.00644, 18.64563], [-99.00625, 18.64606], [-99.00561, 18.64591]]]}}, {"id": "1358368", "type": "Feature", "properties": {"id": "1358368", "CVEGEO": "1702400160154067", "POBTOT": 0.0, "score_nse": 0.0, "NSE": null, "VIVTOT": 0.0, "GRAPROES": 0.0, "_ent": "17", "_mun": "024", "_loc": "0016"}, "geometry": {"type": "Polygon", "coordinates": [[[-99.00555, 18.64588], [-99.00475, 18.64569], [-99.00496, 18.64491], [-99.00576, 18.64514], [-99.00555, 18.64588]]]}}, {"id": "1358369", "type": "Feature", "properties": {"id": "1358369", "CVEGEO": "1702401180135006", "POBTOT": 0.0, "score_nse": 0.0, "NSE": null, "VIVTOT": 0.0, "GRAPROES": 0.0, "_ent": "17", "_mun": "024", "_loc": "0118"}, "geometry": {"type": "Polygon", "coordinates": [[[-99.12446, 18.77054], [-99.12438, 18.7702], [-99.1246, 18.76974], [-99.12497, 18.76985], [-99.12446, 18.77054]]]}}, {"id": "1358370", "type": "Feature", "properties": {"id": "1358370", "CVEGEO": "1702400890135012", "POBTOT": 0.0, "score_nse": 0.0, "NSE": null, "VIVTOT": 0.0, "GRAPROES": 0.0, "_ent": "17", "_mun": "024", "_loc": "0089"}, "geometry": {"type": "Polygon", "coordinates": [[[-99.10606, 18.746], [-99.10548, 18.74631], [-99.10236, 18.74503], [-99.10275, 18.74458], [-99.10606, 18.746]]]}}, {"id": "1358371", "type": "Feature", "properties": {"id": "1358371", "CVEGEO": "170240092039A001", "POBTOT": 0.0, "score_nse": 0.0, "NSE": null, "VIVTOT": 0.0, "GRAPROES": 0.0, "_ent": "17", "_mun": "024", "_loc": "0092"}, "geometry": {"type": "Polygon", "coordinates": [[[-99.14715, 18.6673], [-99.14616, 18.66584], [-99.1464, 18.66585], [-99.14655, 18.66566], [-99.14655, 18.6646], [-99.14813, 18.66513], [-99.14715, 18.6673]]]}}, {"id": "1358372", "type": "Feature", "properties": {"id": "1358372", "CVEGEO": "170240092039A011", "POBTOT": 0.0, "score_nse": 0.0, "NSE": null, "VIVTOT": 0.0, "GRAPROES": 0.0, "_ent": "17", "_mun": "024", "_loc": "0092"}, "geometry": {"type": "Polygon", "coordinates": [[[-99.14658, 18.66383], [-99.14634, 18.66313], [-99.14861, 18.6641], [-99.14841, 18.66456], [-99.14658, 18.66383]]]}}, {"id": "1358373", "type": "Feature", "properties": {"id": "1358373", "CVEGEO": "170240092039A012", "POBTOT": 0.0, "score_nse": 0.0, "NSE": null, "VIVTOT": 0.0, "GRAPROES": 0.0, "_ent": "17", "_mun": "024", "_loc": "0092"}, "geometry": {"type": "Polygon", "coordinates": [[[-99.14656, 18.66454], [-99.14659, 18.66391], [-99.14837, 18.66461], [-99.14817, 18.66507], [-99.14656, 18.66454]]]}}, {"id": "1358374", "type": "Feature", "properties": {"id": "1358374", "CVEGEO": "170240092039A005", "POBTOT": 0.0, "score_nse": 0.0, "NSE": null, "VIVTOT": 0.0, "GRAPROES": 0.0, "_ent": "17", "_mun": "024", "_loc": "0092"}, "geometry": {"type": "Polygon", "coordinates": [[[-99.14554, 18.66932], [-99.14608, 18.66821], [-99.1466, 18.66838], [-99.14607, 18.66956], [-99.14554, 18.66932]]]}}, {"id": "1358375", "type": "Feature", "properties": {"id": "1358375", "CVEGEO": "170240098039A014", "POBTOT": 0.0, "score_nse": 0.0, "NSE": null, "VIVTOT": 0.0, "GRAPROES": 0.0, "_ent": "17", "_mun": "024", "_loc": "0098"}, "geometry": {"type": "Polygon", "coordinates": [[[-99.19283, 18.69556], [-99.19223, 18.69562], [-99.19229, 18.69514], [-99.19286, 18.69518], [-99.19283, 18.69556]]]}}, {"id": "1358376", "type": "Feature", "properties": {"id": "1358376", "CVEGEO": "170240098039A005", "POBTOT": 0.0, "score_nse": 0.0, "NSE": null, "VIVTOT": 0.0, "GRAPROES": 0.0, "_ent": "17", "_mun": "024", "_loc": "0098"}, "geometry": {"type": "Polygon", "coordinates": [[[-99.19219, 18.69562], [-99.19185, 18.69571], [-99.19157, 18.69418], [-99.19196, 18.69422], [-99.19187, 18.69449], [-99.19198, 18.69437], [-99.19292, 18.69451], [-99.19289, 18.6949], [-99.19261, 18.69488], [-99.19288, 18.69494], [-99.19287, 18.69513], [-99.19219, 18.69508], [-99.19219, 18.69562]]]}}, {"id": "1358377", "type": "Feature", "properties": {"id": "1358377", "CVEGEO": "170240133039A004", "POBTOT": 0.0, "score_nse": 0.0, "NSE": null, "VIVTOT": 0.0, "GRAPROES": 0.0, "_ent": "17", "_mun": "024", "_loc": "0133"}, "geometry": {"type": "Polygon", "coordinates": [[[-99.15658, 18.66131], [-99.15473, 18.66068], [-99.15485, 18.66033], [-99.15628, 18.66085], [-99.15622, 18.661], [-99.1563, 18.66086], [-99.15681, 18.66104], [-99.15658, 18.66131]]]}}, {"id": "1358378", "type": "Feature", "properties": {"id": "1358378", "CVEGEO": "170240009039A043", "POBTOT": 0.0, "score_nse": 0.0, "NSE": null, "VIVTOT": 0.0, "GRAPROES": 0.0, "_ent": "17", "_mun": "024", "_loc": "0009"}, "geometry": {"type": "Polygon", "coordinates": [[[-99.10527, 18.71364], [-99.10494, 18.71374], [-99.10485, 18.71328], [-99.10515, 18.71318], [-99.10527, 18.71364]]]}}, {"id": "1358379", "type": "Feature", "properties": {"id": "1358379", "CVEGEO": "170240116039A015", "POBTOT": 0.0, "score_nse": 0.0, "NSE": null, "VIVTOT": 0.0, "GRAPROES": 0.0, "_ent": "17", "_mun": "024", "_loc": "0116"}, "geometry": {"type": "Polygon", "coordinates": [[[-99.18772, 18.70574], [-99.18766, 18.7064], [-99.1873, 18.70635], [-99.18736, 18.70563], [-99.18772, 18.70574]]]}}, {"id": "1358380", "type": "Feature", "properties": {"id": "1358380", "CVEGEO": "170240138039A190", "POBTOT": 0.0, "score_nse": 0.0, "NSE": null, "VIVTOT": 0.0, "GRAPROES": 0.0, "_ent": "17", "_mun": "024", "_loc": "0138"}, "geometry": {"type": "Polygon", "coordinates": [[[-99.18166, 18.73827], [-99.18164, 18.7384], [-99.18146, 18.73837], [-99.18148, 18.73826], [-99.18166, 18.73827]]]}}, {"id": "1358381", "type": "Feature", "properties": {"id": "1358381", "CVEGEO": "170240138039A192", "POBTOT": 0.0, "score_nse": 0.0, "NSE": null, "VIVTOT": 0.0, "GRAPROES": 0.0, "_ent": "17", "_mun": "024", "_loc": "0138"}, "geometry": {"type": "Polygon", "coordinates": [[[-99.18557, 18.73981], [-99.18552, 18.73992], [-99.18548, 18.73984], [-99.18557, 18.73981]]]}}, {"id": "1358382", "type": "Feature", "properties": {"id": "1358382", "CVEGEO": "170240138039A193", "POBTOT": 0.0, "score_nse": 0.0, "NSE": null, "VIVTOT": 0.0, "GRAPROES": 0.0, "_ent": "17", "_mun": "024", "_loc": "0138"}, "geometry": {"type": "Polygon", "coordinates": [[[-99.18605, 18.73973], [-99.18579, 18.73983], [-99.18574, 18.73973], [-99.18601, 18.73963], [-99.18605, 18.73973]]]}}, {"id": "1358383", "type": "Feature", "properties": {"id": "1358383", "CVEGEO": "170240138039A194", "POBTOT": 0.0, "score_nse": 0.0, "NSE": null, "VIVTOT": 0.0, "GRAPROES": 0.0, "_ent": "17", "_mun": "024", "_loc": "0138"}, "geometry": {"type": "Polygon", "coordinates": [[[-99.18595, 18.73946], [-99.18542, 18.73973], [-99.18538, 18.73965], [-99.18595, 18.73946]]]}}, {"id": "1358384", "type": "Feature", "properties": {"id": "1358384", "CVEGEO": "170240138039A195", "POBTOT": 0.0, "score_nse": 0.0, "NSE": null, "VIVTOT": 0.0, "GRAPROES": 0.0, "_ent": "17", "_mun": "024", "_loc": "0138"}, "geometry": {"type": "Polygon", "coordinates": [[[-99.1856, 18.73935], [-99.18532, 18.73955], [-99.18529, 18.73947], [-99.1856, 18.73935]]]}}, {"id": "1358385", "type": "Feature", "properties": {"id": "1358385", "CVEGEO": "170240138039A196", "POBTOT": 0.0, "score_nse": 0.0, "NSE": null, "VIVTOT": 0.0, "GRAPROES": 0.0, "_ent": "17", "_mun": "024", "_loc": "0138"}, "geometry": {"type": "Polygon", "coordinates": [[[-99.1856, 18.73905], [-99.1857, 18.7394], [-99.18551, 18.73908], [-99.1856, 18.73905]]]}}, {"id": "1358386", "type": "Feature", "properties": {"id": "1358386", "CVEGEO": "170240138039A197", "POBTOT": 0.0, "score_nse": 0.0, "NSE": null, "VIVTOT": 0.0, "GRAPROES": 0.0, "_ent": "17", "_mun": "024", "_loc": "0138"}, "geometry": {"type": "Polygon", "coordinates": [[[-99.18577, 18.73908], [-99.18578, 18.73929], [-99.18568, 18.73912], [-99.18577, 18.73908]]]}}, {"id": "1358387", "type": "Feature", "properties": {"id": "1358387", "CVEGEO": "170240138039A198", "POBTOT": 0.0, "score_nse": 0.0, "NSE": null, "VIVTOT": 0.0, "GRAPROES": 0.0, "_ent": "17", "_mun": "024", "_loc": "0138"}, "geometry": {"type": "Polygon", "coordinates": [[[-99.1857, 18.73898], [-99.18556, 18.73891], [-99.18562, 18.73877], [-99.18572, 18.73877], [-99.1857, 18.73898]]]}}, {"id": "1358388", "type": "Feature", "properties": {"id": "1358388", "CVEGEO": "170240005039A084", "POBTOT": 0.0, "score_nse": 0.0, "NSE": null, "VIVTOT": 0.0, "GRAPROES": 0.0, "_ent": "17", "_mun": "024", "_loc": "0005"}, "geometry": {"type": "Polygon", "coordinates": [[[-99.1229, 18.72351], [-99.12227, 18.72371], [-99.12178, 18.72247], [-99.12242, 18.72229], [-99.1229, 18.72351]]]}}, {"id": "1358389", "type": "Feature", "properties": {"id": "1358389", "CVEGEO": "170240138039A191", "POBTOT": 0.0, "score_nse": 0.0, "NSE": null, "VIVTOT": 0.0, "GRAPROES": 0.0, "_ent": "17", "_mun": "024", "_loc": "0138"}, "geometry": {"type": "Polygon", "coordinates": [[[-99.18402, 18.73877], [-99.1841, 18.73893], [-99.18398, 18.73885], [-99.18402, 18.73877]]]}}, {"id": "1358390", "type": "Feature", "properties": {"id": "1358390", "CVEGEO": "1702401180135005", "POBTOT": 0.0, "score_nse": 0.0, "NSE": null, "VIVTOT": 0.0, "GRAPROES": 0.0, "_ent": "17", "_mun": "024", "_loc": "0118"}, "geometry": {"type": "Polygon", "coordinates": [[[-99.12363, 18.77313], [-99.12327, 18.77327], [-99.12318, 18.77294], [-99.12359, 18.77275], [-99.12363, 18.77313]]]}}, {"id": "1358391", "type": "Feature", "properties": {"id": "1358391", "CVEGEO": "1702400120101031", "POBTOT": 0.0, "score_nse": 0.0, "NSE": "ND", "VIVTOT": 0.0, "GRAPROES": 0.0, "_ent": "17", "_mun": "024", "_loc": "0012"}, "geometry": {"type": "Polygon", "coordinates": [[[-99.12711, 18.76374], [-99.12666, 18.76474], [-99.12632, 18.76532], [-99.12632, 18.76409], [-99.12666, 18.76351], [-99.12711, 18.76374]]]}}, {"id": "1358392", "type": "Feature", "properties": {"id": "1358392", "CVEGEO": "1702400120101023", "POBTOT": 97.0, "score_nse": 0.0, "NSE": "ND", "VIVTOT": 33.0, "GRAPROES": 5.38, "_ent": "17", "_mun": "024", "_loc": "0012"}, "geometry": {"type": "Polygon", "coordinates": [[[-99.12623, 18.76539], [-99.12511, 18.76539], [-99.12481, 18.7657], [-99.12436, 18.76572], [-99.12427, 18.76634], [-99.12488, 18.76735], [-99.12448, 18.76749], [-99.12394, 18.76662], [-99.12385, 18.76565], [-99.12321, 18.76427], [-99.1236, 18.76432], [-99.1237, 18.76477], [-99.12398, 18.7651], [-99.12441, 18.76539], [-99.12441, 18.76557], [-99.12446, 18.76537], [-99.12389, 18.76487], [-99.1247, 18.76491], [-99.12501, 18.76536], [-99.12475, 18.76489], [-99.12539, 18.76494], [-99.12563, 18.7652], [-99.12547, 18.76493], [-99.12624, 18.76516], [-99.12623, 18.76539]]]}}, {"id": "1358393", "type": "Feature", "properties": {"id": "1358393", "CVEGEO": "1702400120116021", "POBTOT": 37.0, "score_nse": 0.0, "NSE": "ND", "VIVTOT": 17.0, "GRAPROES": 6.76, "_ent": "17", "_mun": "024", "_loc": "0012"}, "geometry": {"type": "Polygon", "coordinates": [[[-99.12625, 18.76123], [-99.12571, 18.76143], [-99.12533, 18.76134], [-99.12501, 18.76023], [-99.12554, 18.75992], [-99.12592, 18.76019], [-99.1261, 18.76067], [-99.12578, 18.76072], [-99.12559, 18.76081], [-99.12611, 18.7607], [-99.12619, 18.76102], [-99.12592, 18.76113], [-99.1262, 18.76104], [-99.12625, 18.76123]]]}}, {"id": "1358394", "type": "Feature", "properties": {"id": "1358394", "CVEGEO": "170240138039A200", "POBTOT": 0.0, "score_nse": 0.0, "NSE": null, "VIVTOT": 0.0, "GRAPROES": 0.0, "_ent": "17", "_mun": "024", "_loc": "0138"}, "geometry": {"type": "Polygon", "coordinates": [[[-99.18043, 18.73845], [-99.17986, 18.73834], [-99.17987, 18.73827], [-99.18043, 18.73845]]]}}, {"id": "1358395", "type": "Feature", "properties": {"id": "1358395", "CVEGEO": "170240138039A201", "POBTOT": 0.0, "score_nse": 0.0, "NSE": null, "VIVTOT": 0.0, "GRAPROES": 0.0, "_ent": "17", "_mun": "024", "_loc": "0138"}, "geometry": {"type": "Polygon", "coordinates": [[[-99.17966, 18.7382], [-99.17982, 18.73834], [-99.17965, 18.73828], [-99.17966, 18.7382]]]}}, {"id": "1358396", "type": "Feature", "properties": {"id": "1358396", "CVEGEO": "170240138039A199", "POBTOT": 0.0, "score_nse": 0.0, "NSE": null, "VIVTOT": 0.0, "GRAPROES": 0.0, "_ent": "17", "_mun": "024", "_loc": "0138"}, "geometry": {"type": "Polygon", "coordinates": [[[-99.17969, 18.73795], [-99.1806, 18.73828], [-99.17967, 18.73802], [-99.17969, 18.73795]]]}}, {"id": "1358397", "type": "Feature", "properties": {"id": "1358397", "CVEGEO": "170240138039A204", "POBTOT": 0.0, "score_nse": 0.0, "NSE": null, "VIVTOT": 0.0, "GRAPROES": 0.0, "_ent": "17", "_mun": "024", "_loc": "0138"}, "geometry": {"type": "Polygon", "coordinates": [[[-99.18615, 18.73892], [-99.18608, 18.73928], [-99.18607, 18.73892], [-99.18615, 18.73892]]]}}, {"id": "1358398", "type": "Feature", "properties": {"id": "1358398", "CVEGEO": "170240138039A203", "POBTOT": 0.0, "score_nse": 0.0, "NSE": null, "VIVTOT": 0.0, "GRAPROES": 0.0, "_ent": "17", "_mun": "024", "_loc": "0138"}, "geometry": {"type": "Polygon", "coordinates": [[[-99.18577, 18.73876], [-99.18615, 18.73884], [-99.18577, 18.73883], [-99.18577, 18.73876]]]}}, {"id": "1358399", "type": "Feature", "properties": {"id": "1358399", "CVEGEO": "170240138039A202", "POBTOT": 0.0, "score_nse": 0.0, "NSE": null, "VIVTOT": 0.0, "GRAPROES": 0.0, "_ent": "17", "_mun": "024", "_loc": "0138"}, "geometry": {"type": "Polygon", "coordinates": [[[-99.18069, 18.73944], [-99.18077, 18.73941], [-99.18074, 18.73946], [-99.18069, 18.73944]]]}}, {"id": "1358400", "type": "Feature", "properties": {"id": "1358400", "CVEGEO": "170240128039A008", "POBTOT": 0.0, "score_nse": 0.0, "NSE": null, "VIVTOT": 0.0, "GRAPROES": 0.0, "_ent": "17", "_mun": "024", "_loc": "0128"}, "geometry": {"type": "Polygon", "coordinates": [[[-99.18121, 18.67306], [-99.18108, 18.67366], [-99.18043, 18.67361], [-99.18062, 18.67249], [-99.18076, 18.67252], [-99.18065, 18.6734], [-99.18079, 18.67306], [-99.18121, 18.67306]]]}}, {"id": "1358401", "type": "Feature", "properties": {"id": "1358401", "CVEGEO": "1702400010281016", "POBTOT": 138.0, "score_nse": 52.148, "NSE": "C-", "VIVTOT": 50.0, "GRAPROES": 10.21, "_ent": "17", "_mun": "024", "_loc": "0001"}, "geometry": {"type": "Polygon", "coordinates": [[[-99.12089, 18.68102], [-99.12295, 18.6815], [-99.12292, 18.68176], [-99.12332, 18.68183], [-99.12317, 18.68238], [-99.12068, 18.68175], [-99.12089, 18.68102]]]}}, {"id": "1358402", "type": "Feature", "properties": {"id": "1358402", "CVEGEO": "170240011039A043", "POBTOT": 0.0, "score_nse": 0.0, "NSE": null, "VIVTOT": 0.0, "GRAPROES": 0.0, "_ent": "17", "_mun": "024", "_loc": "0011"}, "geometry": {"type": "Polygon", "coordinates": [[[-99.15804, 18.73], [-99.15752, 18.73069], [-99.15717, 18.7306], [-99.15715, 18.7299], [-99.15804, 18.73]]]}}, {"id": "1358403", "type": "Feature", "properties": {"id": "1358403", "CVEGEO": "170240011039A044", "POBTOT": 0.0, "score_nse": 0.0, "NSE": null, "VIVTOT": 0.0, "GRAPROES": 0.0, "_ent": "17", "_mun": "024", "_loc": "0011"}, "geometry": {"type": "Polygon", "coordinates": [[[-99.15701, 18.73003], [-99.15709, 18.7305], [-99.15633, 18.73029], [-99.15654, 18.72987], [-99.15701, 18.73003]]]}}, {"id": "1358404", "type": "Feature", "properties": {"id": "1358404", "CVEGEO": "170240114039A016", "POBTOT": 0.0, "score_nse": 0.0, "NSE": null, "VIVTOT": 0.0, "GRAPROES": 0.0, "_ent": "17", "_mun": "024", "_loc": "0114"}, "geometry": {"type": "Polygon", "coordinates": [[[-99.18664, 18.71424], [-99.18615, 18.7142], [-99.18651, 18.71285], [-99.18683, 18.7129], [-99.18664, 18.71424]]]}}, {"id": "1358405", "type": "Feature", "properties": {"id": "1358405", "CVEGEO": "170240114039A017", "POBTOT": 0.0, "score_nse": 0.0, "NSE": null, "VIVTOT": 0.0, "GRAPROES": 0.0, "_ent": "17", "_mun": "024", "_loc": "0114"}, "geometry": {"type": "Polygon", "coordinates": [[[-99.18702, 18.71558], [-99.18654, 18.71538], [-99.18668, 18.71431], [-99.18717, 18.71438], [-99.18702, 18.71558]]]}}, {"id": "1358406", "type": "Feature", "properties": {"id": "1358406", "CVEGEO": "1702400010440002", "POBTOT": 7.0, "score_nse": 0.0, "NSE": "ND", "VIVTOT": 4.0, "GRAPROES": 9.8, "_ent": "17", "_mun": "024", "_loc": "0001"}, "geometry": {"type": "Polygon", "coordinates": [[[-99.11978, 18.69856], [-99.11986, 18.69821], [-99.12006, 18.69821], [-99.11937, 18.69804], [-99.11935, 18.69778], [-99.12054, 18.69828], [-99.11978, 18.69856]]]}}, {"id": "1358407", "type": "Feature", "properties": {"id": "1358407", "CVEGEO": "170240092039A008", "POBTOT": 0.0, "score_nse": 0.0, "NSE": null, "VIVTOT": 0.0, "GRAPROES": 0.0, "_ent": "17", "_mun": "024", "_loc": "0092"}, "geometry": {"type": "Polygon", "coordinates": [[[-99.14705, 18.66747], [-99.14683, 18.66792], [-99.14639, 18.66774], [-99.14675, 18.66695], [-99.14705, 18.66747]]]}}, {"id": "1358408", "type": "Feature", "properties": {"id": "1358408", "CVEGEO": "170240128039A016", "POBTOT": 0.0, "score_nse": 0.0, "NSE": null, "VIVTOT": 0.0, "GRAPROES": 0.0, "_ent": "17", "_mun": "024", "_loc": "0128"}, "geometry": {"type": "Polygon", "coordinates": [[[-99.18023, 18.67443], [-99.18093, 18.67445], [-99.18093, 18.67483], [-99.18024, 18.67477], [-99.18023, 18.67443]]]}}, {"id": "1358409", "type": "Feature", "properties": {"id": "1358409", "CVEGEO": "1702400120116014", "POBTOT": 0.0, "score_nse": 0.0, "NSE": null, "VIVTOT": 0.0, "GRAPROES": 0.0, "_ent": "17", "_mun": "024", "_loc": "0012"}, "geometry": {"type": "Polygon", "coordinates": [[[-99.12641, 18.75835], [-99.12656, 18.75778], [-99.12754, 18.75846], [-99.12641, 18.75835]]]}}, {"id": "1358410", "type": "Feature", "properties": {"id": "1358410", "CVEGEO": "1702400120474001", "POBTOT": 24.0, "score_nse": 0.0, "NSE": "ND", "VIVTOT": 8.0, "GRAPROES": 7.73, "_ent": "17", "_mun": "024", "_loc": "0012"}, "geometry": {"type": "Polygon", "coordinates": [[[-99.12496, 18.76815], [-99.12478, 18.76941], [-99.12457, 18.76971], [-99.12418, 18.76961], [-99.1244, 18.76926], [-99.12459, 18.76809], [-99.12496, 18.76815]]]}}, {"id": "1358411", "type": "Feature", "properties": {"id": "1358411", "CVEGEO": "1702400130065023", "POBTOT": 83.0, "score_nse": 65.8819, "NSE": "C", "VIVTOT": 27.0, "GRAPROES": 10.2, "_ent": "17", "_mun": "024", "_loc": "0013"}, "geometry": {"type": "Polygon", "coordinates": [[[-99.17751, 18.69881], [-99.1773, 18.69762], [-99.17704, 18.69768], [-99.17681, 18.69706], [-99.17757, 18.69695], [-99.17774, 18.69865], [-99.17837, 18.69993], [-99.178, 18.70006], [-99.17801, 18.70027], [-99.17784, 18.70032], [-99.17802, 18.70031], [-99.17812, 18.70123], [-99.1778, 18.70133], [-99.17741, 18.70013], [-99.17751, 18.69881]]]}}, {"id": "1358412", "type": "Feature", "properties": {"id": "1358412", "CVEGEO": "1702400130173008", "POBTOT": 0.0, "score_nse": 0.0, "NSE": null, "VIVTOT": 0.0, "GRAPROES": 0.0, "_ent": "17", "_mun": "024", "_loc": "0013"}, "geometry": {"type": "Polygon", "coordinates": [[[-99.18262, 18.679], [-99.18265, 18.67871], [-99.18361, 18.67885], [-99.18357, 18.67911], [-99.18262, 18.679]]]}}, {"id": "1358413", "type": "Feature", "properties": {"id": "1358413", "CVEGEO": "1702400130173038", "POBTOT": 26.0, "score_nse": 50.7931, "NSE": "C-", "VIVTOT": 14.0, "GRAPROES": 10.71, "_ent": "17", "_mun": "024", "_loc": "0013"}, "geometry": {"type": "Polygon", "coordinates": [[[-99.18255, 18.67952], [-99.18261, 18.67906], [-99.18399, 18.67923], [-99.18362, 18.67911], [-99.18364, 18.67886], [-99.18433, 18.67894], [-99.18398, 18.67973], [-99.18255, 18.67952]]]}}, {"id": "1358414", "type": "Feature", "properties": {"id": "1358414", "CVEGEO": "1702400130192011", "POBTOT": 0.0, "score_nse": 0.0, "NSE": null, "VIVTOT": 0.0, "GRAPROES": 0.0, "_ent": "17", "_mun": "024", "_loc": "0013"}, "geometry": {"type": "Polygon", "coordinates": [[[-99.18563, 18.69729], [-99.18584, 18.69695], [-99.18639, 18.69764], [-99.18655, 18.69851], [-99.1861, 18.69855], [-99.18588, 18.69752], [-99.18563, 18.69729]]]}}, {"id": "1358415", "type": "Feature", "properties": {"id": "1358415", "CVEGEO": "1702400130192013", "POBTOT": 234.0, "score_nse": 0.0, "NSE": "ND", "VIVTOT": 81.0, "GRAPROES": 8.02, "_ent": "17", "_mun": "024", "_loc": "0013"}, "geometry": {"type": "Polygon", "coordinates": [[[-99.18777, 18.69871], [-99.18733, 18.69737], [-99.18761, 18.69839], [-99.18708, 18.69847], [-99.1869, 18.69753], [-99.18702, 18.69847], [-99.18662, 18.6985], [-99.18643, 18.69761], [-99.18587, 18.6969], [-99.18598, 18.69675], [-99.18559, 18.69724], [-99.18481, 18.69693], [-99.1849, 18.69647], [-99.18551, 18.69664], [-99.1842, 18.69616], [-99.18459, 18.69487], [-99.18762, 18.69468], [-99.1876, 18.69591], [-99.18777, 18.69645], [-99.18778, 18.69763], [-99.18809, 18.69834], [-99.18803, 18.69865], [-99.18777, 18.69871]]]}}, {"id": "1358416", "type": "Feature", "properties": {"id": "1358416", "CVEGEO": "1702400130192014", "POBTOT": 0.0, "score_nse": 0.0, "NSE": null, "VIVTOT": 0.0, "GRAPROES": 0.0, "_ent": "17", "_mun": "024", "_loc": "0013"}, "geometry": {"type": "Polygon", "coordinates": [[[-99.1862, 18.70288], [-99.18508, 18.70271], [-99.18518, 18.70233], [-99.18633, 18.70255], [-99.1862, 18.70288]]]}}, {"id": "1358417", "type": "Feature", "properties": {"id": "1358417", "CVEGEO": "1702400130192019", "POBTOT": 68.0, "score_nse": 47.3865, "NSE": "C-", "VIVTOT": 27.0, "GRAPROES": 9.15, "_ent": "17", "_mun": "024", "_loc": "0013"}, "geometry": {"type": "Polygon", "coordinates": [[[-99.18472, 18.7027], [-99.18533, 18.70143], [-99.18565, 18.70148], [-99.18534, 18.7014], [-99.18541, 18.70109], [-99.18643, 18.70121], [-99.18624, 18.70207], [-99.1865, 18.70123], [-99.18693, 18.70137], [-99.18636, 18.70249], [-99.18517, 18.70227], [-99.18503, 18.70272], [-99.18472, 18.7027]]]}}, {"id": "1358418", "type": "Feature", "properties": {"id": "1358418", "CVEGEO": "1702400130192029", "POBTOT": 72.0, "score_nse": 0.0, "NSE": "ND", "VIVTOT": 23.0, "GRAPROES": 8.08, "_ent": "17", "_mun": "024", "_loc": "0013"}, "geometry": {"type": "Polygon", "coordinates": [[[-99.18609, 18.70355], [-99.18596, 18.70351], [-99.18646, 18.70249], [-99.18678, 18.70257], [-99.18648, 18.70246], [-99.18678, 18.70188], [-99.18703, 18.70196], [-99.1868, 18.70183], [-99.18689, 18.70167], [-99.18721, 18.70173], [-99.1869, 18.70164], [-99.18703, 18.70138], [-99.18743, 18.70152], [-99.18758, 18.70164], [-99.18701, 18.70231], [-99.18679, 18.70267], [-99.1869, 18.7027], [-99.18642, 18.70334], [-99.18652, 18.7034], [-99.18629, 18.70372], [-99.18601, 18.70367], [-99.18609, 18.70355]]]}}, {"id": "1358419", "type": "Feature", "properties": {"id": "1358419", "CVEGEO": "1702400130421004", "POBTOT": 156.0, "score_nse": 56.2689, "NSE": "C", "VIVTOT": 45.0, "GRAPROES": 9.95, "_ent": "17", "_mun": "024", "_loc": "0013"}, "geometry": {"type": "Polygon", "coordinates": [[[-99.18053, 18.71683], [-99.18074, 18.71613], [-99.18093, 18.71615], [-99.1808, 18.716], [-99.18177, 18.71425], [-99.18208, 18.71463], [-99.18243, 18.71636], [-99.18078, 18.71664], [-99.18053, 18.71683]]]}}, {"id": "1358420", "type": "Feature", "properties": {"id": "1358420", "CVEGEO": "1702400130421017", "POBTOT": 0.0, "score_nse": 0.0, "NSE": "ND", "VIVTOT": 0.0, "GRAPROES": 0.0, "_ent": "17", "_mun": "024", "_loc": "0013"}, "geometry": {"type": "Polygon", "coordinates": [[[-99.18431, 18.71926], [-99.1828, 18.71913], [-99.18288, 18.71848], [-99.18371, 18.71863], [-99.18402, 18.71898], [-99.18375, 18.71858], [-99.18356, 18.7185], [-99.18369, 18.71821], [-99.18419, 18.71883], [-99.18431, 18.71926]]]}}, {"id": "1358421", "type": "Feature", "properties": {"id": "1358421", "CVEGEO": "1702400130421025", "POBTOT": 94.0, "score_nse": 51.2471, "NSE": "C-", "VIVTOT": 39.0, "GRAPROES": 9.31, "_ent": "17", "_mun": "024", "_loc": "0013"}, "geometry": {"type": "Polygon", "coordinates": [[[-99.18465, 18.71975], [-99.18394, 18.71994], [-99.18347, 18.72043], [-99.18267, 18.7202], [-99.18262, 18.71991], [-99.18329, 18.71984], [-99.18256, 18.71987], [-99.18263, 18.7202], [-99.18231, 18.72012], [-99.18202, 18.71963], [-99.18226, 18.71961], [-99.18201, 18.7196], [-99.18197, 18.71929], [-99.18268, 18.71931], [-99.18269, 18.71919], [-99.18437, 18.71936], [-99.18429, 18.71899], [-99.18465, 18.71975]]]}}, {"id": "1358422", "type": "Feature", "properties": {"id": "1358422", "CVEGEO": "1702400130421037", "POBTOT": 0.0, "score_nse": 0.0, "NSE": null, "VIVTOT": 0.0, "GRAPROES": 0.0, "_ent": "17", "_mun": "024", "_loc": "0013"}, "geometry": {"type": "Polygon", "coordinates": [[[-99.18262, 18.71927], [-99.182, 18.71924], [-99.18215, 18.71878], [-99.18249, 18.71888], [-99.18217, 18.71873], [-99.1823, 18.71835], [-99.18281, 18.71847], [-99.18262, 18.71927]]]}}, {"id": "1358423", "type": "Feature", "properties": {"id": "1358423", "CVEGEO": "170240116039A010", "POBTOT": 0.0, "score_nse": 0.0, "NSE": null, "VIVTOT": 0.0, "GRAPROES": 0.0, "_ent": "17", "_mun": "024", "_loc": "0116"}, "geometry": {"type": "Polygon", "coordinates": [[[-99.18769, 18.70639], [-99.18776, 18.70572], [-99.18759, 18.70566], [-99.18765, 18.70546], [-99.18756, 18.70565], [-99.18736, 18.70559], [-99.18763, 18.70483], [-99.1883, 18.70506], [-99.18828, 18.70539], [-99.18835, 18.70507], [-99.18877, 18.7052], [-99.18859, 18.7063], [-99.18769, 18.70639]]]}}, {"id": "1358424", "type": "Feature", "properties": {"id": "1358424", "CVEGEO": "1702400010281025", "POBTOT": 268.0, "score_nse": 53.3806, "NSE": "C-", "VIVTOT": 95.0, "GRAPROES": 9.51, "_ent": "17", "_mun": "024", "_loc": "0001"}, "geometry": {"type": "Polygon", "coordinates": [[[-99.11951, 18.67834], [-99.12032, 18.67853], [-99.12041, 18.67877], [-99.12017, 18.67878], [-99.12017, 18.67888], [-99.12041, 18.6788], [-99.12084, 18.67982], [-99.12043, 18.67973], [-99.12085, 18.67985], [-99.12097, 18.68004], [-99.12065, 18.67998], [-99.12106, 18.68017], [-99.12096, 18.68051], [-99.12034, 18.68033], [-99.12023, 18.67947], [-99.12028, 18.68029], [-99.11983, 18.68027], [-99.11975, 18.68069], [-99.11882, 18.68047], [-99.11912, 18.67942], [-99.11876, 18.68046], [-99.11813, 18.68031], [-99.11842, 18.67935], [-99.11883, 18.67947], [-99.11951, 18.67834]]]}}, {"id": "1358425", "type": "Feature", "properties": {"id": "1358425", "CVEGEO": "1702400010281033", "POBTOT": 0.0, "score_nse": 0.0, "NSE": null, "VIVTOT": 0.0, "GRAPROES": 0.0, "_ent": "17", "_mun": "024", "_loc": "0001"}, "geometry": {"type": "Polygon", "coordinates": [[[-99.11949, 18.67829], [-99.11995, 18.67754], [-99.12013, 18.67767], [-99.12012, 18.67815], [-99.12031, 18.67848], [-99.11949, 18.67829]]]}}, {"id": "1358426", "type": "Feature", "properties": {"id": "1358426", "CVEGEO": "1702400010296012", "POBTOT": 52.0, "score_nse": 49.4969, "NSE": "C-", "VIVTOT": 23.0, "GRAPROES": 8.23, "_ent": "17", "_mun": "024", "_loc": "0001"}, "geometry": {"type": "Polygon", "coordinates": [[[-99.12255, 18.69355], [-99.12268, 18.69668], [-99.12183, 18.69662], [-99.11996, 18.69624], [-99.12033, 18.69488], [-99.12088, 18.69492], [-99.12036, 18.69478], [-99.12056, 18.69414], [-99.12018, 18.69398], [-99.12048, 18.6932], [-99.12068, 18.69361], [-99.12153, 18.69393], [-99.12074, 18.69357], [-99.12052, 18.69309], [-99.1221, 18.69347], [-99.12203, 18.69376], [-99.12215, 18.69347], [-99.12255, 18.69355]]]}}, {"id": "1358427", "type": "Feature", "properties": {"id": "1358427", "CVEGEO": "1702400010309007", "POBTOT": 58.0, "score_nse": 0.0, "NSE": "ND", "VIVTOT": 21.0, "GRAPROES": 9.78, "_ent": "17", "_mun": "024", "_loc": "0001"}, "geometry": {"type": "Polygon", "coordinates": [[[-99.12013, 18.69082], [-99.12004, 18.69115], [-99.11939, 18.69098], [-99.11951, 18.69065], [-99.11898, 18.69039], [-99.11914, 18.69], [-99.12013, 18.69082]]]}}, {"id": "1358428", "type": "Feature", "properties": {"id": "1358428", "CVEGEO": "1702400010309031", "POBTOT": 0.0, "score_nse": 0.0, "NSE": null, "VIVTOT": 0.0, "GRAPROES": 0.0, "_ent": "17", "_mun": "024", "_loc": "0001"}, "geometry": {"type": "Polygon", "coordinates": [[[-99.11944, 18.69067], [-99.11932, 18.69097], [-99.11887, 18.69081], [-99.11897, 18.69045], [-99.11944, 18.69067]]]}}, {"id": "1358429", "type": "Feature", "properties": {"id": "1358429", "CVEGEO": "170240002039A022", "POBTOT": 0.0, "score_nse": 0.0, "NSE": null, "VIVTOT": 0.0, "GRAPROES": 0.0, "_ent": "17", "_mun": "024", "_loc": "0002"}, "geometry": {"type": "Polygon", "coordinates": [[[-99.15606, 18.71911], [-99.15519, 18.71849], [-99.15558, 18.718], [-99.1559, 18.71832], [-99.1556, 18.71795], [-99.15623, 18.71774], [-99.15676, 18.71831], [-99.15624, 18.71853], [-99.15619, 18.71874], [-99.15693, 18.71916], [-99.15646, 18.7196], [-99.15652, 18.71982], [-99.15706, 18.72007], [-99.15703, 18.72053], [-99.1572, 18.72068], [-99.15759, 18.72083], [-99.15794, 18.72071], [-99.15808, 18.72086], [-99.15759, 18.72142], [-99.15697, 18.72062], [-99.15649, 18.72093], [-99.15614, 18.72087], [-99.15614, 18.72027], [-99.15591, 18.71984], [-99.15606, 18.71911]]]}}, {"id": "1358430", "type": "Feature", "properties": {"id": "1358430", "CVEGEO": "1702400070525001", "POBTOT": 1.0, "score_nse": 0.0, "NSE": "ND", "VIVTOT": 1.0, "GRAPROES": 0.0, "_ent": "17", "_mun": "024", "_loc": "0007"}, "geometry": {"type": "Polygon", "coordinates": [[[-99.13303, 18.68236], [-99.135, 18.68112], [-99.13514, 18.68143], [-99.1341, 18.682], [-99.13516, 18.68148], [-99.13529, 18.68179], [-99.13465, 18.68219], [-99.13425, 18.68211], [-99.13385, 18.68224], [-99.13336, 18.68272], [-99.13303, 18.68236]]]}}, {"id": "1358431", "type": "Feature", "properties": {"id": "1358431", "CVEGEO": "170240009039A028", "POBTOT": 0.0, "score_nse": 0.0, "NSE": null, "VIVTOT": 0.0, "GRAPROES": 0.0, "_ent": "17", "_mun": "024", "_loc": "0009"}, "geometry": {"type": "Polygon", "coordinates": [[[-99.10493, 18.711], [-99.10451, 18.71106], [-99.10445, 18.71086], [-99.10593, 18.7104], [-99.10608, 18.71083], [-99.10544, 18.71102], [-99.10552, 18.7113], [-99.10461, 18.71147], [-99.10452, 18.71113], [-99.10493, 18.711]]]}}, {"id": "1358432", "type": "Feature", "properties": {"id": "1358432", "CVEGEO": "170240011039A036", "POBTOT": 0.0, "score_nse": 0.0, "NSE": null, "VIVTOT": 0.0, "GRAPROES": 0.0, "_ent": "17", "_mun": "024", "_loc": "0011"}, "geometry": {"type": "Polygon", "coordinates": [[[-99.16068, 18.72727], [-99.15825, 18.7263], [-99.15948, 18.72652], [-99.16035, 18.72568], [-99.16005, 18.72558], [-99.16006, 18.72494], [-99.16088, 18.72519], [-99.16082, 18.72542], [-99.16107, 18.72585], [-99.16068, 18.72727]]]}}, {"id": "1358433", "type": "Feature", "properties": {"id": "1358433", "CVEGEO": "170240011039A045", "POBTOT": 0.0, "score_nse": 0.0, "NSE": null, "VIVTOT": 0.0, "GRAPROES": 0.0, "_ent": "17", "_mun": "024", "_loc": "0011"}, "geometry": {"type": "Polygon", "coordinates": [[[-99.16103, 18.72636], [-99.16117, 18.72584], [-99.16199, 18.72588], [-99.1619, 18.72639], [-99.16103, 18.72636]]]}}, {"id": "1358434", "type": "Feature", "properties": {"id": "1358434", "CVEGEO": "1702400120099009", "POBTOT": 26.0, "score_nse": 0.0, "NSE": "ND", "VIVTOT": 9.0, "GRAPROES": 7.59, "_ent": "17", "_mun": "024", "_loc": "0012"}, "geometry": {"type": "Polygon", "coordinates": [[[-99.12211, 18.76336], [-99.12184, 18.7642], [-99.12169, 18.76512], [-99.12156, 18.76509], [-99.12193, 18.76331], [-99.12211, 18.76336]]]}}, {"id": "1358435", "type": "Feature", "properties": {"id": "1358435", "CVEGEO": "1702400120101005", "POBTOT": 0.0, "score_nse": 0.0, "NSE": null, "VIVTOT": 0.0, "GRAPROES": 0.0, "_ent": "17", "_mun": "024", "_loc": "0012"}, "geometry": {"type": "Polygon", "coordinates": [[[-99.12468, 18.76407], [-99.12464, 18.76373], [-99.12476, 18.76374], [-99.12468, 18.76407]]]}}, {"id": "1358436", "type": "Feature", "properties": {"id": "1358436", "CVEGEO": "1702400120101008", "POBTOT": 7.0, "score_nse": 0.0, "NSE": "ND", "VIVTOT": 4.0, "GRAPROES": 9.4, "_ent": "17", "_mun": "024", "_loc": "0012"}, "geometry": {"type": "Polygon", "coordinates": [[[-99.12474, 18.76409], [-99.12487, 18.76336], [-99.12552, 18.76367], [-99.12522, 18.76428], [-99.12474, 18.76409]]]}}, {"id": "1358437", "type": "Feature", "properties": {"id": "1358437", "CVEGEO": "1702400120116036", "POBTOT": 63.0, "score_nse": 0.0, "NSE": "ND", "VIVTOT": 24.0, "GRAPROES": 8.65, "_ent": "17", "_mun": "024", "_loc": "0012"}, "geometry": {"type": "Polygon", "coordinates": [[[-99.12627, 18.75879], [-99.12594, 18.75778], [-99.12644, 18.75791], [-99.12635, 18.75844], [-99.1276, 18.75852], [-99.12741, 18.75819], [-99.12896, 18.75865], [-99.12857, 18.75948], [-99.12742, 18.76004], [-99.1262, 18.75987], [-99.12636, 18.7589], [-99.12658, 18.75891], [-99.12627, 18.75879]]]}}, {"id": "1358438", "type": "Feature", "properties": {"id": "1358438", "CVEGEO": "1702400130328029", "POBTOT": 240.0, "score_nse": 49.8287, "NSE": "C-", "VIVTOT": 84.0, "GRAPROES": 8.98, "_ent": "17", "_mun": "024", "_loc": "0013"}, "geometry": {"type": "Polygon", "coordinates": [[[-99.18883, 18.67635], [-99.18785, 18.67706], [-99.18784, 18.6778], [-99.18714, 18.67791], [-99.18679, 18.67734], [-99.18726, 18.67723], [-99.18725, 18.67715], [-99.18678, 18.67732], [-99.18641, 18.67708], [-99.1866, 18.67668], [-99.18629, 18.67645], [-99.18658, 18.67602], [-99.18677, 18.67627], [-99.18662, 18.67597], [-99.18683, 18.67573], [-99.18707, 18.67629], [-99.18685, 18.67556], [-99.18706, 18.67544], [-99.18736, 18.67574], [-99.18707, 18.67542], [-99.18722, 18.67532], [-99.18796, 18.67593], [-99.18763, 18.67648], [-99.1872, 18.67631], [-99.18761, 18.67653], [-99.18741, 18.67691], [-99.18762, 18.67699], [-99.18746, 18.6769], [-99.188, 18.67596], [-99.18853, 18.67622], [-99.18796, 18.67667], [-99.18858, 18.67624], [-99.18883, 18.67635]]]}}, {"id": "1358439", "type": "Feature", "properties": {"id": "1358439", "CVEGEO": "1702400130328030", "POBTOT": 0.0, "score_nse": 0.0, "NSE": null, "VIVTOT": 0.0, "GRAPROES": 0.0, "_ent": "17", "_mun": "024", "_loc": "0013"}, "geometry": {"type": "Polygon", "coordinates": [[[-99.18915, 18.67622], [-99.18887, 18.67631], [-99.18861, 18.67618], [-99.18889, 18.67571], [-99.18919, 18.67585], [-99.18915, 18.67622]]]}}, {"id": "1358440", "type": "Feature", "properties": {"id": "1358440", "CVEGEO": "1702400130421002", "POBTOT": 111.0, "score_nse": 0.0, "NSE": "ND", "VIVTOT": 47.0, "GRAPROES": 10.54, "_ent": "17", "_mun": "024", "_loc": "0013"}, "geometry": {"type": "Polygon", "coordinates": [[[-99.18304, 18.71645], [-99.18486, 18.71667], [-99.18349, 18.71647], [-99.18343, 18.71557], [-99.18469, 18.71562], [-99.18612, 18.71591], [-99.18631, 18.71657], [-99.18618, 18.71766], [-99.18572, 18.71754], [-99.1858, 18.71737], [-99.18608, 18.71739], [-99.18557, 18.71727], [-99.1857, 18.7169], [-99.18602, 18.71699], [-99.18571, 18.71685], [-99.18577, 18.7165], [-99.18565, 18.71684], [-99.18497, 18.71677], [-99.18564, 18.71689], [-99.18553, 18.71726], [-99.18503, 18.7172], [-99.18496, 18.71738], [-99.18411, 18.71725], [-99.18416, 18.71705], [-99.18378, 18.71758], [-99.18348, 18.71771], [-99.18313, 18.71683], [-99.18356, 18.71678], [-99.18359, 18.7173], [-99.18359, 18.71675], [-99.18312, 18.7168], [-99.18304, 18.71645]]]}}, {"id": "1358441", "type": "Feature", "properties": {"id": "1358441", "CVEGEO": "1702400130421011", "POBTOT": 46.0, "score_nse": 59.854, "NSE": "C", "VIVTOT": 16.0, "GRAPROES": 12.26, "_ent": "17", "_mun": "024", "_loc": "0013"}, "geometry": {"type": "Polygon", "coordinates": [[[-99.18024, 18.71694], [-99.17987, 18.71798], [-99.17921, 18.71793], [-99.17947, 18.71672], [-99.18024, 18.71694]]]}}, {"id": "1358442", "type": "Feature", "properties": {"id": "1358442", "CVEGEO": "1702400130421038", "POBTOT": 0.0, "score_nse": 0.0, "NSE": null, "VIVTOT": 0.0, "GRAPROES": 0.0, "_ent": "17", "_mun": "024", "_loc": "0013"}, "geometry": {"type": "Polygon", "coordinates": [[[-99.17971, 18.71654], [-99.18032, 18.71673], [-99.18026, 18.71689], [-99.17949, 18.71667], [-99.17971, 18.71654]]]}}, {"id": "1358443", "type": "Feature", "properties": {"id": "1358443", "CVEGEO": "1702400130436007", "POBTOT": 239.0, "score_nse": 46.9752, "NSE": "C-", "VIVTOT": 76.0, "GRAPROES": 8.43, "_ent": "17", "_mun": "024", "_loc": "0013"}, "geometry": {"type": "Polygon", "coordinates": [[[-99.17913, 18.70836], [-99.18104, 18.70858], [-99.18122, 18.70829], [-99.18163, 18.70918], [-99.17941, 18.70906], [-99.17938, 18.70932], [-99.17947, 18.70915], [-99.18064, 18.70924], [-99.18061, 18.70986], [-99.1801, 18.7099], [-99.1814, 18.70995], [-99.18147, 18.70968], [-99.18131, 18.70926], [-99.18166, 18.70923], [-99.1823, 18.7107], [-99.18207, 18.71112], [-99.1812, 18.71096], [-99.18117, 18.7107], [-99.18146, 18.71051], [-99.18114, 18.71068], [-99.18113, 18.71093], [-99.18042, 18.71135], [-99.18011, 18.71056], [-99.18074, 18.71038], [-99.18057, 18.71037], [-99.17947, 18.71076], [-99.1794, 18.71042], [-99.17944, 18.71077], [-99.17899, 18.71093], [-99.17886, 18.70876], [-99.17913, 18.70836]]]}}, {"id": "1358444", "type": "Feature", "properties": {"id": "1358444", "CVEGEO": "1702400130436036", "POBTOT": 0.0, "score_nse": 0.0, "NSE": null, "VIVTOT": 0.0, "GRAPROES": 0.0, "_ent": "17", "_mun": "024", "_loc": "0013"}, "geometry": {"type": "Polygon", "coordinates": [[[-99.18137, 18.70991], [-99.18067, 18.70987], [-99.18069, 18.70925], [-99.18126, 18.70926], [-99.18137, 18.70991]]]}}, {"id": "1358445", "type": "Feature", "properties": {"id": "1358445", "CVEGEO": "170240080039A001", "POBTOT": 0.0, "score_nse": 0.0, "NSE": null, "VIVTOT": 0.0, "GRAPROES": 0.0, "_ent": "17", "_mun": "024", "_loc": "0080"}, "geometry": {"type": "Polygon", "coordinates": [[[-99.13614, 18.71092], [-99.13643, 18.71073], [-99.1373, 18.71171], [-99.13705, 18.71196], [-99.13614, 18.71092]]]}}, {"id": "1358446", "type": "Feature", "properties": {"id": "1358446", "CVEGEO": "170240080039A012", "POBTOT": 0.0, "score_nse": 0.0, "NSE": null, "VIVTOT": 0.0, "GRAPROES": 0.0, "_ent": "17", "_mun": "024", "_loc": "0080"}, "geometry": {"type": "Polygon", "coordinates": [[[-99.13583, 18.71112], [-99.13606, 18.71096], [-99.13698, 18.71201], [-99.13684, 18.71216], [-99.13639, 18.71209], [-99.13583, 18.71112]]]}}, {"id": "1358447", "type": "Feature", "properties": {"id": "1358447", "CVEGEO": "170240081039A024", "POBTOT": 0.0, "score_nse": 0.0, "NSE": null, "VIVTOT": 0.0, "GRAPROES": 0.0, "_ent": "17", "_mun": "024", "_loc": "0081"}, "geometry": {"type": "Polygon", "coordinates": [[[-99.11359, 18.71065], [-99.11397, 18.71052], [-99.11446, 18.71184], [-99.11412, 18.71195], [-99.11359, 18.71065]]]}}, {"id": "1358448", "type": "Feature", "properties": {"id": "1358448", "CVEGEO": "170240010039A023", "POBTOT": 0.0, "score_nse": 0.0, "NSE": null, "VIVTOT": 0.0, "GRAPROES": 0.0, "_ent": "17", "_mun": "024", "_loc": "0010"}, "geometry": {"type": "Polygon", "coordinates": [[[-99.14672, 18.69982], [-99.14766, 18.69962], [-99.14734, 18.70055], [-99.14672, 18.69982]]]}}, {"id": "1358449", "type": "Feature", "properties": {"id": "1358449", "CVEGEO": "170240114039A018", "POBTOT": 0.0, "score_nse": 0.0, "NSE": null, "VIVTOT": 0.0, "GRAPROES": 0.0, "_ent": "17", "_mun": "024", "_loc": "0114"}, "geometry": {"type": "Polygon", "coordinates": [[[-99.1869, 18.71147], [-99.18728, 18.71158], [-99.18748, 18.71206], [-99.18737, 18.7129], [-99.18689, 18.71285], [-99.187, 18.71193], [-99.1869, 18.71147]]]}}, {"id": "1358450", "type": "Feature", "properties": {"id": "1358450", "CVEGEO": "170240116039A016", "POBTOT": 0.0, "score_nse": 0.0, "NSE": null, "VIVTOT": 0.0, "GRAPROES": 0.0, "_ent": "17", "_mun": "024", "_loc": "0116"}, "geometry": {"type": "Polygon", "coordinates": [[[-99.18859, 18.7051], [-99.18874, 18.70431], [-99.18898, 18.70427], [-99.18926, 18.70476], [-99.1892, 18.70503], [-99.18897, 18.70524], [-99.18859, 18.7051]]]}}, {"id": "1358451", "type": "Feature", "properties": {"id": "1358451", "CVEGEO": "170240125039A007", "POBTOT": 0.0, "score_nse": 0.0, "NSE": null, "VIVTOT": 0.0, "GRAPROES": 0.0, "_ent": "17", "_mun": "024", "_loc": "0125"}, "geometry": {"type": "Polygon", "coordinates": [[[-99.13556, 18.67498], [-99.13477, 18.67495], [-99.13487, 18.67448], [-99.13557, 18.67449], [-99.13556, 18.67498]]]}}, {"id": "1358452", "type": "Feature", "properties": {"id": "1358452", "CVEGEO": "170240125039A008", "POBTOT": 0.0, "score_nse": 0.0, "NSE": null, "VIVTOT": 0.0, "GRAPROES": 0.0, "_ent": "17", "_mun": "024", "_loc": "0125"}, "geometry": {"type": "Polygon", "coordinates": [[[-99.13472, 18.67488], [-99.13404, 18.67435], [-99.13413, 18.67354], [-99.13498, 18.67368], [-99.13472, 18.67488]]]}}, {"id": "1358453", "type": "Feature", "properties": {"id": "1358453", "CVEGEO": "170240125039A009", "POBTOT": 0.0, "score_nse": 0.0, "NSE": null, "VIVTOT": 0.0, "GRAPROES": 0.0, "_ent": "17", "_mun": "024", "_loc": "0125"}, "geometry": {"type": "Polygon", "coordinates": [[[-99.13389, 18.67435], [-99.13341, 18.67435], [-99.1335, 18.67358], [-99.13409, 18.67342], [-99.13389, 18.67435]]]}}, {"id": "1358454", "type": "Feature", "properties": {"id": "1358454", "CVEGEO": "1702400890135014", "POBTOT": 0.0, "score_nse": 0.0, "NSE": null, "VIVTOT": 0.0, "GRAPROES": 0.0, "_ent": "17", "_mun": "024", "_loc": "0089"}, "geometry": {"type": "Polygon", "coordinates": [[[-99.10641, 18.74546], [-99.10813, 18.74618], [-99.10788, 18.74669], [-99.10625, 18.746], [-99.10641, 18.74546]]]}}, {"id": "1358455", "type": "Feature", "properties": {"id": "1358455", "CVEGEO": "1702400890135015", "POBTOT": 0.0, "score_nse": 0.0, "NSE": null, "VIVTOT": 0.0, "GRAPROES": 0.0, "_ent": "17", "_mun": "024", "_loc": "0089"}, "geometry": {"type": "Polygon", "coordinates": [[[-99.10636, 18.74543], [-99.10618, 18.74599], [-99.10274, 18.74448], [-99.10318, 18.74403], [-99.10636, 18.74543]]]}}, {"id": "1358456", "type": "Feature", "properties": {"id": "1358456", "CVEGEO": "1702400890135016", "POBTOT": 0.0, "score_nse": 0.0, "NSE": null, "VIVTOT": 0.0, "GRAPROES": 0.0, "_ent": "17", "_mun": "024", "_loc": "0089"}, "geometry": {"type": "Polygon", "coordinates": [[[-99.10641, 18.74537], [-99.10645, 18.74466], [-99.10844, 18.74549], [-99.10825, 18.74615], [-99.10641, 18.74537]]]}}, {"id": "1358457", "type": "Feature", "properties": {"id": "1358457", "CVEGEO": "1702400890135017", "POBTOT": 0.0, "score_nse": 0.0, "NSE": null, "VIVTOT": 0.0, "GRAPROES": 0.0, "_ent": "17", "_mun": "024", "_loc": "0089"}, "geometry": {"type": "Polygon", "coordinates": [[[-99.1066, 18.74393], [-99.10922, 18.74506], [-99.10903, 18.74565], [-99.10645, 18.74455], [-99.1066, 18.74393]]]}}, {"id": "1358458", "type": "Feature", "properties": {"id": "1358458", "CVEGEO": "1702400890135018", "POBTOT": 0.0, "score_nse": 0.0, "NSE": null, "VIVTOT": 0.0, "GRAPROES": 0.0, "_ent": "17", "_mun": "024", "_loc": "0089"}, "geometry": {"type": "Polygon", "coordinates": [[[-99.10926, 18.74494], [-99.10664, 18.74382], [-99.10681, 18.74318], [-99.10853, 18.74394], [-99.10922, 18.74443], [-99.10926, 18.74494]]]}}, {"id": "1358459", "type": "Feature", "properties": {"id": "1358459", "CVEGEO": "1702400890135019", "POBTOT": 0.0, "score_nse": 0.0, "NSE": null, "VIVTOT": 0.0, "GRAPROES": 0.0, "_ent": "17", "_mun": "024", "_loc": "0089"}, "geometry": {"type": "Polygon", "coordinates": [[[-99.10463, 18.7446], [-99.10407, 18.74291], [-99.10468, 18.74218], [-99.10524, 18.74414], [-99.10636, 18.74462], [-99.10635, 18.74534], [-99.10463, 18.7446]]]}}, {"id": "1358460", "type": "Feature", "properties": {"id": "1358460", "CVEGEO": "1702400890135020", "POBTOT": 0.0, "score_nse": 0.0, "NSE": null, "VIVTOT": 0.0, "GRAPROES": 0.0, "_ent": "17", "_mun": "024", "_loc": "0089"}, "geometry": {"type": "Polygon", "coordinates": [[[-99.10454, 18.74454], [-99.1033, 18.74397], [-99.10401, 18.74308], [-99.10407, 18.74311], [-99.10454, 18.74454]]]}}, {"id": "1358461", "type": "Feature", "properties": {"id": "1358461", "CVEGEO": "1702400890135021", "POBTOT": 0.0, "score_nse": 0.0, "NSE": null, "VIVTOT": 0.0, "GRAPROES": 0.0, "_ent": "17", "_mun": "024", "_loc": "0089"}, "geometry": {"type": "Polygon", "coordinates": [[[-99.10558, 18.74641], [-99.10624, 18.74608], [-99.10778, 18.74674], [-99.10744, 18.74721], [-99.10558, 18.74641]]]}}, {"id": "1358462", "type": "Feature", "properties": {"id": "1358462", "CVEGEO": "1702400060154012", "POBTOT": 0.0, "score_nse": 0.0, "NSE": null, "VIVTOT": 0.0, "GRAPROES": 0.0, "_ent": "17", "_mun": "024", "_loc": "0006"}, "geometry": {"type": "Polygon", "coordinates": [[[-99.04197, 18.5808], [-99.04233, 18.58073], [-99.04278, 18.58102], [-99.04235, 18.58164], [-99.04157, 18.58119], [-99.04197, 18.5808]]]}}, {"id": "1358463", "type": "Feature", "properties": {"id": "1358463", "CVEGEO": "1702400060154017", "POBTOT": 0.0, "score_nse": 0.0, "NSE": null, "VIVTOT": 0.0, "GRAPROES": 0.0, "_ent": "17", "_mun": "024", "_loc": "0006"}, "geometry": {"type": "Polygon", "coordinates": [[[-99.04562, 18.58269], [-99.04604, 18.58208], [-99.04703, 18.58276], [-99.04656, 18.58326], [-99.04562, 18.58269]]]}}, {"id": "1358464", "type": "Feature", "properties": {"id": "1358464", "CVEGEO": "1702400060154027", "POBTOT": 0.0, "score_nse": 0.0, "NSE": null, "VIVTOT": 0.0, "GRAPROES": 0.0, "_ent": "17", "_mun": "024", "_loc": "0006"}, "geometry": {"type": "Polygon", "coordinates": [[[-99.04723, 18.58195], [-99.04713, 18.58185], [-99.04672, 18.58241], [-99.04608, 18.58203], [-99.0467, 18.58111], [-99.04706, 18.5814], [-99.04723, 18.58195]]]}}, {"id": "1358465", "type": "Feature", "properties": {"id": "1358465", "CVEGEO": "1702400060154029", "POBTOT": 0.0, "score_nse": 0.0, "NSE": null, "VIVTOT": 0.0, "GRAPROES": 0.0, "_ent": "17", "_mun": "024", "_loc": "0006"}, "geometry": {"type": "Polygon", "coordinates": [[[-99.04714, 18.58189], [-99.04721, 18.58236], [-99.0471, 18.58264], [-99.04675, 18.58242], [-99.04714, 18.58189]]]}}, {"id": "1358466", "type": "Feature", "properties": {"id": "1358466", "CVEGEO": "1702400160154018", "POBTOT": 0.0, "score_nse": 0.0, "NSE": null, "VIVTOT": 0.0, "GRAPROES": 0.0, "_ent": "17", "_mun": "024", "_loc": "0016"}, "geometry": {"type": "Polygon", "coordinates": [[[-99.00572, 18.64337], [-99.00544, 18.64326], [-99.00566, 18.64247], [-99.00595, 18.64256], [-99.00568, 18.64242], [-99.00588, 18.64172], [-99.00649, 18.64184], [-99.00589, 18.64166], [-99.00612, 18.64091], [-99.00668, 18.64099], [-99.00612, 18.64084], [-99.00632, 18.64008], [-99.00713, 18.64028], [-99.00686, 18.64142], [-99.00716, 18.6403], [-99.0079, 18.64046], [-99.00743, 18.64215], [-99.00704, 18.64202], [-99.00689, 18.64238], [-99.00651, 18.64225], [-99.00688, 18.64242], [-99.00663, 18.64296], [-99.00575, 18.64417], [-99.00524, 18.64405], [-99.00543, 18.64331], [-99.00572, 18.64337]]]}}, {"id": "1358467", "type": "Feature", "properties": {"id": "1358467", "CVEGEO": "1702400160154026", "POBTOT": 0.0, "score_nse": 0.0, "NSE": null, "VIVTOT": 0.0, "GRAPROES": 0.0, "_ent": "17", "_mun": "024", "_loc": "0016"}, "geometry": {"type": "Polygon", "coordinates": [[[-99.00183, 18.64063], [-99.00152, 18.63976], [-99.00158, 18.63923], [-99.00216, 18.63911], [-99.00288, 18.6392], [-99.00277, 18.63966], [-99.00273, 18.63959], [-99.00237, 18.6395], [-99.00275, 18.6397], [-99.00249, 18.64075], [-99.00183, 18.64063]]]}}, {"id": "1358468", "type": "Feature", "properties": {"id": "1358468", "CVEGEO": "1702400160154037", "POBTOT": 0.0, "score_nse": 0.0, "NSE": null, "VIVTOT": 0.0, "GRAPROES": 0.0, "_ent": "17", "_mun": "024", "_loc": "0016"}, "geometry": {"type": "Polygon", "coordinates": [[[-99.00688, 18.64353], [-99.00634, 18.64348], [-99.00676, 18.64284], [-99.00717, 18.64294], [-99.00688, 18.64353]]]}}, {"id": "1358469", "type": "Feature", "properties": {"id": "1358469", "CVEGEO": "1702400160154057", "POBTOT": 0.0, "score_nse": 0.0, "NSE": null, "VIVTOT": 0.0, "GRAPROES": 0.0, "_ent": "17", "_mun": "024", "_loc": "0016"}, "geometry": {"type": "Polygon", "coordinates": [[[-99.00856, 18.63813], [-99.00816, 18.63774], [-99.00823, 18.63675], [-99.00962, 18.63702], [-99.00939, 18.63808], [-99.00856, 18.63813]]]}}, {"id": "1358470", "type": "Feature", "properties": {"id": "1358470", "CVEGEO": "1702400060154020", "POBTOT": 0.0, "score_nse": 0.0, "NSE": null, "VIVTOT": 0.0, "GRAPROES": 0.0, "_ent": "17", "_mun": "024", "_loc": "0006"}, "geometry": {"type": "Polygon", "coordinates": [[[-99.04292, 18.58465], [-99.04217, 18.58486], [-99.04186, 18.58473], [-99.04196, 18.58451], [-99.04161, 18.58432], [-99.04217, 18.58351], [-99.04312, 18.5841], [-99.0429, 18.58439], [-99.04292, 18.58465]]]}}, {"id": "1358471", "type": "Feature", "properties": {"id": "1358471", "CVEGEO": "1702400060154019", "POBTOT": 0.0, "score_nse": 0.0, "NSE": null, "VIVTOT": 0.0, "GRAPROES": 0.0, "_ent": "17", "_mun": "024", "_loc": "0006"}, "geometry": {"type": "Polygon", "coordinates": [[[-99.0447, 18.58404], [-99.04512, 18.58343], [-99.04561, 18.58371], [-99.04568, 18.58404], [-99.04592, 18.58426], [-99.04558, 18.58462], [-99.0447, 18.58404]]]}}, {"id": "1358472", "type": "Feature", "properties": {"id": "1358472", "CVEGEO": "1702400060154009", "POBTOT": 0.0, "score_nse": 0.0, "NSE": null, "VIVTOT": 0.0, "GRAPROES": 0.0, "_ent": "17", "_mun": "024", "_loc": "0006"}, "geometry": {"type": "Polygon", "coordinates": [[[-99.04148, 18.58302], [-99.04193, 18.5824], [-99.04258, 18.58279], [-99.04216, 18.58342], [-99.04148, 18.58302]]]}}, {"id": "1358473", "type": "Feature", "properties": {"id": "1358473", "CVEGEO": "1702400060154011", "POBTOT": 0.0, "score_nse": 0.0, "NSE": null, "VIVTOT": 0.0, "GRAPROES": 0.0, "_ent": "17", "_mun": "024", "_loc": "0006"}, "geometry": {"type": "Polygon", "coordinates": [[[-99.04121, 18.58189], [-99.04153, 18.58124], [-99.04233, 18.58169], [-99.0419, 18.58231], [-99.04121, 18.58189]]]}}, {"id": "1358474", "type": "Feature", "properties": {"id": "1358474", "CVEGEO": "1702400160154059", "POBTOT": 0.0, "score_nse": 0.0, "NSE": null, "VIVTOT": 0.0, "GRAPROES": 0.0, "_ent": "17", "_mun": "024", "_loc": "0016"}, "geometry": {"type": "Polygon", "coordinates": [[[-99.00908, 18.63873], [-99.00935, 18.63815], [-99.01009, 18.63811], [-99.00971, 18.63887], [-99.00908, 18.63873]]]}}, {"id": "1358475", "type": "Feature", "properties": {"id": "1358475", "CVEGEO": "1702400160154029", "POBTOT": 0.0, "score_nse": 0.0, "NSE": null, "VIVTOT": 0.0, "GRAPROES": 0.0, "_ent": "17", "_mun": "024", "_loc": "0016"}, "geometry": {"type": "Polygon", "coordinates": [[[-99.00426, 18.63785], [-99.00507, 18.63764], [-99.00545, 18.63734], [-99.00621, 18.63707], [-99.00547, 18.63736], [-99.00624, 18.63724], [-99.00589, 18.63819], [-99.00506, 18.63798], [-99.00483, 18.63877], [-99.00404, 18.63858], [-99.00426, 18.63785]]]}}, {"id": "1358476", "type": "Feature", "properties": {"id": "1358476", "CVEGEO": "1702400160154028", "POBTOT": 0.0, "score_nse": 0.0, "NSE": null, "VIVTOT": 0.0, "GRAPROES": 0.0, "_ent": "17", "_mun": "024", "_loc": "0016"}, "geometry": {"type": "Polygon", "coordinates": [[[-99.00399, 18.63863], [-99.00363, 18.63807], [-99.00422, 18.63786], [-99.00399, 18.63863]]]}}, {"id": "1358477", "type": "Feature", "properties": {"id": "1358477", "CVEGEO": "1702400160154012", "POBTOT": 0.0, "score_nse": 0.0, "NSE": null, "VIVTOT": 0.0, "GRAPROES": 0.0, "_ent": "17", "_mun": "024", "_loc": "0016"}, "geometry": {"type": "Polygon", "coordinates": [[[-99.00276, 18.63991], [-99.00292, 18.63921], [-99.00374, 18.63943], [-99.00353, 18.64016], [-99.00276, 18.63991]]]}}]}